0,0,0,0,0,0,0
-1.29143424845779,-0.769041387880606,-0.342380135033886,-0.0868907606423893,0.0125692790967637,0.0209976903062598,0.00545402416757629
-2.58309450581959,-1.53858186226493,-0.685345836902193,-0.174262732370124,0.0248601504815198,0.0418948687609228,0.0108933944164024
-3.87530849146243,-2.30918048358564,-1.02950886688183,-0.26260353529195,0.0365952028359663,0.0625925379995937,0.0163038327988599
-5.16831370620044,-3.08134139083695,-1.37545551245903,-0.352393837155713,0.0474961677922639,0.0829899574729024,0.021670573128932
-6.46237065601855,-3.85558062447264,-1.72377581796647,-0.444114515404362,0.0572850453971896,0.102986351896277,0.0269787862444522
-7.7577349656886,-4.6324089205491,-2.07505540123468,-0.538244315670653,0.065683864715954,0.122480328235389,0.0322134091825231
-9.05466076758196,-5.4123331412903,-2.42987557162745,-0.63525961352542,0.0724147548592784,0.141369804063566,0.0373591063837913
-10.3533990505185,-6.19585470893341,-2.78881210977975,-0.73563382519164,0.0771999788694629,0.159551857823261,0.0424002091323058
-11.6541975076937,-6.98346895198716,-3.15243445955227,-0.839836912773073,0.0797619993461423,0.176922614330762,0.0473206633958742
-12.9572997787041,-7.77566409317226,-3.52130475360931,-0.948334834698883,0.0798235484318601,0.193377120239539,0.0521039724731124
-14.2629451495734,-8.57292053197969,-3.89597697595444,-1.06158901834444,0.0771077221738314,0.208809238349877,0.056733143126908
-15.571367819634,-9.37570988355997,-4.27699601536753,-1.18005578941388,0.0713380899868613,0.223111542749115,0.0611906295775266
-16.8827966462397,-10.1844943239236,-4.66489686057859,-1.3041858248343,0.0622388271445565,0.236175230178282,0.0654582793545519
-18.1974546641854,-10.9997258223616,-5.06020374939031,-1.43442357894484,0.0495348665789469,0.247890037670221,0.0695172781081355
-19.5155585371869,-11.8218453571572,-5.46342931626041,-1.57120669448013,0.0329520723831858,0.258144169732563,0.0733480940133844
-20.8373183013678,-12.6512823349332,-5.87507384206221,-1.71496542856255,0.0122174362947933,0.266824240544737,0.0769304231032667
-22.1629368307872,-13.4884538720374,-6.29562445165776,-1.86612205128818,-0.0129407045306746,0.273815223870223,0.0802431333161012
-23.4926095833882,-14.333764278527,-6.72555441910008,-2.02509026399235,-0.0427924273812804,0.279000418754841,0.0832642093913091
-24.8265241739247,-15.1876044728067,-7.16532245793871,-2.19227460392388,-0.0776059628489681,0.282261425505838,0.0859706969522325
-26.164860110481,-16.0503515340963,-7.61537209632892,-2.36806986683729,-0.117647413424716,0.283478136769891,0.0883386471261088
-27.5077883457346,-16.922368182421,-8.07613104180617,-2.55286052148852,-0.163180452332308,0.282528740126906,0.0903430606510951
-28.8554712081023,-17.8040025349088,-8.54801070460975,-2.74702017121405,-0.21446600627281,0.279289739066731,0.0919578336916645
-30.2080619269353,-18.6955876589332,-9.03140565626334,-2.95091099680332,-0.271761920584532,0.273635984381742,0.0931557030988567
-31.5657045285131,-19.5974414011062,-9.52669325506328,-3.16488325668962,-0.335322612577353,0.265440725100798,0.0939081943058728
-32.9285335759297,-20.5098661704618,-10.0342332896123,-3.38927480193645,-0.405398712730075,0.25457567424009,0.0941855708532521
-34.2966739662127,-21.4331488084175,-10.554367707433,-3.62441063118252,-0.482236697219203,0.24091109278302,0.093956787268152
-35.6702407531645,-22.3675605274714,-11.0874204240306,-3.87060248854385,-0.566078514244114,0.224315892890238,0.093189446473768
-37.0493390769357,-23.3133569704451,-11.6336972418904,-4.12814851921255,-0.657161208183078,0.20465776245826,0.0918497635489243
-38.4340639563083,-24.2707782376954,-12.1934858071516,-4.39733296187786,-0.755716540326944,0.181803311501593,0.0899025371992512
-39.8245002163628,-25.2400490522457,-12.7670556901901,-4.67842591143469,-0.861970612068319,0.155618244925343,0.0873111321714196
-41.2207224545986,-26.2213790016856,-13.3546585623925,-4.97168314641659,-0.976143491322979,0.125967564025429,0.08403747530567
-42.6227949132484,-27.2149627704806,-13.956528425843,-5.27734600763623,-1.09844883974996,0.0927158003881127,0.0800420685689621
-44.0307714925679,-28.220980507886,-14.5728819684953,-5.59564135593754,-1.22909354511687,0.0557272882920353,0.0752840239061681
-45.4446956784881,-29.2395981827569,-15.2039189669667,-5.92678158032392,-1.36827735149761,0.0148664811382814,0.0697211245014019
-46.8646005661496,-30.2709680339706,-15.8498227875918,-6.2709646731742,-1.51619248694763,-0.0300016795805827,0.0633099187740092
-48.290508853178,-31.3152290268606,-16.5107609322398,-6.62837434754681,-1.67302327767871,-0.0790113331723609,0.0560058537744976
-49.7224327894525,-32.372507294083,-17.1868856056103,-6.99918017853583,-1.83894573552463,-0.132295193772114,0.0477634559928411
-51.1603741446228,-33.4429165838863,-17.878334299715,-7.38353775384625,-2.01412710271477,-0.189983953868694,0.0385365688187663
-52.6043241745104,-34.5265586824808,-18.5852303563872,-7.7815887995315,-2.1987253288063,-0.252205578036919,0.0282786569757225
-54.0542636003086,-35.6235237920795,-19.3076834692501,-8.19346123983676,-2.39288844689642,-0.319084462969264,0.0169431895828084
-55.5101622192763,-36.733890576828,-20.045789930984,-8.61926907479393,-2.59675378693706,-0.390740431552923,0.00448411478331004
-56.971978797886,-37.8577262561734,-20.7996327800367,-9.05911209428345,-2.81044699339845,-0.467287526737996,-0.00914355917461607
-58.4396605158162,-38.9950862035619,-21.5692814901926,-9.51307521942934,-3.03408073895053,-0.548832555624181,-0.0239830608298583
-59.9131422252506,-40.1460131433973,-22.3547911695589,-9.98122737969047,-3.26775304473716,-0.63547332796284,-0.0400750126898538
-61.3923453735831,-41.3105357442788,-23.1562010556437,-10.4636197387523,-3.51154507494421,-0.727296519194465,-0.0574564299122393
-62.8771764270582,-42.4886663710186,-23.9735320469864,-10.9602830379351,-3.76551824100816,-0.82437507323783,-0.076159540315661
-64.3675246826699,-43.6803977580528,-24.8067829817328,-11.4712237857424,-4.02971041786201,-0.926765044530714,-0.0962104044969383
-65.8632590702937,-44.8856981345992,-25.6559252080779,-11.9964189170704,-4.30413101743821,-1.03450175733611,-0.117627313731528
-67.3642238571168,-46.1045044948651,-26.5208950440134,-12.5358085367678,-4.58875463871621,-1.14759514538467,-0.140418943343784
-68.8702328465438,-47.3367134405858,-27.4015835331853,-13.0892862424852,-4.88351295064662,-1.2660241132829,-0.164582239471837
-70.381061472505,-48.5821688359463,-28.2978227527388,-13.6566864179605,-5.18828440669145,-1.38972974169037,-0.190100018201736
-71.8964364242007,-49.8406456196672,-29.2093679498057,-14.2377678706011,-5.50288136941277,-1.51860715226955,-0.216938259717478
-73.4160222042942,-51.1118289138123,-30.1358746373978,-14.8321931036599,-5.82703419025059,-1.65249584644467,-0.24504308560482
-74.9394037061974,-52.3952873157253,-31.0768696207198,-15.4395024382922,-6.16037177345969,-1.79116834335178,-0.274337415807874
-76.466064478742,-53.6904396609733,-32.0317151803577,-16.0590823581093,-6.50239825127664,-1.93431699925539,-0.304717318081571
-77.9953593537323,-54.9965139003905,-32.9995653261544,-16.6901273709374,-6.85246543792665,-2.08153895037969,-0.336048081311472
-79.5264814030076,-56.3124977522296,-33.9793137709574,-17.3315951802943,-7.20974104265057,-2.23231928236796,-0.368160079828455
-81.0584223689529,-57.6370804388242,-34.9695332932419,-17.9821551840108,-7.5731728865153,-2.38601270802485,-0.400844537061136
-82.5899267378458,-58.9685858915677,-35.9684071395366,-18.640131117406,-7.94144993156744,-2.54182433498496,-0.433849359897263
-84.119439963493,-60.3048985718577,-36.9736540578868,-19.303439552962,-8.31296161217467,-2.69879047684731,-0.466875293221025
-85.645051838421,-61.6433841082578,-37.9824498117586,-19.9695271343641,-8.68575782215898,-2.85576091851771,-0.499572739181381
-87.164438882869,-62.9808099002655,-38.9913505827419,-20.6353113622006,-9.05751315930357,-3.01138464351185,-0.531539707232166
-88.6748076936815,-64.3132704934861,-39.9962242963118,-21.297130723076,-9.42549986954278,-3.16410148554,-0.562321458653423
-90.1728470062162,-65.6361277739492,-40.9921999403315,-21.9507126569533,-9.78657545095795,-3.31214278894353,-0.59141253337126
-91.6546938622598,-66.9439752621076,-41.9736451032314,-22.5911683320346,-10.1371912554023,-3.45354430392364,-0.618261879661131
-93.1159231915757,-68.2306391099245,-42.9341842053681,-23.2130243696208,-10.47342878818,-3.58617450011506,-0.642281791957792
-94.5515685192609,-69.4892269940053,-43.8667685157514,-23.8103003069098,-10.791069204011,-3.70778067999846,-0.66286118802482
-95.9561817987778,-70.7122349571476,-44.7638068786413,-24.3766380236332,-11.0856992022154,-3.81605382861525,-0.679383434869888
-97.3239365100562,-71.8917167833415,-45.6173601320176,-24.9054839358899,-11.3528523976516,-3.90871081863402,-0.691248416323935
-98.6487738678282,-73.0195134428537,-46.4193943137198,-25.390317611326,-11.5881799463313,-3.98358972590998,-0.697897883902227
-99.9245867079277,-74.0875315723608,-47.1620784277542,-25.8249122962389,-11.7876384077022,-4.03875102655055,-0.698842435793419
-101.145426365998,-75.0880484974604,-47.8381016950608,-26.2036042877683,-11.947677307622,-4.07257487004664,-0.693687847626579
-102.305716552143,-76.0140169223464,-48.4409801363944,-26.5215439005187,-12.0654063383871,-4.08384364648842,-0.682158179975157
-103.400449655389,-76.8593349816292,-48.9653174692591,-26.7748985696625,-12.1387218969361,-4.07179961414705,-0.664113135732291
-104.425347355931,-77.6190540205381,-49.4069919533798,-26.960984801321,-12.1663776962237,-4.03617042343753,-0.639557731877827
-105.376967123897,-78.2895010122458,-49.7632483874495,-27.0783140639128,-12.147991317389,-3.97715963981577,-0.60864325420888
-106.252747878649,-78.8683078460179,-50.0326901701585,-27.1265513510965,-12.0839884596583,-3.89540464521306,-0.571659616636139
-107.050994412316,-79.3543514018691,-50.2151796254485,-27.1063970873659,-11.975495272434,-3.79190877445026,-0.529020291201487
-107.770810834548,-79.7476219423917,-50.3116678688788,-27.0194134471466,-11.8241958780417,-3.66795766225409,-0.48124176133779
-108.411996648982,-80.049043134958,-50.3239813133714,-26.8678205916634,-11.6321746845785,-3.52503064107119,-0.428919794459579
-108.974923674218,-80.2602709435452,-50.254594127919,-26.6542887832433,-11.4017623398549,-3.36471707498947,-0.372704784493878
-109.460409030981,-80.3834945444569,-50.1064111669145,-26.381747483375,-11.13540004982,-3.18864498144478,-0.313278036010407
-109.869596894329,-80.4212571908223,-49.8825792840948,-26.0532259594016,-10.8355316660304,-2.99842622361675,-0.251330338249634
-110.203857913724,-80.3763082932204,-49.5863372361219,-25.6717327315825,-10.50452746799,-2.79561956723676,-0.187543633573139
-110.464708316457,-80.2514894314823,-49.220905998613,-25.2401741954945,-10.1446386788686,-2.58171042221328,-0.122576116255056
-110.653750539352,-80.0496542673231,-48.7894174331856,-24.7613089435057,-9.75797888172815,-2.35810461032171,-0.0570507704784132
-110.772631447717,-79.7736165301472,-48.2948744415232,-24.2377308739674,-9.34652645842152,-2.12613265127589,0.00845286210116704
-110.823015772407,-79.4261207900682,-47.7401357061931,-23.6718739381856,-8.91214199374336,-1.88706103585286,0.0734040016471361
-110.806569299787,-79.0098286133149,-47.1279170634535,-23.0660311214612,-8.45659478091896,-1.64210724437118,0.137323401986864
-110.724950815002,-78.5273164710422,-46.4608044290225,-22.422382267009,-7.9815938522273,-1.39245593458438,0.199783953527819
-110.579807716486,-77.9810795828827,-45.7412725946152,-21.7430257158795,-7.48881967935254,-1.13927429083594,0.260409492697252
-110.372775619759,-77.3735404726256,-44.9717076555743,-21.0300110716309,-6.97995412306806,-0.883725218180058,0.318872189486027
-110.105479445329,-76.7070595957033,-44.1544305352947,-20.2853707719493,-6.45670682244985,-0.626977518613121,0.37488887271704
-109.779536858752,-75.9839482001604,-43.2917211134382,-19.5111495137196,-5.9208370707623,-0.37021260453907,0.428216646201488
-109.396562691479,-75.2064822343202,-42.3858418987105,-18.7094305548978,-5.37417048532995,-0.114627542404407,0.478648125943951
-108.958175218901,-74.3769177626137,-41.4390612336701,-17.8823585399616,-4.81861016552626,0.138565594899413,0.526006610117031
-108.466003748576,-73.4975073148322,-40.4536754116186,-17.0321582675328,-4.25614207122521,0.388143998080077,0.570141457417026
-107.921697232862,-72.57051667717,-39.4320290815584,-16.1611488370496,-3.68883444257298,0.632881873451518,0.610923910427695
-107.326933752871,-71.5982415912894,-38.3765332174458,-15.2717525709273,-3.1188311372903,0.871561479361363,0.648243556347242
-106.683430027839,-70.5830232363327,-37.2896795447134,-14.3664979721446,-2.54833881082461,1.10298717568731,0.682005563705514
-105.992949969647,-69.5272612044334,-36.1740502232027,-13.4480160178284,-1.9796080023985,1.3260021098305,0.712128777886808
-105.257311959982,-68.4334230895227,-35.0323218504638,-12.5190293252217,-1.41490841078611,1.53950703540905,0.738544705109872
-104.478393117165,-67.3040489223578,-33.8672625034239,-11.5823337963205,-0.856498889868367,1.74248058159935,0.761197346369217
-103.658130418922,-66.1417498648728,-32.6817213556601,-10.6407729290183,-0.306593073310917,1.93400012854339,0.780043794162751
-102.798517187506,-64.9491998917974,-31.4786103214606,-9.69720527269518,0.232678108171153,2.11326225433195,0.795055439885549
-101.901595509168,-63.7291207914003,-30.260878308297,-8.75446624777465,0.759305365120674,2.27960161722248,0.806219606081914
-100.969443225606,-62.4842599019295,-29.0314785510988,-7.81532585462237,1.27143949089445,2.43250703522485,0.813541366774553
-100.004156748712,-61.2173620086755,-27.7933308251837,-6.88244450901781,1.76742715183153,2.57163360344049,0.81704531896258
-99.0078301832115,-59.9311366491942,-26.5492805082288,-5.95832945757262,2.24584185426894,2.69680982333446,0.816777064040751
-97.9825312696856,-58.6282223716586,-25.3020567956743,-5.04529436960041,2.70550807123755,2.80803897612532,0.812804181681111
-96.9302762205635,-57.3111506114969,-24.0542329276144,-4.1454246986256,3.14551691044283,2.90549437588498,0.805216537620412
-95.8530048340219,-55.9823114520285,-22.8081909772203,-3.26055098865737,3.56523225601273,2.98950855365879,0.79412582542324
-94.7525569975274,-54.6439232770252,-21.5660933826708,-2.39223173457702,3.96428697903575,3.06055686191901,0.779664314882552
-93.6306527194007,-53.2980086861071,-20.329863151635,-1.54174672434294,4.34256957648741,3.11923643254859,0.761982865070128
-92.4888764103305,-51.9463778562962,-19.10117367847,-0.710100933873923,4.70020224770883,3.16624170560359,0.741248317273875
-91.3286663427339,-50.5906202507014,-17.8814484886615,0.101961706822328,5.03751199755173,3.20233795402367,0.717640437976472
-90.1513097143777,-49.2321048605439,-16.6718704499725,0.89393603303598,5.35499673817996,3.22833427617602,0.691348609765231
-88.9579433443311,-47.8719885517029,-15.4733993440118,1.66552670036768,5.6532885397115,3.24505744144078,0.662568473485175
-87.7495593200026,-46.5112313848536,-14.286796149914,2.41661469841124,5.93311612997331,3.25332776248133,0.631498706622666
-86.5270152424934,-45.150617743453,-13.1126522186415,3.14722151673968,6.19526857753319,3.25393791608288,0.598338095581563
-85.291047815282,-43.7907815067967,-11.9514212927639,3.85747302605761,6.44056172084074,3.24763530103402,0.563283011756672
-84.0422890213723,-42.4322337666891,-10.8034525028051,4.54756488540892,6.66980854583849,3.23510823973414,0.526525359660172
-82.7812836863513,-41.0753914211998,-9.66902259859953,5.21773092406182,6.8837942693453,3.21697604415961,0.488251017809824
-81.5085076085039,-39.7206053098058,-8.5483660049096,5.8682155700957,7.0832565180114,3.19378276204597,0.448638757013906
-80.2243852758714,-38.36818663756,-7.4417015753554,6.4992510007358,7.26887063513016,3.16599425259768,0.407859589116335
-78.9293066490563,-37.0184308438049,-6.34925528230892,7.11103936024961,7.44123990685456,3.13399815723419,0.366076480889013
-77.6236421311666,-35.6716380776668,-5.27127833652832,7.70374005460638,7.6008902594359,3.09810626696331,0.323444353988846
-76.3077556988664,-34.3281300184092,-4.20806056970815,8.27746194788881,7.74826891502514,3.05855881355934,0.280110292750591
-74.9820156416101,-32.9882626743884,-3.15993908269632,8.83226004879203,7.88374636299266,3.01553021248198,0.236213881802693
-73.6468028428873,-31.6524351558058,-2.12730238838328,9.36813617197027,8.00762101142022,2.96913584564309,0.191887606103097
-72.3025166964292,-30.3210945910024,-1.1105904239398,9.88504298374326,8.120125900289,2.91943952918098,0.147257257653506
-70.9495785297684,-28.9947373509393,-0.110290911735644,10.3828907537567,8.22143685782422,2.86646135591938,0.102442305761218
-69.5884327700908,-27.6739069813706,0.873067351331482,10.8615561463978,8.31168156051062,2.81018566868176,0.0575562029472452
-68.2195461244947,-26.3591893099547,1.8389236470431,11.3208923938937,8.39094901676655,2.75056896952795,0.0127066119196922
-66.8434049536954,-25.0512051991375,2.78669627275026,11.76074020136,8.45929904527512,2.6875476081054,-0.0320044487120946
-65.4605112857566,-23.7506015454977,3.71579460426498,12.1809388211521,8.51677141936636,2.62104513960242,-0.0764805314815279
-64.0713776024668,-22.4580410125298,4.62563164017255,12.5813367456315,8.56339438210397,2.55097926148542,-0.120630743002502
-62.6765210004174,-21.1741911484657,5.51563645039757,12.9618016326509,8.59919237110688,2.47726828451498,-0.16436976010298
-61.2764569811145,-19.8997133765961,6.38526601429352,13.3222291173238,8.62419282419467,2.39983710291189,-0.207617853252421
-59.8716930732443,-18.635252290627,7.23401600996119,13.6625502531702,8.63843200072982,2.31862264731728,-0.250300889834994
-58.462722787363,-17.3814257264598,8.0614302510945,13.9827375004329,8.64195986344513,2.23357883370295,-0.292350292046374
-57.0500200229995,-16.1388158834257,8.86710854870829,14.2828092104481,8.63484407384419,2.14468102066984,-0.333702926660774
-55.6340341574559,-14.90796173211,9.65071289756166,14.5628326780913,8.61717321947252,2.05193000327539,-0.374300908906523
-54.2151859800945,-13.6893528480762,10.4119719912112,14.8229259097794,8.58905942064651,1.95535557623298,-0.414091308492892
-52.7938644968231,-12.4834247013796,11.1506841440675,15.0632582900484,8.55064046746815,1.85501969721564,-0.453025751481214
-51.3704247361269,-11.2905553960049,11.8667187994325,15.2840504097025,8.50208166540309,1.75101928349819,-0.491059919108382
-49.9451863742712,-10.1110637250779,12.5600167991454,15.4855732598752,8.44357751384873,1.64348865769748,-0.528152948574178
-48.5184333558335,-8.94520845341424,13.2305897054093,15.6681471075917,8.37535338477007,1.53260166049081,-0.564266749703796
-47.090414184232,-7.79318860421513,13.8785183659206,15.8321402069789,8.29766725774639,1.41857341564484,-0.599365251901452
-45.6613430381555,-6.65514461683554,14.5039510270854,15.9779676189971,8.21081161303022,1.30166173055735,-0.63341360495487
-44.231401396215,-5.53116015404919,15.1071011527258,16.1060902181296,8.11511545917122,1.18216807827347,-0.666377355665002
-42.8007402167367,-4.42126441715926,15.6882451694036,16.2170140294914,8.01094648774597,1.06043809578437,-0.698221629267908
-41.3694825052898,-3.32543481182391,16.247720250352,16.3112899072881,7.89871325952779,0.936861503113922,-0.728910344257205
-39.9377262243008,-2.24359985252123,16.78592223419,16.3895135437052,7.77886729833158,0.811871329515024,-0.758405492464755
-38.5055474492485,-1.17564221698854,17.3033037003246,16.4523257142742,7.65190491167257,0.685942313426798,-0.786666516580266
-37.0730037183443,-0.121401897131767,17.8003721808492,16.5004126195876,7.51836852257467,0.559588331965025,-0.813649818298037
-35.6401375092652,0.919320578347723,18.277688428334,16.5345061210683,7.37884725941755,0.433358712502136,-0.83930842943833
-34.2069798229559,1.94676084803077,18.7358646325525,16.5553836417498,7.23397653694158,0.307833288843907,-0.863591877566502
-32.773553792604,2.96118732542219,19.1755624091018,16.5638674402339,7.08443634089663,0.183616087854328,-0.8864462727667
-31.3398783038632,3.96289767294928,19.5974903892079,16.5608229792335,6.93094795471804,0.0613275754624585,-0.907814638151915
-29.9059715515776,4.95221509461029,20.0024011943457,16.5471560835301,6.77426888873377,-0.0584045484708651,-0.927637497088482
-28.4718544945894,5.92948440180068,20.3910876035346,16.5238086267822,6.61518584167923,-0.174955936034733,-0.945853720120503
-27.0375541173169,6.8950678066504,20.7643777093412,16.4917525109357,6.45450560114354,-0.287717390213015,-0.962401619332685
-25.6031064893665,7.84934043006579,21.1231289606365,16.4519818308344,6.2930439238508,-0.396107600657486,-0.977220264656172
-24.1685594706303,8.79268550076323,21.4682209447021,16.4055031363612,6.13161253811276,-0.499586426907022,-0.990250974346052
-22.7339750570401,9.72548928158606,21.8005469471228,16.3533239178683,5.97100459389798,-0.59766823597442,-1.0014389194802
-21.2994312791326,10.648135766761,22.1210043502227,16.2964395248257,5.81197901238658,-0.689934716944128,-1.01073476385157
-19.8650236119033,11.5610012304045,22.4304840523396,16.2358188877836,5.65524432809952,-0.776046545748274,-1.01809625045787
-18.4308658703891,12.4644487309674,22.7298591810486,16.1723895381602,5.50144271712794,-0.855753269295425,-1.02348964042807
-16.9970905938485,13.3588226971666,23.0199734578926,16.1070225212673,5.35113496011261,-0.928900827448949,-1.02689091276853
-15.5638489552022,14.2444437367012,23.3016296388166,16.0405178598424,5.20478708608091,-0.995436235549296,-1.02828664440188
-14.1313102418703,15.1216037938406,23.5755784553507,15.9735912109147,5.06275936919852,-1.05540910169184,-1.0276745074792
-12.6996610060866,15.9905617915267,23.8425085081511,15.9068623317961,4.92529823061355,-1.10896984262797,-1.02506334764713
-11.2691039850965,16.851539861856,24.1030374986166,15.8408458517072,4.79253141522624,-1.1563646667807,-1.02047283507116
-9.83985689477136,17.7047202252013,24.3577050865384,15.7759446860504,4.66446660167646,-1.19792759257603,-1.01393270898653
-8.41215122792816,18.5502427843646,24.6069676173,15.7124462953477,4.5409933993364,-1.2340699480286,-1.00548166626973
-6.98623114063031,19.3882034043854,24.8511947614524,15.6505217542601,4.42188846755663,-1.26526792538076,-0.99516596277105
-5.56235252847159,20.218652877038,25.0906680803653,15.5902274839832,4.30682334250883,-1.29204884666487,-0.983037814227688
-4.1407823471089,21.0415964967091,25.3255813666161,15.5315093212942,4.19537442690027,-1.31497681364634,-0.969153687186056
-2.72179821424815,21.8569941602954,25.5560425360456,15.4742085047439,4.08703453776189,-1.33463838329593,-0.953572569041403
-1.30568831033561,22.6647609360516,25.7820768432324,15.4180691334159,3.9812254075642,-1.35162883634708,-0.936354299576461
0.107248441935608,23.4647679563091,26.0036310600577,15.3627465779055,3.87731055631528,-1.36653949470474,-0.917558028821396
1.51670194479242,24.2568435907669,26.2205783693747,15.307816418483,3.77460804678476,-1.37994642751525,-0.897240853974622
2.92235028725195,25.0407747924929,26.432723658,15.252783487421,3.67240272016355,-1.39240075704043,-0.875456667631402
4.32385895663633,25.8163085684261,26.6398089808424,15.1970906979613,3.56995762739464,-1.40442066283692,-0.852255235203337
5.72087995979107,26.583153520826,26.8415189899045,15.140127412422,3.46652447718302,-1.41648508229598,-0.827681504433386
7.1130509197287,27.3409814502823,27.0374862011904,15.0812372043109,3.3613530262574,-1.42902902817693,-0.80177513960092
8.49999420349699,28.0894289859005,27.2272959819935,15.0197249272155,3.25369941845947,-1.44244038391512,-0.774570263570426
9.88131614564536,28.8280992805468,27.4104912477186,14.9548631091039,3.14283355629879,-1.45705800300113,-0.746095387544326
11.2566064212445,29.5565637909088,27.5865768687867,14.8858977342286,3.02804563590196,-1.47317091679777,-0.716373504796344
12.6254376309554,30.2743642128619,27.7550238630086,14.8120535450367,2.90865201500077,-1.4910184508838,-0.685422325228852
13.9873651349077,30.9810145952529,27.9152734259257,14.7325390049738,2.78400059621301,-1.51079105126684,-0.653254627199688
15.3419272010116,31.676003748715,28.066740955328,14.6465511318445,2.65347592132816,-1.53263163734428,-0.619878707221807
16.6886455028977,32.3587980036284,28.2088201794431,14.553280391407,2.51650415766518,-1.55663731074662,-0.585298909046744
18.0270260199189,33.0288444230759,28.3408875521057,14.4519158676022,2.37255814377566,-1.58286126955659,-0.549516217570499
19.3565603790335,33.6855745550345,28.4623070600865,14.3416509071795,2.22116263156067,-1.61131479512162,-0.512528905265159
20.6767276423639,34.3284087521976,28.5724355382663,14.221689395986,2.06189982219285,-1.64196919490637,-0.474333220759824
21.9869966477904,34.9567612655655,28.6706287297726,14.091252872362,1.8944152610636,-1.67475761188558,-0.434924114375994
23.2868288010954,35.5700459603671,28.756248015034,13.9495884961566,1.71842408374313,-1.70957661222525,-0.394295992232843
24.5756813939031,36.1676827992924,28.8286679658873,13.7959779725003,1.53371756974066,-1.74628749527177,-0.352443497187
25.853011425215,36.7491050597957,28.8872847073328,13.6297473990906,1.34016988979997,-1.78471728003989,-0.309362313433279
27.1182798106165,37.3137671090758,28.9315249305504,13.4502778915783,1.13774486742585,-1.82465933503665,-0.265049991381282
28.3709559600662,37.8611526882883,28.9608554724323,13.2570168237781,0.926502522883357,-1.86587364540367,-0.219506791043893
29.6105225882043,38.3907834658579,28.9747931900859,13.0494893752778,0.706605105500506,-1.90808672529509,-0.172736539303672
30.8364805938107,38.9022275648604,28.9729147822594,12.8273099900467,0.478322274215726,-1.95099120611845,-0.124747494141476
32.0483538009404,39.3951076895335,28.9548661143559,12.5901932564974,0.242035053013736,-1.9942451551269,-0.0755532050240543
33.2456933756213,39.8691084766752,28.920370571191,12.3379636628266,-0.00176182652013605,-2.03747120880466,-0.0251733535178415
34.4280815791597,40.3239824860733,28.8692357797118,12.0705635737992,-0.252459576373049,-2.08025562597638,0.026365448681077
35.5951346166003,40.7595543513334,28.8013581097296,11.788058797028,-0.509337339087647,-2.12214740168534,0.0790289334537949
36.7465042058069,41.1757224488659,28.7167242438982,11.490641074875,-0.771566784957652,-2.16265760333182,0.132774557491079
37.8818776007716,41.5724575825504,28.6154092314582,11.1786269390459,-1.03821949388231,-2.2012591220392,0.187551031359814
39.0009757488184,41.949798149709,28.4975704635412,10.8524524558475,-1.30827716744454,-2.23738704850448,0.243298038028303
40.1035493395487,42.3078413987851,28.3634371821749,10.5126635754901,-1.58064456712931,-2.27043989961199,0.299946178675985
41.1893726172533,42.6467305908191,28.2132953694488,10.1599020318462,-1.85416491904062,-2.29978193318132,0.357417173750046
42.2582348940842,42.9666380462203,28.0474680925768,9.79488698440398,-2.12763737781186,-2.32474678917115,0.415624329595241
43.3099298300342,43.2677443110212,27.8662916742042,9.41839286258618,-2.3998360262317,-2.34464269489373,0.474473255885503
44.3442427662274,43.5502140221876,27.670088402829,9.03122413505128,-2.66952982850458,-2.35875947408634,0.533862788527195
45.3609364321266,43.8141691959216,27.4591366889731,8.6341878896731,-2.93550295842842,-2.36637759427688,0.5936860363096
46.3597355889052,44.0596609913498,27.2336398448593,8.22806523810298,-3.19657501948572,-2.36677949958548,0.653831434445341
47.3403110998007,44.2866409854233,26.993694668381,7.81358252303085,-3.45162083383905,-2.35926348196439,0.714183653019681
48.3022642048834,44.4949332813369,26.7392611525644,7.39138323895207,-3.69958972843861,-2.3431603777641,0.774624185495328
49.2451115644784,44.6842085374603,26.4701344096008,6.9620013315868,-3.93952450785052,-2.31785338849991,0.835031425022763
50.1682718313466,44.8539611258976,26.185919857459,6.5258363201306,-4.17058059523389,-2.28280134938099,0.895280039001076
51.0710543252791,45.0034903813864,25.8860124450443,6.0831304026753,-4.39204604412356,-2.2375657466643,0.955239466194615
51.9526504596362,45.1318869098061,25.569580603555,5.63394752689808,-4.60336326820653,-2.18184171887469,1.01477139578855
52.8121287091707,45.238025020809,25.2355556300395,5.17815435487673,-4.80415334084603,-2.11549311887821,1.07372614295559
53.6484338346232,45.3205623176066,24.8826272470975,4.71540315432107,-4.99424350375028,-2.03859140743099,1.13193790639926
54.4603912902643,45.3779477735277,24.5092464254729,4.2451170160977,-5.17369808972111,-1.95145766760353,1.18921899133588
55.246718229999,45.4084402177369,24.1136371776577,3.76647843081733,-5.34285237355615,-1.85470632193679,1.24535321251305
56.0060423409251,45.4101392173533,23.6938194673667,3.27842306907343,-5.50234780413364,-1.74928813188491,1.30008884057503
56.7369304416858,45.3810311423874,23.24764627279,2.77964167662431,-5.65316579590127,-1.63652882420651,1.35313165710338
57.4379284031374,45.3190529809662,22.7728581484898,2.26859402635806,-5.79665565434971,-1.51815821614748,1.40413889422065
58.1076138680637,45.2221762656457,22.2671587719034,1.7435397597845,-5.93455057715473,-1.39632322795276,1.45271506640138
58.7446623229624,45.0885121818157,21.7283141608521,1.20259129601325,-6.06896421038122,-1.27357695723112,1.49841089408517
59.3479255221219,44.9164365971893,21.1542763199193,0.643793398115791,-6.20235943641221,-1.15283553796107,1.54072661231902
59.9165189765468,44.7047302151215,20.5433287404123,0.0652320274042477,-6.33748151853216,-1.03729542251433,1.57912086360312
60.449912273856,44.4527244555062,19.894246447152,-0.534828513013074,-6.47725004585459,-0.930306613731241,1.61302599679726
60.9480127784624,44.1604386398744,19.2064576611842,-1.15778637969803,-6.62460873598824,-0.835202599571675,1.64186986777428
61.4112309629663,43.8286901190811,18.4801889060616,-1.80453337085574,-6.78233902140046,-0.755095105721152,1.6651031893877
61.8405145646129,43.4591572245083,17.7165719754069,-2.47529475599206,-6.95285149665825,-0.692650208569253,1.68223023325152
62.2373407453573,43.0543775042713,16.9176916997684,-3.16949963742782,-7.13797702850397,-0.649869899890867,1.69283954827078
62.603660083413,42.6176707740189,16.0865588557664,-3.88570330538602,-7.33878416919204,-0.627907396760869,1.69663067685462
62.9417937830076,42.1529878944443,15.227002913478,-4.62157762531013,-7.55544939005933,-0.62694325355988,1.69343296481789
63.2542934386995,41.6646988556185,14.343492402093,-5.37397558482228,-7.78720050744285,-0.646141909628845,1.68321357677215
63.5437801018983,41.157345174843,13.4409034981899,-6.13906401618675,-8.03234260103757,-0.68369597722392,1.66607360586929
63.8127828099537,40.6353876096738,12.5242660614334,-6.91250735307775,-8.28836230904631,-0.73695138337689,1.64223321775106
64.0635962024216,40.1029797865494,11.5985186724512,-7.68967814788719,-8.55209432401282,-0.802594194812952,1.61200856078061
64.2981724854814,39.5637918093481,10.6682999037871,-8.46586859864048,-8.81992619675636,-0.87687257937212,1.57578424709017
64.518055817937,39.0208972001888,9.73779376954942,-9.23648117462159,-9.08801548266535,-0.955826082684367,1.53398536402739
64.7243598946535,38.4767251732082,8.81063614574753,-9.99718383125346,-9.35249639303123,-1.03549845747958,1.48705234484766
64.9177833918482,37.933070658155,7.88987872434939,-10.7440237757219,-9.60965952006756,-1.11211758140261,1.43542091071937
65.0986538120747,37.3911481378136,6.97799969846176,-11.4735010900335,-9.85609558270602,-1.18223413036432,1.37950804802027
65.2669890114245,36.8516729804059,6.07694668598857,-12.18260854992,-10.0888007286947,-1.24281775352009,1.31970390487386
65.4225655940306,36.3149541797351,5.1881969229805,-12.8688461322259,-10.3052454860236,-1.29131448577898,1.25636870345543
65.5649855657304,35.7809853293731,4.31282186847181,-13.5302186264026,-10.5034120125878,-1.32567188026888,1.18983334442714
65.6937345889088,35.2495241536469,3.45154684416818,-14.1652228633185,-10.6818049041503,-1.3443391841243,1.12040224271607
65.8082279135787,34.7201551087323,2.60480048013633,-14.772828432258,-10.8394403384026,-1.3462494523308,1.04835703871924
65.907842803046,34.1923336306524,1.77275277144167,-15.3524530843798,-10.9758173640832,-1.33078940213067,0.973960087352986
65.9919380974616,33.6654137967415,0.955343919495994,-15.9039317665972,-11.090874123968,-1.29776152157514,0.897456962240046
66.0598636372438,33.1386639150834,0.152308510733379,-16.4274771057517,-11.1849313109635,-1.24734179618364,0.819077592703278
66.1109633573629,32.6112760317181,-0.636799370907485,-16.9236291516088,-11.2586251729237,-1.18003552934728,0.739036010393451
66.1445762038801,32.0823755944793,-1.41257486866945,-17.3931933188843,-11.3128329071248,-1.09663312753729,0.657528986911404
66.1600387741676,31.5510366143549,-2.17572136863083,-17.837167517705,-11.3485941428022,-0.99816733686782,0.574734061983708
66.1566924712179,31.0163056242265,-2.92699891836743,-18.2566618616987,-11.3670330376389,-0.885873142124884,0.490807567354008
66.1338964062485,30.4772350491782,-3.6671642286314,-18.6528165468452,-11.369286031815,-0.761151277558094,0.40588324357717
66.0910454332844,29.9329237456741,-4.39690722937923,-19.0267248823848,-11.3564402372307,-0.625535982602309,0.320071939446195
66.0275911062188,29.3825601358877,-5.11679101272301,-19.3793686563883,-11.3294867012947,-0.480667250681527,0.233462711175655
65.9430622100664,28.8254620166989,-5.82720244405117,-19.7115718343528,-11.2892913765844,-0.328267389191882,0.146125440892593
65.8370812839302,28.2611071769757,-6.52831959262114,-20.0239762182126,-11.2365847439609,-0.170121287482812,0.0581149127496341
65.7093741202083,27.6891503595991,-7.22009958344641,-20.3170394873031,-11.1719688918721,-0.00805942754535224,-0.0305238519244283
65.5597705065762,27.1094246011042,-7.90228697750802,-20.5910525761799,-11.0959387328136,0.156057596155979,-0.119749277439786
65.3881963828604,26.5219281359976,-8.57443905053967,-20.8461702879472,-11.0089122379883,0.320354452647756,-0.209516234269138
65.1946594765082,25.9268011092654,-9.23596107911647,-21.082446854196,-10.9112632700251,0.482957852265482,-0.299768639128378
64.9792321218018,25.3242987400775,-9.88614261136974,-21.2998672429169,-10.8033499745423,0.6420163010602,-0.390431896185213
64.7420358490823,24.7147687665835,-10.5241850886561,-21.4983654603587,-10.6855318054237,0.795724473788805,-0.481405373702217
64.4832326325702,24.0986408837215,-11.1492122654876,-21.6778229196431,-10.5581691750804,0.942353921086319,-0.572555066626216
64.2030267728718,23.4764342538562,-11.7602573846697,-21.8380426844371,-10.4216012754551,1.08029186675229,-0.663706553790613
63.9016801462146,22.8487865866939,-12.3562247164781,-21.9786989063641,-10.2760998166679,1.2080897864194,-0.754638320081833
63.5795415475271,22.2165049028417,-12.9358272557036,-22.0992644446751,-10.1217990159798,1.32452316929407,-0.845075476422268
63.2370888744576,21.580634556168,-13.4975066688362,-22.1989233118603,-9.95860506465243,1.42866321973081,-0.934683887622961
62.8749806795141,20.9425395908654,-14.039345492119,-22.2764778030132,-9.78609127529505,1.51996010612467,-1.02306472824764
62.4941120436938,20.3039845716663,-14.5589849513041,-22.330263017426,-9.60338815801912,1.59833560044677,-1.10974957201861
62.0956678617768,19.6672054608374,-15.0535641851307,-22.3580834707574,-9.40908050785807,1.6642804727203,-1.194196302202
61.6811656517745,19.0349554551699,-15.5196981133368,-22.35718781943,-9.20112621753562,1.71894885141149,-1.27578644321499
61.2524788471647,18.4105107903361,-15.9535110779494,-22.3242976095141,-8.97681346628895,1.76423809912716,-1.35382492348806
60.8118316246635,17.7976222080742,-16.3507413839949,-22.2557042557073,-8.73277379897408,1.80283909341734,-1.42754373413438
60.3617568202299,17.2004003588746,-16.7069268624025,-22.1474438955178,-8.46506732893167,1.83823899076782,-1.49611128339068
59.9050109082543,16.6231290154627,-17.0176729862462,-21.995551875646,-8.16935190145555,1.87465792357938,-1.55864927561417
59.4444443010314,16.0700090248103,-17.2789924096504,-21.7963868212501,-7.84113942766341,1.91690419383121,-1.61425842762623
58.982831821961,15.5448483333034,-17.4876889743575,-21.5469993440447,-7.4761294835011,1.9701407432301,-1.66205311650691
58.5226763781966,15.0507275352989,-17.6417428550744,-21.2455048615459,-7.0705938639885,2.03956930966482,-1.70120315177451
58.0660072355302,14.5896829787086,-17.7406412154602,-20.8914081034786,-6.62176940900501,2.13005612303681,-1.73097861177956
57.6142001943302,14.1624559766863,-17.7855959126751,-20.4858237882105,-6.1282051072809,2.24574029978329,-1.75079171653805
57.167847702943,13.7683530261113,-17.7796005368714,-20.0315476552001,-5.59000852448963,2.38967768407889,-1.76022882499604
56.7267012939859,13.4052466674023,-17.7273037358301,-19.5329550051732,-5.00894904496661,2.56357357170265,-1.75906647665007
56.2896966341264,13.0697221721606,-17.6347090628378,-18.9957351873362,-4.38839973595882,2.76764531460461,-1.74726800577442
55.8550563799269,12.7573482017471,-17.5087443909647,-18.4265015484382,-3.73312963423107,3.00063274741865,-1.72496103048228
55.4204523090264,12.4630278684115,-17.3567665117759,-17.8323379519844,-3.04898505598123,3.25994735121903,-1.69239993438769
54.9831994852304,12.1813761879256,-17.1860727631009,-17.220349182747,-2.34251444610396,3.54192809421296,-1.6499201694027
54.5404536129928,11.9070724670675,-17.0034815050791,-16.597273359592,-1.62059300047951,3.84215894043265,-1.59789216238801
54.0893874485057,11.6351489294589,-16.8150222277202,-15.9691947566769,-0.890092588460984,4.15580185178769,-1.53668183002895
53.627330750742,11.3611945824195,-16.6257515282622,-15.3413722465785,-0.157624611555252,4.47790742033079,-1.46662276086023
53.1518677318331,11.0814706791995,-16.4396895293308,-14.718177989603,0.570635689548012,4.80367852241194,-1.38800275291172
52.6608940927808,10.7929476580962,-16.2598560686226,-14.1031264194118,1.28905081596186,5.12867604585331,-1.30106520342727
52.152641232866,10.4932818246194,-16.0883777391933,-13.4989656323783,1.99256615205509,5.4489666777396,-1.20602413308648
51.6256778931409,10.1807536055639,-15.9266343718205,-12.9078009266367,2.67672081625564,5.76121961925663,-1.10309041842234
51.0788997513108,9.85418896756452,-15.7754151500516,-12.3312219869926,3.33764567389739,6.06276198788471,-0.992505978528973
50.5115155484651,9.51288246181426,-15.6350589109051,-11.7704099457744,3.97206505271389,6.35160236808706,-0.874582067759217
49.9230349779601,9.15653499998841,-15.5055599387127,-11.2262079729228,4.57731053482121,6.62642956006531,-0.749737414570531
49.3132591851542,8.78521224390165,-15.3866296967152,-10.6991490946983,5.15134487951317,6.88659005082668,-0.618531778536011
48.682269987679,8.39932096161531,-15.2777163248658,-10.1894472344502,5.69278327640654,7.13204398696343,-0.481690736996428
48.0304100023377,7.99959205281735,-15.1779963942115,-9.6969706170403,6.20089015161043,7.36329630602234,-0.340118347665202
47.3582437711012,7.58705203653104,-15.0863649523791,-9.22122782502754,6.67552557935862,7.58129790231292,-0.194895850523142
46.6664911019692,7.16296196825015,-15.0014570555888,-8.76140228643728,7.11701865609447,7.787311894606,-0.0472666581713583
45.9559283765789,6.72870582745002,-14.9217333677867,-8.31646741489467,7.52595702714679,7.98274247275228,0.10138984233159
45.2272612301688,6.28561990397499,-14.8456523527394,-7.88540074250886,7.90290068302703,8.16892832359037,0.249591269414135
44.4809808883949,5.8347691076125,-14.7719329312805,-7.46749287743603,8.24805008504033,8.34690868512061,0.395786723877093
43.7172246334113,5.37669237952968,-14.6998879371377,-7.06272062406914,8.56091825777161,8.51717695598443,0.538388024643881
42.9356659534982,4.91115376591074,-14.629785259746,-6.67212896367523,8.84006868144046,8.6794437397035,0.675794977346692
42.1354610157038,4.43694516862079,-14.5631752492489,-6.29814923224061,9.08298263505892,8.83243772359129,0.80641502456809
41.3152743618721,3.95178925848838,-14.5031132937848,-5.94477443120844,9.28611003243018,8.97377803693656,0.928680978933337
40.473398159856,3.45238530777186,-14.4542079627035,-5.61751959456586,9.44513692570076,9.09995410724269,1.04107314578508
39.6079663252819,2.93462572821309,-14.4224400376756,-5.32311753143933,9.55547126871894,9.20644574929119,1.14215293540102
38.7172472040483,2.39398600482278,-14.4147279489569,-5.06893941321193,9.61290741789723,9.28800345899706,1.23061316690674
37.7999789172642,1.82605651638867,-14.4382609575252,-4.86218428572236,9.61438388295926,9.33908417478761,1.30534542491827
36.8556935400382,1.22714659222651,-14.4996771066406,-4.70894336382271,9.55870817488256,9.35440246977194,1.365517840376
35.8849675202928,0.594860011716122,-14.6042148674673,-4.61329673039848,9.44710327852459,9.32951970314629,1.4106497027602
34.8895425361382,-0.0714689398690354,-14.7549951274346,-4.5766190882715,9.28344773163112,9.26136832731713,1.44066541692645
33.8722857038885,-0.770568575977368,-14.9525760978399,-4.59724056952326,9.07414032425601,9.14860970277167,1.45591206045567
32.8369949564825,-1.49929111608753,-15.1948648827957,-4.6705301106836,8.82760714252624,8.9917568039839,1.45713253004816
31.788091722299,-2.25291721819705,-15.4773835728819,-4.78936750702928,8.55355315963094,8.79304879415471,1.44539737438911
30.7302655623463,-3.02562495148747,-15.7938064768512,-4.94488341598151,8.26211161477173,8.55612201809997,1.42200847866792
29.6681370954702,-3.81101919525078,-16.1366370351652,-5.12730414617282,7.96304631744504,8.28556053201715,1.38839298480312
28.6059891018326,-4.60262488683545,-16.4978892175405,-5.32674752765293,7.66512172991174,7.98641858426377,1.34600500214988
27.5475906114436,-5.39427791231916,-16.8696700479837,-5.5338627604254,7.37569565038184,7.66379108924775,1.29624734867565
26.4961148084132,-6.18038502097476,-17.2446074141979,-5.74026613132145,7.10053324658232,7.32247830132847,1.24041863967207
25.4541353087333,-6.95605595696827,-17.6161119270312,-5.93877502858811,6.84380373129164,6.96676063884419,1.17968505874696
24.4236779352555,-7.71713082613583,-17.9784925081152,-6.12347455042091,6.6082050259691,6.60027702704561,1.11507236313769
23.4063048322008,-8.46013367112879,-18.3269607394875,-6.28966405302979,6.39516253759888,6.22598766287552,1.04747216083865
22.4032114466906,-9.18218271744297,-18.6575620852039,-6.43373045683612,6.20505822126627,5.84619813539804,0.977656623503071
21.4153219371008,-9.88088278586188,-18.9670678847886,-6.55298736462782,6.03745907550078,5.46262328547583,0.906296804738641
20.4433734129986,-10.5542190684572,-19.2528548790927,-6.64550901568246,5.89132621976654,5.07647319415832,0.833981023686456
19.4879831667288,-11.2004655154051,-19.5127915092465,-6.70997863336791,5.76519497780958,4.68854820669864,0.761230987368769
18.5496958961704,-11.818116254999,-19.74514380705,-6.74556306193966,5.65732276936134,4.29933394220375,0.688514327430795
17.6290098181654,-12.4058446685971,-19.9485084526205,-6.75181976468257,5.5658054953337,3.90909036884121,0.616252986867318
16.7263820477576,-12.9624917859442,-20.121776507953,-6.72863795288948,5.48866522801948,3.51793131761444,0.544827457265519
15.8422147956713,-13.4870831755442,-20.2641279902545,-6.67621231141929,5.42391297327307,3.1258924157472,0.474577280513838
14.976825053089,-13.9788713167288,-20.3750546420641,-6.59504513670746,5.36959055760503,2.73298657653428,0.405798531962563
14.1304013989733,-14.4373983766847,-20.4544056950023,-6.48597046452848,5.32379558436678,2.33924702251636,0.338739209562197
13.3029525351881,-14.8625725987242,-20.5024493808706,-6.3501920135057,5.2846931622636,1.94475847993702,0.273593576493574
12.4942527859514,-15.2547500629344,-20.5199412259953,-6.18932552617321,5.25051775592876,1.5496776400785,0.210496532281494
11.7037901739678,-15.6148127179668,-20.5081891738339,-6.00543561197108,5.2195681547439,1.15424427003469,0.149519025557186
10.9307226638058,-15.9442333924393,-20.4691054026882,-5.80105763045359,5.19019819596879,0.758784439429094,0.0906653758695243
10.1738476565265,-16.2451189788449,-20.4052353453298,-5.57919656677561,5.16080548031309,0.363707217446028,0.033873160409265
9.43158894602665,-16.5202243139963,-20.3197561037721,-5.34329728998606,5.12981991546594,-0.0305040447537082,-0.0209839279680418
8.70200404924507,-16.7729313281099,-20.2164389942788,-5.09718385513238,5.0956934611273,-0.423305020455001,-0.0740901082415081
7.98281320337674,-17.0071907852,-20.0995742975081,-4.84496934502387,5.05689194178083,-0.814107697476783,-0.125678535708521
7.27144947067252,-17.2274272443646,-19.9738601767381,-4.5909417135781,5.01188925608629,-1.20230110341395,-0.176019668077145
6.56512745249985,-17.4384114924336,-19.8442617954629,-4.33943464754907,4.95916379358631,-1.58727476283527,-0.225407523049575
5.86092625295704,-17.6451081270361,-19.7158502659652,-4.09469498543731,4.89719641102746,-1.96844382899349,-0.274144548342717
5.15588089182287,-17.8525088814418,-19.5936338109963,-3.86075924736681,4.82446906408432,-2.34527437678539,-0.322525954423067
4.44707551778792,-18.0654638891169,-19.4823945752221,-3.64135095329198,4.73946314081887,-2.71730690816017,-0.37082443067152
3.73173180729757,-18.2885231892357,-19.3865437855959,-3.43980771599884,4.64065680573355,-3.08417585971522,-0.419276160130106
3.0072868665605,-18.525799120943,-19.3100053071358,-3.25904296436646,4.5265211898067,-3.44562291387477,-0.468068949940639
2.27145666818298,-18.7808570875907,-19.2561335122402,-3.10154231655805,4.3955159826115,-3.80150222895987,-0.517333099357351
1.52228325811428,-19.0566381402573,-19.2276666088035,-2.96938997159115,4.24608579605817,-4.15177628574844,-0.567135349742566
0.75816623480101,-19.3554125938904,-19.2267119289344,-2.86431679412369,4.07665941172325,-4.49650177412071,-0.617475930118773
-0.022119055619832,-19.6787602712678,-19.2547560216683,-2.78775955737502,3.8856545957029,-4.83580568788457,-0.668288372124342
-0.819412847993018,-20.0275705134274,-19.3126902031406,-2.74092021465739,3.67149149128199,-5.16985244282713,-0.719441466017676
-1.63416749491007,-20.4020540210279,-19.4008416003529,-2.72481487251643,3.43261765678323,-5.49880330860959,-0.770742503725555
-2.46644506369195,-20.8017587966168,-19.5190004471996,-2.74030389348397,3.16754762282022,-5.82276972797935,-0.821940830487209
-3.31591259772191,-21.2255837895232,-19.6664361828096,-2.78809678002578,2.87491946478112,-6.14176226459623,-0.872730719058295
-4.18183279931269,-21.6717858541599,-19.8418972467433,-2.86872775913978,2.55357032499776,-6.45563704094178,-0.922752686257822
-5.06304927148446,-22.1379779941542,-20.0435920280106,-2.98250007260683,2.20263205039344,-6.76404170079491,-0.971592582236399
-5.9579670002597,-22.6211195630936,-20.2691512116905,-3.12939890103447,1.82164705573468,-7.06636331766544,-1.01877809736247
-6.86453040203027,-23.1175018026368,-20.5155745586811,-3.30897478712563,1.41070295204685,-7.36168128777741,-1.06377273484526
-7.78020308937111,-23.622735151553,-20.7791683795903,-3.52020178352518,0.970582169397369,-7.64872923170714,-1.1059678010609
-8.70195548078474,-24.1317478861908,-21.0554835403645,-3.76131774133217,0.502919433913173,-7.92587117414716,-1.14467355639317
-9.62626843727266,-24.6388088506402,-21.3392679271456,-4.02965856819281,0.0103553632238582,-8.19109866170354,-1.17911133611021
-10.5491629266106,-25.1375897210602,-21.624451492365,-4.32150399867091,-0.503331281182108,-8.442056632353,-1.20840913511958
-11.4662666739897,-25.6212834422772,-21.9041853987736,-4.63195894691937,-1.03313632605845,-8.67610615922271,-1.2316037337387
-12.3729278984509,-26.0827936912501,-22.170957758118,-4.95490046842045,-1.57281665015809,-8.89043081047007,-1.24765272170405
-13.2643824072047,-26.5150037234043,-22.4168048106473,-5.28302326923501,-2.11498064761049,-9.08218937074158,-1.25545947726239
-14.1359725411,-26.9111203255158,-22.6336257856895,-5.60801320105534,-2.65130769751367,-9.24871039710335,-1.25391298600402
-14.983404758772,-27.2650701256076,-22.813591107108,-5.92086502147078,-3.17290676999218,-9.38771382848205,-1.24194218999541
-15.803018742787,-27.5719041387207,-22.9496087029732,-6.21233653389652,-3.67079915349135,-9.4975334035784,-1.21858151224881
-16.5920285388344,-27.8281481335795,-23.0357873444508,-6.47349872971358,-4.13647834824583,-9.57730435138387,-1.18304093710458
-17.3486907691762,-28.0320295795209,-23.0678183880778,-6.69630875096101,-4.56246992825135,-9.62707813477844,-1.13477161360887
-18.0723610287841,-28.1835234328914,-23.0431975619147,-6.87411119834707,-4.94279727308816,-9.64783336948248,-1.07351750251186
-18.7634184004553,-28.2841901343199,-22.9612316956425,-7.00197460035976,-5.27326552076164,-9.6413696600805,-0.999345698153754
-19.4230658240907,-28.3368233551982,-22.8228184435204,-7.07679815307343,-5.55150861610679,-9.61009502967664,-0.912652320469751
-20.0530424656448,-28.3449688247449,-22.6300379541649,-7.09717308691211,-5.77679531313085,-9.55674062418101,-0.814145877130356
-20.6553038678923,-28.3124044774452,-22.3856378035049,-7.06303833813083,-5.94964387537475,-9.48405114786744,-0.704813943935495
-21.231730241044,-28.2426769780033,-22.0925129741226,-6.9752142963352,-6.07133525356153,-9.39450198511136,-0.585880598600012
-21.7839122051654,-28.1387702855777,-21.7532764089647,-6.83491894079032,-6.14342984563492,-9.29008490564698,-0.45876106294383
-22.3130409467096,-28.0029456831263,-21.3699867402305,-6.64336422603679,-6.16738180581788,-9.17218783246527,-0.325017317418297
-22.8199034726789,-27.8367513182615,-20.9440586340234,-6.4015021772401,-6.14431351537376,-9.04157582309666,-0.186315458308558
-23.3049604695323,-27.641163601523,-20.4763394512466,-6.10994962510122,-6.07497152904953,-8.89846438548647,-0.0443835321022749
-23.7684695901632,-27.4168007519237,-19.9673036529044,-5.7690788824413,-5.95984484204712,-8.74266486459031,0.0990318340629902
-24.2106132955035,-27.1641438330465,-19.4172998111232,-5.37922847392837,-5.79939551568871,-8.57377548088236,0.242210566480537
-24.6315974613618,-26.883712107805,-18.8267863159199,-4.940969852465,-5.59433625999174,-8.39139035824007,0.383504618929308
-25.0317017043473,-26.5761625405158,-18.1965083080487,-4.45536527524654,-5.34589110776402,-8.19530162750434,0.52138044919849
-25.4112800720231,-26.2423104962393,-17.5275938855445,-3.92416651078312,-5.05599114352037,-7.98567526116149,0.654454145462478
-25.7707259365694,-25.8830919509588,-16.8215738671875,-3.34992759561145,-4.72738101433078,-7.76318809548903,0.781515152134054
-26.1104237608499,-25.4995010061138,-16.0803489376146,-2.73602943533747,-4.36363585819822,-7.52911995599656,0.901536069331152
-26.4307114744592,-25.0925381291945,-15.3061365233997,-2.0866325791315,-3.9691057406689,-7.28539962716351,1.01366824641777
-26.7318714808212,-24.6631959634225,-14.5014269319878,-1.40658313773163,-3.54881232541129,-7.03460590652409,1.11722518896056
-27.0141589794032,-24.2124954296489,-13.668967506928,-0.701295692530919,-3.10832081690704,-6.77992543425671,1.21165759417607
-27.2778661329306,-23.741569624218,-12.8117792680118,0.0233708309155594,-2.65360232286664,-6.52506815347514,1.29652479974509
-27.5234122123058,-23.2517805051666,-11.9331971523015,0.761238692208051,-2.19089192546499,-6.27414041640297,1.37146753023904
-27.7514441720421,-22.744845184367,-11.0369153199095,1.50594157676778,-1.72653960029441,-6.03147606428206,1.43618617084883
-27.9629296388775,-22.2229454405578,-10.1270145302675,2.25106778579466,-1.26684711420457,-5.80142823156295,1.49042759416859
-28.1592245721086,-21.6887953066595,-9.20794947281985,2.9903244208172,-0.817885061211141,-5.58812940241861,1.53398199672432
-28.3421007820183,-21.145646941429,-8.28447984559062,3.71772553038315,-0.385289857829664,-5.39523393274777,1.56668946390403
-28.5137238744191,-20.5972239401376,-7.3615389960988,4.42779864084093,0.0259507589133028,-5.22566445915668,1.58845429081434
-28.6765793668089,-20.0475826794187,-6.44404642068384,5.11579438425652,0.411705876724443,-5.08138916831342,1.59926368930462
-28.8333531268377,-19.5009148575679,-5.53668312408229,5.77787596446745,0.768878351238951,-4.96325850741487,1.59920671001227
-28.9867802328509,-18.9613155295952,-4.64365879739444,6.41126169047184,1.09552368702388,-4.87092581548086,1.58848922037788
-29.1394821179743,-18.4325480402865,-3.76850428163367,7.01429647579235,1.39088840662429,-4.8028663575592,1.56744166898433
-29.2938139351815,-17.9178383246904,-2.91392028274916,7.5864370152439,1.65535585418263,-4.75649510551996,1.53651795167349
-29.4517417998472,-17.4197255482513,-2.08170413325865,8.1281483146175,1.8903013718141,-4.72836864872549,1.49628556512268
-29.6147633826219,-16.9399853046192,-1.2727628702965,8.64072301147759,2.09787279041164,-4.71444457006889,1.44740887785052
-29.7838771080061,-16.4796285584912,-0.4872065575373,9.12604609612407,2.28072274152448,-4.71036532217703,1.39062836488554
-29.9595970437724,-16.0389674395227,0.275495984531152,9.58633386557809,2.44172427967053,-4.71173398418469,1.32673885917254
-30.1420042027471,-15.617730378035,1.01632384172421,10.0238765564009,2.58370039614375,-4.71435520122731,1.25656935708664
-30.3308215316961,-15.215205156918,1.73649947150768,10.4408100590898,2.70919247730085,-4.71442380180116,1.18096596393107
-30.5254994239162,-14.8303889987688,2.43729651015956,10.8389352420658,2.82028466279436,-4.70865348640665,1.10077851666916
-30.7253004277964,-14.4621285536017,3.11987776523948,11.2195955822117,2.91849238747146,-4.69434656715365,1.01685054658696
-30.9293749960063,-14.1092380536787,3.78517446000598,11.5836164733561,3.00471558970579,-4.66941193896345,0.930011696771965
-31.1368236164736,-13.7705894908231,4.43381134245987,11.9313035657142,3.07925089444935,-4.63234204936443,0.841071510583995
-31.3467437219447,-13.445173382194,5.0660770378653,12.2624930495968,3.14185275493353,-4.58216094195909,0.750813591962221
-31.5582619103294,-13.1321319065498,5.68193542606739,12.5766438695959,3.19183098589323,-4.51835505188171,0.659989399539577
-31.7705529639458,-12.8307676936901,6.2810718773855,12.8729601936513,3.22817114276737,-4.44079690239471,0.569311267034892
-31.9828470809959,-12.5405315471881,6.8629676182427,13.1505318311225,3.24966457717736,-4.34966968566125,0.47944456726591
-32.1944259632098,-12.2609913674013,7.42699583935246,13.4084804571066,3.25503648220205,-4.24539828019919,0.39099921552437
-32.4046072700609,-11.9917831612255,7.97253375452155,13.6461001729585,3.24306252008271,-4.1285898203279,0.304520928313953
-32.6127162951897,-11.7325441784332,8.49908510093042,13.8629820586193,3.21266738095867,-3.99998474630797,0.220482828383365
-32.8180437998635,-11.4828284906787,9.00640702721907,14.0591137545661,3.1630014571209,-3.86041746700605,0.139278118467154
-33.0197901779353,-11.242007170666,9.49463381670544,14.2349467973068,3.09349440558015,-3.71078450851697,0.0612146308802295
-33.2169986182414,-11.0091585922007,9.96438775494105,14.3914265490494,3.0038864735671,-3.55201739136893,-0.0134879254412437
-33.4084830883251,-10.7829585700186,10.4168653278003,14.5299821240552,2.89423993675872,-3.38505746027233,-0.0846972888925803
-33.5927602380996,-10.5615840842254,10.8538858365747,14.652476810483,2.76493387557693,-3.21083043482053,-0.152364026749368
-33.7679966294642,-10.3426468543139,11.2778903156561,14.7611228779304,2.61664588090982,-3.0302193878347,-0.216512807577758
-33.9319834823104,-10.1231730249372,11.6918819797862,14.8583680992823,2.45032431130018,-2.84403600942708,-0.277229836902919
-34.0821493535583,-9.899641955975,12.0993050742991,14.9467640528925,2.26715451381529,-2.65299109508049,-0.334647188195876
-34.2156175171597,-9.66809096627478,12.5038664218423,15.0288280850944,2.06852212209658,-2.45766606307779,-0.388925156524877
-34.3293092406421,-9.42428460744057,12.9093117014179,15.1069110926453,1.85597614627998,-2.25848776224387,-0.440234013217871
-34.4200879366507,-9.16393818773112,13.3191752341211,15.1830821160162,1.63119409995173,-2.05570886482078,-0.488736601413424
-34.484933266776,-8.88297735813993,13.7365265099109,15.2590383095727,1.39595084716295,-1.84939579294889,-0.534573082573054
-34.5211298231137,-8.5778099801802,14.1637381835908,15.3360457190291,1.15209220831142,-1.63942553549013,-0.577848865191962
-34.5264524221444,-8.24558396914479,14.6022985433499,15.4149128919121,0.901513654808949,-1.42549201068951,-0.618626381692664
-34.4993298726652,-7.88440565458002,15.0526869949206,15.4959962834517,0.646143726225832,-1.20712197238768,-0.656921000980433
-34.4389709903013,-7.49349706248158,15.5143245582877,15.5792339151773,0.387931190682283,-0.983699911277626,-0.692701023574185
-34.345440449269,-7.07327677745434,15.9856037465332,15.6642020265324,0.128834534411813,-0.754500996580632,-0.72589143527046
-34.2196769922857,-6.62535674368743,16.4639943321028,15.7501884185289,-0.129187824538482,-0.518730790090374,-0.756380892348729
-34.0634522420741,-6.15245562388323,16.9462144102963,15.8362758791567,-0.384188104023307,-0.275570187815598,-0.784031267164985
-33.8792738030444,-5.65823714156293,17.4284503695315,15.9214291967395,-0.634241632170696,-0.0242237298524783,-0.80868896868421
-33.6702414551379,-5.14708848932358,17.9066056507256,16.0045799457677,-0.877461743659387,0.236030945966977,-0.830197165301369
-33.4398690884212,-4.62385867144342,18.376556620514,16.0847041658808,-1.11201688084218,0.505795127662232,-0.848407968979571
-33.191887484003,-4.09357921605084,18.8343946349936,16.1608892406997,-1.33614895971321,0.785505480882594,-0.863193610950358
-32.9300439781871,-3.56118990803224,19.2766362290361,16.2323876097903,-1.5481914965628,1.07539801611686,-0.874455677710444
-32.6579143131725,-3.03129017628398,19.7003877757323,16.2986561946121,-1.74658570704623,1.37548246900316,-0.882131603759832
-32.3787398258864,-2.50793292105033,20.1034562920306,16.3593814668165,-1.92989285861097,1.68552938696366,-0.886197848110118
-32.0952999833545,-1.99447247159381,20.484403651067,16.4144908702331,-2.09680158964162,2.00507120181196,-0.886669507540476
-31.8098263741726,-1.49347267552916,20.8425465042459,16.4641516863524,-2.24612962355846,2.33341724709127,-0.883596500060309
-31.523960209446,-1.0066755361977,21.1779082583317,16.5087585058507,-2.37682017362451,2.66968125099682,-0.877056834741318
-31.2387516819291,-0.53502592236991,21.4911322326237,16.5489103756105,-2.48793419687712,3.01281855369936,-0.867147808458805
-30.9546963354829,-0.0787440972238551,21.78336642875,16.5853784605624,-2.57864034387386,3.36166937401225,-0.85397617712412
-30.6718014332214,0.362564598847465,22.0561304921389,16.6190649587476,-2.64820487369404,3.71500404977441,-0.837648416395044
-30.3896740781194,0.789774604919969,22.3111745664982,16.650954002534,-2.69598390404134,4.07156631923169,-0.818262108792405
-30.1076226176368,1.20409101243372,22.5503382527369,16.6820554376269,-2.72142017755954,4.43011132499961,-0.795899301460435
-29.8247634378397,1.60689674437713,22.7754160671497,16.7133426121264,-2.72404611913858,4.78943594126966,-0.770622415225883
-29.5401264672099,1.9996045145634,22.988033980758,16.7456855930654,-2.70349444190956,5.14840006673634,-0.742473003423727
-29.2527541576601,2.38351993259864,23.1895399014632,16.7797814005308,-2.65951701458276,5.50593849433494,-0.71147339737148
-28.9617903632847,2.75972002994513,23.3809096212458,16.8160829840721,-2.59201222137557,5.86106377167114,-0.677631068601745
-28.6665569606183,3.12894962818475,23.562668673571,16.8547286260966,-2.50106064267164,6.21286100702188,-0.640945391153546
-28.366617265452,3.49153650398983,23.7348298607891,16.8954733603546,-2.38696857569459,6.5604758726369,-0.601416401189544
-28.0618262410067,3.84732530310814,23.8968459201636,16.9376239120711,-2.25031867330304,6.90309715818514,-0.559055112417877
-27.7523679524654,4.19562960419935,24.0475767141288,16.9799785619206,-2.09202674109117,7.23993515487292,-0.513894931739284
-27.4387810054113,4.53520142813361,24.1852706508265,17.0207734450494,-1.91340346578505,7.57019703646862,-0.466003718208469
-27.1219725393504,4.86421773084861,24.3075604633896,17.0576369926025,-1.71621946110453,7.89306024689859,-0.415496017421704
-26.8032211259208,5.18028397950046,24.4114742465839,17.0875547505069,-1.50277147793547,8.20764484798441,-0.362544979079018
-26.4841683673286,5.48045566117188,24.4934634270677,17.106847482057,-1.27594684958054,8.51298579338187,-0.307393415731478
-26.1667984824491,5.76127946407281,24.5494503309957,17.111166450989,-1.03928221332374,8.80800629586349,-0.25036339185622
-25.8534044879372,6.01885672804955,24.5748988349992,17.0955108379498,-0.79701123528392,9.09149378068319,-0.191863645880746
-25.5465391488548,6.24893247319301,24.5649123552085,17.0542734187542,-0.554094536549727,9.36208045188294,-0.132394061053437
-25.248948507778,6.44701357579319,24.5143635834658,16.9813214657482,-0.31622340633917,9.61823108616853,-0.0725463301520126
-24.963485987574,6.60851921155581,24.4180598343905,16.8701201197321,-0.0897875086579081,9.85824128761915,-0.0129999365748002
-24.6930057795781,6.72896509631728,24.2709459629959,16.713904531769,0.118203883344773,10.0802498117079,0.045487363894112
-24.4402358937949,6.80418002158958,24.0683433423539,16.5059044282453,0.300256885018031,10.282268507316,0.102095183705419
-24.2076338439855,6.83054849759687,23.8062180195509,16.239619814768,0.448591166060438,10.4622325881164,0.155962523180771
-23.9972315178714,6.80526722518931,23.4814642683138,15.9091392544612,0.55540267344052,10.6180721458009,0.206215858376933
-23.810479796128,6.7265963777151,23.0921821073325,15.5094829816158,0.613183902539335,10.7478029509834,0.252002230940495
-23.6481072452935,6.59408076884486,22.6379207251553,15.0369435651141,0.615084174976021,10.8496309611644,0.292525406886178
-23.5100094911388,6.40871280453327,22.1198562160665,14.4893891557907,0.555281489842814,10.9220611671767,0.327082344282417
-23.3951856315544,6.17301057332906,21.5408737978229,13.8664913171542,0.42932894683836,10.9639984676483,0.355096633633964
-23.30173438617,5.89099155094946,20.9055327967665,13.1698431796178,0.234435419767671,10.9748271356353,0.376145462739813
-23.2269159095981,5.56803480304184,20.2199068100083,12.4029449937021,-0.0303557903742802,10.9544569518883,0.38997715114533
-23.1672762503581,5.21064000311006,19.4913088583592,11.5710514206249,-0.364114906963604,10.9033281784776,0.396517382136061
-23.118822471496,4.82610661029862,18.7279282500318,10.6808945846392,-0.76410754592902,10.8223735493479,0.395863741525172
-23.0772294803891,4.42216748938555,17.9384180385547,9.7403142990229,-1.22599886257281,10.7129418872893,0.388269722691983
-23.0380563759218,4.00661562242453,17.1314766929874,8.75783799014449,-1.74415217345633,10.5766933235399,0.374120625122435
-22.9969509812379,3.58695978528962,16.3154642338921,7.7422555316055,-2.31198433891492,10.4154791732355,0.353904499121035
-22.9498255919835,3.17013661207824,15.4980833834394,6.70222891730675,-2.92233795149705,10.2312199352754,0.328181388906076
-22.8929933021014,2.76229502871298,14.6861432609882,5.64596583899406,-3.5678350065827,10.0257929768165,0.297553689777746
-22.8232609880228,2.36865750337357,13.8854101515669,4.58097312054284,-4.24118590589489,9.8009381447027,0.262639668450353
-22.7379806609251,1.99345311311701,13.1005392523967,3.51389357575215,-4.93543851392376,9.55818576093742,0.224051328874056
-22.6350648281152,1.63991119741388,12.3350743842286,2.4504202500374,-5.64416214220349,9.29880808745934,0.182377029283025
-22.5129735666447,1.31030143011078,11.5914994665268,1.3952759468061,-6.36156926576926,9.02379284795839,0.138168678478422
-22.3706814664453,1.00600588077244,10.8713253730818,0.352243232121307,-7.08258291934709,8.73383589917447,0.0919329917744072
-22.2076319260654,0.727610159646259,10.1751975832682,-0.675769991551001,-7.80286024003869,8.42934954497251,0.0441261457251293
-22.0236850651963,0.475003176671403,9.5030128732459,-1.68664267696505,-8.51878311273015,8.11048308713966,-0.00484881624626672
-21.8190640399584,0.247477703766716,8.85403631865912,-2.67894152165558,-9.22742599050815,7.77715270079106,-0.0546423672373782
-21.5943031272616,0.0438263865023866,8.22701265702998,-3.6518188617929,-9.92650933156981,7.42907840781995,-0.104957056256382
-21.3501997443728,-0.137570101017623,7.62026836364243,-4.60491340527447,-10.6143451976261,7.06582663718097,-0.155544470816238
-21.0877715652265,-0.298664463427843,7.03180256677597,-5.53825748398045,-11.2897796786719,6.68685746941873,-0.20620068868056
-20.8082190703538,-0.441674226847624,6.45936626845529,-6.45219267496092,-11.9521351090601,6.29157610488968,-0.256760196821806
-20.5128932184231,-0.569022693826783,5.90053042268061,-7.34729408107014,-12.6011536180934,5.87938835539423,-0.307088190313627
-20.2032672257915,-0.683287974341804,5.35274437895237,-8.22430213041723,-13.2369423350277,5.44975997636048,-0.357071143943098
-19.8809108333224,-0.787157695652486,4.81338725673277,-9.08405941566164,-13.8599196258758,5.00227950751819,-0.406605577906533
-19.5474646892968,-0.88338590584981,4.27981600374703,-9.92744876382878,-14.4707609305036,4.53672393041233,-0.455585012620103
-19.2046117955707,-0.974747481819059,3.74941526850904,-10.7553275333603,-15.0703421847702,4.05312597931384,-0.503885224387891
-18.8540423130912,-1.06398415975857,3.21965560566431,-11.5684522272684,-15.6596783871085,3.55184137151949,-0.551348064246985
-18.4974076884209,-1.15373539654322,2.68816765951944,-12.3673872636477,-16.2398547328077,3.03361364562991,-0.597764279073728
-18.1362602020184,-1.24644704631491,2.15284034520299,-13.1523925498685,-16.8119479337003,2.49963374478572,-0.642855965518866
-17.7719750135915,-1.34425180263592,1.61195009346191,-13.9232868733524,-17.3769360721187,1.95159100771063,-0.686259489295535
-17.4056537946412,-1.44881802056872,1.06432531294713,-14.6792884015661,-17.9355967340602,1.3917118165148,-0.727509914355001
-17.0380121917556,-1.56116827198752,0.509544871309082,-15.4188398465068,-18.488395314441,0.822781760626983,-0.766028213767541
-16.6692576937496,-1.68147588632763,-0.0518385157200205,-16.1394338327027,-19.0353684300692,0.248146793951162,-0.801112788245856
-16.2989695336305,-1.80885637018773,-0.618069130070669,-16.8374627035271,-19.5760111150376,-0.328311494998134,-0.831937089853463
-15.9259972872366,-1.94117988796652,-1.18598334961489,-17.5081246980627,-20.1091804749578,-0.902231522038833,-0.85755539106921
-15.5483986990925,-2.07493902954547,-1.75086848899926,-18.1454227408877,-20.633031957677,-1.46886279702425,-0.876918845997552
-15.1634384035082,-2.20521022229002,-2.3064297720448,-18.7422900907311,-21.1450060481016,-2.02319529942605,-0.888903780176175
-14.7676659461488,-2.32574427410079,-2.84490647079877,-19.2908660632294,-21.6418813842426,-2.56012639106677,-0.89235339791158
-14.3570826972611,-2.42920902090191,-3.35736350982904,-19.7829237413387,-22.1199036596904,-3.07465873351418,-0.886132646630281
-13.9273927282508,-2.50758406265677,-3.83415777249015,-20.2104213938582,-22.5749874846302,-3.56211513282755,-0.869193834549035
-13.4743146939286,-2.55267674000844,-4.26554214748545,-20.566116101743,-23.0029721717394,-4.01834853812603,-0.840648101422682
-12.9939144457755,-2.55669672748546,-4.6423332557776,-20.8441512445553,-23.3998957030833,-4.43992018440881,-0.799835648881874
-12.4829075618061,-2.51280412994061,-4.95654291328373,-21.040520269743,-23.76223981113,-4.82421899829833,-0.746386582665894
-11.9388824119234,-2.41554277096585,-5.20187043227963,-21.1533252040368,-24.0870987305808,-5.16950262775492,-0.680264919476729
-11.3604096897069,-2.2610913461251,-5.37397840232098,-21.182789291765,-24.3722377356748,-5.47485419057237,-0.601790796402873
-10.7470300769967,-2.04730630010969,-5.47052364319147,-21.1310382287009,-24.6160328708168,-5.74006568348195,-0.511639474643636
-10.0991399113343,-1.77357912921471,-5.49097259991067,-21.0017161811523,-24.8173133277811,-5.96547399016913,-0.410819170587535
-9.41781589375345,-1.44057100781431,-5.43627730557986,-20.7995337908379,-24.9751530914904,-6.15178399441256,-0.300631990407129
-8.70462726009353,-1.04990619430977,-5.30850904196309,-20.5298464073142,-25.088670754436,-6.29991319362871,-0.182622847525913
-7.96147605179877,-0.603898218262032,-5.11053709266927,-20.1983339317853,-25.1568920697132,-6.41088408152529,-0.05852055880803
-7.19048749479389,-0.105354774534766,-4.84580612086681,-19.8108108888166,-25.1787109477936,-6.48577745818452,0.0698257861145987
-6.39395062447875,0.442529428573071,-4.51822193944936,-19.3731523840272,-25.1529572897438,-6.52574559760683,0.200512762785367
-5.57429207660845,1.03621445608692,-4.1321175893672,-18.8912921943796,-25.0785527345926,-6.53207240439028,0.331648297380487
-4.73405851456085,1.67183131672279,-3.69225115880864,-18.3712402118395,-24.9547156445924,-6.50626057015308,0.461413799788296
-3.87588643058988,2.34521153151663,-3.20378737721373,-17.8190766747167,-24.7811691708814,-6.45012399017473,0.58811872409176
-3.00244898038756,3.05195410385813,-2.67223243649878,-17.2409024823056,-24.5583113909389,-6.36586650761344,0.710243483017188
-2.11638280448859,3.78753269556135,-2.10331633497064,-16.6427484383901,-24.2873208764296,-6.25613364904873,0.826467593387888
-1.22020821187963,4.54742717412747,-1.50283909652,-16.0304629154736,-23.9701885632448,-6.12403022456176,0.935681760364677
-0.316260521573094,5.32725362994639,-0.876509529751133,-15.409603237376,-23.6096818263407,-5.97310179417541,1.03698484305416
0.593351625989021,6.12286709490317,-0.229805816702257,-14.7853517329631,-23.2092554599424,-5.80728115621544,1.12966868793114
1.50675173502244,6.93041933440309,0.432121326435321,-14.1624669700291,-22.7729262078442,-5.63080230185211,1.21319520280396
2.42226382763092,7.74636608223971,1.10449513862941,-13.5452689752355,-22.3051243087887,-5.44808449063457,1.28717055449508
3.33835057251716,8.56742986955514,1.7829138556808,-12.9376481684802,-21.8105302638013,-5.26358932888937,1.35132103885599
4.2535334672841,9.39053327316353,2.46332037756321,-12.3430831440325,-21.2939003624359,-5.0816548581873,1.40547416313088
5.16630992043903,10.2127217470426,3.14195888840386,-11.7646527277198,-20.7598825814953,-4.90631322160741,1.44954704963337
6.0750817484307,11.031095081473,3.81533614755628,-11.2050319132415,-20.2128257581084,-4.74110227012463,1.48354264997621
6.97810681802308,11.8427626888602,4.48020067151177,-10.6664679067146,-19.6565889846521,-4.58888570803664,1.507552690593
7.87348095029064,12.6448314512925,5.13354609971334,-10.1507398031189,-19.094363377848,-4.45169969159835,1.52176497861388
8.75915156527412,13.4344271688818,5.77263737534234,-9.65911162799283,-18.5285226736531,-4.33064467124429,1.52647189498501
9.63295890006629,14.2087433120669,6.39505171326843,-9.19229214006171,-17.9605205869472,-4.22583857438229,1.5220767511736
10.4926960091703,14.9651052463374,6.99872211477172,-8.75041494195898,-17.390850240294,-4.13644091639358,1.50909521864497
11.3361761113201,15.7010355478127,7.58197030548127,-8.33304912881005,-16.8190743714971,-4.06074812352603,1.48815014141311
12.1612956071135,16.4143067711013,8.14351836353314,-7.93924481317353,-16.2439257573542,-3.9963502636659,1.45995942510626
12.9660831648374,17.1029716525288,8.68247308360115,-7.56761112026272,-15.6634677331696,-3.94033096142267,1.425318016434
13.7487289196954,17.7653660030049,9.19828278399383,-7.21641844219553,-15.0752971512953,-3.88948747069743,1.38507592776963
14.5075920208392,18.4000849916313,9.69067126374314,-6.88371324368094,-14.4767682174209,-3.84054752264788,1.34011465163829
15.2411885184451,19.0059379093203,10.1595568695982,-6.56743305249902,-13.8652157839853,-3.79036319573662,1.29132415905004
15.9481643186328,19.5818892140763,10.604965795316,-6.2655111173788,-13.2381601678442,-3.73606825589182,1.23958214121051
16.627259313305,20.1269944760329,11.0269480047415,-5.9759635802955,-12.5934808470273,-3.67519239260826,1.18573644154217
17.2772692015768,20.6403394444209,11.4255023756235,-5.69695589885166,-11.9295521929498,-3.60573207277581,1.13059095493906
17.8970110934913,21.1209891651938,11.8005154264491,-5.42684865360337,-11.2453393468636,-3.52618235922293,1.07489475509007
18.4852982243194,21.5679525895318,12.1517160088029,-5.16422531059982,-10.5404559945976,-3.43553673478731,1.01933391305806
19.0409281284067,21.9801666015345,12.4786468723672,-4.90790577094417,-9.81518793965306,-3.33326289777731,0.964525369293276
19.5626875220619,22.356501961001,12.7806531038991,-4.65694976088895,-9.07048728691909,-3.21926211338835,0.911012271357677
20.0493756957052,22.6957920024194,13.0568868464872,-4.4106535342092,-8.30794202571009,-3.09381851424029,0.859260324684139
20.4998465895586,22.9968832121827,13.3063273669815,-4.16854237717483,-7.52972537966849,-2.95754325833362,0.809654887954739
20.9130674697137,23.2587044666234,13.5278149808801,-3.93036022475667,-6.73852857212279,-2.81131695074292,0.762498719556208
21.2881898004254,23.480349378736,13.7200967540355,-3.69605667722738,-5.93748008686268,-2.6562325115458,0.718010445350627
21.6246255349856,23.6611638626625,13.8818811278546,-3.46577094574305,-5.13005406547263,-2.49353977728418,0.676323938861215
21.9221203201109,23.8008294461454,14.0118979725061,-3.23981190268433,-4.31997033355812,-2.32459260198432,0.637488881223547
22.1808143034795,23.8994323198637,14.1089601378888,-3.01863344568689,-3.51108862168949,-2.15079899028254,0.601472782309997
22.4012820262221,23.9575093052911,14.1720227235484,-2.80280480407707,-2.70729987915912,-1.97357479033866,0.568164701780799
22.5845449593678,23.9760644496447,14.2002368412311,-2.59297604280336,-1.91241797558116,-1.79430153970991,0.537380799021778
22.7320538480467,23.9565540141237,14.1929958350827,-2.3898397715644,-1.13007551953306,-1.61428914498025,0.508871692010048
22.8456420842694,23.9008419962594,14.1499732260365,-2.19409070535418,-0.36362775202421,-1.43474406061356,0.482331425879101
22.9274554466386,23.8111325722399,14.0711529977401,-2.00638515965091,0.383931557529554,-1.25674352157162,0.457407683874459
22.9798667245496,23.6898889037615,13.9568537968651,-1.82730268244035,1.11003868234576,-1.08121616753168,0.433712741621642
23.0053854980525,23.5397491559231,13.8077490107339,-1.65731182835371,1.8126101948887,-0.908929129364183,0.410834598066933
23.0065732901899,23.3634499911948,13.6248843366234,-1.49674161852924,2.49007315742517,-0.740481387704533,0.388347724041782
22.9859726282055,23.1637655202189,13.4096934765541,-1.34575962580445,3.14137468242804,-0.576303025301451,0.365822952983105
22.9460554832817,22.9434660497501,13.1640110843319,-1.20435699825723,3.76597149724386,-0.416659910818943,0.342836180086552
22.8891929360073,22.7052969133208,12.8900805165133,-1.07234021638811,4.36380125624305,-0.261663383967969,0.318975714990948
22.817644014195,22.4519735663637,12.5905524613501,-0.949329018051224,4.93523822819442,-0.111284614819968,0.293848311853312
22.7335586393456,22.186186207228,12.2684698543493,-0.834759770161086,5.48103666549699,0.0346265662637588,0.267084057383167
22.6389874061427,21.9106053782678,11.9272346245298,-0.727893550561027,6.0022655258382,0.176318519003571,0.238340396754752
22.5358904087493,21.6278801732427,11.5705532468072,-0.627828293160287,6.50023835784172,0.314110552460779,0.207305611450102
22.4261380331026,21.3406222576114,11.2023604038273,-0.533514449394828,6.97644197294334,0.44836207116792,0.173702020435076
22.3114988739915,21.0513720521749,10.8267231814903,-0.443773702809693,7.43246712652552,0.579438988094574,0.137289074429407
22.1936129079268,20.7625471585325,10.4477313126061,-0.357320315977336,7.86994377712159,0.707678765689941,0.0978663728693618
22.0739513264552,20.4763768055073,10.0693814121218,-0.272784723124338,8.29048269230278,0.833355886518292,0.0552764918148334
21.9537672931476,20.1948289427728,9.69546426406981,-0.188739045676633,8.69562432017079,0.95664982233166,0.00940740426030809
21.8340438078771,19.9195380735399,9.32946373392481,-0.103724324457687,9.08679509056443,1.07761756355776,-0.0398057697554259
21.7154455019146,19.6517417803838,8.97447390592233,-0.0162794076327403,9.46527076770806,1.19617245464471,-0.092379916098349
21.5982806200284,19.3922324336376,8.633138153157,0.0750284680687344,9.83214626283604,1.31207050816855,-0.148284120625484
21.4824779175824,19.1413282646632,8.30761079158696,0.171571423701709,10.1883114431661,1.42490466638555,-0.207440909074219
21.3675812474662,18.8988655526677,7.99953953105171,0.274627346736909,10.5344329321021,1.53410681154174,-0.269728400746762
21.2527625405367,18.6642115244458,7.71006555194054,0.38534590559335,10.8709425035138,1.63895684014985,-0.334983136164959
21.1368522333188,18.4362961912273,7.4398379054074,0.504715965803957,11.1980333662826,1.7385979235571,-0.403003282485311
21.0183848987142,18.2136605783525,7.18903973093505,0.633537150262917,11.5156661425195,1.83205718595106,-0.473551918813165
20.8956570849152,17.9945186425189,6.95742511101369,0.77239911301834,11.8235866128464,1.91827140060173,-0.546360146965594
20.7667939960158,17.7768302849964,6.74436667299874,0.921672570921495,12.1213572093879,1.99611782187972,-0.621129839652789
20.6298214708821,17.5583829539438,6.54891483502229,1.08151606037806,12.4084037068906,2.06445079019913,-0.697535899195103
20.4827399093676,17.3368794555674,6.36986969643488,1.25190165410957,12.6840777749377,2.12214515981846,-0.775227941045779
20.3235969857971,17.1100294390915,6.20586583122956,1.4326614728407,12.9477349093957,2.16814776658505,-0.853831319866928
20.150556434923,16.8756418610503,6.05546887225886,1.62355487486182,13.1988260190022,2.20153802350549,-0.932947392075346
19.9619607293382,16.6317155237818,5.91728097451862,1.82435389054677,13.4369996204993,2.22159824934089,-1.01215287279929
19.7563861260218,16.3765246576235,5.79005033481363,2.03494202828761,13.6622103050285,2.22789348376697,-1.09099812928203
19.5326891972254,16.1086964441515,5.67277817211555,2.25541923836585,13.874827847339,2.2203592973468,-1.16900428929849
19.2900445301247,15.8272773791299,5.56481515760808,2.48620377406213,14.0757400376126,2.19939445196661,-1.24565916768053
19.0279736645155,15.5317853789455,5.46593835302046,2.72812007789591,14.2664409744229,2.16595319229248,-1.32041225127561
18.7463652752716,15.2222443375747,5.37639931034703,2.98246074897348,14.4490950435163,2.12162945612076,-1.39266932703787
18.4454862282581,14.8991975726852,5.29693426610417,3.25101030775403,14.6265653878074,2.06872253671199,-1.46178777511897
18.1259823242147,14.5636962257901,5.22872849411555,3.53601916062696,14.8023946291037,2.01027104004392,-1.52707400734264
17.7888664326216,14.2172584443468,5.17332919900982,3.84011835752029,14.9807256211858,1.95004001165705,-1.58778489801142
17.4354907136466,13.8617955799391,5.13250528607304,4.16617005563514,15.1661521820301,1.89244589067207,-1.64313518080328
17.0674990405121,13.4995030967901,5.10805819745077,4.51705553055876,15.3634950433666,1.84240673009785,-1.69231248338446
16.6867561896779,13.1327169191958,5.1015956418822,4.89541211379529,15.5775074459549,1.80511206111531,-1.73450080041058
16.2952521765673,12.7637405411584,5.11428847043146,5.30334153455049,15.8125274490353,1.78571825425349,-1.76891172591363
15.8949834970182,12.3946538994619,5.14663823541482,5.74212249165924,16.0721082114522,1.78899015181968,-1.79482087137588
15.4878174995821,12.0271204157859,5.19828643911779,6.21196648041822,16.3586694744517,1.81892506754802,-1.81160502599763
15.075350563871,11.6622118850184,5.26789365644521,6.71185452597187,16.6732185720886,1.87840637166465,-1.81877439500261
14.658773979758,11.3002705202771,5.35310670458438,7.23948183511614,17.0151840599645,1.9689361549621,-1.81599430109942
14.2387619423167,10.9408226420519,5.45061633307474,7.79131872093819,17.3823886423985,2.09048728992705,-1.80309229684494
13.8153935564412,10.5825502454465,5.55629059573686,8.36277413061122,17.7711640985603,2.24149583449498,-1.78004944988109
13.3881158481859,10.2233173616075,5.6653552940968,8.94842915350796,18.1765861201065,2.41899028453293,-1.74697785264799
12.955748891958,9.86024048077078,5.77258670321805,9.5422974989187,18.5927884421224,2.6188317153819,-1.7040891750286
12.5165292776122,9.48978865092068,5.87248468905883,10.1380706778926,19.0133083882186,2.83602441699815,-1.65166059108719
12.0681854173505,9.10789978866914,5.95940468998919,10.7293161460845,19.4314204265395,3.06505288667135,-1.59000440120821
11.6080378978625,8.7101043045439,6.02764133324824,11.3096129429672,19.8404273100635,3.30020683006143,-1.51944638981759
11.13311967699,8.29165350710066,6.07147088889639,11.8726267983941,20.2338950019565,3.53586742641769,-1.44031596750059
10.6403129645531,7.84765605547574,6.08517123245124,12.4121413308521,20.6058327984138,3.7667411468919,-1.35294897294201
10.1265008232702,7.37322911184776,6.06304468108259,12.9220715761758,20.9508307037717,3.98803848473264,-1.25770204380337
9.58873073520997,6.86367041065848,5.99947000406227,13.3964895173658,21.2641706016318,4.19560224413643,-1.15497586591675
9.02438409552193,6.31465258625703,5.88900460124839,13.8296880453959,21.5419259543891,4.38599319572879,-1.04524340949268
8.4313402634579,5.72243220422115,5.72654633621429,14.2162999063527,21.7810577067292,4.55654062790048,-0.929078486374411
7.80811778912196,5.08405466467722,5.50754777067018,14.5514723805415,21.9795035092927,4.70536278625067,-0.807179688755121
7.15397111274576,4.39752563018894,5.22825629160731,14.8310789788942,22.1362460952233,4.83135880942209,-0.680385144589883
6.46892116841396,3.66191407028781,4.88593664117764,15.0519307116044,22.2513382280888,4.93417095562823,-0.549674676435101
5.75370490421721,2.87735533540957,4.47902366205092,15.2119372554493,22.3258593894484,5.01411477286592,-0.416157846744286
5.00964201196082,2.04493684666393,4.0071579870913,15.3101685056311,22.3617857983762,5.07207606913935,-0.281048751818007
4.23843455553628,1.16647216545582,3.47107760279859,15.346782261557,22.3617699128827,5.10937689014929,-0.145630759122314
3.44193194013077,0.244195626801259,2.87237001128923,15.3228120692879,22.3288449766633,5.12761729987564,-0.0112160486725665
2.62190428623969,-0.719568682018181,2.21312436929741,15.2398430009462,22.2660885835503,5.12850411097124,0.120894673552751
1.77986798762589,-1.72270014937155,1.49554993362211,15.099632396964,22.1762910473624,5.11368051571257,0.249447702605854
0.916997451910441,-2.76347919409065,0.721638131433564,14.9037485387364,22.0616761165839,5.0845711122697,0.373264294381617
0.0341394910713184,-3.84065039971536,-0.107062250865861,14.6532985693512,21.9237130959049,5.04225519188543,0.491260435214122
-0.868073674375716,-4.95333968023404,-0.989510882189284,14.348799219019,21.7630438134682,4.98737810761776,0.602459726155116
-1.78903545754123,-6.10084232025869,-1.92506937481706,13.9902154959189,21.5795293164263,4.92010692136685,0.706001862583044
-2.72793582213102,-7.28232229919516,-2.91324271119825,13.577160499322,21.3724035004015,4.84013285532297,0.801149401271209
-3.68353385358438,-8.49647823177162,-3.9533168665724,13.109220573963,21.1405069906923,4.74671954433782,0.887294845790166
-4.65397227066456,-9.74123577170345,-5.04395876733248,12.5863487156839,20.8825654402558,4.63879247109132,0.963968838809663
-5.63666612943856,-11.0135206173558,-6.18285024788443,12.0092586699667,20.5974728528249,4.51506128161345,1.03084884844796
-6.62828499433015,-12.3091516640107,-7.36642049141519,11.3797535052917,20.2845422157305,4.37416310394509,1.08776657829476
-7.62483221171002,-13.6228731109998,-8.58972321661299,10.700935190134,19.9436925410207,4.21481225081366,1.13471174817588
-8.62180935193993,-14.9485211817534,-9.84647915644289,9.97726328041791,19.5755523280669,4.03594059996796,1.17183003540126
-9.61444123080024,-16.2792999336243,-11.1292763168565,9.21445692251882,19.1814727937279,3.83681415194576,1.19941377595206
-10.5979294867555,-17.6081254845391,-12.4298958317679,8.41925961050218,18.763457608138,3.61711481945702,1.21788524905543
-11.5677015619497,-18.9279914659159,-13.7397147421335,7.59910541275092,18.3240268158342,3.37698174912368,1.2277736433133
-12.5196267038187,-20.2323111021936,-15.050131286905,6.7617354128622,17.8660393080799,3.11701226575342,1.22968778644118
-13.4501793615494,-21.5152010149478,-16.3529627946752,5.9148131091654,17.3924997381997,2.83822756596151,1.22428718309308
-14.3565407955014,-22.7716856844027,-17.640778403868,5.0655794396292,16.9063730153292,2.54201170594645,1.21225382900577
-15.2366393087721,-23.9978156193729,-18.9071443748467,4.22057516208256,16.4104236322128,2.23003381159348,1.19426675525501
-16.0891368353619,-25.1907042243064,-20.1467750827928,3.38544427497638,15.9070901804582,1.90416305092692,1.1709805308809
-16.9133739428876,-26.348496465401,-21.3555951055342,2.5648197844732,15.3983988648236,1.56638428021539,1.14300821370859
-17.7092868465953,-27.4702865621322,-22.5307259864544,1.76228402139823,14.8859146847931,1.21872007947334,1.11090864328404
-18.4773094764479,-28.5560027489422,-23.6704153384263,0.980390264188046,14.3707255843184,0.863162688833901,1.07517758982578
-19.2182717727231,-29.6062756518443,-24.7739267345489,0.220730167913465,13.8534531386114,0.501617494234088,1.03624210835854
-19.9333029279337,-30.622304043786,-25.8414073873781,-0.515968402092968,13.3342828961681,0.135858340435722,0.994457454824576
-20.6237457735586,-31.6057285193512,-26.8737479740146,-1.22972696230895,12.8130079036958,-0.232505933421546,0.950106039405906
-21.2910861660561,-32.558520396721,-27.8724457957726,-1.92119694041624,12.289079782865,-0.602054829123021,0.903398056821888
-21.9368992808516,-33.4828903317539,-28.8394793674043,-2.59154409199535,11.7616627809357,-0.971570700368314,0.854473599939373
-22.5628131073983,-34.3812186750066,-29.7771996478669,-3.24234325850986,11.2296872324787,-1.34004579094934,0.803406194171891
-23.1704882196432,-35.2560076655914,-30.6882406801669,-3.8754876566418,10.691899810006,-1.70668311271087,0.750207774134863
-23.7616120035912,-36.1098540568855,-31.575450391774,-4.49311493714075,10.1469087433972,-2.07089240098128,0.694835155629613
-24.3379049566153,-36.9454397255408,-32.4418407617511,-5.09755064721433,9.59322286795069,-2.43228229506204,0.637198042301868
-24.9011363647948,-37.7655371370469,-33.290555418354,-5.69126847449624,9.02928391993796,-2.79064978262311,0.57716855685543
-25.4531466199602,-38.5730262450693,-34.1248520049735,-6.276865733014,8.4534919868424,-3.14596780738817,0.514592215762325
-25.9958736040802,-39.3709194148449,-34.9480962704146,-6.85705193491586,7.86422446778509,-3.49837175073902,0.449300185940215
-26.5313808918168,-40.1623912094349,-35.7637647210978,-7.43464791326651,7.25984935384152,-3.84814524229032,0.381122582973567
-27.0618859172225,-40.9508102399356,-36.5754526898412,-8.01259272599446,6.63873414613589,-4.19570541743111,0.309902502365661
-27.5897866134661,-41.7397706077802,-37.3868846750052,-8.59395535623042,5.99925234731221,-4.54158731258409,0.235510426490536
-28.1176852762039,-42.5331206359432,-38.2019236598926,-9.1819478981746,5.33979025254599,-4.88642657582626,0.157858629173959
-28.6484083270273,-43.3349863170932,-39.0245755831782,-9.77993631611825,4.65875775997937,-5.23093906966245,0.0769152157455141
-29.1850201806436,-44.1497860957651,-39.8589841183473,-10.391443868012,3.95460815708067,-5.5758952755323,-0.00728249912019979
-29.730828338397,-44.9822319550554,-40.7094092093771,-11.0201407684557,3.22587328599543,-5.92208668328245,-0.0946154489695948
-30.2893751973869,-45.8373094055508,-41.5801805633868,-11.6698116432116,2.47122209372093,-6.27028062217341,-0.184871086090783
-30.8644097181163,-46.7202256545347,-42.4756144076427,-12.3442898165191,1.68955213418993,-6.62115929598686,-0.277732173173001
-31.4598293306759,-47.6363114330277,-43.3998788085637,-13.0473447504821,0.880124840938372,-6.97523826499691,-0.372765473381203
-32.0795793942387,-48.5908578637811,-44.3567900284461,-13.7825063790188,0.0427558366327645,-7.33275943448556,-0.469409364805491
-32.7274947803846,-49.5888663225973,-45.3495207990133,-14.5528083979476,-0.821929520388261,-7.6935541202426,-0.566959119119719
-33.4070664072659,-50.6346875273095,-46.3802021913009,-15.3604328817228,-1.71216882958737,-8.05687348348654,-0.664548510149793
-34.1211160026005,-51.7315279122315,-47.4494058899782,-16.2062426541947,-2.62466490104019,-8.42118736311159,-0.761126777490516
-34.8713670148356,-52.880809726949,-48.5555061477855,-17.0891983486157,-3.55413296503272,-8.78395940617163,-0.855431064484558
-35.6579109511009,-54.0813899515812,-49.6939439576877,-18.0056775367049,-4.49283082772878,-9.14141757567281,-0.945956613378882
-36.4785901721296,-55.3286772481607,-50.8564542454144,-18.948747660134,-5.43014252322694,-9.48835541482861,-1.03093049301613
-37.3283531218372,-56.6137392122614,-52.0303714603008,-19.9074946626542,-6.3523267694382,-9.81801986227029,-1.10829935663702
-38.198686210196,-57.9225629327519,-53.1981948095667,-20.866571025611,-7.24258164023183,-10.1221613375578,-1.1757467944763
-39.0772794116997,-59.2357054270869,-54.3376517731988,-21.8061830520476,-8.08159610395808,-10.3913306681213,-1.230759056325
-39.9481182979657,-60.5286127413288,-55.4225095631629,-22.702752894784,-8.84872579295103,-10.6154889861711,-1.27075567879907
-40.792178042357,-61.7728446046636,-56.4242984295432,-23.5304187215457,-9.52381261825603,-10.7849349804346,-1.29329000585326
-41.5887902084913,-62.9382683933657,-57.3148948940119,-24.2633432525408,-10.0894609409709,-10.8914475281523,-1.29630267134897
-42.3175581371696,-63.9959871076325,-58.0695979110411,-24.8785112928734,-10.5333425424255,-10.9294207891956,-1.27838437785757
-42.9604710952436,-64.9214400879757,-58.6700407900874,-25.3584226892162,-10.8499488306487,-10.896695794478,-1.2389857804544
-43.5037259868047,-65.6969362320736,-59.1061931439933,-25.6929921476559,-11.0412677491331,-10.7948308108803,-1.17851623120171
-43.9388100327812,-66.3129879420473,-59.3769268939064,-25.880155753203,-11.1161634195774,-10.6287131613114,-1.0983035094458
-44.2626317335419,-66.7681942000577,-59.4890769208553,-25.9250969223465,-11.0886538459582,-10.4056295912443,-1.00043050153935
-44.4767964593178,-67.0678866159003,-59.4553944088895,-25.8384370287583,-10.9756065313364,-10.1340723069485,-0.88749954659394
-44.5863535229183,-67.2220739851112,-59.2920458060848,-25.6339801588529,-10.7944572626066,-9.82259176026255,-0.762384982120896
-44.5984072792736,-67.2432848212656,-59.0162808115593,-25.3265854205594,-10.5614112424941,-9.47892430418396,-0.628020202786024
-44.5209027849394,-67.1447561429511,-58.6446670326249,-24.9305410159342,-10.2903309202251,-9.10948906255896,-0.487240550027196
-44.3617480709469,-66.939180863514,-58.1920190921322,-24.4585693685383,-9.99228454039256,-8.7192318270158,-0.342681596382867
-44.1282962317693,-66.6380184035152,-57.6709453196176,-23.921403902775,-9.67559373558007,-8.31172769640171,-0.1967207136641
-43.8271223528405,-66.2512491113005,-57.0918344350234,-23.3277819844759,-9.34618041976195,-7.88943748389662,-0.0514477033176588
-43.4639963397067,-65.7874120335226,-56.4630910237009,-22.6846813912526,-9.00803977012625,-7.45402739800278,0.0913464048172774
-43.0439579852443,-65.2537814123911,-55.7914662646056,-21.9976577350379,-8.66371994253696,-7.00668829659276,0.230168616266316
-42.5714259585355,-64.6565800738199,-55.0823861662616,-21.2711879841585,-8.31474387399818,-6.54841739649694,0.363813986207757
-42.0503020291627,-64.0011742787817,-54.3402311449375,-20.5089708613585,-7.96195060399294,-6.08024584004746,0.491347391308633
-41.4840564745466,-63.2922317060805,-53.5685578324651,-19.7141688910627,-7.60575939260481,-5.60340874706334,0.612077904194645
-40.8757961123012,-62.5338467890157,-52.7702741125164,-18.8895967890245,-7.24637147769009,-5.11946132459525,0.725527230491144
-40.2283230405693,-61.7296467711692,-51.9477846928098,-18.0378688575006,-6.88392600360847,-4.63034716082466,0.831394384172201
-39.5441924716467,-60.8828917041873,-51.1031222085454,-17.1615180510404,-6.51862307382485,-4.13842486538943,0.929519192833455
-38.8257747359912,-59.9965763449972,-50.2380724439258,-16.2630952836219,-6.1508215807396,-3.64645817102922,1.01984721152278
-38.0753225861749,-59.0735359241818,-49.3542958765234,-15.3452526298449,-5.78111475561115,-3.15757352021278,1.10239825346063
-37.2950413709652,-58.1165524662367,-48.4534426014024,-14.4108099069431,-5.41038315929564,-2.67518850542651,1.17724015109111
-36.487157626946,-57.1284554065527,-47.5372550171578,-13.4628016906115,-5.03982334823387,-2.2029145945665,1.24446869293489
-35.6539807841417,-56.1122090714284,-46.6076517674747,-12.5045010013338,-4.67095037244566,-1.74443831662021,1.30419403357767
-34.7979528450001,-55.0709799303323,-45.6667869984132,-11.5394164807853,-4.30557323310655,-1.30338639302102,1.35653330087398
-33.9216817092068,-54.0081778543496,-44.7170804855814,-10.5712614757725,-3.94574408476787,-0.883181937226488,1.40160864407965
-33.0279550502073,-52.9274675747679,-43.7612162764392,-9.60389571162514,-3.5936840144486,-0.486900483085317,1.43954958369879
-32.1197332069363,-51.8327489695908,-42.8021100082009,-8.64124284783105,-3.25169039386109,-0.117135841978686,1.47049824641995
-31.2001212683511,-50.7281074149405,-41.8428476953365,-7.68718979260658,-2.92203277207842,0.22411379584136,1.49461590955645
-30.2723224405864,-49.6177382549936,-40.8866014757816,-6.74547587013347,-2.6068457369818,0.535529860718281,1.5120892689141
-29.339576596562,-48.5058519753586,-39.9365300599599,-5.81958134217117,-2.30802778045084,0.816519964165314,1.5231349973586
-28.4050895163795,-47.39656877987,-38.9956732586641,-4.91262508243759,-2.02715472863756,1.06722284482984,1.52800148700401
-27.4719591761563,-46.2938121303704,-38.066850257643,-4.02728014846873,-1.76541466072266,1.28847171067777,1.52696712239863
-26.5431056933423,-45.2012107743101,-37.1525706002383,-3.16571375698453,-1.52356865202746,1.48172032931811,1.5203349718004
-25.6212106865716,-44.1220171215556,-36.2549646392168,-2.32955500196319,-1.30193851056889,1.64893994190333,1.50842430332044
-24.7086703411085,-43.0590473956899,-35.3757373789233,-1.5198901850318,-1.10041950187473,1.79249754228405,1.49155976759466
-23.8075643871484,-42.0146457735337,-34.5161462942565,-0.737282413865601,-0.918513389977782,1.91502690438575,1.47005936197861
-22.9196410173091,-40.9906715474983,-33.6770006568824,0.0181902870704498,-0.755375371958547,2.01930297084555,1.44422238580343
-22.0463158436609,-39.9885056986267,-32.8586775796194,0.7468854197832,-0.609867822859204,2.10812817615898,1.4143185255693
-21.1886815081107,-39.009071354071,-32.0611485575126,1.44954222860517,-0.480614144346029,2.18423649992866,1.3805790099701
-20.347523755793,-38.0528617527722,-31.2840099528711,2.12723004319558,-0.366047212045745,2.25021811472534,1.34319050781466
-19.5233396329073,-37.1199694637473,-30.5265114876196,2.78130350717369,-0.264448645464722,2.30846488585976,1.30229215457746
-18.7163538345942,-36.2101114190389,-29.7875780708423,3.41336742515024,-0.173977090559101,2.36113499312442,1.25797581503246
-17.9265301097542,-35.3226458705608,-29.0658221696626,4.0252517937481,-0.0926856780986487,2.41013370710226,1.21028944418712
-17.153575741808,-34.4565791559152,-28.3595459712784,4.61899547696051,-0.0185306339431595,2.45710681020983,1.15924318720801
-16.3969386039824,-33.6105624668751,-27.666734995149,5.19683515458011,0.0506254397520136,2.50344319977163,1.10481767357532
-15.6557976537394,-32.7828807503431,-26.985046810644,5.76119468123074,0.117010915347493,2.55028361467238,1.04697378423164
-14.9290493479979,-31.9714381898414,-26.3118006655981,6.31466908081994,0.182937706308562,2.59853306218796,0.985663045299957
-14.2152937695815,-31.1737463658447,-25.6439752125119,6.85999711048989,0.250783481487307,2.64887516170211,0.920837721464626
-13.5128253691261,-30.3869224881837,-24.9782223365407,7.40001683722901,0.322958468028649,2.7017871739572,0.852459698210753
-12.8196338457449,-29.6077055618864,-24.3109049315386,7.93759999859113,0.401852993641079,2.75755484891939,0.780507377816
-12.133420642396,-28.8324977756638,-23.6381651871076,8.47556297321777,0.48976376568331,2.81628636826333,0.704980084325425
-11.4516358010014,-28.0574368939377,-22.9560277089332,9.01655478139256,0.588799181027582,2.87792461950254,0.625899868418548
-10.7715384301167,-27.2785028613933,-22.2605386175348,9.5629252682746,0.700766412182384,2.94225687134452,0.54331106706192
-10.0902820949418,-26.4916588356334,-21.5479383160684,10.1165792257511,0.827045308350304,3.00892076926743,0.457278433848155
-9.40502411631491,-25.6930234096495,-20.8148619469125,10.6788242975044,0.968456038922651,3.07740552242966,0.367885008265351
-8.71305546985838,-24.8790676083704,-20.0585582930305,11.250222145537,1.12512882916424,3.14704736371687,0.275231059719586
-8.01194568954961,-24.0468271153569,-19.2771147872906,11.8304535619618,1.29638520336477,3.2170188777971,0.179435357641778
-7.29969492962157,-23.1941171541693,-18.4696733392062,12.4182092692212,1.48064108053811,3.2863126514708,0.080639666766714
-6.574882984836,-22.319734340257,-17.6366187232182,13.0111192404228,1.67534301014384,3.35372088543461,-0.0209832357207761
-5.83680243254992,-21.4236263384213,-16.7797182054882,13.605734186263,1.87694963217587,3.41781398732221,-0.125218526499575
-5.08556038164022,-20.5070068781944,-15.9021887353494,14.1975727466074,2.08097050227863,3.47692256879544,-0.23179670047312
-4.32213126244845,-19.5723916837325,-15.0086677933623,14.7812456654301,2.28207269514661,3.52912838597619,-0.340381629584973
-3.54834293831623,-18.6235320225712,-14.105067875412,15.3506624403049,2.47426088992017,3.57227018928662,-0.450562271195934
-2.76678181298708,-17.6652292031792,-13.1983046497812,15.8993159688106,2.65112822438368,3.60396980955367,-0.561851173530421
-1.98061076933325,-16.7030267145446,-12.2959055477115,16.4206271894857,2.80616355610781,3.62168183815434,-0.673692412385987
-1.19330665796709,-15.7427961085884,-11.4055269817506,16.9083174193877,2.93308816230527,3.62276709054886,-0.785480244969441
-0.408339490793379,-14.790254436807,-10.5344294737112,17.3567656196917,3.02618523914945,3.60458632168574,-0.896587696090522
0.371170749392448,-13.8504685556286,-9.68897355326024,17.7613058731755,3.08058305433617,3.56460744086488,-1.00640191517025
1.14277659418473,-12.9274082319047,-8.87419918697774,18.1184297133654,3.09245986430371,3.50051793512419,-1.1143611183007
1.9049645424785,-12.0236018580742,-8.0935356518835,18.4258773370413,3.05915493653209,3.41033509766526,-1.21998692273956
2.65732770133626,-11.1399272054893,-7.34866104635596,18.6826257724688,2.97919081757786,3.29250987419047,-1.32290626027639
3.40064018659069,-10.2755417421766,-6.63949964376756,18.8888034880218,2.85223109445324,3.14602473163483,-1.42285870456493
4.13684190366711,-9.42793164637963,-5.96432057341733,19.0455736960003,2.67900991533067,2.97049046992213,-1.51968740865032
4.86895454820171,-8.59304316861743,-5.31988930902475,19.1550303531949,2.46127203663195,2.7662499342854,-1.61331419485423
5.60095317564484,-7.76545752992057,-4.70162552758226,19.2201429103321,2.20175595861955,2.53449713603559,-1.70370109547316
6.33761280760323,-6.93857987753207,-4.10373426327005,19.2447718804847,1.90424052860277,2.27741781338414,-1.79080163203945
7.08433877884214,-6.10482991000022,-3.51929721933869,19.2337605758695,1.57365987706696,1.99835156115706,-1.8745055549224
7.84697625025387,-5.25584200802404,-2.94033342022417,19.1930906061109,1.2162740169889,1.70196588094169,-1.95458112603287
8.63158193018735,-4.38270194529674,-2.35786029518866,19.130069941571,0.83986274540233,1.39441842594062,-2.03061986589736
9.4441329004953,-3.47626155619246,-1.76200566624992,19.0535016961844,0.453888169284251,1.08346556070776,-2.10199036160694
10.2901474251836,-2.52757739253348,-1.14223485986087,18.9737601432569,0.0695476208140686,0.778455425003781,-2.16781018296861
11.1742051991272,-1.52850806660045,-0.487759306481404,18.9026826597745,-0.300380216847778,0.490128166519184,-2.22694737044942
12.0993834510447,-0.472470952965722,0.211825551539972,18.8531832059314,-0.641995256017093,0.230146200181951,-2.27806358845772
13.0666699947335,0.644700236857807,0.965673429251039,18.8385202783158,-0.941109521098738,0.0103079103609263,-2.31970739788978
14.0744643726551,1.82393018884626,1.78067043724702,18.8712231192875,-1.18444245322385,-0.15853041167242,-2.35045611795892
15.1183110955181,3.06230472636587,2.66043852707267,18.9617910504722,-1.36104455054065,-0.267694261869946,-2.36908892999411
16.1909961447723,4.35290680507386,3.60459305231208,19.1173989804801,-1.46368935187247,-0.311857733469972,-2.37475724530941
17.2830635290611,5.68521638623426,4.60847775109986,19.3409085177238,-1.48990708870385,-0.289855929929537,-2.3671097978591
18.3836895504627,7.04605487557709,5.66349442542115,19.630445077201,-1.44238326116724,-0.204917773220806,-2.34633717437028
19.481739223594,8.42088899472406,6.75797550854917,19.9796526123943,-1.32861330262447,-0.0642488785264099,-2.31312351659246
20.5667780082335,9.79520683439296,7.87839186775158,20.3785406106637,-1.15992023928995,0.121918014570552,-2.26852195801134
21.6298456772273,11.155686881021,9.01061772229982,20.8146852011873,-0.950104871453401,0.341554478356699,-2.21379113754372
22.6638926873976,12.4909822186612,10.1410099754258,21.2744989861424,-0.714042818078401,0.582072197383645,-2.15023449170241
23.6638824847015,13.7920762478515,11.2571642286504,21.7443399531707,-0.466476289579341,0.831353277201017,-2.07907367273034
24.6266344114885,15.0522736414618,12.3483252416766,22.2113380937068,-0.221127673724688,1.07847449955743,-2.00137064278323
25.5505083794026,16.2669437569093,13.4055124186684,22.6639232393324,0.00985190943434322,1.31412298160998,-1.91799799738048
26.4350245703855,17.4331388164128,14.4214580668827,23.0921066383437,0.216158916033876,1.53076027247369,-1.82964794428769
27.280487534782,18.5491865129202,15.3904567039651,23.4875965460966,0.389426220487733,1.72261217148901,-1.73686703398953
28.0876588713279,19.6143257530937,16.3082035681294,23.843824879454,0.523207254210872,1.88555524457694,-1.64010412366633
28.8575030023407,20.6284259126658,17.1716724975163,24.1559413234287,0.612916076962559,2.01695257545821,-1.53976101250566
29.5910172126034,21.5918073940559,17.9790546940599,24.4208041496195,0.655756550999988,2.11547105131493,-1.43623744521578
30.2891474986055,22.5051630841447,18.7297537041876,24.6369704765038,0.650648318028894,2.1808959303723,-1.3299643526857
30.9527830025954,23.3695645261799,19.4244103276315,24.8046676849407,0.59813816200745,2.21394760213355,-1.22142143083553
31.5828128124687,24.1865231691082,20.0649170793277,24.9257163015035,0.500275373264538,2.21610040765661,-1.11113769161038
32.1802202962516,24.9580677414814,20.6543784046295,25.0033752351919,0.360430287364665,2.18940307382132,-0.999676408059029
32.7461846411157,25.6867968487576,21.1969821050349,25.0420928948998,0.183045459052528,2.13630299759975,-0.887608518749768
33.2821594967612,26.3758732654732,21.6977677436374,25.0471685967025,-0.0266746375518698,2.05948017620807,-0.775480404910464
33.7899056345511,27.0289420916384,22.1623034745583,25.0243509069718,-0.263112637065934,1.96169904793189,-0.663782452425451
34.2714668385881,27.64997473188,22.5963057984854,24.9794157065961,-0.520591834000483,1.84568666000825,-0.552923816775637
34.7290922082027,28.2430586483006,23.0052502161296,24.917771858372,-0.79369750325394,1.71404328432987,-0.443216693520302
35.1651196787431,28.8121641908805,23.3940216636405,24.8441359822935,-1.07753551795008,1.56918772230658,-0.334870883202992
35.5818422525134,29.3609226373518,23.7666437425008,24.7623036540318,-1.3679097705922,1.41333540603706,-0.227997276760948
35.9813793797571,29.8924448410348,24.1261097779282,24.6750275975996,-1.66141323758778,1.24850416715733,-0.122617564618668
36.3655723306578,30.4092005822058,24.4743219860903,24.5839988699434,-1.95543861652683,1.07654081863088,-0.0186771207991792
36.7359165238059,30.9129683005587,24.8121315040858,24.4899173635085,-2.24812153891807,0.899161485606484,0.083941538186249
37.0935366374028,31.404854955989,25.1394627319072,24.3926328414672,-2.53823239521507,0.717999483552964,0.18540639762093
37.439204258041,31.8853783076097,25.4555008024352,24.2913366431185,-2.82503298300396,0.534655951310273,0.285925304755845
37.7733925246204,32.3545983108202,25.7589191959093,24.1847847552841,-3.10811292731933,0.350749853113156,0.385736724421467
38.0963584182423,32.8122807579465,26.0481245664338,24.0715340038348,-3.38721934866747,0.167965015928841,0.485100939396123
38.4082409655334,33.2580743409144,26.321496747116,23.9501737800461,-3.66209225691989,-0.0119076509891244,0.584290499846726
38.7091626588901,33.691681845107,26.5776032569631,23.8195358652683,-3.93231778263681,-0.186934771334375,0.683578863645367
38.9993215455689,34.1130069405775,26.8153693181051,23.6788648178952,-4.19721133559249,-0.355014730679902,0.783226607164774
39.2790632672893,34.522260620071,27.0341871847813,23.5279321807115,-4.45574267873666,-0.513865512883525,0.883465194796638
39.5489244996274,34.9200146844651,27.2339520641461,23.3670794889685,-4.70651409364024,-0.661031579837653,0.98447887865022
39.8096426789257,35.3071946529817,27.4150171602483,23.1971789940027,-4.94780102301727,-0.793916624833395,1.08638569355334
40.0621298874657,35.685009500942,27.5780664308991,23.0195064410041,-5.17766154001437,-0.909850082183663,1.18921855093283
40.307411657027,36.0548208414519,27.7239106969257,22.8355272512316,-5.39411693459804,-1.00619572246823,1.29290707489498
40.5465335927652,36.4179587613165,27.8532199948316,22.6466051273772,-5.59540092491146,-1.08051026192721,1.39726012602077
40.7804398840635,36.7754950957074,27.9662119080747,22.4536496172052,-5.78026975557862,-1.13075837384607,1.50194811589442
41.0098285304648,37.1279879555878,28.0623221156587,22.256726415348,-5.94835967960863,-1.15558733202384,1.60648355062554
41.2349892127094,37.4752146745688,28.1398900422363,22.0546616772065,-6.10057128942474,-1.15465886018539,1.7101981491152
41.4556319178347,37.8159150709507,28.1959000001592,21.8446804910842,-6.23945035008401,-1.1290261650251,1.81221575816063
41.6707193971372,38.1475749168467,28.2258277139594,21.6221316759841,-6.36952056056733,-1.08152877491795,1.91142249718866
41.8783244393116,38.4662906922453,28.2236523915507,21.3803660543474,-6.49750426539194,-1.01715522799591,2.00643923365818
42.0755440312336,38.7667698587894,28.1821018439834,21.1108502447414,-6.63234526741662,-0.943294655167042,2.09560634198543
42.2585129625219,39.0425292421876,28.093192707778,20.8036029342346,-6.78493208182115,-0.869768841887494,2.17699554949557
42.4225638443596,39.2863476514432,27.9490965250001,20.448020021646,-6.96742670578287,-0.808520680644483,2.24846618595623
42.5625689254792,39.4909937400752,27.7432924401894,20.0340908579804,-7.19215408881526,-0.772855412709349,2.30777982124202
42.6734636964457,39.6501791708202,27.4718602233292,19.5538937679309,-7.47011457939753,-0.776209947226238,2.35277494487215
42.7508937597294,39.7595911645439,27.1346528147936,19.0031182268496,-7.80933180406122,-0.830565778716299,2.38158215529
42.7918627684017,39.8177754598913,26.7360258089533,18.382255358064,-8.21338561933448,-0.944784794957569,2.39283688747572
42.7952235825032,39.8266245081401,26.2848556480723,17.6971062683725,-8.68051959754296,-1.1232552785429,2.38583356697866
42.7618776598321,39.7913112819037,25.7937641241329,16.9584187815185,-9.20359543399928,-1.36520702914385,2.36057381802341
42.6946306405126,39.7196749647311,25.2777166719218,16.1807281536553,-9.77091751036184,-1.66487237220973,2.31769255091305
42.5977589203701,39.6212344965033,24.7523548648754,15.3807216444258,-10.3676833478283,-2.0124107988206,2.25828546021157
42.4764201572177,39.5060966245668,24.2324664997196,14.5755518478503,-10.9776600610798,-2.3953055747437,2.18368982973637
42.3360578342386,39.3840047747179,23.7308880865973,13.7814582155547,-11.5847004900976,-2.79986934724616,2.09527584940413
42.1819116101452,39.2636753869978,23.2579518911541,13.0128833616903,-12.1738538305018,-3.2125621983931,1.99429073205382
42.0186821196563,39.1524505091431,22.8214241312459,12.2820874668043,-12.7320029694754,-3.6209628179772,1.88177474809022
41.8503421865926,39.056206938723,22.4267832664253,11.5991374882827,-13.2480992886292,-4.01436658352931,1.75854812578964
41.6800524448274,38.9794197352971,22.0776597590534,10.972095126931,-13.7131367603129,-4.38407090084463,1.62525558019474
41.5101294064589,38.925274784163,21.7762776674441,10.4072330638992,-14.1200185930804,-4.72344232474618,1.48245026746775
41.342022320384,38.8957475370525,21.5237799111769,9.90915029895169,-14.4634423074558,-5.02785615808501,1.33069808213387
41.176274558092,38.8916016635717,21.3203696392513,9.48071869020145,-14.7398803422579,-5.29457551775521,1.17068375358202
41.0124698820711,38.9123050710908,21.1652559816261,9.12286523032442,-14.9476738851635,-5.5226070716958,1.00330120242004
40.849187741745,38.9559047241322,21.0564511037039,8.83426881851083,-15.087196312198,-5.71254338740134,0.829712683224895
40.6840076667291,39.0189358817525,20.9905185085238,8.61110978275038,-15.1609918214384,-5.86638238739572,0.651365596976448
40.5136041339133,39.0964533061919,20.9624039808996,8.44703251108061,-15.1737713198837,-5.98730613790996,0.469963142641733
40.3339563369261,39.1822520608292,20.9654732444413,8.33344810428332,-15.1321653084053,-6.07940504071648,0.287394271899025
40.1406661192804,39.2692957471175,20.9918284964435,8.26021642170972,-15.0441930408552,-6.14734690136212,0.105637197746027
39.9293435220012,39.3503070525706,21.0328936540537,8.2166331048791,-14.9184899691952,-6.19600721410314,-0.0733440682513456
39.6959965059492,39.4184236718986,21.0801757382422,8.1925510172382,-14.7634096214873,-6.23008992283457,-0.247690947689298
39.4373589812901,39.4678025963601,21.1260591028564,8.17942424209255,-14.5861534799063,-6.25377202524559,-0.415715544651963
39.1511083459723,39.4940718826345,21.1644855680491,8.17108692789471,-14.3920728683824,-6.27040049166827,-0.575934468473929
38.835951524082,39.4945702087888,21.1914105944111,8.16415082859057,-14.1842412530467,-6.28226014489356,-0.727073935917775
38.4915858531103,39.468362274854,21.20498262758,8.1579919490787,-13.9633361299249,-6.29042175734001,-0.86805459712471
38.1185602486576,39.416056834562,21.2054477358069,8.15436993008538,-13.7278173705705,-6.29467426876746,-0.997967027048435
37.7180704115974,39.3394767055247,21.1948212491255,8.15677001645434,-13.4743537791797,-6.29354406959878,-1.11604843436804
37.2917218896054,39.241238032142,21.1763898488096,8.16957754398183,-13.1984314465149,-6.28440536177121,-1.22166874630079
36.8412905931631,39.1242949359439,21.1541159478166,8.19719736023446,-12.8950700096304,-6.26368499045161,-1.31433068290359
36.3685049038293,38.9915005576998,21.1320171597563,8.24322398066042,-12.5595695540319,-6.2271595116767,-1.39368435790736
35.8748685770754,38.8452293949506,21.1135910284316,8.30975672114539,-12.1882090213902,-6.17033042633594,-1.45955287611084
35.3615389169062,38.6870983918067,21.1013488901611,8.39693657264489,-11.7788186838491,-6.0888472926708,-1.51196198889291
34.8292689670236,38.5178133388565,21.0965101161556,8.50275494991394,-11.3311594946936,-5.97893271423984,-1.5511649175126
34.2784151215962,38.3371515527614,21.0988869163131,8.62314753295502,-10.8470650676471,-5.83775448224884,-1.57765367804503
33.7090029311641,38.1440724340226,21.1069613712719,8.75234339017559,-10.3303369205353,-5.66369360163351,-1.59215083992712
33.1208358113601,37.9369283247768,21.1181258402569,8.88339995106626,-9.78642353004279,-5.45647360049961,-1.59558001198788
32.513625929006,37.7137340831211,21.1290331922301,9.00882912533906,-9.22194775949189,-5.21714213806345,-1.58901813763453
31.8871255284634,37.4724491230105,21.1359913535734,9.1212160309006,-8.64416563730011,-4.94792265418439,-1.57363639569395
31.2412402672498,37.2112308612532,21.13533972752,9.21374889331757,-8.06043816517833,-4.65197371750449,-1.55063811889931
30.5761123848366,36.9286309317862,21.1237602655327,9.28060931600598,-7.47777990194719,-4.33310228138654,-1.52120151820611
29.8921687777381,36.6237208420841,21.0984972166123,9.31720591681838,-6.90252143755061,-3.9954743219448,-1.4864327890432
29.1901351774857,36.29614739219,21.0574801238761,9.32026232672466,-6.34009614587181,-3.64335582220311,-1.44733235502257
28.4710218348744,35.946127854527,20.9993601682502,9.28778816451255,-5.79494100925664,-3.28090358053735,-1.40477446325157
27.7360880071478,35.5743996971733,20.9234786921654,9.21896846865522,-5.27048920872442,-2.91201278583479,-1.35949856713363
26.9867927836511,35.1821405707556,20.8297894885189,9.11400576315949,-4.76922797858179,-2.54021897256887,-1.31211002979933
26.2247388624569,34.77087254551,20.7187549079278,8.97394284663817,-4.29279662472947,-2.16864638093428,-1.26308748638272
25.451614649313,34.342361835056,20.5912321708678,8.80048662773833,-3.84210409731519,-1.79999240449191,-1.21279446989149
24.6691385110187,33.8985219417046,20.4483617174882,8.59584578924609,-3.41745096122211,-1.43653770653206,-1.16149337190317
23.8790079443238,33.4413255780876,20.2914653784387,8.36258897360757,-3.01864581762492,-1.08017282132836,-1.10936032990967
23.0828554193035,32.9727284705792,20.1219587055013,8.10352569804367,-2.64511046593726,-0.732433833984611,-1.05650008644984
22.2822119135422,32.4946065039287,19.9412792313977,7.82160928203401,-2.2959712268604,-0.394541597179695,-1.00296022222271
21.4784786992402,32.0087066558879,19.7508307395295,7.51985943633993,-1.97013596189196,-0.0674406319240928,-0.948744426355873
20.6729074850908,31.516611339106,19.5519424644005,7.20130140421615,-1.66635758585291,0.248164747332647,-0.893824635189105
19.8665887740664,31.0197153927294,19.3458415889301,6.86891846199821,-1.38328552728956,0.551778451852846,-0.838151979376458
19.0604479835932,30.5192145819859,19.1336370832499,6.52561485165259,-1.11950680854892,0.843085343652772,-0.781666534950753
18.2552486848011,30.0161043294194,18.9163129247813,6.17418673457528,-0.873578372913102,1.1219286567444,-0.724305903101583
17.451602033737,29.5111871521503,18.6947287645623,5.81729932461947,-0.644052079914536,1.38829172250831,-0.666012648252842
16.6499813330202,29.0050872743429,18.4696263347195,5.45746897367362,-0.429493528486611,1.64228337831613,-0.606740623553085
15.8507403868336,28.498270630654,18.2416399785916,5.09704947788425,-0.228495595699577,1.88412631623239,-0.546460200475479
15.0541342458627,27.9910685312236,18.0113099469898,4.7382223167836,-0.0396873626566202,2.11414760125511,-0.48516241309828
14.2603407587905,27.4837030577003,17.7790971603265,4.38299078529483,0.138261047016721,2.33277060911654,-0.422862017196413
13.4694813764215,26.9763123410893,17.5453983105732,4.03317811677211,0.306637235855272,2.54050770502633,-0.359599464030591
12.6816397062991,26.4689739040853,17.310560249244,3.69042965418281,0.466688378884992,2.7379530743423,-0.295441792236192
11.8968764921205,25.9617244079586,17.0748926881111,3.35621895294208,0.619625482374368,2.92577521727042,-0.230482453387921
11.1152399660138,25.4545743850282,16.8386783098719,3.03185741567336,0.766629195607075,3.10470871875769,-0.164840107212603
10.3367709204374,24.9475169480243,16.6021795206347,2.71850672433992,0.908856105207212,3.27554500465586,-0.0986564516829146
9.56150227119184,24.440529876097,16.3656411879249,2.41719298450211,1.04744425817748,3.43912187633555,-0.0320931884841093
8.78945338138632,23.9335710427621,16.1292889306286,2.12882121501542,1.18351655459799,3.59631169799804,0.0346717345561279
8.02061985751446,23.4265676426417,15.8933227374552,1.85418863454145,1.31818065782582,3.74800817367199,0.101448420468856
7.25495993369066,22.9194002074701,15.6579059885929,1.59399517128385,1.4525242143993,3.89511171638559,0.168039636154308
6.49237882279355,22.4118827691892,15.4231502159212,1.34884975280605,1.58760444986732,4.03851346013693,0.234245485830228
5.73271256042874,21.9037408400502,15.1890962362589,1.11927122056444,1.72443159074183,4.17907801791366,0.29986786972122
4.97571282998264,21.3945889281381,14.9556924763028,0.905683107805936,1.86394600097048,4.31762511501204,0.364714449107479
4.22103412112836,20.8839093248767,14.7227715142258,0.708401981309599,2.00698937204783,4.45491026419879,0.428601855239427
3.46822430167532,20.3710336588129,14.4900259057114,0.527619501471545,2.15427070031923,4.59160465353131,0.491357914588379
2.71671938774288,19.8551284773286,14.2569844001199,0.363378762875228,2.3063281004086,4.72827443233144,0.552822716717294
1.96584299741232,19.3351858087205,14.0229896059763,0.215545798954804,2.46348771806761,4.86535958819863,0.612848418724615
1.2148107391867,18.8100194121975,13.7871781230404,0.0837773689415036,2.62582114198845,5.00315263773529,0.671297758224829
0.462739647660419,18.2782672836268,13.5484641549946,-0.0325136841239015,2.79310281737989,5.14177742575115,0.728041331321705
-0.291337255585325,17.7384009326951,13.3055276556134,-0.134194060333284,2.96476909131002,5.28116845319985,0.782953778298256
-1.048451131859,17.1887420374248,13.0568082064659,-0.222444967549326,3.13988074454159,5.4210513678414,0.835909107577191
-1.8096719616493,16.6274872958669,12.8005060921233,-0.298794464192216,3.31709124863213,5.56092557731459,0.886775479308907
-2.57607727127432,16.052742479015,12.5345923397702,-0.365144754304247,3.49462354340137,5.70005036024311,0.935409860420393
-3.34871454927483,15.4625668122841,12.2568298099845,-0.423791384102993,3.67025884041689,5.83743635370556,0.981653053668327
-4.1285571189465,14.8550287472286,11.9648076575613,-0.477430562879186,3.84134172569549,5.97184483132718,1.0253256887813
-4.91645367962559,14.228273721816,11.6559914220453,-0.52915013945276,4.00480645407497,6.10179762883375,1.06622582663899
-5.71307252430158,13.5806035427027,11.3277904926997,-0.582399340409314,4.15722951191932,6.2256007719739,1.10412884477633
-6.51884260780702,12.9105654910451,10.9776435503383,-0.64093253414224,4.29491291561897,6.34138462026445,1.13879021315108
-7.3338950829216,12.2170471446042,10.6031206624885,-0.70872337526442,4.41400093178244,6.4471624303572,1.16995159444038
-8.15801044380685,11.4993704911609,10.2020380707664,-0.789848000389703,4.51062971798579,6.54090753593745,1.19735039034763
-8.99057762899182,10.7573765613895,9.77257857871522,-0.888339569623356,4.58110481367154,6.62064681234192,1.22073239916586
-9.83057193178575,9.99149026521196,9.31340746018887,-1.00802110506255,4.62209598254935,6.6845650438153,1.2398667022655
-10.6765578501675,9.20275499025333,8.82377167681075,-1.15232852235567,4.63083359642054,6.73111174001338,1.25456134631291
-11.5267209053371,8.39282846065548,8.3035698546257,-1.3241398481551,4.60528698471288,6.7590996906558,1.26467798269548
-12.3789290154354,7.56393536964815,7.75338244040653,-1.52562857494906,4.54430431995631,6.76778385384209,1.27014349975476
-13.2308198589194,6.71877793544348,7.17445584211972,-1.75815795301167,4.44769658153888,6.75691062414771,1.27095694044037
-14.0799066571599,5.86041159506936,6.56864041084972,-2.0222285221435,4.31625480198671,6.72673106729218,1.26719062618676
-14.9236919985571,4.9920981536832,5.93828858285518,-2.3174841043188,4.15169892055011,6.67797670964015,1.25898529173638
-15.7597783811411,4.11715155963856,5.2861248178267,-2.64277338376926,3.95656604971313,6.61180175605798,1.24653996137364
-16.5859652939751,3.23879149150261,4.6151019698264,-2.99625698508412,3.73405361377348,6.52969996108351,1.23009804606282
-17.4003254426949,2.36001731834624,3.92825890250017,-3.37554516130229,3.48783705625606,6.43340686506139,1.20993154925082
-18.201256366242,1.48351064364189,3.22859184690375,-3.77784955316269,3.2218821590975,6.32479843408285,1.18632528985378
-18.9875072877704,0.611569765441616,2.51894810792675,-4.20013377764591,2.94026907089557,6.20579561278354,1.15956274511296
-19.7581838459834,-0.25392493593897,1.80194636017456,-4.63925095434093,2.64704018875627,6.07828160156885,1.12991461176642
-20.5127351057098,-1.11151874392158,1.07992389940331,-5.09206055110778,2.34607853902265,5.94403564044547,1.09763063254877
-21.2509278031018,-1.9601691693632,0.354908375644928,-5.55552106974669,2.04101838925093,5.80468432491688,1.06293474173308
-21.9728125601347,-2.79921734962239,-0.371390081051376,-6.02675846043434,1.73518618981825,5.66166943792349,1.02602322319365
-22.6786859338784,-3.62834971761784,-1.09757098142817,-6.50311241807186,1.43156773826627,5.51623000320895,0.987065350072004
-23.3690512044614,-4.44755430329037,-1.82252425070797,-6.98216395785293,1.13279654615894,5.36939573747924,0.946205880926196
-24.0445796881893,-5.25707479110911,-2.5454033774131,-7.461748019222,0.841158399173771,5.22198903752806,0.903568774042411
-24.7060736267714,-6.0573643463096,-3.2655938107649,-7.93995468591996,0.558607697083095,5.07463298438295,0.859261532927702
-25.354430993248,-6.84904031497195,-3.98267865455631,-8.41512207704334,0.286791988691331,4.92776329861116,0.813379664552852
-25.9906122204714,-7.63284030072582,-4.69640303503509,-8.88582336064592,0.0270819684316905,4.78164269794835,0.766010815416354
-26.6156086988932,-8.40957979287958,-5.40663805523222,-9.35084976132289,-0.219395083847491,4.63637656605249,0.717238232008538
-27.2304128644111,-9.18011141714252,-6.11334498542154,-9.80919095452799,-0.451719926645787,4.4919292031838,0.667143270808726
-27.8359898323348,-9.94528596433139,-6.81654026627747,-10.2600139227857,-0.669145255451596,4.34814019820769,0.615806762854325
-28.43325068965,-10.7059155349479,-7.5162619584098,-10.7026411601781,-0.87105998349171,4.20474062397649,0.563309119162963
-29.023027759055,-11.4627393758565,-8.21253841717193,-11.1365290477219,-1.05695504676076,4.06136884312349,0.509729150072403
-29.6060523834022,-12.2163932402192,-8.90536016188119,-11.5612472533127,-1.22639198727644,3.91758573951748,0.455141663554829
-30.1829357579218,-12.9673832251201,-9.59465601666784,-11.9764599849251,-1.37897567917486,3.77288914638082,0.399613997570164
-30.7541536916428,-13.7160652623915,-10.2802747685106,-12.3819100445406,-1.51433263463867,3.62672723543816,0.343201736423912
-31.3200358959537,-14.4626313422906,-10.9619735007334,-12.7774064666464,-1.63209627954753,3.47851053751501,0.285943936517588
-31.8807607167033,-15.2071036454401,-11.6394137710429,-13.1628165328596,-1.73190044659793,3.32762226342823,0.22785825700983
-32.4363559065922,-15.9493375314723,-12.3121665304529,-13.5380626384147,-1.81338204356932,3.17342652953581,0.16893643027882
-32.9867062077904,-16.6890342824019,-12.9797264932976,-13.9031243039709,-1.87619348542642,3.01527411210688,0.109140526680161
-33.5315682742904,-17.425764225263,-13.6415362807845,-14.2580452407372,-1.92002501879978,2.8525053549683,0.0484004533714085
-34.0705934834123,-18.1590006706322,-14.2970203199044,-14.6029451010674,-1.94463658565979,2.68444991996732,-0.0133869168045544
-34.6033588775624,-18.8881647072809,-14.9456279816735,-14.9380351815625,-1.94989836987262,2.51042314990745,-0.076356668327593
-35.1294064020921,-19.6126805582882,-15.5868850189419,-15.2636371675637,-1.93583869995191,2.32971897638637,-0.140672608990473
-35.6482899973019,-20.332040518846,-16.2204517128784,-15.5802037179818,-1.90269751150566,2.14159950197925,-0.206521809647076
-36.159629807899,-21.0458779060734,-16.8461856230542,-15.888339654746,-1.85098315511527,1.94528170364932,-0.274107012331728
-36.6631718530886,-21.7540454582497,-17.4642060720014,-16.1888223166161,-1.78152991500901,1.73992208270551,-0.343637178090081
-37.1588510469192,-22.4566958629553,-18.0749569816764,-16.4826196885611,-1.69555324146073,1.52460060360489,-0.415316621238718
-37.6468543958457,-23.1543600055245,-18.6792639482011,-16.7709046844892,-1.59469933949291,1.29830583888795,-0.489333321639368
-38.1276806991718,-23.8480178339297,-19.2783810378126,-17.0550638697778,-1.48108546793328,1.05992391490212,-0.565847096055326
-38.602192463038,-24.5391560892678,-19.8740223953145,-17.3366985780722,-1.35732705137321,0.808234549976365,-0.644978307411402
-39.0716554525192,-25.2298068269998,-20.4683735505183,-17.6176159265253,-1.22654750521236,0.541918169080799,-0.726797670226271
-39.5377613154544,-25.9225606169154,-21.064077219743,-17.899806610589,-1.09236647864293,0.259578708966428,-0.811317455567377
-40.0026287776364,-26.6205483393087,-21.6641882272728,-18.1854054636187,-0.958861949822217,-0.0402127577084919,-0.89848400867499
-40.4687790459981,-27.3273854895594,-22.2720918420671,-18.4766296738001,-0.83050115788285,-0.358848091913551,-0.988170994337837
-40.9390810204895,-28.0470725913321,-22.8913791745486,-18.7756883013965,-0.712034603115243,-0.697580222426921,-1.08017222996071
-41.4166612453162,-28.7838443132572,-23.5256721150273,-19.0846553750441,-0.608346209209435,-1.05738389672757,-1.17419242172792
-41.9047724804856,-29.5419583924427,-24.1783889970615,-19.4052978737167,-0.524251301365447,-1.43877433535759,-1.26983368942245
-42.4066130303888,-30.3254135398626,-24.8524410948654,-19.7388497653552,-0.464232677756521,-1.84158083556682,-1.366575565316
-42.9250872496587,-31.1375842359561,-25.5498505581192,-20.085725163108,-0.432104654392193,-2.26467600227979,-1.46374635595217
-43.4624973482111,-31.9807618023635,-26.2712847306721,-20.4451694086676,-0.430597270794603,-2.70566816498901,-1.56048461786561
-44.0201595499916,-32.8555983470254,-27.0155130708508,-20.8148588039904,-0.460860660348353,-3.16057651494322,-1.65569136225044
-44.5979474124661,-33.7604679111047,-27.7788154483698,-21.190480803935,-0.52190680763261,-3.62352749350978,-1.74797691013798
-45.193785491417,-34.6907923020704,-28.5544081165048,-21.5653586746269,-0.610036664193057,-4.08653766348489,-1.83561140195757
-45.8031510582823,-35.6384307570545,-29.332006522107,-21.9302263707247,-0.718346666025193,-4.53947958386054,-1.91649464300031
-46.418688211688,-36.5912971538513,-30.0977024833266,-22.2733001848195,-0.836464351849619,-4.97035224729925,-1.98816771746508
-47.0300864172108,-37.5334254878945,-30.8343714778563,-22.5808104306694,-0.950707827817991,-5.36597509244886,-2.04789202731068
-47.6243964488748,-38.4457113240101,-31.5227990449165,-22.8381130117351,-1.0448601035822,-5.71316573129405,-2.09281539381575
-48.1869127912051,-39.3074614899995,-32.1435772029852,-23.0313657824747,-1.10165157418982,-6.00032702617583,-2.12022440042776
-48.7026145593179,-40.0986588346456,-32.6795641595461,-23.1495351745287,-1.10483398972135,-6.21917872689407,-2.12784812492167
-49.157948490017,-40.8025448910056,-33.1184027784668,-23.1862746880722,-1.04146140779245,-6.36620337752486,-2.11414339027824
-49.5425470024726,-41.4078863470056,-33.454418477801,-23.1411256017255,-0.903803816323957,-6.44335239930631,-2.07847761737235
-49.850423772059,-41.9102901341686,-33.6893181540557,-23.0196373111296,-0.690351738481684,-6.45774464289983,-2.02114917507594
-50.080338134711,-42.3122184241401,-33.8314895604235,-22.832355751945,-0.405653847034468,-6.42042403748322,-1.94324100094332
-50.2353010548389,-42.6217921056572,-33.894166700456,-22.5930030798044,-0.0591241122761046,-6.3445509434901,-1.84636191030132
-50.3214567914883,-42.8508247798907,-33.8930344075,-22.3163731324512,0.33675251306408,-6.24352428099163,-1.73235998203898
-50.3466949508485,-43.0126447585489,-33.8438742831342,-22.0164276476111,0.768320809482446,-6.12944020063582,-1.60308363141342
-50.3193125357744,-43.1201541927648,-33.7606679005136,-21.704880885368,1.22239583871602,-6.0120851903206,-1.46023247187775
-50.2469259736937,-43.1843680662534,-33.6543263250278,-21.3903439987331,1.68747705470649,-5.89846293985688,-1.30530395424686
-50.1357106142396,-43.2134925173941,-33.5320288472019,-21.0779581721223,2.15453239793323,-5.79273687331609,-1.13961732339146
-49.9899655477204,-43.212497166513,-33.3970674341792,-20.7693959608551,2.61742916981074,-5.69643875821924,-0.964386237052332
-49.8119684934392,-43.1831028800886,-33.2490831581649,-20.4631238567296,3.07309693581711,-5.60881684335846,-0.780811171587133
-49.6020791395022,-43.1241089027749,-33.0846015562672,-20.1548543773918,3.52147805227023,-5.52723970792624,-0.590167237292559
-49.3590478946866,-43.0319876173,-32.8977891059417,-19.8381420166714,3.96528711429081,-5.44761157709944,-0.393868978614242
-49.0804765989652,-42.9016627080575,-32.6813458330398,-19.5050800020307,4.4095841882548,-5.36478136604149,-0.193500015824122
-48.7633574680454,-42.7273586250454,-32.4274238209043,-19.1470365020861,4.86117665662864,-5.2729401638787,0.00919796973129276
-48.4045968535284,-42.5033834505709,-32.1284379544811,-18.7553449083326,5.32789535025551,-5.1660040117313,0.21237528974606
-48.0014264265981,-42.2247066905648,-31.7776379527528,-18.3218534858027,5.8178256190817,-5.03797623905474,0.414154622067065
-47.5516272912754,-41.8872335096516,-31.3693547090901,-17.8392605132621,6.33859242325238,-4.88328163973358,0.612727047662854
-47.0535406195519,-41.487753102783,-30.8989135780548,-17.3012127503917,6.89678616594219,-4.69706668185686,0.80644575307182
-46.5058970133187,-41.0236273202679,-30.3622970415189,-16.7022118321723,7.49757342552871,-4.47546615335876,0.993899648052031
-45.9075447496642,-40.4923541209243,-29.7557061096364,-16.0374300665417,8.14447964889751,-4.21584487190191,1.17395298615012
-45.2571781173524,-39.8911659385177,-29.075191303397,-15.3025637134339,8.83928137984282,-3.91702980078562,1.34574336116679
-44.5531586468601,-39.2168038120522,-28.3164995835113,-14.4938427838835,9.58192077245627,-3.57955002213114,1.50863736858142
-43.7934939112143,-38.4655607191203,-27.4752310931095,-13.6082811308666,10.3703600518566,-3.20589756043517,1.66214908838482
-42.9760049906826,-37.633634347478,-26.5473420841842,-12.6442044263322,11.200322814453,-2.80080984795398,1.80583054571677
-42.0986860134696,-36.7177865257592,-25.5299829589713,-11.6020474362618,12.0649139511187,-2.37155360506964,1.93914582693071
-41.1602390617927,-35.7162746685945,-24.4226221072171,-10.4853656051469,12.9541646940074,-1.92815879333531,2.06134286520863
-40.1607490976455,-34.6299884724808,-23.2283634412417,-9.30194981094259,13.854612478198,-1.48351040252667,2.17134059037761
-39.102435166657,-33.4636747048969,-21.955299307162,-8.06485585319147,14.749094610801,-1.05316110652702,2.26765479160381
-37.9903672421343,-32.2270520165647,-20.6176412815536,-6.79306267814717,15.6169965287595,-0.654697082384131,2.34839205907097
-36.8329758708949,-30.9355158300919,-19.2362580382266,-5.51138618483806,16.4352139529147,-0.306506397888081,2.41134250530482
-35.6421302392124,-29.6100587940377,-17.8381865716958,-4.24927054478954,17.1800060795472,-0.0259070196774713,2.45419057889753
-34.4325708103567,-28.2760727378664,-16.45477504644,-3.03825128028959,17.8296843047383,0.173188944225966,2.47483254535189
-33.2206082092068,-26.9609363098409,-15.1184462408577,-1.90828108914149,18.3677183344519,0.282615575247049,2.4717426184329
-32.0222433367075,-25.6907169428165,-13.8585955141894,-0.883630053761747,18.7854963440337,0.301637810774719,2.4442880520911
-30.8511294732995,-24.4867496951968,-12.6976178383142,0.0205574645827955,19.0838829867317,0.237377732841566,2.39288785146956
-29.7169248689053,-23.3630261542284,-11.6481722319484,0.800037082438248,19.2730297810741,0.103754095109952,2.3189571603678
-28.6244675880691,-22.3250760678742,-10.7123952245595,1.46111413951455,19.3704976117973,-0.0807672087834108,2.22466040860801
-27.5738980225417,-21.3704754090152,-9.88307018352769,2.01846045376971,19.3983173288194,-0.295931655264101,2.1125642616612
-26.561537985451,-20.4905852620801,-9.14614857999753,2.49191272051262,19.3798422228401,-0.52223751244505,1.98529975603952
-25.5811659843504,-19.6728718975868,-8.48378296439089,2.90315528988388,19.3370915130635,-0.742779677240965,1.84531239157262
-24.6253379758823,-18.903210842572,-7.87716261430331,3.27293517069291,19.2889315182914,-0.944254563623165,1.69472830335864
-23.6865191860611,-18.1677978552767,-7.30874674164202,3.61909572599665,19.2501122387874,-1.11724157006825,1.5353230898185
-22.7579239052622,-17.4545194989814,-6.76377477386613,3.95543210541813,19.2309869776651,-1.25598965071194,1.36855967146283
-21.8340538654639,-16.7537914242934,-6.23110966344127,4.29122595733903,19.2376907631879,-1.35793670023067,1.19565977550996
-20.9109727550483,-16.0589448199427,-5.70354114846883,4.63128151578206,19.2725840038994,-1.42313364094947,1.01768171508051
-19.9863688050151,-15.3662589083339,-5.17768276391617,4.97630606725394,19.3348257634721,-1.4536798389359,0.835587815520277
-19.0594564115333,-14.6747306865424,-4.65357873770342,5.32351307514424,19.4209932281914,-1.45322378069566,0.650294161139339
-18.1307629094063,-13.9856616759904,-4.1341174440944,5.66735532305766,19.5256990377149,-1.42654769900491,0.462701885073739
-17.2018420822875,-13.3021319784329,-3.62433377354832,6.00031424253151,19.6421775598771,-1.37923395937356,0.273712936859722
-16.2749518997033,-12.6284239701892,-3.130671830294,6.31368420483198,19.7628215327918,-1.31739968222461,0.0842346746477916
-15.3527287680391,-11.9694486860316,-2.66026776480926,6.59830229735898,19.8796577976406,-1.24748044149398,-0.104822503522048
-14.4378837096122,-11.3302160540814,-2.22029817996403,6.84518797553663,19.9847586881832,-1.1760417163565,-0.292551146801866
-13.5329377905394,-10.7153763834004,-1.81742311490623,7.04607272811128,20.0705942533997,-1.10959699761488,-0.478053949605115
-12.6400063011654,-10.1288472062225,-1.45733664890684,7.19381536256556,20.1303383737996,-1.05441354906929,-0.660450314758541
-11.7606348701176,-9.57352881411986,-1.14442515161071,7.28271131278766,20.1581468169857,-1.01629036959902,-0.838880477968634
-10.8956864851926,-9.05110459140133,-0.881524294569713,7.30871329502885,20.14942615371,-1.00029744142973,-1.01250501785891
-10.0452760831967,-8.56191818041399,-0.669760767331357,7.26958583359583,20.101109216678,-1.01047052452201,-1.18049708303336
-9.20874831419622,-8.10491763173409,-0.508462228467158,7.16501824666262,20.0119460427254,-1.04946160997092,-1.34202446166558
-8.38469400295244,-7.67765660227856,-0.395119084392907,6.99671954031467,19.8828094450416,-1.11815251279251,-1.49621917544239
-7.57100196149298,-7.27634502759604,-0.325385422205435,6.76851260178383,19.7170005275805,-1.2152498203764,-1.64213406550074
-6.76494593441904,-6.89594809097009,-0.293116166477375,6.48643121657421,19.5205196115934,-1.33689620457296,-1.77868925037253
-5.96331183917328,-6.53034365694182,-0.290455153941398,6.15879896382967,19.3022402220945,-1.47635831273499,-1.90461652944834
-5.16257696311936,-6.17256314005568,-0.30801326294559,5.79623406928988,19.0738897493101,-1.62388454999996,-2.01841642665111
-4.35915674366957,-5.81515310243771,-0.335200265177006,5.41148513661817,18.8497095828688,-1.76685943994397,-2.11834917601019
-3.54973031229405,-5.45069399094507,-0.360784473910444,5.018975670175,18.6456612984191,-1.89039590506835,-2.20248440943669
-2.73163701761889,-5.07248541931397,-0.373730618195509,4.63394712621793,18.4780949300792,-1.97847247160209,-2.26882974171663
-1.90330127780673,-4.67534732149966,-0.364292403587207,4.27116898168774,18.3619262966259,-2.01560979111636,-2.31554113301909
-1.06460198669588,-4.25640464054344,-0.325217418856816,3.94333644284086,18.3085730204046,-1.98889013193963,-2.34118784605273
-0.2170778816674,-3.81565751537133,-0.252802406192453,3.65945853999767,18.3240995146837,-1.88991516294048,-2.34501178442017
0.636122655015281,-3.35614027339331,-0.147491250598906,3.42365527608511,18.4080952114367,-1.71618875664874,-2.32710398101702
1.4905724869278,-2.8835684817855,-0.0137951883258207,3.2347345036183,18.5536608453917,-1.47150863235059,-2.28843685548964
2.34111224653424,-2.40553294117951,0.14048118704461,3.08669257118612,18.7485337388341,-1.16524998379917,-2.23073824989611
3.18248033813078,-1.93044225912504,0.305502660754737,2.96998242560969,18.9770126536295,-0.810783784121653,-2.15624851860333
4.00988443109675,-1.46646807040457,0.470824896697062,2.87317595625486,19.2221378200252,-0.423505689564121,-2.067435268756
4.81941689223849,-1.02069611729783,0.626664384464203,2.78460732025364,19.4676181909499,-0.0189645065172064,-1.96673827591815
5.60828298315042,-0.598578952121681,0.764827869383208,2.69369707049985,19.699202209247,0.388580755678763,-1.85638912240812
6.37486505497552,-0.203683712412356,0.879253514906868,2.59182817363374,19.9054234413107,0.787058049967498,-1.73831644721679
7.11867259763512,0.162332293665793,0.96621638405536,2.47278765602619,20.077818329619,1.16698062912564,-1.61412360334667
7.84022954419498,0.499601426467406,1.02429320512345,2.33286484646288,20.2107832746904,1.52147453795174,-1.48511528733555
8.54093759919544,0.809851009672237,1.05417942743776,2.17071557663326,20.3012355326387,1.84607543740678,-1.35234994343882
9.22293782779482,1.09617955080429,1.0584277015224,1.98708567450614,20.3482039327147,2.13840971191416,-1.21670004191777
9.88897826679025,1.36282548960451,1.04114883205073,1.78445936171339,20.3524289968514,2.3978385526896,-1.07890859865884
10.542285403326,1.6149325534501,1.00769363611647,1.56667277372946,20.3160125269612,2.6251112034247,-0.93963559123549
11.1864321658976,1.85830605578261,0.964320390884926,1.33851554945062,20.2421283894764,2.8220500176557,-0.799491721502828
11.8251941532209,2.0991518896223,0.917847500330629,1.10533489446612,20.1347889901575,2.99127537076033,-0.659059493544065
12.462388205578,2.34379295814805,0.875292653236359,0.872654548055773,19.9986534649699,3.13597064501885,-0.518903146449461
13.1016920857591,2.59836431634495,0.84350531307492,0.645822511276596,19.8388616235396,3.25968404075407,-0.379569873987655
13.7464496163806,2.86849611315723,0.828805945237879,0.429703094654583,19.6608796424888,3.36616281700228,-0.241585128081587
14.3994710799738,3.15900048083421,0.836650493190804,0.228428563244053,19.4703476854255,3.45921540249979,-0.105444761787188
15.0628427251861,3.47358321572885,0.87134069429523,0.04522238225529,19.2729239254036,3.54259681003981,0.0283935754943728
15.737761448983,3.81460270707154,0.935799478470967,-0.117699859540077,19.0741231693886,3.61991271375886,0.159517874100956
16.4244106647738,4.18289701474674,1.0314264379361,-0.259153101325554,18.8791506474294,3.69453738264943,0.287566639999634
17.1218913603575,4.57769580735767,1.15804227830074,-0.378937406401725,18.692733027502,3.76954063080387,0.412230278303644
17.8282183677508,4.99662766309812,1.31392437096026,-0.477738381720603,18.5189494941572,3.84761915100832,0.533248416599916
18.5403866419981,5.43582579430146,1.49592893169703,-0.556990361711296,18.361066824102,3.93102823621596,0.650402894540031
19.2545060920603,5.8901271933035,1.69968949534788,-0.618719728454465,18.221383908521,4.02151094849565,0.763506419832443
19.9659970718093,6.35335227729192,1.91987657827018,-0.665383902082853,18.1010934577449,4.12022331937167,0.872387191453741
20.6698325791623,6.81864505053499,2.15049990720148,-0.699718126906804,18.0001711896529,4.22765610736831,0.976870134176978
21.3608084451548,7.27884841551332,2.38523250085363,-0.724598035845699,17.9173052089418,4.34355601393333,1.0767557737392
22.0338198221484,7.72688613933636,2.61773528489991,-0.742921881132018,17.8498796733586,4.46685201109983,1.17179819173203
22.6841215718748,8.15612249660723,2.84196177793431,-0.757512894022402,17.7940266856872,4.59559551527239,1.26168393196936
23.3075516422589,8.56067273311453,3.05242453881951,-0.771039857502001,17.7447582147407,4.72692636675212,1.346014182636
23.9007000190709,8.93564194743161,3.24440827483873,-0.785952773246351,17.6961857900392,4.85707959898171,1.42429301359948
24.4610109446895,9.27727629051746,3.41411850219681,-0.804430392263368,17.6418299353678,4.98145010694823,1.4959248167182
24.9868120280777,9.58301783656838,3.55875910388597,-0.828337134514331,17.5750136610646,5.09473228301354,1.56022414981176
25.477270352464,9.85146251160749,3.67653677734542,-0.859188310249988,17.489324722515,5.19114780234076,1.61644059862752
25.9322818969094,10.0822282879778,3.76659487249429,-0.898124333707452,17.3791191253612,5.26476512572289,1.66379966351205
26.3523061177301,10.2757478831521,3.82888330363058,-0.945896509206852,17.2400239870921,5.30989809314307,1.7015578768797
26.7381621149123,10.4330061085685,3.86397515273724,-1.00286849354406,17.0693840238839,5.32154983107838,1.72906667083339
27.0908063282407,10.5552467731615,3.87284462939135,-1.06903794482759,16.8665881486669,5.29584728059438,1.74583590199168
27.4111140111684,10.6436776971089,3.85662554851705,-1.14408133140613,16.6332177810602,5.23039903712819,1.7515858450465
27.6996877726085,10.6992047592137,3.81637421270975,-1.22742105197071,16.3729809810714,5.12451269473418,1.74627722867556
27.9567154139323,10.7222259770806,3.75286421685914,-1.31830859370539,16.0914337834422,4.97923029299348,1.73011288247146
28.1818957386228,10.7125131963499,3.66644119933607,-1.41591225647466,15.7955318274416,4.79717667300876,1.70351079373954
28.3744442974805,10.6692009522234,3.55696106294998,-1.51939519709218,15.4930868168991,4.58225365769839,1.6670547081637
28.5331820047796,10.5908898816183,3.42382534167139,-1.62797065385829,15.1922125263621,4.33924012410279,1.62143269400898
28.656699326525,10.4758573866087,3.2661137247224,-1.74092602645568,14.9008317789968,4.07336650265057,1.56737512675484
28.7435791998999,10.3223538379718,3.08279923976175,-1.85761434906505,14.6262866479239,3.78992257079647,1.50560157345511
28.7926544578456,10.1289510717985,2.87301935927725,-1.97741832764165,14.3750614428367,3.49393658296524,1.43678230606628
28.8032715282063,9.89490313442531,2.63636856251072,-2.09969672042166,14.1526031217064,3.18994082799058,1.36151615655338
28.7755312490368,9.62047752781822,2.37317538007783,-2.22372466365559,13.9632120644119,2.88182048031196,1.28032321094272
28.710479900219,9.30721827706183,2.0847292379133,-2.34863895709671,13.8099774935324,2.57273220829518,1.19364891607483
28.6102280209157,8.95810880033871,1.77342826054085,-2.47339727683206,13.6947413918639,2.26507588777792,1.10187546660626
28.477980750625,8.5776117758049,1.44282733709191,-2.59675779761068,13.6180865376361,1.96050449039388,1.00533652683145
28.3179710604205,8.17157430677295,1.09757533385627,-2.71728342832768,13.5793532780287,1.6599609345119,0.904332048448091
28.135296174383,7.74699934761868,0.74324095030842,-2.83337290498891,13.5766931841948,1.36373422798818,0.799140872530138
27.9356673527049,7.31169816656256,0.386038105029047,-2.94331905364372,13.6071655088901,1.0715295076124,0.690029769343666
27.72509369573,6.8738527317694,0.0324732873810285,-3.04539230229848,13.6668762539755,0.782547513030959,0.577258501140003
27.509529571674,6.44152919206219,-0.311052377996232,-3.13794475753438,13.751151883359,0.495569095470803,0.461081324815917
27.2945214935553,6.02219172146583,-0.638646473961584,-3.21952713937427,13.854733276255,0.209040321886907,0.34174606095914
27.0848911328009,5.62226731607954,-0.945292123687201,-3.28900799225708,13.9719719930094,-0.0788458295633155,0.219492353038433
26.8844867113111,5.24680587914774,-1.22714036146914,-3.34568250789327,14.0970117534961,-0.370073906336896,0.0945509733695346
26.6960251773864,4.8992669486129,-1.48169938056475,-3.38935727949789,14.2239427225384,-0.666737146450663,-0.0328540559405285
26.5210352891504,4.58144784971243,-1.70790441090036,-3.42039745881709,14.3469241369087,-0.970973197489603,-0.16249912869911
26.3598993638118,4.29355161496439,-1.90606455248001,-3.43972376494697,14.4602801619676,-1.28489917341707,-0.294149666261414
26.2119817139918,4.03438010419049,-2.07769300456075,-3.44874823675729,14.5585830097581,-1.61053789715973,-0.427543416149836
26.0758261706375,3.80163016827372,-2.22523342241578,-3.4492393353617,14.6367448677777,-1.94972471523252,-0.562368617817777
25.9494034184104,3.59226825630242,-2.35169779094757,-3.44310913764522,14.6901449344748,-2.30398263392739,-0.698237388725195
25.8303901281938,3.40295988485617,-2.46023175456354,-3.4321185567669,14.7148191758638,-2.67435315747531,-0.834654563292729
25.7164642713509,3.23053233192534,-2.55362407265064,-3.41750183819419,14.7077375988635,-3.06117178563582,-0.97098191219893
25.6056026811058,3.07244913598513,-2.63378029130106,-3.39952045268193,14.6671858198251,-3.46378174918638,-1.10639745227478
25.4963665163363,2.92727119900974,-2.70118922049845,-3.37697070530266,14.5932528317826,-3.88018893186931,-1.23984988737791
25.3881563989759,2.79506984294396,-2.7544262243806,-3.34669059944561,14.4884023689404,-4.30667724320696,-1.37000969372837
25.2814115661577,2.67774167509722,-2.78976030514462,-3.30314059432608,14.3580684820363,-4.73742916101892,-1.49522161801042
25.1777170802416,2.5791555929254,-2.8009600324347,-3.23816762310772,14.2111658463815,-5.16423108164824,-1.61346871351051
25.0797734695406,2.50504538902934,-2.77941805671159,-3.1410932629149,14.0603476474589,-5.57638263521795,-1.72236491116675
24.9911812247022,2.46256066378595,-2.71471757443959,-2.99927590777964,13.9217974494257,-5.96095853116347,-1.8191991479314
24.9160087828776,2.45942352563225,-2.59572055611531,-2.79925348750443,13.8143426815146,-6.30356361800334,-1.90105455743037
24.8581567841068,2.50272560192048,-2.41214342855341,-2.52844952355426,13.75777319447,-6.58964367060428,-1.96501515978943
24.8206022374597,2.59753448429243,-2.15640559218378,-2.1772225069178,13.7704658199499,-6.80625003796283,-2.0084464616934
24.8046814448106,2.74561534721187,-1.82534883017903,-1.74081977100768,13.8667149837652,-6.94394120015557,-2.02930078231936
24.8096065144047,2.94463018492606,-1.42134090990224,-1.22068540180013,14.0544168489086,-6.99833988049863,-2.02637004124395
24.8323683178625,3.18808425188394,-0.952391082234088,-0.624681892543831,14.3337782684605,-6.97087349797611,-1.9994095696972
24.8680602787227,3.46605759961865,-0.431209598048348,0.033883211847427,14.6974426414447,-6.86845446854225,-1.94909456334829
24.9105177896137,3.76649866645026,0.126505326261491,0.738135753592339,15.1319555230936,-6.70220899648419,-1.87682958629927
24.9530805819678,4.07670385627413,0.704056287115177,1.46987276649712,15.6200799853715,-6.48565315096241,-1.78447897273752
24.9892870175442,4.38462458511253,1.28552776854547,2.21161018519863,16.1433122071185,-6.23280671729895,-1.67409882577156
25.0133797070567,4.67978577882944,1.85705988489625,2.94808502521642,16.6840586927551,-5.95662958695736,-1.54773061452635
25.0205904132181,4.9537689607147,2.40753957091042,3.66710557819494,17.2271880805947,-5.66796690244458,-1.4072809215397
25.0072375554998,5.20033328477647,2.92879678705709,4.35982997599767,17.7609120891587,-5.3750093923619,-1.25448104164338
24.9706982027558,5.41529739373965,3.41546341092731,5.02063926806896,18.2771004394392,-5.08316985678051,-1.0909030442848
24.9093158024421,5.59630085798286,3.86465128558469,5.64677715883654,18.7711889641392,-4.79524432378027,-0.918004926691464
24.8222891241599,5.74253385143333,4.27556979551137,6.23789454567213,19.2418325437333,-4.51173919077049,-0.737181630281338
24.7095684630819,5.85448840772823,4.64915983351407,6.79559366353198,19.6904218052262,-4.23127589607936,-0.549806169766607
24.571767751182,5.93375381217099,4.98778286913695,7.32302813538951,20.1205475679188,-3.95101525515505,-0.357252899862535
24.410087816433,5.98285448617454,5.29497331244063,7.82458362291193,20.5374684517168,-3.66706800903945,-0.160901574557571
24.22623619811,6.00510988392635,5.57523738797127,8.30563598888203,20.9476141428351,-3.37487601063044,0.0378742202371565
24.0223224990639,6.00448138841405,5.83386053232691,8.77235741037081,21.3581361948606,-3.0695618970408,0.237727558791128
23.8007050825405,5.98536124962041,6.07666835916923,9.23151617392973,21.7764973378633,-2.74625603232942,0.437359417930058
23.5637656037454,5.95225491373354,6.30967614913831,9.69019650808856,22.2100695118797,-2.40041896369289,0.635532284607407
23.3135930529244,5.90931266768075,6.53856200255553,10.1553556018359,22.6656931127323,-2.02818547132273,0.831068286018129
23.051569306339,5.85968088821594,6.76791192330991,10.6331400390415,23.1491393887182,-1.62676139926447,1.02282486111486
22.7778639561865,5.80466818181384,7.00021269097393,11.1279056343787,23.6644184861564,-1.19490467243544,1.20964206937994
22.4908684636317,5.74275872179581,7.23461223795328,11.640925222019,24.2128916250131,-0.73351353618811,1.39025741174549
22.186630736646,5.66855781839684,7.46553206831939,12.1688334061511,24.7921836842323,-0.246321855673605,1.56318779360198
21.8583941884488,5.57182963556495,7.68131098527134,12.701956435713,25.3949625323068,0.259346019307802,1.72658605792841
21.4964014097439,5.43688873509167,7.86319282073907,13.2228233071687,26.0077675461822,0.771889812036684,1.87809377477849
21.0881811565586,5.24272388901719,7.98513370909969,13.7053511255614,26.6102362441484,1.27506333974086,2.0147336738575
20.6195625665935,4.96431000869107,8.01503562139432,14.1153929097713,27.1752615367074,1.7482906434874,2.13290994781492
20.0765817961927,4.57548323852263,7.91796523004287,14.4133808152176,27.6707007960905,2.16808708136506,2.22859764681495
19.4481843051888,4.05336263871783,7.66148341874741,14.5594504784899,28.0630544724994,2.51083621491753,2.29777693975045
18.7291820279515,3.38355716129602,7.22229475824073,14.5205182500566,28.3228663399481,2.75668027136657,2.33708128582937
17.9224965408659,2.56458395506844,6.59233260786125,14.277523775667,28.4305899827119,2.89357275840674,2.34449723251615
17.0396775098015,1.6096736919042,5.781908304797,13.8302433066284,28.3809118689943,2.9200567864592,2.31985834912557
16.0992670255139,0.54495001985498,4.81838771153719,13.1976186179334,28.1837701239463,2.84558865495935,2.26491597631366
15.1235291412027,-0.595454662476321,3.74077875316256,12.4134302060321,27.861675229798,2.68825322555708,2.18295469253423
14.1347383854093,-1.77549600429785,2.59235491082667,11.5191597265794,27.4445560567557,2.47085450539715,2.07812823592613
13.1521916402601,-2.96251107462604,1.41385579123824,10.5566860062863,26.9641262765811,2.21684299117312,1.95477742412208
12.1905364711399,-4.13052172560059,0.238915076813771,9.562805040954,26.4493948015017,1.94720197125056,1.81692621225816
11.2593816288705,-5.26141287822797,-0.907925252113226,8.56628119461314,25.9239998051009,1.67870624595465,1.6680207351393
10.3638036482049,-6.3445147497561,-2.01114545292907,7.58711745852241,25.4052337117797,1.42339327916954,1.51087312363271
9.50530955847384,-7.37528745784799,-3.06294152073418,6.63730299492928,24.9042463302112,1.18884132527086,1.34773100206715
8.68292125385775,-8.35367865413029,-4.06139218337203,5.72231294024193,24.4268886642327,0.978857127657552,1.18039908945845
7.89418231731027,-9.28251663294377,-5.00857276282296,4.84283688170543,23.9747977952243,0.794291018263054,1.01036338510252
7.1359914803593,-10.16612833895,-5.90887710568624,3.99642256082454,23.5464819241886,0.633818591697257,0.838892515767198
6.40522910640202,-11.0092611776919,-6.76766663508943,3.17887454833698,23.1382849621387,0.4946160577671,0.667108053268727
5.69917583939771,-11.8163259218828,-7.59028323899325,2.38534210273328,22.7451841460092,0.37290818066208,0.49602563027045
5.01573968308913,-12.5909445619421,-8.38141687716961,1.61108522574378,22.3614143078599,0.264393665024531,0.326573353980365
4.35351794686973,-13.3357669101818,-9.14479141700927,0.851940745471798,21.9809322226892,0.164563774812099,0.159595276904486
3.7117273766678,-14.0525063904903,-9.88311425620965,0.104531384941443,21.5977436834792,0.0689333903912902,-0.00415298558167995
3.09003992783769,-14.7421371611288,-10.5982241149559,-0.633725876075679,21.2061198559267,-0.0267961911549376,-0.164010969546659
2.48836256540621,-15.4051918798626,-11.2913670287805,-1.36474958009256,20.800730313865,-0.126624666884293,-0.319418656290902
1.90659706639673,-16.04210227128,-11.9635332096345,-2.08999987907104,20.3767190058793,-0.234174130033987,-0.469918126693663
1.34441064019216,-16.6535322387152,-12.6157960058788,-2.81070593928933,19.9297467224375,-0.352630323778031,-0.615150452544918
0.801041495651037,-17.2406637424549,-13.249606540246,-3.52807071801322,19.4560200434183,-0.484691771735595,-0.754847342208837
0.275156643718744,-17.8054067721472,-13.8670110485125,-4.24342195412285,18.9523227844031,-0.632516933589742,-0.888817350729693
-0.235226634543015,-18.3505146135254,-14.4707701427722,-4.95829043010648,18.4160621674058,-0.79766156727086,-1.01692656684838
-0.732748510900701,-18.8795931298985,-15.0643686761567,-5.67440658835458,17.8453385101081,-0.981000515231402,-1.13907375160712
-1.22063911643594,-19.3969978002873,-15.6519112035595,-6.39361378974104,17.2390439783781,-1.18263045512285,-1.25516003906191
-1.70257319405776,-19.9076156732098,-16.2379020237915,-7.11770131118412,16.5969924250616,-1.40175325587037,-1.36505360915095
-2.18244604802424,-20.4165325103545,-16.8269119038145,-7.84816377335511,15.920077466124,-1.63654409342875,-1.46855027018998
-2.66407299799284,-20.928590352163,-17.4231381698483,-8.58589791309642,15.2104488543865,-1.88401509659866,-1.56533174195722
-3.15082020258245,-21.4478493859767,-18.0298731254318,-9.33085435556001,14.4716867082814,-2.13989447047662,-1.65492469013547
-3.64518427319548,-21.9769825559309,-18.6489102018436,-10.0816730561645,13.7089391883012,-2.39855261679811,-1.73666530160387
-4.14835235303193,-22.5166527384543,-19.2799390084458,-10.8353468847993,12.9289729030175,-2.65301915974131,-1.80967628704955
-4.65979287177657,-23.0649497579209,-19.9200086558498,-11.5869767824308,12.1400709252046,-2.89514415873217,-1.87286520940307
-5.17694698727023,-23.6169929335281,-20.5631678125946,-12.3296985144015,11.3517086312373,-3.11595640641181,-1.9249539664897
-5.6951048704963,-24.1648233996773,-21.2004081777952,-13.0548652072634,10.5739538754312,-3.30625278494602,-1.96454759571655
-6.20754847708937,-24.6977022390621,-21.8200275038227,-13.7525483336005,9.81658556326464,-3.4574079758147,-1.99024473398984
-6.7060116811527,-25.2028789178396,-22.408471839816,-14.4123627640892,9.08800492725794,-3.56232482472996,-2.00078160287305
-7.18144513163251,-25.6667947826021,-22.9516103823136,-15.0245326187279,8.39410915473586,-3.61636968131865,-1.99518836338176
-7.62498879580609,-26.0765591405004,-23.4362636944622,-15.581019665542,7.73736861498082,-3.61808759150812,-1.97292624214667
-8.02898052292334,-26.4214290745056,-23.8516992229582,-16.0764786008579,7.11635116120487,-3.56950520014784,-1.93397238719131
-8.38780101550475,-26.6939935199359,-24.190784247623,-16.5088223456646,6.52584695892804,-3.47591784056259,-1.87883046913083
-8.69839430020175,-26.8908334205295,-24.4505703648084,-16.8792803951155,5.95758971752719,-3.3451945133583,-1.80846564003836
-8.96039418216843,-27.0125764527025,-24.6322436182311,-17.1919745108469,5.40141084893589,-3.18676236934322,-1.72418376500223
-9.1758899744424,-27.0634211101578,-24.7405387744566,-17.4531565390791,4.84656992100298,-3.01049684212344,-1.62748750296087
-9.34893668381588,-27.0503073847867,-24.7828185189234,-17.6703069956338,4.28300653970818,-2.82572709293295,-1.51994175653089
-9.48493678021989,-26.9819347787768,-24.7680346796043,-17.8512745732986,3.70233454290032,-2.64049237041664,-1.40307100595184
-9.59000127994886,-26.8677899445386,-24.705739839251,-18.0035734890493,3.09850149410003,-2.46109540337934,-1.27829750523376
-9.67036021627067,-26.7172830872314,-24.6052448869394,-18.1338842759355,2.46812250745248,-2.29192827482426,-1.14691792238809
-9.73185791147267,-26.5390368471265,-24.4749557988277,-18.2477498425405,1.81054739852395,-2.13550825611489,-1.01010935307511
-9.77954746011784,-26.3403389147254,-24.3218869548331,-18.3494307554137,1.12773498575545,-1.99265243059324,-0.868953501366884
-9.81739160026015,-26.1267592409818,-24.1513373947888,-18.4418776586941,0.423999737538236,-1.86272952322032,-0.724468621464196
-9.84807771172356,-25.9019347822258,-23.9667205024418,-18.5267855624163,-0.294322977401813,-1.7439442121892,-0.577640922048546
-9.87295558204895,-25.6675278292039,-23.7695448049736,-18.6047057449893,-1.01926598408553,-1.63362589609813,-0.429449483960205
-9.89210227911764,-25.4233598219004,-23.5595450175058,-18.6752003713822,-1.7416601171493,-1.52850674730141,-0.280880897603129
-9.90450702436861,-25.1677081661543,-23.334954223499,-18.7370298340399,-2.45159624085097,-1.42498188681862,-0.132931767408115
-9.9083525005007,-24.8977318835667,-23.09289176119,-18.7883632263239,-3.13890812818959,-1.3193482324282,0.0134009187026258
-9.901352631342,-24.609969925041,-22.8298225646728,-18.8269998099316,-3.7936569590117,-1.20801934228169,0.157139752799507
-9.88109685917627,-24.3008427127498,-22.5420304326453,-18.8505867602575,-4.40658983699724,-1.0877130619864,0.297353778836672
-9.84535147889491,-23.9670884897847,-22.2260455323821,-18.8568177109617,-4.96954057528365,-0.955608410466681,0.433187706385256
-9.79228064484705,-23.6060831185676,-21.8789781344719,-18.8435994641752,-5.47574419146207,-0.809468864854177,0.563888541846726
-9.72056938479621,-23.2160193988299,-21.4987322376751,-18.8091796984368,-5.92004702171608,-0.647731128505201,0.688825282593567
-9.6294524681447,-22.795951925672,-21.0840982109702,-18.7522354397773,-6.29900926736787,-0.469561080901796,0.807498695096906
-9.51867005264624,-22.3457371405924,-20.6347450865998,-18.6719280463907,-6.61091157807992,-0.274881008588397,0.919540017209222
-9.38838009747233,-21.8659106435425,-20.1511458340646,-18.5679339980916,-6.85568791413732,-0.0643736150048526,1.02469923228609
-9.23905820022706,-21.3575445221706,-19.6344715967443,-18.4404612874545,-7.03481125668006,0.160531709963484,1.12282498410038
-9.07140991916562,-20.8221193868124,-19.0864854209508,-18.2902590390593,-7.1511568035958,0.397686280953592,1.21383904946702
-8.8863119124683,-20.2614333620281,-18.5094559604833,-18.1186240885176,-7.20886074659883,0.644261510686441,1.29770857354935
-8.68478913803853,-19.6775573980853,-17.9061004455604,-17.9274037596327,-7.21318383757315,0.896801569285671,1.3744191522452
-8.46802759235418,-19.0728353423863,-17.279556229861,-17.7189899460722,-7.17037980378807,1.15129343429873,1.44395150902662
-8.23741608278599,-18.4499188717538,-16.6333723703246,-17.4962963057452,-7.08756073049917,1.40326067111617,1.50626408862496
-7.99460632196342,-17.8118218307673,-15.9715075092449,-17.2627087105108,-6.97254600833933,1.64788823185364,1.56128344845433
-7.74157775212299,-17.16197510282,-15.298317562646,-17.0219993268645,-6.83367914006481,1.88018456424362,1.60890381247641
-7.48069185637732,-16.5042618104355,-14.618516546715,-16.7781973859637,-6.6795984518832,2.09518376353365,1.64899645710463
-7.21472056804755,-15.8430137647027,-13.9370966471688,-16.5354151895056,-6.51895417551165,2.28818409697468,1.68142861942438
-6.94683526071835,-15.1829541406145,-13.2591995364025,-16.2976358594543,-6.36007534432222,2.4550103991715,1.70609031220271
-6.68054734679322,-14.5290789620586,-12.589939950361,-16.0684788620394,-6.21060422828201,2.59227810457252,1.72292594454679
-6.41959871627519,-13.8864805500385,-11.9341933081896,-15.8509680721695,-6.07713056073033,2.6976286498521,1.73196628647663
-6.16780931723936,-13.2601281084352,-11.2963695100769,-15.6473323967174,-5.96486832891257,2.76990283136768,1.73335555531815
-5.92889819596923,-12.6546312276233,-10.6802019566242,-15.4588681878314,-5.87742004056429,2.80922297061559,1.72736867504933
-5.70630069097618,-12.0740178920495,-10.0885815280779,-15.2858846575001,-5.81666459250442,2.81696685938963,1.7144152206548
-5.50300610819585,-11.5215574270299,-9.52345885981885,-15.1277397382849,-5.78278622944664,2.7956340509026,1.69502896976994
-5.32143633400084,-10.9996506189142,-8.98582618306774,-14.9829579444769,-5.77443833908684,2.74862341507075,1.66984470314157
-5.16337758478836,-10.5097963574994,-8.47577575011746,-14.8494083180164,-5.7890137722437,2.67995474901415,1.63956613843732
-5.02996737929692,-10.0526304043378,-7.99261949868364,-14.7245130117592,-5.82297901127986,2.59397303646992,1.60493004356708
-4.92172978497365,-9.62802111527804,-7.53504725498268,-14.6054568539693,-5.87222580439932,2.49507110729433,1.56667149151828
-4.83864602530322,-9.23520116707959,-7.10129927097333,-14.4893738936613,-5.93239987042572,2.387457118671,1.52549411305028
-4.78024543132912,-8.87291394247194,-6.68933238163119,-14.3734959580271,-5.99917846841074,2.2749811602375,1.48204760724983
-4.74570282411468,-8.53955668832545,-6.2969652821201,-14.255257481337,-6.06848254791733,2.16102380556494,1.43691316658867
-4.73393154808879,-8.23330803925822,-5.92199525979426,-14.1323583752087,-6.13662141785688,2.04844086306763,1.390596234812
-4.74366519738575,-7.95223315873482,-5.56228453992149,-14.0027915005451,-6.20037649438127,1.93955365059471,1.3435252706399
-4.77352460743712,-7.69436443862521,-5.21581846643965,-13.8648434195636,-6.25703537525076,1.83617244150399,1.29605490266036
-4.82206942736312,-7.45775898839384,-4.88074001467843,-13.7170772475539,-6.30438893576179,1.73964136817134,1.248471913736
-4.88783539267235,-7.2405360276579,-4.55536594072781,-13.5583053118988,-6.34070338604615,1.65089498464122,1.20100273735017
-4.96935940329661,-7.04089808207412,-4.23818970777444,-13.3875576771647,-6.36467731096673,1.5705190618579,1.15382146854351
-5.06519487470661,-6.85713991258105,-3.92787562256665,-13.2040508464221,-6.37539139294154,1.49881047291883,1.10705770560766
-5.17391980245476,-6.68764872788118,-3.62324771182859,-13.0071594129566,-6.37225630335084,1.43583295085382,1.06080380746029
-5.29413972186596,-6.5308986501473,-3.32327596078847,-12.7963921752028,-6.35496236267405,1.38146697088858,1.01512135582972
-5.42448740208173,-6.38544180670857,-3.02706175142539,-12.5713733135153,-6.32343311959187,1.33545305080781,0.970046757387395
-5.56362074258728,-6.2498978576496,-2.73382369942403,-12.3318285670703,-6.27778393986955,1.29742844203528,0.925596012731349
-5.71021999644999,-6.122943295087,-2.44288460811188,-12.0775759265058,-6.21828598080671,1.26695759142846,0.881768731628368
-5.86298514488865,-6.00330146739434,-2.15365991241039,-11.808520114841,-6.14533547818543,1.24355696870621,0.838551497711561
-6.02063399293101,-5.88973397703321,-1.86564774673403,-11.5246500103837,-6.05942801256005,1.22671494112713,0.79592068951748
-6.18190132645891,-5.78103384407903,-1.57842060761182,-11.2260381045684,-5.96113727327096,1.2159073813023,0.753844853858065
-6.3455393221847,-5.67602066410177,-1.29161849204994,-10.9128411755494,-5.85109781595401,1.21060966266182,0.712286716127718
-6.51031923547994,-5.57353781237211,-1.00494332584409,-10.5853013890705,-5.72999128192694,1.21030563238239,0.671204890704453
-6.6750342897025,-5.47245163586752,-0.71815447047822,-10.243747169642,-5.59853558182581,1.21449408647385,0.630555339045202
-6.83850361722906,-5.37165248637507,-0.431065087084649,-9.8885933277236,-5.45747658735013,1.22269320570336,0.590292609109589
-6.99957701499212,-5.27005734992125,-0.143539134952583,-9.520340018083,-5.30758188497512,1.23444334152123,0.550370875533449
-7.15714027585321,-5.16661380219209,0.144511201803123,-9.1395702899084,-5.14963620615395,1.24930848856564,0.510744796154788
-7.31012081909194,-5.06030496667,0.433127849582149,-8.74694607528867,-4.98443815691108,1.26687672262109,0.471370194592716
-7.45749336782216,-4.95015515319212,0.722309108465649,-8.34320259772358,-4.81279791067829,1.28675983882706,0.43220458012766
-7.59828542721158,-4.83523584826258,1.01201198187656,-7.9291412522635,-4.63553554255195,1.30859238003606,0.39320751728793
-7.73158237402198,-4.71467176451129,1.30215468449885,-7.50562110489823,-4.45347972480483,1.33203021217091,0.354340862867664
-7.85653198193087,-4.58764667150897,1.59261940851156,-7.07354917688825,-4.26746651432264,1.35674876650475,0.315568890681816
-7.97234828268911,-4.45340879080822,1.88325540412858,-6.63386974266904,-4.07833801319561,1.38244104672958,0.276858329970072
-8.07831468032411,-4.3112755662148,2.17388240074841,-6.18755285770498,-3.88694070259004,1.40881547124829,0.23817834460202
-8.17378629189404,-4.16063767456794,2.4642943750877,-5.73558235340053,-3.69412329814547,1.43559360562622,0.199500482181209
-8.25819150878095,-4.00096217519779,2.7542636511486,-5.2789435236246,-3.50073401044918,1.46250782377794,0.160798620818954
-8.33103279616175,-3.83179472922108,3.04354530109933,-4.81861072503871,-3.30761713969612,1.48929892590597,0.122048938731479
-8.39188674644938,-3.6527608367235,3.33188179815374,-4.35553510377788,-3.11560897593336,1.51571373108057,0.0832299270944117
-8.44040342304958,-3.4635660630202,3.61900786802977,-3.89063267638161,-2.92553303499447,1.5415026606334,0.0443224609452584
-8.47630500078704,-3.26399522074289,3.90465546804091,-3.42477298876186,-2.73819470437574,1.56641732160079,0.00530993511463486
-8.49938368404887,-3.05391047243851,4.18855880631351,-2.95876859225325,-2.55437542675201,1.59020809610737,-0.0338215357373668
-8.50949891041926,-2.83324833495563,4.47045932336769,-2.49336561572892,-2.37482661981635,1.61262175108196,-0.0730828624079701
-8.50657377662328,-2.60201554743554,4.75011052345233,-2.02923571201444,-2.20026356795499,1.63339907454919,-0.112481690285289
-8.49059064385506,-2.36028378629438,5.02728254607583,-1.56696968996591,-2.03135958179367,1.65227255378821,-0.152022098854933
-8.46158587867889,-2.10818322910386,5.30176636101818,-1.10707314941983,-1.86874076059594,1.66896411563585,-0.191704325693461
-8.41964368895907,-1.84589499884305,5.57337746025236,-0.649964423996668,-1.71298171418147,1.68318295369876,-0.231524554764936
-8.36488903818487,-1.57364256648237,5.84195891680579,-0.195975104314314,-1.56460260353954,1.69462347355142,-0.271474811969653
-8.29747968422073,-1.29168225374456,6.10738369984756,0.25464664596768,-1.42406783968843,1.70296339827388,-0.311543011618113
-8.21759742512231,-1.00029304150678,6.36955613712957,0.701729863406729,-1.29178672280076,1.70786207939723,-0.351713193610705
-8.12543871759626,-0.699765964205516,6.62841245050081,1.14517164877853,-1.16811622368714,1.7089590666436,-0.391965983868739
-8.02120487995557,-0.390393434713208,6.88392030343931,1.5849252621962,-1.05336599657103,1.70587298705499,-0.432279297630647
-7.90509219445384,-0.0724589016110609,7.13607736736456,2.02098574437497,-0.947805589052437,1.69820079036345,-0.47262929093444
-7.77728224178163,0.253772733179566,7.38490892962201,2.45337350259641,-0.851673673201943,1.68551740437458,-0.512991545548679
-7.63793284073174,0.58806350670394,7.63046461614237,2.88211642576718,-0.765188991488429,1.66737583622902,-0.553342452675317
-7.48716997251837,0.930209204160235,7.87281434769642,3.30723118662521,-0.68856259816078,1.64330774364483,-0.593660741507878
-7.3250810327576,1.28004426640501,8.11204368037478,3.72870443525384,-0.622010892832815,1.61282448536936,-0.633929081674704
-7.15170967144503,1.63744458225781,8.34824868885505,4.14647457492394,-0.565768896669089,1.57541864420833,-0.674135674850349
-6.96705241217913,2.00232809023062,8.58153059671429,4.56041476985796,-0.520103219337796,1.53056601510414,-0.714275746657211
-6.77105708775383,2.37465325889703,8.8119903275973,4.97031772287762,-0.485324194690407,1.47772804455761,-0.754352847601017
-6.56362303331534,2.75441567758311,9.03972319550829,5.3758826634511,-0.461796725281512,1.41635472923922,-0.794379882116046
-6.34460281010422,3.14164312533516,9.26481391082339,5.77670484038506,-0.449949446839424,1.34588800135344,-0.83437979386252
-6.11380513351784,3.53638961773849,9.48733211059584,6.17226771761008,-0.450281895703214,1.26576567716929,-0.874385853251241
-5.87099856984462,3.93872902779333,9.70732862596754,6.56193798873453,-0.463369414017347,1.17542610335656,-0.914441508878888
-5.61591549798459,4.34874894892441,9.92483273702683,6.94496350129507,-0.489865547958712,1.07431371300781,-0.954599779851954
-5.34825576877182,4.766545490592,10.1398506751972,7.32047418154569,-0.530501670250981,0.961885789905733,-0.994922172344157
-5.06768951193401,5.19221972408286,10.3523657434243,7.68748616541498,-0.586083487737098,0.837620850168324,-1.03547711064239
-4.77385853202553,5.6258764610459,10.5623404590101,8.04490945160191,-0.657483968422408,0.701029160531896,-1.07633786268857
-4.46637579418736,6.06762601961526,10.7697212412423,8.39155960588511,-0.745632044701313,0.551666040546154,-1.11757992651408
-4.14482257313643,6.51758958051289,10.9744462735677,8.72617429864522,-0.851496220136336,0.389148725929626,-1.15927781911291
-3.80874294137439,6.9759086649876,11.1764572833968,9.04743576029644,-0.97606193145852,0.213177698980124,-1.20150117604029
-3.45763541291994,7.44275917116643,11.3757160915807,9.35400058549733,-1.12030120511619,0.0235635070964619,-1.24431003046888
-3.09094175880057,7.91837028984979,11.5722268994732,9.64453871740178,-1.2851328210036,-0.17973983013806,-1.28774910138884
-2.70803325911386,8.40304839075817,11.7660652698913,9.91778378313736,-1.47137088231178,-0.396593720116258,-1.33184087667428
-2.30819504180005,8.8972056920249,11.957414743418,10.1725973165015,-1.67965946680954,-0.626625222940343,-1.3765772553119
-1.89060966479335,9.40139304132929,12.1466117797886,10.4080495631117,-1.91039099979908,-0.869167976999313,-1.42190951208242
-1.45434179366793,9.91633538180221,12.3341991542245,10.6235193773362,-2.16360631153252,-1.12319390122982,-1.46773639230178
-0.998326765671774,10.4429674427694,12.5209870318579,10.8188150255401,-2.43887529233975,-1.38723698525847,-1.51389027763543
-0.521366988589916,10.9824656824653,12.7081193488664,10.9943160019252,-2.73515896745528,-1.65931244431111,-1.56012160969909
-0.0221414666271382,11.5362705986582,12.8971408212642,11.1511329110608,-3.05065712394359,-1.93683741856388,-1.60608218163186
0.500764932501303,12.1060912420556,13.0900566889695,11.2912775105152,-3.38265074307862,-2.21656333504774,-1.65130854260008
1.04880494380916,12.6938814601076,13.2893733110828,11.4178278245415,-3.72735564024579,-2.4945348581021,-1.69520762048132
1.62337775557028,13.3017758678664,13.4981035867225,11.5350640990869,-4.07981258487457,-2.76609536983876,-1.73704770294309
2.22569809331521,13.9319737841284,13.7197178735861,11.6485413002456,-4.43384833581691,-3.02596263564499,-1.77595890204543
2.85662562237571,14.5865631381387,13.9580208129686,11.7650558481794,-4.78214859018287,-3.26839831446959,-1.81094779775852
3.51646363038248,15.2672849886931,14.2169396379805,11.8924627927939,-5.11648316468454,-3.48748813415373,-1.84093051627137
4.20474788972153,15.9752533997233,14.5002224995274,12.0393104361643,-5.42811049022225,-3.67753320478849,-1.86478645200033
4.92005898486044,16.7106630698649,14.8110662449382,12.2142867157212,-5.70835907481869,-3.8335268470573,-1.88143086563521
5.65989949769403,17.4725335381458,15.1517185037941,12.4255147924564,-5.94933995673152,-3.95166006781161,-1.88989916808231
6.42067560299555,18.2585462656867,15.5231204565243,12.679784604679,-6.14469670280367,-4.02977252204215,-1.88943032859879
7.19780736543205,19.0650227058595,15.9246638762012,12.9818451376543,-6.29026621779371,-4.06765751980609,-1.87953385588099
7.98596519502825,19.8870657573949,16.3541212002834,13.3338895341524,-6.38452270243824,-4.06714864958788,-1.860026216619
8.7793996738598,20.7188501322637,16.8077715579736,13.7353322082447,-6.42871603215515,-4.0319603639499,-1.83102876668676
9.57230971170058,21.5540123156676,17.280700460843,14.1829119484016,-6.42668427783786,-3.96731114442382,-1.79292837910119
10.3591882424701,22.3860710459097,17.767213047076,14.671081248573,-6.38439310707566,-3.87940483325321,-1.74631052142867
11.1350964444566,23.2088107418394,18.261283527154,15.1925867416203,-6.30930598136435,-3.77486716266838,-1.69187946174075
11.8958402574377,24.0165795232614,18.7569697841052,15.7391247755133,-6.20970415492478,-3.66022674845298,-1.63038039097654
12.6380472311522,24.8044806702494,19.248745069137,16.3019693056114,-6.09405733462937,-3.54150148159235,-1.56253456263491
13.3591597218188,25.5684610693723,19.7317268310843,16.8725031092368,-5.9705088684692,-3.42391634280157,-1.48899323952939
14.0573691888503,26.3053164087757,20.2018064571795,17.4426218049889,-5.84649993440602,-3.31174905489675,-1.41031136819327
14.7315168737045,27.012639389883,20.6556983334474,18.0050114731373,-5.72852655096769,-3.20828144342378,-1.32693860274486
15.380981621472,27.6887363319908,21.0909321407483,18.553320002372,-5.62200538194786,-3.11582700678539,-1.23922374780053
16.005569165789,28.3325324832723,21.5058110929285,19.0822500954737,-5.53121801486255,-3.03580593692428,-1.14742846292561
16.6054111168779,28.9434800576344,21.8993540034835,19.5876013557202,-5.45930514252861,-2.9688439753178,-1.05174659193508
17.1808772046551,29.5214771276898,22.2712329702277,20.0662834650854,-5.40828820103425,-2.91487806675506,-0.952326255679198
17.7325013155785,30.0668008255799,22.6217126439678,20.5163149403915,-5.37910378851847,-2.87325800262214,-0.849292579783454
18.2609202939986,30.5800549129514,22.9515922406947,20.9368141030892,-5.37164388182309,-2.8428383146714,-0.742769488568522
18.7668239947904,31.0621295437122,23.2621480344045,21.3279818730963,-5.38480149715843,-2.8220584043867,-0.632899370379061
19.250915231941,31.5141696557263,23.5550721209343,21.6910705106591,-5.41652637518716,-2.80901137304058,-0.5198596502922
19.7138788464821,31.937547928508,23.8324030034769,22.0283292460506,-5.46389807451318,-2.80150347212023,-0.403875461088176
20.1563597880674,32.3338384502337,24.0964449529448,22.3429173119262,-5.52322413521378,-2.79710670655855,-0.285227734665289
20.5789507553677,32.7047882644596,24.3496761189471,22.6387776419122,-5.59016857236207,-2.79320707422593,-0.164256189241502
20.9821904137091,33.0522857314918,24.5946495999329,22.9204702873323,-5.65991108263373,-2.78705036989821,-0.0413568904678162
21.3665733833683,33.3783269335438,24.8338963586353,23.1929726365386,-5.72733076732233,-2.7757866003081,0.083025662711969
21.7325728090707,33.6849835127174,25.0698426795596,23.4614620526904,-5.78720124425583,-2.75651305478058,0.208411619949577
22.0806754720915,33.9743770006855,25.3047566856864,23.7311035550963,-5.83437862831606,-2.72631524700825,0.334303276928682
22.4114278378003,34.2486647992948,25.5407368319945,24.006868040951,-5.86396179853884,-2.68230453339767,0.460205728114815
22.7254895177221,34.5100413954767,25.7797500899421,24.2934038429333,-5.87140695834095,-2.62165147435546,0.585648903395346
23.0236885427979,34.7607549314942,26.0237191722198,24.594975727392,-5.85258577779197,-2.5416150090019,0.71020880136665
23.3070711978711,35.0031347688183,26.27464848701,24.9154724737691,-5.80378709918917,-2.43956919600257,0.8335255255485
23.5769382591481,35.2396210677916,26.5347696897658,25.2584698106674,-5.72167384822281,-2.31303137227307,0.955315814128739
23.8348594645203,35.4727836974979,26.8066816745469,25.62732308551,-5.6032167324417,-2.15969776320737,1.07537813130571
24.0826589159959,35.7053158559883,27.0934576903687,26.0252562948985,-5.44563256987822,-1.97749454862631,1.19358896779324
24.3223653378982,35.93998749629,27.398693417005,26.4554117196419,-5.24635700256063,-1.76465393395301,1.30988960125598
24.5561223889446,36.179544811021,27.726472989138,26.9208266681219,-5.00307968399888,-1.51982582093001,1.42426300754177
24.7860551374346,36.4265438417873,28.081233179171,27.4243086788315,-4.71386627730113,-1.24223611515738,1.53670075465279
25.0140894924151,36.6831085305978,28.4675080108264,27.9681861936669,-4.37738716713658,-0.93190225693812,1.64715955580198
25.2417223223417,36.9506064967885,28.8895367825101,28.5539174316259,-3.99326799010366,-0.589914404043531,1.75550688089328
25.4697423656547,37.2292409925583,29.3507194788655,29.181547342524,-3.56257045072321,-0.218785161330016,1.86145501883151
25.6979077498794,37.5175677072021,29.8529087678919,29.8490151018139,-3.08839959795419,0.177141010228372,1.9644838797506
25.9245978505178,37.8119648921236,30.3955442037395,30.5513397008473,-2.57660951721457,0.591249598845566,2.06375552327757
26.1464781626015,38.1061193091406,30.9746712699034,31.2797574947755,-2.03653538417007,1.01425646802479,2.15802889688926
26.3582486855192,38.3906418230234,31.5819558771185,32.0209606542918,-1.48161038284631,1.43396646186476,2.24559224387064
26.5525847140887,38.6529882671372,32.2039061777482,32.7566851617759,-0.929636209089097,1.83536885686791,2.32424219186089
26.7204083548694,38.8779085554343,32.821628198089,33.4639910128183,-0.402395944539576,2.20128633278314,2.39134837765672
26.8516178132365,39.0486288589696,33.4115083679349,34.1165938491826,0.0757049073510832,2.51375878920299,2.44404141740834
26.936310728137,39.1488254885047,33.9471321721349,34.687445105545,0.480118362268954,2.75617541055669,2.47953821154325
26.966353501571,39.1651522075625,34.4024236936342,35.1523546069478,0.789521827118822,2.91585689037655,2.49556679408066
26.9369276408846,39.0897267470964,34.7554630137764,35.4938994634465,0.989340655352219,2.98644345927773,2.49078888500478
26.847562697955,38.9217866474903,34.9919576914072,35.7044690868757,1.07436038301414,2.96929223955076,2.46508189686874
26.7022738597358,38.6678995421612,35.1072695890956,35.78740620435,1.04951105050971,2.8733256535226,2.41957253366547
26.5087497838904,38.3406412088162,35.1063883968034,35.7558802419534,0.92856317618869,2.71334681348966,2.35640847147392
26.2768972099575,37.9562367029383,35.0020435631074,35.6300002481581,0.731275783731785,2.50741719562757,2.2783577769786
26.0172289570422,37.5319499643472,34.8117694848646,35.4332162015031,0.48000057897081,2.27413325764172,2.18837463139203
25.7395155161767,37.083899653499,34.5548778977458,35.1890338691551,0.196680037749513,2.03047012046176,2.08924700876537
25.4519110000307,36.6256406319258,34.2500159725303,34.918652158569,-0.0992355780053717,1.79048224387323,1.98337958729016
25.1605593613198,36.1675198317195,33.9135770960462,34.6396567538954,-0.391870981987135,1.56481231839865,1.87270709678669
24.8695687867832,35.7166249709886,33.5589126677424,34.3655911523907,-0.669205259135468,1.36078290867411,1.75870219406946
24.5812126359287,35.2770971804395,33.1961410411208,34.1061136117405,-0.922833845446566,1.18281802118261,1.6424365111008
24.2962377749518,34.8506151694315,32.8323280645357,33.867469246079,-1.14746789137174,1.03299483669128,1.5246620957024
24.0142000398755,34.4369215346873,32.4718571202285,33.6530807650189,-1.3403501101724,0.911598822353043,1.40589260238679
23.7337818309033,34.0343188476301,32.1168661502721,33.464138279933,-1.50069232313872,0.817616714515446,1.28647381171871
23.4530715475615,33.6401031004099,31.7676803232258,33.3001271137021,-1.6291854118866,0.749142731777154,1.16663983133433
23.1697993721772,33.2509259972244,31.4232051707921,33.1592703006877,-1.7275983885035,0.703696410487298,1.04655511140833
22.8815313531085,32.8630896515613,31.0812673068087,33.0388836669199,-1.79846477427919,0.678461317693094,0.926344148035173
22.5858268124765,32.4727822951137,30.7389023315452,32.9356519948324,-1.84484581508709,0.670457675037117,0.806111324277083
22.2803646238805,32.0762645964713,30.3925955329189,32.8458389995758,-1.87015695610617,0.676662100502651,0.685953324120614
21.9630432669969,31.6700153376512,30.0384832859985,32.7654447881541,-1.87804374574678,0.694086304503573,0.565966291512003
21.6320583404841,31.2508434246052,29.6725230675253,32.6903236237089,-1.8722944177017,0.719824735647019,0.44624955204063
21.2859598397959,30.8159711754164,29.2906387862655,32.6162731523306,-1.85677806157778,0.751079362199948,0.326907335613471
20.923690124363,30.3630917423606,28.8888461634897,32.5391041300688,-1.83539919230163,0.785168191988924,0.208049549716274
20.5446022473492,29.8904015669523,28.4633605433127,32.4546973508421,-1.81206152512629,0.819522825240726,0.0897922610714163
20.1484573197611,29.3966070911593,28.0106870304706,32.3590520427159,-1.79063578932404,0.8516792849735,-0.0277418371321959
19.7353990344325,28.8809038251213,27.5276905852514,32.2483276595325,-1.77492841266199,0.879265538080652,-0.144423034256565
19.30590363334,28.3429256434527,27.0116420749677,32.1188790036257,-1.7686497866609,0.899988464267125,-0.26011460493478
18.8607045127713,27.782662918797,26.4602355206327,31.9672830004741,-1.77538240659985,0.911622506825486,-0.3746736495888
18.4006926704396,27.2003503479529,25.8715726672464,31.7903549434832,-1.79855027713494,0.912001840341045,-0.487953182196606
17.9267968863177,26.5963285644911,25.2441133948144,31.5851524539728,-1.84139132939374,0.899017603715313,-0.599805674646083
17.4398505790511,25.9708875403964,24.5765943975046,31.3489670186573,-1.9069340607608,0.870621591376532,-0.710087932477095
16.9404550475761,25.3241035683687,23.8679234279306,31.0793056213247,-1.99797819272929,0.824837793323034,-0.818666779577292
16.4288504951511,24.6556842268091,23.1170611519414,30.7738680594578,-2.11707706212986,0.759783335140828,-0.925424659292679
15.9048063317797,23.964836429507,22.3229062157335,30.4305283707947,-2.26651713054745,0.673700687054811,-1.0302639999297
15.367540751652,23.2501713363825,21.484200784247,30.0473308948983,-2.44828791318069,0.565003459872631,-1.13310909738464
14.8156768145648,22.5096568287527,20.5994731952138,29.6225122933161,-2.66403418862633,0.432338624015028,-1.23390433016408
14.2472390821414,21.7406244444143,19.6670319692796,29.1545603619721,-2.91498176627699,0.274668494877211,-1.33260769066707
13.6596923629235,20.9398345105146,18.6850223318504,28.6423192190254,-3.20182839043825,0.0913762034300485,-1.42917883018372
13.0500229146722,20.1036014348632,17.6515533994137,28.0851484263422,-3.52459246023105,-0.117601599261289,-1.52356100712194
12.41486311683,19.2279814902548,16.5649021787875,27.4831412791223,-3.88241426328021,-0.351611723919215,-1.61565651307897
11.7506629260541,18.3090275573307,15.4237992870102,26.8374042485502,-4.27330784354243,-0.609090017036949,-1.70529540630472
11.0539147130329,17.3431182023806,14.2277998134003,26.1503943647653,-4.69386757985459,-0.887338697789919,-1.79219789455316
10.3214408197871,16.3273699054472,12.9777385799116,25.4263019430145,-5.13894377632817,-1.1822865042151,-1.87593173673067
9.5507531766135,15.2601381348462,11.6762588999615,24.6714501274259,-5.60131820075259,-1.4882556608132,-1.95586790661595
8.74048815641328,14.1416007309157,10.3283835185393,23.8946577499872,-6.07143500965358,-1.79777863098994,-2.03114071752815
7.89090363536905,12.9743911657949,8.9420626469396,23.1074784223965,-6.53727375780247,-2.1015313290533,-2.10062259231591
7.00439562423273,11.7642068556638,7.52858773928691,22.3241923970279,-6.98448207926534,-2.38847210237064,-2.16292784086999
6.08594984851665,10.5202632149227,6.10271152593162,21.5614047439438,-7.39689975545314,-2.64628446165637,-2.21646213963816
5.14339956701273,9.25541515386663,4.68228980304483,20.8371209850533,-7.75757757675862,-2.86219663077202,-2.25953156441265
4.18733796779181,7.98575774883751,3.28729582388264,20.1692591788275,-8.05029817639701,-3.02417390774945,-2.29051354468796
3.23056338911725,6.72958649296279,1.93818565839202,19.5737252737196,-8.26143945603098,-3.12235064382586,-2.30807140853672
2.28703906435228,5.50576141866245,0.653804640635501,19.0623857036291,-8.38183122588745,-3.15042563187679,-2.31137010475913
1.37050793006101,4.33173734423838,-0.550754223796455,18.6414189479006,-8.40813996755739,-3.10666376331814,-2.30023581994203
0.49304949482649,3.22169212998874,-1.66582246062747,18.3105058536781,-8.34337365356492,-2.99420121465083,-2.27520938709853
-0.336085255343718,2.1851980504991,-2.68794031616653,18.0630917534509,-8.19634427244027,-2.82054827563459,-2.23747459010347
-1.11111249527912,1.2267103438962,-3.61961348845364,17.8876154048235,-7.98025451778603,-2.59643730920002,-2.18868379948294
-1.82975970834421,0.34587732568094,-4.46822255771466,17.7693204241417,-7.71082138367126,-2.33434546507163,-2.13073334723643
-2.4928249325109,-0.461553376823909,-5.24446988629569,17.6921697225099,-7.40440598689078,-2.04705443584518,-2.06554635699565
-3.10345825284957,-1.20255547815737,-5.96077282143667,17.6404755371599,-7.07650091641372,-1.74650987841909,-1.99490424517477
-3.66637429654304,-1.88565934762185,-6.62989884393596,17.6000446434367,-6.7407329524631,-1.44309049126927,-1.92034316053645
-4.18714439669651,-2.5199830739373,-7.26397974046276,17.5588160794658,-6.40836959111811,-1.14526734295206,-1.84311090214503
-4.67164165097947,-3.11452862627876,-7.87391112288552,17.5070801821715,-6.08822050160321,-0.859562611406553,-1.76416889441781
-5.12565207223297,-3.67773309941995,-8.46906896866828,17.4374082341854,-5.78679734402898,-0.590699323383703,-1.68422163512574
-5.5546301531985,-4.21722504603003,-9.05725030056868,17.3444146763214,-5.50861114542189,-0.34184865877505,-1.60375896579948
-5.96356376578524,-4.73972565678492,-9.64475145794414,17.2244451468074,-5.25651920082722,-0.114908268281384,-1.52310111082204
-6.35691333010588,-5.25104085968243,-10.2365168380336,17.0752518257676,-5.03206632563194,0.0892289415456791,-1.44244065767429
-6.73859645094886,-5.75610304238451,-10.8363122165554,16.8956913340496,-4.83579090293281,0.27043625052604,-1.36187873127538
-7.1119971951877,-6.2590342119482,-11.4468946990933,16.6854621237103,-4.66748336031751,0.42915245626238,-1.28145453761736
-7.4799865130239,-6.76321340227122,-12.0701645616898,16.4448868010953,-4.526394914324,0.566219231766212,-1.20116847304881
-7.84494619872629,-7.27133944011182,-12.70729325295,16.1747383949448,-4.41139984347435,0.682752897266864,-1.1209994472541
-8.20879306001077,-7.7854859459984,-13.3588275316848,15.8761062630951,-4.32111701840683,0.780045552500894,-1.04091719531524
-8.57300282828058,-8.30714916900454,-14.0247731074403,15.5502959156407,-4.25399729024314,0.859490347896157,-0.960890344822694
-8.93863498736698,-8.83729133278646,-14.7046628627845,15.1987566147442,-4.20838339572755,0.922526130144714,-0.88089095657801
-9.30636032841858,-9.3763829291538,-15.3976151841459,14.8230307233844,-4.18254869018455,0.970597405097313,-0.800896221369058
-9.67649290236186,-9.9244471575469,-16.1023874712691,14.4247192734878,-4.17472045571239,1.00512632365453,-0.720887985820473
-10.0490273222906,-10.4811087160772,-16.8174287102665,14.0054589274006,-4.18309277713334,1.02749410991776,-0.640850778586113
-10.4236813816358,-11.0456477772778,-17.5409334486833,13.5669064458075,-4.20583307933256,1.03902997226524,-0.560768996736029
-10.7999429174899,-11.6170585166487,-18.2708978224149,13.1107277859898,-4.24108539600179,1.04100604114294,-0.480623864883188
-11.1771190515103,-12.1941103680936,-19.0051768389378,12.6385900090286,-4.28697239727342,1.0346372624287,-0.400390690152943
-11.5543855089909,-12.775409444939,-19.7415410946028,12.1521551024869,-4.3415972335362,1.02108544572488,-0.320036804864292
-11.9308337170428,-13.3594573935587,-20.4777306344093,11.6530755471702,-4.40304546270907,1.00146684011849,-0.239520432641457
-12.3055137763225,-13.9447053082417,-21.2115037564338,11.1429919246959,-4.46938679089985,0.976862708392882,-0.15879055474613
-12.6774720516211,-14.5296010733198,-21.9406790803335,10.6235330557764,-4.53867608764351,0.948332416008195,-0.0777877126155793
-13.0457828695117,-15.1126294048172,-22.6631699423591,10.0963191103912,-4.60895310768547,0.916928562407376,0.00355442405137391
-13.4095745622635,-15.6923448189986,-23.3770110668691,9.56296795521643,-4.67824052577373,0.883713677284483,0.0853069589471298
-13.7680506322266,-16.2673984786733,-24.0803781398025,9.02510466699405,-4.74454015717292,0.849777980254589,0.167543400205239
-14.1205072221404,-16.8365604460416,-24.7716015349066,8.48437382521204,-4.80582758559326,0.816257669454895,0.250337268822943
-14.4663482611547,-17.3987391749407,-25.4491758213756,7.94245385139938,-4.860045772776,0.784353149487611,0.333759894972034
-14.8050996536674,-17.953000145179,-26.111766850051,7.40107232096504,-4.90509856351043,0.755346524591037,0.417878556578431
-15.1364237905066,-18.4985854987817,-26.7582183201617,6.86202086829611,-4.93884534292398,0.73061756159141,0.502755047528958
-15.4601354720093,-19.0349363646593,-27.3875597080777,6.32716798337843,-4.95909843697873,0.711657153345737,0.588444688676584
-15.7762201495845,-19.5617193893885,-27.9990174623881,5.79846768290039,-4.96362521239114,0.700077078314966,0.674995716698466
-16.084855174049,-20.0788587792897,-28.5920313461979,5.2779616825812,-4.95015722400984,0.697614538188085,0.762448901686929
-16.386434588447,-20.586575031183,-29.1662779171792,4.7677723300822,-4.91640922361894,0.706129551798999,0.850837154552834
-16.6815978070617,-21.0854313478373,-29.7217031867827,4.27008312400469,-4.86011136460672,0.727592766763159,0.940184781712125
-16.9712623789116,-21.5763886200094,-30.2585666888013,3.78710317651187,-4.77905856245779,0.764060605475762,1.03050592592455
-17.2566607747644,-22.0608695965081,-30.7774992488844,3.32101141869606,-4.67118166567379,0.817633864681391,1.12180158661688
-17.5393808096247,-22.5408325067513,-31.2795768123641,2.87387573301819,-4.53464587290829,0.890394933563366,1.21405444079478
-17.8214087164868,-23.0188536703705,-31.766412451217,2.44754153326148,-4.36798259860674,0.984317701795698,1.30722048215776
-18.1051729577898,-23.4982173980441,-32.2402680660878,2.04348374282714,-4.17026158497558,1.10114309427867,1.40121627903432
-18.3935852458418,-23.9830092200386,-32.7041857122224,1.66261591670004,-3.94131005959715,1.2422122272813,1.4959004489864
-18.6900727911265,-24.4782048327454,-33.1621355655988,1.30505102072219,-3.68198445058373,1.40824894473535,1.59104784714046
-18.9985919735064,-24.9897412069814,-33.6191720784472,0.969811136283813,-3.39449628884305,1.59908489934347,1.68631509953566
-19.3236082511783,-25.5245474835596,-34.0815808714266,0.654489770969853,-3.0827855365694,1.81332498271713,1.78119673469571
-19.6700203164218,-26.0905013629988,-34.5569853319144,0.35488283282154,-2.75291907414763,2.04796115880065,1.87497265546552
-20.0429991394919,-26.6962624630108,-35.0543631617837,0.0646252612081311,-2.41346667025036,2.29796157470253,1.96665051524655
-20.447707661972,-27.3509216117159,-35.5839017809726,-0.225098584669134,-2.07577024108801,2.55589178081138,2.05491116971436
-20.8888697350833,-28.0634021686449,-36.1566040387958,-0.525663654684215,-1.75397820779924,2.81166549441875,2.13807171215072
-21.3701758758806,-28.8415701672141,-36.7835567847571,-0.850788650213708,-1.46467916664918,3.05256549782427,2.21408744299595
-21.8935565545297,-29.6910700759363,-37.474815175385,-1.21584271754086,-1.22596635341163,3.26369987855589,2.28061810693951
-22.4584223212456,-30.614010349186,-38.2379549265313,-1.63657172276186,-1.05583632703755,3.42903018567864,2.33517930250848
-23.0610468508323,-31.6077581989846,-39.0764998961592,-2.12728217651081,-0.970001700738866,3.53299108696013,2.37538148740669
-23.6943131205645,-32.6642057045106,-39.9885944627852,-2.69874070341501,-0.9794578495931,3.56251332458121,2.39922627275277
-24.3480031121732,-33.7698510195417,-40.9663607054676,-3.35626336483932,-1.08838256399317,3.50902991575345,2.40539382760588
-25.009666670148,-34.9068441688869,-41.9962646278583,-4.0985449293311,-1.29300435176831,3.3699215846101,2.39343771120314
-25.6659028803641,-36.0548266191144,-43.0605109109996,-4.91761247216698,-1.58184394961172,3.14895885202254,2.36382257489419
-26.3037331301578,-37.1931065661813,-44.1391274616216,-5.79992219638093,-1.93728388424173,2.85561723688234,2.31779290875247
-26.9117281169898,-38.3026196363054,-45.2121840886249,-6.72824006263277,-2.33798479076975,2.50351878258565,2.25711985499386
-27.4806733974771,-39.3672658872009,-46.2616210085942,-7.6837539878027,-2.76147160427245,2.10848801985456,2.18380611842043
-28.0037373426017,-40.3744816996687,-47.2723869404367,-8.64792130748875,-3.18631303172726,1.6867129882714,2.09982398091982
-28.4762471900271,-41.315147428251,-48.2328536911532,-9.60377031177858,-3.59359190962941,1.25333181701202,2.00693077273585
-28.8952385682342,-42.1830587284323,-49.1346606359834,-10.5366068034566,-3.96764062419418,0.821551373658354,1.90657167850353
-29.2589331796094,-42.9742015306326,-49.9722117920781,-11.4342320571889,-4.29619024647969,0.402244797605353,1.79985637582264
-29.5662548005391,-43.6860171734307,-50.7420307469845,-12.2868389912908,-4.57014128884881,0.00389951290368495,1.68758686853407
-29.8164461196646,-44.3167746276327,-51.4421228319372,-13.0867463280098,-4.78314630205637,-0.36722132706939,1.57031473786348
-30.0088134864175,-44.8651097320495,-52.0714362033368,-13.8280924817105,-4.93114484385342,-0.70681496996674,1.44841123505044
-30.1426046168356,-45.3297533144179,-52.6294687233304,-14.506567005861,-5.01193917201944,-1.01224823656763,1.32213917084314
-30.2170113169106,-45.7094467093174,-53.1160372767048,-15.1192192080659,-5.02485679178158,-1.28228347852074,1.19171967040845
-30.2312795685501,-46.0030264017957,-53.5312049962514,-15.6643533717306,-4.97051526772405,-1.51684153401787,1.05738931756521
-30.1848994798295,-46.209643717519,-53.8753447117537,-16.1414969581177,-4.85068285047442,-1.71680634343024,0.919444537600819
-30.0778367609528,-46.3290683902128,-54.149300474194,-16.5514111479019,-4.66821268108631,-1.88386661535251,0.778270954248923
-29.9107583127251,-46.3620096613701,-54.3545947222561,-16.8961029225995,-4.42701768477944,-2.02038529881608,0.634356484933944
-29.6852010739779,-46.3103805316438,-54.493619720697,-17.1787961510749,-4.13204844581589,-2.12928640147274,0.488288354495931
-29.40363979112,-46.1774364775249,-54.5697536271594,-17.4038273234784,-3.78923874978658,-2.21395001626997,0.340735934325284
-29.0694267479001,-45.9677415240767,-54.5873559211139,-17.576448547504,-3.40539328940078,-2.27810937305998,0.192422982746937
-28.6866017918947,-45.6869488684452,-54.551622239145,-17.7025422182272,-2.98800730713305,-2.32574727107005,0.0440940391622227
-28.2595977276639,-45.3414217132817,-54.4683088508943,-17.7882723471927,-2.54502463986633,-2.36099227904925,-0.103519899960488
-27.7928864013754,-44.9377512400736,-54.3433631373426,-17.8397107762738,-2.08455393688541,-2.38801671479488,-0.249731769539083
-27.2906193066352,-44.4822445112261,-54.1825117501083,-17.8624791352412,-1.61456923979822,-2.41093827761058,-0.393921339724626
-26.7563119435911,-43.9804524755944,-53.9908593224598,-17.8614396919872,-1.14261966534693,-2.43372551744076,-0.535548464401595
-26.1926067620363,-43.4367908763723,-53.7725398571924,-17.8404538909272,-0.675565336785645,-2.46010477173938,-0.674155813998439
-25.6011307309294,-42.8542817971547,-53.5304450471446,-17.8022113037823,-0.219346286224663,-2.49346360948004,-0.809361257709339
-24.9824465022676,-42.2344195199308,-53.266035677462,-17.7481188041132,0.221218608705414,-2.53674398384161,-0.940840746419367
-24.3360847080763,-41.5771472397251,-52.9792287307737,-17.6782329702454,0.64261175802121,-2.592317778353,-1.06830296147204
-23.6606410338109,-40.8809243282762,-52.6683472570924,-17.5912193066346,1.04278632258569,-2.66183869960309,-1.19145728168037
-22.9539246831356,-40.1428669515386,-52.3301229472774,-17.4843293506979,1.42133098292515,-2.74606794188312,-1.30997695361588
-22.2131525359022,-39.3589554423592,-51.9597515082502,-17.3533996279719,1.77962653291035,-2.84467722380462,-1.42345990730471
-21.4351925508676,-38.5243158366776,-51.5510157382557,-17.1928925096325,2.12097694627594,-2.95604217068838,-1.53139059643035
-20.6168669446619,-37.6335950656656,-51.0965063889391,-16.996015156467,2.45068069960458,-3.07705172252269,-1.63310761835682
-19.7553266219263,-36.6814539721817,-50.5879815699327,-16.7549647131406,2.77599111466342,-3.20297439481708,-1.72778356264673
-18.8484992368463,-35.6631930910013,-50.0169042618113,-16.4613494928175,3.10590252368693,-3.32743676085659,-1.81442504622622
-17.8955918675058,-34.5754983785018,-49.3751774449518,-16.1068197988746,3.45070036582753,-3.44257741045799,-1.89190126833959
-16.8975965527883,-33.4172469282328,-48.6560519123913,-15.6839019180998,3.82123768778378,-3.5394319366125,-1.95900730264507
-15.8577106195076,-32.1902549002908,-47.8551160780552,-15.1869651183577,4.2279547058934,-3.6085723457767,-2.01456255212003
-14.7815590758699,-30.8998019866874,-46.9712061850232,-14.6131774535505,4.67973784995428,-3.64096510004422,-2.05753529946302
-13.6771129403523,-29.5547586498749,-46.0070307190348,-13.9632507582357,5.18279800382955,-3.62893708896458,-2.08717336750555
-12.5542478762187,-28.1671979828197,-44.9693186156775,-13.2417737169324,5.73979674667419,-3.56707567194914,-2.1031131528147
-11.4239751946468,-26.7514919017396,-43.8683929538422,-12.457005484306,6.34942816312318,-3.45287161007871,-2.10543975030295
-10.2974714726978,-25.3230334281126,-42.7172177449435,-11.6201365410357,7.00656352273575,-3.28696215868709,-2.09468158989536
-9.18509231350831,-23.8968328020781,-41.5301077678533,-10.744166978176,7.70291997156372,-3.07293380004475,-2.07174063372863
-8.09555298205591,-22.4862577993664,-40.3213689568978,-9.84264388570947,8.42808314379258,-2.81675833912843,-2.03777627958324
-7.03539823943821,-21.1021232470242,-39.1041219296672,-8.92850487769036,9.17064964943361,-2.52601523053096,-1.99407057813681
-6.0087971507347,-19.7522193324188,-37.8894735868786,-8.01320502491934,9.91927299381496,-2.20907215705305,-1.94190163847322
-5.01762271800916,-18.4412553318981,-36.6860890457228,-7.10620178162397,10.6634705467474,-1.87436196699077,-1.8824437663575
-4.06173319072896,-17.1711220222934,-35.5001236638262,-6.21478102226767,11.394138327481,-1.52983412738123,-1.81670207670476
-3.13936377309104,-15.9413512551935,-34.3354240067286,-5.34415148072149,12.1037916577384,-1.18260054932251,-1.74548035676256
-2.24755295950531,-14.7496631251256,-33.1938954695055,-4.49771663903794,12.7865897558569,-0.838755076867583,-1.66937575958973
-1.38255271909752,-13.5925209904819,-32.0759486614859,-3.67744096825819,13.438214012233,-0.503326251979189,-1.58879228582649
-0.540195701188905,-12.4656466189649,-30.9809609170248,-2.8842471315862,14.0556632034801,-0.180319446061372,-1.50396573310021
0.283789592982366,-11.3644733359793,-29.9077128599756,-2.1184016679401,14.6370147149594,0.127189838819334,-1.41499457386711
1.09351425517003,-10.2845313257153,-28.854777335031,-1.37986307480291,15.1811859533609,0.416940516145234,-1.32187313369292
1.8927094210082,-9.2217669168377,-27.8208483009204,-0.668576456301518,15.6877181387358,0.687368209445177,-1.2245250137208
2.6845465270535,-8.17279875708104,-26.8050013775848,0.0152963290934911,16.1565963887465,0.937497742636398,-1.12283575877715
3.47149553062058,-7.13511066545049,-25.8068779241537,0.671220933909004,16.588114935691,1.16685282448557,-1.01668433250651
4.25522403641888,-6.10717585566237,-24.8267829957039,1.29821926725805,16.9827930375467,1.37538617579504,-0.905973093317575
5.03654504674617,-5.08850249191414,-23.8656870644086,1.89489181213691,17.3413443435603,1.56343076584386,-0.790655789777337
5.81542425488668,-4.07958833935176,-22.925124109563,2.45953830773099,17.6646987457686,1.73167086840897,-0.670762721896132
6.59105787505455,-3.08177469718745,-22.0069864211191,2.990372491191,17.9540703611945,1.88112990906092,-0.546421787983332
7.36202771953221,-2.09699817986187,-21.1132297360869,3.48581264392484,18.2110583388356,2.0131703613718,-0.417873810116826
8.12653115857513,-1.12745304794837,-20.2455194011555,3.94481281582582,18.4377595623913,2.12949929004384,-0.285480455906694
8.8826708320487,-0.175194486461764,-19.404865596694,4.3671838804499,18.6368661646614,2.23217181608888,-0.149723391949952
9.62877515859175,0.758269871852148,-18.5913076928177,4.75384430175859,18.8117182629596,2.32358415938305,-0.0111940754515903
10.363709735607,1.67234213113179,-17.8037094804956,5.10694245759162,18.9662854252672,2.40644832563522,0.129425223648673
11.0871353692173,2.56759190396788,-17.0397152875759,5.42980749909933,19.1050591750147,2.48374196636339,0.27138715517132
11.7996729996534,3.44586373736536,-16.2958934024089,5.72671174415807,19.2328517915509,2.55862912882434,0.413908383964126
12.5029485204851,4.31021026935016,-15.5680632175217,6.00245809864946,19.3545102039089,2.63434984430899,0.556197650990724
13.1995081223709,5.16465318442935,-14.8517741681208,6.26183288126265,19.4745643215196,2.71407807992209,0.697478030857398
13.8926124141964,6.01379704145969,-14.142884921017,6.50898113453479,19.5968342116382,2.80074808971817,0.836998993178286
14.5859307203345,6.86233576756621,-13.4381836588223,6.74676576296617,19.7240200475951,2.89684883615305,0.974034946779236
15.2831633300165,7.71449644381005,-12.7359930417137,6.97616645142915,19.8572951887716,3.0041858267099,1.10786854916793
15.9876196665715,8.57346241048976,-12.0367108200662,7.19576577491894,19.9959202434805,3.12361099279,1.2377590427572
16.7017775369798,9.44081309795238,-11.343241935919,7.4013657228676,20.1368990904429,3.25472617545248,1.36289820424846
17.4268472580257,10.3160175681009,-10.6612743598243,7.58578345744985,20.2747098898591,3.39557650134543,1.48235928222653
18.1623690744696,11.1960274548018,-9.9993371983934,7.7388912902771,20.4011659711876,3.54236797691126,1.59504772387226
18.9058852946232,12.0750337421574,-9.3685604712262,7.84798607829587,20.5054889414983,3.68926841575987,1.6996664384894
19.6527486317052,12.9444751190706,-8.78204487911628,7.89858208051414,20.5746984020333,3.82837735890024,1.79471195789656
20.3961472333303,13.7933988969823,-8.25376859033938,7.87569486886642,20.5944194076672,3.94996688635154,1.87851902722738
21.1274294578886,14.6092561632091,-7.79703071959414,7.76559757841621,20.5501559969731,4.0430820312157,1.94936668566003
21.8367782837554,15.3791388869723,-7.42256775137216,7.55787744872798,20.428961082477,4.09652740188245,2.00564584396563
22.5142052998325,16.0913355053414,-7.1366523993631,7.2474352550908,20.2212656939847,4.10015196560812,2.04606713168978
23.1507217737174,16.7369303891454,-6.93961768034472,6.83594001578685,19.9224781258796,4.04620753588823,2.06986511626262
23.7394464402085,17.311078113589,-6.82524304331427,6.33228212069432,19.5339216058292,3.93046472713626,2.07694326186156
24.2763870106566,17.8136211357041,-6.78124233757486,5.75180628215794,19.0628138766348,3.75279118867163,2.06791408967611
24.7607153869638,18.248901253366,-6.79076457504608,5.11447376343424,18.5212729377394,3.51704589417816,2.04402052887959
25.1945136120463,18.6248627635783,-6.83451306669688,4.44242551043505,17.9246302282327,3.23035592817659,2.00696288546323
25.582120986526,18.9517370104627,-6.89295442175522,3.75753839432502,17.2895006914553,2.90201333452619,1.95868177426613
25.9292937821108,19.2406545175146,-6.94816467600249,3.07945722556722,16.6320390630521,2.54228674432146,1.90115026381835
26.2423800626837,19.5024590819059,-6.98506607592445,2.42434358830682,15.9666545885603,2.16138748945686,1.83621232358508
26.5276445724077,19.7468655595345,-6.99202446423122,1.80434341936591,15.3052656731646,1.76871872707076,1.76548179138666
26.7907985568257,19.981979895502,-6.96092216259186,1.22762367083021,14.6570328207488,1.37242970363212,1.69029747320953
27.0367283703127,20.214122881618,-6.88687687640114,0.698777569995339,14.0284398839609,0.979228931687434,1.61172019916893
27.2693845078459,20.4478702462806,-6.76776786898494,0.2194168381346,13.4235863856904,0.594382995944978,1.53055571537935
27.4917839717707,20.6862251942615,-6.60369112933843,-0.211181873916894,12.8445793977,0.221829194062621,1.44738992886698
27.7060833937764,20.9308574833772,-6.39642128492829,-0.595458218308033,12.2919484133517,-0.135654799292706,1.36262721747205
27.9136902807467,21.182363808875,-6.14892256445042,-0.937019204308726,11.7650378433003,-0.476263229462989,1.27652648617586
28.1153895061616,21.4405212777127,-5.86492725474681,-1.24017624932095,11.2623541836051,-0.798980235002443,1.18923262309382
28.3114701573623,21.7045179211317,-5.54858630986572,-1.50956976703167,10.7818590141089,-1.10341612264155,1.10080292926272
28.5018434549801,21.9731519021782,-5.20418991112044,-1.74987586308771,10.3212067075817,-1.38966738560143,1.01122914216038
28.6861461816827,22.2449956596562,-4.83595302238075,-1.96558718362898,9.87792937407523,-1.65820166572281,0.920456099047994
28.863826553177,22.5185239520576,-4.4478603034538,-2.16085964912015,9.44957295222981,-1.90976657489144,0.828398113433733
29.0342111746229,22.792206460574,-4.04356486754651,-2.33941736033659,9.03378868539881,-2.14532017896227,0.73495392911272
29.1965531989224,23.0645669929525,-3.62633564816337,-2.5045086829578,8.62838430429459,-2.3659804841214,0.640020796647274
29.3500629418396,23.3342124698952,-3.19904819843936,-2.65890703195099,8.23133940275268,-2.57299110152037,0.543507860924671
29.4939235157463,23.5998362304736,-2.76421349087452,-2.80495004800928,7.84079008787058,-2.76770023771662,0.445348725030924
29.6272949336235,23.860201312433,-2.32403858162631,-2.94461056165475,7.45498888885693,-2.95155012417827,0.345512787683525
29.7493110544576,24.1141105712286,-1.88051193163616,-3.07959200458717,7.07224721437766,-3.12607395061118,0.244014776632435
29.8590742016353,24.3603713432589,-1.43550479559819,-3.21143980787583,6.69086904387722,-3.2928972696442,0.140921823959428
29.9556522974109,24.5977627340513,-0.990878646285477,-3.34165904079066,6.30908575992694,-3.45374072419756,0.0363574654963127
30.0380829185379,24.8250133912175,-0.548587445144165,-3.47182744055366,5.92500271538394,-3.61042086946178,-0.0694978979973065
30.1053875974251,25.0407965201214,-0.110763102479739,-3.60369245857135,5.53656787689347,-3.7648458564838,-0.1764102670392
30.1565982193854,25.2437470388658,0.320226928694345,-3.73924140185556,5.14157150560362,-3.91900287792753,-0.284098845079263
30.1907956364987,25.4325032684384,0.741759129995065,-3.88073538831619,4.73768332285526,-4.07493455924868,-0.392245726955538
30.2071589439933,25.6057727900465,1.15097667880019,-4.03070059103611,4.32253028039839,-4.23470188016166,-0.500507346914813
30.2050225218556,25.7624195224045,1.54485801196243,-4.19187371254791,3.89381447654053,-4.40033164356049,-0.608526129864724
30.1839372169306,25.9015671788073,1.92033000142314,-4.36710215177538,3.44946761823468,-4.57374686543894,-0.715940486018436
30.143732038852,26.0227133764543,2.27442156332437,-4.55920218118568,2.98783628426749,-4.7566786532611,-0.822391174101406
30.0845733051504,26.1258487522772,2.60445178301328,-4.77078009079151,2.50789129714493,-4.95055816252433,-0.92752216456094
30.0070190195578,26.2115761685862,2.90824624148526,-5.00402155633101,2.00945446693245,-5.15638723104138,-1.03097446493339
29.9120668491684,26.2812257074134,3.18437569004534,-5.26045386886963,1.49343598016736,-5.37458664263857,-1.13237190930263
29.8011940538807,26.336960927453,3.43241150624453,-5.54068516957277,0.962074499369258,-5.60482232368163,-1.23129867023615
29.6763864432442,26.3818696828654,3.65319094950948,-5.84412595518588,0.419168061963538,-5.84581298141552,-1.32726926826785
29.5401507158061,26.4200280457781,3.84908038929383,-6.1687026955174,-0.129724298424462,-6.09512883313998,-1.41969324302885
29.3955004658157,26.4565183803289,4.02421485280215,-6.51058319657325,-0.677143419271326,-6.34900112984803,-1.50783855397361
29.2459012691133,26.4973731847826,4.18467680170689,-6.86394928451704,-1.21370384215329,-6.6021763812476,-1.59080025500483
29.0951562991024,26.5494077771314,4.33855762052122,-7.22087333126427,-1.72824859074268,-6.84786597136768,-1.66748381402473
28.9472137706057,26.6199025651001,4.49582749250949,-7.57137593221891,-2.20826213417227,-7.07785627966943,-1.73661482521562
28.8058848189089,26.7161069437513,4.66793408135201,-7.90375175522882,-2.64060641690755,-7.28284703726679,-1.79678717613956
28.6744789355954,26.8445695535023,4.86707292026026,-8.20523338230972,-3.01259611643451,-7.45306386943974,-1.84655779966437
28.555393581904,27.0103550598484,5.10513534791911,-8.4630041219333,-3.31333773167385,-7.57913480511995,-1.88458621314511
28.4497277467208,27.2162736335967,5.39244090438462,-8.66546958652803,-3.53513846245035,-7.65313348646863,-1.90980178774687
28.3570108970808,27.4622975456099,5.73647087165994,-8.80358133016479,-3.67469121744548,-7.66960074804112,-1.92156594837852
28.275131217879,27.7453344583442,6.14088401837198,-8.87192822615001,-3.73372432922602,-7.62630756633767,-1.91978855752342
28.2005033728573,28.0594516640056,6.60506377088272,-8.86932790177517,-3.71890886933595,-7.52455747632843,-1.90496477973753
28.1284492677531,28.396520413307,7.12431070052893,-8.79877569767912,-3.64101945375804,-7.36894745606743,-1.87812067356015
28.0537051295579,28.747129643737,7.69060931194038,-8.66679367141806,-3.51355861438965,-7.16666348582473,-1.8406833065475
27.9709421544106,29.1015589769338,8.29374898687631,-8.48238144553376,-3.35118139644234,-6.92650746819575,-1.79431123122859
27.8752034546984,29.4506208763436,8.92252611173822,-8.25583805899608,-3.16825071901234,-6.65788769992267,-1.74072561175252
27.7622025776701,29.786257382445,9.56579971010065,-7.99769093320739,-2.97774466044233,-6.36995864732062,-1.68157251801237
27.6284749882434,30.1018640267244,10.2132717725212,-7.71787525184818,-2.79059427652236,-6.07100803041933,-1.61833071460371
27.4714065173272,30.3923782072743,10.85596315916,-7.42520738285403,-2.61541581765409,-5.76810508874827,-1.5522646876695
27.2891768360505,30.6541997110196,11.486424215403,-7.1271241119954,-2.45854003956012,-5.46696901522363,-1.48441383893787
27.0806555215668,30.885013224444,12.0987497115042,-6.82962445573762,-2.32422834186491,-5.17199435066102,-1.41560586744771
26.8452800115159,31.0835690301802,12.6884697702076,-6.53734485679368,-2.21498164065998,-4.88637130001264,-1.34648337363593
26.5829347315749,31.249459970751,13.2523756043448,-6.25370888413498,-2.13187483823465,-4.6122517013987,-1.27753546626151
26.2938419059371,31.3829163769101,13.7883215899817,-5.9811084553601,-2.074875800087,-4.35092686745127,-1.20912908756892
25.9784684798952,31.4846288539089,14.295029539722,-5.72108887475873,-2.0431278722097,-4.10299708106607,-1.14153717533087
25.6374496123456,31.5556010758801,14.7719090426617,-5.47452189885045,-2.03518833659188,-3.86852247251729,-1.07496243773914
25.2715273705264,31.5970308193973,15.2188998483834,-5.24175934290505,-2.0492230246173,-3.64715154294862,-1.0095565439056
24.8815023398282,31.6102155184319,15.6363374301829,-5.02276486540173,-2.08316119420064,-3.43822738280551,-0.945435071839658
24.4681958079277,31.5964782593881,16.0248403666547,-4.81722447195903,-2.13481624162895,-3.24087359304823,-0.882688796218897
24.0324204264038,31.557110434943,16.385217105833,-4.62463768332266,-2.20197792628741,-3.05406271147596,-0.821391955953534
23.5749575991734,31.4933278397118,16.7183894222981,-4.44439180588832,-2.28248124287887,-2.87667008047542,-0.761608103053987
23.0965402576948,31.4062376852048,17.0253300939537,-4.27582174405355,-2.37425630589924,-2.70751589938379,-0.703394054487336
22.5978400619484,31.2968146707105,17.3070127429735,-4.11825754511209,-2.47536283593366,-2.54539786989545,-0.646802374701461
22.0794583457346,31.1658847564655,17.5643722255099,-3.97106151062537,-2.5840121550995,-2.38911646705266,-0.59188272219317
21.5419203878642,31.0141157486181,17.7982744020126,-3.83365634208943,-2.69857905142006,-2.23749451402432,-0.538682309253921
20.9856727736558,30.8420141365027,18.0094944908674,-3.70554544110428,-2.81760544906291,-2.08939241772705,-0.487245650906874
20.411083722115,30.6499278295518,18.1987034836515,-3.58632617487525,-2.93979750171381,-1.94372013982184,-0.437613719193618
19.8184463700876,30.4380546366955,18.3664623357258,-3.47569666729458,-3.06401749332231,-1.79944673793109,-0.389822575023483
19.2079850271908,30.2064563746597,18.5132237553932,-3.37345646993209,-3.18927174704477,-1.65560809879219,-0.343901519424969
18.5798643990242,29.9550784564489,18.6393414344821,-3.27950132107552,-3.31469559432409,-1.51131330085286,-0.299870790893522
17.9342017600328,29.6837747605362,18.7450865297566,-3.19381212801974,-3.43953633405894,-1.36574988915683,-0.257738835336613
17.2710819713011,29.3923374094087,18.8306710521594,-3.11643830413094,-3.56313499742122,-1.21818821304582,-0.21749918671738
16.5905751112459,29.080530834788,18.8962775712073,-3.04747567060649,-3.6849076252224,-1.0679848715471,-0.17912701839092
15.8927563673763,28.7481292653973,18.9420943536957,-2.98703930553033,-3.80432667072443,-0.91458523639435,-0.142575454819169
15.1777276451944,28.3949564159321,18.9683546548835,-2.93523197092671,-3.92090304616635,-0.75752497130625,-0.107771766190979
14.4456401887564,28.0209258662884,18.9753784948624,-2.8921090754208,-4.03416925691953,-0.596430443013559,-0.0746136024925554
13.6967173252302,27.6260803225359,18.9636148526097,-2.85764149795501,-4.14366400208618,-0.431017914005365,-0.04296545478857
12.931276294099,27.2106277422393,18.9336818816489,-2.83167797413742,-4.24891857109768,-0.26109141388868,-0.0126555579499864
12.1497479972535,26.7749721801029,18.8864025176494,-2.81390907582882,-4.34944532159923,-0.086539195861255,0.0165265311412356
11.352693481185,26.3197373053915,18.8228328363823,-2.80383504844868,-4.4447284911887,0.09267130919577,0.0448314339713252
10.5408159839061,25.8457807366999,18.7442806740928,-2.80073983175365,-4.53421753701563,0.276500133623277,0.0725502809478261
9.71496753530788,25.3541977887033,18.6523124736382,-2.80367343595109,-4.61732311471236,0.464843114922652,0.1000136319547
8.87614937777638,24.846313885244,18.548747054082,-2.81144442850156,-4.69341567541641,0.657542063040842,0.12758876824879
8.02550586305877,24.3236657073301,18.4356359777244,-2.82262358593927,-4.7618264519785,0.854396889222435,0.155675174586308
7.16431199382309,23.7879721304686,18.3152314008274,-2.83555880418105,-4.82185032379692,1.05517982491697,0.184698087438944
6.29395536494218,23.2410970592794,18.1899436281435,-2.84840020002919,-4.87274969422303,1.25965181902796,0.215100064484118
5.41591386493372,22.6850072970492,18.0622919200625,-2.85913308915271,-4.9137581126141,1.46758111956793,0.247330633901191
4.5317310403457,22.121729467618,17.9348532564475,-2.8656153482143,-4.94408197477695,1.67876391784286,0.28183420887297
3.64299141187417,21.5533106070465,17.8102145654902,-2.86561474819536,-4.9628983173926,1.89304676301658,0.319036599905803
2.75129816085904,20.9817871947211,17.6909341751334,-2.85684136844992,-4.96934657131282,2.11035024738825,0.359330618300868
1.85825542843924,20.4091671361637,17.5795179234401,-2.83697034965926,-4.96251229495676,2.33069324136185,0.40306143086952
0.965456902004522,19.8374281970362,17.4784141688908,-2.80365108393473,-4.94140140623868,2.55421670991407,0.450512481676778
0.0744814830132698,19.2685349382009,17.3900301510558,-2.7545005255649,-4.90490440994552,2.78120590247474,0.501892926994021
-0.813104323119873,18.7044741700557,17.3167697021727,-2.68708050852626,-4.85175153386889,3.01210946780572,0.557327607417343
-1.69573891724712,18.1473065077852,17.2610894259705,-2.59886156073534,-4.78046145889206,3.24755380927782,0.616850573344168
-2.57185582351102,17.5992291373479,17.2255675647535,-2.48717840562847,-4.68928829564451,3.48835079551646,0.680403052889279
-3.43987532724686,17.0626425689157,17.2129771174682,-2.34918472833324,-4.57617329446337,3.73549677688765,0.747836467328379
-4.29820170589349,16.5402124307701,17.2263528484498,-2.18181648714069,-4.43870916582675,3.99016076244337,0.81892064224718
-5.14523015410136,16.0349165325957,17.2690409428424,-1.98177378604587,-4.27412553616687,4.25365958649322,0.893356745011251
-5.9793669458445,15.5500676540854,17.3447203435346,-1.74553102225205,-4.07930384038971,4.52741790561874,0.970793754396873
-6.7990655172811,15.0893036907311,17.4573860780559,-1.46938391542087,-3.85082900480796,4.81291083533305,1.05084652902506
-7.60288030124016,14.6565384943427,17.6112866434767,-1.14954065124889,-3.58508405857222,5.11158683750263,1.13311290051605
-8.38953963584408,14.2558682689881,17.8108089555444,-0.782263470257721,-3.27839300822324,5.42476796424261,1.21718677377186
-9.15803915367275,13.8914288951018,18.0603045799548,-0.364067335577299,-2.92721762937183,5.75352365615611,1.30266402198434
-9.90775776972973,13.5671983844496,18.3638492547004,0.108015738078311,-2.52841573619652,6.09851303442033,1.38913800963397
-10.638599474812,13.2867356510649,18.7249240110766,0.636094694775382,-2.07957188531417,6.45978937433714,1.4761818232941
-11.3511648835391,13.0528424555326,19.1460012838539,1.22098407105567,-1.57941530168955,6.83656000234718,1.56331472121053
-12.0469555703037,12.8671314322605,19.6280154218248,1.86165811960168,-1.02834165648561,7.22689671491798,1.64995103744546
-12.7286097886379,12.7294831091393,20.1696984468543,2.55458282264016,-0.4290508295459,7.62739856265436,1.73533117362227
-13.4001573271561,12.6373844128006,20.7667756748937,3.29293397640341,0.212705004620439,8.03282407668042,1.81843707242125
-14.0672609859838,12.5851689874517,21.4110524252516,4.06575337311014,0.887309088037559,8.43573814746893,1.89789973384286
-14.7373803852262,12.5632355346609,22.089493907385,4.85717253774917,1.58052216983769,8.82626252191157,1.97191486495471
-15.4197537067837,12.5574099348289,22.7835110202716,5.64594510221156,2.27300317852473,9.19207412974385,2.03819451798185
-16.1250589682105,12.5487280023913,23.4687978340315,6.4056492870712,2.94044831595557,9.51884199468817,2.09399435237511
-16.8646201746653,12.5139997428744,24.1161594081868,7.10597934812463,3.55474701356178,9.79128749898405,2.13625959318577
-17.6491081706474,12.4274793521212,24.6937056963147,7.71542169551035,4.08644342496174,9.99493497821989,2.16191504307468
-18.4868741527362,12.2637066517888,25.1704495655521,8.20520756914403,4.50841702093215,10.1183590656485,2.16827645715346
-19.3822965661851,12.0011019493333,25.5207439726424,8.55380414404206,4.80010246631645,10.1554023132481,2.15349227803168
-20.3346759093467,11.6253908316686,25.7283896640058,8.75066300058704,4.95104961786554,10.1066320053941,2.11687455518964
-21.3381190931944,11.1317656055584,25.7890802191876,8.79792973383656,4.96259680528949,9.97944526751409,2.05899284828147
-22.3825018353577,10.5250800544339,25.7103784736342,8.70950752614439,4.84706834256704,9.78672741893291,1.98149477620913
-23.4551803120368,9.81814364680613,25.5093843181787,8.50790230438953,4.62487952305435,9.54453979537308,1.8867307209057
-24.5428978899075,9.0288513849653,25.2090577504231,8.22001603747376,4.32063477335004,9.26960522682294,1.77732549194835
-25.6333946359552,8.17709614188591,24.83437769549,7.87313013142804,3.95938494006692,8.97725013515868,1.65582627582327
-26.7164650577912,7.28218085161415,24.4091981450016,7.49187805167528,3.56379893589962,8.6801178331032,1.52449245155081
-27.784446785615,6.36104885007671,23.9541566153347,7.09644517252169,3.15247811262613,8.38763685908565,1.38522751732444
-28.8322584421386,5.42732808100463,23.4855959985768,6.70184762935266,2.73927653615284,8.1060477448638,1.23961507721172
-29.857137337664,4.4910269221287,23.0152779087139,6.31799472595947,2.33334955491882,7.838758739769,1.08901087776511
-30.8582029660456,3.55869214599724,22.5506434648187,5.95025272896387,1.93966443938454,7.58684897961198,0.934649487626134
-31.8359354230758,2.63387268383568,22.0954264200541,5.60029976430297,1.55977508492583,7.34960486368469,0.777736291675136
-32.7916318160224,1.71777248724388,21.6504771429925,5.26712606509104,1.19272563013524,7.12502932528543,0.619507333445855
-33.7268928089902,0.809998157468339,21.2146863956649,4.94806833928757,0.835983215330181,6.91029609514736,0.461249741964688
-34.6431880297031,-0.0906877946884675,20.7859057976949,4.63977773840941,0.486312704121485,6.70213614660315,0.304284109363337
-35.5415434671127,-0.985696411451544,20.3617634626365,4.33902661922526,0.140512402978443,6.49714937756565,0.149917161896642
-36.422379000615,-1.87610228110576,19.9402855266825,4.04327719670633,-0.204054892913417,6.29203798237002,-0.000622320954632415
-37.2855003498991,-2.76234454714244,19.5202660771313,3.75097191097509,-0.54917045226836,6.08376266209729,-0.146249906603674
-38.130222658567,-3.64414911759177,19.1013746489118,3.46155410456972,-0.895701585278285,5.86962899500087,-0.286081575402476
-38.9555821253046,-4.52064084319121,18.6840386182228,3.17527353720163,-1.2437318768133,5.64731728292591,-0.419470970578969
-39.7605833753816,-5.39058475060589,18.2691721660059,2.89285995851863,-1.59280980964565,5.4148728196413,-0.546024407783072
-40.5444350461127,-6.252684701766,17.8578358630539,2.61515311725256,-1.94224109768265,5.1706738878588,-0.665594679105445
-41.3067400166928,-7.10587520120565,17.4509022218087,2.34276248818475,-2.29136249951082,4.91339229965979,-0.778257641540616
-42.0476239638304,-7.94956076029312,17.0487808243382,2.07580407502023,-2.63975673456983,4.64195736661443,-0.884276857048694
-42.7678007640369,-8.78377887741201,16.6512314231782,1.81373494607635,-2.98739081499185,4.35553020118336,-0.984061493620255
-43.4685829732113,-9.60928097902232,16.2572721769641,1.55528554841355,-3.33467774941654,4.05349214425796,-1.07812184500713
-44.1518496778494,-10.4275375990718,15.8651762757296,1.29847782497754,-3.6824719367565,3.73544912504936,-1.16702565930246
-44.819983792028,-11.2406796303432,15.4725436923125,1.04071288844358,-4.03201229261907,3.40125269552387,-1.25135730071445
-45.475788042084,-12.0513882285373,15.0764337390057,0.778913005319859,-4.38482628696323,3.05103792321278,-1.33168075932355
-46.1223851887694,-12.8627439424176,14.6735462095913,0.5097062619428,-4.74260488264079,2.68527787569847,-1.40850672983399
-46.7631044109137,-13.6780425674646,14.2604420822754,0.229646436120641,-5.10705462978826,2.30485373088334,-1.4822634108917
-47.4013530077921,-14.5005823296331,13.8337977228082,-0.0645360524566874,-5.47973008655985,1.91113833541991,-1.55327034574776
-48.0404705497016,-15.333424966056,13.3906882320182,-0.375654500440085,-5.86184796920753,1.50608903509044,-1.62171454536422
-48.6835619935548,-16.179132797559,12.9288955156878,-0.705760411492851,-6.2540845020461,1.09234261134889,-1.68762836469728
-49.3333066951969,-17.0394853793068,12.4472339512213,-1.05581814971324,-6.65635968844312,0.673300976373926,-1.75086917553583
-49.9917427978282,-17.9151836420203,11.9458806593942,-1.42537242369596,-7.0676171389855,0.253190987165936,-1.81110185579651
-50.6600312183512,-18.8055570552867,11.4266876441232,-1.81223184502314,-7.48561585174617,-0.162924145886874,-1.86778645925253
-51.3382115809753,-19.7083006119367,10.8934397996564,-2.21220606871405,-7.9067606682804,-0.569209445657202,-1.92017501163965
-52.0249733289617,-20.6192820190735,10.3520077258576,-2.61894996191417,-8.3260093253811,-0.959228014718423,-1.96732280034354
-52.7174782943071,-21.5324723310674,9.81033223357126,-3.02398105860018,-8.73690259168957,-1.3262399590097,-2.00812014208129
-53.4112817718717,-22.4400588959209,9.27817587419731,-3.41693817394983,-9.13176402124442,-1.66363769747267,-2.04134948400193
-54.1004025371209,-23.332790070663,8.76659530035188,-3.78612980800033,-9.50210079773761,-1.96549549217428,-2.06576901017981
-54.7775804390172,-24.2005694278896,8.2871330310016,-4.11937412068596,-9.8392026107636,-2.22717196457471,-2.08021749826969
-55.434730089013,-25.0332635412647,7.850795303336,-4.40506119806971,-10.1348848605635,-2.44586682786087,-2.08372727540668
-56.0635536447538,-25.8216237600682,7.46695614778744,-4.63329173022818,-10.3822697277558,-2.62101434801672,-2.07562558302851
-56.6562287509525,-26.5581725119286,7.14237685094203,-4.7968952988322,-10.5764662208408,-2.75441203003446,-2.05560303725773
-57.2060587902046,-27.2378938979483,6.88052643710484,-4.8921355262681,-10.7150181953278,-2.85003706425501,-2.02373337575441
-57.7079764606573,-27.8586078846069,6.68132480868452,-4.91897639371327,-10.7980413881416,-2.9135794019568,-1.98044027871906
-58.1588296135837,-28.4209850808332,6.54132745945017,-4.88089141815953,-10.8280488170681,-2.9517896190624,-1.92642044575886
-58.5574339809205,-28.9282433851571,6.45427021933328,-4.78430204736206,-10.809536880813,-2.97177489565845,-1.862541931582
-58.9044285120276,-29.385626739692,6.41183153399633,-4.63779482602081,-10.748445210426,-2.98036785155253,-1.78973968470069
-59.2019984346188,-29.799783879359,6.40446239451927,-4.45127400480034,-10.6516029126356,-2.98365142181163,-1.70892651259439
-59.4535343486115,-30.1781459491224,6.42216886485834,-4.23516915816875,-10.5262421949704,-2.9866701253479,-1.62093019166725
-59.6632796322165,-30.5283637431449,6.45518470886087,-3.99976162078888,-10.3796164065126,-2.99331355733046,-1.5264595870051
-59.8359952495038,-30.8578269940039,6.49451913284171,-3.75464297753795,-10.2187202695437,-3.00633158160683,-1.42609677084044
-59.9766500140121,-31.1732613220561,6.53239423491273,-3.5082868246768,-10.0500846407595,-3.02743255226612,-1.3203089486586
-60.0901317070767,-31.4803873753427,6.56259607501831,-3.26770424214208,-9.87960843236234,-3.05742057359919,-1.20947316545606
-60.1809711143634,-31.7836291436582,6.58075669518969,-3.0381595395793,-9.71239361302797,-3.09633882802788,-1.09390746430316
-60.2530757687546,-32.0858696375107,6.58456907583004,-2.82293878554126,-9.55256132306541,-3.14359840360261,-0.973903652631601
-60.309479475604,-32.3882662254386,6.57392000067231,-2.62318222619672,-9.40304384381527,-3.19808299507629,-0.849758524768609
-60.3521245436576,-32.6901501564856,6.55091296762783,-2.43780710294447,-9.26536500203451,-3.25822829761267,-0.721801913905138
-60.3817019582361,-32.9890409182476,6.51974846152084,-2.26355543181924,-9.13943753881711,-3.32208078693358,-0.590421018176073
-60.3975785292828,-33.2808040479754,6.48643421028468,-2.09519969082362,-9.02341772361833,-3.38734426964614,-0.456080908790599
-60.3978369616124,-33.5599694560689,6.45831388017364,-1.92592715548255,-8.9136627773226,-3.45142435921265,-0.319340934018313
-60.3794447762722,-33.8202068407195,6.44342828852043,-1.74790113129555,-8.8048334266415,-3.51148097854227,-0.180866013464076
-60.3385507513625,-34.0549267257526,6.44975620546345,-1.55296616170408,-8.69016999522733,-3.56449692998903,-0.0414308589413114
-60.2708853619001,-34.2579443152898,6.48441731081853,-1.33342847487026,-8.56194492257615,-3.60736645614669,0.0980855998347968
-60.1722179797106,-34.4241156603718,6.55294915637491,-1.08281019146393,-8.41205935034432,-3.63700189094639,0.236718381066952
-60.0388043555162,-34.5498415580283,6.65878109341131,-0.796457647729036,-8.23271321160033,-3.65045010980846,0.373448994153425
-59.8677512578498,-34.6333445705354,6.80300976322441,-0.471892703343019,-8.01704896903852,-3.64500545221634,0.507251938130573
-59.6572359548123,-34.6746624796526,6.98452897471339,-0.108837236837149,-7.75966181722854,-3.61830405938578,0.637151674466814
-59.4065476582142,-34.6753614150656,7.20049155869336,0.291091206135181,-7.45689172008014,-3.56838730343576,0.762283522254766
-59.1159580827583,-34.6380356163934,7.44700524110038,0.724940568887587,-7.10686125939303,-3.49372853561524,0.881949932306923
-58.786465673165,-34.5657058624316,7.71991582466579,1.18911590834695,-6.70928211483504,-3.39322548441222,0.995663562467237
-58.4194805798623,-34.4612396818791,8.01552615497695,1.68005960456598,-6.26510136336623,-3.26616751035973,1.10317071419199
-58.0165185533369,-34.3268924321205,8.33113639735083,2.19480337441574,-5.77608137254473,-3.11219059532742,1.20445236618606
-57.5789555986141,-34.1640231483583,8.66535135477596,2.73132620556995,-5.24440118068032,-2.93123316314827,1.29970407555498
-57.1078701479417,-33.9729915233824,9.01815953560558,3.28870693196035,-4.67234158863306,-2.72350362694777,1.38929919387485
-56.6039760141502,-33.7532078555937,9.39082868104753,3.86710062867865,-4.06208439229356,-2.48946749491784,1.47374143728681
-56.067633566276,-33.5032921618491,9.78567769993531,4.46758690455029,-3.41562952886484,-2.22985910629534,1.5536127798819
-55.4989199490543,-33.2212995752389,10.2057798231086,5.09193784731224,-2.73481775475292,-1.94572110239161,1.62952135153018
-54.897739685369,-32.9049800318378,10.654635213844,5.74234120463354,-2.02144061398052,-1.63847344738149,1.70205216598774
-54.2639615928705,-32.5520544960151,11.1358317908507,6.42109812059143,-1.27742058176609,-1.31001273806053,1.77172168414727
-53.5975734675365,-32.1605027164895,11.6526962663946,7.13029995251251,-0.505048278063061,-0.962841017094281,1.83893583623175
-52.8988503655709,-31.728866166415,12.2079261669377,7.87147844168931,0.292732996176017,-0.600220547346109,1.90395041302659
-52.168534486274,-31.2565733148519,12.8031890773119,8.64521934996953,1.1120051627547,-0.226346101808398,1.96683282090237
-51.4080234677977,-30.7442916717742,13.4386783238661,9.45073270847009,1.94753100081577,0.153481716431946,2.02742516661834
-50.6195590331176,-30.1943012564135,14.1126262915673,10.2853846320572,2.79241549426308,0.5327105131666,2.08531060352335
-49.8063984743245,-29.6108657209354,14.820799403535,11.1442179985732,3.63782140942802,0.903461393657784,2.13978782765646
-48.9729384741901,-29.0005504174306,15.5560337231685,12.0195230241356,4.47281421475002,1.25658590111844,2.18986229359551
-48.1247458702,-28.3724038844243,16.3079140455456,12.9005603436246,5.28443726601433,1.58192590287775,2.23426614800723
-47.2684399130353,-27.7378909163389,17.0627410209345,13.7735770004816,6.05812895362945,1.86884153750728,2.27152016630296
-46.4113747378983,-27.110459875219,17.8039469840066,14.6222667432557,6.77856815168723,2.10703498098542,2.30004735489283
-45.561100360417,-26.5046678862564,18.5130805154629,15.4287804351433,7.43095332446883,2.28762080962919,2.31833698212867
-44.7246394635714,-25.934889352038,19.1713596485992,16.1752703796956,8.00258403125058,2.40428777815344,2.32514005996031
-43.9076926760975,-25.4137800383415,19.7616077482547,16.8457708205381,8.48446001633683,2.45430147960365,2.31965838217722
-43.113943825288,-24.9508032699322,20.2702025711219,17.4280449883415,8.87251889982974,2.43907138513142,2.30167941044974
-42.3446400560691,-24.5511681654087,20.6885890652832,17.9149646761549,9.16817358983975,2.36409072758562,2.27161774147399
-41.5985536884932,-24.2154361987033,21.013998541236,18.3050926472301,9.37799763095818,2.23823655201779,2.23045058854609
-40.8723189995585,-23.9398527197295,21.2492546795558,18.6023782087762,9.51266334881199,2.0726102720113,2.1795678577956
-40.1610322860647,-23.7172504688407,21.4018157281028,18.8151360716992,9.58544031673327,1.87921332497598,2.12058057114242
-39.4589535213643,-23.5382478046292,21.4823777515743,18.9546388878272,9.61062524593144,1.66974543738412,2.0551350321814
-38.7601623002267,-23.3924595874028,21.5033921594899,19.0336683594766,9.60220132869174,1.45471290973694,1.98476685716044
-38.0590753706539,-23.2695207092666,21.4777635221692,19.0652750684057,9.57288315205567,1.2429069911976,1.91080906204457
-37.3507941681823,-23.1598310549151,21.4178630998271,19.0618658719116,9.53356778010432,1.04121319560763,1.83435153661252
-36.6312955253634,-23.0550194453086,21.3348801477526,19.0346279768993,9.49312555857303,0.854662678437439,1.75623988494017
-35.897501122799,-22.9481750770733,21.2384636700717,18.9932343596506,9.45843041059025,0.686629541554026,1.67709928494526
-35.1472653839169,-22.8339118005854,21.1365799505309,18.9457521519764,9.43453273423979,0.539094868124477,1.59737095624065
-34.3793157229784,-22.7083262022084,21.0355119912419,18.8986792729398,9.42489911903879,0.412922983608739,1.51735235927753
-33.5931697142031,-22.5688967599627,20.9399412172662,18.8570503022921,9.43166783733771,0.308118084036815,1.43723567796149
-32.7890446402698,-22.414356084925,20.8530693422832,18.8245706588853,9.45589019312524,0.224046173950522,1.35714174808815
-31.9677678832446,-22.2445553992389,20.7767541141024,18.8037539516854,9.49774315318315,0.159618014308555,1.27714830205815
-31.1306916312708,-22.0603308159984,20.7116447073347,18.7960492059165,9.55670850753409,0.113434782992586,1.19731236659554
-30.2796124440122,-21.8633747391336,20.6573109902484,18.8019529072011,9.63171952633391,0.0839009584078286,1.11768713166552
-29.4166945522579,-21.6561119254511,20.6123661944247,18.8211060201818,9.72127897395434,0.0693098360828287,1.03833379930484
-28.544395129832,-21.4415778973588,20.5745855275863,18.8523792259071,9.82355354153957,0.0679069795834796,0.95932897830909
-27.6653897554371,-21.2232968455083,20.5410245610795,18.8939511515504,9.93644996784098,0.0779363440802208,0.880768202833648
-26.7824966902584,-21.0051565262787,20.5081412988373,18.9433847924935,10.0576777876544,0.0976731018141621,0.802766168079375
-25.8985992639833,-20.7912786185465,20.4719250638454,18.9977069496319,10.1848030261013,0.125446495423711,0.725454306973115
-25.0165663498687,-20.5858842095494,20.4280339488671,19.0534944814023,10.3152963445965,0.159655410293116,0.648976366397758
-24.1391717317225,-20.3931554790583,20.3719410160473,19.1069698688979,10.4465783135573,0.198778808443658,0.573482668405904
-23.269013773498,-20.2170958567866,20.2990877261061,19.1541070247543,10.5760636071763,0.241382698320573,0.499123733806567
-22.4084374094203,-20.0613920324465,20.2050416157849,19.1907468035451,10.7012051420171,0.286124914289849,0.426043899749891
-21.5594608596895,-19.9292819848349,20.0856539595357,19.2127202587489,10.8195384635509,0.331758629111802,0.354375473378786
-20.7237097744059,-19.8234337643095,19.9372121840387,19.2159764882536,10.9287260784659,0.377135207867387,0.284233843810445
-19.9023617173558,-19.7458401271274,19.7565811565417,19.1967109351607,11.0266009281047,0.421206724465076,0.215713838768588
-19.0961038794135,-19.6977341488508,19.5413270240643,19.1514891483727,11.111207719052,0.463028199468418,0.148887473483747
-18.3051068241042,-19.679530778915,19.289817283325,19.0773604753345,11.1808404787091,0.501759392563033,0.0838031137324858
-17.5290166438658,-19.6907986530565,19.0012910965617,18.9719558376974,11.2340744058644,0.536665807358906,0.0204859656832773
-16.7669672310408,-19.7302653986402,18.6758947783804,18.8335638690033,11.2697899636057,0.567118461231037,-0.0410602816136812
-16.0176133826459,-19.7958580754976,18.3146789023048,18.6611803517253,11.2871872574131,0.592591953647359,-0.100850900071559
-15.2791841750057,-19.8847783088681,17.9195555705163,18.4545271131822,11.2857890811527,0.612660437761233,-0.15891693429379
-14.5495546254676,-19.9936093139974,17.4932169829497,18.2140383585399,11.2654316393905,0.626991255642663,-0.215301682435261
-13.8263322227316,-20.1184495914736,17.0390192213269,17.9408146395707,11.226242788401,0.635336213282451,-0.270057143665579
-13.1069536938111,-20.2550659610864,16.5608378357631,17.6365470849113,11.1686086140963,0.637520714595229,-0.32324070243836
-12.3887865295843,-20.3990570606032,16.0629039750406,17.3034167956228,11.0931301229573,0.633431202905578,-0.37491227049964
-11.6692294725022,-20.5460177354459,15.5496311645914,16.9439761661754,11.0005726452491,0.623001538108399,-0.425132040999646
-10.9458064117988,-20.6916949671689,15.0254432013326,16.5610200576661,10.8918111080031,0.606199040634488,-0.473958932435768
-10.2162489131959,-20.8321271253894,14.4946129997584,16.1574551210907,10.7677745753989,0.583010949287159,-0.521449723579849
-9.47856376229141,-20.9637601082087,13.961120643123,15.7361750609045,10.6293933093632,0.553431971020818,-0.567658811746268
-8.73108334246061,-21.0835362538866,13.4285367371153,15.299948493576,10.4775511988079,0.517453470129729,-0.612638477199521
-7.97249813021075,-21.1889543077431,12.8999346254619,14.8513243698717,10.3130457393715,0.475054673834984,-0.656439508091589
-7.20187194631305,-21.2781009991149,12.3778324891581,14.3925580066373,10.1365569599355,0.426196091453173,-0.699112034859887
-6.41864172126136,-21.3496567163792,11.8641640993744,13.9255588715328,9.94862590083224,0.3708151799611,-0.740706437983287
-5.62260430930414,-21.4028791402331,11.360275179711,13.4518595344012,9.74964250369649,0.308824155250867,-0.781274219629331
-4.81389332478725,-21.4375695400822,10.8669411221037,12.9726038532497,9.53984218597221,0.240109756882379,-0.82086876299682
-3.99294907564835,-21.4540267193878,10.3844011700173,12.4885515316396,9.31930995170782,0.164534724580373,-0.859545934290896
-3.16048449137113,-21.4529933875105,9.91240407632403,12.0000956756204,9.08799064296773,0.0819407335141411,-0.897364505455401
-2.31744957606276,-21.4355992113574,9.45026058409106,11.5072898833502,8.84570387618718,-0.00784744344380944,-0.934386390509786
-1.4649964318976,-21.403304068258,8.99689872076239,11.0098816243386,8.59216229605123,-0.105016733400109,-0.970676694161017
-0.604446362752284,-21.3578441361481,8.55091868265328,10.5073490816411,8.32699195375241,-0.209759646419896,-1.00630356721044
0.262739943797055,-21.3011826501354,8.11064496843612,9.998939224394,8.04975389691257,-0.322267296340176,-1.0413378576318
1.1349886242823,-21.2354663607827,7.67417425016265,9.48370549584207,7.75996635324932,-0.442721533393543,-1.0758525363173
2.01063509750185,-21.162988069347,7.23941823449345,8.96054413137418,7.45712720591965,-0.571286081801399,-1.10992186789874
2.8879429512888,-21.0861550563475,6.80414141991672,8.42822869873042,7.14073675468941,-0.708096495832549,-1.14362028888023
3.76511968915909,-21.0074627921176,6.36599420906825,7.8854429747611,6.81032103185599,-0.853248673595549,-1.17702094963887
4.64032996729234,-20.9294729499481,5.92254228174987,7.33081270922697,6.46545616517108,-1.00678560244495,-1.21019387070797
5.51170712046729,-20.8547944612356,5.47129351366003,6.7629372016746,6.10579446330532,-1.16868196044668,-1.24320365949865
6.37736392478758,-20.7860660860867,5.00972404502391,6.18042191858469,5.73109301868736,-1.33882617223884,-1.27610672892168
7.23540369303272,-20.7259387250903,4.53530539151042,5.58191362061465,5.34124567652669,-1.51699952773457,-1.30894795652131
8.08393295656536,-20.6770554501865,4.0455347568905,4.96613964886187,4.93631918834371,-1.70285203651766,-1.34175672388632
8.92107715667832,-20.6420269738492,3.53797094854081,4.33195311638701,4.51659422306315,-1.89587483415047,-1.37454228470239
9.74500093420796,-20.6234000105094,3.01027848981219,3.67838573132775,4.08261160576598,-2.09536921117536,-1.40728843095476
10.5539347449282,-20.6236157595294,2.46028261986516,3.00470978578551,3.63522364061304,-2.30041274296683,-1.43994746874262
11.3462096203548,-20.6449556817037,1.88603778810877,2.31051039773414,3.17564958925153,-2.50982361218491,-1.47243359138619
12.1203017913245,-20.6894718287122,1.28591182795679,1.59576824404287,2.70553321535604,-2.72212506613278,-1.50461584892704
12.8748885771705,-20.7588995858642,0.658687077250556,0.860951665104175,2.22699875112532,-2.93551308379223,-1.53631108250005
13.608916183135,-20.8545518583231,0.00367804639501923,0.107114981820307,1.74269964954688,-3.14783170397571,-1.56727741171266
14.3216787432044,-20.9771958476718,-0.67913739073026,-0.664002921427135,1.25585218238187,-3.35656199071484,-1.59720913352244
15.0129058912263,-21.1269167464811,-1.38898004728419,-1.44988917817456,0.770243600882512,-3.55883202335512,-1.62573417497306
15.6828533722187,-21.302977100871,-2.12413625456586,-2.24718996382339,0.290202755329135,-3.75145618086361,-1.65241548662785
16.3323877937602,-21.5036858449214,-2.88184635063716,-3.05168272966986,-0.179479398269501,-3.93101170047588,-1.6767578592085
16.9630531585662,-21.72629641828,-3.65823655023997,-3.85830635414258,-0.63369001564833,-4.09395832081272,-1.69822147311403
17.5771041699133,-21.9669573883915,-4.44831859059225,-4.66126675615333,-1.0672005184695,-4.23680214164458,-1.71624291288383
18.1774907865713,-22.2207396908533,-5.24607996574842,-5.45422974121866,-1.47493457924859,-4.35629753168661,-1.73026333260142
18.7677814025722,-22.4817599284879,-6.04467990496732,-6.23060170691997,-1.85228128070638,-4.44967177126654,-1.73976200989552
19.3520190603721,-22.7434079864361,-6.83675196549398,-6.98388317154852,-2.19542332086048,-4.51484806587582,-1.74429194056599
19.9345158631323,-22.9986704550697,-7.61479496531676,-7.70806295959418,-2.50163955787999,-4.55063649640552,-1.74351286454625
20.5196029988365,-23.2405222175251,-8.37161428815027,-8.39800708464817,-2.76953774902806,-4.556862247837,-1.73721668014375
21.1113642344895,-23.4623424901242,-9.1007613219596,-9.0497910494205,-2.99917991862098,-4.53440767201104,-1.72534095889423
21.7133857988524,-23.6583039227936,-9.79691520316837,-9.66093050335886,-3.19207913245458,-4.48515848066654,-1.70796818357125
22.3285533170976,-23.8236872886702,-10.4561602726658,-10.23048226953,-3.35106865613186,-4.41186119030544,-1.68531093345699
22.9589172441133,-23.9550888141712,-11.0761322771805,-10.7590109326019,-3.48006621879259,-4.31791400303928,-1.65768576455784
23.6056350776583,-24.0505078956165,-11.6560304369866,-11.2484387424438,-3.5837713326011,-4.20712247104439,-1.625480265357
24.2689854213289,-24.109323493432,-12.1965140435084,-11.7018124952031,-3.66733892414079,-4.08345269390215,-1.58911831472208
24.9484391676965,-24.1321826625618,-12.6995161316467,-12.1230273254341,-3.73606819274096,-3.95080935479996,-1.54902798839271
25.642768355873,-24.1208318861389,-13.1680112245063,-12.5165445088937,-3.79513476031518,-3.81285641137165,-1.50561524813939
26.3501733459319,-24.0779214125663,-13.6057705121061,-12.887131398338,-3.84938100775183,-3.67288795429901,-1.45924500561352
27.0684125785025,-24.0068071233789,-14.0171293220896,-13.2396403280112,-3.90316759864003,-3.53374814914451,-1.4102298064499
27.7949242929828,-23.9113662195279,-14.4067815697299,-13.5788326953966,-3.96028058310074,-3.39779346220534,-1.35882543521991
28.5269348744676,-23.795834824509,-14.7796066371194,-13.9092463598632,-4.02388370115073,-3.26688764902521,-1.30523224719282
29.2615527024025,-23.6646686568923,-15.1405269909842,-14.235099371978,-4.09650398882121,-3.14241958804343,-1.24960088521977
29.9958495103686,-23.5224232169664,-15.4943903960138,-14.5602207980117,-4.18003961558342,-3.02533517576769,-1.19204113031729
30.7269328607263,-23.3736471174017,-15.8458683854612,-14.8879991790866,-4.27578099410212,-2.91617633297742,-1.13263281548121
31.4520138878392,-23.2227813137931,-16.1993624575048,-15.2213404581475,-4.38443887330709,-2.81512219020739,-1.07143792943557
32.1684739572958,-23.0740575684489,-16.5589107294826,-15.5626293686802,-4.50617579898817,-2.72202936822758,-1.00851318683355
32.8739327417652,-22.9313913941218,-16.9280902551333,-15.913691016027,-4.64063971974278,-2.63646981218311,-0.943922432198827
33.5663183127582,-22.7982674943508,-17.3099134363881,-16.2757522549756,-4.78700040559811,-2.557765802697,-0.877748270359557
34.2439378036344,-22.6776193493612,-17.70672082711,-16.6494054004604,-4.94399067080715,-2.48502259912468,-0.810102311382722
34.9055448311574,-22.5717083817354,-18.1200764895248,-17.0345792805198,-5.10995499784011,-2.4171596576847,-0.741133399372488
35.5503979794623,-22.4820118554068,-18.5506756061693,-17.4305245087769,-5.28290804586414,-2.35294157778701,-0.671033209811158
36.178303202263,-22.4091313321639,-18.9982763690866,-17.8358205048088,-5.46060461321479,-2.29100985557101,-0.600038666764552
36.7896328364589,-22.3527347076501,-19.4616688070352,-18.2484111019287,-5.64062104762708,-2.22991623198851,-0.528430779681305
37.3853150036659,-22.3115437597211,-19.9386914791879,-18.665673232391,-5.82044601330689,-2.16815793865844,-0.456529723309188
37.9667897310546,-22.2833755988967,-20.4263027783814,-19.0845193777128,-5.99757628878215,-2.10421455369932,-0.384686270039974
38.5359319688053,-22.2652406768925,-20.9207073463225,-19.5015297430811,-6.16961133350059,-2.03658558109479,-0.313269996151301
39.0949460729985,-22.2534927793816,-21.4175306453996,-19.913105197386,-6.33433915872395,-1.96382735912097,-0.242654972795085
39.6462405669323,-22.2440190514799,-21.9120274865022,-20.3156279779701,-6.48980595603394,-1.8845875944004,-0.173203875121353
40.1922952052749,-22.2324520668874,-22.3993047964083,-20.7056149407565,-6.63436313806873,-1.79763577451032,-0.10525156364676
40.7355336647161,-22.214382509269,-22.8745363178274,-21.0798482943732,-6.76668779095932,-1.70188793920094,-0.0390891967338069
41.2782143173089,-22.1855510734351,-23.3331480075421,-21.4354714567505,-6.88577565172123,-1.59642474542705,0.0250501660283707
41.8223486845217,-22.1420018105809,-23.7709575427609,-21.7700424834097,-6.9909090352241,-1.48050234434239,0.0870036828955317
42.3696525937239,-22.0801854500125,-24.1842584740328,-22.0815433492152,-7.08160496625372,-1.3535561587085,0.146687991786864
42.9215302489688,-21.9970092245775,-24.5698480355932,-22.3683493656727,-7.1575507062,-1.21519811157085,0.204105236904039
43.4790866015416,-21.889837438788,-24.9250053815883,-22.6291677021857,-7.21853449353513,-1.0652081037907,0.259345651835784
44.0431601132764,-21.7564533940902,-25.2474330510599,-22.8629569466526,-7.26437875710231,-0.903520580317414,0.312586618127019
44.6143663684736,-21.5949971314023,-25.5351776747227,-23.0688403689508,-7.29488148546584,-0.730206889338845,0.36408821046231
45.1931430602049,-21.4038943428829,-25.7865460299162,-23.2460241363191,-7.30976922254674,-0.5454539125076,0.414185313522464
45.7797887674591,-21.1817901037337,-26.0000300667361,-23.3937288392156,-7.30866280141976,-0.349539239225105,0.463276476710323
46.3744907256066,-20.9274972065763,-26.1742499902574,-23.5111387802081,-7.29105474170847,-0.142803054352947,0.5118097792717
46.9773402534125,-20.6399639324219,-26.3079190987246,-23.5973694885517,-7.25629557653032,0.0743830267492366,0.560266124370266
47.5883376427064,-20.3182608517067,-26.3998286404036,-23.6514503140781,-7.20358535949448,0.301649699029904,0.60914056252653
48.2073910557166,-19.9615817872775,-26.4488465807936,-23.6723164544503,-7.13196637368684,0.538665408756597,0.658922451905055
48.8343154631404,-19.5692508414984,-26.4539212343849,-23.6588034548539,-7.04031353400244,0.785172126191677,0.710075462248498
49.4688382103117,-19.1407260039312,-26.4140798256823,-23.6096374470828,-6.92732013188245,1.04101957020487,0.763018588051875
50.1106169491719,-18.675590204719,-26.328412959814,-23.5234158295622,-6.7914781917112,1.30619555288118,0.818109405832262
50.7592740564041,-18.1735227595488,-26.1960386778123,-23.398575668846,-6.63105464767854,1.58084978663427,0.875630754695913
51.4144491793935,-17.6342473742685,-26.0160435141357,-23.2333501997052,-6.44406649622244,1.865308332177,0.935781803148133
52.0758689027948,-17.0574567861976,-25.7874022763114,-23.0257170616576,-6.22825981633175,2.16007587129254,0.998674082043784
52.7434299632082,-16.442718039684,-25.5088823827441,-22.7733447896525,-5.98109884280897,2.46582312953689,1.0643325287784
53.4172902202928,-15.7893657680876,-25.1789419413644,-22.4735462028667,-5.69977201436838,2.78335697564376,1.13270094592646
54.0979603078622,-15.0963934522791,-24.7956332016055,-22.1232487535337,-5.38122219894017,3.11357090422115,1.20365060699467
54.7863879673822,-14.362354167264,-24.3565242729381,-21.7189924927748,-5.02220828024098,3.45737363336942,1.27699011414781
55.4840269544026,-13.5852832273083,-23.8586527169474,-21.2569667588573,-4.61940540953401,3.81559335521312,1.35247411497957
56.1928823263884,-12.7626557443917,-23.2985251906468,-20.7330973732761,-4.16955182459134,4.18885472786428,1.42980816167865
56.9155234077727,-11.8913931009267,-22.6721785092213,-20.1431976146676,-3.6696514804072,4.57742510061423,1.50864686719499
57.6550544630626,-10.9679344020559,-21.9753200288463,-19.4831989008313,-3.11724375014353,4.9810260704744,1.58858258778121
58.4150302705728,-9.98839240337727,-21.2035691638656,-18.7494805053902,-2.51075340555499,5.39860693243257,1.66912215240492
59.1992996905885,-8.94881805332895,-20.3528266598975,-17.9393206245217,-1.84993435804617,5.82807911830984,1.74964977823305
60.0117554078242,-7.84560215772894,-19.4198016946323,-17.0514907281118,-1.13641619814775,6.26601715110323,1.82937550897795
60.8559643573042,-6.6760433721739,-18.4027244746528,-16.0870062464042,-0.374348644323566,6.70734449917358,1.90727076195767
61.7346550347499,-5.43910243637763,-17.3022559478992,-15.0500213603028,0.428890856238315,7.14504473508722,1.9819965377212
62.6490520244958,-4.13633364624829,-16.1225655043174,-13.9488042408113,1.26201347910566,7.5699709715178,2.05183617074203
63.5980833842425,-2.7729247608309,-14.8724704679608,-12.7966440793219,2.10932292997675,7.97086607948066,2.11465311723428
64.5775510503194,-1.35868006638631,-13.5664152208015,-11.6124284747764,2.9506580558693,8.33473875064126,2.16790326924126
65.5794441829876,0.0913380004702216,-12.2249361315475,-10.4205244508122,3.76208319035728,8.64773680128866,2.20873544733711
66.5916613523844,1.55688398070063,-10.8741790965684,-9.24957631844807,4.51759096525649,8.89657919114935,2.23420459224169
67.5984277952823,3.01366740682587,-9.54411786448595,-8.13000134448343,5.19185918777615,9.07042642414767,2.24159209630133
68.5815764010797,4.43566368838236,-8.26545112559821,-7.09037192905892,5.76369551210877,9.16281984947654,2.22877915845461
69.5225860511392,5.79827757638937,-7.06568693454365,-6.15341280435898,6.21935919377966,9.17312809064105,2.19457306941759
70.4049388198142,7.08160075526341,-5.96540324889898,-5.33271805326062,6.55475164946664,9.10696724634998,2.13887671586511
71.216164032352,8.27284437677873,-4.97576808433301,-4.63119645846523,6.77573939465867,8.97537508967241,2.06263852746683
71.9490291410444,9.36729897624164,-4.0979766456699,-4.0416515047538,6.89653727314728,8.79297827336893,1.9676046553242
72.6016720910838,10.3677345395415,-3.32454708646781,-3.54912956336691,6.93676076311052,8.57572940466556,1.85596762478707
73.1768390789386,11.2826656037003,-2.64183363208649,-3.13416812890666,6.91807734778525,8.33883128369019,1.73002612154142
73.680602503723,12.1241206627315,-2.03293323751716,-2.77604171335417,6.86126271332089,8.09524974033804,1.59193912110428
74.1209384457676,12.9054661088684,-1.48033827928064,-2.45540441910132,6.78409569499149,7.85492370591291,1.44360478174499
74.506422416512,13.639602660093,-0.968003336550762,-2.15610157117669,6.70016430221756,7.62456688655506,1.28665088443852
74.8451640635012,14.3376384494968,-0.482755727384657,-1.86618414325968,6.61844342939193,7.40786939604565,1.12250139572413
75.1440096928123,15.0080221854352,-0.0151131179682054,-1.57826722785664,6.54344496847477,7.20591832602093,0.952479524985991
75.408006645099,15.6560864358354,0.440401365154785,-1.28937592474207,6.47576739988991,7.01770895873371,0.777912938560965
75.6401239947232,16.2839627562736,0.885377751206086,-1.00038800885117,6.41291726705152,6.84067239726066,0.600215245320599
75.841231738832,16.8908438009281,1.31802122021647,-0.715162715004925,6.35030005877079,6.67118227079129,0.420926993744029
76.010333769865,17.4735562276377,1.73397463792771,-0.439457587008565,6.28227487240471,6.50502057795363,0.241708974218971
76.1450214088129,18.0273689547079,2.12735620161776,-0.179770188524089,6.20315080650713,6.33778694260353,0.0642905288105717
76.2420737819796,18.5469123498395,2.49185797948221,0.0577298837381118,6.10799824630733,6.16523548038759,-0.109615280674318
76.2980979319145,19.0270535580025,2.82172859876514,0.268019793601674,5.99317427014904,5.98352620863405,-0.278411442008922
76.3100943991188,19.4635834851219,3.11248868772083,0.447687375859263,5.85651980317411,5.78938628574367,-0.440711737727399
76.2758596665417,19.8536237495362,3.36129788184294,0.595020106938971,5.69725877666139,5.5801883657756,-0.595413710165641
76.1941854623498,20.1957373898327,3.56698107003521,0.709785203452034,5.51568935363366,5.35396434826478,-0.741739818630162
76.0648675031745,20.4897962639888,3.72979557976829,0.792822650504529,5.31278409173013,5.1093787694923,-0.879244501581515
75.8885743424669,20.7366985667962,3.85105770757581,0.845584578470714,5.08980625465878,4.84568570767784,-1.00779125885782
75.6666419778474,20.9380356881215,3.93274365839083,0.869728722285009,4.84801518158644,4.56268791090472,-1.12750763715042
75.4008545811528,21.0957874248005,3.97714954772777,0.866829606753245,4.58849249297128,4.26070978803778,-1.23872706437408
75.0932540050707,21.2120928976713,3.98665565723471,0.838227662101969,4.3120871642192,3.940589320304,-1.34192555110665
74.7460006674436,21.2891144701738,3.96360575474131,0.785005299008691,4.01945756055511,3.60368908768809,-1.43765933819368
74.3612910410357,21.3289901526228,3.9102894939547,0.708062936079004,3.71118163805998,3.2519233784579,-1.52650741994074
73.941326112627,21.3338581208559,3.82900488916137,0.608264113756358,3.3879083706576,2.88779618842774,-1.60902105369375
73.4883192041775,21.3059326287561,3.72217520883177,0.486621966887125,3.0505290118666,2.51444297555843,-1.68568110139958
73.0045296990084,21.2476107779838,3.59249628262476,0.344504706428595,2.70035230828134,2.13566680623908,-1.75686340383131
72.4923093271405,21.1615913494035,3.44309280019984,0.183842096162732,2.33927107123678,1.75595678415708,-1.82281230446247
71.9541484792713,21.0509883143592,3.27766365649798,0.00731652438378472,1.96990784116806,1.38047361497266,-1.88362280622933
71.3927106835721,20.9194218499379,3.10059603073322,-0.181479173758111,1.59572503854322,1.01498455200459,-1.93923249197811
70.8108441257258,20.771068941224,2.91702616212224,-0.377938688271942,1.22108113702597,0.665729108570135,-1.98942503848653
70.2115596652948,20.6106548454045,2.73282325195987,-0.576419607628254,0.85121095489022,0.339199654616799,-2.03384755251073
69.5979675509386,20.4433681213847,2.55447417249326,-0.770328271315685,0.492107893135178,0.0418294013607543,-2.07204368037585
68.9731689307643,20.2746872469807,2.38885357219247,-0.952334439669954,0.15029186376437,-0.220404373600155,-2.10350303538549
68.3401059436303,20.1101184123823,2.24287889695559,-1.11472401373856,-0.16753888596056,-0.442432393299046,-2.12772482483654
67.7013838748193,19.9548614527179,2.12307258998259,-1.24987382574332,-0.454951035861203,-0.620547545547244,-2.14428991298674
67.0590887233522,19.8134410334052,2.0350801434921,-1.35080192807331,-0.706266621617431,-0.752789821542524,-2.15293190182215
66.4146303680209,19.6893569638618,1.98321448638103,-1.41171867631279,-0.917030216576464,-0.839187381774893,-2.1535956368722
65.7686415813167,19.5848133913946,1.97010460840404,-1.42848976117374,-1.08437444521713,-0.881796805473771,-2.14647223941443
65.120954264494,19.5005765566259,1.99651294304359,-1.39893100155586,-1.20721848591978,-0.884522852963812,-2.13200378383262
64.4706593154271,19.4359861772969,2.06135342294901,-1.32288665021631,-1.28626691853331,-0.852744381927556,-2.11085713403827
63.8162387716141,19.3891134924974,2.16190031451365,-1.20208851459281,-1.32381835021746,-0.792812731287765,-2.08387301988457
63.1557456709052,19.3570307685301,2.29414110839752,-1.03983684311598,-1.32343037962098,-0.711508783025473,-2.05200094542838
62.4870013343119,19.3361409724958,2.45320608475615,-0.840571916500503,-1.28950824120055,-0.615540668864641,-2.01623167613192
61.8077822904897,19.3225152481193,2.63380618406229,-0.609411822805946,-1.22688540856282,-0.511141129358714,-1.97753708602518
61.1159769931526,19.3121965430014,2.83062521240915,-0.351720104898584,-1.14044988574242,-0.403792769652784,-1.93682336674823
60.4097030136202,19.3014442630508,3.03863396212902,-0.0727452892931773,-1.03484826844257,-0.298081394681135,-1.89489960771513
59.6873832818719,19.2869105075969,3.25331460404769,0.222648472468484,-0.914278753275678,-0.197658422552919,-1.8524606102692
58.9477861344317,19.2657503449909,3.47079901123543,0.530158346191127,-0.782368922565416,-0.105284373154997,-1.81008102639807
58.1900361052836,19.2356749436727,3.68793302194249,0.846136911651786,-0.642125611746233,-0.0229245407485976,-1.76821734383096
57.413602352812,19.1949581992659,3.90228102381584,1.16761732904212,-0.495941480839788,0.0481280580877217,-1.72721454558461
56.6182699616222,19.1424061784706,4.11208360329426,1.49228322804018,-0.345644044979322,0.107121474099107,-1.68731504943389
55.8040973053135,19.0772959500353,4.31617746946514,1.81839433165001,-0.192575825873088,0.153718552734487,-1.64866849050852
54.9713606167907,18.9992875201597,4.51388323994879,2.14467580183369,-0.0376973013144046,0.187884071757396,-1.61134184726132
54.1204859339978,18.908310997971,4.70486450309709,2.47017750471383,0.118293730146038,0.209790362207906,-1.5753302203831
53.2519689966973,18.8044317293085,4.88896203531962,2.79411002356254,0.274832626177827,0.219744180669384,-1.54056914579222
52.3662855146254,18.6876994772991,5.06601084453745,3.115667853464,0.431356381303587,0.21813590533202,-1.5069495240017
51.4637984912491,18.5579940061031,5.23565469865931,3.43385640015111,0.587181718318015,0.205410510318108,-1.47433597240887
50.5446735426441,18.4148865935261,5.3971810646192,3.74734617604625,0.741407958047969,0.182057837113611,-1.44258852595627
49.6088169408378,18.2575424401018,5.5494054291744,4.05438150547448,0.892861231477773,0.148617400594371,-1.41158625971774
48.6558513696158,18.0846884629618,5.6906331525511,4.35276804016619,1.04009343255953,0.105690805881936,-1.38124993930469
47.6851393785597,17.8946617238957,5.81871604508635,4.63995103919343,1.18144046538646,0.0539536863141145,-1.35155985025769
46.6958547546974,17.6855365386891,5.93120067471871,4.91317640349075,1.31513137890339,-0.0058402381876439,-1.32256514652658
45.6870897712328,17.4553082087498,6.02554218296604,5.16970525579202,1.43942723917623,-0.0728676050657423,-1.29438259246866
44.6579773344137,17.2020967012125,6.09934052342288,5.40703910106265,1.55276134217139,-0.146256865101089,-1.26718504125216
43.6078041690051,16.9243303045057,6.15055259653278,5.6231120855945,1.65385375412372,-0.225119306704301,-1.24118239946357
42.5360955338189,16.6208782110713,6.17764453872489,5.81641924843751,1.74178229743167,-0.30858383625655,-1.21659923261025
41.4426619195126,16.291117643527,6.17966780432331,5.98606893116321,1.81600476115077,-0.395829518805324,-1.19365318934653
40.3276075751983,15.9349376107396,6.15626201880118,6.13176553270281,1.87633827387275,-0.486111451725387,-1.17253728506675
39.1913085336105,15.5526931233001,6.10760092452845,6.25374041313609,1.92290839422562,-0.578777863954276,-1.15340753000354
38.0343704750646,15.1451280645677,6.03430280135537,6.35265238977039,1.95608202517005,-0.673278429626609,-1.13637598173233
36.8575768769156,14.7132840041177,5.93732542141219,6.42947711507517,1.97639627219659,-0.769165148276478,-1.12150843657311
35.6618354964875,14.2584081092446,5.81786074536249,6.48539949774133,1.98449176759448,-0.866087703698246,-1.10882562451195
34.4481285222044,13.7818685934524,5.67723900816739,6.52171784261336,1.98105535627637,-0.963785192194527,-1.09830680019709
33.2174691732065,13.2850820623776,5.51684710973969,6.53976386606342,1.96677416844308,-1.06207578226896,-1.08989482249908
31.9708660297254,12.7694543809467,5.33806295750512,6.54083970300581,1.94230121550913,-1.16084546591375,-1.0835020612998
30.7092949258151,12.2363348168337,5.14220534547469,6.52617111589476,1.90823154047466,-1.26003668498328,-1.07901665670661
29.4336780680579,11.6869824732107,4.93049797745193,6.49687525410451,1.86508746651543,-1.35963735024709,-1.07630880763947
28.144869416937,11.1225434777091,4.70404573389443,6.45394084484281,1.81331130131929,-1.45967056788478,-1.0752368412898
26.843645527121,10.5440373640527,4.46382120038358,6.39821865221849,1.75326389326511,-1.56018527216924,-1.07565287729336
25.5307009838553,9.95235106190064,4.2106595033541,6.33042008808694,1.6852275491653,-1.66124788131616,-1.07740793746986
24.2066474588168,9.34823891336629,3.94525958501255,6.25112195509075,1.60941197440403,-1.76293502693006,-1.08035638052385
22.8720156558214,8.73232730442713,3.66819023185841,6.16077552686262,1.52596209207753,-1.86532737142944,-1.08435958472104
21.5272593846851,8.10512257995172,3.37989933297903,6.05971836201317,1.43496678565604,-1.96850448272258,-1.08928883625207
20.1727610519618,7.46702104564019,3.08072504261139,5.94818748157258,1.33646780662919,-2.0725406949313,-1.09502741783868
18.8088379826326,6.81832004308239,2.77090775040092,5.82633280895796,1.23046828778817,-2.17750185193331,-1.10147192873905
17.4357490985614,6.15922927574345,2.45060199972441,5.69423004423552,1.11694049086686,-2.28344280348628,-1.10853289721406
16.0537015597182,5.48988175078127,2.11988772701318,5.55189239998972,0.995832586088613,-2.39040549949993,-1.1161347661916
14.6628570519767,4.81034388812837,1.77878041834303,5.39928085863112,0.867074407869768,-2.49841750782652,-1.12421534228902
13.2633376389477,4.12062457745825,1.42724000330349,5.23631287191918,0.730582262051729,-2.60749079352481,-1.13272481061832
11.855231003822,3.42068306539444,1.06517845986359,5.06286953754812,0.586262943563346,-2.71762057081395,-1.1416244004003
10.4385951629754,2.71043575444857,0.6924662737398,4.87880149299261,0.434017205182641,-2.82878407297517,-1.15088478883425
9.01346269637447,1.98976207507497,0.308937998143528,4.68393383386211,0.273742958900538,-2.94093908080061,-1.16048430861675
7.57984464357439,1.25850969786292,-0.0856027470937191,4.47807045821619,0.105338523974318,-3.05402207550794,-1.17040701227241
6.13773424132139,0.516499417074508,-0.491378435781827,4.26099828112093,-0.0712937498792877,-3.16794589851695,-1.18064062828077
4.68711072203422,-0.236469908806666,-0.908632507394193,4.03249179947232,-0.256243150356694,-3.28259682641954,-1.19117442927702
3.22794342112423,-1.00061593669021,-1.33762347288482,3.79231850979016,-0.449585231686553,-3.39783100145825,-1.20199702034566
1.76019644128607,-1.77616648458546,-1.77861774941924,3.5402456720142,-0.651375084666406,-3.51347017604705,-1.21309403899751
0.283834167837818,-2.56335176792205,-2.23188070934638,3.27604894026998,-0.861638946808811,-3.62929679095445,-1.2244457583887
-1.20117208511807,-3.36239474001717,-2.69766542292171,2.99952335560212,-1.0803638831583,-3.74504844628688,-1.23602457735884
-2.69483601342697,-4.17349904995448,-3.17619858571019,2.71049717554054,-1.30748531754798,-3.8604118926566,-1.24779238331763
-4.19714656696953,-4.99683413998836,-3.6676631487047,2.40884896000196,-1.54287226677447,-3.97501674342468,-1.25969777803807
-5.70805626575382,-5.83251707863725,-4.17217725979974,2.09452826181885,-1.78631025104191,-4.08842923456114,-1.27167317736428
-7.22746740564071,-6.68059080286054,-4.68976923933468,1.76758010450076,-2.03748201400109,-4.20014646195604,-1.28363180972278
-8.75521609289997,-7.54099863321059,-5.22034854009191,1.42817321590511,-2.2959464241743,-4.30959169283049,-1.2954646747331
-10.2910541829848,-8.41355516323938,-5.76367294387734,1.07663164568834,-2.56111623385841,-4.41611149640888,-1.3070375579654
-11.8346294867003,-9.29791405174879,-6.31931273037044,0.713468947455917,-2.83223578276181,-4.51897563674848,-1.31818825566198
-13.3854648143385,-10.1935336739272,-6.88661309377458,0.339423495431501,-3.10836018615713,-4.61738077522729,-1.32872420551015
-14.9429369504014,-11.09964234259,-7.46465689604131,-0.0445072041083345,-3.38833810972897,-4.71045918318622,-1.33842079446948
-16.5062569961798,-12.0152054845978,-8.0522306385391,-0.437036176815766,-3.67080074054921,-4.79729361456662,-1.34702065272956
-18.0744540653667,-12.9388980198924,-8.64779744829716,-0.836564403589525,-3.95416001947841,-4.87693934805291,-1.35423428289682
-19.6463646805819,-13.8690858794908,-9.24948160610892,-1.24117046536563,-4.23661940485978,-4.94845399951719,-1.35974236431546
-21.2206305572855,-14.8038211371702,-9.85506961914739,-1.64861720511653,-4.51620028856232,-5.01093506836136,-1.36320002106599
-22.7957074270695,-15.7408552402287,-10.4620327090804,-2.05637995644699,-4.79078647547544,-5.06356423958399,-1.36424321449792
-24.3698870553424,-16.6776741177848,-11.0675746268496,-2.4616998257659,-5.0581877583194,-5.10565629251442,-1.36249721754018
-25.9413338349981,-17.6115575459787,-11.6687068797685,-2.86166352740123,-5.31622161847906,-5.13670926447377,-1.35758687442387
-27.5081357043056,-18.5396626384391,-12.2623505133749,-3.25330835289366,-5.56280949804409,-5.15645137795526,-1.34914804270837
-29.0683674167584,-19.4591283431753,-12.8454600801414,-3.63374734301769,-5.79608140068768,-5.16487959011144,-1.33683934801289
-30.6201621501084,-20.3671944563643,-13.4151616568976,-4.00030613316931,-6.01448020472794,-5.16228462176678,-1.32035319240534
-32.1617856623897,-21.2613256726802,-13.9688935616361,-4.35065999352619,-6.21685562470395,-5.14925818580933,-1.29942492121843
-33.6917061411784,-22.1393292887722,-14.5045365445497,-4.68295801386683,-6.40253771404551,-5.12667984985457,-1.27383920923652
-35.2086525571769,-22.999454685496,-15.0205201048084,-4.99592163729692,-6.57138128945657,-5.09568324522056,-1.24343305786326
-36.7116554450312,-23.8404642265924,-15.5158936167399,-5.28890697683797,-6.72377559893372,-5.05760384451791,-1.20809527088414
-38.2000652755467,-24.661667727884,-15.9903542921676,-5.56192398923641,-6.86061717938422,-5.01391259473872,-1.16776276295908
-39.6735464871298,-25.4629168126109,-16.4442287248186,-5.81561012034624,-6.98324775772732,-4.96614116631371,-1.12241452034794
-41.1320470599492,-26.2445590270742,-16.8784090000931,-6.05116027471509,-7.093362102998,-4.91580490088249,-1.07206431343185
-42.5757460301833,-27.0073552843737,-17.2942482652523,-6.27021847329654,-7.19289286528723,-4.86432905204161,-1.01675339016137
-44.0049827641479,-27.7523666228619,-17.6934231725668,-6.47473876617193,-7.28388024769008,-4.81298264342038,-0.956544309541214
-45.4201727167569,-28.4808177425124,-18.0777719770892,-6.66682399063654,-7.36833418795065,-4.76282267697765,-0.891516865975983
-46.8217152055638,-29.1939457259528,-18.4491177292316,-6.84855122669568,-7.44809606291516,-4.71464991196362,-0.82176676568809
-48.2098987809193,-29.8928425952753,-18.809086088979,-7.02179269876376,-7.52470611625444,-4.6689761949612,-0.747407373423272
-49.5848102486842,-30.5783008926637,-19.1589276557851,-7.18804102747105,-7.59928239787219,-4.62600262488323,-0.66857450585596
-50.9462537243878,-31.2506720836366,-19.4993553401537,-7.34824832438276,-7.67241705628606,-4.58560763333311,-0.585433903975888
-52.2936863776066,-31.9097483195512,-19.8304082122647,-7.50268962955255,-7.74409628951809,-4.54734428729303,-0.4981906774949
-53.6261778616616,-32.5546788059641,-20.1513541645516,-7.65086227284327,-7.81365084215297,-4.51044664087302,-0.407099686148459
-54.9423993471998,-33.1839314178871,-20.4606434842861,-7.79143303316085,-7.87974392615769,-4.47384546544339,-0.312475511917788
-56.2406470621186,-33.7953086949666,-20.7559238910932,-7.92224386313788,-7.94040248587237,-4.43619411119566,-0.214700446927888
-57.5189016420909,-34.3860228945455,-21.0341231095609,-8.04038329976086,-7.99309494192929,-4.39590518952091,-0.114228817964648
-58.7749205231692,-34.9528284783076,-21.2915981281987,-8.14232440571657,-8.03485404769063,-4.35119826955196,-0.0115860937600346
-60.006354884826,-35.492201829997,-21.5243408845472,-8.22412134818649,-8.06243741794849,-4.30015772058099,0.0926383699047513
-61.2108781806761,-36.0005497468205,-21.728220489525,-8.28164718420608,-8.07251197705833,-4.24079852849533,0.197805375140327
-62.3863092828438,-36.4744211900499,-21.8992338941732,-8.31084705162056,-8.06184334177628,-4.17113653985576,0.303246192224189
-63.5307131855933,-36.9106944584002,-22.0337334841348,-8.30797660638851,-8.02746901588248,-4.08925872210369,0.408287575547452
-64.6424648288354,-37.3067146781414,-22.1286025496346,-8.26979683402034,-7.9668361300232,-3.99338888936688,0.512279030924451
-65.7202683290514,-37.6603652280163,-22.1813586255726,-8.19370388871443,-7.87789056669225,-3.88194520363907,0.614619350502005
-66.7631314913051,-37.9700685076346,-22.1901777691036,-8.07778457832755,-7.75911313582111,-3.75358735763145,0.714779405256051
-67.7703034936687,-38.2347241988405,-22.1538471565865,-7.92080169668382,-7.60950799278633,-3.60725339434969,0.812318679359798
-68.7411892505067,-38.4536031770975,-22.0716650512483,-7.72212507062564,-7.42855624874617,-3.44218805487268,0.906893913835509
-69.67525605412,-38.6262204024673,-21.9433137269917,-7.48163138333379,-7.21615208482312,-3.25796594157742,0.998259273656112
-70.5719475903426,-38.7522105280084,-21.7687319416463,-7.1995977332397,-6.97253929953284,-3.05451344840927,1.08625843853859
-71.4306171597973,-38.8312260588892,-21.5480096976531,-6.87661106380282,-6.69826362411648,-2.8321332569861,1.17080975621973
-72.2504872795428,-38.8628716123418,-21.2813213573542,-6.51350980881837,-6.39415163607564,-2.59153436409367,1.25188600711506
-73.0306397467598,-38.846682020514,-20.9689063183407,-6.11136743331989,-6.06132216518277,-2.33386932282275,1.32949046321893
-73.7700363228465,-38.7821462758555,-20.6110999270297,-5.67152113173228,-5.70123130972964,-2.06077861470078,1.40363082978646
-74.4675692243087,-38.668776096612,-20.208412815802,-5.19564378675588,-5.31574823307513,-1.77443998467969,1.47429251913691
-75.1221392988836,-38.5062153054758,-19.7616532703236,-4.68585300743999,-4.90725531757794,-1.47761797754226,1.5414126012417
-75.7327594988692,-38.2943845889686,-19.2720844087599,-4.14484725713243,-4.47876271930579,-1.17370583232203,1.60485583537045
-76.2986808710819,-38.0336543184926,-18.7416047717146,-3.57605494626029,-4.034023337498,-0.866748363032424,1.6643944574757
-76.8195357388986,-37.7250343997977,-18.1729362343104,-2.98377729894004,-3.57762940312439,-0.561430834730551,1.71969383323931
-77.2954902805792,-37.3703654250058,-17.5697973635356,-2.37330002685738,-3.11506687221148,-0.263016043806138,1.77030663168854
-77.7273929954133,-36.9724882468,-16.9370332106006,-1.75094317684624,-2.65269966905594,0.0227887694045643,1.815678533652
-78.1168997616966,-36.535362034101,-16.2806665785179,-1.12401534787453,-2.19765504868319,0.290049895309893,1.85516836605415
-78.4665506272363,-36.0640958541433,-15.6078339399898,-0.500641042755889,-1.75758691004784,0.532914931745546,1.88808451435013
-78.779771111929,-35.564859809484,-14.9265755581792,0.110558200833403,-1.34030858392483,0.745998465912734,1.91373721702176
-79.0607751463701,-35.0446527268495,-14.2454673535059,0.700925147048785,-0.953311093019873,0.92481165162372,1.93150295850186
-79.3143592583094,-34.5109257010814,-13.5731115511337,1.26233467290687,-0.603213597178963,1.06617954112197,1.94089329640277
-79.5455987722943,-33.9710921533531,-12.9175389127062,1.78779831508937,-0.295221214497815,1.1685761917632,1.94161739681106
-79.7594802229664,-33.431986413287,-12.2856061288507,2.27201254116653,-0.0326801516478792,1.23231030513325,1.93362676980118
-79.9605234163045,-32.8993532801018,-11.6824852450419,2.71175646254906,0.183188188193321,1.25951710498943,1.91713318251359
-80.1524526014436,-32.3774505204406,-11.1113294763486,3.10607000140275,0.353325010513441,1.25395069532585,1.89259612917207
-80.3379663024664,-31.8688232502159,-10.5731634786709,3.45618900907182,0.4806423718357,1.22061308802927,1.86068287843027
-80.5186323125671,-31.3742710309494,-10.0669981056839,3.76526423712827,0.569646999678888,1.16528715677772,1.82220966810603
-80.6949069340469,-30.8929888632625,-9.59012635806416,4.03792968681152,0.625955334809423,1.09405160937775,1.77807530852554
-80.866254777293,-30.4228344885374,-9.13853128016303,4.27980249748436,0.655782731134139,1.01284622318294,1.72919785743916
-81.0313328434178,-29.9606625898042,-8.7073319151071,4.49699089408269,0.665476526439227,0.927132227306467,1.67646202347613
-81.1882017221738,-29.5026706797527,-8.29120584615287,4.69566624214189,0.66113800478269,0.841665829285762,1.62068106089446
-81.3345326242313,-29.0447150666976,-7.8847476817562,4.88172973369945,0.648352015515394,0.760380478764617,1.56257342589906
-81.4677899580483,-28.5825725440816,-7.48274438795904,5.06058165120404,0.632022078698456,0.686359402138835,1.50275215280987
-81.5853780906777,-28.1121380969445,-7.08036526117256,5.23698529106686,0.616295828874414,0.621874175460711,1.44172380890255
-81.6847502321087,-27.6295602437828,-6.67327532502878,5.41500921934747,0.604560108521508,0.568465495010637,1.37989381304277
-81.7634812853203,-27.1313215317404,-6.25768609713114,5.5980287420003,0.599484745332042,0.527046100860739,1.31757535707306
-81.8193100165562,-26.6142747541608,-5.83035904673539,5.78876844721337,0.603096734027987,0.49801084149587,1.25499989387361
-81.8501569422556,-26.0756458967503,-5.38857605005901,5.98937036987798,0.616870328841062,0.481343704994778,1.19232786465124
-81.8541240695109,-25.513013915818,-4.93008910517424,6.20147546602162,0.641822298114686,0.476715623765407,1.12965892071213
-81.829482320513,-24.9242762017023,-4.45305935875918,6.42630900682276,0.678604753366384,0.483569818031382,1.06704132138413
-81.7746517714888,-24.307607181879,-3.95599346795078,6.66476288475706,0.727590387787163,0.501193468957933,1.00448045324625
-81.6881790694399,-23.6614162133041,-3.43768360929839,6.91746966544685,0.788946717915688,0.52877580611334,0.941946547171382
-81.568715600592,-22.9843097342817,-2.8971560207982,7.18486463061839,0.862697178520937,0.56545346210542,0.879381704486231
-81.4149994327511,-22.2750616301899,-2.33363173907819,7.46723321008101,0.948767846564302,0.610344362024933,0.816706320657872
-81.225843416758,-21.5325947682647,-1.74650206176971,7.76474219637625,1.04701929862661,0.662571598917984,0.753824942672894
-81.0001309702469,-20.7559756162735,-1.13532017189414,8.07745403712981,1.15726372127115,0.721278779574583,0.69063154140774
-80.736820900699,-19.9444230225023,-0.499809315531096,8.40532442056899,1.27926794617466,0.785638266226686,0.627014151512471
-80.4349614469938,-19.0973311595885,0.160113095659007,8.74818413609115,1.41274355561654,0.854853608958943,0.562858823450667
-80.0937137141686,-18.2143059354423,0.844296992231507,9.10570698046493,1.55732561732597,0.928157302828322,0.498052869237873
-79.7123840533595,-17.2952133864278,1.55230911478583,9.47736610227828,1.71254193322917,1.00480482107092,0.432487442550079
-79.2904644103961,-16.3402378915864,2.28337348972276,9.86238170055556,1.87777494483927,1.08406569864832,0.366059572658922
-78.8276793622437,-15.3499474663788,3.03630659564249,10.2596634828146,2.05221867190794,1.16521229438411,0.298673856166536
-78.3240384842651,-14.3253628198922,3.80945157421453,10.6677518354335,2.23483333674437,1.24750677031825,0.23024408383685
-77.7798915278669,-13.2680259481796,4.60061659027244,11.0847621870563,2.42430067976615,1.33018679451282,0.160695121841219
-77.1959837506912,-12.1800631565481,5.40702339744007,11.5083378784182,2.61898350173975,1.41245054060158,0.0899653734400514
-76.5735074567275,-11.0642360982863,6.22527323074614,11.9356177012744,2.81689362054514,1.49344169743203,0.0180100948135328
-75.914144485577,-9.9239730455685,7.0513381625402,12.3632251027198,3.01567313156285,1.57223541431245,-0.0551942774395904
-75.2200933932995,-8.76337148038285,7.88058668484436,12.7872865847579,3.21259440766635,1.64782636221236,-0.129644818943961
-74.4940737988139,-7.5871625921074,8.70785187781081,13.2034864245169,3.40458429143132,1.71912030887969,-0.205306124220939
-73.7393000417891,-6.40062923314598,9.52754842175794,13.6071629897399,3.58827700316626,1.78493070697996,-0.28210423570035
-72.9594177505309,-5.20947205323444,10.3338403282833,13.9934481471817,3.76009801431099,1.84398167984793,-0.359921429003432
-72.1583993086121,-4.01962425769119,11.1208542044046,14.3574451285132,3.91637724706817,1.89491833178961,-0.438593046754269
-71.3404002174016,-2.83702378397813,11.8829239829555,14.6944326829796,4.05348481676809,1.93632452989332,-0.517907672603815
-70.5095843053378,-1.66736120105561,12.6148435683696,15.0000752432573,4.16797685438991,1.96674719606034,-0.597611765759013
-69.669933869228,-0.515830328062228,13.3120968298008,15.2706130624985,4.25673438852771,1.98472500588461,-0.677419387721223
-68.825065821199,0.613086659572849,13.9710322324284,15.503004664012,4.31707638254819,1.98881844934476,-0.757026855303229
-67.9780773652677,1.71576934009724,14.5889545671689,15.6949986916686,4.3468302622322,1.97763787337329,-0.836131201144411
-67.1314414251212,2.78952274251555,15.1641183920453,15.8451228694052,4.34434969798272,1.94986656471295,-0.91445043808175
-66.2869641208218,3.83254728323674,15.6956245067639,15.952592170992,4.30847876471498,1.90427715005217,-0.991743072223838
-65.445805765676,4.84382384749667,16.1832375928239,16.0171526026347,4.23847142735032,1.83974131317758,-1.06782427359655
-64.6085561271353,5.82293670753917,16.6271554844758,16.0388873249894,4.1338829312924,1.75523463068241,-1.14257661632557
-63.7753465575257,6.76986481187869,17.0277653954248,16.0180157102849,3.99445329939449,1.64983978973314,-1.21595418308048
-62.9459784268266,7.68477273182504,17.3854197783533,15.954713459935,3.82000250352909,1.52275235475068,-1.28797983503237
-62.120048211729,8.56782734881555,17.7002563216444,15.848974851777,3.61035303138987,1.37329355445777,-1.3587362912462
-61.2970541071738,9.41905796575028,17.9720764448148,15.7005296370041,3.36529037523906,1.20093444853395,-1.42835216728851
-60.4764744910655,10.238268762874,18.2002874317282,15.5088194813956,3.08456710742468,1.00533550549558,-1.49698422241522
-59.6578140724345,11.0250056175504,18.3839071662434,15.2730338974874,2.76795281611719,0.786405271147566,-1.56479683354267
-58.8406174580725,11.7785751626904,18.5216276963777,14.9922035596672,2.415330513288,0.544381456669939,-1.63193927058855
-58.0244525236887,12.4981125994533,18.6119342365521,14.6653493436771,2.02683985596751,0.279937306967744,-1.6985208591263
-57.2088670014523,13.1826953525821,18.653278426537,14.2916871175018,1.60306776832025,-0.00568482651765301,-1.76458371588429
-56.3933223110442,13.8315011744431,18.644307503722,13.8708899864544,1.14528668925656,-0.310512751992867,-1.83007258982752
-55.5771092041494,14.4440104198831,18.584152808432,13.4034095927918,0.655738227675835,-0.631660427907094,-1.89480158405284
-54.7592511199342,15.0202514789872,18.4727798677779,12.8908542013129,0.137953743099994,-0.965131337268391,-1.95841836195416
-53.9384040068433,15.5610840941226,18.3113958776068,12.3364112862806,-0.402908639483693,-1.30563068221148,-2.02036806798204
-53.1127660781322,16.0685056737526,18.1028960434698,11.7452837292448,-0.95975035856053,-1.64642310191611,-2.07986177142848
-52.2800174254749,16.545949472737,17.8523059022127,11.1250803726813,-1.52330816502276,-1.97929108096185,-2.13585768047083
-51.4373160952968,16.9985212797722,17.5671430408886,10.4860661363734,-2.08211415647487,-2.29466600645069,-2.18706699284556
-50.5813806199584,17.4330979333962,17.2575853876435,9.84114423629884,-2.62275452118575,-2.5820088165679,-2.23199840093643
-49.7086839536892,17.8581980304921,16.9363110996547,9.2054335098614,-3.13053186167468,-2.83049551182707,-2.26905328501473
-48.8157644341218,18.2835494890686,16.6178923446967,8.59534453298661,-3.59057476875562,-3.03000085143624,-2.29667465178803
-47.8996249214628,18.7193353308023,16.317705600447,8.02716869142963,-3.98931618001037,-3.17227197246637,-2.31353616874185
-46.9581497771383,19.1751962259101,16.0504638315595,7.51536180684786,-4.31610453558279,-3.252071557014,-2.31873737736828
-45.990440816807,19.6591746117019,15.8286363891757,7.07086639853714,-4.56458770294533,-3.26800503457675,-2.31195715534965
-44.9969782081587,20.1768449036595,15.6611184805601,6.69988114940874,-4.73350277765353,-3.22278489987108,-2.29352051936842
-43.9795582671458,20.7308421930468,15.5524733851687,6.4033897092479,-4.8266527244121,-3.12283668608011,-2.26435726010107
-42.941028566672,21.3208807413446,15.5028972281476,6.17752989307767,-4.85209936146734,-2.9773534228637,-2.22586519654276
-41.8848990139794,21.9442019068403,15.5088313513503,6.01463034041971,-4.8208306073094,-2.79705954635899,-2.17971887207213
-40.8149291223612,22.5962820888891,15.5639803780976,5.90458507882778,-4.74526371186732,-2.5929838137792,-2.12767346317607
-39.734774604106,23.2716040350692,15.6604463120631,5.83622647081242,-4.63790421700686,-2.37546907825023,-2.07140324364789
-38.6477380434455,23.9643376721692,15.7897466205948,5.7984572026289,-4.510349629725,-2.15352388102449,-2.01239380384231
-37.5566304471185,24.6688494366767,15.9435894507412,5.78103707660913,-4.37268638351954,-1.93450993269473,-1.9518884006768
-36.463725460157,25.3800247963927,16.1143767373626,5.77503015303222,-4.23323042688975,-1.72409375032607,-1.89087735138336
-35.3707783433271,26.0934298986403,16.2954687671669,5.77297902035479,-4.09851790152801,-1.52637070316004,-1.83011569481435
-34.2790826823499,26.8053546612238,16.4812701515404,5.76889111435429,-3.97344957347761,-1.34407945064118,-1.77015577475865
-33.1895438822383,27.5127793712676,16.6671985030879,5.75811390169434,-3.86151114149365,-1.17884678773214,-1.71138499126034
-32.1027556336718,28.2132987127775,16.8495861343561,5.73715700624841,-3.76501577027034,-1.03142553722381,-1.65406270295537
-31.0190714445119,28.9050270584458,17.0255507923808,5.70349982268667,-3.68533671263482,-0.901905999159688,-1.59835321397412
-29.9386676510753,29.5865002015883,17.1928587351824,5.655407356809,-3.62311375392528,-0.789893493295859,-1.5443537642659
-28.8615968344176,30.2565822573981,17.3497938926557,5.59176595634069,-3.57842744079635,-0.69465159734374,-1.49211759216369
-27.7878319381439,30.9143824410462,17.4950406320921,5.51194372791567,-3.55094090882212,-0.615214256101967,-1.44167270638406
-26.7173018600927,31.5591842313795,17.6275840484203,5.41567665529009,-3.54001198256255,-0.550471328794829,-1.39303719462822
-25.6499192197129,32.190388466057,17.7466299005188,5.30297964987439,-3.54477926613029,-0.499232332166686,-1.34623185856885
-24.5856007269181,32.8074717035546,17.8515455747345,5.17408108215244,-3.56422604683325,-0.460272766050614,-1.30129079854711
-23.5242802173866,33.4099611069384,17.9418230210935,5.02937903995522,-3.59722557976307,-0.432366852469037,-1.25827032808732
-22.4659142518839,33.997426823902,18.0170639765841,4.86941715496061,-3.64257109952545,-0.414309978687205,-1.21725632432988
-21.4104802842203,34.5694919707564,18.0769865473059,4.69487703085226,-3.69899391106247,-0.404933684645082,-1.17836985228733
-20.3579678461506,35.1258587244244,18.1214502383877,4.50658304590256,-3.7651731805649,-0.403115675668562,-1.14177068377464
-19.3083640096075,35.6663469250343,18.150494058093,4.30551381632745,-3.83974147526373,-0.40778702910012,-1.10765821823051
-18.2616353142189,36.1909392557372,18.1643798205128,4.09281330342367,-3.92129043781186,-0.417938437752695,-1.07626933598763
-17.2177092236737,36.6998252216731,18.1636309981766,3.86979396671588,-4.00838096496356,-0.432626949884506,-1.04787289233838
-16.1764586653846,37.1934352937846,18.1490570296843,3.63792491615278,-4.09956166692093,-0.450984211056682,-1.022760864882
-15.1376931280333,37.6724570942608,18.1217542191495,3.39879984550758,-4.1933981550363,-0.472226714491504,-1.00123653735766
-14.1011591426866,38.1378275003017,18.0830772261406,3.15408243250162,-4.28851398761955,-0.495668078982037,-0.983600465085937
-13.0665517878294,38.5906974836049,18.034579021966,2.90543033756563,-4.38364215892429,-0.52073295336097,-0.970135244190713
-12.0335374526119,39.0323699847203,17.9779214260459,2.65440231104583,-4.47768419735228,-0.546971835982816,-0.961090263151904
-11.0017866636384,39.4642144036852,17.914762151327,2.40235566090689,-4.56977250758448,-0.574075904855126,-0.956667642468224
-9.97101456971767,39.8875640127402,17.846627225469,2.15034309585174,-4.65933072257779,-0.601890865910653,-0.957010490311019
-8.94102578040897,40.3036044490713,17.7747794447113,1.89901859690912,-4.74612657372757,-0.630428820981591,-0.962194444803754
-7.91175975717219,40.713262511151,17.7000941877119,1.64856149940003,-4.83031215196343,-0.65987722377662,-0.972223257265688
-6.88333282244712,41.1171045877929,17.622953420716,1.39862645224651,-4.91244736590017,-0.690604133065927,-0.987028891446767
-5.85607310390683,41.5152531822481,17.5431671036279,1.14832449347727,-4.99350384489073,-0.723159197801785,-1.00647626476845
-4.83054542268632,41.9073284719578,17.4599286650894,0.896237364867374,-5.07484840486267,-0.758270123714649,-1.03037235159675
-3.80756413596986,42.2924192073669,17.3718077089423,0.640463722184889,-5.15820721334102,-0.796834736129133,-1.05847892642835
-2.78819324690477,42.6690841921545,17.2767792325271,0.37869261612099,-5.24561369045851,-0.839909109822524,-1.09052782203595
-1.7737344732813,43.0353822555863,17.172284850588,0.108297103797662,-5.33934456427691,-0.888692488051396,-1.12623728825573
-0.765705209825401,43.3889258153993,17.0553186008954,-0.173560383312914,-5.44184907616245,-0.944509774580306,-1.165327934787
0.23419082729207,43.7269509933978,16.9225282749575,-0.469818987157496,-5.55567590607646,-1.00879218986213,-1.20753684198309
1.22409715278612,44.0463967766712,16.7703234061367,-0.783413002245597,-5.68340109815231,-1.08305623947827,-1.25262871205649
2.20203940658238,44.3439862752757,16.5949826830803,-1.11717159419672,-5.82755827589325,-1.16888047246961,-1.30040331120088
3.16595951535946,44.6163051799413,16.3927565045138,-1.47372486899543,-5.99057016681644,-1.26787868271114,-1.35069883625011
4.1137482032324,44.8598751737544,16.1599638951957,-1.85541326230682,-6.17467816074534,-1.38166727102805,-1.40339112195498
5.04327629928531,45.0712231125591,15.8930866323614,-2.26419441224681,-6.38186454069572,-1.51182347051192,-1.45838873351281
5.95242674481246,45.2469499037286,15.5888668115717,-2.70153949164649,-6.61376023392136,-1.65983004181517,-1.51562394537119
6.83913068628088,45.3838059848682,15.2444170270989,-3.16830944926966,-6.87152944979705,-1.8270008653571,-1.57503941006521
7.70141251551808,45.4787829212715,14.8573547406295,-3.66460077215851,-7.15572143497341,-2.01438063033928,-1.63657001088605
8.53745025676759,45.5292333780077,14.425974331083,-4.18955048736669,-7.46607910560331,-2.22261073694746,-1.70011905735116
9.34565912725164,45.5330336926574,13.9494711362111,-4.74109175564581,-7.80129503978278,-2.45175299062121,-1.76552770559584
10.1248072491877,45.488804661575,13.4282308379,-5.31565587489795,-8.15870858262879,-2.70106356284889,-1.832536461094
10.8741726344403,45.396205172305,12.8641928064424,-5.90782587928186,-8.53394565810894,-2.96871351947154,-1.90073810642177
11.5937484300941,45.2563076995283,12.2612845391809,-6.50996414111323,-8.92051835114819,-3.2514613216892,-1.96952281248886
12.2844969213589,45.0720507193245,11.6259019890737,-7.11186467240268,-9.30942797322974,-3.54430013777843,-2.03801908508078
12.948639086692,44.8487358644147,10.9673732068348,-7.70052169366392,-9.68885544743242,-3.8401313254008,-2.10503906666633
13.5899431106896,44.5944937487428,10.2982896073264,-8.2601552077199,-10.0440736191392,-4.12955490016065,-2.16904355132125
14.2139425690765,44.3205844002297,9.63452934718833,-8.77267520092119,-10.3577629363629,-4.40091016492434,-2.22814945047167
14.827980951417,44.041343326378,8.99475789985245,-9.21876442840336,-10.6109223079557,-4.64072325405347,-2.28020648122845
15.4409633948778,43.7735699107561,8.39921952254965,-9.57966834438828,-10.7844929997211,-4.83468703216309,-2.32296404401885
16.0627279723673,43.5352320588602,7.86778054975192,-9.83956777984403,-10.8616175921546,-4.96917717772801,-2.35432735975157
16.7030483594113,43.343558700017,7.41745749018603,-9.98811038004503,-10.8301617253778,-5.0330983226954,-2.37266467241773
17.3704300526828,43.2128647070902,7.05996770456902,-10.0224287993174,-10.6848599953307,-5.01963330448013,-2.37708926441108
18.0709926255201,43.1526623891384,6.79999482573226,-9.94796958359518,-10.4284006101981,-4.92737743181051,-2.3676267385903
18.8077496332754,43.1666013304364,6.63470942908284,-9.77779116585276,-10.0710490141482,-4.76048562756761,-2.34520776945505
19.5804702345686,43.2525047030581,6.55465635018001,-9.53052869169529,-9.62892325361141,-4.52780337060736,-2.31148973510117
20.3860970602328,43.4033781935117,6.54564568241067,-9.2276670866628,-9.12148937371207,-4.24130450547001,-2.26857159887081
21.2195222522916,43.6089778319783,6.59102439422417,-8.89087944028649,-8.56900155192279,-3.91432860800421,-2.21869135734676
22.0744669057213,43.8574604562573,6.6737480419037,-8.53998104427628,-7.99044867045255,-3.56004809329968,-2.16397846689926
22.9442609675848,44.1367681958975,6.77790988139905,-8.19170866703679,-7.40225417743652,-3.19039684220098,-2.10629507282778
23.822419661774,44.4355929173417,6.8896460606591,-7.85925242769762,-6.81769775970603,-2.81549150739099,-2.04716429113531
24.7030006907438,44.7439247436118,6.99751018869855,-7.55232708693925,-6.24687671259925,-2.44345192759467,-1.98776395426972
25.5807782706288,45.0532726529125,7.09247875100838,-7.2775524023099,-5.69699384085082,-2.08048576084366,-1.92895972477354
26.4512875616117,45.3566659602209,7.16774326578768,-7.03896084231634,-5.1727960309113,-1.73111504903152,-1.87135590277312
27.3107894611047,45.6485308301816,7.21840686162476,-6.83851605427651,-4.67704583986794,-1.39845635084634,-1.81534947720733
28.1561937017334,45.9245094783388,7.24116025312572,-6.67658079816807,-4.21096065345061,-1.08450055142993,-1.76117949599203
28.9849651426362,46.1812640668588,7.23397765309869,-6.55231073409581,-3.77459094196886,-0.790364819286745,-1.7089684363497
29.7950278456104,46.4162882252231,7.19584996565217,-6.46397232119485,-3.36713148143166,-0.516506243227487,-1.6587550397382
30.5846742348904,46.6277362807083,7.12655887376435,-6.40919368668741,-2.98717089656212,-0.262896271900558,-1.61051950533588
31.3524823111893,46.8142729939671,7.0264884399279,-6.3851611804022,-2.63288960684612,-0.0291596726095581,-1.56420254980296
32.0972415423654,46.9749428332041,6.89646799616674,-6.38877457594292,-2.30221719328391,0.185316649471858,-1.51971999766315
32.8178873233057,47.1090567133306,6.73763967390245,-6.41677256311355,-1.99295931540567,0.381299563736178,-1.4769745086134
33.5134439058021,47.2160941540041,6.55134468805626,-6.46583829166348,-1.70290264144232,0.559645576645865,-1.43586586569714
34.1829764658961,47.2956199210332,6.33902388110672,-6.53269282761178,-1.42990436872653,0.72125268446928,-1.39630099516386
34.8255540846648,47.3472157693544,6.1021296881345,-6.61418253306561,-1.17197096129458,0.867025023868727,-1.35820454725911
35.4402263930851,47.3704292965641,5.84204842353569,-6.7073644087879,-0.927328702163506,0.997847723667472,-1.32153040653374
36.0260175705262,47.3647433908998,5.56003362453784,-6.80959119195941,-0.694486499225844,1.11456976997281,-1.28627392910762
36.5819416753082,47.3295705883866,5.25715296950061,-6.91859523785182,-0.472289062057983,1.21799295595898,-1.25248404254711
37.1070423534642,47.2642762034828,4.93425279333951,-7.03256691303675,-0.259956242232187,1.30886516291968,-1.22027367855243
37.6004580881333,47.1682327400039,4.59194516996754,-7.15021987553857,-0.0571024269850422,1.38787641533115,-1.18982651527302
38.061510530471,47.040904669562,4.23062230624694,-7.27083288900529,0.136270966090691,1.45565641895558,-1.16139784856774
38.4898090452213,46.8819581400598,3.8505012024288,-7.39425694291393,0.31981587742084,1.51277266417321,-1.13530777500078
38.8853599121019,46.691384796139,3.45169792308171,-7.52087840583466,0.492913599402454,1.5597286001283,-1.11192579758933
39.2486648294869,46.4696238274551,3.0343257408312,-7.65153414210924,0.654783665138395,1.5969617559816,-1.09164734395623
39.5807920412789,46.2176634365083,2.59860590011151,-7.78738240063847,0.804616281856985,1.62484191145117,-1.07486423761277
39.883404830006,45.9371026877009,2.14497522508533,-7.92974199049975,0.941712775917888,1.6436694295563,-1.06193248725197
40.1587368087333,45.6301582636742,1.67417279799583,-8.07991952198162,1.06561464939784,1.65367372120518,-1.05314152195889
40.4095103913463,45.2996073517268,1.18728937190414,-8.23904814252849,1.17620166366996,1.65501162642605,-1.0486890033903
40.6388027034349,44.9486665649321,0.685768081022547,-8.40796013209239,1.27374321814243,1.64776540670515,-1.0486646057273
40.8498706383497,44.5808159785563,0.171352464490636,-8.58711021953613,1.35889441882615,1.63194012668505,-1.05304486022624
41.0459525256437,44.199585412101,-0.354013733780829,-8.7765579618682,1.43263704051551,1.60746043526584,-1.06169958480413
41.2300670623869,43.8083255986253,-0.888322853862486,-8.97600800349558,1.49617416393835,1.57416701998478,-1.07440883228938
41.4048302178905,43.4099888104681,-1.42965822223807,-9.18489849783774,1.55079387090574,1.53181316083217,-1.09088792360601
41.5723078320974,43.0069415686574,-1.97634821766666,-9.40252200728599,1.59772080479148,1.48006176474348,-1.11081717053194
41.7339160126391,42.6008265086883,-2.52710172548632,-9.62816064056943,1.63797419908299,1.41848302869213,-1.13387246893648
41.8903739203954,42.1924821070109,-3.08111195504793,-9.86121802140876,1.6722475064431,1.34655255848863,-1.15975311307717
42.0417058964755,41.7819198865735,-3.63812213452762,-10.1013342845488,1.70081912946006,1.26364953624501,-1.18820391474177
42.1872834428235,41.3683506449506,-4.19845325706229,-10.3484753985488,1.72349745970658,1.16905450990503,-1.21902984668651
42.32589359354,40.950245875016,-4.76299929619508,-10.6029933559858,1.73959795415176,1.06194662862645,-1.25210272320402
42.455819229633,40.5254186839525,-5.33319818727076,-10.8656580109511,1.74794635194911,0.941400622553357,-1.28736061106362
42.5749186243475,40.0911099751556,-5.91098722631282,-11.1376639446916,1.74690072607599,0.806384412231861,-1.32480151457135
42.6806949389748,39.644069334964,-6.49874986919911,-11.4206165864627,1.73438560689484,0.655758807730302,-1.36447328577094
42.7703506789399,39.1806249189746,-7.09925812145918,-11.7165013084047,1.70793328034882,0.488281250114636,-1.40646169143916
42.8408259437717,38.6967411578534,-7.71561159856744,-12.0276377645899,1.6647298293705,0.302615942687514,-1.45087820724478
42.8888224040368,38.1880668882171,-8.35117152712058,-12.3566198971816,1.60166602803794,0.0973530825635649,-1.49784854842039
42.9108170903891,37.6499792776365,-9.00948567284639,-12.7062400612284,1.51539554815517,-0.12895966909795,-1.54750230808713
42.9030712294649,37.0776306430399,-9.69419829166614,-13.079393642743,1.4024050881336,-0.377769734191725,-1.59996343778703
42.8616402293678,36.4660067096439,-10.4089374871375,-13.4789583860598,1.25910318068068,-0.650451546730543,-1.65534072261552
42.7823917825966,35.8100063810534,-11.1571704648655,-13.9076402210969,1.08193683244124,-0.948211989072084,-1.71371687346974
42.6610403202054,35.1045551376639,-11.9420148236934,-14.3677745708674,0.867548027780394,-1.27196187969337,-1.77513436026857
42.4932083916407,34.3447673260118,-12.7659912319021,-14.8610690934732,0.612985577756028,-1.62214429691571,-1.83957563592485
42.2745291062692,33.5261767772506,-13.6306999562729,-15.388271027266,0.315991535166974,-1.99850903797945,-1.90693496587016
42.0008086176682,32.6450599308184,-14.5364018855625,-15.9487410343759,-0.0246155334014735,-2.39982229234188,-1.97697878959376
41.668273520545,31.6988796145719,-15.4814864780709,-16.5399183867742,-0.408437950013862,-2.82350357913423,-2.04929168716908
41.2739328815342,30.6868770774709,-16.4618189323065,-17.1566740793111,-0.8328615833199,-3.26519146736875,-2.12320614425975
40.8160848582817,29.6108285260639,-17.4699843173485,-17.7905764787901,-1.29228992834995,-3.7182606083261,-2.19771735921063
40.2949858844187,28.4759496464277,-18.4944972260568,-18.4291478233824,-1.77730225537066,-4.17335128585918,-2.2713906122024
39.7136645459117,27.291864031576,-19.519130309101,-19.0552765639453,-2.27387022779878,-4.61803303989137,-2.34227941079369
39.0787901263217,26.0734404255928,-20.5226307729446,-19.6470644520089,-2.76288498078163,-5.03679986443814,-2.4078874570318
38.4013939775461,24.841162202529,-21.4792059416668,-20.1784896823201,-3.2203712029836,-5.41165642676205,-2.46522201624631
37.6971184141546,23.6205822814148,-22.3601813435569,-20.6212687608753,-3.61881522719826,-5.72353872003059,-2.51098925139989
36.9856120690972,22.4404596453547,-23.1370403969859,-20.9480750383653,-3.92988126386109,-5.95463491868776,-2.54195684158882
36.2888195727595,21.3295007498304,-23.7855637717089,-21.1367551523633,-4.12833602347957,-6.09129928800307,-2.55544565297517
35.6282891634863,20.3122343437184,-24.2901228097753,-21.1745249325422,-4.19633943569659,-6.12680614636774,-2.5498279294406
35.0221212561296,19.4051508028471,-24.6467441620474,-21.0607409187957,-4.12676351744145,-6.06297203308102,-2.52485810892799
34.4824855298931,18.6143802341283,-24.8637908242261,-20.8071557227628,-3.9243287350894,-5.90995845752047,-2.4817000311597
34.0144695582878,17.9356353399804,-24.9600209347783,-20.4355463234491,-3.60418054873783,-5.68429154633047,-2.42263820490516
33.616452824738,17.3562067177226,-24.9608406343355,-19.9736580903677,-3.18857404005828,-5.4058514671733,-2.35059327969747
33.2816057281503,16.8580789399225,-24.8940944711082,-19.4508710089796,-2.70292414468572,-5.09484397953305,-2.26861713645786
32.9998391277282,16.421104123628,-24.7865382093258,-18.894718052368,-2.17236365086995,-4.76950820120607,-2.17950379964574
32.759621261172,16.0255148969066,-24.6615392386526,-18.3287387450064,-1.61940612149747,-4.44483139925804,-2.08556884226239
32.5493495682169,15.6535309813323,-24.5379893469329,-17.7715846136373,-1.06276268477712,-4.13215084968176,-1.98858024844008
32.3582173362678,15.2901531238203,-24.4301146408543,-17.2370125475434,-0.51704633737392,-3.83934996134051,-1.88979203090026
32.1766612085015,14.9233813118942,-24.3478114066072,-16.7343704637442,0.00698146566706148,-3.57135729621188,-1.79003129159215
31.9965222289113,14.5440976314417,-24.2972119652668,-16.2692730701766,0.501910524667153,-3.33073761353255,-1.68980294777172
31.8110420177399,14.1457955611248,-24.281293786724,-15.8442842721464,0.963118848528763,-3.11825334269946,-1.58939140654179
31.6147831119908,13.7242688128566,-24.3004383234627,-15.4595190638589,1.38825027339561,-2.93334240538529,-1.48894957550839
31.4035288050741,13.2773166648463,-24.3529095456397,-15.1131408434028,1.77677460123418,-2.77449961933373,-1.38857200033046
31.1741905641705,12.8044839143308,-24.4352590713144,-14.8017653234123,2.12963474123016,-2.63957002908838,-1.28835178900118
30.9247313590421,12.3068298415991,-24.5426822634596,-14.5207981663284,2.44896541755244,-2.52597090787798,-1.18842180037133
30.6541000144243,11.7867085038833,-24.6693537857071,-14.2647369656163,2.73785950057721,-2.43086054648035,-1.08898054860874
30.3621642146326,11.247539766755,-24.8087661019943,-14.0274636262166,3.0001570676156,-2.35126980461166,-0.990303227918022
30.0496273837846,10.6935548478408,-24.9540831044142,-13.8025432687,3.24023671074565,-2.284208660413,-0.892738624797439
29.7179172968402,10.1295100352706,-25.0985067056148,-13.5835330853243,3.46279687576406,-2.22675575437548,-0.796693565609915
29.3690407208831,9.56037486766613,-25.2356400708884,-13.3642917108062,3.6726253530085,-2.17613487668613,-0.702607727910544
29.0054073019256,8.99101314429187,-25.3598212132688,-13.1392698108805,3.87436520825471,-2.12977910902179,-0.610922739453564
28.6296343544986,8.42588305355947,-25.4663973268234,-12.9037579644105,4.07229294435844,-2.08538130418523,-0.522050059277239
28.2443501742155,7.86878431081862,-25.551914721675,-12.6540697639556,4.27012773060012,-2.04092898210021,-0.436341929944145
27.8520150362886,7.32267505894771,-25.6142097582062,-12.387645390762,4.47088854948295,-1.99472234889095,-0.354068708061039
27.4547763442453,6.78957127260733,-25.6523998255165,-12.1030715166497,4.67681008763016,-1.94537557712039,-0.275404399676114
27.0543684615116,6.27052948308619,-25.6667863159084,-11.8000241794707,4.88932012407595,-1.89180312197519,-0.200420646936646
26.6520605938326,5.76570291693252,-25.6586908890997,-11.4791497585065,5.10907330734477,-1.8331941808684,-0.129088108443073
26.2486495714639,5.27445377185023,-25.6302507461905,-11.1419039205986,5.33603030754354,-1.76897912500478,-0.0612833728072586
25.8444896868886,4.79550112382434,-25.5841982557643,-10.7903692172228,5.56956820719995,-1.69879176963478,0.00320071452788997
25.4395493469135,4.32708449053443,-25.5236463290186,-10.4270696685759,5.80860761191239,-1.62243082839853,0.0646432447425765
25.0334840475485,3.86712628671934,-25.4518950938952,-10.0547964076305,6.05174369946667,-1.53982303601343,0.123383427895611
24.6257164312837,3.41338100596352,-25.3722690725927,-9.67645344665285,6.29737141440676,-1.45098944044411,0.179809658990727
24.2155162289079,2.96356385231091,-25.2879882240697,-9.29492778200999,6.54379844093912,-1.35601543385056,0.234349811517618
23.8020752342094,2.51545599083179,-25.2020715339778,-8.9129839757569,6.78934287534607,-1.25502432633237,0.287462653848738
23.384574643801,2.06698717793155,-25.1172684470492,-8.53318027313492,7.03241530097366,-1.14815371288286,0.339629975483141
22.9622438002216,1.61629912948404,-25.0360112028721,-8.15780125081944,7.27158705667112,-1.03553354581771,0.391348846510711
22.5344106644785,1.16179462663339,-24.9603800776704,-7.78880095002612,7.50564788945535,-0.917264697498128,0.443123406545226
22.1005450032753,0.702178107003988,-24.8920732963073,-7.42775028192962,7.73365686032049,-0.793396850398539,0.495455671244454
21.6602955074461,0.236493438713515,-24.8323740511453,-7.07578321335742,7.95499041010027,-0.663904775366668,0.548835041129448
21.2135217684418,-0.235836229180545,-24.7821084517117,-6.73353776574686,8.16939086875088,-0.528662435226526,0.6037264794743
20.7603214313007,-0.714963154553479,-24.74159046558,-6.40109019773618,8.37701746892787,-0.387414876086034,0.660557673438135
20.3010519921157,-1.20056299531259,-24.7105529263868,-6.07788376885958,8.5785001498035,-0.239748524529252,0.719705871937538
19.8363456810853,-1.69177751705721,-24.6880672189397,-5.76265692260181,8.77499419886039,-0.0850612620810289,0.781485450597449
19.3671150969426,-2.1871562846011,-24.6724582337398,-5.4533792121737,8.96823140884604,0.077465553212316,0.84613752409685
18.8945467137123,-2.68460424598371,-24.6612247583301,-5.1472061178167,9.16056119264726,0.248890195653381,0.913823017897182
18.4200794032171,-3.18134400055695,-24.6509780785886,-4.84046541476929,9.35497349300329,0.430525275964305,0.984620447583353
17.9453658367806,-3.67390217014874,-24.6374125409205,-4.52868738108083,9.55509477347454,0.623940119680852,1.05852918932732
17.4722157691809,-4.15812833737574,-24.6153204803465,-4.20668865513642,9.76514898303483,0.8309467662143,1.1354782615615
17.0025217278334,-4.62925262282191,-24.5786606887561,-3.86871547563647,9.98987709740565,1.05356558533108,1.21533967391916
16.5381688777678,-5.08198472612821,-24.5206850262689,-3.50864740221797,10.234410950487,1.29396654992392,1.29794437599404
16.0809314155404,-5.51065421061353,-24.434123410506,-3.12025898674027,10.5040986619314,1.55438194618144,1.38309793073553
15.6323574224335,-5.90939019958196,-24.3114249696227,-2.6975357698285,10.8042789927297,1.83698542326748,1.47059238089821
15.1936425546982,-6.27233950854766,-24.1450539930797,-2.23504337848503,11.1399995717825,2.14373053594898,1.56021041523254
14.7654905969719,-6.59392610348735,-23.9278442349576,-1.72835438334296,11.5156689282058,2.47613930049812,1.65171782756891
14.3479564914283,-6.86916144090792,-23.6534238177764,-1.17454561464274,11.9346253660913,2.83502820181031,1.74484030907778
13.9402661002182,-7.09402349658971,-23.3167336551931,-0.572785924292246,12.3985989331028,3.22015676514113,1.83922079946785
13.5406084343525,-7.26592957778435,-22.9146713766688,0.0749640450764506,12.9070400871618,3.62978477026328,1.93435417136016
13.1459029640302,-7.38432963688611,-22.4468936732572,0.763130593028531,13.4562972449832,4.06013306029123,2.02949760970544
12.7515604263795,-7.45143467969763,-21.9167917869625,1.48161222940159,14.0386566037771,4.50476711337561,2.1235590012081
12.3512840832488,-7.47305661895381,-21.3326010886412,2.21487738943736,14.6413271033931,4.95397192312527,2.2149739480452
11.9370009098345,-7.45945680655847,-20.708497371786,2.94131004497984,15.2455756083359,5.39426924031756,2.3015966118866
11.4990608767202,-7.42597338429034,-20.0653623665001,3.63320857139175,15.8263885301885,5.80833782703555,2.38065020713137
11.0268699441377,-7.39304654674228,-19.4307048995839,4.25798570454001,16.3532002705406,6.17569185051511,2.44880275687592
10.5100771778267,-7.38517355886142,-18.8371237438109,4.78107928720648,16.7922445824646,6.47445418460393,2.50243501563332
9.94026360170431,-7.42845640264949,-18.3188993657895,5.17066637061754,17.1107493687582,6.68430092129446,2.53812489787275
9.31278859838229,-7.5468817375665,-17.9069629566237,5.40341998728992,17.2824123620045,6.79010917061308,2.55327516057686
8.62818358813019,-7.75819280249656,-17.6234511434265,5.46960625861105,17.2926417947904,6.78522982093034,2.54669544703997
7.89248392800105,-8.07073032323774,-17.4777010175184,5.37552746903978,17.1416155162206,6.67310410419521,2.51890459505558
7.11627652603133,-8.48242459095571,-17.4652083696037,5.14220103507646,16.8438853195915,6.46649428363733,2.47201370015895
6.31280836313365,-8.98219580236541,-17.5697881998797,4.80082381067415,16.4247715993324,6.18465766868836,2.40924326491003
5.49585721851358,-9.55298698132388,-17.7678095487578,4.38686337379162,15.9151158658239,5.84962831838935,2.33428259564923
4.67800490351343,-10.1751963149253,-18.0328250563754,3.93474604798114,15.3462485512198,5.48286383393286,2.25071757173031
3.86961559588324,-10.8295192748305,-18.3393004440271,3.47429165113999,14.7463756016565,5.10299664423723,2.16165773140554
3.0784856142929,-11.4987757811531,-18.6649304445057,3.0290533470476,14.1386766867109,4.72479585365863,2.06957811955732
2.30995658155471,-12.1687717827895,-18.9916555616228,2.6161101730835,13.5407918159334,4.35905338244327,1.97632146362202
1.56726572506256,-12.8284683996791,-19.305773158397,2.24670422153779,12.9651712824463,4.0130066528442,1.8831899861307
0.851967268120841,-13.4697541554293,-19.5975474762708,1.92722736168431,12.4198293697627,3.69098075817205,1.79107056002881
0.164331583816249,-14.0870444539019,-19.8606161235422,1.66025028979346,11.909198655597,3.39505210351509,1.70055897194841
-0.496316184442522,-14.6768452262545,-20.0913690402885,1.44544583939324,11.4349257359569,3.12563647850949,1.61206695763942
-1.13132389243789,-15.2373488313461,-20.2883832403604,1.28036081124367,10.9965474171305,2.88196956132186,1.52590666601732
-1.74249727412436,-15.7680861918555,-20.4519390512753,1.16104383030755,10.5920413682965,2.66248208593228,1.44235262598676
-2.33192812321183,-16.2696351818585,-20.5836136442398,1.08255738332385,10.2182700718189,2.46508607118917,1.36168334627217
-2.90185304600578,-16.7433747459006,-20.6859357559419,1.03940423479021,9.87134379201788,2.28739162082423,1.28420514149358
-3.45453363191177,-17.1912718776785,-20.7620843243035,1.02589125473079,9.54692565681774,2.12687171864664,1.21026076050417
-3.99215316100786,-17.6156908540288,-20.8156183158092,1.03644315622223,9.24049497923285,1.98098845557149,1.14022544159319
-4.51672882014284,-18.0192186169867,-20.8502319354561,1.06586847361909,8.94757682360604,1.84728994485334,1.07449328265362
-5.03004112259254,-18.4045052797334,-20.8695363373314,1.1095728135949,8.66393872835544,1.72348366892094,1.01345719618418
-5.53358336351772,-18.7741228328153,-20.87687382574,1.16371141370716,8.3857507683528,1.60748951716413,0.957485981285222
-6.02853350232909,-19.1304475048701,-20.8751725053851,1.22527462552487,8.10970362863142,1.49747443665593,0.906901983920351
-6.51574910791895,-19.4755711535408,-20.8668478261607,1.29210511322241,7.83308080445256,1.39187025470994,0.861962303028777
-6.99578364648095,-19.8112450363696,-20.8537535052905,1.36285244522815,7.5537846864464,1.28937656143727,0.822845598574061
-7.46892013392293,-20.1388559828203,-20.8371791105754,1.4368771713136,7.27032069414215,1.18895115482691,0.789645443911532
-7.93521663693012,-20.459431492905,-20.8178867913743,1.51412069713386,6.98174746320039,1.08979109911821,0.762370087006774
-8.39455758466561,-20.7736675583641,-20.7961764274174,1.59495849143809,6.68760342681517,0.991307691223999,0.740947651797409
-8.84670530883548,-21.0819715797758,-20.771967342241,1.68005257655438,6.38782063907356,0.893098490271591,0.725235334427613
-9.2913473763797,-21.3845126957348,-20.7448855280876,1.77021574105893,6.08263560576623,0.794919097475883,0.71503103071294
-9.72813676400841,-21.6812729139211,-20.7143475093818,1.86629560658294,5.77250480947875,0.696656712784735,0.710085993151993
-10.1567233455193,-21.9720940330271,-20.6796346523825,1.96908255533653,5.45803014585958,0.598306782073409,0.710117437591961
-10.5767763750003,-22.2567172121792,-20.6399544613179,2.07924223732895,5.13989721494471,0.499953410442398,0.714820397298247
-10.9879984429996,-22.5348136033818,-20.5944875343639,2.19727116871308,4.81882758748278,0.40175371435421,0.723878464899475
-11.3901318751456,-22.8060057895622,-20.542420449486,2.32347279368241,4.49554497941345,0.303925952374819,0.736973330688269
-11.7829586547746,-23.0698805090727,-20.4829656251661,2.45795107322666,4.17075460362875,0.206741095811447,0.753793189484082
-12.1662949285562,-23.3259936615403,-20.4153695712825,2.60061892984823,3.84513477288874,0.110517460393042,0.774040157842877
-12.5399809968543,-23.5738687578625,-20.3389108883404,2.75121940902374,3.51933986873657,0.0156180792335981,0.797436823066531
-12.9038675201368,-23.8129899742863,-20.2528891472188,2.90935795895236,3.19401389700994,-0.0775493779534596,0.823731955100669
-13.2577986298098,-24.0427910161245,-20.1566056739396,3.07454457340421,2.86981385565935,-0.168530184309558,0.852705279811742
-13.601592692662,-24.2626410180227,-20.0493373015925,3.24624450474828,2.54744186703791,-0.256817550413204,0.884171064258345
-13.9350217332753,-24.4718288789685,-19.9303045576185,3.42393575484985,2.22768440709721,-0.341844894037518,0.917980146869574
-14.2577908950385,-24.6695476554431,-19.7986364768277,3.60717059056767,1.91145599209185,-0.422975313062829,0.954020003107794
-14.5695197239556,-24.8548808393729,-19.653335166168,3.79563705621526,1.59984350346172,-0.499488420680556,0.992212515615271
-14.8697273445208,-25.0267924109372,-19.4932441630734,3.98921517481307,1.29414623114992,-0.570565104610431,1.03250934412452
-15.1578235712026,-25.184122313178,-19.3170251594684,4.18802167072505,0.995906082536721,-0.63527130349953,1.07488515167169
-15.4331074906936,-25.3255883073758,-19.1231474217825,4.39243705164884,0.706922623719033,-0.69254245215671,1.11932937241059
-15.6947741229683,-25.4497942214288,-18.9098931363326,4.60311008787733,0.429248920191243,-0.741170694362121,1.16583759290338
-15.9419285091678,-25.5552434890018,-18.6753799465921,4.8209370906491,0.165166412925143,-0.779797157595993,1.21440382131766
-16.1736053170747,-25.6403559614625,-18.4175995827687,5.04701648876654,-0.0828601791648438,-0.806911454794229,1.26501482843957
-16.3887912662477,-25.7034857263348,-18.1344694796507,5.28258226801816,-0.312244470223835,-0.82086017035247,1.3176473360418
-16.5864475333565,-25.7429380843327,-17.8238931671133,5.52892193331777,-0.520351693756743,-0.81986556254108,1.37226816741309
-16.765530030904,-25.756985107407,-17.4838255813184,5.78728514097839,-0.704579059505818,-0.80205532605842,1.42883673277919
-16.9250067703426,-25.7438808660028,-17.112341132793,6.05878780619597,-0.862440463385818,-0.765504243765721,1.48730857584777
-17.063873179253,-25.7018792697096,-16.7077050751207,6.34431372317461,-0.991655937016691,-0.708289075563561,1.54763830212617
-17.181167813259,-25.6292591168531,-16.2684517424591,6.64441229386723,-1.09024983043865,-0.628559102416581,1.60978008093674
-17.2759921146703,-25.5243622404316,-15.7934759390481,6.95918771441587,-1.15666510712242,-0.524626252215233,1.67368400105384
-17.3475387364665,-25.3856517539512,-15.2821458208211,7.28817269427734,-1.18990374999112,-0.395080465729824,1.73928675978896
-17.395133409936,-25.2117982757363,-14.734446611477,7.63017898049402,-1.18970473614728,-0.238937583762724,1.80649536244204
-17.4182955790318,-25.0018028317328,-14.1511642591779,7.98311813743883,-1.15677091623409,-0.0558280600387515,1.87516267794671
-17.4168229298438,-24.7551655068322,-13.5341160104825,8.34378980655082,-1.09305363653578,0.153765589599518,1.94505390724618
-17.3909042393201,-24.472108106946,-12.8864297463136,8.70764213789421,-1.0020975661428,0.388217856353288,2.01580349732554
-17.3412628492658,-24.1538554526753,-12.2128638158064,9.06852180369144,-0.889435482290901,0.644419127244734,2.0868631459024
-17.2693283360452,-23.8029710271535,-11.5201414990326,9.41845072403258,-0.763000504245168,0.917403472210792,2.1574438087725
-17.1774249743514,-23.4237253768467,-10.8172468384614,9.74749403204657,-0.633488589120598,1.19999081974574,2.22645857931634
-17.0689510265238,-23.0224472777607,-10.1155917048829,10.0438159380477,-0.514557454656598,1.48252690147656,2.2924791692353
-16.9485031076814,-22.6077690328766,-9.42892469756496,10.2940464942382,-0.422698586837079,1.75284826840745,2.35372566508631
-16.8218795815637,-22.1906376336798,-8.77282987390537,10.4840811886946,-0.376590945780929,1.99663213815183,2.40811446037357
-16.6958876536122,-21.7839454997902,-8.16368981775067,10.6003763303116,-0.395779695166732,2.19827923740381,2.45338745061812
-16.5778977692258,-21.4016718139937,-7.61709765314472,10.631663024093,-0.498664433191198,2.34238349206913,2.48733038847296
-16.475149902534,-21.0575448234451,-7.1459018773384,10.5707973419059,-0.700035443461642,2.41565056260243,2.50805741235652
-16.3939123012011,-20.7634224408435,-6.75829501836011,10.4162781922152,-1.00868422645013,2.40888841319582,2.51430084489989
-16.3386834458513,-20.5277628838208,-6.45648195903529,10.1729294676897,-1.42576956376646,2.31853418381922,2.50562152950538
-16.311653319722,-20.3546036767966,-6.2363631219714,9.85144732537655,-1.94448619103864,2.14723853571909,2.48246715211791
-16.3125675170491,-20.2433232296172,-6.08834222605682,9.46689658095543,-2.55116331139151,1.90332500829429,2.4460564011824
-16.338997589024,-20.1891857305869,-5.99898056903733,9.03660042801852,-3.22742511309827,1.59933322931769,2.39812978642986
-16.3868907588844,-20.1844188752349,-5.95298173676967,8.57800965531267,-3.95274657295332,1.25012538749339,2.34064785835738
-16.4512155327674,-20.2194680438273,-5.93500010592813,8.10702140105347,-4.70675793881205,0.871065608304673,2.27551699966727
-16.5265449636957,-20.2841231854173,-5.93095720675763,7.63696201393546,-5.4709020653209,0.47661726365503,2.20439235604006
-16.607488512819,-20.3683505505101,-5.92877992115565,7.17820974972056,-6.22934637762711,0.0794790791850057,2.12857043155502
-16.6889525542089,-20.4627946571359,-5.9186382663467,6.73829789875169,-6.96926074298744,-0.309791184735233,2.04895801542283
-16.7662544059682,-20.5590005736203,-5.89283012016365,6.32230869767954,-7.68065930588144,-0.682798790028961,1.96609390375592
-16.8351334232939,-20.6494399846962,-5.84546030304586,5.93340082285218,-8.35600111352544,-1.03312278811939,1.88020104752283
-16.8917040130527,-20.7274244065548,-5.77202950417553,5.57336510110599,-8.98969980715718,-1.35603062876132,1.79125294401956
-16.932389192706,-20.7869745420091,-5.6690123220493,5.24314817629787,-9.57764218841194,-1.64817426517006,1.69904470439802
-16.953865657488,-20.8226982660079,-5.53347639028157,4.94331264836071,-10.1167756550918,-1.90731283308575,1.60326408655312
-16.9530446012,-20.8297160071882,-5.3627788441491,4.67441500340906,-10.6047986037228,-2.13208369220993,1.50356036966144
-16.927106001834,-20.8036607453232,-5.15436902660011,4.43728409793711,-11.039972247673,-2.3218287422378,1.39960953160862
-16.8735959702574,-20.7407678133537,-4.90572164540331,4.23317948015287,-11.4210611447077,-2.47647390227032,1.29117341524928
-16.7905849808119,-20.6380538133479,-4.61441617336245,4.06380737782581,-11.7473974620904,-2.59645400683929,1.17814920376097
-16.6768689513363,-20.4935629505247,-4.27836111172241,3.93117936711222,-12.0190473350533,-2.68267154251466,1.06060446514615
-16.5321775895371,-20.3066353845043,-3.89613457736819,3.83731864484105,-12.2370371716476,-2.73647510867972,0.938793130672629
-16.3573404571517,-20.078132331796,-3.4673802880826,3.78385009735888,-12.4035785312731,-2.75964258241091,0.813149569152814
-16.1543579890791,-19.8105461117249,-2.99317137097415,3.77154458511,-12.5222209620616,-2.7543555079307,0.684261308414806
-15.9263368759307,-19.5079368860066,-2.47624655768678,3.79991127382191,-12.5978705291854,-2.72315559493196,0.552825009901034
-15.6772761324243,-19.1756716227898,-1.92104256959526,3.86693180933993,-12.6366396497904,-2.66888081963881,0.419593616509208
-15.4117239898411,-18.8199853134295,-1.33349011364515,3.96900252498906,-12.6455341181086,-2.59458568849536,0.285323881901152
-15.1343550745912,-18.4474248138036,-0.720595014516507,4.10110373853358,-12.632022382861,-2.50345549620971,0.150732286536035
-14.849532467698,-18.0642584933432,-0.0898721490666172,4.25716496471903,-12.6035568221683,-2.39872620935093,0.0164642195401013
-14.5609171356975,-17.6759351163818,0.551275677276866,4.43055786409722,-12.5671205719941,-2.28361971488555,-0.116922471576793
-14.2711714316096,-17.2866568612006,1.19614242781077,4.61463360089,-12.5288587457096,-2.16129971449108,-0.24896159296746
-13.9817812439689,-16.8991033829826,1.83919554631455,4.80322714157008,-12.4938279974884,-2.03484830709393,-0.379274104356771
-13.6929997810563,-16.5143154376337,2.47640242326665,4.99107084459794,-12.4658723578433,-1.90725880151095,-0.507558888181938
-13.4038991328049,-16.1317236313333,3.10539429472463,5.17408526316976,-12.4476122592579,-1.78143732291708,-0.633581693081114
-13.1125047616239,-15.7492921226321,3.72548056558646,5.34954016768658,-12.440519750209,-1.66020432492104,-0.757163666928992
-12.8159827507113,-15.3637385575512,4.33754507680216,5.5160999453696,-12.4450458222995,-1.54628682311284,-0.878169471179033
-12.5108490615862,-14.970789184366,4.94386686892533,5.67378289723911,-12.460764103132,-1.44229253183591,-0.996493996179171
-12.1931736637799,-14.5654314873411,5.54791119993563,5.8238724017517,-12.4864978508277,-1.35065781714382,-1.11204633128332
-11.8587596904595,-14.1421354094364,6.15413185991991,5.96881867397241,-12.5204036385507,-1.27356243408266,-1.22472984212942
-11.5032878216427,-13.6950273512266,6.76781375651413,6.11216276547971,-12.5599948030314,-1.21280559905872,-1.33441779783239
-11.1224275383213,-13.2180169865684,7.39496700552368,6.25850046851773,-12.6020999884556,-1.16964049392489,-1.44092478024592
-10.7119280364733,-12.7048932850154,8.0422630833427,6.41348497819132,-12.6427661036126,-1.1445684343512,-1.54397498573254
-10.2677105278352,-12.1494203247848,8.7169831394248,6.58384621964934,-12.6771296532608,-1.13710040344846,-1.64316949676472
-9.78598869687601,-11.5454730462498,9.42693155598905,6.77738466564178,-12.6992947208523,-1.1455031766506,-1.7379557565374
-9.2634437058213,-10.8872556500559,10.1802576463658,7.0028815989603,-12.7022686668132,-1.16656014420457,-1.82760392235527
-8.69747246611548,-10.1696378625318,10.9851286613015,7.26986013595116,-12.6780151976015,-1.19539223691357,-1.9111963571213
-8.08651161911115,-9.38862407308815,11.849212911738,7.58813772099097,-12.617684768366,-1.22539890096882,-1.98763777810877
-7.43041415529277,-8.54193522849765,12.7789671649872,7.96713770709207,-12.5120676601356,-1.2483864223268,-2.05569350507361
-6.73082376212346,-7.62963570793321,13.7787787711985,8.41497976944186,-12.3522794427541,-1.25494189677477,-2.1140605912666
-5.9914618276716,-6.65468709532961,14.8500823462641,8.9374428408253,-12.1306304047315,-1.23507699365569,-2.16147041600333
-5.21822727096479,-5.62327730650057,15.9906324390362,9.53697250225651,-11.841559870659,-1.17910453488466,-2.19681197252751
-4.41902479181479,-4.54478070565747,17.1941361530122,10.211955055037,-11.4824572933491,-1.07863508603162,-2.21925519780807
-3.60328920430279,-3.43126751847595,18.4504056757589,10.956467629693,-11.0541764683709,-0.927518073507023,-2.22834776295148
-2.78125112139531,-2.29658951330102,19.7460773075847,11.7606219194183,-10.5610989445391,-0.722535345013502,-2.22406102641819
-1.96306377357343,-1.15518586064776,21.065795343138,12.6114711521056,-10.0107105488139,-0.463702572809786,-2.20677230951719
-1.15794970764791,-0.0208289505504862,22.3936356520409,13.4943027256894,-9.41278137083877,-0.154132673354654,-2.17718736646495
-0.373512915046376,1.09446709926494,23.7144961785927,14.3940531510993,-8.7783327029569,0.200474438205442,-2.13622189069887
0.384693981029059,2.18121759089949,25.0152223262206,15.2965861432268,-8.11860072684132,0.59257383663072,-2.0848682668664
1.11332866604199,3.2328579850125,26.2853343323118,16.1896521616031,-7.44416770688211,1.01358542433554,-2.02407204318842
1.81118283503248,4.2457824178824,27.5173329822699,17.0634540148747,-6.76435645236443,1.45463555464557,-1.95463465633807
2.47893864559002,5.21911116400406,28.7066411162281,17.9108353173587,-6.08690790104536,1.90714801081803,-1.87714940934849
3.11882812438531,6.15428232418817,29.851277244388,18.72716421416,-5.41790770349296,2.36325625689438,-1.79197019032758
3.73425089870213,7.05454983545111,30.9513609005162,19.5100035350616,-4.7619014663467,2.81604872138053,-1.6992083671879
4.32938523068408,7.92444519535614,32.0085329345823,20.2586526169047,-4.1221337712594,3.25968038607375,-1.59875233156565
4.90880968074267,8.7692366780289,33.0253527052168,20.973629904324,-3.50085304227472,3.68939052356459,-1.49030507625251
5.47714215418556,9.59440462258941,34.0047180871013,21.6561501867091,-2.89963401174049,4.10146385145562,-1.37343672598813
6.03870089318421,10.4051473211647,34.9493472889167,22.3076415962533,-2.31967664342025,4.49316570208406,-1.24765014314041
6.5971975882524,11.2059386879814,35.8613630949402,22.9293462211861,-1.76204346240482,4.86267424591802,-1.11245801978144
7.15548410746739,12.0001731895051,36.7420259281435,23.522051274193,-1.22779825419526,5.20902573551265,-0.967468976079365
7.71538731107805,12.7899492642307,37.591664057857,24.0859983301961,-0.7180128069207,5.53208211525405,-0.812478107431143
8.27767466395714,13.5760502071499,38.409837513676,24.6210070996683,-0.233621369238161,5.83252335404773,-0.64755450146305
8.84218867092857,14.3581695799293,39.1957374420898,25.1268184800997,0.224869372761006,6.11185845679986,-0.473115240804672
9.40816346989081,15.1353875076578,39.948762544782,25.6036061970403,0.657762785281342,6.37243896520567,-0.289973577971501
9.97469114393815,15.9068351836441,40.6691395531342,26.0525360078587,1.06654344808347,6.61744799013907,-0.0993498628913018
10.5412484582012,16.6724043148559,41.3583922818519,26.4761901513839,1.45409293492062,6.85082944666472,0.0971612925057577
11.108147909457,17.4332978825784,42.0194479431119,26.8786544045282,1.82460092399348,7.07712003387033,0.297665110356162
11.6767644510837,18.1922123165575,42.6562237950762,27.2651091136571,2.18306671949117,7.30115310970153,0.500068187711687
12.2494242454398,18.9530042376747,43.2726557364343,27.6408705123378,2.53437336490299,7.52761787431047,0.702183689933375
12.8289161098865,19.7198107940077,43.8712749488004,28.0099610538224,2.88201779865303,7.76047478671006,0.9018118759
13.4176732733314,20.4957201586331,44.451559067309,28.3734019563102,3.22666213628266,8.00224462300769,1.09677121171072
14.0167444839838,21.2811887349899,45.0083513761081,28.7274906713787,3.56471705513698,8.25320517988604,1.28486709125727
14.6247177299164,22.0724616765823,45.5306629950932,29.0623588053799,3.88719101725337,8.51055544296459,1.46380316149772
15.2367871498753,22.8602924714559,46.0011819233551,29.3611355630426,4.17906814835142,8.76765615402159,1.63106193945962
15.844182950515,23.6293022847459,46.3968288049318,29.600089883664,4.41952799876594,9.01353608979116,1.78380417270387
16.4342163940683,24.358364246204,46.6906857992728,29.7501563220721,4.58335626641442,9.23294778585617,1.91885512695685
16.9911867158251,25.0223695879241,46.8554751683011,29.7801510927899,4.64381209288826,9.40730242546228,2.0328491696471
17.498273121911,25.5955030922805,46.8683517204543,29.6616024644076,4.57687973678924,9.51670513390862,2.12257373320614
17.9402291666727,26.0556411334034,46.716101226432,29.3744121184555,4.36620718143564,9.54296391714494,2.18547830032506
18.3062716013523,26.3888191023771,46.399203115226,28.911798130444,4.00736328804853,9.47292431220716,2.22021280518155
18.592259751851,26.5923139987985,45.9331594934895,28.2827215310291,3.50983970036877,9.30108510558379,2.22699491223072
18.8013859542459,26.6751933872835,45.346351617029,27.5107211018797,2.89587917326228,9.03054513292786,2.20764406952216
18.9431748035327,26.6561774648631,44.6751035098372,26.6295317527574,2.19650044120775,8.6719846175429,2.16526121564144
19.0312741424531,26.5597413997174,43.9577050902658,25.6771269704744,1.44619570615934,8.24120089431901,2.10368673160501
19.080879768201,26.4118700925566,43.229224918152,24.6901232428816,0.678014904763189,7.756170057449,2.02693470257415
19.1065302053376,26.2366108081432,42.5181814322338,23.6998380919266,-0.0798421820802213,7.23450604492076,1.93875753811412
19.1206392453005,26.0539267964967,41.8452016601514,22.7303368884747,-0.805658925870381,6.69176314678585,1.84239948562959
19.1327820127131,25.8787916714936,41.2231936355306,21.7981143419046,-1.48439770051395,6.14061021501135,1.74051785980064
19.1495578199532,25.7211842945771,40.6583938406239,20.9128055135323,-2.10700808709759,5.59067125281051,1.63521483390341
19.1748114308213,25.586608341706,40.1517607014102,20.078378975155,-2.66933627506631,5.04877309848193,1.52812231552135
19.210034088612,25.4768460497469,39.7003788004115,19.2944401890281,-3.17096324054487,4.51938617672826,1.42049846702371
19.2548263148356,25.3907638005468,39.2987054732613,18.5574422390104,-3.61414686947129,4.00511698046892,1.31331249770215
19.3073556179638,25.325072778438,38.9395996258156,17.861718720228,-4.00293835495514,3.50717384806964,1.20730824175232
19.3647758389303,25.2750017016333,38.6151294270679,17.2003201582251,-4.34248449037292,3.02577020463531,1.10304574886035
19.4235937472656,25.2348674546389,38.3171797917753,16.5656665814994,-4.63850038622834,2.56045411125847,1.0009247253247
19.4799779452546,25.1985429236976,38.0378878540535,15.9500401980661,-4.8968876151583,2.11036548659954,0.901195518956704
19.5300098868679,25.1598273814373,37.7699352504118,15.3459442858628,-5.12347144785722,1.67442791602887,0.803963507912874
19.5698794458905,25.1127276058581,37.506724348181,14.7463529315776,-5.32383256574017,1.2514839402265,0.709191934787278
19.5960293573374,25.0516596993707,37.2424634562484,14.1448737178608,-5.50321127857724,0.840383068481323,0.616706920809364
19.6052543211126,24.9715827867558,36.9721836903209,13.5358425913115,-5.66646520387012,0.440031411664912,0.526206952695861
19.5947614572231,24.8680762364978,36.6917072231633,12.9143670031919,-5.81806451331637,0.0494111529387273,0.437277807537387
19.5621990007342,24.7373715953143,36.397583067878,12.2763300535298,-5.96211223070637,-0.332422782434311,0.349412826813637
19.5056596304435,24.5763490948924,36.0870025709714,11.6183650060273,-6.10238056055249,-0.706362460047482,0.262037731062849
19.4236637159686,24.3825065418251,35.757702727863,10.9378064854068,-6.24235755614003,-1.07327767038888,0.174538759121387
19.3151263144117,24.1539060485916,35.4078618011052,10.2326223405479,-6.38530126549131,-1.43405319542096,0.0862927450010174
19.1793102320294,23.8891018213128,35.0359889358692,9.50132889222998,-6.53430047808878,-1.78962890619273,-0.00330228699416028
19.0157661131133,23.587050413779,34.6408077389705,8.74289226265016,-6.69234201964531,-2.14103948781559,-0.0947974099180135
18.8242596962374,23.2470039654946,34.2211335138545,7.95661980019451,-6.86238404020316,-2.48945074746873,-0.188665347178812
18.6046862315561,22.8683871287984,33.7757449445068,7.14204804596122,-7.0474328291462,-2.83618924633783,-0.285276658770426
18.3569727829179,22.4506598547316,33.3032534787406,6.29883686568451,-7.25061752273451,-3.18276143040981,-0.384880868092939
18.0809707826456,21.9931709018749,32.8019771591068,5.42668267956974,-7.4752530297077,-3.53085760001249,-0.487593641943956
17.7763436968591,21.4950106426227,32.2698297577288,4.52526643757523,-7.7248772427065,-3.88233509951896,-0.593390707607024
17.4424575491932,20.9548757766503,31.7042398497827,3.59425334622536,-8.00324485990111,-4.23917416406752,-0.702108451272697
17.0782850370315,20.3709624335024,31.1021174771356,2.63336094549589,-8.31425770659557,-4.60339909112406,-0.813450086499334
16.6823364959088,19.7409071230948,30.4598876464169,1.6425098810531,-8.66181073131909,-4.97695688136004,-0.926994999796617
16.2526328058813,19.0617968573623,29.773610124538,0.622068035794934,-9.04953388123932,-5.36154526632001,-1.04220756541618
15.7867366210193,18.3302707923476,29.0392043474167,-0.426805880525706,-9.48041255043687,-5.75838224305829,-1.15844064392494
15.2818594221308,17.542736470056,28.2527972194496,-1.50171858519621,-9.95627311348415,-6.16791030542781,-1.274928444634
14.7350634663522,16.6957247852989,27.4112104003798,-2.59850513543681,-10.4771263422258,-6.58943173575359,-1.39076378723035
14.1435792813476,15.7864080614778,26.5126001057578,-3.71061836302382,-11.0403734737085,-7.02067890372204,-1.50485643539641
13.5052592848668,14.8133019304633,25.557252220309,-4.82848905969253,-11.6399041006519,-7.45733950523573,-1.61587268169425
12.8191812771052,13.7771561537526,24.5485095841671,-5.93894384677913,-12.2651612562642,-7.89258596259969,-1.72216247660104
12.0863936161714,12.6820002391425,23.4937556942488,-7.02483292665147,-12.9003262086696,-8.3167046903664,-1.8216897974652
11.3107460537558,11.5362334156331,22.4052911964727,-8.06510035773725,-13.5238827316094,-8.71698157270448,-1.91199428050844
10.4996701088837,10.3535317669563,21.3008241213797,-9.0355926043734,-14.1089302681121,-9.07805525246568,-1.99022416753873
9.66467256140861,9.15321483638,20.2031956825096,-9.9108787793833,-14.6246541129124,-9.38295438044128,-2.05328424757029
8.82123294442756,7.95964756706711,19.1389726207957,-10.6671592205813,-15.0392133533609,-9.61492385399773,-2.09812530423172
7.98783472198682,6.80036968842311,18.1357644877805,-11.2859259121996,-15.3238828731872,-9.75987691762315,-2.12215453549682
7.18408233159965,5.7030221987442,17.2185966002452,-11.757522641335,-15.4576516864605,-9.80894471590034,-2.12367864963578
6.4282292783582,4.69168661850741,16.4062107529232,-12.0834445568198,-15.4309571650816,-9.76033570232653,-2.10223968776135
5.7347751943746,3.78366070204482,15.7084206659785,-12.2764465558255,-15.2472582425773,-9.61980741956043,-2.05871473342062
5.11283963123441,2.98763791671346,15.1253490735673,-12.3583140528355,-14.9218808861779,-9.39954332953549,-1.99513690487752
4.56571367955588,2.30370658481266,14.6486347102739,-12.356056954262,-14.4786311726419,-9.11585353649189,-1.91430909293574
4.09151847983609,1.72488023291536,14.2639768483804,-12.2977635079117,-13.9454135038653,-8.78649445465123,-1.81935162804021
3.68455174771365,1.23943139960817,13.9540847514653,-12.2091919129086,-13.3501452104526,-8.42835313765503,-1.7133165991976
3.33682521649172,0.833282175361001,13.7012621617795,-12.1116325031075,-12.7177785001228,-8.05590447901134,-1.59893989862145
3.03942764355182,0.491964819091975,13.4892407024449,-12.0210342482821,-12.0686418252636,-7.68048525972153,-1.47853574121602
2.78354332590938,0.201974146326079,13.3042220246035,-11.9480828271204,-11.4179011102806,-7.3102055937574,-1.35399828664555
2.56110820627742,-0.0484530659004356,13.1352806407679,-11.8988490168881,-10.7757850445613,-6.95025467106155,-1.22686423522922
2.36516356110285,-0.269003125593157,12.9743311171999,-11.8756939897959,-10.1482379226109,-6.60339276474164,-1.0983974374718
2.18998738010271,-0.467256019833297,12.8158368572423,-11.8782238930811,-9.53775354150322,-6.27048938806289,-0.969669643505394
2.03107411192182,-0.648849155697996,12.6563873189168,-11.9041762241487,-8.94423607046286,-5.95102945593956,-0.841623639183351
1.88501586969822,-0.817754417677307,12.4942256483139,-11.9501802225726,-8.36580168191151,-5.64355225151424,-0.715113906379626
1.74932325295198,-0.976613713887006,12.3287783012868,-12.0123674661542,-7.79947615359941,-5.34601273505043,-0.590925664480512
1.62221462685074,-1.12709331423453,12.1602206771604,-12.086827361525,-7.24176673736486,-5.05606690096976,-0.469776447550573
1.50239778603666,-1.27022553255617,11.9891028336072,-12.1699136879028,-6.68910017580395,-4.77128796617887,-0.352305908047378
1.38886482055828,-1.40671183526786,11.816052006107,-12.2584171844581,-6.13812870199098,-4.48932189039518,-0.239059765436865
1.28071751219576,-1.53716740669962,11.641561305338,-12.3496266621835,-5.58591476318494,-4.20799122592437,-0.130473100803452
1.17703565514578,-1.66229476084757,11.4658657611813,-12.4413062052101,-5.03001281368357,-3.92535628986919,-0.0268568769397443
1.07679454422407,-1.78298270058214,11.2888989838917,-12.5316178361962,-4.46847178999657,-3.63974243372305,0.0716099870165025
0.978831464106829,-1.90033531833717,11.1103172327672,-12.6190168536899,-3.89978365103562,-3.3497416097032,0.164882114735719
0.881855529828703,-2.0156423650025,10.9295739214948,-12.702141844735,-3.32280166567856,-3.05419560639322,0.253043002941382
0.784491474637211,-2.13030625122054,10.7460265729651,-12.779714284223,-2.73664766178905,-2.75216726152069,0.336295146007977
0.685346244424856,-2.24574211562508,10.5590596989039,-12.8504554897601,-2.14062167281416,-2.44290488999767,0.414946220969728
0.583087291215802,-2.3632663034215,10.3682099850357,-12.9130226334163,-1.53412165092405,-2.12580418524813,0.489392594988311
0.476522734256916,-2.48398611148962,10.1732836582475,-12.9659613471342,-0.916576221638111,-1.80037107323192,0.56010122884114
0.36467546924455,-2.60870061432299,9.97445920940092,-13.0076702866445,-0.287390320762846,-1.46618841178417,0.627590787036856
0.246845348388288,-2.73781944716801,9.77237132398849,-13.0363725935239,0.354097976945659,-1.12288899083465,0.692412507970156
0.12265539121931,-2.87130396905451,9.56817374145045,-13.0500900040284,1.00865133211541,-0.770136930776809,0.755131179719734
-0.00792053963053341,-3.0086334245691,9.36357991467362,-13.0466169824365,1.67715889202754,-0.407619252915326,0.816306428373004
-0.144550078563796,-3.14879752032431,9.16088080412948,-13.0234941689619,2.36065385012301,-0.0350490678673643,0.876474444275693
-0.286555439297484,-3.2903161476298,8.96293917041729,-12.9779824972346,3.06032129226151,0.347818485326777,0.936130234695245
-0.432947448677398,-3.43128665237982,8.77315939229949,-12.9070413240435,3.77749336525276,0.741156708553461,0.995710469069852
-0.582480362770397,-3.56945893008579,8.5954312286184,-12.8073157648747,4.5136274789302,1.14502363041732,1.05557694563205
-0.733726969475418,-3.7023385965633,8.43404517118955,-12.6751401990661,5.27026212083833,1.55930372654825,1.11600063521064
-0.885173133519125,-3.82731843287268,8.29357614029859,-12.5065665716495,6.04894397460298,1.98363491317148,1.17714613347684
-1.03533049974409,-3.94183811691215,8.1787313554052,-12.2974276764957,6.85111948478953,2.41732099030407,1.23905618181459
-1.18286544790622,-4.04357176927095,8.09415740162433,-12.0434469270862,7.67798396564921,2.85923034148882,1.30163572485654
-1.32674145612095,-4.1306418422541,8.04420114572856,-11.7404070505305,8.53028217743883,3.30768290389063,1.36463482883909
-1.46637055739215,-4.20185595765895,8.03261969955766,-11.3843901129618,9.40805653022341,3.76032956850007,1.4276297848597
-1.60176725035669,-4.25695988757333,8.06223698101732,-10.9720994770789,10.3103436193419,4.21403170629448,1.4900020142978
-1.73369466331931,-4.29689421375174,8.1345498887192,-10.5012692685203,11.2348278672912,4.66475387424945,1.55091515920143
-1.86378763531528,-4.32403350419599,8.24929735614298,-9.97115656901947,12.1774739763091,5.10749009298427,1.60929214910164
-1.99463073604202,-4.34237483812172,8.40402237919421,-9.38309352007602,13.1321787804273,5.53625292656899,1.66379619742258
-2.12976205181514,-4.35762817408036,8.59368112334996,-8.74104879493537,14.0905072576891,5.9441629992917,1.71282244290475
-2.27356843986248,-4.37714811553805,8.81038225718831,-8.05211137287736,15.0416030270994,6.32368060018493,1.75450974869063
-2.43103958461643,-4.40964251030204,9.04336593249323,-7.3267707414367,15.9723809556448,6.66701429072236,1.78678376130537
-2.6073627513268,-4.46460890858375,9.27934029074221,-6.57884200149644,16.8681026513481,6.96671661382369,1.80744085376683
-2.80737256891705,-4.55149577961136,9.50326398423571,-5.82489586727371,17.7133867210254,7.21643007873564,1.81427619718322
-3.03491895533151,-4.67866325537134,9.69957996431089,-5.08312588962854,18.4936051609465,7.41168316327367,1.80524742664909
-3.29226841939827,-4.85231123632625,9.85377341910334,-4.37172407981459,19.196480296515,7.55057688994072,1.77865081145495
-3.57968519001929,-5.07561284802047,9.9539835977233,-3.70700961342087,19.8135711773798,7.63417980511425,1.73327563286879
-3.89532418112064,-5.34829356275618,9.99231118658139,-3.10169332113936,20.3412910531627,7.66649003754887,1.66850187648805
-4.23550021766774,-5.66680841490955,9.96548904762713,-2.56368674189553,20.7811748452343,7.65392691723603,1.58431983553719
-4.59529811070073,-6.02511510860114,9.87473318897392,-2.09574710505965,21.1393035031367,7.6044437078981,1.48127360803833
-4.96939663862458,-6.41588152389027,9.72480613245527,-1.69603123639706,21.425014736349,7.52645094546804,1.36035327717283
-5.35293181309462,-6.83186531087611,9.52251769463768,-1.35940437417702,21.6491945428226,7.42776710767466,1.22287250548896
-5.74223103616563,-7.26718769786261,9.2749933590293,-1.07919674414205,21.8224993894155,7.31477026368619,1.07036549833447
-6.13529455659773,-7.71827695307326,8.9880470589017,-0.849050406821597,21.9538147789143,7.19184436536373,0.904523435226584
-6.53196003657856,-8.18434291259146,8.66493425342114,-0.664529442778409,22.049160035009,7.0611367370437,0.727172806266
-6.93374385714783,-8.66733444028316,8.30567030487132,-0.524239674921826,22.1111470053665,6.92259276207208,0.540283007102474
-7.34340479151598,-9.17141708229766,7.90699788498916,-0.430296152156306,22.139011819783,6.77421188961307,0.345981553212236
-7.76432280603372,-9.70208933019858,7.46297736304487,-0.388084793712635,22.1291616036664,6.6124650091225,0.146553540810379
-8.19982421083296,-10.2651279671911,6.96605743208625,-0.405391218974949,22.0761052813368,6.4328144160693,-0.0555926791381087
-8.65260190449132,-10.8655970551574,6.40837837551347,-0.491101070086011,21.9735750297482,6.23027777543602,-0.258000541223712
-9.12436124672587,-11.5071452816028,5.78300423198256,-0.653774574372765,21.8156136477499,5.9999782940012,-0.458273957020559
-9.61576334563754,-12.1917392059206,5.08480745014712,-0.900418479621565,21.5974256820125,5.73763038308732,-0.654200113362217
-10.1266531521917,-12.9198525734262,4.31084476693246,-1.23569940106213,21.3158708880336,5.43992720484642,-0.843860362976339
-10.6564803440866,-13.6910000164283,3.46022671928684,-1.66168870912316,20.9695921775719,5.10482105702579,-1.0257051163534
-11.2047767135586,-14.504417856903,2.5336306115174,-2.1780626747303,20.5588734232683,4.73171163102163,-1.19857780884213
-11.7715566494253,-15.3596814995564,1.53268455741006,-2.78256703958356,20.0853784203289,4.3215721135707,-1.36168539111235
-12.3575465121935,-16.2570979496097,0.459444200260074,-3.47152399026122,19.5519197435238,3.87704436840877,-1.5145237658996
-12.964200790724,-17.1977895463763,-0.68388215844875,-4.24020128178752,18.9623599875598,3.40252293103589,-1.65677327803267
-13.5935071199075,-18.1834572990171,-1.8948909897887,-5.08294319352664,18.3216838976019,2.90422746883413,-1.78818145410076
-14.2476096218359,-19.2158618670929,-3.17063205394434,-5.99304700452836,17.6362190193167,2.39023928577058,-1.90844926635406
-14.9282938733565,-20.2960888993112,-4.5070143587357,-6.96243821974455,16.913934038313,1.8704533703837,-2.01713538351618
-15.6363865294499,-21.4236856097499,-5.89807876591962,-7.98124984789871,16.164708300323,1.35637783245119,-2.11359158020231
-16.371137213544,-22.5957800174237,-7.33528321625232,-9.03744900286542,15.4004425862342,0.860704478661088,-2.19694173749529
-17.1296725662642,-23.8063272091572,-8.80697897717626,-10.1166770774776,14.634875422671,0.396588560625862,-2.26611518099426
-17.9066356958607,-25.0456579538142,-10.2982720859247,-11.2024664292305,13.8829946881226,-0.0233758255293477,-2.31993998754633
-18.6941317315326,-26.3005083925901,-11.7914378123105,-12.27694746484,13.1600064629443,-0.388411374651678,-2.35729120906228
-19.4820704760876,-27.5546545360683,-13.2669622211446,-13.3220513791717,12.4799446675385,-0.690861230335932,-2.37727313744687
-20.2589183194076,-28.7901472550186,-14.7051229269901,-14.3210583248372,11.8541486198902,-0.927267235583666,-2.37939858247917
-21.0127574305006,-29.9889681021756,-16.0878355803408,-15.2601906860857,11.2899407952186,-1.09893482548237,-2.36372014058942
-21.7324451602983,-31.1347742497268,-17.4003671218445,-16.1298826210969,10.789837101563,-1.21179417468913,-2.33087609984178
-22.4086246207666,-32.214352832576,-18.6325274047345,-16.9254229876863,10.3514914976779,-1.27555612916641,-2.28203704758714
-23.0343860757977,-33.2184964561926,-19.7791082300141,-17.6468533945094,9.96836278828033,-1.30236250621722,-2.21876890534556
-23.605496049674,-34.1422012799627,-20.8395716969287,-18.2982226277785,9.63089117182118,-1.30525208059839,-2.14285023148579
-24.1202395986823,-34.9842855793619,-21.8171902416447,-18.8864551696027,9.32787036713736,-1.29676151335318,-2.05608734726857
-24.579007190448,-35.7466497320872,-22.7179341543861,-19.4201337709761,9.04772022717216,-1.28787875752159,-1.96016115592169
-24.9837803151128,-36.4334217042664,-23.5493819474878,-19.9084382045887,8.77946563360775,-1.28742935155089,-1.85652254327345
-25.337642042376,-37.0501796764158,-24.3198382836001,-20.3603762771252,8.51334895567274,-1.30186213844965,-1.74633762161719
-25.6443877748363,-37.6033597994264,-25.037737252543,-20.7843393485419,8.2411001131701,-1.33533724313898,-1.63047448495887
-25.9082608761123,-38.0998778421162,-25.7113213924919,-21.1879401058896,7.95594391210984,-1.39000263398337,-1.50951981650614
-26.1337998871236,-38.5469359411619,-26.3485314568059,-21.5780497806408,7.65244390818089,-1.46635906997804,-1.38381444706862
-26.3257613204288,-38.9519523697708,-26.957015974175,-21.9609382002559,7.32627857424336,-1.56363908375938,-1.25349931641343
-26.4890721847339,-39.3225386668171,-27.5441653733166,-22.3424236383392,6.97403041648771,-1.68015211929005,-1.11856557671801
-26.6287666065797,-39.6664498416212,-28.1170864595267,-22.7279539752687,6.59304880832552,-1.81356948442864,-0.978904233460935
-26.7498685083879,-39.9914455198248,-28.6824547302338,-23.1225622985221,6.18142561496214,-1.9611379333997,-0.834351934064682
-26.8571956527552,-40.3050204001531,-29.2462114007803,-23.5306665096222,5.73810042201267,-2.11982009196648,-0.684730818836057
-26.9550776600452,-40.6139886363843,-29.8131056782001,-23.9557112186538,5.26309023792247,-2.28636503833715,-0.529882113575175
-27.0470001457862,-40.9239364125029,-30.3861173049317,-24.3996787170444,4.75781793123937,-2.45731496895801,-0.369695292960915
-27.1352072591485,-41.2385880228664,-30.9658267090323,-24.862522429875,4.22549500198663,-2.62895595791425,-0.204136562371824
-27.2203140196367,-41.5591615132088,-31.5498281113011,-25.3416005613862,3.67149740035156,-2.79722417565076,-0.0332811233766311
-27.300996300377,-41.8838188074591,-32.1323029123665,-25.8312099971945,3.10365791232156,-2.95758484505158,0.142647725500606
-27.3738366111269,-42.207337644677,-32.7038820200073,-26.3223386003855,2.53238719978573,-3.10490977313232,0.323233586529297
-27.4334012537204,-42.5211380330953,-33.25191617643,-26.8027592321772,1.9705345217341,-3.23338874278585,0.507823034008995
-27.4725997655969,-42.8137680762859,-33.7612280406064,-27.2575657967477,1.43291951477347,-3.33651647406584,0.695496006187002
-27.4833240188868,-43.0718779676076,-34.2153281894481,-27.6701848274561,0.935518060904183,-3.40719499955349,0.885067169469461
-27.4572870911438,-43.2815888324609,-34.5979492048573,-28.0237852360824,0.494366061015089,-3.43797718667168,1.07513197907408
-27.3869056182585,-43.4300289213016,-34.8946298154448,-28.302883653548,0.124330963137277,-3.42145206470966,1.26416010951166
-27.2660321420703,-43.5067250753387,-35.0940287087367,-28.4948608398805,-0.162049900233548,-3.35074543205595,1.45062191309203
-27.0903771505274,-43.5045608273405,-35.1887142716844,-28.5911221961874,-0.355489759056948,-3.22009367636517,1.63311718238514
-26.8575602407979,-43.4201512976661,-35.1753512626926,-28.5877623085023,-0.45055775886831,-3.02545488686868,1.8104677009766
-26.566853772975,-43.2536808644051,-35.0544132506274,-28.4857762143941,-0.446028911917425,-2.76514736582924,1.98174012547242
-26.2187740227681,-43.0084099483193,-34.8296947726188,-28.2910098419597,-0.345141105962201,-2.44053635416,2.14618120858947
-25.8147011078964,-42.6901166497904,-34.5079244371746,-28.0140904024395,-0.155946273794514,-2.05680309389276,2.30306640994412
-25.3566742530316,-42.3066900917722,-34.0986959507782,-27.6705070903541,0.10812383767413,-1.62380458322702,2.45147998593544
-24.8474407541601,-41.867972549978,-33.6147799623056,-27.2808468162628,0.427506098840809,-1.15694949293243,2.59005980668393
-24.2907575317849,-41.3857989234261,-33.0726896952121,-26.8709634243638,0.775817438117643,-0.67786448392964,2.71675847234399
-23.6918581116839,-40.8740342046303,-32.4931644048991,-26.4716154308616,1.1197462869329,-0.214418569992135,2.82869794816224
-23.0579001748058,-40.348290152694,-31.9010378380931,-26.1169345049714,1.42027487221281,0.200510707152304,2.92222090758905
-22.3981155623587,-39.8249730160443,-31.323879786997,-25.8411624260456,1.63597986084868,0.532120299352233,2.99324059235484
-21.7233619727468,-39.3194746755614,-30.7890295345816,-25.6736367065366,1.72863052461719,0.74871967913468,3.03791911587563
-21.044924006379,-38.8437264669669,-30.3193184361813,-25.6330290742648,1.67014854004849,0.827814754647743,3.05354380239956
-20.372758307602,-38.4038426993621,-29.9286959743408,-25.7228356708926,1.44871114162979,0.761248200616832,3.03929250714675
-19.713751348987,-37.9988082372709,-29.6194689165625,-25.9301670033361,1.07144436830597,0.557201932041535,2.99653726060476
-19.0706518604875,-37.620801603532,-29.3823330863485,-26.2285478383164,0.562457581619542,0.238092542575521,2.92852824053155
-18.442021651234,-37.2569680067005,-29.1990445617624,-26.5835176089542,-0.0428101768684783,-0.164654847058932,2.83961459179371
-17.8230532751923,-36.8918422169675,-29.0464316307838,-26.9587495883366,-0.704475717168302,-0.61673634634336,2.73435424373541
-17.2067976153152,-36.5095647065543,-28.9002428261468,-27.3207778978306,-1.3840122136186,-1.08599406053612,2.6168245043658
-16.585365186756,-36.0954151384091,-28.7379185059977,-27.6415921686875,-2.04785514019126,-1.54542859147235,2.49026424953185
-15.9508757170484,-35.6366310648004,-28.5401288618299,-27.8993774799809,-2.6688977602422,-1.97432734005646,2.35701537646363
-15.2961379185719,-35.1227413688664,-28.2913919986779,-28.078118860539,-3.22656263899033,-2.35812821659718,2.21865899989819
-14.6151501500466,-34.5456998059801,-27.9802088868096,-28.1667664516863,-3.70619392511766,-2.68765770545005,2.07624281520631
-13.9035236530476,-33.9000338103944,-27.599060805491,-28.1584348306414,-4.09830797411886,-2.95818885178917,1.93052535169847
-13.1588804397837,-33.183103592337,-27.1444458316784,-28.0498671818877,-4.39798245175363,-3.16855058691811,1.7821909744616
-12.3812048920062,-32.3954402560466,-26.6169627493558,-27.8411973653306,-4.60445000554989,-3.32036346976322,1.63200796994935
-11.5730641925483,-31.5410290598752,-26.0213252662161,-27.5359019370039,-4.7208160237495,-3.41738929303582,1.48091423331107
-10.739586834087,-30.627354970302,-25.3661356681307,-27.1407552252116,-4.75374684527742,-3.46495041046572,1.33002671594736
-9.888119389145,-29.6650574306172,-24.6632826314172,-26.6655957873134,-4.71297912112372,-3.46938207419952,1.18058446472758
-9.02756373163358,-28.6671476141968,-23.9269408556946,-26.1227840106129,-4.61057449174363,-3.43750917976222,1.03384844294232
-8.16749533011967,-27.6478830366865,-23.1722910342021,-25.526351981131,-4.45995329704545,-3.37616845716609,0.890989194597377
-7.31723045562703,-26.6215055005201,-22.4141794419746,-24.8909645410771,-4.27483586535362,-3.29181261506829,0.752991948269868
-6.48501557251268,-25.6010796932824,-21.6659518802573,-24.2308736301664,-4.06825828736863,-3.19022827060293,0.620598684207993
-5.67745996131225,-24.5976170592848,-20.938629692028,-23.559037167748,-3.85180240493537,-3.07637991542832,0.49429285487188
-4.89925443176991,-23.6195703886901,-20.2404888830153,-22.8865087003532,-3.63511123056191,-2.95436913093271,0.374320576001245
-4.15315006881395,-22.672687636187,-19.5770067391903,-22.2221237329421,-3.42568781963029,-2.8274817239718,0.260735576478731
-3.44013117644448,-21.7601505820508,-18.9510830391188,-21.5724456921183,-3.22892457609165,-2.69828938094651,0.153454171915286
-2.75970696014495,-20.8829017908183,-18.3634281950011,-20.9419026369368,-3.04828924456718,-2.56877528529439,0.0523091193665587
-2.11025667340405,-20.040070577962,-17.8130245853728,-20.3330413860678,-2.88559715856803,-2.44046076136131,-0.0429048518037387
-1.48938096559258,-19.22942993824,-17.2975934273949,-19.7468379225591,-2.74131532187619,-2.31451861809515,-0.132397330278128
-0.89422955814946,-18.4478393687388,-16.8140255575344,-19.1830209480631,-2.61486276139055,-2.19186618486933,-0.216361047515609
-0.321788374698877,-17.6916468325681,-16.3587545308343,-18.6403821605375,-2.50488753851748,-2.07323625620143,-0.294962152793214
0.230882485083394,-16.9570353076536,-15.928063512086,-18.117059201907,-2.40951179557078,-1.95922741977671,-0.368339831213746
0.766463706461431,-16.2403065755218,-15.51832489613,-17.6107848718569,-2.32654248648548,-1.85033699847202,-0.436612665362373
1.28724540474228,-15.5380992699507,-15.126175658667,-17.1191002772007,-2.25364828175715,-1.74698058372644,-0.499889016099193
1.79504774236161,-14.847541180884,-14.7486335713793,-16.6395311680077,-2.18850395327002,-1.64950219244569,-0.558278846377557
2.29118934546092,-14.1663388594608,-14.3831610970561,-16.1697275355274,-2.1289036005666,-1.55817872398902,-0.611904795902285
2.7764969008337,-13.4928105185215,-14.0276850156149,-15.7075670286335,-2.07284410029392,-1.47322173156851,-0.660910875384569
3.2513472817864,-12.8258711455605,-13.6805809473961,-15.2512237217474,-2.01858055341303,-1.39477872467583,-0.705467820916489
3.71573234250691,-12.1649807936081,-13.3406323940102,-14.7992049114244,-1.96465622870917,-1.32293536973871,-0.745774821867877
4.16933640763532,-11.5100679440954,-13.0069736987655,-14.3503599119553,-1.90991037685178,-1.25771918924236,-0.782057913472379
4.61161746917581,-10.8614395054743,-12.6790254298208,-13.9038659763979,-1.85346805206859,-1.19910476171474,-0.814565736325252
5.04188486315818,-10.2196874289653,-12.3564290794884,-13.4591970382777,-1.7947164910826,-1.14702002328815,-0.843563568249586
5.45936838947391,-9.58559971634115,-12.0389861701091,-13.0160811140952,-1.73327260476442,-1.10135309180595,-0.869326556524517
5.86327601432352,-8.96008107811694,-11.7266049854156,-12.5744517719931,-1.66894574049558,-1.06195902252046,-0.892132958849219
6.25283912624097,-8.34408609240772,-11.4192564363527,-12.1343981869514,-1.60169918275368,-1.02866600456261,-0.912257997078975
6.62734574360321,-7.73856585293928,-11.1169393767626,-11.6961173754334,-1.53161304974109,-1.00128067997837,-0.929968710759568
6.98616293129726,-7.14442764462999,-10.8196547413343,-11.2598710665908,-1.45885040285619,-0.979592433902926,-0.945519988106211
7.32875013499651,-6.56250632581779,-10.5273873826969,-10.8259486994441,-1.38362764215061,-0.963376653992987,-0.959151789484605
7.65466526325865,-5.9935456689874,-10.2400942794945,-10.39463722193,-1.30618965575206,-0.952397064507121,-0.9710874657249
7.96356525809622,-5.43818780267661,-9.95769778963767,-9.96619774382675,-1.22678974110936,-0.946407302337207,-0.98153300812229
8.25520265551277,-4.8969689683046,-9.68008270753342,-9.54084861478513,-1.14567400592778,-0.945151919823513,-0.990677035457709
8.52941941475044,-4.37032003667809,-9.40709611234666,-9.11875426594781,-1.06306977957673,-0.948366993824515,-0.99869132695633
8.78613898707782,-3.85857044107732,-9.13854912779557,-8.70001894203587,-0.979177469361841,-0.955780484726367,-1.00573172033594
9.02535741686848,-3.36195446630183,-8.87421996477664,-8.28468446758624,-0.894165283162992,-0.967112456266171,-1.01193922622758
9.24713403183168,-2.88061903415598,-8.61385773114154,-7.87273116681911,-0.808166258781242,-0.982075221777232,-1.01744123449461
9.45158214477955,-2.41463233375566,-8.35718665251731,-7.46408115384576,-0.721277095883021,-1.00037344939995,-1.02235271950891
9.63886005904613,-1.96399280225102,-8.10391044516727,-7.05860330105786,-0.633558352765794,-1.02170423053276,-1.02677737693559
9.80916258639107,-1.52863809422754,-7.85371667225457,-6.65611931413807,-0.545035643942183,-1.04575709947065,-1.03080864855007
9.96271318183221,-1.10845377499714,-7.60628094808692,-6.25641043291984,-0.455701544966448,-1.07221398105607,-1.03453060700897
10.0997568230259,-0.703281566521273,-7.36127096152041,-5.85922443949942,-0.365517983436761,-1.10074905269542,-1.03801869570082
10.2205536303473,-0.31292701980032,-7.11835024582403,-5.46428268816549,-0.274418950156757,-1.13102850551844,-1.04134032077425
10.3253732675618,0.0628334536500719,-6.87718170324416,-5.07128700686773,-0.182313420939345,-1.16271021064454,-1.04455530877678
10.4144901174375,0.424246229935539,-6.63743088582383,-4.67992637086792,-0.0890884204617679,-1.19544330981533,-1.04771624680551
10.4881792094126,0.771574813788157,-6.39876904197314,-4.28988330358496,0.00538780708409048,-1.22886776581455,-1.05086872575312
10.5467128720589,1.10509486803958,-6.16087594731179,-3.90084000351226,0.101262531608536,-1.26261392375766,-1.05405150990352
10.5903580890725,1.42508991772785,-5.92344254667563,-3.51248422724478,0.198695171157298,-1.29630214790674,-1.05729665792064
10.6193745074107,1.73184770641784,-5.68617341689625,-3.12451496290877,0.297853815431472,-1.32954260339885,-1.06062961689952
10.6340130607823,2.02565717938999,-5.44878906747425,-2.73664794113008,0.398911627366058,-1.36193525710948,-1.06406931101204
10.6345151806684,2.30680607011806,-5.21102809545216,-2.34862102842565,0.502043117564384,-1.39307017077796,-1.06762824456799
10.6211125289901,2.57557905992338,-4.97264918470339,-1.96019952741112,0.607420295177709,-1.42252814691773,-1.071312632126
10.594027241165,2.83225649235341,-4.73343296052346,-1.5711814073029,0.715208713737543,-1.44988178266018,-1.07512256989765
10.5534726085871,3.07711361265719,-4.49318367275232,-1.18140245583268,0.825563442600497,-1.47469696213081,-1.07905225247186
10.4996541931901,3.31042031906956,-4.25173070299339,-0.790741336441773,0.938625012723263,-1.49653480714186,-1.08309024108201
10.432771305424,3.53244139740168,-4.00892985608936,-0.399124504458103,1.05451539549097,-1.51495407624219,-1.08721977926529
10.3530188455517,3.74343723043905,-3.7646644190448,-0.0065309251701775,1.17333408984142,-1.52951399060803,-1.09141915507236
10.260589458956,3.943664958986,-3.51884594382098,0.387003487535224,1.29515439814062,-1.53977743795583,-1.09566210072491
10.1556759764285,4.13338007527899,-3.27141471609071,0.781381805504803,1.42001997730972,-1.54531449100229,-1.09991822021374
10.0384741281475,4.31283843438453,-3.02233987600624,1.17644250229477,1.54794175527926,-1.54570616600617,-1.10415343561975
9.90918551524705,4.48229866538507,-2.7716191542926,1.57195647431702,1.67889530076056,-1.54054833723678,-1.10833044180343
9.76802079318431,4.64202494638263,-2.51927818100702,1.96762479784061,1.81281872375945,-1.52945571498309,-1.11240915604459
9.61520307850265,4.79229012698124,-2.26536934622577,2.363077370836,1.94961118466483,-1.51206580627744,-1.11634715678255
9.45097153097821,4.93337914923975,-2.00997018087965,2.75787259397723,2.08913207079971,-1.48804277597542,-1.12010010094066
9.27558509731939,5.06559272634127,-1.75318124431817,3.15149826449415,2.23120089438844,-1.457081145046,-1.12362211586873
9.08932635253063,5.189251204709,-1.49512350382371,3.54337386010985,2.37559794569022,-1.41890927305775,-1.12686615912847
8.89250541698273,5.3046985493356,-1.23593521135528,3.93285442070628,2.52206573579052,-1.37329260078042,-1.12978434763533
8.68546383160021,5.41230633084943,-0.975768276855792,4.31923621986603,2.67031123417434,-1.32003663735909,-1.13232824884319
8.46857833156796,5.51247761814619,-0.714784160175912,4.70176445169197,2.82000891582827,-1.25898971135745,-1.13444913599641
8.24226436714106,5.60565062124241,-0.453149300389542,5.0796431242098,2.97080460604721,-1.19004551351661,-1.13609819853029
8.00697923900483,5.69230193807553,-0.191030113879837,5.45204734231886,3.12232011429061,-1.11314548290579,-1.13722669968021
7.76322469115913,5.77294924902622,0.0714124066999584,5.81813811221317,3.27415864124806,-1.02828109818594,-1.13778606605655
7.51154877554236,5.84815329428191,0.334028462084605,6.17707969801444,3.42591092867409,-0.935496137039359,-1.13772788200226
7.25254683946084,5.91851901523657,0.596685559773896,6.52805944705031,3.57716212479519,-0.834888966983975,-1.1370037545526
6.98686153048754,5.98469580586265,0.859274964547188,6.87030983074853,3.72749933812413,-0.726614916638919,-1.1355650045946
6.71518174469082,6.04737688088701,1.1217185026213,7.20313218014504,3.87651982818755,-0.610888745858254,-1.1333621226612
6.43824062825006,6.10729796236646,1.38397578057546,7.5259213800833,4.02383981307909,-0.487987205160265,-1.1303439314677
6.15681284755091,6.16523562123721,1.64605192779998,7.83819042642552,4.16910384624215,-0.358251618924073,-1.12645638729933
5.87171159656461,6.22200587365836,1.90800604186177,8.13959348530179,4.31199474396979,-0.222090374049251,-1.12164096966206
5.58378602877876,6.27846385888099,2.16996058433459,8.42994579268806,4.45224403945776,-0.0799811263753405,-1.11583262840892
5.29392008016512,6.33550569877481,2.43211205079756,8.70923857520979,4.58964296451534,0.0675275332541929,-1.10895730370545
5.00303385287873,6.39407381780385,2.69474328020749,8.97764708793115,4.72405394202365,0.219815287531215,-1.10092908960917
4.71208890425011,6.45516713624784,2.9582377818207,9.23553003854921,4.85542256739206,0.376190581229234,-1.09164719425366
4.42209877954761,6.51985747439506,3.22309637851713,9.48341900894205,4.98378997547771,0.535892860225284,-1.08099293509427
4.13414593992765,6.58931322938161,3.48995628248656,9.72199711322164,5.10930535534085,0.698097078637973,-1.06882709993827
3.84940573841381,6.66483075455784,3.75961235344342,9.95206690075433,5.23223808804735,0.861921003952714,-1.05498807277456
3.56917731795346,6.7478729451346,4.0330397558359,10.1745085177345,5.35298858986593,1.02643581067846,-1.03929116681268
3.29492015478761,6.84011318958068,4.31141645997084,10.3902301200969,5.47209634014748,1.19068032977041,-1.02152958498536
3.02829353471066,6.94348119444152,4.59614306627964,10.6001134443714,5.59024281699433,1.35367908405269,-1.00147733201387
2.77119461080792,7.0602053021169,4.88885630607569,10.8049580693173,5.70824617190367,1.51446385623161,-0.978894210892393
2.52578908037174,7.19284409998534,5.19143146937218,11.0054282412251,5.82704363968754,1.67209801180705,-0.953532763408254
2.29452712477985,7.3442984909158,5.50596800684896,11.2020058270567,5.94765695016116,1.82570212702643,-0.925146651451049
2.08013648341128,7.51779453194195,5.83475202985116,11.3949523104688,6.07113579522017,1.97447876117913,-0.893499596702778
1.88558459072256,7.71682739548018,6.1801895062419,11.5842815304396,6.19847479589904,2.11773355305454,-0.858373635269302
1.7140028334353,7.94505813029122,6.54470490458859,11.7697434744204,6.33050070089573,2.25488940501729,-0.819575199087243
1.56856813894177,8.20615740246193,6.93060186148515,11.9508179978988,6.46772869728302,2.3854904954514,-0.776937472182396
1.45234006355775,8.50359391786182,7.33988511182953,12.1267163409918,6.61018969157316,2.50919338882205,-0.730317658561211
1.36805485859187,8.84036929318354,7.77404620740627,12.2963880768914,6.75723398425438,2.62574364264662,-0.679588257533266
1.31788117609054,9.2187051714679,8.23381914080766,12.4585317661317,6.90732060376019,2.73493794933372,-0.624622138231309
1.30314497131788,9.6396924610649,8.71891609295608,12.6116095846635,7.0578058547947,2.83657392349678,-0.565272102888957
1.32403408282257,10.102916987079,9.22775834365664,12.7538691154977,7.20474951739418,2.93039191606377,-0.501346638705021
1.3792970758122,10.6060822683942,9.75722411427791,12.8833794700189,7.34276353812286,3.01601568273887,-0.432584663867395
1.46595799109759,11.1446605450017,10.302444848707,12.9980931358118,7.46493662443808,3.09290129438865,-0.358633253832952
1.57908063708566,11.7116199220266,10.8566952162287,13.095948714891,7.56287912183704,3.16030641048192,-0.27903359955483
1.71163399246047,12.2972991603828,11.4114390714987,13.1750313336347,7.62694409251394,3.21729472699079,-0.193221695634908
1.85453232500747,12.8895291605168,11.9566095724224,13.2338048236485,7.64668763150296,3.26279236063356,-0.100551125845242
1.99694249855897,13.4741207672589,12.4812062946438,13.2714191726615,7.61162423697066,3.29571233051157,-0.000344976470464037
2.12695195314274,14.0358325303507,12.974269431418,13.2880754522533,7.51229823182312,3.31515747042654,0.108018944538592
2.23265295143562,14.5598722796056,13.4262221955489,13.2853976864237,7.34161768538606,3.32069802006439,0.224992236226164
2.30360314650781,15.0338512731393,13.8304485384842,13.2667231788959,7.09628405715347,3.31269689427448,0.35072335402088
2.33247115106351,15.4499073741846,14.1848143880944,13.2371956950347,6.77802748957141,3.29262762147312,0.484936031660788
2.31651189307257,15.8065079199032,14.4927107980621,13.2035532779569,6.39428614172308,3.26330895930817,0.626856388289796
2.25842729049905,16.1093509614638,14.7631912130575,13.1735626365377,5.95802128865972,3.2289820120924,0.775224443833083
2.16624471587236,16.3709193641064,15.0099615739488,13.1551585024169,5.48656944107277,3.19518970661712,0.928406181144955
2.05211066949399,16.6086182129561,15.2493303049903,13.1554568179078,4.99973609551792,3.1684758610408,1.0845891196278
1.93025221892093,16.8418962242884,15.4975838534255,13.1798646784942,4.51758631337738,3.15597403334691,1.24201245066291
1.81462695105285,17.0890780725243,15.7684319699542,13.2314699147254,4.05844496881045,3.16497463996856,1.39916931948382
1.71682639305435,17.3646487108765,16.0710715233749,13.3107756046733,3.63745584669864,3.20253192458567,1.55493056859611
1.64461753634903,17.6774540396093,16.4091186911463,13.4157107591473,3.26576733003687,3.27511636293262,1.70856744089456
1.6012245648291,18.0298924356139,16.7803295114787,13.541760802857,2.95016497263928,3.38826179535471,1.85967878858134
1.5852147418091,18.4178653833974,17.1768198038895,13.6820491029546,2.6928553826779,3.54612180497147,2.00804421070108
1.5907423443913,18.8311351942799,17.5854622777192,13.8272545566084,2.49112973658773,3.75084382981131,2.15342678317233
1.60792656911512,19.2537983149381,17.9882514437019,13.9653456523905,2.33675525274366,4.00169248528819,2.29534437090219
1.62325321957026,19.664763413712,18.3626252464406,14.0812305070901,2.2151188349725,4.29391142616067,2.43282625673509
1.62005002241987,20.0383614442056,18.6819649534227,14.1565595042142,2.10436814046065,4.61742407088013,2.56418024599381
1.57925106206229,20.3454540032091,18.9167144726719,14.1700605724952,1.97506133938743,4.95565958383821,2.68681916696621
1.48078165035184,20.5555635201137,19.0366818594543,14.0988825186528,1.79109791457834,5.28504280161682,2.79723111342909
1.30586206759293,20.6404702207209,19.0149442512022,13.9213370219551,1.51278118568388,5.575901584266,2.8912037086517
1.04022128454037,20.579214486415,18.8331773715958,13.6209885726858,1.1024444247082,5.79547553781931,2.96438572258095
0.677605577787801,20.3634857960966,18.4871824148674,13.1912090968723,0.531928477694848,5.91306539123421,3.01314632562404
0.222340396020488,20.0014267581199,17.9904251650031,12.6384773215118,-0.210329898192517,5.90616624499795,3.03549396216368
-0.31037147337279,19.5178287383638,17.3735028069402,11.982645895809,-1.11561713019377,5.76537594155402,3.03167757359724
-0.896895390288986,18.9500689244778,16.6790858102036,11.2535913984268,-2.15660564453939,5.49599215401011,3.00417673079708
-1.509524043322,18.3411933097392,15.9541111800205,10.4854580581822,-3.29372461054161,5.11574974144146,2.95708921056442
-2.12112393734208,17.7327311889605,15.2421252042337,9.71073778224941,-4.48344419636149,4.65000575652707,2.89521859996499
-2.70867743527773,17.1593769644673,14.5779919507344,8.95602749565608,-5.68544732335364,4.1264870679393,2.8232334457583
-3.25518704218545,16.6462897313231,13.9855850495477,8.2400828223138,-6.86703599571135,3.57121068466819,2.74512224375655
-3.75016424820129,16.2085876809958,13.4778303473937,7.57375631345529,-8.0047144568674,3.00614330969978,2.6639719302949
-4.18923029132715,15.8521698383236,13.0580616850484,6.96102182999375,-9.08377642642825,2.44837448767684,2.58197946044279
-4.57330226457317,15.5751107960291,12.7218421950816,6.40039116566694,-10.0968550907049,1.91027670215372,2.50058254196424
-4.90765343077553,15.369178553975,12.4587696428819,5.88630248404305,-11.0421461185101,1.40016337093082,2.42062363267728
-5.20097452264235,15.2212848316829,12.2540773895803,5.41029750202621,-11.9217079210799,0.923114144963795,2.342499890801
-5.4644716143734,15.1148219636927,12.0900015247726,4.96194666668591,-12.7400187921109,0.481786607401599,2.26628172895439
-5.7110054876011,15.0308907446695,11.9469407265966,4.5295456886486,-13.5028419798149,0.0771330837275928,2.1918005114634
-5.95427959280894,14.9494232766168,11.804439047739,4.10062765627161,-14.2163863917657,-0.291005314501909,2.11871438104739
-6.20809383089422,14.8501923836882,11.6420134961711,3.66234108188232,-14.8867206188221,-0.623431291889388,2.04656365785615
-6.48568329428716,14.7136979115885,11.4398509406115,3.2017521323023,-15.5193813097188,-0.921244677790628,1.97482622326116
-6.79914877548131,14.5219391386378,11.1794201762258,2.70614496000057,-16.1191064967623,-1.18560503291055,1.90298042239507
-7.15896222863423,14.2591165802011,10.844078872002,2.16341416247832,-16.6896212375068,-1.41758644009276,1.83057908300763
-7.57350596429856,13.9123396657336,10.4197844952436,1.56265630430863,-17.2334122678047,-1.61810074429546,1.75733339351945
-8.04859431051027,13.4724256333111,9.89601798058029,0.895054314181046,-17.7514559254972,-1.78785992195818,1.68319938052684
-8.58694580169964,12.9348359904639,9.26697278584616,0.155088324242334,-18.2429114304744,-1.92734722582271,1.6084528427801
-9.18762972804812,12.3006987823872,8.53293680873343,-0.658012557540158,-18.704853148215,-2.03677406391572,1.53373267431389
-9.8455930403541,11.5777243094644,7.70161883200156,-1.53882595837487,-19.1321719341966,-2.1160171355949,1.46003127365288
-10.5514503429497,10.7806916024578,6.78900630232972,-2.47470071438847,-19.5177977636649,-2.16455518337753,1.38861816141983
-11.2917455817543,9.93113893923323,5.81927881099967,-3.44559132594741,-19.8533553957172,-2.18144724477935,1.3208999236791
-12.0498323362822,9.05599612017887,4.82341945532206,-4.42511739333828,-20.1302535033996,-2.16540104743837,1.25824150975488
-12.8073675392714,8.18515456114035,3.83647596253525,-5.38291639631344,-20.3410517215156,-2.11496169159203,1.2017916970993
-13.5462136153516,7.34831254085265,2.8938439236055,-6.2879634709406,-20.4808086997858,-2.02880998571754,1.15236057644587
-14.2503737143236,6.57172663296106,2.02731940003905,-7.11217392737083,-20.5480577471373,-1.90611407570165,1.11038588807098
-14.907526246794,5.87560652280555,1.26182453238235,-7.83344657146644,-20.5451317177204,-1.74685080996244,1.07600149165042
-15.5098239268369,5.27272962744082,0.61354262007564,-8.43744974176007,-20.4777543209387,-1.55201958723201,1.04919338658689
-16.0538524425436,4.76846683352998,0.0897490200099718,-8.91786283623513,-20.3540533697444,-1.323706951847,1.03000563853175
-16.5399062102901,4.36196635508137,-0.309916056769059,-9.27528615231016,-20.1833226983464,-1.06500377021351,1.01874683350005
-16.9709153781774,4.04793990134326,-0.591372473754617,-9.51539318122586,-19.9748871057422,-0.779805579835078,1.01614915976656
-17.3513823037345,3.8184494254035,-0.763944047903684,-9.64698086742749,-19.7373107732333,-0.472531339717177,1.02344412195078
-17.686574413761,3.66427683521715,-0.838641335882312,-9.68039191468141,-19.478004093322,-0.147783490638822,1.04233578156808
-17.9820483222256,3.57574773267945,-0.827064841976851,-9.62647277622715,-19.2031119695389,0.190042798509461,1.07486905923764
-18.2434259226317,3.5431399260899,-0.740797187488295,-9.49594308284432,-18.9174642531125,0.537200416726569,1.12320430283565
-18.4762533905015,3.55695825607631,-0.590967306135944,-9.29888426271823,-18.6243534167937,0.891075925238994,1.18932062910405
-18.6857596406759,3.60837939266085,-0.38764090433282,-9.04403733616767,-18.3249710952199,1.25069930805358,1.27468247720985
-18.8763830907196,3.6900781585765,-0.138803306067659,-8.73771913797015,-18.0174729380163,1.61723174468864,1.37991900078843
-19.0510395606341,3.79746761883756,0.15108256997624,-8.38238612067143,-17.6958305914396,1.99435300039168,1.50458240794223
-19.2102363558812,3.93016095182382,0.482696579460772,-7.97513220090744,-17.3488216193662,2.38844094631613,1.64705907910133
-19.3512554806759,4.09326927817768,0.863198094738695,-7.50659973798315,-16.959614457511,2.80842891913681,1.8046903798178
-19.4676723495068,4.29808830367019,1.30676993987879,-6.96079166365126,-16.5063327859042,3.26526046862161,1.97410862041111
-19.5494029899128,4.56186550281425,1.83405000522026,-6.31604424416609,-15.9637174665258,3.77093306580235,2.15171904363336
-19.5833068730172,4.90662936592221,2.47048291393696,-5.54705134707593,-15.3056687539386,4.33719686370161,2.33419552713995
-19.5542122749471,5.35733077123853,3.24392531474717,-4.62754902866923,-14.5082562297526,4.97399868959937,2.51884098620648
-19.4461839731132,5.93961190379625,4.18188020544754,-3.5332737406139,-13.5528690254639,5.68770316012131,2.70369932695188
-19.2439578939329,6.67732267815161,5.30846869501874,-2.24512118112219,-12.4295054219143,6.47899968289512,2.88736586143267
-18.9346765418772,7.58953926410081,6.64080018010828,-0.752897399296216,-11.1405802527312,7.34028414602917,3.06849072385515
-18.5102786064434,8.68647402429053,8.18399280159547,0.939573937790598,-9.70581327735736,8.2523042998576,3.24499413914663
-17.9709965436062,9.96353040104283,9.92401519205215,2.80725619123706,-8.16844537269114,9.18017393839213,3.41304709375656
-17.3301599443028,11.3932591029902,11.8182701254909,4.79483717353273,-6.60175740306522,10.0697936667898,3.5659939662301
-16.6194782990274,12.9167958599472,13.7862059747624,6.80862663483096,-5.11219251525365,10.847477805656,3.6936877589663
-15.8919108974899,14.4398817663038,15.7064924476977,8.71651035229916,-3.83199083883176,11.4274729037709,3.78310587108083
-15.2172001885362,15.8417831539462,17.4306579008796,10.3656949413271,-2.89411141120878,11.7311682306322,3.82111512227114
-14.6666922641931,17.0022675585726,18.8181253376795,11.6213784586048,-2.3917734840349,11.7143250542,3.79904520788043
-14.2918710664265,17.838182156371,19.7803990392677,12.411162659153,-2.34237471312752,11.3874724344363,3.71659094794866
-14.1090665172616,18.3280899749838,20.3075856223797,12.7471483012392,-2.68121917911403,10.8137075281589,3.58203656792135
-14.0997402337351,18.5097819160698,20.4607135719697,12.7116508737055,-3.28972316773678,10.0845854688549,3.40856490553265
-14.2233444596701,18.4569794617592,20.3402099464502,12.420799382876,-4.03672211335917,9.29111406354308,3.20950886450261
-14.4325206186357,18.2531027717598,20.0532513782424,11.9904229066409,-4.80927533005034,8.50513341442634,2.99529948105564
-14.6835562722332,17.9738129674984,19.6934359571102,11.5167433245141,-5.52550236442906,7.77393264901539,2.77269703193157
-14.9411086938322,17.6795128884585,19.3330632501963,11.0705472726168,-6.13465112179671,7.12304167416223,2.54545839579795
-15.179256851197,17.4140234446213,19.022764818968,10.698586168956,-6.61184987333076,6.56171620202453,2.31549480885152
-15.3810332957571,17.2057166544623,18.7938009695445,10.4272315073377,-6.95212910298248,6.08812670652919,2.08398553673964
-15.5376397492874,17.0690829734481,18.6606251812399,10.2660425409958,-7.16528554181511,5.69334928755461,1.85223773594614
-15.6476679328226,17.0062121709451,18.6231661577849,10.2108051653951,-7.27148678753518,5.36426358893164,1.62221848201989
-15.716127268011,17.008530587228,18.6692695176607,10.246516590304,-7.29702042393034,5.08573577563141,1.39672567229467
-15.7529549638035,17.0593416707301,18.7779346841915,10.3509009680187,-7.26985525192403,4.84238457027614,1.17920585991368
-15.7709066917456,17.1373462888814,18.9235285714663,10.4985746762187,-7.21529028792424,4.62003152746508,0.973303449145385
-15.7831255096784,17.2206608380462,19.0804099471137,10.6653081822807,-7.15246079707509,4.40677343973599,0.782305111325537
-15.8009749657512,17.2903789584115,19.2268944791752,10.8314396285748,-7.09248028612924,4.19357349677341,0.608666127042042
-15.8326837218007,17.3327890615318,19.347604695824,10.9836736298503,-7.03850130045367,3.97434927520921,0.453746601769749
-15.8830194544783,17.3399013622948,19.4338807876558,11.1151023834819,-6.98732438581907,3.74566022808022,0.317782079059346
-15.9538249311256,17.3085659180692,19.4826273662765,11.2238920293398,-6.93178129743622,3.50617471442229,0.200028126421829
-16.0450240649491,17.2388259674069,19.4943520369544,11.3113616684555,-6.86311684608595,3.25609225192145,0.0989877472731195
-16.155692640343,17.1321665691463,19.4711396801982,11.3801148430798,-6.77286489401003,2.9966365139522,0.0126466451600563
-16.2849088706522,16.9901181262472,19.4150612737818,11.4326287086631,-6.65403935195478,2.72966424120939,-0.0613237476465841
-16.4322497040726,16.8134270541377,19.3272308223781,11.4704402608724,-6.50169645341662,2.45738482872954,-0.125405189839991
-16.5979181975848,16.601812222313,19.2075084957092,11.493882845557,-6.31303548896276,2.18216193627668,-0.182106409519658
-16.7825602497573,16.3542095582767,19.0547250736594,11.5022319285204,-6.08722157856019,1.90636525265705,-0.233860134948323
-16.9868654284753,16.0693519865909,18.8672511933259,11.4940927036062,-5.82508069670307,1.63224769381838,-0.282934496497334
-17.2110609052974,15.7465137179445,18.6437261614163,11.4678752653283,-5.52876818887905,1.3618334859215,-0.331355201902697
-17.4544089867019,15.386250746529,18.3837755878424,11.4222356638653,-5.20146653013877,1.09681197669161,-0.380839721163202
-17.7148102141029,14.9909871628179,18.0885756258514,11.3564014242696,-4.84713407160881,0.83843927720411,-0.432747643075764
-17.9885944239244,14.5653296355029,17.76116142902,11.2703412240874,-4.4703056542627,0.587454680388783,-0.488051976144332
-18.270550404752,14.116040814235,17.4064270665596,11.1647756014636,-4.0759365438463,0.344021127954276,-0.547334717482695
-18.5542028590131,13.651662824316,17.0308193131819,11.0410547511536,-3.6692796729858,0.10769868020571,-0.610807185262918
-18.8323003244007,13.1818452120211,16.6417807457616,10.9009478599097,-3.25578868024362,-0.122542869622554,-0.67835234603036
-19.097439111518,12.7164839950728,16.2470380199416,10.7463946085638,-2.84104206027464,-0.348270729934028,-0.749583614208469
-19.3427260380177,12.2648080466871,15.8538512119431,10.5792648765244,-2.43068487635051,-0.571498919722863,-0.823913070984097
-19.5623810948267,11.8345494766832,15.4683361066271,10.401160273235,-2.03038349503464,-0.794569367292147,-0.900621957707714
-19.752199344704,11.4313088318151,15.0949472289087,10.2132756652979,-1.64578689904665,-1.02001527822085,-0.97892740544646
-19.9098224004247,11.0581826692733,14.7361730076532,10.0163243401227,-1.28248685195847,-1.25041847164257,-1.0580410885813
-20.0348054738286,10.7156723230273,14.39245549148,9.81051992079727,-0.945969762161671,-1.48827133728739,-1.13721725785139
-20.128498285438,10.4018486927526,14.0623131403376,9.5956026153366,-0.641555692225253,-1.73585181802788,-1.21578902055979
-20.193782069354,10.1127155756462,13.7426212523938,9.37089648471406,-0.374323817046864,-1.9951169425113,-1.29319269318864
-20.2347178777455,9.84269638734523,13.4289920962016,9.13538661424518,-0.149027391795682,-2.2676173158881,-1.36898064292921
-20.2561635154499,9.58516628153171,13.1161954865201,8.88780878348848,0.0299963467608565,-2.55443192481971,-1.44282343778277
-20.2634090169491,9.33296140174075,12.7985682500465,8.62674786342997,0.158915751577403,-2.85611985855431,-1.51450243339862
-20.2618666773504,9.07881572751347,12.470375142713,8.3507439685864,0.234490263409709,-3.17268339712083,-1.58389416937856
-20.2568345755309,8.8156990077799,12.1261008776905,8.05840699456358,0.25415192471552,-3.50353565150708,-1.65094807414127
-20.2533357908224,8.53705196920887,11.7606697468336,7.74854074316973,0.216087179923219,-3.84746580237905,-1.71565894963052
-20.2560218493191,8.23693361359318,11.3696031884119,7.42027765613475,0.119326843305453,-4.2025961301226,-1.7780355455796
-20.2691198785797,7.91010787234047,10.9491349470526,7.07322439236144,-0.0361458344071621,-4.56632756922142,-1.83806633258214
-20.2963985829105,7.55210269078729,10.4963075657743,6.70761686763555,-0.249259415244822,-4.93527454212373,-1.8956834761943
-20.341127941742,7.15927457708988,10.009073151846,6.32448049224107,-0.517684773332626,-5.30519551387898,-1.95072617518362
-20.4060104851272,6.7289067932434,9.48641607904989,5.9257864936851,-0.837633314042568,-5.67093317172891,-2.00290509871087
-20.4930677994213,6.25936036962952,8.92850589743634,5.51458794779941,-1.20363677006234,-6.02638724793675,-2.05177075335353
-20.6034747024942,5.75028375753392,8.33687516226487,5.09510957180931,-1.60834003225005,-6.36455276521955,-2.09669019277252
-20.7373461732776,5.2028685726822,7.71459943361293,4.67275502017141,-2.0423601109171,-6.67766438470086,-2.13683827753335
-20.8934992705113,4.6201156108094,7.06643694994332,4.25398809976623,-2.4942857136389,-6.95748895410071,-2.17121103770679
-21.0692325086435,4.00704975394013,6.39886773608782,3.84604608794245,-2.9509042060962,-7.19579668936721,-2.19866843338419
-21.2601841479263,3.37080185335057,5.7199643539326,3.45646160354164,-3.39773288965989,-7.38501057818594,-2.21801061774319
-21.4603396013403,2.7204719797817,5.03903930617679,3.09240879766212,-3.81988686281991,-7.51898246690362,-2.22808478323107
-21.6622463241245,2.06671414127073,4.3660545877071,2.75994592423415,-4.20323339576898,-7.5937830969726,-2.22790958406778
-21.8574558682415,1.42104201905507,3.71084320750693,2.46328223351478,-4.53568037614174,-7.60834569842601,-2.21679418360243
-22.0371533901348,0.794935516334794,3.08226064618934,2.2042252691858,-4.80836406208519,-7.56479829640207,-2.19442425284151
-22.1928757019526,0.198898055908217,2.48742503777638,1.98194184410823,-5.01648546875836,-7.46837626791441,-2.16089197955485
-22.3171871914947,-0.358360025619346,1.93119343455905,1.79309130713091,-5.15961780129611,-7.3269119089808,-2.11666131005637
-22.4041955850952,-0.870471881382237,1.41595765078119,1.63229121274779,-5.24144644712245,-7.15001022660975,-2.06247781466831
-22.4498409963412,-1.33363869069905,0.94175469924633,1.49279567766598,-5.26904843925871,-6.94809156707569,-1.99924678917316
-22.4519571004753,-1.74655683351309,0.506612520313118,1.36723643561596,-5.25190994780906,-6.73148664900382,-1.92790795736443
-22.4101546979715,-2.11013652846785,0.107017756606735,1.24829848015424,-5.20089249803474,-6.50971788807969,-1.84933031547271
-22.3256004281218,-2.42711824177403,-0.261599115152042,1.12925487366106,-5.12730680013954,-6.29102533583255,-1.76424053488119
-22.2007577679155,-2.70167484664274,-0.604430983830694,1.0043409823271,-5.04217440601481,-6.08212860216765,-1.67318802987896
-22.0391351134517,-2.93905133837756,-0.926942177023014,0.868987968676047,-4.95568606624807,-5.88817533598715,-1.57654259569393
-21.8450590060676,-3.14525673844912,-1.23459294422663,0.719952903467608,-4.87681968851623,-5.71281327059129,-1.47451714826735
-21.6234678241304,-3.32679465209919,-1.53261669671303,0.555381864229368,-4.81306283491221,-5.5583283017247,-1.36720760101721
-21.3797068134106,-3.49040335730696,-1.82582062718081,0.374830022811516,-4.7701890884205,-5.42580579201765,-1.25464289142947
-21.1192999519656,-3.64277316198628,-2.11838520602683,0.179245856784703,-4.75205650551991,-5.31528884073834,-1.13683944745123
-20.8476780419184,-3.79021677193933,-2.41365038282249,-0.0290894127524479,-4.760422908617,-5.22592170012673,-1.01385536288524
-20.5698545024907,-3.93828574831983,-2.7138931393201,-0.246687253356337,-4.794800898914,-5.15607721862283,-0.885840061786436
-20.2900592796483,-4.09135021431068,-3.02011915450256,-0.469065430804312,-4.85239918390613,-5.10347395883443,-0.753075471379442
-20.0113633664411,-4.25218530173985,-3.33190664585718,-0.69106609954371,-4.92820924549474,-5.06529152113479,-0.616005009157175
-19.7353466577589,-4.42162986473081,-3.64734813844778,-0.907276945111009,-5.0152910145884,-5.03829195749154,-0.475247395382298
-19.4618731424586,-4.59839276215702,-3.96313141910202,-1.11252786052456,-5.10528409662946,-5.01895137539182,-0.331593618844405
-19.189033824895,-4.77907280689741,-4.27478210024485,-1.30240724044505,-5.18912441714628,-5.00359999018067,-0.185987261097893
-18.9132960109749,-4.95842790038464,-4.57705918566298,-1.47372037124809,-5.25789019500994,-4.98856262333849,-0.0394904417036859
-18.6298606086075,-5.12988171298634,-4.86445922151669,-1.62480720541361,-5.30365333420433,-4.97028720699241,0.106760662358243
-18.333185410922,-5.28620441499514,-5.13175496916223,-1.7556540397279,-5.32019142492259,-4.94544808368545,0.251605929993703
-18.017595038547,-5.42026326997888,-5.37448180946165,-1.86777192138507,-5.30343368409992,-4.91101461720501,0.393912395709096
-17.6778791956265,-5.52572293144571,-5.58929487910304,-1.96386410929237,-5.25156958461359,-4.86428280426186,0.532622553043065
-17.3097862430153,-5.59758948570532,-5.7741497444844,-2.04735027146921,-5.16482502889274,-4.80287562359939,0.666797127335449
-16.9103468645958,-5.63253162032342,-5.92829950715361,-2.12184179392203,-5.04498286173278,-4.7247239191253,0.795650363821708
-16.4780028499213,-5.6289632649943,-6.05213860238862,-2.19066309914833,-4.89476971769225,-4.62804164392272,0.918576257882176
-16.0125560622355,-5.58691886670421,-6.14694768277668,-2.25649064345728,-4.71723899560793,-4.51130718636242,1.03516434596012
-15.5149819415862,-5.5077832590463,-6.21460057592101,-2.32114463913543,-4.51525421675888,-4.37325784834126,1.14520403333534
-14.9871648744077,-5.39394830511929,-6.25728552988849,-2.38553147818302,-4.29113261495612,-4.21289950106062,1.24867715219744
-14.4316107033386,-5.24846109496897,-6.27727545984034,-2.44970760565897,-4.04646285944486,-4.02952993681565,1.34573947827633
-13.8511791325351,-5.0747104457838,-6.27676276527076,-2.5130226196859,-3.78207605555314,-3.82277307015294,1.43669298693822
-13.2488623335574,-4.87617764173693,-6.25775890298714,-2.5742995767671,-3.49813102868541,-3.59262164968989,1.52195140069534
-12.6276205941296,-4.65625941524854,-6.22204950214488,-2.6320193277372,-3.19427191650207,-3.339487515369,1.60200186148053
-11.9902743635635,-4.41815888586309,-6.17119218704761,-2.68448801807101,-2.86982315597755,-3.06425970826279,1.67736535041067
-11.3394452811508,-4.16483371801418,-6.10654477098926,-2.72997861517165,-2.52399825466624,-2.76837121355546,1.74855792395858
-10.6775359025808,-3.89898876009907,-6.02931403979917,-2.76684622378495,-2.15610974152628,-2.45387441663928,1.81605413968018
-10.0067376856295,-3.62310113111276,-5.94061837402103,-2.79362241020708,-1.76577583757851,-2.1235234169929,1.88025343614246
-9.32905790945264,-3.33946746229861,-5.84155982002414,-2.80909606684028,-1.35312362285713,-1.78085813593315,1.94144986084073
-8.64635767012181,-3.05026466681423,-5.73330240271602,-2.8123881965619,-0.918988758979037,-1.43028072575972,1.99980553058269
-7.96039421364486,-2.75761650321082,-5.61715321313871,-2.80302595986351,-0.465108455969941,-1.07710924661551,2.05532859963258
-7.27286141999441,-2.46365808519311,-5.49464114050088,-2.78101780731577,0.00570216850041794,-0.727587392578003,2.10785729177981
-6.58542225574004,-2.1705894789672,-5.36758526700692,-2.74692675490735,0.48940915118208,-0.388823343225477,2.15705259946969
-5.89972680305978,-1.88070813709893,-5.23814148331135,-2.70193319790599,0.980682879927522,-0.0686277471471426,2.20240329030479
-5.21740967184986,-1.59640911882996,-5.10881293370038,-2.64787290218639,1.47292220689058,0.224776315401059,2.24324741592577
-4.54006201514076,-1.3201432196913,-4.98240919137861,-2.5872315170517,1.95841818223165,0.483185990058077,2.27881393949814
-3.86917679154234,-1.05432774026425,-4.86194270719296,-2.52307646867088,2.42868670799981,0.698983625817203,2.30828576287985
-3.20607155563752,-0.80121340983462,-4.75046059410644,-2.45891287689244,2.87497481293284,0.865787819143304,2.33088109944399
-2.55180007112524,-0.562722980738275,-4.65082484893863,-2.39846339428586,3.28890640109808,0.979105100678074,2.34594446591421
-1.90707021713148,-0.340288863109075,-4.56547116550486,-2.34539077295764,3.66318902056987,1.0368688803715,2.35303334063058
-1.27218799515441,-0.134723784484056,-4.49618913798932,-2.3030008939427,3.99226946749748,1.03975165614607,2.35198420749431
-0.647043748682931,0.0538446139338991,-4.44396825606008,-2.27397516314713,4.27281996177586,0.991171988172092,2.34294422595711
-0.0311471663082212,0.225957904290416,-4.40894160755705,-2.26017846924277,4.50396624634183,0.896982647497567,2.32636208098456
0.576294530250113,0.382732164247146,-4.39043616118356,-2.26257201110159,4.68722655667346,0.764898720070306,2.30294127997765
1.17627090512952,0.525705277723299,-4.38711356366907,-2.28123547909122,4.82619474766569,0.603777514210392,2.27356751117237
1.76985512267751,0.656657287983142,-4.39716795671019,-2.31547992410202,4.92604867421714,0.422878653250344,2.23922571385722
2.35810091244507,0.777434285418558,-4.41854238695248,-2.36401879015477,4.99298273735939,0.231212913455842,2.20092146232278
2.94196037872912,0.889797257267711,-4.44913202468617,-2.42516241836866,5.03365259043777,0.0370466419912381,2.15961662319665
3.52222500806027,0.995304695155084,-4.48695546668218,-2.49700816207108,5.05469186566565,-0.152416475167426,2.116183403927
4.09948534454846,1.09522630666819,-4.53028910001272,-2.57760913323329,5.06232928736094,-0.331189339835387,2.07137592666083
4.67410085988941,1.19047780180411,-4.57776968567428,-2.6651149794671,5.06210946301863,-0.494523542711758,2.02581528513029
5.24617089535748,1.28156438616306,-4.62847525750564,-2.75788532198892,5.05870606964188,-0.63883782943219,1.97998271686141
5.81549994619109,1.36852309648306,-4.68199401487026,-2.85457972286494,5.05581165343715,-0.761587945623884,1.93421558953095
6.38155566650715,1.45086093367175,-4.73848573354804,-2.95422760245672,5.05609123063396,-0.861105823906274,1.88870188413115
6.94342555064145,1.5274963020312,-4.79873121382458,-3.05627827110233,5.06119417705701,-0.936428859406155,1.84347054673171
7.49978765332665,1.59672440299057,-4.86415377876124,-3.16062639211752,5.07182725341491,-0.987134728947599,1.79837754091605
8.0489200737423,1.65624009640731,-4.93678561565875,-3.26760355067358,5.08789734440736,-1.01319447633925,1.75309085828049
8.58877926196667,1.7032585397501,-5.01914608143884,-3.37792478712157,5.10873120382932,-1.01485571616875,1.70708205538777
9.11717222364529,1.7347660494006,-5.11400632560996,-3.49258291192193,5.13336689064303,-0.992566734844132,1.65963607926117
9.63202655065985,1.74790350152449,-5.22404092651681,-3.6126947794536,5.16088677210446,-0.946947905189225,1.60989290225686
10.1317253363649,1.74043375494003,-5.35141067590653,-3.73932001815693,5.1907321742193,-0.878806583182916,1.55693066037396
10.6154342261858,1.71119171195001,-5.49736443241925,-3.87328608285679,5.22292200809705,-0.789176304063479,1.49988873839234
11.0833292323147,1.66039353392028,-5.6619643044831,-4.01505412959587,5.25811152603956,-0.67934722829518,1.43811317913871
11.5366562041821,1.58971556281425,-5.84400690080946,-4.16464429745977,5.29747761580509,-0.550852755836499,1.37129367635678
11.9776116962602,1.50213495099832,-6.04114339239199,-4.32161459013233,5.34248232078127,-0.405393450794898,1.29955993459525
12.4090979846959,1.40160766898397,-6.25013169460866,-4.48506960214653,5.39460908183436,-0.244708557008925,1.22351757488301
12.834435807916,1.2926973061389,-6.46712501093105,-4.65367351044414,5.45516234152062,-0.070431755804936,1.14422307319275
13.2571053426674,1.18024690220749,-6.68792139003188,-4.82565334798696,5.52517853076018,0.1160233437763,1.06311275655513
13.6805471224193,1.06913214840729,-6.90814578453806,-4.99879371046804,5.60544492094336,0.313514424405136,0.981906587284024
14.1080175063652,0.964084611744664,-7.12337847615188,-5.17043504617303,5.69658838311273,0.521148987424774,0.902504680381703
14.5424743209639,0.869548933280452,-7.32926493059148,-5.33749298937957,5.7991863409856,0.738204760184683,0.826888378734133
14.986468163002,0.789538248626915,-7.52164238976369,-5.49651751313093,5.91385994618123,0.964021637705828,0.757032471676132
15.4420260859918,0.727467162113547,-7.69670593542208,-5.64380912722511,6.04132385906649,1.19789834909255,0.694832215179194
15.9105288623135,0.68596120562052,-7.85121917861604,-5.77560437365337,6.18238059524485,1.43902090639775,0.642047577218385
16.3925954531358,0.666659271498577,-7.98275719470032,-5.88833364570511,6.33785767099929,1.68643808601585,0.600266335045543
16.8879960612734,0.670037804970755,-8.08995461400032,-5.97894114837909,6.50849324323729,1.93908607284969,0.570886290142525
17.3956176676833,0.695291756936701,-8.17272121961571,-6.04524123969978,6.69478229831256,2.19585370700634,0.555114530152869
17.9135043689426,0.74030855108518,-8.23238084791776,-6.0862693043057,6.89680259896581,2.45567404041834,0.553978519405359
18.438991063391,0.801769971398252,-8.27168531441725,-6.10256954569876,7.11404921221849,2.71762809151186,0.568340425057647
18.9689446587728,0.875414857097875,-8.29465203728309,-6.09634648406883,7.34531959429867,2.98105212354474,0.598903330381974
19.5001210535978,0.956491762928738,-8.30617304718331,-6.07139219081941,7.58870718035882,3.24564836527543,0.646196878889686
20.0296349957758,1.04041915851181,-8.31135108247304,-6.03269296739435,7.84177610512921,3.51160775681716,0.710531742049629
20.5555164561486,1.12364011935912,-8.31454869790433,-5.98563104849086,8.10199272179275,3.77975804753474,0.791918674465306
21.0772866884346,1.20459765468142,-8.318204835066,-5.93475126372574,8.36746454183494,4.05174711161843,0.889960166216867
21.5964335414616,1.28466633818795,-8.32158535850474,-5.88217950354403,8.63796636153536,4.33025609882505,1.0037402877443
22.116620827027,1.36878338428736,-8.31976445295796,-5.82595384146601,8.91611349780056,4.61921023798029,1.13175629072004
22.6434697101954,1.46548778120123,-8.30321395235543,-5.75870153225157,9.20840582204729,4.92392472266177,1.27194310594869
23.1838355180174,1.58616572995917,-8.25831821862823,-5.66715430557209,9.52578871015734,5.25110556854695,1.42182627431002
23.7446614452315,1.74352522244518,-8.16889433621719,-5.53283981586055,9.88343950883588,5.60863741114701,1.57879597202615
24.3316460617127,1.94958739199722,-8.01846755836693,-5.33393604428574,10.2997027905704,6.005132866377,1.7404397530136
24.9480104680047,2.21362304864017,-7.7928238276393,-5.04790807553116,10.7943584151417,6.44926606923501,1.90483461878365
25.5935476939504,2.54037198705423,-7.48239648844661,-4.65439903258691,11.3865440376238,6.94892734340485,2.07070295783742
26.2639405447447,2.92860883465417,-7.08433091555402,-4.13802197271135,12.0925657822173,7.51019245787452,2.23737614072068
26.9501655321466,3.36983040823276,-6.60443188582233,-3.49108849099256,12.9235605907061,8.13600897656694,2.40455425310559
27.6377556565852,3.8466987551842,-6.0594274803065,-2.71668955341984,13.8826654603284,8.82440464994622,2.57187287388004
28.3058147242946,4.33097485039235,-5.47993683842608,-1.83270621268972,14.9611649963605,9.56598436486392,2.73828551836522
28.9259886532921,4.78109684030561,-4.9140811531812,-0.877075350887049,16.1332139223179,10.3406162570717,2.90127211546359
29.4621554703905,5.14042349533233,-4.43062703413433,0.0863322086185914,17.3494723312937,11.1137192718173,3.05594602238657
29.8723670792102,5.33853919553525,-4.11874391174287,0.963922387900517,18.5317839650996,11.8337079424513,3.19432332176591
30.1150978099511,5.29932033889204,-4.07949248401689,1.63629431555562,19.5738783144207,12.433825780772,3.30534412094931
30.1608162443099,4.95860208051801,-4.40462820507791,1.97676493030719,20.3550066996961,12.8423927718031,3.37644618269526
30.0059115889871,4.28839134128504,-5.14523624935078,1.88578214909226,20.7694863967546,13.0023288755404,3.39697247501744
29.6808706398351,3.31523267042523,-6.28510510699608,1.32817376611317,20.7624305943321,12.892547835906,3.36213140848451
29.2449682063327,2.11813253290119,-7.7385352509869,0.349519135742039,20.3502723385133,12.537537399417,3.27492444863775
28.7689397476894,0.80458370463581,-9.3772033428086,-0.941144452651498,19.6115324212526,11.9976380469059,3.14452968405544
28.316183767928,-0.520211956353092,-11.0687171055795,-2.40964272250732,18.6557827023611,11.3472559128324,2.98244086674851
27.9317710147494,-1.77449038407012,-12.7053673795715,-3.93203569967988,17.5916217204765,10.654875992441,2.79896639592095
27.6405524295887,-2.90671064003168,-14.2152737957281,-5.41371361034133,16.5072839576724,9.97258024617688,2.60152776122956
27.4504663038065,-3.89275894827921,-15.5607692329873,-6.79356529161861,15.4645043050451,9.33424937347372,2.39458606276506
27.3571148704164,-4.72979685198423,-16.7316688072061,-8.04030357476679,14.5001115647645,8.75828190974899,2.18041530904866
27.3477201035279,-5.43029172176514,-17.7381582594061,-9.14654747998706,13.6303167815685,8.25148415987799,1.96010326497187
27.4042025171156,-6.0171204985849,-18.6047382772401,-10.1230785477026,12.8551832980224,7.81255939986606,1.73446769519865
27.5058174715177,-6.51930935745361,-19.3648643984566,-10.9935135766357,12.1627218365055,7.43483502050701,1.50475476449
27.6317860058939,-6.96776555154259,-20.0555356681072,-11.7888431893414,11.5329360660114,7.10838096956118,1.27304614105666
27.7639852521269,-7.39083341460474,-20.7116068805513,-12.5415356307606,10.9421591876151,6.82174956349273,1.0423297501734
27.8893080775826,-7.81021336360643,-21.3604711096153,-13.2796966801327,10.3675193499,6.56344120508491,0.816249160725454
28.001070863872,-8.23821904524926,-22.0183396668653,-14.0224636381204,9.79080869669713,6.32304728781504,0.598638256240668
28.0990356592097,-8.6771526617479,-22.689149458227,-14.7778113352123,9.20087191062759,6.09196170844284,0.393016005818184
28.1881164059193,-9.12083733178481,-23.3662202940531,-15.5431728435799,8.59404394286679,5.8636191169336,0.202206492172457
28.2763148934652,-9.55756308886544,-24.0357840307957,-16.3082477606683,7.97287151535068,5.63334532096198,0.0281658319413638
28.3725914183727,-9.97336510310691,-24.6810393858005,-17.0587503361828,7.34387668020001,5.39799335528963,-0.128001475695854
28.4852020213314,-10.3547454970223,-25.2855898024615,-17.779892827553,6.71520937753639,5.15553932188519,-0.265912651352096
28.6207191491809,-10.6904120789389,-25.8356858963646,-18.4588794963814,6.09477913664911,4.90474848222192,-0.385743434037264
28.783687730305,-10.9720329732621,-26.3212331865438,-19.0862258172408,5.48909865717403,4.64494610481005,-0.48808394247886
28.9767333535007,-11.1942480315112,-26.7358438861419,-19.6560812095843,4.90279759865069,4.37587539350364,-0.573833332182178
29.2009156960636,-11.3542432666816,-27.0763079224466,-20.1658821105002,4.33862844244111,4.09760478371386,-0.644130801196676
29.4561579107372,-11.4511544841368,-27.3418182121497,-20.6156604093405,3.7977596979492,3.81045038524349,-0.700311108619521
29.7416390992041,-11.4854868041402,-27.533191060919,-21.0072593263136,3.28018498507934,3.51489371941345,-0.743872207728837
30.0560894181991,-11.4586568942228,-27.6522246245497,-21.3436193544731,2.78513011725533,3.2114903518019,-0.776446040668572
30.3979673383911,-11.3727006492425,-27.7012583496987,-21.6282182587017,2.31139176409622,2.90077615722324,-0.799767648261725
30.7655255172869,-11.2301443396858,-27.6829398065586,-21.8646911108963,1.85758111766504,2.58318305522876,-0.815640927439123
31.1567874819875,-11.0340098004172,-27.6001701559589,-22.056619188623,1.42227222784662,2.25897569746318,-0.825901250123729
31.5694647712558,-10.7879104341497,-27.45618137311,-22.2074568618497,1.00406906195117,1.92821657790896,-0.832376004645976
32.0008458458884,-10.4961909185275,-27.254692502384,-22.3205585577195,0.601610985681081,1.59076143202549,-0.836844369799549
32.4476857179872,-10.1640663273574,-27.0000943525878,-22.3992687955084,0.21353646363479,1.24628136378978,-0.84099764418144
32.9061206438888,-9.79772362224286,-26.697619307345,-22.4470436389766,-0.161577988629837,0.894304145182197,-0.846401450543103
33.3716258948778,-9.40435819220063,-26.3534626661471,-22.4675787466478,-0.525290345079226,0.534265155907318,-0.85446117155239
33.8390278285744,-8.99212909530189,-25.9748330163787,-22.4649262262555,-0.879367486233655,0.165558576619377,-0.866392036412298
34.3025744131403,-8.57002754363357,-25.5699199916382,-22.4435885063441,-1.22585482949444,-0.212418638829266,-0.883195287514519
34.7560619841334,-8.14766301317195,-25.1477777307192,-22.4085822767086,-1.56713657637393,-0.600234371941737,-0.905641751605256
35.1930107778354,-7.73497920476072,-24.718130504049,-22.3654690179228,-1.90598317976906,-0.998401262844827,-0.934263865240072
35.6068781148193,-7.34191732631766,-24.2911127653358,-22.320350792815,-2.24558307901389,-1.40736619273434,-0.969356734059433
35.9912962316115,-6.97804661363021,-23.8769591086032,-22.2798309846782,-2.58955560086985,-1.82750373133715,-1.01098814394886
36.3403215138718,-6.65218184476373,-23.485660321265,-22.2509396967621,-2.94194135012782,-2.259106080777,-1.05901662083851
36.6486831997893,-6.3720053794807,-23.1266004570351,-22.2410229358922,-3.30716558763024,-2.70236124807246,-1.11311572604919
36.9120217548462,-6.14370752224893,-22.808186875027,-22.2575934386255,-3.68996910137377,-3.15731135851688,-1.17280186170927
37.1271101104426,-5.97165445317288,-22.5374812764493,-22.3081393783101,-4.09529996567787,-3.62378400186393,-1.23746207514345
37.2920540132656,-5.85808808463749,-22.3198350785734,-22.3998848851351,-4.52815825422643,-4.1012910454639,-1.30637780325116
37.4064707866281,-5.8028577439256,-22.1585277832723,-22.5394934748888,-4.99338416939659,-4.58889136560407,-1.37874030801083
37.4716478849122,-5.80318057781582,-22.0544030819456,-22.7327021237655,-5.49537823073775,-5.08501655486733,-1.45365380003516
37.4906828661657,-5.85342777713303,-22.0054961363731,-22.9838708439927,-6.03774071822247,-5.58726240153435,-1.53012301459302
37.4686032002239,-5.94493958337244,-22.0066495288428,-23.2954322603326,-6.62281798710922,-6.09215484065819,-1.60702341308652
37.4124558008327,-6.06588658323216,-22.0491287267716,-23.6672317648208,-7.25114850315003,-6.5949086930293,-1.68305446408122
37.3313406414979,-6.2012207699292,-22.1202751494275,-24.0957674025054,-7.92081623531386,-7.08921258007847,-1.75667999273367
37.2363398967381,-6.33279777012791,-22.2032794846868,-24.5733773234467,-8.62674957245039,-7.56709485575636,-1.8260648120264
37.1402666341229,-6.43979601200212,-22.277217824812,-25.0874875421823,-9.36005556255603,-8.01895115151942,-1.88902386822306
37.0571357295095,-6.49959267335527,-22.3175547222947,-25.6201221671931,-10.1075511918474,-8.43383595864203,-1.94300798307569
37.0012634346425,-6.48924720022431,-22.2973456285379,-26.1479696502958,-10.8517286727983,-8.80012065265526,-1.98515575684306
36.9859586108906,-6.38764701579785,-22.1893110900118,-26.6433388101566,-11.5714281233404,-9.10657274076742,-2.01243844510637
37.0218973087007,-6.17815585470437,-21.9687507151714,-27.0762469938985,-12.2434237849511,-9.34379478846722,-2.02190675067692
37.1154569485266,-5.85130278729803,-21.6169151307795,-27.4175965227848,-12.8449059259354,-9.50578754812089,-2.01101330872125
37.2674492062614,-5.40678938599478,-21.1240747910415,-27.6429492997749,-13.3564838679126,-9.59123909761419,-1.97794230994819
37.4727114993912,-4.85407047503192,-20.4913450371474,-27.7359937830366,-13.7649959496015,-9.60410343949066,-1.92185205522456
37.7208164794075,-4.21110450376795,-19.7305529660367,-27.6906901311679,-14.0653122746735,-9.55319850898001,-1.84295138435814
37.9977935362105,-3.50147202205329,-18.8620436700972,-27.5114305447052,-14.2605829877785,-9.45088069178723,-1.74238854299449
38.2884121485378,-2.75061589643517,-17.9110215563123,-27.211218741585,-14.3609091998795,-9.31117040946081,-1.62200165312819
38.5784353863294,-1.98217217625622,-16.9034351074989,-26.80849440113,-14.3809089999135,-9.14783803157838,-1.48402338968098
38.8563524518078,-1.21518140067568,-15.8623817763157,-26.3235096027989,-14.3368788049574,-8.97286928631368,-1.33082948027625
39.1143353472605,-0.462577346311717,-14.8056623309858,-25.7750704530101,-14.2441809377578,-8.7955128556741,-1.16478318696562
39.3483968527707,0.269026502760642,-13.7446999958104,-25.178161908523,-14.1152605917738,-8.62190641804889,-0.988182612202675
39.557878704332,0.978473244944317,-12.6847299348967,-24.5426710006432,-13.9584660639699,-8.45515893580187,-0.803284465088352
39.7444721476758,1.66845399638163,-11.6259904959474,-23.8732054174088,-13.7776898566921,-8.29573789379359,-0.612362818389889
39.9110029156348,2.34352962739049,-10.5655597210145,-23.1698621858777,-13.5727554737696,-8.14203155738056,-0.417761344209559
40.0602232264409,3.00817141253773,-9.49943126230592,-22.4296922444947,-13.3404039984592,-7.99098894582396,-0.221907515700707
40.1938416247977,3.66518848847919,-8.42440900725054,-21.6485127756445,-13.0756615656246,-7.83876364669906,-0.0272732612767227
40.3119695314806,4.31482593329788,-7.33945009691055,-20.8226650140048,-12.7733066212489,-7.68130051511131,0.163715140235622
40.4130634655421,4.95465707382503,-6.24622631203438,-19.9503449555833,-12.4291419525251,-7.51481559910829,0.348799014662873
40.4943142109866,5.58018998111954,-5.14888402269301,-19.032267228162,-12.0408395364699,-7.33613758042375,0.526012906892321
40.5523233277427,6.18593192428916,-4.05319423147138,-18.0716239471158,-11.6082570925569,-7.14290436269949,0.69378587468524
40.5838553624118,6.76657449007676,-2.96541596556817,-17.0734938434751,-11.1332751882467,-6.9336340677651,0.85099912107193
40.5864757927716,7.317998031009,-1.89120621018645,-16.0439699440622,-10.6193144941318,-6.70770688218545,0.996993405753416
40.5589587202845,7.83791298773959,-0.834815902447567,-14.9892793116765,-10.0707304922886,-6.46529835291096,1.13153150108466
40.5014359171653,8.32609480614753,0.201326453846047,-13.9150915949031,-9.49225297051134,-6.20729785983595,1.25472841063657
40.4153260520826,8.78427536212764,1.21666371601687,-12.8261061358583,-8.88857131691234,-5.93523369113583,1.36696436141347
40.303115804486,9.21580480345225,2.2122838141887,-11.7259157260094,-8.26409837953363,-5.65121393658537,1.46879395299398
40.1680664108875,9.625199873782,3.19053079366093,-10.6170902415854,-7.62289645657791,-5.35788316694802,1.56086124822903
40.0139028220275,10.0176684280358,4.15455082915478,-9.5014047669366,-6.96872398996437,-5.05838906185659,1.64382671109054
39.84452077727,10.3986651307235,5.10784110700165,-8.38014218659306,-6.30515552021108,-4.75634989159402,1.71830873816072
39.6637280877588,10.7735033584484,6.05384004060281,-7.25441593661806,-5.63573202535522,-4.455812009932,1.7848404429007
39.4750238110334,11.1470285898956,6.99557584084116,-6.12547490269493,-4.96410693294824,-4.1611857209658,1.84384125820334
39.281413127272,11.523349350681,7.9353787966397,-4.9949645897695,-4.29416093133025,-3.87714813011477,1.89560253825609
39.0852551973007,11.9056207925094,8.87465914715638,-3.86512579413918,-3.63006504194584,-3.60850343438488,1.94028631448414
38.8881440106929,12.295880066514,9.81375410283526,-2.73891555178322,-2.97627689444596,-3.35999527546822,1.97793635215789
38.6908264567973,12.6949387179255,10.7518510932435,-1.62003770302477,-2.33746127853073,-3.13607281513431,2.00850041107633
38.4931652714885,13.1023423454129,11.6869964666275,-0.5128746030993,-1.71833417652372,-2.94062188006988,2.03186196863272
38.2941556793285,13.5164092889415,12.6161971687463,0.577680707518993,-1.12344015934094,-2.77668359412859,2.04787864792464
38.0920023064983,13.9343564690319,13.5356160913172,1.64648076984642,-0.556885302793916,-2.64619281617599,2.05642343273382
37.8842566366052,14.3525113101471,14.4408501366,2.68844309843813,-0.0220591107339967,-2.54977404091007,2.05742382385647
37.6680065512036,14.7665957979568,15.3272662752854,3.69889423123783,0.47861415926086,-2.48663020135032,2.05089388760145
37.4400999270202,15.1720553430633,16.1903588037258,4.6738922043579,0.94385505429269,-2.45454874863793,2.03695495160383
37.1973774806971,15.5643957275863,17.0260850980173,5.61048228146896,1.3736091038984,-2.4500312044818,2.01584255097636
36.9368877596091,15.939489091868,17.8311397568071,6.50685139721878,1.76901384153378,-2.46853151257919,1.98789968379921
36.6560607262581,16.2938158628186,18.603138008632,7.36236446097291,2.13225810702932,-2.50477073304966,1.95355886039293
36.3528243954073,16.6246218180597,19.340695379612,8.17748546927346,2.46635578263256,-2.55308561833873,1.91331714300694
36.0256591296684,16.929984425482,20.0434073366168,8.95360305460297,2.77486630515732,-2.60776825803211,1.86770898308169
35.6735935460625,17.2087960692931,20.7117457176115,9.69279007854722,3.06159652100861,-2.66336190705958,1.81728115974986
35.2961526577927,17.4606809800595,21.3468960304581,10.3975293370836,3.33031395796678,-2.71489078447066,1.7625728363362
34.8932719016295,17.6858665543334,21.950560950412,11.0704338523023,3.58449323998983,-2.75801503490578,1.70410213313425
34.4651905490381,17.8850289628131,22.5247521016067,11.713983302422,3.82710828378111,-2.78911316386989,1.64235908727916
34.0123355570302,18.0591289450981,23.0715864345464,12.3302905169935,4.06047536614113,-2.80530165368081,1.57780369509991
33.5352036021974,18.2092482138733,23.5930971700179,12.9209055729071,4.28614722653894,-2.8044051795378,1.51086703109685
33.0342451361038,18.3364308440282,24.0910630694056,13.486660470664,4.50485595348954,-2.78489171893112,1.44195317697913
32.5097515190164,18.4415287890344,24.5668549609838,14.0275550677758,4.71650188748172,-2.74578613656298,1.37143987285923
31.9617440149101,18.5250463396138,25.0212945594044,14.5426842032207,4.92018606505224,-2.68657443989758,1.2996763003057
31.3898632677941,18.586976350906,25.4545188894128,15.0302069106924,5.11428412207684,-2.60710952961592,1.22697720528281
30.7932599627564,18.6266224663764,25.8658447000056,15.4873611199534,5.29655951146739,-2.50752802717182,1.15361355472013
30.1704927115973,18.6424082779059,26.2536328293523,15.9105315823312,5.46431329909092,-2.38818644052934,1.07980098648333
29.5194485368655,18.6316882703769,26.615164390555,16.2953850070428,5.61456691366676,-2.24962307595115,1.00568830722347
28.837313577986,18.5905966001122,26.9465589989905,16.6370931502375,5.74427317072287,-2.09254914631714,0.931348997310371
28.1206341457501,18.513995329223,27.2427876477896,16.9306686572736,5.85054959122432,-1.91786813646519,0.856778886454205
27.3655145263052,18.3956048647258,27.4978512825208,17.1714338245582,5.93092579165897,-1.72671675626299,0.781902646896723
26.5679894529947,18.2284016857916,27.7051977876747,17.3556223874214,5.98359262759967,-1.52051463068423,0.706590393120609
25.7245774046941,18.0053352009029,27.8584196862817,17.4810748458257,6.00763423867631,-1.30100492574473,0.630683511986956
24.8329652781759,17.7203382389451,27.9522049660481,17.5479340998777,6.00321636276847,-1.07026666256643,0.554026231984632
23.8927079178126,17.3694955368727,27.9834144072726,17.5591982785844,5.97169865028199,-0.830683384510577,0.476497060061176
22.9057752918092,16.9521300361228,27.9520657470929,17.5209696487053,5.91564036754488,-0.584862428069705,0.398033017384346
21.8767769618396,16.4715210440002,27.8619658958633,17.4422754302848,5.83868158101411,-0.335512118223881,0.31864038870763
20.8127542888005,15.9350207537429,27.720782484422,17.3344290128509,5.74530478010312,-0.0852965191568338,0.238388641907766
19.722540323318,15.3534806833426,27.5394791511009,17.2100181393698,5.64050772987114,0.16330563837787,0.157388490296541
18.6158032370905,14.7400826939363,27.3312050169894,17.0817023645733,5.52943685377718,0.408112057556765,0.0757592673716454
17.5019649622965,14.1088159267255,27.1098603475562,16.9610374156207,5.41703402927925,0.647300040701578,-0.00640662525126073
16.3891976560149,13.4728994401898,26.8886111323276,16.8575115039608,5.30773775696196,0.879415113038253,-0.0890741735031635
15.2836544047603,12.8434160636675,26.6785924981842,16.7779018985834,5.20525866035387,1.1033292340635,-0.172284842945218
14.189015725089,12.2283299127303,26.4879559027938,16.7259750609985,5.11242809342606,1.31815997167291,-0.256160838563376
13.1063608027095,11.6319541097581,26.3213199145989,16.7024890696557,5.03110431602123,1.52316499663281,-0.340893875949245
12.0343211686703,11.0548505327032,26.1796096471668,16.7054245533455,4.96211609736643,1.7176259333643,-0.426720019585904
10.9694491194868,10.4940932087645,26.0602270309478,16.7303665275782,4.90522783300491,1.9007337020567,-0.513883648952553
9.90672844630894,9.94380818695577,25.9574799683502,16.7709739141752,4.85912046138424,2.07148563229693,-0.602594643339526
8.84016160781759,9.39590370697521,25.8632017407706,16.8194942578636,4.82139494023435,2.22860370205502,-0.692983717916166
7.76337709540926,8.840912778902,25.7675011191111,16.867299240621,4.78861608616949,2.37048323793513,-0.785061619187138
6.67020787979062,8.26887636741094,25.6595887616568,16.9054260498261,4.75642038083571,2.49518136918313,-0.878688410378273
5.55519517069719,7.67019535846815,25.5286221984278,16.9251085151506,4.71970863806261,2.60045304287908,-0.973558873214437
4.41397390684745,7.03637589126447,25.3645017831807,16.9182724523101,4.6729316445293,2.68383825970091,-1.06920854987503
3.24350267140941,6.36059329440622,25.1585411381177,16.8779581175499,4.6104558193725,2.74279718322522,-1.16504182289129
2.0421161093582,5.63801418907041,24.9039388521812,16.7986278478145,4.52697270890657,2.77488138146082,-1.26037900820801
0.809403301627298,4.86584908539102,24.5960013692314,16.6763257560294,4.41789969293923,2.77792254464195,-1.35451483505448
-0.454054325979567,4.04315433804971,24.2321090366037,16.5086796558703,4.27971747393327,2.75021762648942,-1.4467774961801
-1.74702686941066,3.17044890287992,23.8114665139686,16.2947663745475,4.11020489224494,2.69069295035109,-1.53657697796967
-3.06799188915283,2.24924185618271,23.3347181908908,16.0348888159123,3.90855794093729,2.59903825488957,-1.62343389158897
-4.41543901044395,1.2815715753348,22.8035259185954,15.7303267504789,3.67540720926164,2.47581160608004,-1.70698457362359
-5.78807911693797,0.269638554596591,22.2201975779832,15.3831200156649,3.4127665025526,2.32252371828918,-1.78696316067575
-7.18493796118278,-0.784418387051407,21.5874284398566,14.9959264290051,3.12395014541795,2.1417128288975,-1.86316521527537
-8.60533442866105,-1.87858578521279,20.908184457054,14.5719742833766,2.81348828213187,1.93701798988537,-1.93539962327021
-10.048756787953,-3.01088797127419,20.1857273434475,14.1151073094965,2.48705284403618,1.71325015333059,-2.00343614697427
-11.5146566484685,-4.17917355137206,19.4237591555626,13.629901251456,2.15138687006738,1.47644810492466,-2.06695591101179
-13.0021835887121,-5.38081156838649,18.6266480966791,13.1218157390631,1.81421083295178,1.23389200155277,-2.12551193254446
-14.509887708497,-6.61234225864005,17.7996842734928,12.5973319871682,1.4840651131257,0.994033713266967,-2.17850687993426
-16.0354252194679,-7.86913880305719,16.949301871517,12.0640162584741,1.1700417409297,0.76629475213034,-2.22519518676797
-17.5753133937757,-9.1451495551202,16.0831946914858,11.5304448390952,0.881366126830117,0.560685822770004,-2.26471554385472
-19.1247912517703,-10.432798844251,15.2102514706303,11.0059352561856,0.626815663520857,0.387224179424166,-2.2961564001451
-20.677843240397,-11.7231181559356,14.340255335406,10.5000579810253,0.414007812283742,0.25516989817821,-2.31865065552081
-22.2274259338034,-13.0061479856835,13.4833348511793,10.0219547145317,0.24864731841495,0.172164207532595,-2.33148688917556
-23.7658988171182,-14.2715920340788,12.6492189129592,9.57955343137775,0.13387047366287,0.14341277648221,-2.33421603753504
-25.2856068402917,-15.5096332089132,11.8464150365282,9.17882302270795,0.0698375414057484,0.171085212651913,-2.32672868962754
-26.779514175184,-16.7117632701068,11.0814709857423,8.82322386935427,0.0536848365527032,0.25407508100762,-2.30928259078059
-28.2417682862114,-17.8714639101287,10.3584691802164,8.51347039670698,0.0798618943665641,0.388182298163476,-2.28247238845608
-29.6680928369886,-18.9846173589535,9.67884114647551,8.24763946527091,0.140779349387183,0.566671637499381,-2.24714946096786
-31.0559592047237,-20.0496026011896,9.04150139758812,8.02156870625312,0.227621327601239,0.781072264331518,-2.20431211835887
-32.4045460003146,-21.0671144193024,8.44322382399337,7.82942793514302,0.331158265631914,1.02204701672526,-2.15499083072751
-33.7145404206017,-22.0397959126396,7.87914562388529,7.66433240895189,0.442429328866063,1.28018073190475,-2.10014925647233
-34.9878526755645,-22.9717889426598,7.34328794080826,7.51889246255996,0.553223771970516,1.54659300398804,-2.04061321986739
-36.2273077715438,-23.8682887007746,6.82901456054806,7.38563935375074,0.656349949829304,1.81334322090878,-1.97703082153477
-37.4363585030554,-24.7351551612298,6.32939081258714,7.25731159435501,0.745721899671371,2.07364358925566,-1.90986048030498
-38.6188404428007,-25.5786006061722,5.837439735917,7.12701791374207,0.816312602187391,2.32192175376476,-1.83938066145572
-39.7787710517992,-26.4049472218054,5.34631548482937,6.98830989586736,0.864025206597322,2.55378148021539,-1.76571463944293
-40.9201833909797,-27.220434249375,4.84942501084803,6.83520234711696,0.885526415501742,2.76590480299084,-1.68886466108726
-42.0469798801465,-28.0310489515504,4.34053108478744,6.66217707240331,0.878076287169389,2.95592876909481,-1.60875125277695
-43.1627917951153,-28.8423574864875,3.81386563705512,6.46419949412776,0.839379612680012,3.12231892205434,-1.52525450310196
-44.270834512488,-29.659318904291,3.26427406137017,6.23676928957024,0.767476940681751,3.26425218603324,-1.43825469830446
-45.3737556177003,-30.4860764790604,2.68739941023856,5.97601638519291,0.660687716714452,3.38151450201516,-1.34766972300766
-46.4734819456189,-31.3257343125019,2.07990102382263,5.67884221165212,0.517612507196345,3.47441337943527,-1.25348641146663
-47.5710806166723,-32.1801414207026,1.43968652218354,5.34309343947794,0.337194496435331,3.54370217961897,-1.15578289600236
-48.6666560190844,-33.0497172114813,0.766122148032208,4.96774304905319,0.118831758275793,3.59051125881115,-1.05473932937762
-49.759306869732,-33.9333573769844,0.0601782757030416,4.5530443948673,-0.137478027558089,3.61628098115429,-0.95063541129812
-50.8471629219417,-34.8284543365344,-0.675531479489697,4.10062130360611,-0.430987454105287,3.62269294221686,-0.843834919053775
-51.9275096344806,-35.7310507694223,-1.43684586341632,3.61346360098394,-0.760075397482153,3.61159820213271,-0.734759595915185
-52.9969935833041,-36.6361215420526,-2.21829182307547,3.09581247572461,-1.12217849099561,3.58494426951282,-0.623856692963292
-54.0518858091007,-37.5379548085473,-3.01343988104128,2.5529400993266,-1.51379808625104,3.54470513012741,-0.511565565133847
-55.0883701519747,-38.4305852566238,-3.81533662583591,1.99084710109245,-1.93058862451452,3.49282003898822,-0.398288626824187
-56.1028209566936,-39.308225946558,-4.61696103804099,1.41591413691934,-2.36751861962949,3.43114661398147,-0.284370705635142
-57.0920404400854,-40.1656514892103,-5.41165349836161,0.834546979008026,-2.81908433045082,3.36143218278513,-0.17008883548782
-58.0534364562995,-40.9984999549216,-6.19347875035305,0.252848900506198,-3.27955107432575,3.28530481578629,-0.055652387146573
-58.9851341444819,-41.8034793052434,-6.95750143009775,-0.323656840414932,-3.74319802151577,3.20428284920179,0.0587883185176948
-59.8860247739744,-42.5784797009131,-7.69996922692331,-0.890243636989737,-4.2045471946457,3.11979943961443,0.173127849033982
-60.7557618808753,-43.3226038452957,-8.4184107031616,-1.44313618504348,-4.65856374764977,3.03323720235554,0.287289227408425
-61.5947175160394,-44.0361324532379,-9.11166111104412,-1.97960791943229,-5.10082032635914,2.94596724310236,0.401208221097391
-62.4039112482585,-44.7204424292023,-9.77983121543286,-2.49802839466056,-5.52762249677332,2.8593867532706,0.514820598297396
-63.1849230408117,-45.3778935894232,-10.4242332420412,-2.99786811217589,-5.93609506750844,2.77494959151939,0.628053550340865
-63.9397990776456,-46.0116973798925,-11.0472766135159,-3.47966827770776,-6.32423143949369,2.6941846745499,0.740821290179039
-64.6709579641967,-46.6257792743972,-11.652345430597,-3.9449838012216,-6.69091077602706,2.61869736101217,0.853023676743647
-65.3811034623861,-47.2246454521479,-12.2436699085851,-4.39630980754352,-7.03589116570627,2.55014915938168,0.964545774896852
-66.0731485417822,-47.8132632062099,-12.8262043828672,-4.83700426169704,-7.35979062467027,2.49021091902422,1.07525572382924
-66.750153899942,-48.3969625919829,-13.405523757303,-5.27122059885195,-7.66407067597787,2.44048422636772,1.1849982807516
-67.4152816202322,-48.9813630668033,-13.9877470128807,-5.70386287813288,-7.9510378993069,2.40238527217758,1.29358193854815
-68.0717609945444,-49.5723227804834,-14.579489809219,-6.14057080015046,-8.22387599286431,2.3769855119147,1.40075846449042
-68.7228595037704,-50.1759004275042,-15.1878385229745,-6.58773272398838,-8.48671393701085,2.36480485646985,1.50619489354854
-69.3718472529726,-50.7983105135802,-15.820326133548,-7.0525122262254,-8.74472477349485,2.36555694772677,1.60943925989194
-70.0219391976366,-51.4458444259887,-16.4848780640036,-7.54285931152008,-9.00423509676072,2.3778535083496,1.70988262511404
-70.6761974463413,-52.1247238989707,-17.1896858634454,-8.06746334322663,-9.27280893069438,2.39888686808657,1.80672134743648
-71.3373765203834,-52.840852471427,-17.9429615336999,-8.63559415150485,-9.55925335686113,2.42412693052528,1.89892513552421
-72.007700525609,-53.5994384832521,-18.7525298426993,-9.25677514676675,-9.87348100691539,2.44708986227278,1.98521823017365
-72.6885734849218,-54.4044829177284,-19.6252349167365,-9.94024346193094,-10.2261623617817,2.45925641192173,2.06408259857416
-73.3802438388932,-55.2581595539582,-20.5661750299443,-10.6941835368311,-10.6281171086311,2.45022959303581,2.13379231650588
-74.0814688580317,-56.1601607565974,-21.5778352775293,-11.5247752747001,-11.0894364664239,2.40821218733296,2.19248588379446
-74.7892477715937,-57.107129162233,-22.6592516615269,-12.4351701501468,-11.6183990217666,2.3208418919285,2.23827678136347
-75.4987027696189,-58.0923237374492,-23.8053894572685,-13.4245784436893,-12.2203288897885,2.17634219292048,2.26939220111843
-76.2031723563883,-59.105654443977,-25.006922972347,-14.4876852153502,-12.8966167828755,1.96484487278716,2.28431812048919
-76.8945378103326,-60.1341505322179,-26.2505404282062,-15.6145797095007,-13.6441421509565,1.67965173190929,2.28192082341605
-77.563739820605,-61.1628150791839,-27.5197717083345,-16.7912737597759,-14.4552702546143,1.31817381828105,2.26151590514711
-78.2013836330033,-62.1757038589324,-28.7961901822669,-18.0007303019943,-15.3184606796173,0.882343628759354,2.22286774480919
-78.7983028755331,-63.1569992848141,-30.0607338911966,-19.2241845469685,-16.2193631040833,0.378425778339748,2.16612163115076
-79.3459688181301,-64.0918607864484,-31.2948721388726,-20.442476296281,-17.1421584382642,-0.183697706139207,2.09168930780649
-79.8366831132404,-64.9669120369438,-32.481413002927,-21.6371426921771,-18.0708720982842,-0.791580894538384,2.00011927610352
-80.2635563133969,-65.770335906837,-33.6048682639899,-22.7911218919013,-18.9904401994184,-1.43138397789775,1.89198321055862
-80.6203277332117,-66.4916470666748,-34.6514142232775,-23.8890412504779,-19.8874119010046,-2.08897133329376,1.76780189867547
-80.9011135792125,-67.1212761022335,-35.608575520706,-24.9171671959546,-20.7502777066341,-2.75082075859873,1.62802317739903
-81.1001801083566,-67.6501253561157,-36.4648046554794,-25.8631590381175,-21.5694947896761,-3.40470153865412,1.47305430796288
-81.2118296694078,-68.069251726604,-37.2091370110979,-26.715794083659,-22.3373262090295,-4.04013402265392,1.30334337278321
-81.230463889384,-68.3698021552953,-37.8310762131496,-27.4648213089478,-23.0476234806266,-4.64867158480532,1.11949788832296
-81.1508454244981,-68.5432686351496,-38.3208042020268,-28.1010539781826,-23.6956637558765,-5.22404949778132,0.922422665740844
-80.9685171340175,-68.5820367798854,-38.6697090388804,-28.6167239148702,-24.2781041926574,-5.76223049644538,0.713453029979975
-80.6802621404208,-68.4800810471701,-38.8710870355363,-29.0059960995454,-24.7930388007992,-6.26135085691508,0.49445581057722
-80.2844279245555,-68.2335468529311,-38.9207422039258,-29.2654136102205,-25.2400525448648,-6.72154285236193,0.267872579379425
-79.7809318238115,-67.8409168408418,-38.8171445128589,-29.3939710725961,-25.6200979267968,-7.14459124243452,0.0366902665331289
-79.1708493631724,-67.3025486912892,-38.560891908535,-29.3925686064969,-25.9350164099754,-7.53338546543587,-0.195657310566441
-78.4556535675772,-66.6196038003961,-38.1534671173152,-29.2628026071373,-26.1866196791187,-7.89116210156764,-0.425433672000067
-77.6363630394511,-65.792685873449,-37.5956145282675,-29.0053487097172,-26.3754195840117,-8.22058959034512,-0.648754933170701
-76.7129806603291,-64.8207435539231,-36.8859408773274,-28.6184630372721,-26.4992910865401,-8.52281459070555,-0.861726072417567
-75.6845895447771,-63.7008372951692,-36.0204258890629,-28.0972421110705,-26.552491429452,-8.79664834962015,-1.06054878581044
-74.5503032617527,-62.4291801144339,-34.993352834419,-27.4341714900631,-26.5254815122768,-9.03810535103136,-1.24161849070161
-73.3109816591016,-61.0034694519376,-33.7997604684928,-26.621163851975,-26.4058718024974,-9.24049687085913,-1.40164635249444
-71.9713031106954,-59.4260348685819,-32.4389739883832,-25.6528044801451,-26.1805423784889,-9.39520505990906,-1.53783819247881
-70.5415357120997,-57.7068859043403,-30.9182507320009,-24.5300090224068,-25.83859990662,-9.49310072615233,-1.64813110367281
-69.0383073689875,-55.8655620208843,-29.255302243323,-23.2629559316853,-25.374447836514,-9.52634335481992,-1.73144151958363
-67.4839240459728,-53.9309351151852,-27.4786456068166,-21.8722106971485,-24.790052069254,-9.49010517223014,-1.78784172654334
-65.9042831149555,-51.9387924726966,-25.6254345039668,-20.3875079309639,-24.0956581908358,-9.38371985051393,-1.81858396337233
-64.3259510489374,-49.927847454458,-23.7373439910784,-18.8445022883448,-23.308745395522,-9.21093634944055,-1.82593974157953
-62.7732411241452,-47.9353531528617,-21.8557489869686,-17.2805051101517,-22.4516289200015,-8.97928318548145,-1.81289142282586
-61.2660158222985,-45.9934720647892,-20.0175093057123,-15.7304275859344,-21.5485146749577,-8.69884122887847,-1.78276256772398
-59.8185621018823,-44.1270776300338,-18.2522086933005,-14.2238282240428,-20.6228058897381,-8.38084100764414,-1.7388787835957
-58.4394886158052,-42.3530688976098,-16.5810442629526,-12.7833956468936,-19.6951634195999,-8.03643192672457,-1.68431924659758
-57.1323488485939,-40.6808606859069,-15.0170671949155,-11.4247117081689,-18.7824544457842,-7.67580701739496,-1.62177638314929
-55.8966372911848,-39.1135633275403,-13.56626958222,-10.1568948558092,-17.8974610254939,-7.30771069706607,-1.55350902478423
-54.7288736095471,-37.6494208614727,-12.2290405342781,-8.98370024399215,-17.0491093386824,-6.93926194946695,-1.48136002995925
-53.6235982480729,-36.283216360684,-11.0016528639579,-7.90475039553712,-16.2429840969198,-6.57599284138659,-1.40680913793123
-52.5741985835595,-35.0074917732478,-9.87759101278943,-6.91669613540963,-15.4819500258506,-6.22200970644206,-1.33103859276551
-51.5735487905441,-33.8135298725747,-8.84864405026187,-6.01421177014108,-14.7667687285392,-5.88020805366139,-1.25499729966616
-50.6144792749821,-32.6921028839547,-7.90575577026443,-5.19079651678072,-14.0966524248947,-5.55249707792974,-1.17945609941257
-49.6901042078274,-31.634018139274,-7.03965702272345,-4.43939091669494,-13.4697315281363,-5.24000933874187,-1.10505145657366
-48.7940367960925,-30.6304978916438,-6.24131648320522,-3.7528324870941,-12.8834332143201,-4.94328441168321,-1.03231766562935
-47.9205179033734,-29.6734279425801,-5.50224583320662,-3.12417851275825,-12.3347778923514,-4.66242319091248,-0.961709116706531
-47.0644791663249,-28.7555045990358,-4.81469078158351,-2.54692215762971,-11.820604342755,-4.39721376795123,-0.893614743524873
-46.2215570036869,-27.8703037086938,-4.17173389615474,-2.01512450116522,-11.3377348274852,-4.14723168893384,-0.828366823129481
-45.388070952542,-27.01229123779,-3.56733054499305,-1.52348154285586,-10.883090889172,-3.91191807955187,-0.766246079683699
-44.5609772197742,-26.1767913641979,-2.99629551453117,-1.06734213917528,-10.4537694185513,-3.69063912216966,-0.707484680318767
-43.7378065186012,-25.3599254565631,-2.45425496875884,-0.642690318075264,-10.0470874256473,-3.48273010052166,-0.652268306579043
-42.9165936578453,-24.5585331007628,-1.93757599218146,-0.246103267643996,-9.66060285335939,-3.28752685663216,-0.600738094770614
-42.0958048883032,-23.770084324582,-1.4432837743035,0.125305648922231,-9.29211774820238,-3.10438712752429,-0.552992901377437
-41.2742676656703,-22.9925902677693,-0.968974414819613,0.473951339990323,-8.93966913799657,-2.9327038810539,-0.509092085209299
-40.4511060012649,-22.2245175898022,-0.512729331715194,0.801843132225717,-8.60151198951215,-2.77191243875316,-0.469058807488033
-39.6256834618459,-21.4647102326116,-0.0730354141975149,1.1106484744925,-8.27609774789111,-2.62149289564965,-0.432883736153293
-38.7975546923264,-20.7123205491849,0.35128656523906,1.40175148615319,-7.96205110102583,-2.4809690804234,-0.400528981636209
-37.9664255395243,-19.9667505773625,0.761144102946835,1.67630482938176,-7.65814688836671,-2.34990507564894,-0.371932079250204
-37.1321212794912,-19.2276033030811,1.15722553272467,1.93527431871108,-7.36328845970381,-2.22790012058709,-0.347009850039543
-36.294562039406,-18.4946430910166,1.54004358605241,2.17947635550616,-7.07648828527379,-2.114582545317,-0.325662004241382
-35.453744263128,-17.7677640512262,1.90997096622928,2.40960871501909,-6.79685122982169,-2.00960323731893,-0.307774390206768
-34.6097270922959,-17.046964976061,2.26726918719802,2.62627546855466,-6.52356064410153,-1.91262902620594,-0.293221831117123
-33.7626225262484,-16.3323294359509,2.6121119852412,2.83000692567954,-6.25586722908583,-1.82333627140639,-0.281870525654047
-32.9125883158346,-15.6240097045529,2.94460455227961,3.02127548123407,-5.99308050735316,-1.7414048602926,-0.273580017026392
-32.059822743127,-14.9222133642643,3.26479971429141,3.20050819299478,-5.73456267908725,-1.66651276891729,-0.268204757135538
-31.2045605056582,-14.2271915871226,3.57271200401158,3.36809680979782,-5.47972459042899,-1.59833128947405,-0.265595307767334
-30.3470691215131,-13.5392283057914,3.86833039725597,3.52440586006272,-5.22802353899661,-1.53652100061685,-0.26559923186518
-29.4876453668104,-12.8586296623337,4.15163029391546,3.66977929233956,-4.97896263225579,-1.48072853294256,-0.268061734003343
-28.6266113805167,-12.1857133064204,4.42258514669323,3.80454605202504,-4.73209141783181,-1.4305841670191,-0.272826112203382
-27.7643101576481,-11.5207972763469,4.68117797023377,3.92902487933544,-4.48700750463659,-1.38570028887791,-0.279734083253222
-26.9011002988871,-10.8641883763706,4.92741281676692,4.04352853677605,-4.24335890430066,-1.34567072033446,-0.288626042121582
-26.0373499140175,-10.2161700850732,5.16132615535364,4.1483675958696,-4.00084681303681,-1.31007092738538,-0.299341311507275
-25.1734296813821,-9.57699017374593,5.38299796944192,4.24385385567836,-3.7592285594069,-1.27845909767714,-0.311718432055171
-24.3097051848937,-8.94684834881457,5.59256228991068,4.33030342378158,-3.5183204532569,-1.2503780631658,-0.32559553704666
-23.4465286605238,-8.32588430851519,5.79021678419568,4.40803944154069,-3.27800026949544,-1.22535802002213,-0.340810846084368
-22.5842304465165,-7.71416671682521,5.97623098658138,4.47739442282493,-3.03820913074554,-1.20291997879079,-0.357203303903798
-21.7231103839413,-7.11168360711587,6.15095270510194,4.53871213705024,-2.79895256216678,-1.18257984596353,-0.374613378641847
-20.8634295947298,-6.51833478925691,6.31481218515257,4.59234898316029,-2.56030054695512,-1.16385301904447,-0.392884025224725
-20.0054029560419,-5.93392676314545,6.46832362087664,4.6386747736346,-2.32238643739554,-1.14625934525178,-0.411861806903613
-19.1491927226855,-5.35817062005414,6.61208372265689,4.67807288084774,-2.08540464850992,-1.12932828117837,-0.431398160241969
-18.2949036166231,-4.7906832774636,6.74676712529901,4.71093968659046,-1.84960710719285,-1.11260407094058,-0.451350777968899
-17.4425797761053,-4.23099229628116,6.87311859222156,4.73768332052424,-1.61529850778664,-1.09565076276632,-0.471585079195637
-16.59220377018,-3.67854434315933,6.99194207197851,4.75872166332409,-1.38283047335404,-1.07805688197998,-0.491975728083792
-15.7436979154242,-3.13271722763043,7.10408684868632,4.77447963839559,-1.15259479236779,-1.05943960121533,-0.512408160681924
-14.8969279558662,-2.5928352609838,7.21043112970277,4.78538581122786,-0.925015940415115,-1.03944826903223,-0.532780074960397
-14.0517091110085,-2.05818754384006,7.31186354399501,4.79186833900539,-0.700543138823339,-1.01776719494689,-0.553002838539586
-13.2078144017917,-1.52804865692475,7.40926311636209,4.79435032226459,-0.479642225509158,-0.994117629724886,-0.573002767888467
-12.3649850274626,-1.00170111598698,7.50347831965056,4.79324459706452,-0.262787620761654,-0.96825892103033,-0.592722230068047
-11.5229425557718,-0.478458878899101,7.59530588137226,4.78894803053765,-0.0504546698356901,-0.939988876205792,-0.61212051992775
-10.6814025408192,0.0423088753208363,7.68546999268333,4.78183535417971,0.156887379235492,-0.90914340340133,-0.631174461192442
-9.8400891599575,0.561154510124123,7.77460258678098,4.77225258443022,0.35878153529618,-0.87559554758425,-0.649878680071017
-8.99875040895792,1.07853008007038,7.86322534793598,4.76051009183916,0.554788183853064,-0.839254075480394,-0.668245499831613
-8.15717330088044,1.5947677185578,7.95173406196789,4.74687537842742,0.744489052076792,-0.800061789587217,-0.686304402743761
-7.31519852196637,2.11006312739315,8.04038594593201,4.73156568364534,0.927489984177039,-0.757993777903814,-0.704101012931393
-6.47273388891418,2.62446301449728,8.12929051555534,4.71474055383921,1.10342258167372,-0.713055810311815,-0.721695556162074
-5.6297659851357,3.13785732041743,8.21840459865883,4.69649462164449,1.27194487521841,-0.665283098438548,-0.739160771806594
-4.78636927536489,3.64997702538839,8.30753202942398,4.67685090260842,1.43274130865881,-0.614739614569151,-0.756579268799075
-3.94271199950713,4.16039826068096,8.3963285317994,4.65575502910524,1.5855224368788,-0.561518133818208,-0.774040347588921
-3.09905817067992,4.66855335454435,8.48431227128202,4.63307097527399,1.73002485936176,-0.505741113751437,-0.791636352027788
-2.25576501704198,5.17374925495653,8.57088040594704,4.6085789143971,1.86601199591307,-0.447562447886709,-0.809458660033333
-1.41327532440871,5.6751935608471,8.65533187415993,4.58197598314821,1.99327637158757,-0.387170037274654,-0.827593486956488
-0.572104269722934,6.17202802433719,8.73689636803716,4.55288075770464,2.11164404809443,-0.324789001935347,-0.846117738686422
0.26717941219458,6.66336888729706,8.8147690618562,4.52084221738656,2.22098170649883,-0.260685217691019,-0.865095219948151
1.10397771735519,7.14835279171201,8.88815018553084,4.48535385023497,2.32120662790888,-0.195168722990507,-0.884573571039553
1.93769239873111,7.62618609556437,8.95628773458397,4.44587319121097,2.41229935883965,-0.128596406946688,-0.904582339813656
2.76775734802798,8.09619446967539,9.01852079218867,4.40184658516061,2.49431824894318,-0.0613733066115708,-0.9251326022236
3.59367216391415,8.55786854512674,9.07431990991065,4.35273817667904,2.56741428359657,0.00604816225009475,-0.946218473158243
4.41503392392833,9.01090047714441,9.12332012110152,4.29806118744098,2.63184385452372,0.073171589219182,-0.967820694713863
5.23156350821146,9.4552058390291,9.16534163748886,4.23740853064536,2.68797648295952,0.139462827539898,-0.989912231075656
6.04312257390215,9.89092571016739,9.20039353226646,4.17047899781754,2.73629430498719,0.204358933154103,-1.01246545907724
6.84971767837218,10.3184054193381,9.22865697683349,4.09709490559691,2.7773805834969,0.267279026463156,-1.03546016391318
7.65148934034119,10.7381493574588,9.25044711748875,4.01720757579948,2.81189582072234,0.327635762341489,-1.05889123393106
8.44868595671216,11.1507551934477,9.26615614275763,3.93088848180409,2.84054212670149,0.384845716976339,-1.08277480223954
9.24162509505182,11.5568348793549,9.27618379868374,3.83830621359464,2.8640189786759,0.43833697246262,-1.10715169602919
10.0306471583431,11.9569329341252,9.28086459551683,3.73969215587106,2.8829757698035,0.487552600390645,-1.13208745490098
10.8160680738748,12.3514536288988,9.2804022522011,3.63530023213882,2.89796790762533,0.53194957705342,-1.15766879426281
11.5981378403138,12.7406072207813,9.27482090841331,3.52536747785652,2.90942317547544,0.57099371305722,-1.18399704478264
12.377010571388,13.1243818586571,9.26393968557734,3.41008221134014,2.91762363511639,0.604152182513631,-1.2111796269497
13.1527292701468,13.5025429955177,9.24737296582654,3.28956512781878,2.92270589199675,0.630885924441896,-1.23932085449257
13.9252258885096,13.8746576824676,9.2245546618801,3.16386630787513,2.92467983919079,0.650644430618978,-1.26851328429782
14.6943347582119,14.2401378192735,9.19478159957717,3.03297853270982,2.92346368274538,0.662865233617572,-1.2988304831528
15.4598160243806,14.5982951339106,9.15726968392399,2.89686515467022,2.91893164850512,0.666979920936264,-1.3303216216825
16.2213850436248,14.9484008652956,9.11121647508226,2.75549936245176,2.91097029404835,0.662427898188887,-1.36300783589564
16.9787440534587,15.2897446824299,9.0558649864044,2.60891115391405,2.89953969065389,0.648678586575881,-1.39687995089315
17.7316131690225,15.621689328808,8.99056514954882,2.45723843407261,2.88473649477503,0.625262341432845,-1.43189695839979
18.4797587445811,15.9437194225969,8.91483104892096,2.30077912872955,2.86685677333123,0.591810129429364,-1.46798459193894
19.2230179917152,16.2554843092103,8.82839328852316,2.14004172571474,2.84645707625897,0.548101829484972,-1.50503341321806
19.9613195023697,16.5568358465693,8.73124662235253,1.97579201170149,2.82441250181803,0.494122817065209,-1.54289598921018
20.6946994933877,16.8478621154527,8.62369300001242,1.80909376245116,2.80197020803804,0.430128098369458,-1.58138293922784
21.4233137270345,17.128917825079,8.50637975447693,1.64134078046725,2.78079604687508,0.356712553349303,-1.62025789142936
22.1474448100367,17.4006513617029,8.38033166618344,1.47427693032679,2.76301070859831,0.274884676677012,-1.65923167164784
22.8675041200072,17.6640272137967,8.24697425760642,1.30999983847715,2.75121010395705,0.186139491131621,-1.6979563615394
23.5840271749296,17.9203411231611,8.10814412235594,1.15094293885417,2.7484629360115,0.0925240555111309,-1.73602020831289
24.2976608099353,18.1712238026319,7.96608056895637,0.999829906856368,2.7582769097584,-0.00331363269509133,-1.77294470346515
25.0091403426337,18.4186278049726,7.82339180944704,0.859595741064898,2.78452442851028,-0.0981041012609261,-1.8081854198453
25.7192550975435,18.6647914565949,7.68298885346705,0.733270404629591,2.83131971724499,-0.187977747409976,-1.84113829590786
26.4288015886699,18.9121743195989,7.54798185208884,0.62382456008817,2.90284294695513,-0.268541460970986,-1.87115286098491
27.1385250295689,19.1633606104519,7.42153725795545,0.533982717357057,3.00311361759734,-0.335020763936151,-1.89755324314451
27.849052261469,19.4209311494043,7.30670014684107,0.466016638238547,3.13572507761666,-0.382470620646982,-1.91966667225777
28.5608214181094,19.6873098502863,7.20619348190834,0.421539706913459,3.30356313219572,-0.406047105939568,-1.9368576037865
29.2740160311826,19.9645972300552,7.12221371896385,0.401328947656473,3.50854160693069,-0.401318814962099,-1.94856390544808
29.9885121280036,20.2544086176235,7.05624739541259,0.405202830805455,3.75139283740406,-0.36458442969995,-1.95433019467585
30.7038462456418,20.5577372617022,7.00893409229142,0.431978082369595,4.03154830679776,-0.293155342320842,-1.95383298232345
31.4192093844344,20.8748605395973,6.97999595703978,0.479517364409129,4.34713290622799,-0.185563168896574,-1.94689308737991
32.1334677642024,21.2053011817155,6.9682435629992,0.544864298670531,4.69507765305247,-0.0416624859230641,-1.93347282903769
32.8452065606389,21.5478460603263,6.97165477003594,0.624447030232271,5.07133499828796,0.137383061308582,-1.91365824330791
33.5527890260388,21.9006153344995,6.9875111438103,0.714320709033238,5.47116397097245,0.349222970521851,-1.88762922565366
34.2544215940746,22.2611673212979,7.01256863455553,0.810415597467174,5.88944379510639,0.590525290624716,-1.85562232776866
34.9482157812568,22.6266209134532,7.04323709651014,0.908761057166923,6.32097554836589,0.857230701304173,-1.81789153030989
35.6322396839222,22.9937780113076,7.0757463839771,1.00566420667533,6.76074003022972,1.14481986510907,-1.77467175496184
36.3045547451089,23.3592322030122,7.10628324567443,1.0978323381016,7.20409248227987,1.44856464169224,-1.72614857904522
36.9632363807804,23.7194552072873,7.13109074433692,1.18243737951988,7.64688728575251,1.7637434381304,-1.6724360973004
37.6063796003566,24.0708580369472,7.14652868580989,1.25712716427185,8.08553563427205,2.08581117193603,-1.61356356978816
38.2320924505165,24.4098283722452,7.14909860982538,1.31999172394442,8.51700538182086,2.41052281448971,-1.54947061127419
38.8384815928566,24.7327493113456,7.13544033078149,1.36949395649935,8.93877524539404,2.73401530247145,-1.48001026890282
39.4236350740452,25.0360071339547,7.10230914574195,1.40437394970811,9.34875623042393,3.05285573240154,-1.40495926463285
39.9856082716406,25.3159976800862,7.04654438482528,1.42353613456033,9.7451929428994,3.36406479093154,-1.32403481854624
40.5224198068945,25.5691423191011,6.96504133347607,1.42592918991502,10.1265573332241,3.66512404815468,-1.23691763468635
41.0320643899799,25.7919248759735,6.85473969603633,1.4104306553501,10.4914478904776,3.9539746630631,-1.14328066830614
41.5125495560765,25.9809602891198,6.71264237917733,1.37575141088982,10.8385086005843,4.22901372305378,-1.04282312220806
41.9619614623423,26.133102687604,6.53587726480383,1.32037860577905,11.1663832267985,4.48909298640219,-0.935308637161021
42.3785608223176,26.2455941077265,6.32181043606155,1.24257748616683,11.4737203478287,4.73352318968039,-0.82060585119192
42.7609037085219,26.3162449296905,6.06821072401647,1.14047040104508,11.7592413706418,4.96208519135082,-0.698728494509641
43.1079726475999,26.3436232273186,5.77345177858246,1.01220244428113,12.0218753306659,5.1750467234704,-0.56987112830888
43.4192936526869,26.3272156337267,5.43672064841605,0.856186314923899,12.2609501187308,5.3731804190868,-0.434435871194189
43.6950070318376,26.2675113127522,5.05818501429234,0.671395365929273,12.4764110801643,5.55777526920249,-0.293045381148252
43.9358584412897,26.1659594244489,4.63906123869341,0.457648723941327,12.6690192321266,5.73063051246019,-0.146538369944598
44.1430846153608,26.0247636668062,4.18152904255857,0.21581447793897,12.8404693082534,5.8940191905952,0.00405380464452903
44.3181867694678,25.8465061187274,3.68845981652256,-0.0521445043569669,12.9933694322687,6.05060929802385,0.157547602678382
44.4626098990427,25.633630846468,3.1629618699026,-0.343337394244456,13.1310425670169,6.20333392659704,0.312659278288766
44.5773710490821,25.3878547001224,2.60778803751278,-0.654341012935761,13.2571419960326,6.35520738768204,0.468059811702383
44.6626963613807,25.1095966411585,2.0246861166348,-0.981793055773413,13.3751101162952,6.5090904689283,0.622422899235653
44.717729819982,24.797520408554,1.41379011332734,-1.32311025396962,13.487540702498,6.66741308575674,0.774457006395916
44.740366982899,24.4482698913114,0.773147522504694,-1.67723369146955,13.5955222367054,6.83186608019133,0.922915549628597
44.7272497221416,24.0564507010025,0.0984606825527763,-2.04529685918702,13.6980434346219,7.00307683361196,1.06658384379543
44.6739402535514,23.6148859396314,-0.616900999534661,-2.43111770203219,13.7915378822926,7.18028822587998,1.20424668205728
44.5752788721634,23.1151554143796,-1.38157830089026,-2.84142461991059,13.8696408254836,7.36107007119371,1.33464557153228
44.425918611883,22.5484134091989,-2.20556199179325,-3.28573286218629,13.9232317541086,7.54110765418765,1.45643916507136
44.2210160206622,21.9064606266274,-3.09918609573169,-3.7757964707554,13.9408372621613,7.71413089377281,1.56818363392119
43.957031293453,21.1830068479613,-4.07180440995517,-4.32458713028832,13.9094550243832,7.87206149536054,1.66835031867917
43.6325495477641,20.3749948377577,-5.13025336214025,-4.9448153840586,13.8158116710476,8.00545012091069,1.75539399822708
43.248985314997,19.4837733597838,-6.27730807801856,-5.64712279044215,13.6479711577541,8.10423559488916,1.82787464528702
42.8109974195395,18.5158440407342,-7.5104389282655,-6.4382180125872,13.3970766875326,8.15877750403173,1.88461880118597
42.3264550891491,17.4829172668461,-8.82121121046337,-7.31934795118259,13.0588867439878,8.16100950104948,1.92488822639933
41.8058796038732,16.4011350208672,-10.1955820151843,-8.28550648078607,12.6347281352348,8.10547710628124,1.94851194200509
41.2614258356582,15.2895371165368,-11.6151298648421,-9.32563711498244,12.1315920542029,7.99001332638386,1.95594179098325
40.7056082809321,14.1680759524315,-13.0589807223746,-10.4238140241956,11.5613278744755,7.81589166905295,1.94821283029534
40.1500483786609,13.0556132088689,-14.5059945441641,-11.5611045636814,10.9391482484677,7.58744842456446,1.92681955227303
39.6044899098969,11.9682991529726,-15.9367431906383,-12.7176561788577,10.281828149204,7.31131343382636,1.89354288822223
39.0762201671577,10.9185714770645,-17.334941339908,-13.874568844057,9.60599518124697,6.99546688849889,1.8502709446271
38.5699061198234,9.91480787298561,-18.6882019032369,-15.0152685669048,8.92679324029625,6.64833079505062,1.79884824598992
38.0877605864965,8.96151206305876,-19.9881750709558,-16.1262917975402,8.25703603059851,6.27803530222453,1.74097156707447
37.6299146746056,8.05984437370678,-21.2302372450676,-17.1975428971336,7.60682643045817,5.89191672579218,1.67813417106612
37.1948801188915,7.20831347303085,-22.4129197715976,-18.2221643130489,6.98353790506386,5.49623882116418,1.61160967747728
36.7800161243194,6.40349147688685,-23.5372368634307,-19.1961712115505,6.39203236071241,5.09609322694401,1.54246262748853
36.3819503753993,5.64066887186136,-24.6060213310666,-20.1179764424233,5.83500378669536,4.69542489098835,1.4715732676096
35.9969319559207,4.91441042727455,-25.623328660559,-20.9878931955085,5.31336671047234,4.29713359072716,1.39966677544691
35.6211121062261,4.21900277342858,-26.5939346964898,-21.8076672076302,4.82663836171926,3.90321421806307,1.32734037331263
35.2507581257497,3.54880010823163,-27.522930649199,-22.5800640210097,4.3732868433513,3.5149104789333,1.25508460438402
34.8824092886531,2.89848076833516,-28.4154084334804,-23.3085201091326,3.95103328528443,3.13286642710647,1.18329720030908
34.512983976643,2.26322829073982,-29.2762255070033,-23.9968575458074,3.55710516846874,2.75726716593415,1.11228947321794
34.1398461457348,1.63884916931177,-30.1098379995293,-24.6490575865796,3.18844274516771,2.38796445190018,1.04228614902218
33.7608380957579,1.02183769111411,-30.9201919209474,-25.2690869813107,2.8418625975098,2.02458550967009,0.973420163831117
33.3742856163771,0.409396922953418,-31.7106631616711,-25.8607703744362,2.51418316414512,1.66662474211339,0.905724261556228
32.9789812141199,-0.200575616109695,-32.4840374429586,-26.4277020017719,2.20231734443775,1.31351870143092,0.839121330164509
32.5741511828289,-0.809528967249324,-33.2425213417409,-26.9731897311841,1.90333743821677,0.964705003015349,0.773415345668858
32.1594123194164,-1.41831742695186,-33.987775055509,-27.5002241426723,1.61451777176066,0.619665990589001,0.708284596514738
31.7347242622864,-2.02726768271567,-34.7209574810366,-28.011465323773,1.33336034803597,0.277958010088312,0.643278594939474
31.3003429922386,-2.63624545420615,-35.4427743958387,-28.5092402561252,1.05760854847716,-0.0607728712831843,0.577819780268764
30.8567802425319,-3.24471393577893,-36.1535219277471,-28.995544767166,0.785253163277825,-0.396787932919557,0.511210836740383
30.4047718978449,-3.85177881548078,-36.8531200946259,-29.4720460060676,0.514533657735662,-0.730265025706111,0.442648206542741
29.9452559422021,-4.45621861691855,-37.5411353896544,-29.9400845731525,0.243935486993808,-1.06131953187424,0.371242192187023
29.4793571299358,-5.05650465094048,-38.2167972459917,-30.4006798288307,-0.0278185926798249,-1.39003691675967,0.296043895808882
29.0083714066147,-5.65082168233452,-38.8790202944614,-30.8545471960023,-0.301788792820825,-1.71651705291507,0.216079087988549
28.5337389387889,-6.23710764660647,-39.5264518631,-31.3021419092927,-0.578859513658768,-2.0409307968268,0.130388852523066
28.0569912849041,-6.81313658105925,-40.1575699532712,-31.7437480283612,-0.85981412303769,-2.3635894075954,0.038076391123337
27.5796577172733,-7.37667060569767,-40.7708583361045,-32.1796326929715,-1.14545715767877,-2.68502704283515,-0.0616414430823356
27.1031199095663,-7.92570073303629,-41.3650784990389,-32.6102805416524,-1.43679513716199,-3.0060953333019,-0.169380587176393
26.6284148939454,-8.45877916779024,-41.9396393175861,-33.0367090511749,-1.73527846805198,-3.32806643345221,-0.285538579687467
26.1560042197142,-8.97541652691127,-42.495033935443,-33.4608415206936,-2.04309088043694,-3.65273665769726,-0.410251929542684
25.6855497272692,-9.47647926994852,-43.0332721645626,-33.8858821140738,-2.36345031360962,-3.98251685088255,-0.543369433548319
25.2157579919749,-9.96448511400228,-43.5581965936476,-34.31660455387,-2.70086031162878,-4.32048878697567,-0.684448430359092
24.7443673820589,-10.4436712435557,-44.0755456924747,-34.7594432257539,-3.06123095750829,-4.67040043557549,-0.83277796697601
24.2683465140961,-10.919715040105,-44.5926318738865,-35.2222736880221,-3.45178080135282,-5.03656830110012,-0.987426836039961
23.7843484877782,-11.3990241070604,-45.1175406578975,-35.7137923911124,-3.88063965569692,-5.42365262491061,-1.14730617202726
23.2894283231914,-11.8875716031111,-45.657817938457,-36.242445073341,-4.35609229199207,-5.83626976755202,-1.31122773480683
22.7819942946812,-12.3893134359309,-46.2186735689702,-36.8148929206226,-4.88542381807283,-6.2784030837713,-1.47793264336038
22.2629375787322,-12.9042673148926,-46.8007715432006,-37.4340301185314,-5.47333830849996,-6.75256793091982,-1.64606310835929
21.7368668253404,-13.4263624541986,-47.3977046580573,-38.0965806208096,-6.11992596138186,-7.25868338633309,-1.81405276410088
21.2133429199669,-13.941218159141,-47.9933061469589,-38.790343395732,-6.8181802959637,-7.79262095244192,-1.97992093967704
20.707925518177,-14.4241471267563,-48.559113238772,-39.4913021454999,-7.55118180891738,-8.34447723594647,-2.14097699451
20.2426673691729,-14.8389785477775,-49.0526598622246,-40.1611690732207,-8.28936527080707,-8.89681138057248,-2.29348172234584
19.8454314622574,-15.138760862218,-49.417855601832,-40.7465463406894,-8.98885003268417,-9.4234477506003,-2.43238326349108
19.5472020465724,-15.2698117179744,-49.5892600584436,-41.1815837849129,-9.59253059923464,-9.88991118585895,-2.55133584683044
19.3767800597201,-15.1803160818663,-49.501857571071,-41.396111782061,-10.0359465450041,-10.2567988223189,-2.64325831873152
19.3533514292958,-14.8329084871212,-49.105944494517,-41.3296165391934,-10.258829200661,-10.4867368032378,-2.70156702231062
19.4792974338021,-14.2174498080432,-48.3828746118926,-40.9476704633467,-10.2200099314366,-10.5535814970874,-2.72183481919853
19.7368999712279,-13.3577632772175,-47.3542242930622,-40.2536727402042,-9.90963279247504,-10.4501366387413,-2.70316593813908
20.0913788979109,-12.3077805868348,-46.0785487767611,-39.2892383477821,-9.35218140302589,-10.1902834457725,-2.64851076388818
20.4991435001627,-11.1384356051308,-44.6367405263701,-38.1226644908304,-8.59862599221869,-9.80434592506723,-2.56372331552924
20.9172514349019,-9.92180447932144,-43.1133983765467,-36.8316995692095,-7.71228792904216,-9.33046594447901,-2.45592461751589
21.3102988538273,-8.71901684052378,-41.5820759057818,-35.488425616124,-6.75526663603865,-8.80624071106652,-2.33198965570841
21.6533921413026,-7.57456466125643,-40.0978716557298,-34.1504725708861,-5.77971409302416,-8.26332652251313,-2.19764376025287
21.9319920244064,-6.51595458133389,-38.6964000794514,-32.8584279854653,-4.82444799222753,-7.72534762575651,-2.05719118268796
22.1401247538463,-5.55629803522329,-37.396415162139,-31.6371835897475,-3.91525378949801,-7.20809582730547,-1.91365377848287
22.2781445700344,-4.69783754370227,-36.2037136506264,-30.4989618344041,-3.0669641304629,-6.72082855867455,-1.76908254417287
22.3506678028577,-3.93531165367158,-35.114966798056,-29.4466028532693,-2.28600751623265,-6.26784314500187,-1.62488652339125
22.3648822581666,-3.25876229035383,-34.1209590780085,-28.4764776103718,-1.57278010355968,-5.84991751277622,-1.48210516552468
22.3292300688782,-2.65575046542034,-33.2091587039471,-27.5808620773646,-0.923626025713552,-5.46547984803275,-1.341601326061
22.2524006815247,-2.11306652634196,-32.3657059790716,-26.749807444226,-0.332417352791988,-5.11150351641427,-1.2041769927601
22.1425776059593,-1.61802156021706,-31.5769199047015,-25.9725878170009,0.208210062382348,-4.78417086567974,-1.07062404506035
22.0069077719306,-1.15937088388486,-30.8303884739903,-25.2387898318905,0.705909127097418,-4.47935521440303,-0.941726138843439
21.8511800149893,-0.727892977385705,-30.1156762881139,-24.5390809766686,1.16792598715012,-4.19296136338881,-0.818228901897565
21.6797010018545,-0.316643555418578,-29.424675061938,-23.8656794759194,1.60063441222549,-3.921154493819,-0.700794982109463
21.495345378678,0.0790781866893155,-28.7516371258262,-23.2125529549029,2.00928006279451,-3.6605000540198,-0.589958097634403
21.2997407185781,0.461988630154526,-28.0929568460043,-22.5753890912081,2.39790659499445,-3.40803354961687,-0.486086316397827
21.0935358228254,0.833222223855649,-27.446784876879,-21.9513979276534,2.7694244603376,-3.16127751250823,-0.389360112919966
20.876698712226,1.19279128577914,-26.8125656359694,-21.3390137207316,3.12577584997936,-2.91822167352119,-0.299766384273063
20.6487985796105,1.54002883554782,-26.1905774773636,-20.7375606511165,3.46814910916169,-2.67728046149974,-0.217106416079891
20.4092404346546,1.87396280653252,-25.5815324881088,-20.1469333018604,3.7972028790675,-2.43723919666709,-0.141014124282956
20.157437479896,2.19359571764423,-24.9862666215224,-19.5673247184922,4.11327149736813,-2.19719715974502,-0.0709805974393781
19.8929201767067,2.49808624423018,-24.4055274735687,-18.9990170016418,4.41653539087119,-1.956512627606,-0.00638155559488371
19.6153904925998,2.78684463235853,-23.8398503537415,-18.4422352952872,4.70715071955097,-1.71475242133275,0.0534946844653956
19.3247346227032,3.05956199651593,-23.2895040919713,-17.8970569413127,4.98534006419172,-1.47164669572548,0.10942018030838
19.021008551847,3.31619559064639,-22.7544851568749,-17.3633632269851,5.25145036934516,-1.22704860375365,0.162201962625902
18.7044093854914,3.55693021575917,-22.2345399356788,-16.8408202547493,5.50598619058377,-0.980897945520127,0.212658478487379
18.3752428036811,3.78213202085549,-21.7291985904078,-16.328876782257,5.74962638017253,-0.733187800892848,0.261597867169175
18.0338941480012,3.99230653794459,-21.2378081672496,-15.8267692368715,5.98323141182852,-0.483933289058972,0.309798006380791
17.6808080504512,4.18806874259637,-20.7595566307901,-15.3335267257025,6.20784712771113,-0.233141885521005,0.35798832401693
17.3164794570585,4.37012964537376,-20.2934828900898,-14.8479714078611,6.42470913896651,0.0192149097985621,0.406833480192695
16.941457387222,4.53930143213245,-19.8384706026297,-14.368711916538,6.63525058057784,0.273228368560264,0.456919148162579
16.5563615621674,4.6965212831014,-19.3932255802595,-13.89412951286,6.8411144088924,0.529077217786823,0.508740231954068
16.1619111976149,4.84289252426031,-18.956238459173,-13.4223585676048,7.04417001567032,0.787049261371906,0.562691938380804
15.7589643234596,4.97974040141657,-18.5257357376735,-12.9512645440734,7.24653249976355,1.04755865478953,0.6190641459985
15.3485652302356,5.10867848416364,-18.0996238281908,-12.478424142645,7.45058166606173,1.31115727868517,0.678039472886991
14.9319967028891,5.23168041608967,-17.675431959396,-12.0011132436766,7.65897666489776,1.57853847051497,0.739695311046279
14.510832925038,5.35115063260453,-17.2502607451191,-11.5163088057856,7.87466137251589,1.85053129319958,0.804009862249512
14.0869883489231,5.4699869532941,-16.82074366217,-11.020710713623,8.10085521582502,2.12808355042097,0.870871877249755
13.6627576161156,5.59162784380021,-16.3830284313836,-10.5107887416305,8.34102423372412,2.41223188349777,0.940093390832298
13.2408419026461,5.72007774810331,-15.9327843988795,-9.98285849047881,8.59882770662156,2.70405746680889,1.01142430677559
12.8243577471889,5.85990509234037,-15.4652405909982,-9.43318864133873,8.87803644923246,3.00462598233514,1.08456727759159
12.4168254019607,6.01620905805356,-14.9752577027311,-8.85814067293759,9.18241961167813,3.31491064349431,1.15919101571816
12.0221345350433,6.19455242237865,-14.4574362471391,-8.25434159044115,9.5155971578254,3.63569698477581,1.23494000801704
11.6444854635339,6.40085813213984,-13.9062631703846,-7.61889055680482,9.88085498054826,3.96746800284104,1.311438624604
11.288303414191,6.64126621190335,-13.3163004613624,-6.94960127564082,10.2809187507329,4.31026814024906,1.38828780134524
10.9581216493397,6.92194502321744,-12.6824218771679,-6.24528308856292,10.7176817201148,4.66354497801135,1.46505285439443
10.6584265032474,7.24884695062636,-12.0001068613962,-5.50606359726384,11.1918816086463,5.02596890665789,1.5412415537296
10.3934542627342,7.62739442056737,-11.2658029030074,-4.73375249389523,11.7027243043241,5.3952345010516,1.61627245637297
10.1669274910267,8.06207968065248,-10.4773663744379,-3.93223758288579,12.2474597434275,5.76785403090217,1.68943484960147
9.98171908791214,8.55596433226094,-9.63458388711881,-3.10788692498093,12.8209311888991,6.1389648353462,1.75984376092479
9.83943932174503,9.11007695067566,-8.73975696383125,-2.26990336100705,13.4151460671166,6.50218886877093,1.82639660795535
9.73995827449586,9.72273478050587,-7.79829828549221,-1.43053988288504,14.0189552047894,6.84960327424126,1.88774217249861
9.68090693912636,10.388862367847,-6.81923746313706,-0.605043456632952,14.6179723393577,7.17189989157013,1.94227696693191
9.6572435984909,11.0994429144391,-5.81547687350798,0.188831009986584,15.1949005313366,7.45881731361264,1.98818673394627
9.6610176620901,11.8412995289835,-4.80359777752349,0.931875473314214,15.730426408846,7.69990388068598,2.02354842549749
9.68148683462335,12.597426703109,-3.80303344501104,1.60509324621573,16.2047604158844,7.88559769265887,2.04649685973917
9.70571253598479,13.3480306051712,-2.8345387467402,2.19182689306601,16.5997231630129,8.00849186488646,2.05543935349144
9.71965121828138,14.072264719787,-1.91809803464632,2.67997277359719,16.901040623013,8.0645266901336,2.04927648108625
9.70959415663397,14.7504020184656,-1.07065751441313,3.06374315531807,17.1003202239918,8.05378544585767,2.0275705008315
9.66365621441711,15.3659771528735,-0.304216267893906,3.34446722686783,17.1961676978341,7.98063269439195,1.99060864616435
9.57296409548916,15.9073895816873,0.375249117975118,3.53018340227959,17.1941284994409,7.8531244555934,1.93933948996241
9.43228759338061,16.3686266193819,0.967814257692639,3.6341585083456,17.1055097286564,7.68185351730407,1.87520330590396
9.24004685345855,16.7490596828357,1.4787124478402,3.67278021205093,16.9454698549431,7.47855073282554,1.79990943919458
8.99781351686841,17.0525328246473,1.91687412115664,3.66336680999655,16.7308999851894,7.25477664730892,1.71522052105858
8.70952299106891,17.2860882516084,2.29331387560492,3.62232494730534,16.4785426573806,7.02093113477416,1.62278711775172
8.38061372710635,17.458649176672,2.61968403837659,3.56387043355195,16.2035977985169,6.7856611209108,1.52405069626608
8.01724484025264,17.5798703769885,2.90716024950506,3.49932928433453,15.918868643286,6.55562888471268,1.42021091209798
7.62566531647176,17.6592464520018,3.16569127015957,3.43691771113944,15.6343728166456,6.33554466056154,1.31224121232008
7.21174827300574,17.7054810749683,3.4035663638568,3.38186222378868,15.3572946673865,6.12835912789495,1.20093373470722
6.78067187396523,17.7260778755782,3.62722627512126,3.33673489190486,15.0921605215431,5.93553156474916,1.08695678196393
6.33671941055196,17.7271045341309,3.84124891159347,3.30191208087756,14.8411482599384,5.75731775633015,0.970912287268547
5.88317509503357,17.713090830022,4.04845893335714,3.27609634470663,14.6044746647059,5.59304660512992,0.853384730779315
5.42230040128661,17.6870355647553,4.25012825321196,3.25686125194406,14.380827001666,5.44137150139999,0.734976292230178
4.95538229281559,17.6505080219361,4.44624532728494,3.24118701925636,14.1678162692624,5.30049198223546,0.616325729442577
4.48284647892776,17.6038331822374,4.6358337051681,3.2259551272058,13.9624306236013,5.16834504356262,0.498110826596417
4.00442565669768,17.5463461989297,4.81729680026321,3.20836865177776,13.7614634020233,5.0427660564817,0.381036368188892
3.51936645050918,17.4766936206391,4.98876045103025,3.18626741096579,13.5618864928569,4.92161872510814,0.265811343228086
3.02665255186592,17.3931508727532,5.14838203041878,3.15831624156266,13.3611409133388,4.80289335929785,0.153120195545639
2.52521848809132,17.2939218578898,5.29459769783517,3.12406035413817,13.1573243188246,4.68477360769643,0.0435931799250062
2.01413030435772,17.1773895377898,5.42628837212257,3.0838601639914,12.9492685735023,4.56567359215653,-0.0622197730847605
1.49271608705613,17.0422957003864,5.54285805528714,3.03873420995212,12.7365159272403,4.44424949283462,-0.163868616419149
0.960638804766129,16.8878411457146,5.64423166420146,2.99014845283855,12.5192154914239,4.31939130830056,-0.261014723141402
0.417913715858489,16.7137106000801,5.730790046,2.93979150771179,12.2979693795742,4.1902012362305,-0.353434448558696
-0.135119770188036,16.5200366437221,5.80326527578243,2.88936911287582,12.0736589620743,4.05596476324138,-0.441015847407563
-0.697857666985404,16.307322233657,5.86261946086298,2.8404402480078,11.8472772056466,3.91611937624526,-0.523750242659239
-1.26950756249194,16.0763420155688,5.90992635726766,2.79430521326092,11.6197852664483,3.77022424238437,-0.601720453670752
-1.84916838525659,15.8280397457327,5.9462690776673,2.75194547843577,11.3920028765801,3.61793268665538,-0.675087292367612
-2.43590417872516,15.5634344714878,5.97266088587624,2.71400778968587,11.1645345741735,3.45896813527586,-0.744075587090341
-3.02880598085922,15.2835430319051,5.9899907654833,2.6808212083659,10.9377284506842,3.29310348723585,-0.8089606141342
-3.62703919039515,14.9893220373071,5.99899174681669,2.65243495193718,10.7116611103009,3.12014362397318,-0.87005548048288
-4.22987626767059,14.6816292006397,6.00022790373357,2.62866617765363,10.4861415796748,2.93991084581032,-0.927699733015984
-4.83671618766349,14.3612018395012,5.99409521944552,2.60914924573107,10.2607274102868,2.75223330800229,-0.982249270151438
-5.44709284688804,14.0286493626523,5.98083175174507,2.59338074090409,10.0347475631259,2.55693689505669,-1.03406748840916
-6.0606748153365,13.6844563051085,5.96053329235213,2.58075709659391,9.80732834268373,2.35384132510469,-1.08351749299192
-6.67725865273692,13.3289927619199,5.93317171892957,2.57060378806193,9.57742035256946,2.1427615673861,-1.13095513175145
-7.29675763157941,12.9625295832218,5.89861423301577,2.56219663066073,9.34382592130411,1.92351583025175,-1.17672256531127
-7.91918726088171,12.5852562942445,5.85664255013782,2.55477676242958,9.10522762129754,1.69594141311496,-1.22114206196989
-8.54464860125896,12.1973003485262,5.80697183297177,2.54756149551219,8.86021939135706,1.45991959462899,-1.2645097109064
-9.17330996403961,11.7987468179526,5.74926966116799,2.53975345153252,8.60734227503402,1.21541039869788,-1.30708877130916
-9.80538730563463,11.3896581333418,5.6831757093873,2.53055037135059,8.34512704420563,0.962497533344368,-1.34910243783182
-10.4411233434157,10.9700938314411,5.60832299136152,2.51915773079821,8.07214585228569,0.701442971896385,-1.39072589132941
-11.0807652370549,10.5401306101175,5.52436161497831,2.50480587306933,7.78707465486507,0.432749533222426,-1.4320776394663
-11.7245404555188,10.0998831533746,5.43098588748779,2.48677275910275,7.48876726878396,0.157228385639997,-1.47321031878153
-12.3726303775745,9.64952633262567,5.32796538805763,2.46441268666478,7.17634070301157,-0.12393330986296,-1.51410135385028
-13.0251411056185,9.18931926103116,5.21518013938542,2.43719038701396,6.84926957750169,-0.40911131663341,-1.55464412239851
-13.6820711443711,8.71963138029661,5.09265930512638,2.40471882974326,6.50748516392994,-0.696198421006323,-1.59464056638419
-14.3432759971045,8.24097013663718,4.9606218385341,2.36679787687596,6.15147184099947,-0.982583945874255,-1.63379647575006
-15.0084304635555,7.75400887581745,4.81951626105789,2.32344974566262,5.78235083195307,-1.26516971937471,-1.67172090197289
-15.6769904873918,7.25961242909126,4.67005539272188,2.27494626024608,5.40193847202207,-1.54043289386292,-1.70793124485716
-16.3481577331658,6.75885670587132,4.51324068360348,2.22182238955671,5.01276472789813,-1.8045432110244,-1.74186538991236
-17.0208513443715,6.25303777976568,4.35037021223705,2.16487091881136,4.61803822096416,-2.05353680766712,-1.77290173333974
-17.693692184127,5.74366594757571,4.18302494437326,2.10511460826087,4.22154758521206,-2.28354042490914,-1.80038695707379
-18.3650047264563,5.23244144390913,4.01302986744271,2.04375496661946,3.82749611129511,-2.49102978245839,-1.82367004832288
-19.0328403146256,4.7212110897895,3.84239020760403,1.98210056622467,3.440276846321,-2.67309589755838,-1.84213952231562
-19.6950225326047,4.21190878025679,3.6732075559026,1.92148191220379,3.06420680486054,-2.82768611326542,-1.85525948164487
-20.3492116253761,3.70648657801654,3.50758531548077,1.86316317175315,2.70324877563505,-2.95378549593062,-1.86259952520015
-20.9929810103535,3.20684599084332,3.34753593332077,1.80826240423881,2.36075403308555,-3.05151073722154,-1.86385395280899
-21.6238963195216,2.71477969795977,3.19490270363522,1.75769063860196,2.03925686362806,-3.12210214637329,-1.85884728563907
-22.2395870456597,2.23193202634448,3.0513060827532,1.71211636907942,1.74034215407379,-3.16781657161674,-1.84752550990085
-22.8378029314585,1.75978223673494,2.91811906925339,1.67195680389725,1.46459285428658,-3.19174043421509,-1.82993501430663
-23.4164512627756,1.29964933237728,2.7964697909664,1.63739202454127,1.21160905081966,-3.19755312555874,-1.80619324893542
-23.9736159149081,0.85271208018924,2.68726371654939,1.60839446814431,0.980078762556117,-3.18927442565303,-1.77645620068849
-24.5075633531682,0.420034430815221,2.59121422221854,1.58476460708697,0.767875009434642,-3.17102570951964,-1.74088777344722
-25.0167434703737,0.00258510059521821,2.50886909035165,1.56616431668192,0.572154684288718,-3.1468258930989,-1.69963527012583
-25.4997941809263,-0.398759218643883,2.44062179639395,1.55214162865607,0.389441075862084,-3.12043264238331,-1.65281381484526
-25.9555577338871,-0.783235053130534,2.38669957537479,1.54214352797578,0.21568146537512,-3.09523008883733,-1.60050104736692
-26.3831140769532,-1.15024182111421,2.34712468041884,1.53551645661242,0.0462819631374924,-3.07415785450717,-1.5427419839884
-26.7818329195711,-1.49941900038548,2.32165048860032,1.53149678306542,-0.123868106046599,-3.05967309662874,-1.47956264843471
-27.1514412697674,-1.83074402003713,2.30967964321149,1.5291953999084,-0.30036193936636,-3.05373702721062,-1.41098989177668
-27.492098351226,-2.14463832065855,2.31017662668179,1.52758174498876,-0.489206348320928,-3.05781906951706,-1.33707381463403
-27.8044656341796,-2.44206439026777,2.32159100490131,1.52547282887567,-0.696694033904579,-3.07291431875428,-1.2579085104511
-28.0897573552708,-2.72459454079492,2.341808857747,1.52153226653346,-0.929199481771686,-3.09957221464707,-1.17364672394298
-28.3497576203692,-2.99443398048246,2.36814767853333,1.51428293800202,-1.19289331336657,-3.13793555059596,-1.08450473430516
-28.5867941336139,-3.25438657680365,2.3974042282568,1.50213497450902,-1.49338598538134,-3.18778878842171,-0.990755397217208
-28.8036650882194,-3.50776029619602,2.42595678276279,1.48342873225279,-1.83532749400403,-3.24861335395065,-0.892709572728397
-29.0035227069682,-3.75821798096991,2.44991534243312,1.45649081639252,-2.22200064179737,-3.31964581680714,-0.790688557142468
-29.1897220948481,-4.00958493400153,2.46530832830725,1.41970051608455,-2.65494827040795,-3.39993345879641,-0.684991958131993
-29.3656457082382,-4.26562588941531,2.4682936363239,1.37156436358239,-3.13366948681246,-3.48838132493441,-0.575866232633547
-29.5345116208492,-4.52980059972058,2.45538535402731,1.31079769776163,-3.65540942443678,-3.58378557744829,-0.463478807365252
-29.6991696749982,-4.80500180414044,2.42369288733164,1.23641353923173,-4.21505650807354,-3.68484957481375,-0.347901703923554
-29.8618857298752,-5.09327510718512,2.37117360275378,1.14782000781425,-4.80515511974399,-3.79018102349415,-0.229107432096903
-30.0241135313929,-5.39552067562045,2.29690035361704,1.04492718791325,-5.41604228495756,-3.89827039596039,-0.106979018657946
-30.1862582732189,-5.7111841180402,2.20133912412919,0.928262099481851,-6.03612343730662,-4.00745237365252,0.0186645260432795
-30.3474469771311,-6.0379595655888,2.08661838171871,0.799085793768961,-6.65230997170848,-4.11585342630704,0.14802654778758
-30.5053378167678,-6.37155081400155,1.95675123352921,0.659499510872666,-7.25064263649953,-4.2213299173457,0.281275272167367
-30.6560206849118,-6.70556204379996,1.81774784893028,0.512518165146558,-7.817110689135,-4.32140246372652,0.418473295498613
-30.7940775183251,-7.03160852929828,1.67753712883933,0.362081524819011,-8.33863924795285,-4.41319359481627,0.559500932083995
-30.9128713451155,-7.33973477951967,1.54561663635905,0.212970566095842,-8.80415540408862,-4.4933767656824,0.703985768351974
-31.0051049530902,-7.61918639269402,1.43238344855879,0.0706039698195975,-9.20557082301256,-4.55814526206807,0.851255961789887
-31.0636259767551,-7.85949529757007,1.34817319160285,-0.0592887093646944,-9.53846586854393,-4.60320925061968,1.00033670675876
-31.0823664049464,-8.05172255954166,1.30213694321673,-0.171087230049111,-9.80226886498887,-4.62382833006167,1.15000446674356
-31.057224972912,-8.18960453346612,1.30117604435631,-0.259729962079536,-9.99982041568461,-4.61488553911982,1.29890054998917
-30.9866776984235,-8.27032620113993,1.3491803185008,-0.321110020679822,-10.1363802519085,-4.57100701722693,1.445687279155
-30.8719639840715,-8.29473375225825,1.446743834945,-0.352347503793137,-10.2183065959843,-4.48672945658359,1.5892137753507
-30.7168266821176,-8.2669712331289,1.59138398805636,-0.351907055711077,-10.2517331163837,-4.35671564315195,1.72865243314009
-30.5269246735196,-8.19370481300061,1.77813186083062,-0.319581126805908,-10.2415428345056,-4.17601804750287,1.86357493022147
-30.3091195967595,-8.08320060220234,2.00026709019569,-0.256399173540898,-10.1908165492717,-3.94039297467395,1.9939539732825
-30.0708353471594,-7.94451473814803,2.2499697521254,-0.164538312300361,-10.1007865722378,-3.64667378962313,2.12009515186603
-29.8196194025717,-7.78696499881616,2.5187334311214,-0.0473029698682716,-9.97122128635174,-3.29321998909412,2.24251471512898
-29.5629436078419,-7.61993815684322,2.79748009793622,0.0907802168532421,-9.80112869185145,-2.88046593156738,2.36178147690752
-29.3082057692504,-7.45299193290993,3.07640078128206,0.243732460503931,-9.58968339601593,-2.41159275048685,2.47833705165569
-29.0628457612248,-7.29614924417158,3.34460536557306,0.403769477204124,-9.33731684529455,-1.89333000159131,2.59230328166166
-28.8344639404155,-7.16024436665029,3.58971157061735,0.560880152670302,-9.04692845012237,-1.33684667284964,2.70328415649128
-28.6308133387616,-7.05714686216604,3.79755513423531,0.702458446681232,-8.7251454553316,-0.758599059500336,2.81017606509975
-28.4595270546772,-6.99965198043612,3.95226627350936,0.813199530708419,-8.38346167333655,-0.180857599990234,2.91101755175597
-28.3274549479989,-7.00080585416042,4.03700639319376,0.875562269616317,-8.03892210341816,0.368541064722415,3.002936191454
-28.239557463109,-7.07248785926027,4.03562254740743,0.871124950759442,-7.71384908062028,0.857785360494492,3.08227396095717
-28.1974788291113,-7.22327959432195,3.93525190864004,0.783006504106197,-7.43407193886683,1.25446576785648,3.14496673355679
-28.1981832895775,-7.45603619885049,3.72944339312366,0.599101759079586,-7.2254325596255,1.53062255915642,3.18718519138842
-28.2332541759514,-7.76599788346299,3.42081011749616,0.315277441601342,-7.10908163264364,1.66839885461384,3.20610946785817
-28.2894004267154,-8.1404003843833,3.02199415551668,-0.0627234945569679,-7.09695872452387,1.66439724442111,3.20057563275314
-28.350271310129,-8.56007809896506,2.5542056330156,-0.519654370565597,-7.18918934989125,1.53089939267354,3.17131906444021
-28.3990600123669,-9.0026589600749,2.04366895200417,-1.03343388277683,-7.37445090104218,1.29335436451555,3.12070574795759
-28.4210203038522,-9.44623219267184,1.51725358381249,-1.57908991115311,-7.63300393184048,0.985221684872875,3.05208751696257
-28.4051729501146,-9.87232852087348,0.99872396395722,-2.13257500891909,-7.94102019455907,0.642183057509879,2.96906242676819
-28.3449573611335,-10.2675999548013,0.506444130738835,-2.67346486018978,-8.27469761111195,0.297448088142533,2.87488810993461
-28.2380198174977,-10.6242365087844,0.0525838739074684,-3.1862884229927,-8.61324283179115,-0.0210965741415672,2.77215691622721
-28.0855176936066,-10.9395360859831,-0.356623859503988,-3.66078842526946,-8.94052432539375,-0.29202556279689,2.66271247243149
-27.8912901406372,-11.2151014876349,-0.720132525640174,-4.0915997286844,-9.24564506552932,-0.500343806136615,2.54772369737989
-27.6611205582459,-11.4560068063398,-1.04125869521477,-4.47775512961893,-9.52279831302282,-0.636839561241038,2.42782516417896
-27.4021777010342,-11.6700787111955,-1.32697509613665,-4.8222296656708,-9.7706809400567,-0.697200725136301,2.30325247582844
-27.1225923623633,-11.867232290941,-1.58726116176482,-5.13150418073333,-9.99158601950866,-0.681085071739751,2.17392915539738
-26.8310068748989,-12.0586140137995,-1.83422449398726,-5.41491247266148,-10.1901739919052,-0.59121238686335,2.03949371597838
-26.5358516895695,-12.2551954399904,-2.08056738852125,-5.6833943124885,-10.3718853556842,-0.432508018213413,1.89929306307122
-26.2441250853563,-12.4655377642205,-2.33704449573606,-5.94731250557806,-10.5410331753711,-0.211352066280125,1.75240418227945
-25.9596478865842,-12.692796232425,-2.60894695343782,-6.21330353340153,-10.6987826402139,0.0649753335901006,1.59775960615976
-25.6811191640096,-12.9315942010672,-2.89229918590948,-6.48069131739479,-10.8414115638143,0.388577350855864,1.43441968516073
-25.4006474951173,-13.1658874807884,-3.17105660380698,-6.73855981823045,-10.959335453697,0.750973615609261,1.26195364817095
-25.1035224744445,-13.368976256809,-3.41669866664168,-6.96476818863399,-11.0372815134663,1.14303922659178,1.08079853621409
-24.7696635286772,-13.5062074158778,-3.59096435156273,-7.12773610226925,-11.0557059180982,1.55508016907503,0.892422163306953
-24.3765410705717,-13.5398672765077,-3.65128959999697,-7.19084012839574,-10.9931789453495,1.97721524762155,0.699165192860352
-23.9027521292275,-13.4348585536772,-3.55740837734114,-7.11824253196965,-10.829185780357,2.40005972957756,0.503761771710174
-23.3312074811176,-13.1635205829495,-3.27720948819401,-6.88049825559315,-10.54674597164,2.81552097184312,0.308670074816954
-22.6511731185863,-12.7085177568109,-2.79050429359373,-6.45861754886303,-10.1344681007719,3.21742776595647,0.115412407111464
-21.8590150286403,-12.0637332281615,-2.09049507376755,-5.84617587438564,-9.58802583051012,3.60175645771115,-0.0758970641301928
-20.9580671468048,-11.2339931675755,-1.18378834493753,-5.05001689375682,-8.91138923302636,3.96633861389344,-0.266739323510491
-19.9582979034539,-10.2348022672382,-0.0902634517100307,-4.09059098219453,-8.11830135273593,4.31005529709882,-0.46007353200718
-18.8763143702403,-9.09300810497151,1.15616257358338,-3.00279536681688,-7.23433518479598,4.63159396273166,-0.659927953442195
-17.7357794149185,-7.84852299829282,2.50575465595554,-1.83734858654193,-6.29930378475237,4.92788893107894,-0.870689983665223
-16.5676213337142,-6.55599229487734,3.89151039540981,-0.661357406483125,-5.3687590320313,5.19246828053932,-1.09606411480602
-15.4086877559353,-5.28382727632651,5.2310680167353,0.444758444079126,-4.51204702694734,5.41415986313403,-1.33773876187833
-14.2973526897195,-4.10734188261801,6.43560293071344,1.39706548154326,-3.80405488674566,5.57687653980387,-1.59406257082782
-13.2660465213344,-3.09491288607113,7.42649073350536,2.12453235909254,-3.31043562906058,5.66112510643356,-1.85941062674924
-12.3337654801659,-2.29189200257321,8.15364383949111,2.58537280583742,-3.07199567774738,5.64707200032374,-2.12501596937433
-11.5034803664286,-1.71180893725354,8.60435940168922,2.772815498582,-3.09781894733264,5.51785251359355,-2.3813667403681
-10.7665668218802,-1.34092973756244,8.79644577141652,2.70593540844347,-3.37184585957967,5.26158409859826,-2.62109897012864
-10.1109131248554,-1.15207613921936,8.76141872227397,2.41274774289978,-3.86730773464565,4.87168223021797,-2.84083454869626
-9.52733349512732,-1.11790107365465,8.52942261216855,1.91685559486112,-4.55907519908617,4.3463426595176,-3.04123328240064
-9.01169876238187,-1.21733731725589,8.12265260960464,1.23300050139476,-5.42864525557934,3.68832810571822,-3.22572233189025
-8.56355371239352,-1.4351889438909,7.55673802002614,0.369962548923221,-6.46256127543636,2.90577180702715,-3.39880709869179
-8.18301675160749,-1.75766073254295,6.8466633880296,-0.662708686850591,-7.64706963502862,2.01430616282252,-3.56454001542608
-7.86710300193722,-2.16615390668648,6.01466872110248,-1.84625310047444,-8.96082724048432,1.04061339513643,-3.72524731653288
-7.60581774839823,-2.63050230884962,5.0989833842899,-3.14318850426152,-10.3662967352043,0.0271592210122078,-3.88038327410403
-7.37824758025526,-3.10267312442131,4.16227145504999,-4.48754428760336,-11.8007000817993,-0.963106359697075,-4.0254684744798
-7.14968998329097,-3.51335534052101,3.29665080677157,-5.77811453673208,-13.1696774357785,-1.84533418618928,-4.15145574197206
-6.87240836709292,-3.77620091997569,2.61880780643796,-6.88213404556289,-14.3505847993732,-2.52034799513976,-4.24542902013824
-6.49339826263664,-3.80475823614274,2.24800664672929,-7.65834413416275,-15.2137439824613,-2.89629977285502,-4.29368993765642
-5.96959058255577,-3.54039613655788,2.2685361319046,-7.99930263006796,-15.6614357179629,-2.92069303434417,-4.28698546339675
-5.28369706241763,-2.97688078301453,2.6954179732086,-7.87279492952636,-15.6658886126295,-2.60492888927457,-4.22506553860989
-4.44991563352657,-2.16345494814881,3.4683463002199,-7.33307206585789,-15.2791992493589,-2.02184179083913,-4.11701497853486
-3.50573169422086,-1.18401264335412,4.47830498889612,-6.49418098472972,-14.608253968982,-1.2771036234538,-3.97708607108885
-2.49705809331981,-0.128520312022392,5.60576362354391,-5.48760211805043,-13.7754364312032,-0.475451033649926,-3.81941865364741
-1.46615498239339,0.926946021922678,6.74808383249025,-4.43008626244402,-12.8890821456431,0.300202790070017,-3.65477858333639
-0.445944646897942,1.92744304349591,7.82997738405495,-3.41010303549067,-12.0312901287496,0.994188146197152,-3.48984269301477
0.540801460080486,2.83810188693048,8.80261450292189,-2.48746273309496,-11.2578876252037,1.57450976563079,-3.32799089540013
1.48014225802255,3.64013416737139,9.63856015612432,-1.69816696844341,-10.6031051860507,2.02671517214773,-3.17056446735605
2.36539359490724,4.32706479587144,10.3268675763953,-1.05944207969035,-10.0842646508723,2.34847814716683,-3.01804885650653
3.19611068283957,4.90232149554647,10.8699064695931,-0.573013699229984,-9.70469964676554,2.54572484575426,-2.87096533056545
3.97764681784909,5.37805728530094,11.2817703497892,-0.22675234515907,-9.45509844719396,2.62994681251936,-2.73034261410657
4.72071586655131,5.77425199124932,11.5869910556904,0.00383687663063936,-9.31474246626331,2.61600749148513,-2.5976724692166
5.44007930283806,6.1167126283813,11.8177904842899,0.152300742021385,-9.2545313771895,2.51996697828793,-2.47442443696448
6.1518454758522,6.43309875246883,12.008856252513,0.255146080245158,-9.24257608011546,2.35701397969181,-2.36149218852082
6.86994510141487,6.74766777746958,12.1906705384442,0.344394171513826,-9.25083182676827,2.14004356360223,-2.25906197280083
7.60324154480481,7.0768355479693,12.3840862067425,0.441889990413443,-9.2598173863372,1.87926681825178,-2.1670770185575
8.35444800622383,7.42734701944109,12.5982883007179,0.557551332497074,-9.25958688554829,1.58262188743955,-2.08596316980374
9.12082370095466,7.7971222376663,12.8320374416689,0.691132027795243,-9.24764249632151,1.25635891313204,-2.01709219539707
9.89571756029324,8.17746255551102,13.0764476532713,0.835387834169798,-9.22591196272334,0.905335125674738,-1.96271632599082
10.6700400327189,8.5552697108363,13.3176372523821,0.978825421456872,-9.19848361950556,0.532960481069413,-1.92547824515063
11.4332771338122,8.91470377989911,13.5386195083745,1.10744062149135,-9.17059958120551,0.140971178716666,-1.90777905902681
12.174118264926,9.23837933187569,13.7206290963792,1.20575268153367,-9.14858826703096,-0.270786033547752,-1.91125247869928
12.8809349848785,9.5084304977672,13.844328419203,1.25767045186446,-9.14020632686356,-0.704454541336201,-1.93647390361233
13.5423066951065,9.70769171576514,13.8911985039884,1.24754764494867,-9.15497860661403,-1.1641027369978,-1.98292508146586
14.1476734370682,9.82105044222597,13.8451652555572,1.16150603840745,-9.20430641771344,-1.65545858105806,-2.04916628773983
14.6880849918309,9.83686055861425,13.6943032743823,0.988889927564487,-9.30125373861048,-2.18541611689709,-2.13313291302106
15.1569468496245,9.74822238305862,13.4323671133488,0.723622370856352,-9.4600053841082,-2.7612994994528,-2.23246306881775
15.5506542682358,9.55395846200288,13.0599431826204,0.365273916685239,-9.6950257945015,-3.38988386466178,-2.3447719667942
15.8690527260039,9.25922523983556,12.585164422888,-0.080204823539989,-10.0199326622743,-4.0761714182026,-2.46781121865248
16.1157422835022,8.87584397382073,12.0241095890063,-0.599965335397395,-10.4460402701117,-4.82189805241909,-2.59947738451198
16.2983169033801,8.42253820770409,11.4011273593518,-1.17372377187589,-10.9804416378305,-5.62371323818852,-2.73765515974905
16.4286576178276,7.92526336429914,10.7493008241684,-1.77299125341247,-11.6234283596606,-6.47097531331429,-2.87989500114693
16.5233419276849,7.41765024204989,10.111034278813,-2.36008119685785,-12.3650753715767,-7.3432151446668,-3.02294366986236
16.6040515410806,6.94121088043563,9.53824991890112,-2.88738527173902,-13.181095178117,-8.20766272923923,-3.16219325674156
16.697533903923,6.54437777167312,9.09094943017209,-3.29815218639211,-14.0287988863057,-9.01790915242692,-3.29121822252988
16.834277985121,6.27888515911376,8.83223181821397,-3.53073497810242,-14.8452674654412,-9.71567256058976,-3.40172828092087
17.0449380843024,6.19212658140837,8.81814924729665,-3.52812725196443,-15.5510705177151,-10.2380131950485,-3.48436938537787
17.3542906573751,6.31591829658781,9.08324922348675,-3.25229326054229,-16.0623500621542,-10.5307427355915,-3.53060035021416
17.7743894149511,6.65554651621588,9.62710597971383,-2.69829272694213,-16.3099287871088,-10.5644420486784,-3.53517384671858
18.3003530222892,7.18533628844846,10.4098747569479,-1.90006475238094,-16.2577588090054,-10.3451487365712,-3.49795426561898
18.911566601585,7.85446237697998,11.36116339669,-0.922963494194409,-15.9108212457965,-9.91289526238716,-3.42387388138371
19.5777416258512,8.60020622221956,12.3979372131594,0.153352104433088,-15.3087698794068,-9.328872538665,-3.32104527817234
20.2663888963279,9.36162908514725,13.4420967195292,1.25251260386827,-14.510749471551,-8.65893421832318,-3.19824423767592
20.9484243047888,10.0883170039503,14.4310809400916,2.31255690753503,-13.5801320538578,-7.96108655685481,-3.06301482711624
21.6008045528954,10.7433242206575,15.3208238899336,3.28947378995624,-12.5744768450398,-7.27968355750654,-2.92084816875539
22.2068694825461,11.3023210399739,16.0839689949973,4.15581789082253,-11.5412284821302,-6.64490029535757,-2.77520648420241
22.7555646600834,11.7513060356619,16.706483167956,4.897485592142,-10.5172167464889,-6.0748641129191,-2.6279780431182
23.2404295894466,12.0843852551727,17.1845696343464,5.5105940332491,-9.52982229993152,-5.57846225631318,-2.48006209451503
23.6587935258711,12.3022131973432,17.5225613484968,5.99921661348039,-8.59836671004202,-5.15783082295854,-2.33194169060645
24.0112912434751,12.4111024723996,17.7317160347,6.37396922497082,-7.73501167086332,-4.81022315210829,-2.18419830095583
24.3016150839997,12.4224951638796,17.8294387546833,6.651044952208,-6.94499732352343,-4.52931285019798,-2.03794834360867
24.5363127026625,12.3523497980254,17.8382984919172,6.85113067186188,-6.22646748975129,-4.30613346960478,-1.89516399981381
24.7244018707445,12.2200109342616,17.7842672206399,6.99768301017392,-5.57045768328052,-4.12989024256056,-1.75881204585178
24.8766188163449,12.0463240413188,17.693938252395,7.11433337886905,-4.96176585432578,-3.98883390594137,-1.63274133100257
25.0042596368652,11.8511231435474,17.5910289893388,7.221693534992,-4.38121753008818,-3.87127089606941,-1.52129941618718
25.1177786354887,11.6506104414588,17.4929981155281,7.33431966612302,-3.80924007086862,-3.76663101955369,-1.42875417915467
25.2254686258915,11.4553316205127,17.4087680273011,7.45874246641172,-3.22994721348763,-3.66639903803084,-1.35868309091977
25.3325580666617,11.2692828647542,17.3381890823642,7.59313766465428,-2.63456335163778,-3.56471363582966,-1.3135073654482
25.4409056403308,11.0902630723614,17.2732299796795,7.72860049425327,-2.0232404320349,-3.45854697849701,-1.29427597723555
25.5492583076066,10.9111773970731,17.2003394329544,7.85148754829968,-1.40495256766249,-3.3475220542668,-1.300696288006
25.6538918419945,10.721817191376,17.1032551079799,7.94614037025592,-0.795769276830717,-3.23351491139053,-1.33133050564044
25.7494241436927,10.5106977948667,16.9656890172617,7.9974577627979,-0.216119618845056,-3.12019294623086,-1.38385986452058
25.8296429746786,10.2666974279008,16.7735764513632,7.99303057723087,0.312332709637063,-3.01258511924546,-1.45534685865702
25.8882528947163,9.9803720352659,16.516755226457,7.92472206561386,0.769711174538515,-2.91671074366307,-1.54246885735446
25.9194804709667,9.6448698513423,16.1899945239176,7.78962339475814,1.14046797763841,-2.83924328847706,-1.64172914733867
25.9184874232951,9.25637225826797,15.7932874457784,7.59030242091557,1.4151373923808,-2.78716778426179,-1.74966178543413
25.8815613353922,8.81402170787334,15.3313714542712,7.33430089208133,1.59108399901189,-2.76740219826971,-1.86303430214652
25.8061045248855,8.31940749502201,14.8126029229335,7.03298060448232,1.67221903479156,-2.78637921760378,-1.97902810018977
25.6905061012857,7.77582447031616,14.2475209335179,6.70002118204816,1.66792866762529,-2.84960366850791,-2.0953586744655
25.5340159238568,7.18759692626767,13.6475436072041,6.34999423660926,1.59167703297825,-2.96119738999044,-2.21030107733686
25.3367181738034,6.55970586594669,13.0241530984164,5.99737766089402,1.45977621208788,-3.12342125604903,-2.32260972054159
25.0996471269895,5.89780922602345,12.3886925983107,5.65615677987093,1.29063806011292,-3.33614304776205,-2.43135091998419
24.8250361004387,5.20859484992016,11.7526589519874,5.3399116586401,1.10454867772101,-3.59622211983648,-2.53568609822544
24.5166592954508,4.50031656490705,11.1282301097762,5.06212361405151,0.923764758380639,-3.89682026539216,-2.63464886274691
24.1802039946425,3.78332971982324,10.5287261410502,4.83637893243733,0.772582666126082,-4.22672520606238,-2.72695673659392
23.8235791718899,3.07042760141348,9.9687220180856,4.6761768705803,0.67697365817508,-4.56988118574648,-2.81089668859531
23.4570223569355,2.37676602288593,9.46358093072106,4.59413825077097,0.663408157570842,-4.9054341000711,-2.884324686231
23.0928326111731,1.71917476830037,9.02827639855773,4.60056969509628,0.756644890735023,-5.20865559786714,-2.94481522058445
22.7445798591201,1.1147487619202,8.67556198806114,4.70158395269907,0.976591216048032,-5.45301505516055,-2.98997249230689
22.4257665942858,0.578832114968728,8.41383189883638,4.89726926997853,1.33482847222229,-5.61334034097156,-3.01786167031349
22.148142884526,0.122811766220394,8.24529007400085,5.18059544353985,1.8318442794262,-5.66949622647969,-3.02745013578681
21.9200995418868,-0.247639624175109,8.16511136321616,5.53764657968745,2.45608351734852,-5.60956857050156,-3.01890738947157
21.7456269878748,-0.533285768646701,8.16199316389592,5.94931730169189,3.18540049558706,-5.43152108158688,-2.99364312967919
21.6241415030653,-0.740798965500344,8.21995671591703,6.3940112557658,3.99056286029846,-5.14281992536307,-2.9540655139382
21.5511402930072,-0.881250196702686,8.32078362541119,6.85050805270383,4.83968148440977,-4.75831625214172,-2.90315564899386
21.5193633782689,-0.968185891684058,8.44634433922877,7.30022912670933,5.70227813218383,-4.2972486822684,-2.84400879608524
21.5200591412825,-1.01584774533504,8.58029848824368,7.72851932192131,6.55213410181968,-3.78030160872313,-2.77946725509737
21.5440535535025,-1.03786403056155,8.70900681163424,8.12498055295257,7.36870013495523,-3.22733693000936,-2.71190079746099
21.5824935760603,-1.04648365812052,8.82177334255936,8.48314058407377,8.13732093573453,-2.65599892253156,-2.64312699091781
21.6272715464717,-1.05225869805431,8.91065336619628,8.79978684533677,8.84871141095095,-2.08109206167956,-2.57443064797358
21.6712040726111,-1.0640254829576,8.97005235991375,9.07422277047989,9.49808863656751,-1.51450458513054,-2.50663677325315
21.7080491658007,-1.0890506188462,8.99627366403732,9.30760018103197,10.0842391353886,-0.965448333920267,-2.44020148048781
21.7324264653728,-1.13325239817183,8.98709963510323,9.5023950293226,10.6086740128783,-0.44083943460492,-2.37529896164447
21.7396790199195,-1.20145266768697,8.94143507579112,9.66203841205257,11.0749313882794,0.0542925472082847,-2.3118940815839
21.7256923715663,-1.29764785053624,8.85900597848999,9.79068435208041,11.4880293286944,0.516428515049309,-2.24979826790711
21.6866718837248,-1.42530848310567,8.74008651343125,9.89307949999719,11.8540429417702,0.943244317042434,-2.18871178047263
21.61887334809,-1.58772529681837,8.58521735357571,9.97448791474053,12.1797645157632,1.33336330801,-2.12825917410477
21.5182854807762,-1.78841719382316,8.39487577625686,10.0406101403719,12.4723966292418,1.68617383515902,-2.06802732702455
21.3802769245551,-2.03160134314342,8.16906275153206,10.0974178875929,12.7392201465588,2.00170263861162,-2.00761655147629
21.1992464345189,-2.32269541692145,7.90678858179068,10.1508079640257,12.9871726137174,2.28053074182447,-1.94671412528771
20.9683528392192,-2.66877434491931,7.60547382557518,10.2059742708427,13.2222750028888,2.52373354587354,-1.88519474054052
20.679445867339,-3.07884148267919,7.26034348093735,10.2664269854166,13.4488705774706,2.73282189017941,-1.82324280245111
20.3233543434113,-3.56371186273626,6.86397886775384,10.3326802129817,13.6687064833351,2.90965895070459,-1.76147761091173
19.8906852360588,-4.13527795062496,6.40628159662774,10.4007970122564,13.8800039677665,3.05633417968823,-1.70104745342159
19.3732094564724,-4.80498770094926,5.87514526278746,10.4611949459201,14.0768033754742,3.17499387690872,-1.64364930259495
18.7657374647418,-5.58155470616504,5.2580501179583,10.4982809931608,14.2489654636907,3.26765526190928,-1.59143555927506
18.0681476710404,-6.46823146268362,4.54454385846381,10.4914584930829,14.3831620081839,3.33605351161405,-1.54679311351326
17.287016971843,-7.46030806815966,3.72918455457955,10.417723631738,14.4649310364566,3.38157043034765,-1.5120187186417
16.4362459364453,-8.54367391001549,2.81415586916254,10.2554893741516,14.4814547122125,3.40526068639795,-1.48895397257723
15.5362609293325,-9.69514025737582,1.81064006425865,9.9886816781919,14.4243266854432,3.40794190799173,-1.47866537435881
14.611784074522,-10.8847451340365,0.73829709370865,9.60987653997361,14.2914432454849,3.39028177407374,-1.48124919798058
13.6886328742274,-12.0796164979052,-0.377205395586031,9.12149087002963,14.0873997530336,3.35282486872216,-1.49580919013285
12.7903351941142,-13.2484403122356,-1.50799290917955,8.53472233120643,13.8223056370756,3.29594950850593,-1.52060938128291
11.9353789892568,-14.3654070928664,-2.62806385820366,7.86671961960478,13.509485083367,3.21979591817092,-1.55336002539986
11.135659874419,-15.4127542529155,-3.71658980181973,7.13698285356183,13.1628436302666,3.12422666779982,-1.59156504951503
10.3962754679163,-16.3815423323436,-4.75975918004348,6.36405272788637,12.7946457462995,3.00885893655626,-1.63285227229271
9.71642559010915,-17.2708563570092,-5.75103974371043,5.56321267163891,12.4141485414094,2.87316598097321,-1.6752235798136
9.09095033901416,-18.0859939104656,-6.69020393349897,4.74543320650421,12.0271610053141,2.71661159584882,-1.71719361166528
8.51201452912422,-18.8362987732705,-7.58168967072146,3.91737215642343,11.6363177244828,2.5387732098546,-1.75781937615976
7.97057438925239,-19.5331696418405,-8.43284633776288,3.08203659411812,11.2417446648269,2.3394236191014,-1.79664752845397
7.45744542936638,-20.1885402554499,-9.25243939068939,2.23970682950471,10.8418272571531,2.11856406633268,-1.83361533629719
6.96394783690133,-20.8139075829139,-10.0495781835392,1.38883487891295,10.4338944145674,1.87641948581809,-1.86893770428746
6.48220021812187,-21.4198412046186,-10.8330713500083,0.526768570372914,10.0147390676931,1.61341499156978,-1.90300222468941
6.00516620004192,-22.0158460606134,-11.6111275614038,-0.349738020413962,9.58097126061072,1.33015251820899,-1.9362830637201
5.52655271236418,-22.610447673047,-12.3912937232545,-1.2442030418206,9.12923830664137,1.02740195203705,-1.96927601148494
5.04063608383762,-23.2113939590853,-13.1805321590396,-2.16023334689405,8.65635773869866,0.706115584019953,-2.00245208456721
4.54206743126155,-23.8258990145928,-13.9853610563343,-3.10142503838092,8.15940530931943,0.367470072041579,-2.03622502442145
4.02568933330944,-24.4608807189411,-14.8120053292989,-4.07130144803496,7.63579149847447,0.01293671095817,-2.07092781714398
3.48638318129438,-25.1231618606079,-15.6665223552012,-5.07325172676801,7.08335080436912,-0.355621740266149,-2.10679402862683
2.91896012281133,-25.8196144086961,-16.5548779322511,-6.11044195716339,6.50046040709775,-0.735831822350023,-2.14394074780289
2.31810643750034,-26.5572302008097,-17.4829532728332,-7.18567751964859,5.88619838322447,-1.12467486158381,-2.18235096801735
1.67839482558705,-27.3431013338878,-18.4564660840754,-8.30120115738573,5.24054558506502,-1.51834851572196,-2.22185429439897
0.994374717321941,-28.1842919194425,-19.4807898742152,-9.45841733476483,4.56462805080475,-1.91214159361842,-2.26210598964916
0.260755567756842,-29.0875823784112,-20.5606582752223,-10.6575421704929,3.8609870039002,-2.30034694238631,-2.30256569960499
-0.527304982729571,-30.0590710974207,-21.6997483136684,-11.8971916344779,3.13385003697899,-2.67624573897639,-2.34247880976088
-1.37380381362765,-31.1036295570869,-22.9001512757608,-13.1739404576808,2.38935996078769,-3.03220395338795,-2.38086520984984
-2.28139736617328,-32.2242295315268,-24.1617645928129,-14.4819102252632,1.63569923408333,-3.35992416537011,-2.41652196574938
-3.25084576779467,-33.4211963477242,-25.4816729605834,-15.812473737615,0.8830334234931,-3.65088761041626,-2.44804732029238
-4.2804656397109,-34.6914871858072,-26.8536262355501,-17.1541848296933,0.143196094668927,-3.89699615724041,-2.47389250606522
-5.36569392517929,-36.028136973508,-28.2677527446758,-18.4930441225276,-0.570938862450184,-4.09137881999846,-2.49244398977411
-6.49888354667157,-37.4200366289272,-29.7106500243455,-19.813176140919,-1.24639575688484,-4.22926753508683,-2.50213159632717
-7.66943913056704,-38.8521867025262,-31.1659523470611,-21.0979150691908,-1.87126168790936,-4.30878967114912,-2.50154874239638
-8.86434726465774,-40.3064909077656,-32.615381047312,-22.3311878891308,-2.43590528782763,-4.33149722913529,-2.48956296850882
-10.0690685330321,-41.7630319688591,-34.0401619739682,-23.4989818167853,-2.93402425813363,-4.30247980839801,-2.46539242691388
-11.2686667912202,-43.2016478173249,-35.4225901363158,-24.5906351126481,-3.36331066580094,-4.22999471115952,-2.42862980102596
-12.4489937617704,-44.6035538582348,-36.7474842884009,-25.5997279594443,-3.72561179764036,-4.12466727098248,-2.3792083982185
-13.597750227913,-45.9527706342332,-38.0033246550195,-26.5244640897466,-4.02659657502338,-3.99842072841134,-2.31732082767431
-14.7053053043454,-47.2372077496027,-39.1829828280932,-27.3675765011017,-4.27505895992325,-3.86334597212045,-2.24331236918725
-15.7652409083402,-48.4493777845761,-40.2840799886149,-28.1359020961712,-4.48205402979234,-3.73070401504357,-2.15757476046709
-16.7746595228482,-49.586811408778,-41.3090938009641,-28.8398111147828,-4.66005412778613,-3.61018703973093,-2.06046174937772
-17.7343219841319,-50.652279095698,-42.2653467414283,-29.4926434824596,-4.82224818648569,-3.50948179077153,-1.95223856327429
-18.6486623013562,-51.6538879086045,-43.1649510249195,-30.1102182642333,-4.98201879647145,-3.43411149433876,-1.83306725083081
-19.5256718835454,-52.6050334782477,-44.0246828539407,-30.7103782703322,-5.15254880255142,-3.38749280689196,-1.70302140645471
-20.3765806165337,-53.5240824064422,-44.8656471319141,-31.3124417372109,-5.34645204689282,-3.37113087808056,-1.56211845316939
-21.2152160061552,-54.4335818185753,-45.7125133220452,-31.9363840736604,-5.57530167705432,-3.38487919646155,-1.41035614649211
-22.0569189165081,-55.3587788307188,-46.5920884996902,-32.6015826916434,-5.84894690388329,-3.4272016428676,-1.2477426684578
-22.9169472351529,-56.3253042492034,-47.5310631568356,-33.325030852504,-6.17456070211501,-3.49538601986765,-1.07431645710559
-23.8083991755479,-57.3560229965194,-48.5529096931602,-34.1190481407883,-6.55543541841108,-3.58567002583832,-0.890161336324334
-24.7398123932288,-58.467244609723,-49.6741011258348,-34.9886608001305,-6.98962805184089,-3.69325501281045,-0.695431666788696
-25.7127225174888,-59.6646894046641,-50.9000215800061,-35.9289789609037,-7.4686481212162,-3.81220497121265,-0.490407425333272
-26.7195931020667,-60.9398194260377,-52.221166140186,-36.9230665164368,-7.97648642313945,-3.93526286229688,-0.275596792603321
-27.7426665730668,-62.2673899509904,-53.6105020916122,-37.9409919982365,-8.48940416748894,-4.05366455125829,-0.0518911199601139
-28.7543987842175,-63.6053192544884,-55.0231480775444,-38.9409054756092,-8.97698969204822,-4.1570820722807,0.17924759792187
-29.7200857628945,-64.897996064059,-56.3995936946761,-39.8728999097414,-9.40490351859664,-4.23385305957405,0.415620998260688
-30.6028333644305,-66.0835453897829,-57.6730979233784,-40.6857714096325,-9.73928318739032,-4.27160500779704,0.654236248624885
-31.3700442937839,-67.1040844386546,-58.78036212894,-41.3354780088117,-9.95193797645181,-4.25823209967255,0.891444896023687
-31.9994696324597,-67.9160854099927,-59.672530041983,-41.7926612929838,-10.0246320327587,-4.18297853751233,1.1233173450852
-32.4824826213605,-68.4970085462486,-60.3224769547267,-42.0462360913873,-9.95068785404794,-4.03726953186155,1.34619077378124
-32.8232589672649,-68.8456354186183,-60.7255819903664,-42.1015758372541,-9.73324615801177,-3.81503426717879,1.55723000816801
-33.0345132542513,-68.9765444220306,-60.8943018589391,-41.9744465935987,-9.38116877953273,-3.51253461853757,1.75481610735656
-33.1319207852966,-68.9117641827319,-60.8496365700955,-41.6836485682093,-8.90454208888155,-3.12794639515281,1.93864999677785
-33.1293857301108,-68.673085200728,-60.6131376671779,-41.24516549076,-8.31144377320601,-2.66098936733824,2.10957857442024
