-4.95813587974964,0,0.144836957231611
-4.95843997619143,0,0.142943280920347
-4.95904806962768,0,0.139154732419472
-4.95995996051459,0,0.133468904205676
-4.96117534049426,0,0.125882191418475
-4.96269378334629,0,0.116389787358163
-4.96451473255988,0,0.104985678037643
-4.9666374853759,0,0.0916626352248187
-4.96906117306111,0,0.0764122077058739
-4.9717847370075,0,0.0592247104404979
-4.97480690036138,0,0.0400892113584286
-4.97812613465534,0,0.0189935154015783
-4.98174062091207,0,-0.00407585457862158
-4.9856482045904,0,-0.0291336805044444
-4.98984634365062,0,-0.0561960758080868
-4.99433204891207,0,-0.08528051672893
-4.99910181576051,0,-0.116405878711249
-5.00415154613127,0,-0.149592478458809
-5.00947645954751,0,-0.184862122216172
-5.01507099182751,0,-0.222238160849362
-5.02092867988671,0,-0.26174555228096
-5.02704203084947,0,-0.303410931803171
-5.03340237344498,0,-0.347262690727252
-5.0399996893927,0,-0.393331063737236
-5.04682242218038,0,-0.441648225192601
-5.05385726029714,0,-0.492248394436035
-5.06108889160709,0,-0.545167949931791
-5.06849972513148,0,-0.600445551752117
-5.07606957604821,0,-0.658122271530648
-5.0837753092206,0,-0.718241728504854
-5.09159043603327,0,-0.780850229636876
-5.09948465875205,0,-0.845996911033789
-5.10742335604553,0,-0.913733876931041
-5.11536700272613,0,-0.984116331336516
-5.12327051621506,0,-1.05720269603035
-5.1310825217394,0,-1.13305470692502
-5.1387445278801,0,-1.2117374787833
-5.14619000386544,0,-1.29331952591651
-5.15334335002749,0,-1.37787272371522
-5.16011875320795,0,-1.46547219265636
-5.16641891974264,0,-1.55619608276165
-5.17213368012534,0,-1.65012523234293
-5.17713846174056,0,-1.74734267027604
-5.18129262938462,0,-1.8479329260447
-5.18443769792558,0,-1.95198110648914
-5.18639542768013,0,-2.05957169274149
-5.18696582123704,0,-2.17078700548874
-5.18592505087762,0,-2.28570528182484
-5.18302335878699,0,-2.40439830304555
-5.17798298824122,0,-2.52692851045505
-5.17049622316202,0,-2.65334554647568
-5.16022363599725,0,-2.7836821621447
-5.14679266976262,0,-2.91794944082162
-5.12979670891531,0,-3.05613130318818
-5.10879482473611,0,-3.19817828227295
-5.08331241267063,0,-3.34400059132051
-5.05284296939942,0,-3.49346055396501
-5.01685128297455,0,-3.64636452736092
-4.97477832554884,0,-3.80245452616645
-4.92604813884904,0,-3.96139984901092
-4.87007697975892,0,-4.122789117931
-4.80628493783412,0,-4.28612326095397
-4.7341101380815,0,-4.45081009008502
-4.65302549128365,0,-4.61616123747684
-4.56255774393511,0,-4.78139229114381
-4.46230831051458,0,-4.94562699144964
-4.35197505354436,0,-5.10790627958267
-4.23137383859532,0,-5.26720279866553
-4.1004583775267,0,-5.42244111510865
-3.95933664638169,0,-5.57252345013276
-3.80828209606499,0,-5.71636011781145
-3.64773802889944,0,-5.8529032230247
-3.47831392874126,0,-5.98118158161781
-3.30077319370594,0,-6.10033440526887
-3.11601255573164,0,-6.20964115371686
-2.9250343538926,0,-6.30854516136076
-2.72891360572721,0,-6.39666918823936
-2.52876235296513,0,-6.473821846179
-2.32569395601349,0,-6.53999477218903
-2.1207898593893,0,-6.59535130621838
-1.91507090322125,0,-6.6402081434403
-1.70947461816294,0,-6.67501188720328
-1.50483923363394,0,-6.70031260349074
-1.30189446077654,0,-6.71673639987025
-1.10125855935006,0,-6.72495878402715
-0.903440802585109,0,-6.72568017428204
-0.708848223593011,0,-6.71960450799819
-0.517795445418332,0,-6.70742148030308
-0.330516434750287,0,-6.68979258399505
-0.147177142016572,0,-6.66734083361033
0.0321118357482491,0,-6.64064384988011
0.207283237553626,0,-6.61022985219223
0.378302240919857,0,-6.57657604630093
0.545156981889556,0,-6.54010888876429
0.707850640793086,0,-6.50120574358284
0.866395123595704,0,-6.46019750603568
1.02080628121011,0,-6.41737184139421
1.17110054952612,0,-6.37297676215104
1.31729285628497,0,-6.32722433943309
1.45939562192328,0,-6.28029440765337
1.59741867494293,0,-6.23233817362271
1.73136990381518,0,-6.1834816813558
1.86125647352585,0,-6.13382911195626
1.98708644339256,0,-6.08346591535399
2.10887063257696,0,-6.03246177893122
2.22662459051551,0,-5.98087343914871
2.3403705416474,0,-5.92874733827961
2.45013918797948,0,-5.87612212141703
2.55597126982623,0,-5.8230309610961
2.65791880481257,0,-5.76950369000232
2.75604594773653,0,-5.71556871778852
2.85042943835942,0,-5.66125470696135
2.94115862928185,0,-5.60659198549868
3.02833511008417,0,-5.55161368006985
3.1120719650819,0,-5.49635656266916
3.19249271882333,0,-5.44086161395904
3.26973003477727,0,-5.38517431730874
3.3439242381066,0,-5.32934470711829
3.41522173325382,0,-5.2734272025129
3.48377338211027,0,-5.21748026224702
3.54973290002293,0,-5.16156589847433
3.61325531620121,0,-5.10574908612871
3.67449553356443,0,-5.05009710153268
3.7336070118564,0,-4.99467881919471
3.79074058777662,0,-4.93956399032198
3.84604343744623,0,-4.88482252104294
3.89965817993703,0,-4.83052376326297
3.95172211580375,0,-4.77673582685364
4.00236659136377,0,-4.72352491871156
4.05171647757002,0,-4.67095471216173
4.09988975139839,0,-4.61908574914129
4.14699716742347,0,-4.56797487740149
4.19314200743869,0,-4.51767472537852
4.23841989641051,0,-4.46823321815019
4.28291867362651,0,-4.41969313877568
4.32671830854776,0,-4.37209174010164
4.36989085159336,0,-4.32546041264969
4.41250041088152,0,-4.27982441437781
4.45460314685199,0,-4.23520266789195
4.49624727771971,0,-4.19160763008535
4.53747308987526,0,-4.14904523825959
4.57831294864947,0,-4.10751493562337
4.61879130628501,0,-4.06700977777642
4.65892470547917,0,-4.02751662047516
4.69872177844489,0,-3.98901638774114
4.73818324304583,0,-3.95148441828992
4.7773018991613,0,-3.91489088737396
4.8160626299971,0,-3.87920130046901
4.85444241455549,0,-3.84437705477468
4.89241035888913,0,-3.81037606420616
4.92992775507068,0,-3.77715344336058
4.96694817798774,0,-3.74466224576619
5.00341763108896,0,-3.71285425147163
5.03927475301362,0,-3.68168079861094
5.07445109756857,0,-3.65109365289483
5.10887149968289,0,-3.62104590795352
5.14245453966368,0,-3.59149290803521
5.17511311716485,0,-3.56239318272918
5.20675514462899,0,-3.5337093811545
5.23728436743543,0,-3.50540919051851
5.26660131447951,0,-3.47746622124608
5.29460437836409,0,-3.44986083822608
5.32119101883029,0,-3.4225809153969
5.34625907662867,0,-3.39562248922801
5.3697081780021,0,-3.36899028601191
5.39144120273058,0,-3.34269809860371
5.41136578181398,0,-3.31676899062067
5.42939578497805,0,-3.29123531030264
5.44545275394618,0,-3.26613850223436
5.45946723543557,0,-3.24152871272803
5.47137996857691,0,-3.21746419343243
5.48114288514902,0,-3.19401051705216
5.48871988759415,0,-3.17123962817892
5.49408737884721,0,-3.14922876036187
5.49723452889564,0,-3.12805925695044
5.4981632747972,0,-3.10781533736732
5.49688806263975,0,-3.08858285199184
5.49343535068129,0,-3.07044806771075
5.48784290186844,0,-3.05349652265496
5.48015890054418,0,-3.03781198313843
5.47044093215755,0,-3.02347552894266
5.45875486619111,0,-3.01056478550319
5.445173681582,0,-2.99915331387195
5.42977627104649,0,-2.98931016208419
5.41264625643778,0,-2.98109957514414
5.39387084209325,0,-2.97458085551118
5.37353972753913,0,-2.96980836182816
5.35174409531154,0,-2.96683163068187
5.32857568431402,0,-2.96569560433518
5.30412595424825,0,-2.96644094648627
5.27848534232085,0,-2.9691044280293
5.25174260966456,0,-2.97371936535204
5.22398427168414,0,-2.98031609475716
5.19529410378512,0,-2.98892246799918
5.16575271159501,0,-2.9995643555711
5.13543715277775,0,-3.01226614614269
5.10442059582323,0,-3.02705123234573
5.0727719997424,0,-3.04394247481258
5.04055579742018,0,-3.06296263788963
5.00783156450736,0,-3.0841347916383
4.97465365523057,0,-3.10748267547167
4.94107078645495,0,-3.13303101890829
4.90712555185533,0,-3.16080581432398
4.87285384926482,0,-3.19083453513126
4.83828420631463,0,-3.22314629043989
4.8034369925022,0,-3.25777190393514
4.76832350997013,0,-3.2947439005271
4.73294496067839,0,-3.33409637944651
4.6972912944007,0,-3.3758647471996
4.66133995011206,0,-3.42008527857456
4.62505451280062,0,-3.46679446928748
4.58838331835209,0,-3.51602814053536
4.55125805057734,0,-3.56782025442511
4.51359238616404,0,-3.62220140069843
4.47528075464222,0,-3.67919692000028
4.43619729053405,0,-3.7388246375703
4.39619506283005,0,-3.80109219379544
4.35510567196961,0,-3.86599397430478
4.31273930596935,0,-3.93350766158142
4.2688853449245,0,-4.00359045145687
4.22331359690681,0,-4.07617500020501
4.17577623883676,0,-4.15116519015528
4.12601052411146,0,-4.22843182297873
4.07374230568751,0,-4.30780836975657
4.01869040989467,0,-4.38908692599184
3.96057188295727,0,-4.47201453894067
3.8991081186372,0,-4.55629009562203
3.83403185999921,0,-4.64156198436098
3.76509504802176,0,-4.72742677200321
3.69207746015549,0,-4.8134291729326
3.61479603729197,0,-4.89906362225366
3.53311473181086,0,-4.98377779790841
3.44695461720284,0,-5.06697845437678
3.35630387910441,0,-5.14803991807395
3.2612271624231,0,-5.22631553119922
3.16187359312332,0,-5.30115219446617
3.05848265214863,0,-5.37190793166024
2.95138699171449,0,-5.43797207490165
2.84101129824199,0,-5.4987872666621
2.72786646666395,0,-5.55387204254276
2.61253868357951,0,-5.60284237953012
2.49567350967583,0,-5.64543036954976
2.37795564321631,0,-5.68149820141249
2.26008562941904,0,-5.71104595592416
2.14275522865,0,-5.73421231672984
2.02662336277903,0,-5.75126807284
1.91229447447268,0,-5.76260308415105
1.80030078434331,0,-5.76870803997536
1.69108940533754,0,-5.77015274853465
1.58501469233175,0,-5.76756281237151
1.48233567825875,0,-5.76159640367377
1.38321804949055,0,-5.75292253568608
1.28773986948408,0,-5.74220182705932
1.19590015898655,0,-5.7300703568819
1.10762944906094,0,-5.71712686289615
1.02280149938241,0,-5.70392326823532
0.941245483580408,0,-5.69095833451491
0.862758061489553,0,-5.67867411979389
0.78711487183767,0,-5.66745485266117
0.714081083716325,0,-5.65762780333742
0.643420741956782,0,-5.6494657276601
0.574904732930602,0,-5.64319047255026
0.508317285247969,0,-5.63897735740048
0.443461004118271,0,-5.63695998159121
0.380160516070555,0,-5.6372351510152
0.318264867754911,0,-5.63986766254516
0.257648873428488,0,-5.64489473088736
0.198213635882334,0,-5.65232988356456
0.139886472124782,0,-5.66216618441258
0.0826204576019525,0,-5.67437867346891
0.0263937631021389,0,-5.68892593324505
-0.0287910990085539,0,-5.7057507117876
-0.0829080719763398,0,-5.72477955637661
-0.135908422279774,0,-5.74592144281586
-0.187721776273598,0,-5.76906542745754
-0.238257486102887,0,-5.79407740381481
-0.287406530402733,0,-5.82079611205299
-0.335044179078068,0,-5.84902862505571
-0.381033650295616,0,-5.87854561507049
-0.425230959949716,0,-5.90907678554209
-0.467491108917059,0,-5.94030692904019
-0.507675671850648,0,-5.97187313960783
-0.545661743708057,0,-6.00336376112655
-0.581352067075136,0,-6.03431968491773
-0.614686005251883,0,-6.06423860800815
-0.645650845647301,0,-6.09258281037787
-0.67429272347287,0,-6.11879088075051
-0.700726265672001,0,-6.14229358846422
-0.725141903194299,0,-6.16253374127785
-0.747809736049089,0,-6.17898938288812
-0.769078919623842,0,-6.19119910415364
-0.789371824366316,0,-6.19878765422078
-0.809172721611007,0,-6.20148957636609
-0.829011422817935,0,-6.19916841340375
-0.849443033520835,0,-6.19182925071076
-0.871025612121267,0,-6.17962301892424
-0.894297884055306,0,-6.16284196100665
-0.919759155170947,0,-6.14190676511864
-0.947853202044921,0,-6.11734681979692
-0.978957301375373,0,-6.08977565651847
-1.01337686014396,0,-6.0598638197456
-1.05134547793859,0,-6.02831118792073
-1.09302980922626,0,-5.99582029173408
-1.13853831899617,0,-5.96307159701296
-1.18793290320627,0,-5.93070117344064
-1.24124230933447,0,-5.89928074267075
-1.29847627542168,0,-5.86929982744196
-1.35963926274358,0,-5.84114961058091
-1.42474257458999,0,-5.81510814640631
-1.49381355425803,0,-5.79132672910762
-1.56690049406794,0,-5.76981749303402
-1.64407193970332,0,-5.75044267134189
-1.72540931741296,0,-5.73290632979992
-1.81099229704473,0,-5.71674975906566
-1.90087703034287,0,-5.70135197251812
-1.99506830169533,0,-5.68593683903766
-2.09348756629748,0,-5.66958822716481
-2.19593966936108,0,-5.65127414133712
-2.30208160207581,0,-5.62988023499971
-2.41139688162678,0,-5.60425236093525
-2.52317904302844,0,-5.57324702867317
-2.63652734018411,0,-5.53578780355222
-2.75035709504406,0,-5.49092478343591
-2.86342616482927,0,-5.43789331949212
-2.97437761981695,0,-5.37616719578692
-3.08179687288327,0,-5.30550080620857
-3.18427928885335,0,-5.22595487793697
-3.28050212840292,0,-5.13790140009415
-3.36929320174451,0,-5.04200577388101
-3.44968848136822,0,-4.93918746803054
-3.52097245420704,0,-4.83056381845482
-3.58269788360129,0,-4.71738405836766
-3.63468507425711,0,-4.60096150185942
-3.67700371041855,0,-4.48261093976219
-3.709942171593,0,-4.36359624112194
-3.7339697334049,0,-4.24509066464232
-3.74969649348288,0,-4.12815016380772
-3.75783469712608,0,-4.01369840788991
-3.75916382806387,0,-3.90252141319192
-3.75450067967516,0,-3.79526945107495
-3.74467476660107,0,-3.69246406054645
-3.73050888600351,0,-3.59450834716628
-3.71280433592348,0,-3.50169915614353
-3.69233016955313,0,-3.41424008489133
-3.66981583988393,0,-3.3322546143463
-3.64594661785975,0,-3.25579888323331
-3.62136121623932,0,-3.18487381363289
-3.59665110347567,0,-3.11943643260952
-3.57236104017377,0,-3.05941033513488
-3.54899041431271,0,-3.00469530649972
-3.52699499234523,0,-2.95517617248395
-3.50678874393987,0,-2.91073097440445
-3.48874544032807,0,-2.87123857377487
-3.47319977093688,0,-2.8365857773642
-3.46044777063679,0,-2.80667403845441
-3.45074640078167,0,-2.78142573628842
-3.44431218165255,0,-2.76078996749078
-3.44131883238983,0,-2.74474770742627
-3.4418939371696,0,-2.73331612496153
-3.44611472262051,0,-2.72655177126265
-3.45400309947294,0,-2.72455232265297
-3.46552018807169,0,-2.72745654827985
-3.4805606085302,0,-2.73544220128948
-3.49894686737073,0,-2.74872159860008
-3.52042420916077,0,-2.76753475506207
-3.54465632052068,0,-2.79214006371013
-3.57122227293283,0,-2.82280265230416
-3.59961506969932,0,-2.85978068329954
-3.62924212270173,0,-2.90330998640794
-3.65942792982664,0,-2.95358750934857
-3.68941915956432,0,-3.01075413676324
-3.71839228265915,0,-3.07487745820826
-3.74546383006409,0,-3.14593506782182
-3.76970330961931,0,-3.22379896037117
-3.79014878595468,0,-3.3082215653867
-3.80582511889545,0,-3.39882395070654
-3.81576485683497,0,-3.49508674723881
-3.81903177451849,0,-3.59634441276663
-3.81474699961999,0,-3.70178356958101
-3.80211754988485,0,-3.810446307668
-3.78046685893404,0,-3.92123950706427
-3.74926646815246,0,-4.03295133461898
-3.70816749485059,0,-4.14427601617819
-3.65702979430978,0,-4.25384766128849
-3.59594603035416,0,-4.36028322256828
-3.52525735151626,0,-4.462233567654
-3.44555728671435,0,-4.55844021144016
-3.35768105389113,0,-4.64779374257691
-3.26267881643045,0,-4.72938876026723
-3.16177339899828,0,-4.8025696278257
-3.05630521511757,0,-4.86696183200201
-2.94766914298817,0,-4.92248522363891
-2.8372493291692,0,-4.96934761016827
-2.72635813145889,0,-5.00801957622454
-2.61618465286699,0,-5.0391935172776
-2.50775682322365,0,-5.06373133321927
-2.4019191109899,0,-5.08260591926799
-2.29932603097099,0,-5.09684156947045
-2.20044990776275,0,-5.10745782821021
-2.10560003082819,0,-5.11542036470306
-2.01494950290041,0,-5.12160127311312
-1.92856579107436,0,-5.12674997539445
-1.8464412255367,0,-5.13147477541366
-1.768520363503,0,-5.136234210484
-1.69472208694448,0,-5.1413367551813
-1.62495534073309,0,-5.14694717452157
-1.5591283670902,0,-5.15309785758388
-1.4971520327838,0,-5.15970370055979
-1.4389383302781,0,-5.16657944377913
-1.38439537977944,0,-5.17345870205206
-1.33342032089238,0,-5.18001418763918
-1.28589142457451,0,-5.18587876690198
-1.24166062925429,0,-5.19066700199507
-1.20054753657524,0,-5.19399672219757
-1.16233569688503,0,-5.19550998471169
-1.12677176449565,0,-5.19489258152585
-1.09356780228951,0,-5.19189109857515
-1.06240667456325,0,-5.18632650389309
-1.03295011862059,0,-5.17810337757354
-1.00484878034361,0,-5.16721420220357
-0.977753291300085,0,-5.1537385645905
-0.951325393951145,0,-5.13783759726785
-0.92524819593772,0,-5.11974441781237
-0.899234829147049,0,-5.09975162818934
-0.873035054538123,0,-5.07819707549333
-0.846439631878539,0,-5.0554490528094
-0.819282515494169,0,-5.0318919707012
-0.791441112328324,0,-5.00791330720661
-0.762834937052975,0,-4.98389239601456
-0.733423027126187,0,-4.96019137441476
-0.703200454937878,0,-4.937148404353
-0.672194214830162,0,-4.91507310811825
-0.640458689809117,0,-4.89424402396653
-0.608070833390905,0,-4.87490778333579
-0.575125149277978,0,-4.8572796385875
-0.541728523376401,0,-4.84154492930567
-0.50799496127761,0,-4.82786106858925
-0.474040306207126,0,-4.81635966040915
-0.439977049121742,0,-4.80714842381242
-0.405909382593152,0,-4.80031269347853
-0.371928681456376,0,-4.79591637748431
-0.338109606492756,0,-4.79400236675116
-0.304507017831815,0,-4.79459249007279
-0.27115385284819,0,-4.79768717994093
-0.238060074252317,0,-4.80326504950342
-0.205212735606035,0,-4.81128257944864
-0.172577151681638,0,-4.82167408234531
-0.140099106327237,0,-4.83435206307229
-0.107707984634159,0,-4.8492080412358
-0.075320680575041,0,-4.86611385679589
-0.0428461055094234,0,-4.88492345083827
-0.0101901058145309,0,-4.90547510111267
0.0227394119730706,0,-4.92759409285726
0.0560273538485854,0,-4.95109581209666
0.089746512503714,0,-4.97578925222057
0.123953039661065,0,-5.00148091742322
0.158682500662141,0,-5.02797908371849
0.193946676064499,0,-5.05509833922383
0.22973124750165,0,-5.0826642743501
0.265994468047066,0,-5.11051813761479
0.302666870365556,0,-5.13852122474259
0.339652010296262,0,-5.16655873864407
0.376828182652946,0,-5.1945428547803
0.414050985503944,0,-5.22241475498381
0.451156555853447,0,-5.25014545187801
0.487965260277701,0,-5.27773530855803
0.524285603896936,0,-5.30521225248038
0.559918122545038,0,-5.33262877471996
0.594659045327482,0,-5.36005788286311
0.62830355418833,0,-5.38758822823703
0.660648517959332,0,-5.4153186514254
0.69149463434859,0,-5.44335238494466
0.720647968786555,0,-5.47179112386572
0.747920929813485,0,-5.50072913215947
0.77313276441491,0,-5.5302475036773
0.796109692713285,0,-5.56040865042388
0.816684830212556,0,-5.59125105404971
0.834698068406124,0,-5.62278429423044
0.849996101887635,0,-5.65498436281868
0.862432802287818,0,-5.68778928669006
0.871870145324976,0,-5.7210951149881
0.87817989442764,0,-5.75475237664273
0.881246228642627,0,-5.78856317880604
0.880969468452567,0,-5.82227919158614
0.877270994603381,0,-5.85560084207647
0.870099366450905,0,-5.88817811094385
0.859437524174026,0,-5.91961337393395
0.845310804279285,0,-5.94946674132598
0.827795317742281,0,-5.97726430120931
0.807026051564744,0,-6.00250954878293
0.783203884421631,0,-6.02469807054207
0.756600591621999,0,-6.04333524806935
0.727560894734488,0,-6.05795636902229
0.696500723893831,0,-6.0681481246778
0.663901126849476,0,-6.07357009976542
0.630297670239494,0,-6.07397460217073
0.596265690303156,0,-6.06922311537157
0.562402282054895,0,-6.05929783602569
0.52930636765175,0,-6.04430718450835
0.497558462296571,0,-6.02448478977682
0.467701800122662,0,-6.00018214449592
0.440226287376045,0,-5.97185577315788
0.415556365017711,0,-5.94005024112953
0.394043374520903,0,-5.90537858746243
0.375962526155504,0,-5.86850177815033
0.361514149086274,0,-5.83010858940078
0.350828605320922,0,-5.79089701264925
0.343974087727702,0,-5.75155790090429
0.34096648091562,0,-5.71276121359267
0.341780511832839,0,-5.67514490674386
0.346361519239584,0,-5.63930627719609
0.354637296084424,0,-5.60579540610237
0.36652958201889,0,-5.57511025012373
0.38196488867582,0,-5.54769288541464
0.4008844187118,0,-5.52392640670683
0.423252886996485,0,-5.50413201076786
0.449066068428314,0,-5.48856584308464
0.478356884067235,0,-5.4774152553468
0.511199800315399,0,-5.47079420897816
0.547713261882206,0,-5.46873766878834
0.588059818175587,0,-5.47119496423423
0.632443547657365,0,-5.47802225701947
0.681104351864602,0,-5.48897444408235
0.734308699096722,0,-5.50369704182843
0.792336467207219,0,-5.52171883241088
0.855463684324538,0,-5.54244629036433
0.92394121019141,0,-5.56516102428044
0.997969745974748,0,-5.58902163172452
1.07767200253043,0,-5.6130714372797
1.163063377424,0,-5.63625351895957
1.25402305280329,0,-5.65743417984952
1.35026797079389,0,-5.67543554421859
1.45133258541568,0,-5.68907721615434
1.55655751675649,0,-5.69722592747023
1.6650901090128,0,-5.69885086639511
1.77589928495546,0,-5.69308104651737
1.88780590817351,0,-5.67925987193821
1.99952813328779,0,-5.65699128726212
2.10973913054859,0,-5.62617189271071
2.21713247786395,0,-5.58700437849622
2.32048889235087,0,-5.53998958994927
2.41873726572038,0,-5.48589719108868
2.51100342222148,0,-5.42571772586444
2.59664159027763,0,-5.36060127621205
2.67524594339212,0,-5.29178938928909
2.74664222939534,0,-5.22054725374866
2.81086196414099,0,-5.14810230067977
2.86810352283119,0,-5.07559377440956
2.9186854987714,0,-5.00403576824208
2.96299787277461,0,-4.93429416840256
3.00145595403551,0,-4.86707624193773
3.03446092970938,0,-4.80293046239444
3.06236946510699,0,-4.74225366528516
3.08547339581567,0,-4.68530270093099
3.10398935779258,0,-4.63220824417652
3.11805733255872,0,-4.58298912589393
3.12774656774221,0,-4.53756628114016
3.13306711893391,0,-4.49577602561518
3.13398525714783,0,-4.45738280180966
3.13044110175335,0,-4.42209176065291
3.12236699661714,0,-4.38956158272879
3.10970530561431,0,-4.3594178339768
3.09242445478129,0,-4.3312669410276
3.0705322097455,0,-4.30471061083855
3.04408537733254,0,-4.27936025963606
3.01319538265018,0,-4.25485080811338
2.97802950099983,0,-4.23085308733111
2.93880789426565,0,-4.2070841106708
2.89579696689529,0,-4.18331460452773
2.84929985980103,0,-4.15937342919873
2.79964509216256,0,-4.1351488140921
2.74717441579743,0,-4.1105866209856
2.69223086967763,0,-4.08568608491981
2.63514784478441,0,-4.06049363230514
2.57623973744453,0,-4.03509543104946
2.51579452839374,0,-4.00960929933558
2.45406841049349,0,-3.98417651193024
2.39128242059429,0,-3.95895392325591
2.32762091636466,0,-3.93410669974356
2.263231672303,0,-3.90980183866565
2.19822734020538,0,-3.88620255794607
2.13268801603726,0,-3.86346357613249
2.06666466654157,0,-3.84172726352673
2.00018318659178,0,-3.82112063047129
1.93324887669858,0,-3.80175312056398
1.86585114622228,0,-3.78371518726569
1.79796826084014,0,-3.76707764377564
1.72957196332452,0,-3.7518917808182
1.66063180643953,0,-3.73819023979788
1.59111904816536,0,-3.72598860733815
1.52100997519269,0,-3.71528766272027
1.45028854320398,0,-3.70607616670714
1.37894825369531,0,-3.69833403567039
1.30699322759242,0,-3.69203570698263
1.23443848459887,0,-3.68715347806591
1.1613094910777,0,-3.68366059831982
1.08764109343012,0,-3.68153391362463
1.01347600205133,0,-3.68075590709234
0.938863025982261,0,-3.68131604357025
0.863855273715414,0,-3.68321140212118
0.788508526391287,0,-3.68644666059104
0.712879954150385,0,-3.69103356792184
0.637027287375974,0,-3.69699009126458
0.561008479614204,0,-3.70433944609894
0.48488182017535,0,-3.71310920244793
0.408706386457237,0,-3.72333060907361
0.33254268298948,0,-3.73503819781927
0.256453305903745,0,-3.74826963640518
0.180503500365673,0,-3.7630657085746
0.104761537940824,0,-3.77947023406751
0.0292989165676882,0,-3.79752971126887
-0.0458095409244495,0,-3.81729247794843
-0.12048556120168,0,-3.83880723601817
-0.194647120272912,0,-3.86212086222814
-0.268207841081352,0,-3.88727551127897
-0.341076015578662,0,-3.91430509419351
-0.413153256259084,0,-3.94323127046625
-0.484332869390452,0,-3.97405912171345
-0.554498123534075,0,-4.00677267861845
-0.623520650354987,0,-4.04133045899134
-0.691259252844367,0,-4.07766115315794
-0.757559406658291,0,-4.1156595747316
-0.822253725329471,0,-4.15518298957364
-0.885163624213369,0,-4.19604794976769
-0.946102366285025,0,-4.23802779517944
-1.00487960894584,0,-4.28085104090243
-1.06130749554134,0,-4.32420093844811
-1.1152082455633,0,-4.36771657093216
-1.16642308801334,0,-4.4109959012608
-1.21482224728739,0,-4.45360121504017
-1.26031552813261,0,-4.49506735916093
-1.30286286291057,0,-4.53491304387149
-1.34248400243662,0,-4.57265522821691
-1.37926639030423,0,-4.60782624223251
-1.41337021287012,0,-4.63999284303642
-1.44502971695164,0,-4.66877592633757
-1.4745501683588,0,-4.69386922709335
-1.50230027675605,0,-4.7150551624349
-1.52870046999314,0,-4.73221608620172
-1.55420795112267,0,-4.74533965488286
-1.57929988742741,0,-4.75451767427615
-1.60445626740582,0,-4.7599385551125
-1.63014388807949,0,-4.76187418208062
-1.6568026412407,0,-4.76066246032293
-1.68483484116001,0,-4.75668699141602
-1.71459787602129,0,-4.7503552747987
-1.74640004735348,0,-4.74207661475514
-1.78049912607143,0,-4.73224063988769
-1.81710290817396,0,-4.72119710026011
-1.85637088840158,0,-4.70923745453332
-1.8984160773723,0,-4.69657871750324
-1.94330597093654,0,-4.68335009744387
-1.99106176015994,0,-4.66958307618067
-2.04165507633737,0,-4.65520571650288
-2.09500192086728,0,-4.64004205330312
-2.15095393019796,0,-4.62381736943169
-2.20928772246524,0,-4.60616992524265
-2.26969366864161,0,-4.58666928869961
-2.33176590110588,0,-4.56484083513518
-2.3949955962166,0,-4.54019533317115
-2.45876946965502,0,-4.51226191543759
-2.5223750003349,0,-4.48062225869408
-2.5850132188842,0,-4.44494354726553
-2.64581907620995,0,-4.40500779875154
-2.70388857439792,0,-4.3607353772528
-2.75831110506518,0,-4.31220096064391
-2.80820487461793,0,-4.25964080718679
-2.85275294577701,0,-4.20345082914282
-2.89123731362651,0,-4.14417567996733
-2.92306857252087,0,-4.08248975000691
-2.94780911218955,0,-4.01917158714137
-2.96518837640608,0,-3.95507374689399
-2.97510946012167,0,-3.89109036537271
-2.97764711312155,0,-3.82812479323378
-2.97303794726202,0,-3.76705942484584
-2.9616642097271,0,-3.70872944583733
-2.94403282361932,0,-3.65390168296656
-2.92075149672068,0,-3.60325916624029
-2.89250359235075,0,-3.55739148815147
-2.86002320474996,0,-3.51679062545701
-2.82407155515243,0,-3.48185159890899
-2.785415484361,0,-3.45287718148648
-2.74480850546097,0,-3.43008580378875
-2.70297461868233,0,-3.41362181725526
-2.66059488557502,0,-3.40356733396528
-2.61829660753157,0,-3.39995494384245
-2.57664484548399,0,-3.40278070083947
-2.53613594384757,0,-3.41201685958277
-2.49719267462619,0,-3.42762392739714
-2.46016059162163,0,-3.4495616700483
-2.42530517687007,0,-3.47779877016747
-2.39280937064333,0,-3.51232088257242
-2.36277110288746,0,-3.55313685824326
-2.33520048915883,0,-3.60028291696812
-2.3100164201026,0,-3.65382453758851
-2.2870423630699,0,-3.71385580665375
-2.26600131064324,0,-3.78049592655408
-2.24650995635601,0,-3.85388254186344
-2.22807235413737,0,-3.934161510407
-2.21007352374253,0,-4.02147273939265
-2.19177369439652,0,-4.11593174472734
-2.17230412284839,0,-4.2176066913921
-2.15066566463644,0,-4.32649085026639
-2.12573149920918,0,-4.44247067357901
-2.09625558944256,0,-4.56529005359968
-2.06088857345863,0,-4.69451178997141
-2.0182028219915,0,-4.82947785335909
-1.9667283249907,0,-4.9692707059617
-1.90500085792896,0,-5.11267874070883
-1.83162344517194,0,-5.25816984899752
-1.74534134534241,0,-5.40387820981733
-1.64512941534182,0,-5.5476105042654
-1.53028850259576,0,-5.68687859726771
-1.40054428265584,0,-5.81896569336754
-1.25613784516684,0,-5.94103115340585
-1.09789315670211,0,-6.05025456015146
-0.927244025102335,0,-6.14401178943125
-0.746204710862691,0,-6.22006577600147
-0.557275706898455,0,-6.27674541262318
-0.363289031618289,0,-6.31308203501067
-0.167212007865922,0,-6.32887774417884
0.0280607764445733,0,-6.32469323413796
0.219895383403754,0,-6.30176021067484
0.406061160979351,0,-6.26183827915984
0.58481520839923,0,-6.20704358256254
0.754928428084778,0,-6.13967577498878
0.915662215546726,0,-6.0620636994391
1.06670955887643,0,-5.97644193998134
1.20811516194646,0,-5.88486288949274
1.34018758060082,0,-5.78914334141244
1.46341354516253,0,-5.69084104856643
1.57838149743534,0,-5.59125487654973
1.6857184015666,0,-5.49144168261047
1.78604137804852,0,-5.39224347416783
1.87992380389796,0,-5.29431939838084
1.967874260724,0,-5.19817838948295
2.05032604838765,0,-5.10420961375611
2.12763480174324,0,-5.01270903174771
2.20008190485333,0,-4.92390134678622
2.26788174471209,0,-4.83795729746028
2.33119126311564,0,-4.75500669657909
2.39012066512231,0,-4.6751478633724
2.44474447619577,0,-4.59845419034638
2.49511238851528,0,-4.52497857841565
2.54125950270337,0,-4.45475640147341
2.58321567053397,0,-4.38780755208763
2.62101369988622,0,-4.32413799283256
2.65469621932278,0,-4.26374110653828
2.68432103701835,0,-4.20659901388545
2.70996488165118,0,-4.15268391694535
2.73172548709227,0,-4.10195943974376
2.74972207532102,0,-4.05438187709811
2.76409439292818,0,-4.00990123345472
2.77500055201338,0,-3.96846193343836
2.78261400259799,0,-3.93000311118067
2.78712001082914,0,-3.89445842961542
2.78871203078132,0,-3.861755436224
2.78758833869003,0,-3.83181452108479
2.78394925212742,0,-3.80454760096872
2.7779951897892,0,-3.77985670586465
2.76992574652456,0,-3.75763268921288
2.75993986748099,0,-3.7377543179511
2.74823710724225,0,-3.72008801990145
2.73501985616508,0,-3.7044885688151
2.72049630925266,0,-3.69080096433927
2.70488384838873,0,-3.67886370715175
2.6884124168325,0,-3.66851357177793
2.67132740072441,0,-3.65959183913577
2.65389151427397,0,-3.65195177384654
2.63638523051273,0,-3.64546693464267
2.61910541824972,0,-3.64003971701588
2.60236203553581,0,-3.63560937921831
2.58647297148503,0,-3.63215872847137
2.57175738721348,0,-3.62971866632673
2.55852813908968,0,-3.62836991572024
2.54708403002205,0,-3.62824146250174
2.53770269433786,0,-3.62950550995214
2.5306348638278,0,-3.63236902744996
2.52610059123905,0,-3.63706223875856
2.52428774417256,0,-3.64382461772651
2.52535275993821,0,-3.65288913036472
2.52942331065796,0,-3.66446558419083
2.53660221285229,0,-3.67872402355106
2.54697167526195,0,-3.69577914303952
2.56059686026107,0,-3.71567666945842
2.57752777473768,0,-3.73838256717378
2.59779871685408,0,-3.76377573549677
2.62142485712443,0,-3.79164458984226
2.64839595504115,0,-3.82168757910297
2.67866760929647,0,-3.85351734689446
2.71215071982236,0,-3.88666796611353
2.74869995288539,0,-3.92060452885918
2.78810195470126,0,-3.95473439240584
2.83006391652926,0,-3.98841956303015
2.87420294659953,0,-4.02099000510169
2.92003664353476,0,-4.05175803324475
2.96697536209238,0,-4.08003431071774
3.0143169498755,0,-4.10514626086003
3.06124520288887,0,-4.12645981180261
3.10683386724461,0,-4.14340522943621
3.15005854639755,0,-4.15550722739247
3.18981909091541,0,-4.1624184761034
3.22497458798954,0,-4.1639540751359
3.25439157537837,0,-4.16012274542187
3.27700345929552,0,-4.15114900712459
3.2918757238385,0,-4.13748025534682
3.29826845035604,0,-4.11977415668766
3.29568635696647,0,-4.09886525414659
3.28390805887022,0,-4.07571417409343
3.26299038053306,0,-4.05134671971399
3.23324884355533,0,-4.02679188832083
3.19521990601372,0,-4.00302696790868
3.14961274274512,0,-3.98093507292682
3.0972581437713,0,-3.96127712322782
3.03906025877827,0,-3.94467752699388
2.97595451915974,0,-3.93162123871965
2.90887295957134,0,-3.92245936800281
2.83871672457541,0,-3.91742074170275
2.76633480823243,0,-3.91662735922857
2.69250787533943,0,-3.92011222350191
2.61793614654176,0,-3.92783841508199
2.54323061584583,0,-3.93971846115469
2.46890717604007,0,-3.95563307721678
2.39538347000318,0,-3.97544832062325
2.32297841966492,0,-3.99903019992399
2.25191440103591,0,-4.02625591786621
2.18232195411033,0,-4.05702122080727
2.11424678034848,0,-4.09124374803266
2.0476586324889,0,-4.12886273356756
1.98246157760061,0,-4.16983580605647
1.91850503405714,0,-4.2141338768608
1.8555949496781,0,-4.26173516668629
1.79350449491235,0,-4.31261930874274
1.73198368326403,0,-4.36676222625788
1.67076739715785,0,-4.42413217101604
1.60958139305227,0,-4.48468698105208
1.54814599039841,0,-4.54837231251713
1.4861773196081,0,-4.61512035412591
1.42338621358714,0,-4.68484836366783
1.35947506626783,0,-4.75745628787422
1.29413323199297,0,-4.8328227451305
1.22703177737485,0,-4.91079876335819
1.15781859599376,0,-4.99119886395053
1.08611503191536,0,-5.07378935191673
1.011515212467,0,-5.15827399335715
0.933589254394418,0,-5.24427761386604
0.851891379674387,0,-5.33132851745146
0.765973764122657,0,-5.4188409928295
0.675406651746058,0,-5.50609953887567
0.579804902141329,0,-5.59224680870206
0.478860680685814,0,-5.67627764964224
0.372381406971522,0,-5.75704199628812
0.260331271866197,0,-5.83325969964094
0.142873536393359,0,-5.90355049866134
0.020409407886102,0,-5.96648197846007
-0.106392318558809,0,-6.02063709812053
-0.236582042978213,0,-6.0647002766264
-0.368940130996611,0,-6.0975569242313
-0.502017625951171,0,-6.11839620477823
-0.634208581358695,0,-6.12680221175258
-0.763849099005458,0,-6.12281690016015
-0.889331082485066,0,-6.10696099261843
-1.0092139809716,0,-6.08020682308416
-1.122317685365,0,-6.04390732195675
-1.22778444792472,0,-5.99969420092039
-1.32510512947265,0,-5.94936271550077
-1.41411219968279,0,-5.89475944697731
-1.49494651462174,0,-5.83768497340507
-1.56800642770072,0,-5.77981761215932
-1.6338870388073,0,-5.72265958558862
-1.69331559935845,0,-5.66750382207828
-1.74708729954158,0,-5.61541806035464
-1.7960044231606,0,-5.56724244833697
-1.8408212838906,0,-5.52359687810324
-1.88219728051843,0,-5.48489453190464
-1.92066050133314,0,-5.45135842696185
-1.95658420788315,0,-5.42303821091013
-1.99017795174023,0,-5.39982519808856
-2.0214939216899,0,-5.38146468500004
-2.05044752067337,0,-5.36756580100074
-2.07684948157032,0,-5.3576102408487
-2.10044548468146,0,-5.35096186624618
-2.12095858832143,0,-5.34687917204279
-2.13812995832652,0,-5.3445320441727
-2.15175425933718,0,-5.34302334630465
-2.16170734300472,0,-5.34141497986302
-2.16796517304098,0,-5.33875740204065
-2.17061397299363,0,-5.33412122915847
-2.1698522294439,0,-5.326629420489
-2.16598545628344,0,-5.31548848788414
-2.15941467235249,0,-5.30001710096713
-2.15061955514979,0,-5.2796703492222
-2.14013735372873,0,-5.25405788197547
-2.12853891369363,0,-5.22295432866184
-2.11640350501792,0,-5.18630091949573
-2.10429438996197,0,-5.14419807421795
-2.09273706841408,0,-5.09688975145096
-2.08220182006872,0,-5.04474130628579
-2.07309157480629,0,-4.98821324974564
-2.0657354263434,0,-4.92783350546659
-2.06038742986019,0,-4.86417052524654
-2.05722982386209,0,-4.79780908179919
-2.05637954828415,0,-4.72932987936218
-2.05789688185283,0,-4.65929346898111
-2.06179513441959,0,-4.58822842795125
-2.06805053339936,0,-4.51662340270766
-2.07661167573253,0,-4.4449224148323
-2.08740813535099,0,-4.37352275837604
-2.10035799809465,0,-4.30277483334241
-2.11537423370612,0,-4.23298332862075
-2.13236990971558,0,-4.16440926014373
-2.15126231118493,0,-4.09727246804644
-2.17197606133742,0,-4.03175426929363
-2.19444534865709,0,-3.96800004439025
-2.21861536260998,0,-3.9061216067989
-2.2444430279769,0,-3.84619926207417
-2.27189711104864,0,-3.78828351205475
-2.30095775290431,0,-3.73239639963848
-2.33161546832248,0,-3.67853252350399
-2.36386963574097,0,-3.62665978101807
-2.39772649586576,0,-3.57671992227001
-2.43319667539042,0,-3.52862901878671
-2.47029225865374,0,-3.48227796638913
-2.50902344406647,0,-3.43753315162338
-2.54939484303654,0,-3.3942374136349
-2.59140150517004,0,-3.35221142659712
-2.63502478195526,0,-3.31125561059908
-2.68022816832335,0,-3.27115265083245
-2.72695328329821,0,-3.23167066685428
-2.77511616334607,0,-3.19256702800703
-2.82460404171633,0,-3.15359276161631
-2.87527277218568,0,-3.11449745239097
-2.92694502633277,0,-3.07503449007327
-2.97940935216885,0,-3.03496649303624
-3.0324201330908,0,-2.99407072214999
-3.08569843565789,0,-2.95214430373569
-3.13893368916275,0,-2.90900910220242
-3.19178610545746,0,-2.86451611890104
-3.24388972865676,0,-2.81854933861116
-3.29485600365034,0,-2.77102899233514
-3.34427776973153,0,-2.72191424770718
-3.39173361840537,0,-2.67120536981178
-3.43679259751512,0,-2.61894541027034
-3.47901929017083,0,-2.56522147765659
-3.51797933799102,0,-2.51016561649606
-3.55324550430595,0,-2.45395527684211
-3.58440437442503,0,-2.39681329638195
-3.61106375803585,0,-2.3390072504392
-3.6328607873367,0,-2.28084796402529
-3.64947059310321,0,-2.22268693933858
-3.66061529734547,0,-2.16491244828275
-3.66607290378782,0,-2.10794408709444
-3.66568552476298,0,-2.05222569655425
-3.65936629050448,0,-1.99821671199323
-3.64710427797758,0,-1.94638220263866
-3.62896689261298,0,-1.89718205587048
-3.605099336515,0,-1.85105991747349
-3.5757210732157,0,-1.80843257679885
-3.54111950237654,0,-1.76968046477133
-3.50164133006283,0,-1.73513981536904
-3.45768231181448,0,-1.70509685312267
-3.40967612921742,0,-1.6797841505306
-3.35808313573383,0,-1.65937909232344
-3.30337959685122,0,-1.64400422111804
-3.24604788846872,0,-1.63372913831515
-3.18656794231364,0,-1.62857359624952
-3.12541006712216,0,-1.62851143190263
-3.06302914704395,0,-1.63347504233158
-2.99986013083566,0,-1.64336017010875
-2.93631467502305,0,-1.65803083905528
-2.8727787844243,0,-1.6773243461808
-2.8096112952757,0,-1.70105626902615
-2.74714306076063,0,-1.72902548600697
-2.68567671829219,0,-1.76101923074173
-2.62548693640623,0,-1.79681821109747
-2.56682105232,0,-1.83620182199221
-2.50990001650976,0,-1.87895347039968
-2.4549195569885,0,-1.92486601408856
-2.40205146362483,0,-1.9737472947778
-2.35144487335722,0,-2.0254257235716
-2.30322741307025,0,-2.07975585312857
-2.25750603154798,0,-2.13662384764224
-2.21436732913767,0,-2.19595273817732
-2.17387717758208,0,-2.25770732629711
-2.13607941687342,0,-2.32189857182426
-2.10099342464327,0,-2.38858726955214
-2.0686103798327,0,-2.45788678385054
-2.03888808901721,0,-2.5299645696932
-2.0117443130215,0,-2.60504216585503
-1.98704862469174,0,-2.68339330547985
-1.96461294580284,0,-2.76533975814714
-1.94418104969172,0,-2.85124450562959
-1.92541747063505,0,-2.94150187190828
-1.90789642127045,0,-3.03652428768541
-1.89109147085592,0,-3.13672547887969
-1.87436686128973,0,-3.24250002994249
-1.85697141443762,0,-3.35419948018855
-1.83803599599094,0,-3.47210534827718
-1.81657543866724,0,-3.59639972060213
-1.79149569587776,0,-3.72713425263427
-1.76160681840183,0,-3.86419859028579
-1.72564216028901,0,-4.00728930727285
-1.68228407519271,0,-4.15588048577866
-1.63019630599926,0,-4.30919708663899
-1.56806332159107,0,-4.46619234224159
-1.49463699224812,0,-4.62553066791472
-1.40879112818666,0,-4.78557813918305
-1.30958435302651,0,-4.94440350267882
-1.1963312646052,0,-5.09979395831688
-1.06868048955505,0,-5.24929135220164
-0.926695719332542,0,-5.39025541627176
-0.770932011529658,0,-5.51996034022412
-0.602495040461115,0,-5.63572802095082
-0.42306706688541,0,-5.73509476896516
-0.234882666940149,0,-5.81599823865842
-0.0406423374548572,0,-5.87696037161838
0.15663620480187,0,-5.91723502593774
0.353813732043482,0,-5.93689076138967
0.547843854190999,0,-5.93681156216446
0.735973119696735,0,-5.9186169934856
0.915899889324927,0,-5.88452050412425
1.0858777184913,0,-5.83715366624013
1.24476223617775,0,-5.77938353621408
1.3920094873882,0,-5.71414324738584
1.52763707697579,0,-5.64428722651723
1.6521586680189,0,-5.57247556645581
1.76649986815602,0,-5.50108828964626
1.8719012577344,0,-5.43216892726985
1.96981324752805,0,-5.36739666523082
2.06178761727634,0,-5.30808596339707
2.14937135606286,0,-5.25521127339449
2.23400895166864,0,-5.20945224366824
2.31695889020409,0,-5.17125225761005
2.39922863056175,0,-5.14088128226444
2.48153003618838,0,-5.11849364676664
2.56425483516732,0,-5.10417280953211
2.64746779887046,0,-5.09795802964819
2.73091437325114,0,-5.09985128572513
2.8140395047935,0,-5.10980587540894
2.89601515273381,0,-5.12770027411872
2.97577515332679,0,-5.15330189533942
3.05205741618314,0,-5.18622565343191
3.12345466437668,0,-5.22589218216244
3.18847585768575,0,-5.27149071139591
3.2456207404688,0,-5.32195226898257
3.29346914004507,0,-5.37594001840726
3.330784105732,0,-5.43186461002842
3.35662332616085,0,-5.48793225417345
3.37044692437736,0,-5.54223027141003
3.37220364159753,0,-5.59284802187937
3.36237500581034,0,-5.63802102786873
3.34196170387197,0,-5.67627619167035
3.31240853848234,0,-5.70655145585847
3.2754799205774,0,-5.72826771426345
3.23310982635906,0,-5.74134314107626
3.1872533322447,0,-5.74615466525817
3.1397612249123,0,-5.74346174139077
3.0922890981403,0,-5.73431090282509
3.04624279932614,0,-5.71993701759027
3.00275589562041,0,-5.70167190983121
2.96269222869057,0,-5.68086586678128
2.92666644392289,0,-5.65882387745127
2.89507627722366,0,-5.63675635361618
2.86814148367564,0,-5.61574308590677
2.84594524345093,0,-5.59670874747841
2.82847465765711,0,-5.58040802379912
2.8156576382197,0,-5.56741829094527
2.80739416340414,0,-5.55813770496926
2.80358050849705,0,-5.55278666792788
2.80412562247743,0,-5.55141094289162
2.80895926696141,0,-5.55388518588499
2.81803186599188,0,-5.55991628421001
2.83130628132072,0,-5.56904655339664
2.84874199511577,0,-5.58065747108903
2.87027250784911,0,-5.59397516326765
2.89577717320432,0,-5.60807928629949
2.92504920088678,0,-5.6219172717619
2.95776216583798,0,-5.63432612451131
2.99343808369861,0,-5.644064052485
3.03142095771405,0,-5.64985403279085
3.070860610974,0,-5.65044072713425
3.11071234812009,0,-5.64466058580599
3.14975801810542,0,-5.63152219577961
3.18665259620181,0,-5.61028996629206
3.21999675690763,0,-5.58055991622427
3.24843007835224,0,-5.5423134225963
3.27073289973238,0,-5.49593556096561
3.28592017616298,0,-5.44219042705343
3.29331068671798,0,-5.38215544763132
3.29256043969744,0,-5.31712652519335
3.28365798217602,0,-5.24851175062892
3.26688778004856,0,-5.177731319717
3.24277283884476,0,-5.10613630625681
3.21200849493127,0,-5.03495206603848
3.17539701410633,0,-4.96524605940011
3.13378915855379,0,-4.89791615210633
3.08803567232024,0,-4.83369397772613
3.03894935695547,0,-4.77315801899339
2.98727711798425,0,-4.71675191693785
2.93368081908996,0,-4.66480459590326
2.87872568494315,0,-4.61754981388053
2.82287510038051,0,-4.57514361063961
2.76649080114258,0,-4.53767882461163
2.70983755221796,0,-4.50519640495974
2.65309143339548,0,-4.47769367319953
2.59635080752177,0,-4.45512998915592
2.53964897106469,0,-4.43743044017826
2.48296742794429,0,-4.4244881960465
2.42624873536111,0,-4.41616606750223
2.36940798119069,0,-4.41229760940777
2.31234218036625,0,-4.41268787565687
2.25493720831699,0,-4.4171137263243
2.1970722818824,0,-4.42532346566005
2.13862239265409,0,-4.43703558908159
2.07945942994206,0,-4.45193654602861
2.01945294562669,0,-4.46967766246264
1.95847157652635,0,-4.48987166970272
1.89638604140506,0,-4.51208960235332
1.83307438057235,0,-4.53585910287786
1.76842973202058,0,-4.5606653521032
1.70237047384787,0,-4.58595588399527
1.63485205094016,0,-4.61115039069193
1.56587930022366,0,-4.6356562361811
1.49551766955636,0,-4.65888975029975
1.42390148930447,0,-4.68030249233427
1.35123751022533,0,-4.69941065762354
1.27780234661019,0,-4.71582484806683
1.20393326172175,0,-4.72927680459879
1.13001278575775,0,-4.73963966198076
1.05644873013814,0,-4.74693896290008
0.98365197036679,0,-4.75135297032151
0.912014687338269,0,-4.75320243485466
0.84189151450058,0,-4.75293148684073
0.773585347752485,0,-4.75108236656297
0.70733866910222,0,-4.74826710459187
0.643330362786623,0,-4.74513906048737
0.581677340779548,0,-4.74236661560219
0.522439914357444,0,-4.74061053208863
0.46562973094189,0,-4.7405057306111
0.411219172827067,0,-4.74264761899061
0.359151307440845,0,-4.74758266267859
0.30934972017552,0,-4.75580261418214
0.261727803138885,0,-4.76774167651038
0.216197287426231,0,-4.7837758246334
0.172675976916128,0,-4.80422351420893
0.131094760233967,0,-4.82934704426826
0.0914040405881028,0,-4.8593538964005
0.0535797291964603,0,-4.89439744131194
0.0176288979061758,0,-4.93457648297238
-0.0164049152336427,0,-4.97993320103824
-0.0484368982023858,0,-5.0304491544725
-0.078336978922238,0,-5.08603912490449
-0.105927168297635,0,-5.1465427115059
-0.130980913538332,0,-5.21171374815448
-0.153225286747609,0,-5.2812078109164
-0.172346929461051,0,-5.35456833573519
-0.18800270464502,0,-5.43121219193333
-0.199835954788183,0,-5.51041597768691
-0.207499099699138,0,-5.59130483841046
-0.210682981155593,0,-5.67284626573913
-0.209152792319966,0,-5.7538520853215
-0.202789503803577,0,-5.83299257576393
-0.191634298354523,0,-5.90882712004114
-0.17593161932591,0,-5.97985550684557
-0.156164234948021,0,-6.04459231589077
-0.133071864487748,0,-6.10166311306256
-0.107644539981986,0,-6.14991536752843
-0.0810842875979816,0,-6.18853021441502
-0.054734508866092,0,-6.21711604068608
-0.029984523199778,0,-6.23576460555721
-0.0081641198899719,0,-6.24505680129861
0.00955378856204536,0,-6.24601664724434
0.0222268464595339,0,-6.24002406810474
0.0291845997619485,0,-6.22870454891215
0.0300367343904242,0,-6.21381473188454
0.0246532848544992,0,-6.19713872983021
0.0131244861754304,0,-6.18040347134857
-0.00429215058784949,0,-6.16521549802324
-0.0272314120821434,0,-6.15301761215774
-0.0552821088017119,0,-6.14506166146732
-0.0880476072662285,0,-6.14239296842079
-0.125202328843064,0,-6.14584184640689
-0.166541379283472,0,-6.15601790455044
-0.212020238045103,0,-6.17330330992327
-0.261781235285431,0,-6.19784191195359
-0.316163592642953,0,-6.22952224713243
-0.375694230833531,0,-6.26795396766457
-0.441057385003702,0,-6.31243907397739
-0.513042255983044,0,-6.36194125589782
-0.592469328336057,0,-6.41505840794957
-0.680097453947982,0,-6.4700048188079
-0.776515263814433,0,-6.52461065681321
-0.882022069481488,0,-6.5763473382268
-0.996505588493963,0,-6.6223882574567
-1.11932725011934,0,-6.65971478526788
-1.24923100973447,0,-6.68527603503659
-1.38429793306156,0,-6.69620510970704
-1.52197337392868,0,-6.69008149707958
-1.65919059436086,0,-6.66520852986741
-1.79259794672349,0,-6.62085238872052
-1.91886593053154,0,-6.55737873623092
-2.03501718127353,0,-6.47623889453734
-2.13870680784078,0,-6.37979987968302
-2.22839533343222,0,-6.27106153857708
-2.30339424883353,0,-6.15333250467001
-2.36380260938607,0,-6.0299328633056
-2.41037414019148,0,-5.90396531217843
-2.44435524373757,0,-5.7781671042569
-2.46732347865727,0,-5.65483485738425
-2.48104305215281,0,-5.53580576818764
-2.48734394632683,0,-5.42247823036607
-2.48802555614672,0,-5.31585780696215
-2.48478311442608,0,-5.21661796962632
-2.47915428904855,0,-5.12516775513329
-2.47248311810951,0,-5.04172034617035
-2.46589837666711,0,-4.96635784865703
-2.46030340432221,0,-4.89908854861888
-2.45637442091643,0,-4.83989390247032
-2.45456451744154,0,-4.78876351059404
-2.45511088625119,0,-4.74571730563876
-2.45804343246285,0,-4.71081507345951
-2.46319361252114,0,-4.68415414628188
-2.47020307652314,0,-4.66585663168702
-2.47853235578779,0,-4.65604787464652
-2.48747037261367,0,-4.65482802974984
-2.4961459269118,0,-4.66223869887792
-2.50354253625811,0,-4.67822662189753
-2.50851809102483,0,-4.70260644840318
-2.50983075442936,0,-4.73502471600134
-2.50617239121629,0,-4.77492735527176
-2.49621051698467,0,-4.82153335520671
-2.47863924646236,0,-4.87381763878355
-2.45223886522028,0,-4.93050662776979
-2.41594232916386,0,-4.99009021987261
-2.36890515539399,0,-5.05085363039919
-2.31057295236952,0,-5.11093134866615
-2.24073872435082,0,-5.16838298372024
-2.1595809103689,0,-5.221287036683
-2.06767385286945,0,-5.26784429480402
-1.96596563188308,0,-5.30647894029719
-1.85572358997646,0,-5.33592419829855
-1.73845391956699,0,-5.35528140053534
-1.61580631707205,0,-5.36404635756275
-1.48947634884281,0,-5.36210321980359
-1.36111657513743,0,-5.34969140541305
-1.23226372465349,0,-5.32735416949892
-1.10428496242254,0,-5.29587770732086
-0.978342903109623,0,-5.25622807742816
-0.855377085783243,0,-5.20949084148169
-0.736099037890951,0,-5.1568160994829
-0.620998327586842,0,-5.09937005883667
-0.510357587208628,0,-5.03829349536058
-0.404274974864284,0,-4.97466725533065
-0.302692719028085,0,-4.90948501448126
-0.205430249236555,0,-4.84363357474775
-0.112220080634415,0,-4.77788085913645
-0.022744285094077,0,-4.71287140406633
0.0633307669969272,0,-4.64912861298049
0.146323556884283,0,-4.58706247152994
0.226512155993755,0,-4.52698099778661
0.304115559870906,0,-4.46910353139762
0.379281862945561,0,-4.41357409112439
0.452082843187761,0,-4.36047340254403
0.522514048643667,0,-4.30982871121344
0.590499245630342,0,-4.26162103177628
0.655898080876619,0,-4.21578994471501
0.718515963516845,0,-4.17223638745399
0.778115408377992,0,-4.13082408587031
0.834428326775517,0,-4.09138035569833
0.887168950575468,0,-4.05369700208924
0.9360471958974,0,-4.01753198782461
0.980782299484096,0,-3.98261244285013
1.0211164945638,0,-3.94863945284189
1.0568283507824,0,-3.91529488583476
1.08774521826188,0,-3.8822502858426
1.11375403995564,0,-3.84917758323145
1.1348096920908,0,-3.81576106597402
1.1509400407104,0,-3.78170977101652
1.16224710125961,0,-3.74676925593401
1.16890405164523,0,-3.71073166167067
1.17114831739618,0,-3.67344311389112
1.16927141889633,0,-3.63480782142033
1.16360663430099,0,-3.59478865221546
1.15451570686864,0,-3.55340440496437
1.14237578825582,0,-3.51072435344327
1.12756759530879,0,-3.46686085862966
1.11046544103677,0,-3.42196090394466
1.091429462805,0,-3.37619733671436
1.07080007713144,0,-3.32976044206994
1.04889447645349,0,-3.28285028547217
1.02600485651737,0,-3.23567007760635
1.00239801205525,0,-3.18842066504812
0.978315942618589,0,-3.14129614117389
0.953977148375931,0,-3.09448050284681
0.929578349558357,0,-3.04814524220749
0.905296420501685,0,-3.0024477502912
0.881290382333322,0,-2.9575304115573
0.857703343608457,0,-2.91352027879157
0.834664314554597,0,-2.8705292312348
0.812289848514461,0,-2.82865453198772
0.790685484914596,0,-2.78797971197549
0.769946983106038,0,-2.74857571630753
0.750161347148847,0,-2.71050225475324
0.731407649270744,0,-2.67380930173672
0.713757665289448,0,-2.63853869345242
0.697276339452295,0,-2.60472577122005
0.682022099374807,0,-2.57240102180175
0.668047044304662,0,-2.54159166773663
0.655397031891241,0,-2.51232316425466
0.644111689983287,0,-2.48462056423339
0.634224380628536,0,-2.45850971893937
0.625762143315292,0,-2.43401828972467
0.618745643509266,0,-2.41117655402948
0.613189150684865,0,-2.39001799747968
0.609100567380961,0,-2.37057969203083
0.606481527444596,0,-2.35290246750787
0.605327577731092,0,-2.33703089012269
0.605628453303379,0,-2.32301306635481
0.60736845181771,0,-2.31090029383387
0.610526908476508,0,-2.30074658259492
0.615078768812771,0,-2.29260807043269
0.620995252737734,0,-2.2865423552984
0.628244599782076,0,-2.28260776605032
0.636792882303786,0,-2.28086259068676
0.646604870616903,0,-2.28136427874488
0.657644931510916,0,-2.28416863207863
0.66987793949731,0,-2.28932899592083
0.683270178390776,0,-2.29689546010223
0.697790209604213,0,-2.30691407859694
0.713409682945838,0,-2.31942611417915
0.730104065917409,0,-2.33446731384508
0.747853268689368,0,-2.35206721967981
0.766642144203609,0,-2.3722485189033
0.786460846287435,0,-2.395026435783
0.807305033204398,0,-2.42040816683236
0.829175909534967,0,-2.44839235913069
0.852080105342799,0,-2.47896862965675
0.876029397780658,0,-2.51211712122864
0.9010402860696,0,-2.54780808806045
0.927133435560502,0,-2.58600150120447
0.954333009810817,0,-2.62664666142944
0.982665910848449,0,-2.66968180459235
1.01216094678458,0,-2.71503368251741
1.04284794261992,0,-2.76261710100099
1.07475680460991,0,-2.81233439599604
1.10791654123708,0,-2.86407482942834
1.14235423512854,0,-2.91771388757714
1.1780939506613,0,-2.97311246761427
1.21515555202891,0,-3.03011594188508
1.25355339668013,0,-3.08855309504986
1.29329485972727,0,-3.14823493666087
1.33437863660432,0,-3.20895340169809
1.3767927644642,0,-3.27047996486422
1.42051229828965,0,-3.33256421218613
1.46549657660749,0,-3.39493243714078
1.51168601583541,0,-3.45728635983299
1.55899838436439,0,-3.51930210852295
1.60732453140024,0,-3.5806296546036
1.65652358668311,0,-3.64089295561542
1.70641771219119,0,-3.69969113466063
1.75678658336157,0,-3.75660110340465
1.80736191201713,0,-3.81118210818106
1.85782249887515,0,-3.86298272374646
1.90779051356362,0,-3.91155080445616
1.95682992062322,0,-3.9564467839258
2.00444815161009,0,-3.99726044195966
2.0501021866796,0,-4.03363079271099
2.09321005189832,0,-4.06526809084901
2.13316826509044,0,-4.09197617766172
2.16937493653427,0,-4.11367267052784
2.20125713655615,0,-4.13040409514274
2.2283000216005,0,-4.14235323313845
2.25007441965935,0,-4.14983684314669
2.26625945082364,0,-4.15329339686387
2.27665744076706,0,-4.15326217468623
2.28119971740838,0,-4.15035648098122
2.27994345951944,0,-4.14523445839153
2.27306112471235,0,-4.13857087176299
2.26082479834199,0,-4.13103246266688
2.24358799143973,0,-4.12325838654849
2.22176709990536,0,-4.11584617967626
2.1958241408513,0,-4.1093428891812
2.16625171631375,0,-4.10424051853847
2.13356056138188,0,-4.10097476619049
2.09826957846905,0,-4.09992608722457
2.06089795211593,0,-4.10142229875255
2.02195876160397,0,-4.10574220358854
1.98195343628251,0,-4.11311996632731
1.94136640765772,0,-4.12375019724796
1.9006593840653,0,-4.13779384821301
1.86026479173358,0,-4.15538507452947
1.82057807420903,0,-4.1766391519155
1.78194870465441,0,-4.2016613584109
1.7446699288958,0,-4.23055645792431
1.70896741282098,0,-4.26343809777656
1.67498711375367,0,-4.30043711810642
1.64278283424041,0,-4.3417075365267
1.61230405038127,0,-4.38742888245225
1.58338473128714,0,-4.43780365691629
1.55573396787654,0,-4.4930489954284
1.52892928714312,0,-4.55338208095555
1.50241352177725,0,-4.61899941961639
1.47549602500419,0,-4.69005065776971
1.44735887610968,0,-4.7666080916934
1.41706854347195,0,-4.84863333336901
1.38359330378484,0,-4.935942727959
1.3458266063312,0,-5.02817310325082
1.30261655685996,0,-5.12474934850941
1.25280179033548,0,-5.22485528361789
1.19525418202158,0,-5.32740942187553
1.12892903440788,0,-5.43104768691404
1.05292341761056,0,-5.53411602843883
0.966542970919404,0,-5.6346772288021
0.869376311808914,0,-5.73053785579287
0.76137379937645,0,-5.81930279480425
0.642923459673218,0,-5.89846503764297
0.514911695528225,0,-5.96553579391876
0.378751491868184,0,-6.01821283196993
0.236359254860529,0,-6.05457286541664
0.0900668884963502,0,-6.07325961023706
-0.057530181345609,0,-6.07362957229221
-0.2037692087146,0,-6.05582040187656
-0.346125399861529,0,-6.02072433000838
-0.482388170966145,0,-5.96987507371332
-0.610781407766099,0,-5.90527817851551
-0.730019216347334,0,-5.82922277396273
-0.839305105359105,0,-5.74410687519928
-0.938291309537803,0,-5.65229528077449
-1.02701597334355,0,-5.55601616305815
-1.10583228824333,0,-5.45729368084024
-1.17533872414329,0,-5.35790987168915
-1.23631521662429,0,-5.25938835955425
-1.28966724582443,0,-5.16299341247363
-1.33637807546885,0,-5.06973942613593
-1.37746864378368,0,-4.98040735990744
-1.41396434538593,0,-4.89556577414323
-1.44686794593271,0,-4.81559488552417
-1.47713796344269,0,-4.74071253320469
-1.50567194329147,0,-4.6710012159762
-1.53329410947744,0,-4.60643549471853
-1.56074688420246,0,-4.54690911353093
-1.58868573944488,0,-4.49226121808527
-1.61767679535025,0,-4.44230106669322
-1.648196531717,0,-4.39683065208766
-1.68063295051288,0,-4.35566468563565
-1.71528753483833,0,-4.31864744251692
-1.75237740208215,0,-4.28566602830145
-1.79203714749758,0,-4.25665970850959
-1.8343200125647,0,-4.2316250488796
-1.87919817687974,0,-4.2106167492708
-1.92656214451032,0,-4.19374421633916
-1.97621935551035,0,-4.1811640977663
-2.0278922826733,0,-4.17306917277401
-2.08121636152544,0,-4.16967413350616
-2.13573814722465,0,-4.17119887552375
-2.19091410608843,0,-4.17784992958571
-2.24611045230317,0,-4.18980061383128
-2.30060445797205,0,-4.2071703860125
-2.35358772335059,0,-4.23000376554304
-2.4041720148638,0,-4.25824912192622
-2.4513984707754,0,-4.2917376436512
-2.49425122797099,0,-4.33016296740589
-2.53167679576368,0,-4.37306231699294
-2.56261070116681,0,-4.41980061486324
-2.5860128916605,0,-4.46955988152138
-2.60091286516599,0,-4.52133722484011
-2.60646421927133,0,-4.57395556715581
-2.60200606859597,0,-4.62609146456646
-2.58712567874478,0,-4.67632327355174
-2.56171340575874,0,-4.72319995240594
-2.52599899199284,0,-4.76532600030429
-2.48055909765792,0,-4.80145259597477
-2.42629053745695,0,-4.83056111134455
-2.36435114602039,0,-4.85192508651861
-2.29607778175592,0,-4.8651411920375
-2.22289555409914,0,-4.87012708357681
-2.14623231235917,0,-4.86709130768577
-2.06744852223988,0,-4.85648489793294
-1.9877871601519,0,-4.83894514708676
-1.90834341131923,0,-4.8152401178165
-1.83005093733585,0,-4.78621934177233
-1.75368033852683,0,-4.752773179965
-1.67984561756927,0,-4.71580114990048
-1.6090152898212,0,-4.67618827860563
-1.54152578602746,0,-4.63478802876487
-1.47759567945872,0,-4.59241030338568
-1.41733993704464,0,-4.54981323652022
-1.36078383560517,0,-4.50769776915182
-1.30787643600941,0,-4.46670430039064
-1.25850361812332,0,-4.42741094961784
-1.2125006938984,0,-4.39033314755601
-1.16966457464827,0,-4.35592439122095
-1.12976540416911,0,-4.32457805575326
-1.09255750765737,0,-4.29663016676522
-1.05778946586287,0,-4.27236301464233
-1.02521311516146,0,-4.25200945301787
-0.994591299578903,0,-4.23575768242598
-0.965704255090937,0,-4.22375628913133
-0.938354579113635,0,-4.21611929608361
-0.912370815808293,0,-4.21293099048819
-0.887609758106909,0,-4.21425031859907
-0.863957620811106,0,-4.22011467772981
-0.841330270774868,0,-4.23054298139191
-0.819672709554549,0,-4.24553791939832
-0.79895799396891,0,-4.26508737564324
-0.77918575571212,0,-4.2891649989841
-0.76038044797287,0,-4.31772994604386
-0.742589409788027,0,-4.35072582919421
-0.725880801192807,0,-4.38807890987741
-0.710341426257941,0,-4.42969557872784
-0.69607442765719,0,-4.47545916183512
-0.683196805357982,0,-4.52522608914735
-0.671836682705017,0,-4.57882145861472
-0.662130214737211,0,-4.63603403040582
-0.654218005308774,0,-4.69661069174485
-0.648240870999854,0,-4.76025044743912
-0.644334760817289,0,-4.82659801779536
-0.642624611911661,0,-4.89523716989741
-0.643216895016771,0,-4.96568397837598
-0.646190584024134,0,-5.03738031973732
-0.651586282453259,0,-5.10968806603643
-0.659393275067274,0,-5.18188467830252
-0.66953437852589,0,-5.25316122573337
-0.681848691168573,0,-5.32262428028228
-0.696072756468118,0,-5.38930363415843
-0.711821331188676,0,-5.45216827305992
-0.728569933908983,0,-5.51015331746428
-0.745642591304942,0,-5.56220038261091
-0.762209445062176,0,-5.60731254637949
-0.777299577156409,0,-5.64462242554552
-0.789833725661608,0,-5.67346770381582
-0.798678710259756,0,-5.69346365438455
-0.802720285166642,0,-5.70455867883761
-0.800945079271958,0,-5.7070590852929
-0.792517851816601,0,-5.70161466376741
-0.776840033608948,0,-5.6891658996185
-0.753580083280519,0,-5.67086316643267
-0.722673582914595,0,-5.6479738733276
-0.684297901391488,0,-5.62179349059399
-0.638830166249973,0,-5.59357186842488
-0.586797713734906,0,-5.56446015005093
-0.528828234195423,0,-5.53547835934551
-0.465604039813251,0,-5.50750054241023
-0.397822385432942,0,-5.48125307849066
-0.326162066800756,0,-5.45732179760971
-0.251255636552209,0,-5.43616417142348
-0.173666339210515,0,-5.41812361365083
-0.0938690550939806,0,-5.40344360921784
-0.0122349719243361,0,-5.39227993431029
0.0709797796614121,0,-5.38470967997313
0.155640816281837,0,-5.38073623511845
0.24173649790978,0,-5.38028989679789
0.329372169481625,0,-5.38322438601388
0.418756877249997,0,-5.38931021676996
0.510182399778166,0,-5.39822648649867
0.603995269133055,0,-5.40955308072779
0.700563346954505,0,-5.42276538180974
0.800239256380387,0,-5.43723328058194
0.903323372041723,0,-5.45222565813989
1.01002903448462,0,-5.46692068291572
1.12045219383741,0,-5.48042146566425
1.23454692366823,0,-5.49177603425572
1.35210737986563,0,-5.50000036368196
1.47275603178396,0,-5.50410334963807
1.5959375474133,0,-5.50311306339955
1.7209176752526,0,-5.4961042089101
1.84678683978163,0,-5.48222722043948
1.97246886655507,0,-5.46073969366638
2.09673610368174,0,-5.43104066858933
2.21823295907956,0,-5.39270756903158
2.33551021117528,0,-5.3455343328504
2.44707202683671,0,-5.28956757467793
2.55143615121487,0,-5.22513586875856
2.64720517720499,0,-5.15286602961321
2.73314355889623,0,-5.07368033802958
2.80825203058188,0,-4.98877056006783
2.8718295583855,0,-4.89954828918691
2.92351385149884,0,-4.8075757212236
2.96329487698761,0,-4.7144849582752
2.99150074411131,0,-4.62189592835656
3.00876009616765,0,-4.53134242236239
3.01594831552849,0,-4.44421307882587
3.01412580401501,0,-4.36171057192181
3.00447565902308,0,-4.28482898180056
2.98824605688055,0,-4.2143470794945
2.96670042889965,0,-4.15083419551723
2.94107663698203,0,-4.09466522137936
2.91255504846376,0,-4.04604173516839
2.88223465320808,0,-4.00501690381144
2.85111602240666,0,-3.97152246559634
2.82008982047405,0,-3.94539661755655
2.78992962074472,0,-3.92641198208025
2.76128785953423,0,-3.91430300785769
2.73469385143051,0,-3.90879219395467
2.71055287523103,0,-3.90961444226261
2.68914544228739,0,-3.91653867848735
2.67062600819993,0,-3.92938567993246
2.65502061800674,0,-3.94804086751273
2.64222330625025,0,-3.97246073093082
2.63199150311654,0,-4.00267163625531
2.62394118584375,0,-4.03876007779706
2.61754298127818,0,-4.08085400613824
2.61212076541609,0,-4.12909565344674
2.6068544178352,0,-4.18360717499068
2.60078821584971,0,-4.24445126468205
2.59284591491816,0,-4.31158950350475
2.58185296362806,0,-4.38484143374441
2.56656570720748,0,-4.46384719416427
2.54570700832221,0,-4.5480361029279
2.51800755879679,0,-4.63660304014446
2.48225225685459,0,-4.72849410419596
2.4373312346162,0,-4.82240299595521
2.38229517825819,0,-4.91677999661119
2.31641416391679,0,-5.00985612406105
2.23923803962713,0,-5.09968570579807
2.15065429496,0,-5.18421056315924
2.05093663285257,0,-5.26134748443749
1.94077492722794,0,-5.32909706108284
1.82127632409794,0,-5.38566636937402
1.69392943840162,0,-5.4295917428683
1.56052955477228,0,-5.45984357230216
1.42307124632429,0,-5.47589542843919
1.28362281984571,0,-5.47774591749546
1.14420106250042,0,-5.46589176962596
1.00666325059412,0,-5.4412607902466
0.872627395355219,0,-5.40511970633933
0.743424182272656,0,-5.35897310484966
0.62007785259072,0,-5.30446662581868
0.503309793203536,0,-5.24330265367698
0.393557745238261,0,-5.17717203817513
0.291004395612777,0,-5.10770198991098
0.195610678252658,0,-5.03641842655833
0.107150682549935,0,-4.96472036682681
0.0252463074963737,0,-4.89386401170005
-0.0505993662514549,0,-4.82495451994893
-0.120970527396264,0,-4.75894391791195
-0.186509203866579,0,-4.6966339475734
-0.247888142235343,0,-4.63868290474713
-0.305786146323517,0,-4.5856156540792
-0.360866000065126,0,-4.53783605688769
-0.413755069010855,0,-4.49564104581243
-0.465028633181615,0,-4.45923555881128
-0.515195957020688,0,-4.42874752983992
-0.564689059587991,0,-4.40424214303804
-0.613854118475559,0,-4.38573460340657
-0.662945428371525,0,-4.37320076639247
-0.71212183798703,0,-4.3665851032132
-0.761445599722868,0,-4.36580565469221
-0.810883573780203,0,-4.37075583431621
-0.860310720797558,0,-4.38130316491988
-0.909515786605608,0,-4.3972852504804
-0.958209028909828,0,-4.41850346920276
-1.00603176786285,0,-4.44471500232275
-1.05256747876987,0,-4.47562386900657
-1.09735410881539,0,-4.51087161991704
-1.13989731252974,0,-4.55002826687752
-1.17968437593429,0,-4.59258392719231
-1.21619873561131,0,-4.63794158412916
-1.24893517726835,0,-4.68541135880119
-1.27741598125203,0,-4.73420679539142
-1.30120841497705,0,-4.78344390565063
-1.31994398364017,0,-4.83214409325612
-1.33333965832601,0,-4.87924252916442
-1.34122082230008,0,-4.92360395075185
-1.34354485954526,0,-4.96404799656114
-1.3404231885263,0,-4.99938576839328
-1.33213831671839,0,-5.02846802424368
-1.31915157718953,0,-5.05024309701601
-1.30209720291272,0,-5.06381955812331
-1.28175983408874,0,-5.06852564648033
-1.25903551821655,0,-5.06395587501214
-1.23488005232765,0,-5.04999620173928
-1.21025176415987,0,-5.02682295792901
-1.18605716458658,0,-4.99487622963897
-1.1631067803011,0,-4.95481354869203
-1.14208549683908,0,-4.90745275106744
-1.12353822678492,0,-4.85371306388964
-1.10786890209079,0,-4.79456150629918
-1.09534927700937,0,-4.73096877445229
-1.08613375728485,0,-4.66387604118309
-1.08027701233217,0,-4.59417214046169
-1.0777520064586,0,-4.52267953428822
-1.07846696438474,0,-4.4501470957342
-1.08228049566336,0,-4.37724782303776
-1.08901459785914,0,-4.3045798974472
-1.09846556294257,0,-4.23266985790487
-1.11041297277029,0,-4.16197700399626
-1.12462703531932,0,-4.09289841882855
-1.1408745215073,0,-4.02577421795709
-1.15892353977491,0,-3.96089278520781
-1.17854734950545,0,-3.89849586230707
-1.19952737528809,0,-3.83878342820316
-1.22165554784721,0,-3.78191834601049
-1.24473606705571,0,-3.7280307788297
-1.26858665889438,0,-3.67722238657779
-1.29303938148008,0,-3.62957031903322
-1.31794102468996,0,-3.58513101885403
-1.3431531424624,0,-3.54394384458884
-1.36855175544898,0,-3.50603451909147
-1.3940267632654,0,-3.47141840409637
-1.41948110922226,0,-3.44010359744637
-1.44482974538274,0,-3.41209384578125
-1.46999845155876,0,-3.38739126248002
-1.49492256804283,0,-3.3659988383529
-1.51954570819846,0,-3.34792273104309
-1.54381852323953,0,-3.33317431834787
-1.56769759731842,0,-3.32177200065672
-1.59114455601507,0,-3.31374273825614
-1.6141254749438,0,-3.3091233100109
-1.63661067679392,0,-3.30796128032835
-1.65857500386894,0,-3.31031566056863
-1.67999864813574,0,-3.31625724824556
-1.70086861087468,0,-3.32586862148183
-1.72118084809995,0,-3.33924375634066
-1.74094313482339,0,-3.35648722025858
-1.76017864982097,0,-3.37771287580794
-1.77893024181743,0,-3.40304200624001
-1.7972652872268,0,-3.43260074969798
-1.81528098867031,0,-3.46651670609765
-1.83310989338736,0,-3.50491456450029
-1.85092533397074,0,-3.54791059581466
-1.86894641558516,0,-3.59560587312217
-1.88744210194679,0,-3.64807812660789
-1.90673389797707,0,-3.70537221643439
-1.92719660371369,0,-3.76748931467175
-1.9492566355704,0,-3.83437501948749
-1.97338748791052,0,-3.90590676602873
-2.00010204282738,0,-3.98188102640273
-2.02994161958338,0,-4.06200087990037
-2.06346186364897,0,-4.14586456101133
-2.10121577251581,0,-4.23295554465011
-2.14373429931569,0,-4.32263461139739
-2.19150502815108,0,-4.41413417867934
-2.24494935557449,0,-4.50655503583686
-2.304398445548,0,-4.59886554578892
-2.37006798703862,0,-4.68990344244459
-2.44203154465167,0,-4.77838062503231
-2.52019215867437,0,-4.86289187609579
-2.60425196387606,0,-4.94192922588549
-2.69368013705833,0,-5.01390470832087
-2.7876806583371,0,-5.07718534110364
-2.88516335647243,0,-5.13014494564823
-2.98472450149833,0,-5.17123722635021
-3.08464635240427,0,-5.19909236737107
-3.18292731798586,0,-5.21263427368982
-3.27735361553431,0,-5.21120727103712
-3.36561721540342,0,-5.19469139286564
-3.44547285503983,0,-5.16357881703312
-3.51491228934831,0,-5.11898622582203
-3.57232381988381,0,-5.0625914667811
-3.61660628012255,0,-4.99650360304612
-3.647219770252,0,-4.92309337800998
-3.66417380382398,0,-4.84481768778515
-3.66796800625424,0,-4.76406568953532
-3.65950599947484,0,-4.68304145970399
-3.64000054426294,0,-4.60368592228325
-3.61088160711737,0,-4.52763326806764
-3.57371272553852,0,-4.45619461093773
-3.53011689145712,0,-4.39036237058541
-3.48171141798721,0,-4.33083072566446
-3.43005120867833,0,-4.27802898370416
-3.37658056064873,0,-4.23216523777158
-3.32259429172059,0,-4.19327728309862
-3.26920910238236,0,-4.1612869314002
-3.21734556305729,0,-4.13605319945578
-3.16772017328452,0,-4.11741983382728
-3.1208459523764,0,-4.10525342017249
-3.07703934214372,0,-4.09946973260367
-3.03643101323688,0,-4.10004761829792
-2.99897844553787,0,-4.10703118124591
-2.96447873519623,0,-4.12052205621664
-2.93258075972813,0,-4.14066406595976
-2.90279644208585,0,-4.16762260058395
-2.8745113061385,0,-4.20156079623445
-2.84699479381725,0,-4.24261417899212
-2.81941094950023,0,-4.29086500619568
-2.79083011997257,0,-4.34631716349623
-2.76024231644016,0,-4.40887220527722
-2.72657287325971,0,-4.47830697609925
-2.68870103296171,0,-4.5542532259062
-2.64548208576717,0,-4.63617973138052
-2.59577367011262,0,-4.72337765680338
-2.53846675242787,0,-4.81495021906988
-2.47252158187943,0,-4.90980813235533
-2.39700847746384,0,-5.00667273013945
-2.31115257613707,0,-5.10408897210404
-2.21438062388337,0,-5.20045055424749
-2.10636660348562,0,-5.29403882532143
-1.98707170130965,0,-5.3830759754531
-1.8567732341925,0,-5.46579096309968
-1.71607719232695,0,-5.54049413728399
-1.5659103965252,0,-5.6056540990395
-1.40749092718978,0,-5.65996886095599
-1.24227891504621,0,-5.70242352838418
-1.07191300194213,0,-5.73232874931064
-0.898139751785254,0,-5.7493375535764
-0.722743428174313,0,-5.75344187571269
-0.54748197368745,0,-5.74495291401614
-0.374032433562845,0,-5.7244708186572
-0.203946384492992,0,-5.69284893749212
-0.038613914432807,0,-5.65115639732235
0.12076624904414,0,-5.60064080846254
0.273212703942576,0,-5.54269098435665
0.417984622983367,0,-5.47879825163124
0.554601911273392,0,-5.41051448860092
0.682860282597339,0,-5.33940557365063
0.802838087538189,0,-5.26700033635462
0.914891400014919,0,-5.19473704558696
1.01963461023733,0,-5.12391141526152
1.11790550276688,0,-5.05563146577947
1.21071612673349,0,-4.99078486374107
1.29919309215505,0,-4.93002336953917
1.38451264284075,0,-4.87376690521613
1.46783654804754,0,-4.82222697123624
1.55025442093379,0,-4.7754463001703
1.63273671666784,0,-4.73334932316965
1.71610078781008,0,-4.69579667279359
1.8009904300498,0,-4.66263676755326
1.88786771440698,0,-4.63374850148393
1.97701480381482,0,-4.60907095521864
2.06854295913886,0,-4.58861842753613
2.16240597694602,0,-4.57248143537595
2.25841570363999,0,-4.56081616317008
2.35625784772139,0,-4.55382585636144
2.45550690536046,0,-4.55173780153691
2.55563952838807,0,-4.55477899755172
2.65604606604108,0,-4.56315270224463
2.75604031437128,0,-4.57701704222167
2.85486774232123,0,-4.59646601975683
2.95171266573152,0,-4.62151265381135
3.04570503840532,0,-4.65207367646111
3.13592774206945,0,-4.68795514862404
3.22142549243792,0,-4.72883852590705
3.30121672736469,0,-4.77426707468296
3.37431006781568,0,-4.8236331058548
3.43972706097912,0,-4.87616725966859
3.49653278380398,0,-4.93093201135918
3.54387529697934,0,-4.986822563027
3.58103366000305,0,-5.04257908095948
3.60747210072213,0,-5.09681437822498
3.62289511946319,0,-5.14806004871603
3.62729545206808,0,-5.19483127123989
3.62098512925572,0,-5.23570612469193
3.60460073444886,0,-5.26941035991772
3.57907807612831,0,-5.29489511383429
3.54559802617415,0,-5.3113949726152
3.5055118857709,0,-5.31845772210024
3.46025865547786,0,-5.31594369663373
3.41128661739441,0,-5.30399918764474
3.35998828733644,0,-5.283012542361
3.3076529873805,0,-5.25356252196256
3.25543696668908,0,-5.21636687406092
3.2043482343325,0,-5.17223627773577
3.15524217308662,0,-5.12203605177033
3.10882412521804,0,-5.06665593962228
3.06565590157798,0,-5.00698705054751
3.0261641102586,0,-4.9439045069572
2.99064906524337,0,-4.87825429367978
2.9592937057513,0,-4.81084301603568
2.93217241201025,0,-4.74242959975194
2.90925986504456,0,-4.67371831219249
2.89044020367605,0,-4.60535279702072
2.87551672045746,0,-4.53791106416113
2.86422224722649,0,-4.47190154963025
2.85623024592314,0,-4.40776045134225
2.85116647436638,0,-4.34585056173965
2.8486209687608,0,-4.28646176846877
2.84815999664998,0,-4.22981329953212
2.84933759788837,0,-4.17605767263032
2.85170634800973,0,-4.12528619287659
2.85482703932963,0,-4.07753574757358
2.85827706489564,0,-4.03279658287959
2.86165739143441,0,-3.99102071842377
2.86459810397859,0,-3.952130658764
2.8667625855637,0,-3.91602808708764
2.86785045432166,0,-3.88260226723518
2.86759941638099,0,-3.8517379262972
2.86578620861914,0,-3.82332243527213
2.86222680479718,0,-3.79725214590413
2.85677604674034,0,-3.77343777666767
2.84932684337515,0,-3.7518087705692
2.83980905805008,0,-3.73231657365802
2.82818818110414,0,-3.71493680781982
2.81446386171127,0,-3.69967033623463
2.79866835163482,0,-3.68654324584028
2.78086489436682,0,-3.67560579845489
2.7611460767484,0,-3.66693043023183
2.73963214705711,0,-3.66060890644381
2.71646929409991,0,-3.65674876327633
2.69182787629251,0,-3.65546918816533
2.66590058798113,0,-3.65689650318181
2.6389005519794,0,-3.6611594204903
2.61105933171587,0,-3.66838423425124
2.58262486252651,0,-3.67869009975304
2.55385930836593,0,-3.6921845292845
2.52503685646592,0,-3.70895920732036
2.4964414673231,0,-3.72908619748086
2.46836460018204,0,-3.75261458301655
2.441102934511,0,-3.77956755358253
2.41495610571428,0,-3.80993992563458
2.39022446855967,0,-3.84369606314522
2.36720689472742,0,-3.88076815018031
2.3461986017912,0,-3.92105475743211
2.32748900014184,0,-3.96441964103324
2.31135953220562,0,-4.01069071373718
2.29808146516948,0,-4.05965913576472
2.28791358476254,0,-4.11107848538052
2.2810997240614,0,-4.16466398793186
2.27786604865305,0,-4.22009180728644
2.2784180090817,0,-4.27699843621261
2.28293686521787,0,-4.33498026320894
2.2915756877475,0,-4.39359344336388
2.30445475317235,0,-4.45235426005901
2.32165627549909,0,-4.51074023126848
2.34321846616865,0,-4.56819228477424
2.36912899012876,0,-4.62411839267619
2.3993179956009,0,-4.67789910344082
2.43365103968192,0,-4.7288954191842
2.47192240557821,0,-4.77645941073597
2.51384949202371,0,-4.81994781468907
2.55906911742407,0,-4.85873859210517
2.60713667061006,0,-4.8922500431734
2.65752899798263,0,-4.91996159475328
2.70965169248399,0,-4.94143488183374
2.76285102527349,0,-4.95633334505871
2.81643017518868,0,-4.96443839777331
2.86966876870417,0,-4.96566038265405
2.9218441951426,0,-4.96004306575971
2.97225285787538,0,-4.9477612215187
3.0202295525318,0,-4.92911176772113
3.06516352071423,0,-4.90449970112581
3.10651031068054,0,-4.87442058876778
3.14379923084022,0,-4.83944151125018
3.17663675922302,0,-4.8001821634862
3.20470667406543,0,-4.75729740235967
3.22776786471224,0,-4.7114620212887
3.24565078969531,0,-4.66335804178808
3.25825342118575,0,-4.61366441416876
3.26553730884739,0,-4.56304874396939
3.26752415903632,0,-4.51216050754762
3.26429309040416,0,-4.4616251733371
3.25597851453993,0,-4.41203868380333
3.24276841248081,0,-4.36396185789528
3.22490264357058,0,-4.31791442863224
3.2026708408405,0,-4.27436862058325
3.17640942578956,0,-4.23374238091309
3.14649732262874,0,-4.19639258465483
3.11335007012396,0,-4.16260871422254
3.07741221135309,0,-4.13260763632474
3.03914806920062,0,-4.10653013989088
2.99903125751766,0,-4.08443983882396
2.95753349587944,0,-4.06632488132824
2.9151134506591,0,-4.05210266060679
2.87220638638452,0,-4.04162742564228
2.82921536551114,0,-4.03470039333331
2.7865045889592,0,-4.03108171393809
2.74439525016269,0,-4.03050348060977
2.70316402035032,0,-4.03268292280799
2.66304403348615,0,-4.03733498300928
2.62422803050021,0,-4.04418362741741
2.58687317623633,0,-4.05297145220435
2.55110698625322,0,-4.06346738025936
2.51703378847936,0,-4.07547246531505
2.48474118211493,0,-4.08882400449557
2.45430602458818,0,-4.10339829090912
2.4257995588063,0,-4.11911240888072
2.39929137289925,0,-4.13592548756138
2.37485195362696,0,-4.15383979069412
2.35255364831389,0,-4.17290194036466
2.33246988900623,0,-4.19320446018076
2.31467256080028,0,-4.21488768760569
2.2992274212161,0,-4.23814195469866
2.28618750835344,0,-4.26320978003524
2.2755845224888,0,-4.29038766208533
2.26741823811619,0,-4.3200269280943
2.26164410760223,0,-4.35253298760355
2.25815935438751,0,-4.38836228328932
2.25678801563437,0,-4.42801624059069
2.25726556451889,0,-4.47203160390109
2.2592238957534,0,-4.52096671329127
2.26217756533707,0,-4.57538350946469
2.26551221188094,0,-4.63582532682325
2.26847604048019,0,-4.70279080230589
2.27017513082501,0,-4.77670444336276
2.26957317367433,0,-4.85788452289003
2.26549609993663,0,-4.94650898605825
2.2566420117984,0,-5.04257998224089
2.24159692040499,0,-5.145887534027
2.21885708624449,0,-5.25597282572474
2.18685925832645,0,-5.37209177662931
2.14402077026921,0,-5.49318013529217
2.08879213372632,0,-5.61782248609806
2.01972517515712,0,-5.74422946943999
1.93555936582694,0,-5.87023021109152
1.83532701317636,0,-5.99329009024333
1.7184735189858,0,-6.11056648369512
1.58498149848591,0,-6.2190149384012
1.43547819758008,0,-6.31555256025828
1.27129791778228,0,-6.39727230432349
1.09447095461754,0,-6.46168300233387
0.907622860772909,0,-6.50693278688565
0.713791386513154,0,-6.53196883838128
0.516193303571454,0,-6.53660042893772
0.317986370951334,0,-6.5214599854076
0.122066686207428,0,-6.48788411932744
-0.0690762702361755,0,-6.43775062375729
-0.253444241540162,0,-6.37330563886563
-0.429564591939389,0,-6.29700374757854
-0.596488543186767,0,-6.21137097053333
-0.753765009775498,0,-6.11889170336005
-0.901397220143328,0,-6.02191682044602
-1.0397853934516,0,-5.92259023380289
-1.16965689711612,0,-5.82279311351944
-1.29198568040177,0,-5.72410688951778
-1.40790463681318,0,-5.62779681951849
-1.5186167134498,0,-5.53481688483902
-1.6253118831886,0,-5.44583443172194
-1.72909679707358,0,-5.36127025408856
-1.83094202068281,0,-5.28134778197911
-1.93164885726808,0,-5.20614441249237
-2.03183479471433,0,-5.13563889245043
-2.1319343715316,0,-5.06975057770342
-2.23221112030846,0,-5.00836864699302
-2.33277616537017,0,-4.95137131360108
-2.43360970272296,0,-4.89863640411478
-2.53458258420491,0,-4.85004530015921
-2.63547624938008,0,-4.80548230221672
-2.73600011350512,0,-4.76483118776132
-2.83580616081302,0,-4.72797029948445
-2.93450091866079,0,-4.69476705850321
-3.03165524407205,0,-4.66507243504809
-3.12681249046263,0,-4.63871565836319
-3.21949568064762,0,-4.61549930944056
-3.30921432017642,0,-4.59519489893161
-3.39547145587302,0,-4.57753906552044
-3.47777151916916,0,-4.56223061264961
-3.55562938424912,0,-4.54892870805241
-3.6285809040688,0,-4.53725267272865
-3.69619495107531,0,-4.52678385103525
-3.75808668196297,0,-4.51707004461958
-3.8139313854563,0,-4.50763287408129
-3.86347790662355,0,-4.49797817953133
-3.90656034899989,0,-4.48760918838314
-3.94310663308111,0,-4.47604171182003
-3.97314262090261,0,-4.46282017225966
-3.99679093451799,0,-4.44753293335635
-4.01426425205324,0,-4.42982531266209
-4.02585362595598,0,-4.40940886029814
-4.03191305583087,0,-4.38606595410953
-4.03284200266203,0,-4.35964938124998
-4.02906766811089,0,-4.33007719707331
-4.02102869677795,0,-4.2973236408833
-4.00916158460492,0,-4.26140717123171
-3.99389061878889,0,-4.2223767605668
-3.97562174399612,0,-4.18029751580237
-3.95474041194298,0,-4.13523654896562
-3.93161324099739,0,-4.08724988816539
-3.90659316197877,0,-4.0363711486973
-3.88002760265434,0,-3.98260269969535
-3.85226910476449,0,-3.9259101484227
-3.82368752141815,0,-3.86622106593886
-3.79468258835704,0,-3.80342889636385
-3.76569523670578,0,-3.73740279785862
-3.73721563557533,0,-3.66800363128815
-3.70978581988159,0,-3.59510538827038
-3.68399510194026,0,-3.51862013599532
-3.66046743071355,0,-3.43852336110959
-3.63984137106068,0,-3.35487588165462
-3.62274505160874,0,-3.26783868809243
-3.60976969939959,0,-3.17767829995534
-3.60144573424163,0,-3.08476216880613
-3.59822467737603,0,-2.98954566863798
-3.60046862652072,0,-2.89255362328649
-3.60844733451145,0,-2.7943597665891
-3.62234155535993,0,-2.6955670787363
-3.64225059324407,0,-2.59679095394941
-3.66820191174755,0,-2.49864605865313
-3.70016103913708,0,-2.40173684859446
-3.73804059069748,0,-2.30665116341638
-3.78170781611201,0,-2.21395609847072
-3.83099054689664,0,-2.12419537875923
-3.88568172120186,0,-2.03788762230161
-3.94554280840922,0,-1.95552508880725
-4.0103064787166,0,-1.87757270179973
-4.0796788070478,0,-1.80446727484247
-4.15334120726229,0,-1.73661695519528
-4.23095219414204,0,-1.67440092699665
-4.31214898820995,0,-1.61816940541267
-4.3965489224474,0,-1.5682439200492
-4.48375058203925,0,-1.52491784529375
-4.57333460426691,0,-1.48845709782161
-4.66486407882359,0,-1.45910089307858
-4.75788451220387,0,-1.43706243477724
-4.85192334790099,0,-1.42252940312183
-4.9464890635226,0,-1.41566410603069
-5.04106989533935,0,-1.41660316029739
-5.13513227071412,0,-1.42545657430449
-5.22811906106971,0,-1.44230610960505
-5.31944780497896,0,-1.4672028058583
-5.40850909517317,0,-1.50016356426726
-5.49466537685023,0,-1.54116670252372
-5.57725046843573,0,-1.59014642482302
-5.65557018835437,0,-1.64698620097469
-5.72890454699187,0,-1.71151112752821
-5.79651203075807,0,-1.7834794598271
-5.85763654632719,0,-1.86257366350008
-5.91151758044871,0,-1.94839153750621
-5.95740402950881,0,-2.04043819719361
-5.99457192671689,0,-2.13811994566618
-6.02234591662053,0,-2.24074125333339
-6.04012379755096,0,-2.34750613628003
-6.04740282134648,0,-2.45752509369052
-6.04380581546275,0,-2.56982837205459
-6.02910473614885,0,-2.68338566439735
-6.00323914490269,0,-2.79713150835838
-5.96632744057104,0,-2.90999478928511
-5.91866947061877,0,-3.02093010345511
-5.86074023222916,0,-3.12894848163199
-5.79317549197465,0,-3.23314519275085
-5.71675102246903,0,-3.33272297055767
-5.63235758691864,0,-3.42700983997154
-5.5409737599582,0,-3.51547152953223
-5.44363825996885,0,-3.59771904933386
-5.34142287002218,0,-3.67351229392579
-5.23540643510806,0,-3.74276050197546
-5.12664998988843,0,-3.80552014773263
-5.01617287351645,0,-3.86199046716604
-4.90492974034508,0,-3.91250645103524
-4.79378863969632,0,-3.95752886916119
-4.68351073786785,0,-3.99763079966602
-4.57473268784126,0,-4.03348026548408
-4.46795299842452,0,-4.06581892871363
-4.36352389863088,0,-4.09543731474223
-4.26165004492446,0,-4.12314763807037
-4.1623949424354,0,-4.1497558496142
-4.06569518693878,0,-4.17603488053225
-3.97138170550969,0,-4.2027011081006
-3.87920626613236,0,-4.23039576902715
-3.78887084247027,0,-4.25967243786259
-3.70005711863751,0,-4.29099089887722
-3.61245356504694,0,-4.32471694202684
-3.52577806038961,0,-4.36112697385736
-3.43979483160309,0,-4.40041596243686
-3.35432534442023,0,-4.44270715958192
-3.2692535285654,0,-4.48806221546385
-3.18452625062079,0,-4.53649062565192
-3.10015021623203,0,-4.58795782571559
-3.01618651797008,0,-4.64239159163324
-2.93274390987835,0,-4.69968666822727
-2.84997165866121,0,-4.75970771924801
-2.76805255892743,0,-4.8222907821313
-2.687196450867,0,-4.88724344051319
-2.60763436796516,0,-4.95434392335833
-2.52961327843472,0,-5.02333932284037
-2.45339126518288,0,-5.09394311026442
-2.37923290854331,0,-5.16583213147541
-2.30740458610152,0,-5.23864328748199
-2.23816937918216,0,-5.31197015674058
-2.17178127430458,0,-5.38535989467975
-2.10847837348204,0,-5.45831085262859
-2.04847488831195,0,-5.5302714863872
-1.99195180266883,0,-5.60064125984485
-1.93904626275296,0,-5.66877436412335
-1.88984000290967,0,-5.73398712392447
-1.8443474394621,0,-5.79556988966522
-1.80250443518777,0,-5.85280394782178
-1.76415908808757,0,-5.90498346720448
-1.72906612234087,0,-5.95144172940978
-1.69688642546387,0,-5.99157995151596
-1.66719287414967,0,-6.02489609560996
-1.63948280008434,0,-6.05101045750471
-1.6131963860232,0,-6.06968481534224
-1.58773921174196,0,-6.08083263772963
-1.56250640808415,0,-6.08451919714966
-1.53690566881775,0,-6.08095206412924
-1.51037677062527,0,-6.07046391827079
-1.48240611005911,0,-6.05349053135068
-1.45253580528716,0,-6.03054700121739
-1.42036785217245,0,-6.00220492486548
-1.38556448673052,0,-5.96907242477969
-1.34784623108139,0,-5.93177804197051
-1.30698912349502,0,-5.89095867971511
-1.2628224334754,0,-5.84725113211497
-1.21522781925681,0,-5.80128629535975
-1.16414045840186,0,-5.75368493027421
-1.10955221578257,0,-5.70505380355112
-1.05151644461502,0,-5.65598116573644
-0.990153588937453,0,-5.6070308121026
-0.925656424127328,0,-5.55873439503884
-0.858293594337236,0,-5.51158216959796
-0.788410129474916,0,-5.46601288625983
-0.716423866821793,0,-5.42240400393359
-0.642817137538768,0,-5.38106368469695
-0.56812363704669,0,-5.34222607301639
-0.492910984085932,0,-5.3060511218149
-0.417759987774304,0,-5.27262972517738
-0.343242009775095,0,-5.24199422369734
-0.269895991503471,0,-5.21413357299211
-0.198206712731022,0,-5.18901173864174
-0.128585682351653,0,-5.16658733233987
-0.0613557711189114,0,-5.14683224423267
0.00325967963930851,0,-5.12974712013539
0.0651429573500339,0,-5.11537197648191
0.124283384045478,0,-5.10379095866453
0.180774491061648,0,-5.09513108239442
0.234807697096864,0,-5.08955557864656
0.286663379036213,0,-5.08725304104711
0.336700258459948,0,-5.08842386680341
0.385343955449301,0,-5.09326548578065
0.433075415362872,0,-5.10195765036852
0.480419728102692,0,-5.11464870820212
0.527935663876114,0,-5.13144339736793
0.576206067506785,0,-5.15239236306391
0.625829098862441,0,-5.17748333750585
0.67741018587352,0,-5.20663376370887
0.731554468791686,0,-5.23968457081425
0.788859455696429,0,-5.27639480576593
0.849907573636225,0,-5.31643687321999
0.915258280557296,0,-5.3593922157963
0.985439394628754,0,-5.40474736942444
1.06093729627192,0,-5.45189044964346
1.14218566435116,0,-5.50010826652872
1.22955242709019,0,-5.54858443535089
1.32332465311429,0,-5.59639905615151
1.42369120075292,0,-5.64253078514604
1.53072311751326,0,-5.68586241242548
1.6443520799179,0,-5.72519137264786
1.76434763435252,0,-5.75924689302914
1.89029467761339,0,-5.78671561997312
2.02157349273467,0,-5.8062773948698
2.15734563035606,0,-5.8166521549722
2.29654975352097,0,-5.81665751266413
2.4379118382146,0,-5.8052743513633
2.57997335253806,0,-5.78171502089595
2.72113886867433,0,-5.74548611978816
2.85974109555092,0,-5.69643648590392
2.99411734885379,0,-5.63478190383511
3.12268835356494,0,-5.56110151470786
3.24402932585682,0,-5.47630618280223
3.35692503529665,0,-5.38158439238977
3.46040436900825,0,-5.27833478516302
3.55375434924072,0,-5.16809522477172
3.63651711743826,0,-5.05247653574448
3.70847526285623,0,-4.93310591149109
3.76963101936708,0,-4.81158167468642
3.82018378621025,0,-4.6894384792228
3.86050878902596,0,-4.56812051691407
3.89113800346132,0,-4.44895979313857
3.91274303175964,0,-4.33315683962321
3.92611861211546,0,-4.22176208218441
3.93216492346243,0,-4.11565724312566
3.93186685477902,0,-4.01553741759489
3.92626892876831,0,-3.92189560174494
3.91644553050592,0,-3.83501224030162
3.90346732470102,0,-3.75495259593604
3.88836598882995,0,-3.68157429775927
3.87210033223514,0,-3.61454632065763
3.85552723749024,0,-3.55337907524734
3.83938050527552,0,-3.49746359047777
3.82425965739411,0,-3.44611634574311
3.81062929516183,0,-3.39862549375079
3.79882807965426,0,-3.35429418159173
3.78908515368205,0,-3.31247738682326
3.78154110991391,0,-3.27260991544285
3.77627050062816,0,-3.23422463796107
3.77330329176561,0,-3.19696135328641
3.77264339103703,0,-3.16056764397902
3.77428320515398,0,-3.12489362650397
3.77821392443316,0,-3.0898826314491
3.78443178851351,0,-3.05555967290576
3.79294092407234,0,-3.02201921131803
3.80375348765283,0,-2.9894132953303
3.81688784483074,0,-2.95794076786926
3.83236542709406,0,-2.92783788606918
3.85020677802818,0,-2.89937045052411
3.87042716518359,0,-2.8728273644508
3.89303201416191,0,-2.84851543560003
3.91801232667958,0,-2.82675517788243
3.94534017657524,0,-2.80787735099147
3.97496433419386,0,-2.79221998241287
4.00680604539718,0,-2.78012563741224
4.04075498122805,0,-2.77193873169054
4.07666537317092,0,-2.768002713243
4.11435235326808,0,-2.76865697101905
4.15358852559091,0,-2.77423335596685
4.19410080444602,0,-2.78505222363874
4.23556756496812,0,-2.80141792619757
4.27761616398829,0,-2.82361369553633
4.31982090446843,0,-2.85189586907384
4.3617015370018,0,-2.88648741703994
4.40272241879539,0,-2.92757073689142
4.44229248611794,0,-2.97527969000001
4.4797662420778,0,-3.0296908721708
4.51444601865245,0,-3.09081413851743
4.54558583936679,0,-3.15858245193987
4.57239728327598,0,-3.23284120159385
4.5940578237012,0,-3.3133372528197
4.60972217145807,0,-3.39970815171272
4.61853716812308,0,-3.49147212053529
4.61966071605895,0,-3.58801973984307
4.61228505575387,0,-3.68860849819216
4.59566436319912,0,-3.7923616544058
4.56914610959538,0,-3.89827302402876
4.53220490876343,0,-4.00521926719747
4.48447674521054,0,-4.11198090909718
4.42579068264498,0,-4.21727259002181
4.35619462746946,0,-4.31978193365295
4.27597171044618,0,-4.41821509121669
4.18564451578902,0,-4.51134575714736
4.08596570599904,0,-4.59806361760278
3.97789530428507,0,-4.67741807575249
3.86256657508509,0,-4.74865377672247
3.74124364895348,0,-4.81123574169148
3.61527450426814,0,-4.86486342619823
3.48604264844576,0,-4.90947431609931
3.35492007925271,0,-4.94523846871088
3.22322320894381,0,-4.97254561662286
3.09217272363902,0,-4.99198620124595
2.9628580172315,0,-5.0043272372947
2.83620690649774,0,-5.01048349490483
2.71296167985089,0,-5.01148433111644
2.59366293969374,0,-5.00843670693838
2.47864292013843,0,-5.00248546130034
2.36802978763598,0,-4.99477262828593
2.26176375243258,0,-4.9863982429122
2.15962467131048,0,-4.97838542655187
2.061269401634,0,-4.97165238131639
1.96627578711089,0,-4.96699319706853
1.87418916471499,0,-4.9650682047394
1.78456695278147,0,-4.96640326570253
1.69701731597028,0,-4.97139620372199
1.61122899781131,0,-4.98032784506253
1.52699088565507,0,-4.99337496548878
1.44420136898037,0,-5.0106227994937
1.36286875429445,0,-5.03207545727759
1.28310472173179,0,-5.05766338017037
1.20511301965745,0,-5.08724764821451
1.12917538838481,0,-5.12062143015966
1.05563623872849,0,-5.15750912732131
0.984887043237675,0,-5.19756386477814
0.917350849447897,0,-5.24036400783479
0.853466870948741,0,-5.28540940463848
0.793674791788477,0,-5.33211813105372
0.73839825111009,0,-5.37982466650665
0.688026973103441,0,-5.42778065331928
0.64289719408638,0,-5.47515964480704
0.603270440214422,0,-5.52106744289789
0.569311339518857,0,-5.56455962870582
0.541065976461065,0,-5.60466752518339
0.518443188742886,0,-5.64043293277314
0.501201913063177,0,-5.67095048072416
0.488947857439232,0,-5.69541449636231
0.481142081515672,0,-5.71316537674823
0.477122395141506,0,-5.72372925728373
0.476136134932814,0,-5.72684497960727
0.477380541358188,0,-5.72247420817582
0.480045450983096,0,-5.71079359617114
0.483352864617213,0,-5.69217117584063
0.486589112834726,0,-5.66713159700601
0.489127274968327,0,-5.63631584815599
0.490439502973345,0,-5.60044069304643
0.490100415420768,0,-5.56026173668938
0.487783547062637,0,-5.5165424202893
0.483253038145541,0,-5.47002981153138
0.476352538255737,0,-5.42143703525294
0.466992905055353,0,-5.37143160349232
0.455139861132759,0,-5.32062866174199
0.440802418947738,0,-5.26958814512497
0.42402262054252,0,-5.21881492434786
0.404866954172957,0,-5.16876114037403
0.38341967644743,0,-5.11983003688115
0.359778155962516,0,-5.07238068636482
0.334050239976361,0,-5.02673307370237
0.306353518918222,0,-4.98317306479214
0.276816228026197,0,-4.94195686451748
0.245579396568861,0,-4.90331467016065
0.212799754721198,0,-4.86745335645431
0.17865285649599,0,-4.83455817839552
0.143335885087366,0,-4.80479363019202
0.107069671084604,0,-4.77830373171163
0.0700995561670258,0,-4.75521210866543
0.0326948471534847,0,-4.73562227864896
-0.00485330212946755,0,-4.71961855135148
-0.0422356939093196,0,-4.70726790491866
-0.0791306900842859,0,-4.69862312138093
-0.115211780394744,0,-4.69372735798743
-0.150157347575704,0,-4.69262019463206
-0.183662907240865,0,-4.6953450156735
-0.215456064476451,0,-4.70195733574949
-0.24531424730539,0,-4.7125333472573
-0.273084894895665,0,-4.72717756159813
-0.298707182108053,0,-4.74602799808009
-0.322233617813343,0,-4.76925707295946
-0.343849135867156,0,-4.79706634007075
-0.363884869554264,0,-4.82967370584565
-0.382823932393176,0,-4.86729273574964
-0.401297352982264,0,-4.91010501808217
-0.420069702659996,0,-4.95822787013295
-0.440015524216209,0,-5.01168050675813
-0.462088921574581,0,-5.07035184558225
-0.487289228440582,0,-5.13397241461163
-0.516625440738307,0,-5.20209167046666
-0.551081250248975,0,-5.2740608650551
-0.591581373791172,0,-5.34902078152634
-0.63895873957632,0,-5.42589339440038
-0.693921178557588,0,-5.50337684080922
-0.757015691272607,0,-5.57994399487809
-0.828588215703842,0,-5.6538463862045
-0.90873727260345,0,-5.72312716715352
-0.997261212633401,0,-5.78564919138864
-1.09360146786365,0,-5.83914659251064
-1.19678860061202,0,-5.88130950099151
-1.30540387012777,0,-5.90990979028274
-1.41757491395685,0,-5.92296849902437
-1.53102624989363,0,-5.9189513389626
-1.64319859721522,0,-5.89696000086099
-1.7514328304045,0,-5.85687268750761
-1.85318965667987,0,-5.79938964450037
-1.94625804550449,0,-5.72596397643367
-2.02890673492935,0,-5.63863487773041
-2.0999542321659,0,-5.5398091541199
-2.15876057168443,0,-5.43204309215565
-2.20516367149423,0,-5.31786235050147
-2.23938846528539,0,-5.19963557545986
-2.26195168113817,0,-5.07949967024482
-2.27357600494105,0,-4.95932549809667
-2.27511929051233,0,-4.84071087161919
-2.26751924579634,0,-4.72498968203669
-2.25175144196197,0,-4.61324926590579
-2.22879769383137,0,-4.50635113563755
-2.19962202925997,0,-4.4049524880545
-2.16515204938286,0,-4.30952741088849
-2.12626416722796,0,-4.22038756786772
-2.0837718385174,0,-4.13770252721123
-2.03841638760358,0,-4.0615199573564
-1.99086034894199,0,-3.99178577775773
-1.94168338533146,0,-3.92836413571324
-1.89138083124476,0,-3.87105687905083
-1.84036479168328,0,-3.81962207837187
-1.78896756872977,0,-3.7737911517293
-1.73744705213331,0,-3.73328424750036
-1.68599363976193,0,-3.69782370464138
-1.63473826197521,0,-3.6671455789886
-1.5837611572018,0,-3.64100935431398
-1.53310115489472,0,-3.6192060228048
-1.48276533476225,0,-3.60156471838609
-1.43273902249469,0,-3.58795802940217
-1.38299613638707,0,-3.57830602230183
-1.33350990847466,0,-3.57257889305932
-1.28426396507705,0,-3.57079804446354
-1.23526366480603,0,-3.57303528123192
-1.18654745998685,0,-3.57940973955685
-1.13819787857412,0,-3.59008214551427
-1.09035153625211,0,-3.6052460529886
-1.04320741420395,0,-3.62511586941662
-0.997032522859228,0,-3.64991174803228
-0.95216407022423,0,-3.67984179571273
-0.909007414340579,0,-3.71508246861968
-0.868029425918232,0,-3.75575841949775
-0.829747394293118,0,-3.80192331325609
-0.794714193856746,0,-3.85354314110541
-0.763500957626377,0,-3.91048328510098
-0.736678836796173,0,-3.97250004071267
-0.71480145567038,0,-4.03923660532626
-0.69838937612418,0,-4.11022284942443
-0.687917331481677,0,-4.1848776679152
-0.683804308140358,0,-4.26251247135249
-0.686405891443775,0,-4.34233445046259
-0.696007764957679,0,-4.4234485923286
-0.712818917607922,0,-4.50485796877112
-0.736962978652493,0,-4.58546249057966
-0.768466152260556,0,-4.66405709464714
-0.807240464965125,0,-4.73933121308536
-0.853061526880418,0,-4.80987238521779
-0.905540871225758,0,-4.87417798904745
-0.964094366044183,0,-4.93068011714477
-1.02791035400725,0,-4.97778915880487
-1.09592401806723,0,-5.01396086238393
-1.16680740015518,0,-5.03778845263093
-1.2389860900619,0,-5.04811495039298
-1.31069174018461,0,-5.04415173997685
-1.38005257806253,0,-5.02558070205445
-1.44521273577347,0,-4.99261410796353
-1.50445989780998,0,-4.94599335112078
-1.55633575990369,0,-4.88692371859654
-1.59970865792474,0,-4.81696065134915
-1.63380006230844,0,-4.73787430954013
-1.65816981306528,0,-4.65151942925293
-1.67267321111858,0,-4.55972898914907
-1.67740477453905,0,-4.46423914072185
-1.67264056483994,0,-4.36664408521322
-1.65878644707824,0,-4.26837487755488
-1.63633556981031,0,-4.17069489897943
-1.60583556891985,0,-4.07470552410512
-1.56786448842115,0,-3.98135706137602
-1.52301380898784,0,-3.8914616193412
-1.4718768999196,0,-3.80570582777025
-1.41504138244002,0,-3.72466225991741
-1.35308414241364,0,-3.64879901252038
-1.28656797200762,0,-3.57848728867559
-1.2160390172448,0,-3.51400707787788
-1.14202435617942,0,-3.45555120487009
-1.06502914232988,0,-3.40322817561673
-0.985532843500555,0,-3.35706441896404
-0.903984219681546,0,-3.3170067209935
-0.820794853267558,0,-3.28292586432569
-0.736331306025439,0,-3.25462267137208
-0.650906349050767,0,-3.2318377255967
-0.564770176681588,0,-3.21426589631772
-0.478102999652472,0,-3.20157631111277
-0.391010783198609,0,-3.19343755395988
-0.303525983460624,0,-3.18954668680021
-0.215614794956885,0,-3.18965942612556
-0.127191607669765,0,-3.19361781404257
-0.0381401963568852,0,-3.20137138646105
0.0516601042891524,0,-3.21298840524347
0.142305994931887,0,-3.22865516130723
0.233842773329457,0,-3.2486633383764
0.326240782987692,0,-3.27338740599807
0.419377766966321,0,-3.30325542756373
0.513027908001082,0,-3.33871717333716
0.606857138608727,0,-3.38021300105848
0.700423453167469,0,-3.42814588832512
0.793180585116483,0,-3.48285769136791
0.884483486692537,0,-3.54460953668917
0.973594418116187,0,-3.61356543651935
1.05968895177652,0,-3.68977779452626
1.14186170504638,0,-3.77317335926891
1.21913208292019,0,-3.86353827747759
1.29045075035375,0,-3.96050110839964
1.35470801482028,0,-4.0635129517264
1.41074584640745,0,-4.17182425389499
1.45737594465887,0,-4.2844585076697
1.49340707064453,0,-4.40018414376508
1.51768566547212,0,-4.5174876875636
1.52915420120177,0,-4.63455395744052
1.52693101307819,0,-4.7492627211833
1.51041237726086,0,-4.85921515242459
1.47939105071798,0,-4.96180573925723
1.4341750716031,0,-5.05435255379057
1.37567886679471,0,-5.13428713914958
1.3054523301956,0,-5.19938401124878
1.2256210862508,0,-5.24798594908386
1.13873561657652,0,-5.2791694858887
1.04755870585117,0,-5.29280762514634
0.954841431848088,0,-5.28952061706351
0.863135557563642,0,-5.27054148837204
0.774669079497691,0,-5.23754162674702
0.691286881809259,0,-5.19245848124704
0.614442106354633,0,-5.13735145027429
0.545218786348209,0,-5.07429501072425
0.484368850841756,0,-5.00530659777031
0.432352008524604,0,-4.93230147036856
0.389372205201763,0,-4.8570658482076
0.355408194259367,0,-4.78124079287459
0.330238259292687,0,-4.70631119346988
0.313460645435774,0,-4.63359614840992
0.30451210468185,0,-4.56423883322239
0.302687266947504,0,-4.49919560287043
0.307161285921668,0,-4.43922554859227
0.317017330224827,0,-4.38488283293975
0.3312790869098,0,-4.33651459508136
0.348946829530031,0,-4.29426685088761
0.369034251668194,0,-4.25809964437058
0.390602619301355,0,-4.22781107053058
0.41278904544505,0,-4.20306820037637
0.434826697758723,0,-4.18344187171374
0.456056129225565,0,-4.16844200260674
0.475928239180673,0,-4.15755048461081
0.494000317550551,0,-4.15024956253556
0.509927086989771,0,-4.14604459478085
0.523448690266205,0,-4.1444809674874
0.534377315170163,0,-4.14515557722347
0.542583758707261,0,-4.14772367618485
0.547984824638751,0,-4.15190203187646
0.5505320944723,0,-4.15746935618289
0.55020234182057,0,-4.16426487087525
0.546989676527961,0,-4.17218574746988
0.54089939693915,0,-4.18118402110965
0.531943480129796,0,-4.19126344801767
0.52013763513512,0,-4.20247666030279
0.50549986984521,0,-4.21492286926301
0.488050567347224,0,-4.22874627281914
0.46781412249624,0,-4.2441352253369
0.444822244533651,0,-4.26132211833514
0.419119074713925,0,-4.2805837878757
0.390768283492803,0,-4.30224210034064
0.359862279549353,0,-4.32666416978557
0.32653355844023,0,-4.35426143430252
0.290968017338305,0,-4.38548658938717
0.253419747243772,0,-4.42082718913255
0.214226389893141,0,-4.46079465192435
0.173823656901847,0,-4.50590753483382
0.13275715091146,0,-4.55666835374446
0.0916893539150553,0,-4.61353396162186
0.0513997312194897,0,-4.67688049459506
0.0127764709603777,0,-4.74696496025556
-0.023200565232373,0,-4.82388636305651
-0.0554847690176922,0,-4.90754950246159
-0.0829934506338337,0,-4.99763403336651
-0.104641433676059,0,-5.09357010344932
-0.119374981704901,0,-5.1945202344077
-0.126204604744561,0,-5.29936563987412
-0.124237137945749,0,-5.40669442388234
-0.112709611442136,0,-5.51478949570419
-0.0910293794048603,0,-5.62161583854759
-0.0588262745539835,0,-5.72481020177182
-0.016022562927953,0,-5.82168158478528
0.0370759198124679,0,-5.9092380700229
0.0996706725237452,0,-5.98426360338806
0.170359501827681,0,-6.04347343646042
0.247058416759242,0,-6.08377093238615
0.327009058112612,0,-6.10260036143188
0.406923693885256,0,-6.09833704362157
0.483281942837344,0,-6.07059994133358
0.552722947601215,0,-6.02036123769518
0.612418171951969,0,-5.94979569026963
0.660314312570994,0,-5.86192515836021
0.695202193770902,0,-5.76018888525875
0.716642052655702,0,-5.64806345043212
0.724811316084943,0,-5.52879637439456
0.720334946626501,0,-5.40525772255565
0.70413414315731,0,-5.2798823315441
0.677306751049437,0,-5.15466913313741
0.641039287981923,0,-5.03121064798313
0.596544896181793,0,-4.9107351248935
0.545020503682597,0,-4.79415154800704
0.487617408284434,0,-4.68209286613187
0.425420940053956,0,-4.57495576231913
0.359436188349149,0,-4.47293679738625
0.290577811564779,0,-4.37606541835222
0.219662683826349,0,-4.2842345115661
0.147404635319177,0,-4.19722913070402
0.0744108803344332,0,-4.11475386753102
0.00117995405599725,0,-4.03645912474639
-0.0718988678728669,0,-3.96196633275905
-0.144544592831099,0,-3.89089195217252
-0.216581845313373,0,-3.82286994376581
-0.287936356023513,0,-3.75757228617438
-0.358628455811352,0,-3.69472708708667
-0.428764451739841,0,-3.6341338612169
-0.498525807722496,0,-3.57567561892226
-0.568156116225732,0,-3.51932749885979
-0.637945937322027,0,-3.46516176806121
-0.708215704578328,0,-3.41334909906012
-0.779297053813045,0,-3.36415612641443
-0.851513105120423,0,-3.31793939945583
-0.925158388359417,0,-3.27513599123644
-1.00047920631396,0,-3.23625118389978
-1.07765524302133,0,-3.20184379831905
-1.15678313377182,0,-3.17250983379299
-1.23786253275119,0,-3.14886510341009
-1.32078498227948,0,-3.13152748443754
-1.40532565153191,0,-3.12109926525516
-1.49113781413322,0,-3.11814988996464
-1.57774979959366,0,-3.12319921022793
-1.66456409384367,0,-3.13670117500228
-1.75085827965297,0,-3.15902773551735
-1.83578759680154,0,-3.19045261976862
-1.91838906694438,0,-3.23113454122005
-1.99758737866796,0,-3.28109936023295
-2.07220307971248,0,-3.34022073862828
-2.1409640911639,0,-3.40819896484527
-2.20252214477009,0,-3.48453795539448
-2.25547641312719,0,-3.56852106431426
-2.2984072362911,0,-3.65918738021589
-2.329923190493,0,-3.75531175485863
-2.34872434262418,0,-3.85539384584334
-2.35368275108793,0,-3.95766360765965
-2.34393748626263,0,-4.06011204159364
-2.3189955533399,0,-4.16055515820531
-2.27882329059086,0,-4.25673445633564
-2.2239080145116,0,-4.34644832638109
-2.15527073812092,0,-4.42769775945236
-2.07441991227358,0,-4.49882147139698
-1.98325113918646,0,-4.55859522658814
-1.88391216467742,0,-4.60627926079828
-1.778659386459,0,-4.64161218812921
-1.66972932336834,0,-4.66476269301799
-1.55923914562311,0,-4.67625667931384
-1.44911993308898,0,-4.67689688531799
-1.34107881712851,0,-4.66768705884009
-1.23658272889411,0,-4.64976694859881
-1.13685624924316,0,-4.62435971863168
-1.04288753912154,0,-4.59273058665538
-0.955438308544276,0,-4.55615428518372
-0.875055567892211,0,-4.5158888066468
-0.802084230910223,0,-4.47315332368016
-0.736680478514825,0,-4.42910882741701
-0.6788262210059,0,-4.38484069583442
-0.628345113034456,0,-4.34134298350051
-0.584920474458464,0,-4.29950466201533
-0.54811523208428,0,-4.26009831586208
-0.517393692367877,0,-4.22377190796406
-0.492144645115658,0,-4.19104418358438
-0.471705036287435,0,-4.16230410457784
-0.455383275984977,0,-4.13781443595566
-0.442481191601354,0,-4.11771929119504
-0.432313702338397,0,-4.10205513394226
-0.42422546588114,0,-4.09076447986581
-0.417603999755767,0,-4.083711379052
-0.411889067337712,0,-4.08069770373932
-0.406578398806613,0,-4.08147931560296
-0.401230054756138,0,-4.08578132153118
-0.395461911533843,0,-4.0933118166688
-0.388948844164136,0,-4.10377372537141
-0.381418209310839,0,-4.11687455537808
-0.372644200602798,0,-4.13233405684433
-0.36244157955296,0,-4.14988991433918
-0.350659195228704,0,-4.16930169369683
-0.337173610145029,0,-4.19035332040924
-0.321883059936068,0,-4.2128543895556
-0.304701897470071,0,-4.23664060802066
-0.285555611965838,0,-4.26157365656181
-0.264376471586424,0,-4.2875407393703
-0.241099813669518,0,-4.31445406750068
-0.215660999291863,0,-4.34225050329322
-0.187993057294529,0,-4.37089157709638
-0.158025066509338,0,-4.4003640746215
-0.125681363276664,0,-4.43068138033636
-0.0908817138850473,0,-4.4618857439691
-0.0535426568334041,0,-4.49405160464409
-0.0135802940258138,0,-4.52729004753085
0.0290851150969197,0,-4.56175436392312
0.0745223424190012,0,-4.59764651686797
0.122779729350138,0,-4.63522406096362
0.173872698850516,0,-4.67480671608691
0.227768047574015,0,-4.71678136364292
0.284365173268826,0,-4.76160377600952
0.343474926361903,0,-4.80979501901516
0.404797453370431,0,-4.86193035295928
0.467901096703605,0,-4.91861878450543
0.532204917837168,0,-4.98047230321029
0.596967477189566,0,-5.04806520704178
0.661283978059258,0,-5.12188547411866
0.724092814701581,0,-5.20228138387795
0.784191258807894,0,-5.28940705499409
0.840258939367952,0,-5.38317003130443
0.890887357922156,0,-5.48318268615152
0.934614179128779,0,-5.58871754572428
0.969962443189482,0,-5.69866532678819
0.995486977019304,0,-5.81149421812276
1.00983284048201,0,-5.92521036711029
1.0118131661435,0,-6.03732340978108
1.00051528067115,0,-6.1448280648651
0.975442495741915,0,-6.24422380544579
0.936690758476367,0,-6.33160793045372
0.885139910358719,0,-6.40288619051026
0.822607806270405,0,-6.45413426965038
0.751884623045374,0,-6.48209400660192
0.676566374671103,0,-6.48470077106953
0.600671942219061,0,-6.46146284353594
0.528137557735776,0,-6.41353172349955
0.462354286561409,0,-6.34343533526657
0.405882599834289,0,-6.25459936125996
0.360375979945696,0,-6.15083928899083
0.326659093479376,0,-6.03595402436134
0.304879998485844,0,-5.91346400313441
0.294674196039779,0,-5.78647545306884
0.295308211420233,0,-5.65763082989458
0.305793028909446,0,-5.52910849384439
0.324969694210963,0,-5.40264606954183
0.351573808100899,0,-5.27957291842758
0.384286056220045,0,-5.16084506810541
0.421774645595261,0,-5.04708082433883
0.462733645549313,0,-4.93859785756366
0.505919195465026,0,-4.83545342683614
0.550183566642042,0,-4.73748899316727
0.594505412618459,0,-4.64437914302079
0.638013562734021,0,-4.5556829814711
0.680001709716937,0,-4.47089461612649
0.719932349537024,0,-4.38948867027559
0.757430003336984,0,-4.31095724942063
0.792265472574594,0,-4.23483625050906
0.824334064054314,0,-4.16072076476546
0.853631082874598,0,-4.08827093429532
0.880227504627948,0,-4.01721057372723
0.904247911959144,0,-3.94732110197631
0.925851857347232,0,-3.8784330361914
0.945219033555318,0,-3.81041675000431
0.962538096965517,0,-3.7431736136154
0.977998692978935,0,-3.67662814162913
0.991786120285091,0,-3.6107214196917
1.00407807472773,0,-3.54540585530648
1.01504297758218,0,-3.48064117255111
1.02483947900157,0,-3.4163915127495
1.03361681296907,0,-3.35262348701933
1.04151575462458,0,-3.28930503325261
1.04866999067588,0,-3.22640494747493
1.05520775882141,0,-3.16389298056545
1.06125364437003,0,-3.1017404120799
1.06693044365392,0,-3.03992103133285
1.07236101643144,0,-2.97841247087445
1.07767005507425,0,-2.91719784839529
1.08298569854388,0,-2.85626767943205
1.08844091554537,0,-2.79562202460185
1.09417457545021,0,-2.73527283110461
1.1003321195041,0,-2.67524641871012
1.1070657407029,0,-2.61558604554896
1.11453398110174,0,-2.55635446948948
1.12290066298647,0,-2.49763639827108
1.13233308793972,0,-2.43954069846946
1.14299946739722,0,-2.38220221346769
1.15506559051608,0,-2.32578302847232
1.16869078871361,0,-2.27047302117827
1.18402331710496,0,-2.21648955431806
1.2011953345407,0,-2.16407620363656
1.22031771711707,0,-2.11350047141705
1.24147497522653,0,-2.06505050729814
1.26472055306407,0,-2.01903093660457
1.2900727672034,0,-1.97575797074661
1.31751158792131,0,-1.93555403262049
1.3469763897541,0,-1.89874216244168
1.37836470753188,0,-1.86564047044639
1.41153194452027,0,-1.836556872499
1.44629190337254,0,-1.8117842885348
1.48241795809017,0,-1.79159641165655
1.51964466088039,0,-1.77624407885688
1.55766958135475,0,-1.76595220306788
1.59615520262814,0,-1.76091716807699
1.63473074312007,0,-1.76130454678657
1.67299382755757,0,-1.76724698008371
1.71051199034992,0,-1.7788420467462
1.74682405555985,0,-1.79614996192633
1.78144149843774,0,-1.81919096070947
1.81384995352246,0,-1.84794225311876
1.84351109357587,0,-1.88233447849295
1.86986516111189,0,-1.92224764288181
1.89233448666886,0,-1.96750659668298
1.91032836812268,0,-2.01787620500922
1.92324970110036,0,-2.07305648226266
1.93050372430751,0,-2.13267810253903
1.93150915349952,0,-2.19629884805559
1.92571180201466,0,-2.26340169630322
1.91260051037201,0,-2.33339533702686
1.89172483828091,0,-2.40561790551462
1.86271354761211,0,-2.47934457125224
1.82529250165278,0,-2.5537993005222
1.77930033325135,0,-2.62817062805805
1.72470020534758,0,-2.70163069384137
1.66158627499192,0,-2.77335624898257
1.5901840661256,0,-2.84254995629239
1.51084474660012,0,-2.90846022568109
1.42403410681936,0,-2.97039807196727
1.33031765668957,0,-3.02775000256567
1.23034356069793,0,-3.07998659597592
1.12482508677506,0,-3.12666705605829
1.01452391968556,0,-3.16744049199436
0.900235207200642,0,-3.20204491651658
0.782774696155349,0,-3.23030497983089
0.662967873476444,0,-3.2521293131042
0.541640707563966,0,-3.26750810923716
0.419611402138874,0,-3.27651128013096
0.297682517276119,0,-3.27928724321178
0.176632859810849,0,-3.27606213379867
0.0572086754497058,0,-3.26713903085769
-0.0598861320889559,0,-3.2528966332655
-0.174000792076862,0,-3.23378674227087
-0.284549242995278,0,-3.21032990389961
-0.391022007021207,0,-3.18310865148473
-0.492997644611034,0,-3.15275796639059
-0.590152905693978,0,-3.11995283650171
-0.682270628775693,0,-3.08539311438417
-0.769244499512342,0,-3.04978622160116
-0.851079974038555,0,-3.01382856201298
-0.927890984046799,0,-2.97818674153648
-0.999892430661518,0,-2.94347980026844
-1.06738888475512,0,-2.91026362114193
-1.13076027849819,0,-2.87901849122541
-1.19044564064073,0,-2.85014048910493
-1.24692606048709,0,-2.82393700675548
-1.30070805336972,0,-2.8006263474554
-1.35230835948438,0,-2.78034102836727
-1.40224097187242,0,-2.76313419831075
-1.45100689903553,0,-2.74898847922657
-1.4990868611009,0,-2.73782655561682
-1.54693682331481,0,-2.72952295533473
-1.59498600118715,0,-2.72391666033637
-1.64363672967813,0,-2.72082441953936
-1.69326536879383,0,-2.72005485878089
-1.74422321542003,0,-2.72142363368308
-1.79683621478644,0,-2.72476987810728
-1.85140214893218,0,-2.72997399187817
-1.90818399131327,0,-2.73697633930038
-1.96739834837207,0,-2.74579571079746
-2.02919844329918,0,-2.7565455542837
-2.09365194926061,0,-2.76944525140798
-2.16071503666739,0,-2.78482341399071
-2.23020500682153,0,-2.8031105824698
-2.30177451364912,0,-2.82481989187883
-2.37489036876415,0,-2.85051598824078
-2.44881924858506,0,-2.88077421194612
-2.52262152551361,0,-2.91613323757227
-2.59515338117182,0,-2.9570446166293
-2.6650768032604,0,-3.00382205845476
-2.73087733712316,0,-3.05659223553434
-2.79089062221536,0,-3.11524805141629
-2.8433405752155,0,-3.17940530398141
-2.88639405543014,0,-3.24836500259648
-2.91823801972427,0,-3.32108643253429
-2.93718408273626,0,-3.39617998123444
-2.94180028150574,0,-3.47193225861544
-2.93105968516585,0,-3.5463762993664
-2.9044820606652,0,-3.61741318361998
-2.86223435243255,0,-3.68297695030881
-2.8051571673967,0,-3.74121658148947
-2.73470240377783,0,-3.79065722466504
-2.65279506436295,0,-3.83030681285419
-2.56165484471247,0,-3.85969316569046
-2.46361834446619,0,-3.87883942195753
-2.36099135319952,0,-3.88820010657468
-2.25594275728062,0,-3.88858198434802
-2.15043719488464,0,-3.88106689862055
-2.04619676497692,0,-3.86694434982479
-1.94468184028285,0,-3.84765401346948
-1.84708435718891,0,-3.82473428251284
-1.75433110892435,0,-3.79977202871589
-1.66709770302611,0,-3.77435020801606
-1.58583496974637,0,-3.74999259457942
-1.51080851589486,0,-3.72810769038343
-1.44214936967549,0,-3.70993572523004
-1.37991043532532,0,-3.69650304974845
-1.32412113465691,0,-3.68858718456363
-1.27483212498557,0,-3.68669396598541
-1.23214353270044,0,-3.69104649347263
-1.19621314987392,0,-3.7015845780939
-1.16724453921336,0,-3.71797326140724
-1.14545807001761,0,-3.73961942458805
-1.13104999448037,0,-3.76569606303565
-1.12414559433466,0,-3.7951740839243
-1.12475230930803,0,-3.82686135665303
-1.13271789640465,0,-3.85944830094619
-1.1476974116042,0,-3.89155874469668
-1.16913147389623,0,-3.92180432614204
-1.19623710461156,0,-3.94884046476239
-1.22801156168748,0,-3.97142188278083
-1.26324902425828,0,-3.98845574002747
-1.30056964741799,0,-3.99905052921526
-1.3384602540377,0,-4.00255886066726
-1.37532558372925,0,-3.99861209741214
-1.40954841503266,0,-3.98714453100141
-1.43955592609613,0,-3.9684045824047
-1.46388842303791,0,-3.94295064130242
-1.48126531610145,0,-3.91162990799348
-1.49064242167003,0,-3.87554012336176
-1.49125480689085,0,-3.83597622031375
-1.48264075331423,0,-3.79436623468247
-1.46464486573952,0,-3.75220263497299
-1.43740135800089,0,-3.71097604226218
-1.40130140768157,0,-3.6721179248453
-1.35695062675754,0,-3.63695741752592
-1.30512388196794,0,-3.60669522007269
-1.24672485498508,0,-3.5823947840741
-1.18275676077808,0,-3.56498784437232
-1.11430829696356,0,-3.55528815785201
-1.04255502010593,0,-3.55400500416773
-0.968771399664903,0,-3.56174794157544
-0.894344208652346,0,-3.57901743491767
-0.820775610405683,0,-3.60618174083458
-0.74966561144279,0,-3.64344673465208
-0.682668329939969,0,-3.69082979872352
-0.621423403097453,0,-3.74815027141215
-0.567470936438883,0,-3.81504749622008
-0.522163435962192,0,-3.8910338537889
-0.486588439740521,0,-3.97558460237426
-0.4615090201965,0,-4.06825909451535
-0.447317038895032,0,-4.16883963940474
-0.443981433438359,0,-4.27746586864377
-0.450968506110811,0,-4.39473448191131
-0.467119047323522,0,-4.5217273036337
-0.490489692868363,0,-4.65992753833733
-0.518198717952548,0,-4.81099210530329
-0.54634663896166,0,-4.97637599681491
-0.570088407243302,0,-5.15685380547892
-0.583898630383386,0,-5.35203480065142
-0.582001372083408,0,-5.55998477870472
-0.558873400380165,0,-5.77702631064471
-0.509722308168079,0,-5.99770965059
-0.430898326403766,0,-6.21488665111829
-0.320282657595584,0,-6.41982821790717
-0.177750484566743,0,-6.60241368416721
-0.00578173715139751,0,-6.75156747000186
0.189868719471365,0,-6.85625631141518
0.399845778884183,0,-6.90730026376637
0.611874607326265,0,-6.89971949532452
0.812769750721459,0,-6.83448849942312
0.991048390602999,0,-6.71845005190541
1.13879647575954,0,-6.56239689617805
1.25213415797041,0,-6.37859631689782
1.33069159799936,0,-6.17890477833467
1.37679356351177,0,-5.97373229571475
1.39473051390876,0,-5.77157838199056
1.39015502021391,0,-5.57883595515658
1.36950757269334,0,-5.39973551683062
1.33940621747963,0,-5.23645100126071
1.30603516214477,0,-5.08942601586505
1.27464400568923,0,-4.95791059049573
1.24926032963213,0,-4.84059715517005
1.23263611261965,0,-4.73619795583561
1.22636195192919,0,-4.64384386545852
1.23104902019821,0,-4.56326560620931
1.24649958620344,0,-4.4947864849825
1.27183072817582,0,-4.439186192818
1.30555305155975,0,-4.39749508708541
1.34562547520782,0,-4.3707645630267
1.38951075180765,0,-4.35984383597078
1.43425102484923,0,-4.36518181513102
1.47657401866547,0,-4.38666544246668
1.5130316636039,0,-4.42350169363296
1.54016573192151,0,-4.47414774425461
1.55469038261346,0,-4.53629140227196
1.55367982620866,0,-4.60688159570909
1.53475008874021,0,-4.68220709970985
1.49622542657065,0,-4.75802129367721
1.4372802917803,0,-4.82971094554999
1.35804584750011,0,-4.89250587993324
1.25966705904487,0,-4.94172165307388
1.14429577132812,0,-4.97301844631663
1.01501089420483,0,-4.98264913054262
0.875670222356592,0,-4.96766388514133
0.730715760731506,0,-4.9260438814794
0.584967720196325,0,-4.85675360582051
0.443444141288518,0,-4.75972471650964
0.311231561888942,0,-4.63580436720231
0.193411888656199,0,-4.48671029233296
0.0950288540539187,0,-4.31503212524065
0.0210590915156583,0,-4.12430659203624
-0.0236613273796326,0,-3.91917704960781
-0.0346158674554654,0,-3.70562540045767
-0.00796235016145441,0,-3.4912314246356
0.0588674756529795,0,-3.28536208741839
0.166290742104258,0,-3.09911750847243
0.31149666252116,0,-2.94478391718548
0.487462377666867,0,-2.83454962840214
0.682602301076833,0,-2.77846716427487
0.88162123158691,0,-2.78214203800993
1.067673037542,0,-2.84509071265292
1.22514545088272,0,-2.96057818290143
1.34201094935435,0,-3.11695807918867
1.41106153382897,0,-3.29981226352962
1.43000569585155,0,-3.4940830302935
1.4007945977417,0,-3.68571830778442
1.32859698831387,0,-3.86269906257459
1.22073596552399,0,-4.01552628908151
1.08576285931041,0,-4.13732838821761
0.932725815270448,0,-4.22375237579091
0.77061349033263,0,-4.27275900813423
0.607923101653555,0,-4.28438267140279
0.452309258166322,0,-4.26046701954628
0.310298063526465,0,-4.20436263411432
0.187079017663431,0,-4.12057629472728
0.0863988962569997,0,-4.01438308958569
0.0105719082615057,0,-3.89143567704666
-0.0394035969481303,0,-3.75741470495786
-0.0636556910524871,0,-3.61775560354566
-0.0632227674575744,0,-3.47746521571975
-0.039853135297851,0,-3.34101781616477
0.00415361503808531,0,-3.21230360325766
0.066058869112369,0,-3.09459861232868
0.142765129990487,0,-2.99053300235298
0.230888487424464,0,-2.90205055599841
0.326846424141732,0,-2.83036904941711
0.426972366917301,0,-2.77596139262565
0.527652538780469,0,-2.73857642761453
0.625468456417925,0,-2.71730713302274
0.717325198816285,0,-2.71069938862627
0.800551031346804,0,-2.71688424038525
0.872963167188387,0,-2.73371471384218
0.932901910897691,0,-2.75889313961704
0.979238458672217,0,-2.79008223894938
1.0113606922293,0,-2.82499900669443
1.02913845079919,0,-2.86149316319901
1.03286707011286,0,-2.89761207318122
1.02318686362541,0,-2.93165295751847
1.00097742219126,0,-2.96220248590814
0.967229223837049,0,-2.98816459234077
0.922900551344993,0,-3.00877997952167
0.868774043112359,0,-3.02364451720434
0.805332958777754,0,-3.03273664971714
0.732680965427942,0,-3.03646340849316
0.650529550308854,0,-3.03572852463612
0.55827267272886,0,-3.03201406948843
0.455157587984797,0,-3.02745141845421
0.340542965693663,0,-3.02484365232042
0.214211639330601,0,-3.02759759820768
0.0766813256288877,0,-3.03953681365341
-0.0705564355050094,0,-3.06459823367242
-0.224929299244279,0,-3.10645513605468
-0.382834509705768,0,-3.16813810695555
-0.53982543649343,0,-3.25172631486045
-0.690877549869652,0,-3.35815202935171
-0.830669698142724,0,-3.48711860988053
-0.953836868009119,0,-3.63709856401235
-1.05518484923555,0,-3.80536725955972
-1.12988959536713,0,-3.98804006353026
-1.17372391919158,0,-4.18010949794794
-1.18335445210967,0,-4.37551640819332
-1.15672481779588,0,-4.56732414422929
-1.09348139505837,0,-4.74807663075824
-0.995319848663627,0,-4.9103805751362
-0.86608471361596,0,-5.04764795694436
-0.711505665802414,0,-5.15481697674599
-0.538603565531337,0,-5.22883745867688
-0.354943432671838,0,-5.26880859931787
-0.167937365592464,0,-5.27581548144998
0.0156902182934509,0,-5.2526024577285
0.190273596764776,0,-5.20320537508201
0.351464869339278,0,-5.13259185275097
0.496419559207046,0,-5.04629650204575
0.623900186726937,0,-4.95002055924233
0.734250057048773,0,-4.84919358647657
0.829188619006973,0,-4.74854591985453
0.911424968038905,0,-4.65177807478406
0.98415376896055,0,-4.56140649527928
1.05054509266879,0,-4.47881228355575
1.11333632968722,0,-4.40445276665824
1.17458655660047,0,-4.33815445176817
1.23559405372836,0,-4.27940621567638
1.2969361750893,0,-4.22760023584659
1.35857726830768,0,-4.18220077528174
1.41999776666874,0,-4.14284152225538
1.48031417263971,0,-4.10935952851319
1.5383769827047,0,-4.08177541275794
1.59284768713325,0,-4.06023202165509
1.64226528685411,0,-4.0449078007477
1.68511660715661,0,-4.03592368421156
1.71992279207673,0,-4.03326161450857
1.74534706850831,0,-4.03670974306187
1.76031756690249,0,-4.04584509167717
1.76414691680115,0,-4.06005858193386
1.75662273057867,0,-4.07861906562462
1.73804500357491,0,-4.10076350246971
1.70919872118029,0,-4.12579343255076
1.67126708753767,0,-4.15315702201796
1.625704256156,0,-4.18250154905192
1.57409101353396,0,-4.21368991629209
1.51799385380359,0,-4.24678259693414
1.45884288395154,0,-4.28199171703683
1.39784227099787,0,-4.31961820654889
1.33593001776391,0,-4.35998915899439
1.27380742773446,0,-4.40342259265715
1.21204922552754,0,-4.45025579453626
1.1512581989582,0,-4.50095802741896
1.09213344506432,0,-4.55626511409351
1.03527511035454,0,-4.61713868884716
0.980750069322978,0,-4.68438058799214
0.927777767258071,0,-4.75807473527496
0.874836403768312,0,-4.8372544139401
0.820074208808333,0,-4.91993507284076
0.761740705400472,0,-5.00334256795453
0.698497358616722,0,-5.08415579335377
0.629614537687212,0,-5.1587080735688
0.555100014754015,0,-5.22317557903199
0.475781191738934,0,-5.27380357611843
0.393327225824935,0,-5.30720638264218
0.310172311808353,0,-5.32073501524003
0.229305254045986,0,-5.31284660562628
0.153933026409774,0,-5.28336162006713
0.0870895904851996,0,-5.23350401266706
0.0312983849682965,0,-5.16570031169273
-0.0116280315737354,0,-5.08321583879358
-0.0406366706035812,0,-4.98975587841773
-0.0553775125157578,0,-4.88913400010633
-0.0561086116635365,0,-4.78504684500372
-0.0436156832706123,0,-4.68094119196768
-0.0191703276159768,0,-4.57993442599637
0.0154776710463824,0,-4.48475039563294
0.058101619754844,0,-4.39764968549005
0.106034857344495,0,-4.32035806499505
0.156287775499046,0,-4.25402032908039
0.205776487480112,0,-4.19921766104974
0.251665777138237,0,-4.15607392984719
0.291787216190042,0,-4.12443667714073
0.325050337055681,0,-4.10406657849678
0.351741593540376,0,-4.09473845383455
0.373621467604594,0,-4.09617777245192
0.393781030560585,0,-4.10782395114691
0.41627598245791,0,-4.1284848049135
0.445588409518619,0,-4.15598841952141
0.485972148523931,0,-4.18694635453303
0.540742191625114,0,-4.21673151363501
0.611596791552398,0,-4.23974852625077
0.698108227893523,0,-4.25001664146727
0.797542312038574,0,-4.24198249863191
0.905112485355122,0,-4.21136286976197
1.01463027502971,0,-4.15576391517737
1.11935336347106,0,-4.07489945404489
1.21276957535593,0,-3.97040705567084
1.28913401746759,0,-3.84541904577902
1.34372694255859,0,-3.70408854593536
1.37291457464745,0,-3.55120477585178
1.37412583027925,0,-3.39193257141383
1.34582577778727,0,-3.23164175346518
1.28751516975094,0,-3.07576980820433
1.1997442649684,0,-2.92967349987781
1.08410952432782,0,-2.79845228323697
0.943203288834164,0,-2.68675320358053
0.780502671776747,0,-2.5985831380611
0.6002044534106,0,-2.53715558341472
0.407027677427969,0,-2.50478841468918
0.206009447200204,0,-2.50285372336419
0.00231316078135058,0,-2.5317688946622
-0.198942474011718,0,-2.59101372832885
-0.392834980336499,0,-2.67916137678927
-0.574776320251111,0,-2.79391816358611
-0.74064260972781,0,-2.93217530810915
-0.886893457946085,0,-3.09008085488615
-1.01066896424642,0,-3.26313935431292
-1.10984382383434,0,-3.44633686817745
-1.18301992096488,0,-3.63426947876036
-1.22946121141868,0,-3.82123322800733
-1.24901813929209,0,-4.0012319667062
-1.24213459631934,0,-4.16789862937398
-1.21004403588292,0,-4.31441263749887
-1.1552041087691,0,-4.43361467759438
-1.08185321064891,0,-4.51861100700444
-0.996297546991433,0,-4.5640677207994
-0.906352337675286,0,-4.56789794050046
-0.819738897272928,0,-4.53230874194803
-0.742211129371868,0,-4.46319615410588
-0.676609902976443,0,-4.36814798043638
-0.623219338309374,0,-4.25437197882683
-0.580843688657787,0,-4.12751895241453
-0.547896938149737,0,-3.99146865993163
-0.523144236748985,0,-3.8486921291608
-0.506031868909643,0,-3.70080232949222
-0.496688796328067,0,-3.54904879741767
-0.495734912365388,0,-3.39464976785999
-0.504026448908324,0,-3.2389523264772
-0.522430582240303,0,-3.08346344032619
-0.551673030650757,0,-2.92981015053309
-0.592262543873977,0,-2.77967924590072
-0.64447239101879,0,-2.63476844939587
-0.708350673692562,0,-2.4967616668783
-0.783734171428078,0,-2.36732520172407
-0.870249625100188,0,-2.24811229064768
-0.967297708020858,0,-2.14076047808155
-1.07402499472277,0,-2.04686951604474
-1.18929548654516,0,-1.96795464897889
-1.31167452932219,0,-1.90537840971944
-1.43943475986797,0,-1.86027051359315
-1.5705879273256,0,-1.83344819394869
-1.70294052845709,0,-1.82534804555227
-1.83416729109786,0,-1.83597630392057
-1.96189567849779,0,-1.86487955197534
-2.08379648672807,0,-1.91113421264341
-2.19767890437305,0,-1.97335225367138
-2.30159119007513,0,-2.04970258334374
-2.39392853417384,0,-2.13795175518852
-2.4735464412362,0,-2.23553187137181
-2.53987105285439,0,-2.33964526767372
-2.59298905322725,0,-2.44741194098068
-2.63369309480907,0,-2.55605540598012
-2.66345900486251,0,-2.66310755674619
-2.68434162816812,0,-2.76659881211274
-2.69879546355265,0,-2.8651938650991
-2.70944719941127,0,-2.95824077247093
-2.71886062501119,0,-3.04572067169731
-2.72933429401017,0,-3.12810975054254
-2.74275956300378,0,-3.20618502746939
-2.76054761655104,0,-3.28081488019799
-2.78361664431978,0,-3.35277301274466
-2.8124198753718,0,-3.4226035375918
-2.84699315031936,0,-3.49054961846187
-2.88700516811011,0,-3.55654327036926
-2.93180083292999,0,-3.62024314525695
-2.9804348682921,0,-3.68110245693537
-3.03169732228862,0,-3.73845044428885
-3.08413487560894,0,-3.79157588354765
-3.13607312553221,0,-3.839807306224
-3.18564630597145,0,-3.8825893113206
-3.23084241037575,0,-3.91955619175119
-3.2695724861495,0,-3.95060251172959
-3.29977109269042,0,-3.97594569496023
-3.31952851552846,0,-3.99616976144366
-3.32724378765824,0,-4.01223527900652
-3.32177401256868,0,-4.02544237860371
-3.30254702621545,0,-4.03734350383987
-3.2696083043256,0,-4.04961766453606
-3.22359000796316,0,-4.06393077755534
-3.16561193982994,0,-4.08180998969902
-3.09713942430438,0,-4.10455262576847
-3.01982569280857,0,-4.13317795685091
-2.93535877476128,0,-4.16841898361438
-2.84532213315742,0,-4.21074502760954
-2.75107030525808,0,-4.26040317896248
-2.65361828788825,0,-4.31746493539203
-2.55354629479668,0,-4.38186209535423
-2.45092817421707,0,-4.45339418015859
-2.34529948548989,0,-4.53169194598627
-2.23568631209007,0,-4.61613188006203
-2.12071423114478,0,-4.70571568756884
-1.99880530590727,0,-4.79895150038583
-1.86844922585222,0,-4.89378970178116
-1.72850711890893,0,-4.98766515051468
-1.57848258030578,0,-5.07767355107833
-1.41868667907278,0,-5.16086642146081
-1.25024232105939,0,-5.23460082960012
-1.07491868279051,0,-5.2968482896853
-0.894843837413263,0,-5.3463713457661
-0.712186902968356,0,-5.38272092847837
-0.528906363588765,0,-5.40607417763842
-0.346625073073421,0,-5.41698724785947
-0.166636291893255,0,-5.41615370930013
0.0100002185625875,0,-5.40423536382857
0.182329613577614,0,-5.38179023649041
0.349389355577984,0,-5.34928658224453
0.510140599581404,0,-5.3071734661026
0.663452373445094,0,-5.25597585510134
0.808134546092786,0,-5.19638778684
0.943008763503809,0,-5.12934490672095
1.06700338310135,0,-5.05606469231327
1.17925714864926,0,-4.97804866425362
1.27921633913215,0,-4.8970463491693
1.36671165457292,0,-4.81498596894182
1.44200448789362,0,-4.73388135447784
1.50579721117153,0,-4.65572755530488
1.55920768057298,0,-4.58239833669102
1.60371299779579,0,-4.51555719450967
1.64107060165978,0,-4.45659039245804
1.67322565659518,0,-4.40656692980462
1.70221281445895,0,-4.36622722339777
1.7300584762031,0,-4.33600006931461
1.75868736385674,0,-4.31604600061397
1.78983496938698,0,-4.30632393083922
1.82496547316872,0,-4.30667625694572
1.86519317704976,0,-4.31692477770278
1.9112047490877,0,-4.3369656480884
1.96318036113664,0,-4.36684668693081
2.02071499543731,0,-4.40680635965279
2.08274709748944,0,-4.45725346722291
2.14750904358364,0,-4.51867296564941
2.21251921926205,0,-4.59145746858906
2.27463484346276,0,-4.6756827289514
2.3301764889233,0,-4.77086153114395
2.37512306195603,0,-4.87571670414899
2.40536698659489,0,-4.98800905865658
2.41701857446251,0,-5.10444689704816
2.4067530907319,0,-5.22070072971352
2.3721918280765,0,-5.33155401259505
2.31228519999704,0,-5.43122711735986
2.22761967775824,0,-5.513891507972
2.12052934753349,0,-5.57432270459012
1.99491043759061,0,-5.60854421193264
1.8557410511676,0,-5.61426584528156
1.70844248708256,0,-5.59098596414729
1.55827774661934,0,-5.53977541487966
1.40992713972948,0,-5.46287930944458
1.26727281972704,0,-5.36329081646166
1.13334513574066,0,-5.24439450315676
1.01036107906378,0,-5.10970835290922
0.899799829228085,0,-4.96271040192901
0.80248585656888,0,-4.80672133760633
0.718670963403117,0,-4.64481773247777
0.648118349521868,0,-4.47976150726912
0.590194550359025,0,-4.31394315542579
0.543971080663428,0,-4.14934522571226
0.508330250713997,0,-3.98753590207841
0.482063470797024,0,-3.82969896568031
0.463949956469464,0,-3.67669697345577
0.452810947346285,0,-3.52915332083738
0.44754571881603,0,-3.38753265142797
0.447162362312063,0,-3.2522029338021
0.450812208761522,0,-3.12347434414245
0.457825267319504,0,-3.00162077006592
0.467735760378283,0,-2.88689201545824
0.48028815389889,0,-2.77952025793706
0.495421675013893,0,-2.67971966355784
0.513238117043305,0,-2.5876771892539
0.533960276695065,0,-2.5035347348407
0.557887569032263,0,-2.42736556761889
0.585353497752379,0,-2.35914977987945
0.616688125313409,0,-2.29875397962085
0.652187717816935,0,-2.24591953552789
0.692092989800479,0,-2.20026183274517
0.73657652593193,0,-2.16128069017861
0.78573898283562,0,-2.12838000846139
0.839612790984951,0,-2.10089342004988
0.898171539622962,0,-2.07811242814248
0.961343154220634,0,-2.05931409725771
1.02902529435243,0,-2.04378640908851
1.10110191429588,0,-2.03085052086364
1.17746042066761,0,-2.01988009475853
1.25800916178933,0,-2.01031851110896
1.34269499737111,0,-2.00169515810396
1.43152039894922,0,-1.99364216642499
1.52455895304519,0,-1.98591296127938
1.62196736347034,0,-1.97840380864141
1.72399121373625,0,-1.97117905283805
1.83096105098327,0,-1.96449987447397
1.94327504056211,0,-1.95885508059519
2.06136479715716,0,-1.95499073539554
2.18564227408491,0,-1.95393360547669
2.31642789817114,0,-1.95700190179054
2.45386330943831,0,-1.96579627250151
2.59781555653827,0,-1.98216501322265
2.74778250177242,0,-2.00814024838736
2.90281046930416,0,-2.0458460137963
3.06143410973945,0,-2.09738365809413
3.22164512073248,0,-2.16470330637532
3.3808919034879,0,-2.2494710400332
3.5361081995147,0,-2.35293955952086
3.68376703718836,0,-2.4758262048657
3.81995806415413,0,-2.61819810583512
3.94049157732365,0,-2.77936222676038
4.0410399529109,0,-2.95776047600118
4.11733367903774,0,-3.15087865247247
4.16542953671051,0,-3.35519294918577
4.18205551734634,0,-3.56619521679212
4.16500544128365,0,-3.77854770386552
4.11351102341509,0,-3.98640353415334
4.0284839860613,0,-4.18388067396322
3.91253006521949,0,-4.36560899724253
3.7697038775773,0,-4.52722420910242
3.60506527603704,0,-4.66569621653027
3.42415575809309,0,-4.77944590988977
3.23250861438504,0,-4.8682764349605
3.03525965417764,0,-4.93318246121088
2.83687645214231,0,-4.97609933639918
2.64099631803937,0,-4.99963369655712
2.45035626428792,0,-5.00679824302127
2.26680093495811,0,-5.00076422028028
2.09135683793397,0,-4.98464378432185
1.92435934069948,0,-4.96131518004811
1.76561413710283,0,-4.93330164511834
1.61457109123535,0,-4.90270873391658
1.47048865938993,0,-4.871216079701
1.33257209221248,0,-4.84011175752711
1.20007648666951,0,-4.81035300467242
1.07237367386708,0,-4.78263688047033
0.948987686135603,0,-4.75746758433487
0.829606307332131,0,-4.73521191134597
0.71407635609294,0,-4.71613914843554
0.60238889004475,0,-4.70044560394448
0.494658512018735,0,-4.68826650864687
0.391099189038201,0,-4.67967924127308
0.291997860575397,0,-4.67470197290841
0.197686679740315,0,-4.67329124430356
0.108514846044204,0,-4.67534102474592
0.0248213950519028,0,-4.68068470413314
-0.0530892658728602,0,-4.68910039531059
-0.124967087484621,0,-4.70031895592891
-0.190629584669332,0,-4.71403334040521
-0.249967392715935,0,-4.72990733434519
-0.302942113375698,0,-4.74758148114779
-0.349577675631173,0,-4.7666741313501
-0.389947704729335,0,-4.7867760256577
-0.424162441500427,0,-4.807437619849
-0.452359471059795,0,-4.82814944690104
-0.474702864611498,0,-4.84831724206533
-0.491395223115712,0,-4.86723548061667
-0.502706232957585,0,-4.88406554259352
-0.509019059811441,0,-4.89782778474952
-0.510891365073565,0,-4.90741947631231
-0.50912050812066,0,-4.91167077835635
-0.504793849944256,0,-4.90944574885092
-0.499299075334369,0,-4.89978268702736
-0.494272225791271,0,-4.8820501139081
-0.491476605524609,0,-4.85607958878649
-0.492629986628932,0,-4.82223530459076
-0.499218316116842,0,-4.78139770184567
-0.51233896116799,0,-4.73486656064393
-0.53260309569899,0,-4.68421291246891
-0.560104402322174,0,-4.63111762455515
-0.594442269484033,0,-4.57722773198964
-0.634778955124479,0,-4.52404744578011
-0.6799112819239,0,-4.47286752039364
-0.728344118811578,0,-4.424728570399
-0.778361110373193,0,-4.38041131345348
-0.828095397807864,0,-4.34044797598789
-0.875608204918925,0,-4.30515219804423
-0.918985093581985,0,-4.27466770679217
-0.956456975768656,0,-4.24903667958519
-0.986544367412112,0,-4.22828509717985
-1.00820983696024,0,-4.21251401010288
-1.02099020706099,0,-4.20197561270636
-1.0250748951707,0,-4.19710831414116
-1.02130558657765,0,-4.19851232552389
-1.01109319946516,0,-4.20686652956311
-0.996271445555931,0,-4.22280933067395
-0.97892178042367,0,-4.2468183191344
-0.961206886231346,0,-4.27911948638027
-0.9452404571227,0,-4.31964022103822
-0.933005548335939,0,-4.36800148725444
-0.926318233638128,0,-4.4235323909161
-0.92682215197821,0,-4.48528816689816
-0.935994684422885,0,-4.5520585862461
-0.955146788441898,0,-4.62236342377508
-0.985404078449171,0,-4.69444061906481
-1.02766399069738,0,-4.76623859320885
-1.08253068931068,0,-4.83542646051176
-1.15023496618334,0,-4.89943542771884
-1.23055118825091,0,-4.95554212056974
-1.32272793233023,0,-5.00099935428599
-1.42545261894438,0,-5.033210525105
-1.53687041251441,0,-5.0499298611638
-1.65467000376231,0,-5.04945530225326
-1.7762319717284,0,-5.03077130527895
-1.89881347242928,0,-4.99360380280659
-2.01972577064711,0,-4.93837103390922
-2.13645752637792,0,-4.86604397092743
-2.24670777126385,0,-4.7779555366735
-2.34831158474438,0,-4.67561118734247
-2.43906289008925,0,-4.5605575985581
-2.51646649579997,0,-4.43436826523121
-2.57749915992163,0,-4.29880206845827
-2.61853204029697,0,-4.15615645759696
-2.63561736443586,0,-4.00972761214201
-2.62524552484728,0,-3.86411795994507
-2.58535830413974,0,-3.72506666399755
-2.51609187223884,0,-3.5987319242019
-2.41983867941959,0,-3.49077613068567
-2.30071437634154,0,-3.40572065251199
-2.16384314563399,0,-3.34674106594064
-2.01478383467485,0,-3.31575989209108
-1.85917222139905,0,-3.31362599278665
-1.70251181380537,0,-3.34026346150657
-1.55003254527032,0,-3.39477202385403
-1.40657698428393,0,-3.47550467275863
-1.27650910755242,0,-3.58014681795534
-1.16365311722693,0,-3.70580284628533
-1.07126483315829,0,-3.84908119389505
-1.00202777282709,0,-4.00616499880233
-0.958058256404518,0,-4.17286002403509
-0.940900995856103,0,-4.34462014140506
-0.9514976964938,0,-4.51656024767538
-0.990115281883814,0,-4.68347630874893
-1.05622826106825,0,-4.83990212058772
-1.1483639755121,0,-4.98024017467286
-1.26394189754921,0,-5.09900320885349
-1.39916514634276,0,-5.19118303627727
-1.54903921250369,0,-5.25271685892482
-1.70757648731795,0,-5.28095998392959
-1.868184713109,0,-5.27503636070425
-2.02416012988906,0,-5.23596659312573
-2.16916886271129,0,-5.1665631142236
-2.29763613340957,0,-5.07117107037596
-2.40504287923714,0,-4.95535501221825
-2.48818877652328,0,-4.82557736930137
-2.54547456400457,0,-4.68883299906649
-2.57718484140355,0,-4.55215838485345
-2.58565714923657,0,-4.42196938712464
-2.57517457302036,0,-4.30329893038152
-2.55147882426261,0,-4.19914306826397
-2.52096124410459,0,-4.1101760361994
-2.48975327663146,0,-4.03499593742101
-2.46298912353974,0,-3.97085393876987
-2.44441785002084,0,-3.91462434783722
-2.43637293366208,0,-3.86369928872526
-2.43997330574841,0,-3.81656401722712
-2.45539410185704,0,-3.77296720012668
-2.48209502584873,0,-3.73375151091424
-2.51897174258337,0,-3.70048948422134
-2.56444981361991,0,-3.67507125793513
-2.61655529696994,0,-3.65934665872778
-2.67298410893593,0,-3.65486962576673
-2.73117430415368,0,-3.66274895042221
-2.78837525304838,0,-3.68358225253979
-2.84170856316914,0,-3.71743936551546
-2.88822372522534,0,-3.76386377516784
-2.9249607947928,0,-3.82187233803291
-2.9490378903369,0,-3.88994957022905
-2.95777978139778,0,-3.96604897560542
-2.94889359137684,0,-4.04762619033986
-2.92067839338467,0,-4.13173268810047
-2.87223104786152,0,-4.21518942860335
-2.80359186119432,0,-4.29483524117202
-2.71577560477657,0,-4.36781228408919
-2.61066336639162,0,-4.43182814064284
-2.49077635159479,0,-4.48533723337225
-2.35898791107276,0,-4.52761254053599
-2.21823634429995,0,-4.55871337541448
-2.07128207072354,0,-4.57937603211093
-1.920526706435,0,-4.59085481238182
-1.76789453466131,0,-4.59472843071476
-1.61477474616555,0,-4.59267364419628
-1.4620326409051,0,-4.58620803797473
-1.31010831602895,0,-4.57643326208491
-1.15920724623724,0,-4.56387467371705
-1.00952164453463,0,-4.54855571615205
-0.861349044723799,0,-4.53032368796152
-0.715039339722697,0,-4.50917845577344
-0.570889171708242,0,-4.48532636591985
-0.42914084654193,0,-4.45899686565874
-0.290093791345443,0,-4.43025577085537
-0.154239142222187,0,-4.39894920037475
-0.0223486003963499,0,-4.36476828956673
0.104502953164782,0,-4.3273757173571
0.224975239457368,0,-4.28654480528215
0.337548128299623,0,-4.24228190358549
0.44064296815652,0,-4.19491616323356
0.532768162392104,0,-4.14514702914793
0.612674653110979,0,-4.09404270420715
0.679501607928395,0,-4.04298664257564
0.732888457105133,0,-3.99357643433743
0.77303137315816,0,-3.94748956745206
0.800672718216496,0,-3.90633945208237
0.817028107331181,0,-3.87154788996139
0.823670703238055,0,-3.84425486508974
0.822399898113751,0,-3.82527553315383
0.815119857570086,0,-3.8151024013776
0.803745128606478,0,-3.81394184325115
0.790139806951103,0,-3.82176985938433
0.77608686847889,0,-3.83839237296991
0.763277029674886,0,-3.86349990090334
0.753302832780612,0,-3.89671427514055
0.747643658689961,0,-3.93763396363874
0.74762994663564,0,-3.98589066410285
0.754377872407252,0,-4.04122918471981
0.76868735488803,0,-4.10361282882489
0.790897422729753,0,-4.1733379703549
0.820698532968509,0,-4.25111776173872
0.856918634965839,0,-4.33807379063428
0.897332087495669,0,-4.43557027572149
0.938577495300528,0,-4.54485668504225
0.976282074528104,0,-4.66655948430666
1.00544258581727,0,-4.80015499420794
1.02100914964277,0,-4.94359879065035
1.01852072390023,0,-5.09323237670256
0.994626367193869,0,-5.24396226418077
0.947407374412123,0,-5.38960252353707
0.876526726300275,0,-5.52325969768879
0.78329571531569,0,-5.63771122306964
0.670729481904551,0,-5.72582465115035
0.54357687772566,0,-5.78111772480995
0.408201735908505,0,-5.79851239404359
0.272146673475716,0,-5.77516805841787
0.14332335099041,0,-5.71107862946785
0.0290251982747624,0,-5.60909759716311
-0.0648695181716077,0,-5.4743313904769
-0.134243003491318,0,-5.31319540670318
-0.176648524845908,0,-5.13253275741992
-0.190989454796468,0,-4.93902889837454
-0.177172781542772,0,-4.73893770309303
-0.135853699476723,0,-4.53801845962047
-0.0683036229894677,0,-4.34156630315251
0.023615595803536,0,-4.15444460227388
0.137413328303461,0,-3.98106069366065
0.269923600566604,0,-3.8252576299868
0.417312277330237,0,-3.69012770029531
0.575192007096123,0,-3.57778936174999
0.738869193792414,0,-3.48919872796885
0.903698593558991,0,-3.42407296232167
1.06547313704217,0,-3.38097455157992
1.22075592797059,0,-3.35755140959702
1.36708075884043,0,-3.35087582438956
1.50299408851448,0,-3.3578018378943
1.62795804262489,0,-3.37527158180085
1.74216035736445,0,-3.40053194250536
1.84628035069162,0,-3.43125429741486
1.94124910193738,0,-3.46557057408863
2.02802791996851,0,-3.50204723888485
2.10741859537796,0,-3.53961903969307
2.17991409741707,0,-3.57750084848048
2.24559888603873,0,-3.61509152310826
2.30411181304863,0,-3.6518796501911
2.35468739747034,0,-3.6873585106378
2.39628625504358,0,-3.72095839304998
2.42780662267526,0,-3.75200917682513
2.44833832829787,0,-3.7797505841155
2.45739275143242,0,-3.80340167953943
2.45503761401856,0,-3.82227900654161
2.44189454890232,0,-3.83592464364545
2.41900941729826,0,-3.84419425786869
2.38765134220327,0,-3.84727288917872
2.34911077445065,0,-3.84561958740047
2.30454802834894,0,-3.83986720008887
2.2549112080754,0,-3.830708997074
2.20091660010672,0,-3.81879493741843
2.14307306511404,0,-3.80464834237113
2.08173170321656,0,-3.78860531770474
2.01714702281537,0,-3.77077560560628
1.94954149203667,0,-3.75102303847753
1.87916949797647,0,-3.72896456015693
1.80637878492719,0,-3.70398766542222
1.7316676435561,0,-3.67528647923146
1.65573515519977,0,-3.64191628907702
1.57952051254873,0,-3.60286509838157
1.50422667289297,0,-3.55713884330105
1.43132396526421,0,-3.50385472918094
1.3625309785753,0,-3.44233533876504
1.29977281065012,0,-3.37219542874054
1.24511981146347,0,-3.29341411823037
1.20071234689035,0,-3.20638745044001
1.16867803668495,0,-3.11195947557127
1.1510470873821,0,-3.01143305947337
1.14966912456539,0,-2.90656354826064
1.16613225431527,0,-2.79953859008155
1.20168306779214,0,-2.69294585956016
1.25714583915003,0,-2.58972782149774
1.33284061944341,0,-2.49312009241055
1.42850301690828,0,-2.4065685668977
1.54321230578871,0,-2.33362116168788
1.67533784060961,0,-2.27779313456407
1.82251517749937,0,-2.24241003468916
1.98166174715934,0,-2.23043817328457
2.14903714951568,0,-2.24431717647949
2.32034613003425,0,-2.28581076704697
2.49087518141162,0,-2.35588932066392
2.65564906799175,0,-2.45465140638132
2.809593316686,0,-2.58128352036713
2.94769321811897,0,-2.73405050819488
3.06514772920146,0,-2.91030642662644
3.1575251839405,0,-3.10651831652039
3.22093365853157,0,-3.31830348364319
3.25221889869156,0,-3.54049271123741
3.24919405723978,0,-3.76724374037831
3.21088704716458,0,-3.9922354937675
3.13776641752247,0,-4.20896673498881
3.03188530216447,0,-4.41115870926039
2.89687956811343,0,-4.59322438008408
2.737780041352,0,-4.75073324371961
2.56064295375793,0,-4.8807894900251
2.37204628256786,0,-4.98225890812288
2.17852327737699,0,-5.05581367369881
1.98600659077265,0,-5.10379442469503
1.79934991940755,0,-5.12990748242549
1.62198933017847,0,-5.13878872140922
1.45579983507985,0,-5.13548469370327
1.30118096484033,0,-5.12492533603425
1.15736029951809,0,-5.11147610583568
1.02284664308363,0,-5.0986434229137
0.895921841591818,0,-5.08896317409678
0.77505765640474,0,-5.08404674674471
0.659184467932421,0,-5.08472091597984
0.547798243323692,0,-5.09119272852013
0.440939622519473,0,-5.10319166610777
0.339097341070672,0,-5.12006994674297
0.243081331104674,0,-5.14086314923741
0.153892753554063,0,-5.16432373691861
0.0726010407517113,0,-5.18894302441713
0.000227457983941415,0,-5.2129772099429
-0.0623683908484571,0,-5.2344925135899
-0.114599380852071,0,-5.25144269197539
-0.156251476345787,0,-5.26178690401611
-0.18755760060992,0,-5.26364484921616
-0.209223358774095,0,-5.25547007259843
-0.222388162376074,0,-5.23620748838543
-0.228521457092458,0,-5.20539723843477
-0.229274395287047,0,-5.16319983059823
-0.226320779059547,0,-5.11034208755484
-0.221220040696837,0,-5.04800625247415
-0.215322094908623,0,-4.97769440259574
-0.20971814937421,0,-4.90109593375907
-0.205230536928899,0,-4.81997403376148
-0.20243039734902,0,-4.73607534254348
-0.201672588624226,0,-4.65105943822143
-0.203139576284359,0,-4.56644188894386
-0.206888200151675,0,-4.48354521006474
-0.212894456407395,0,-4.40345481763886
-0.221092052933572,0,-4.32698093649602
-0.231401224317527,0,-4.25463149734276
-0.243745738575899,0,-4.18660413340071
-0.258058261224687,0,-4.12280573627651
-0.274276679131954,0,-4.06290400250611
-0.292335691562832,0,-4.00640702372831
-0.312158259655822,0,-3.95275736263711
-0.333650382356081,0,-3.90142143308421
-0.356700781600678,0,-3.85195695860945
-0.381185221943056,0,-3.80404967170424
-0.40697389173204,0,-3.75752034297725
-0.433939733450345,0,-3.7123100470196
-0.461965779242035,0,-3.66845369235123
-0.490950199519036,0,-3.62605044226399
-0.520808594328797,0,-3.58523678878986
-0.551473763177855,0,-3.54616524544802
-0.582893615064564,0,-3.50898956502856
-0.615028004339678,0,-3.47385613882967
-0.647845176112737,0,-3.44090061395203
-0.681318288835438,0,-3.4102485561269
-0.715422249677162,0,-3.38201901062819
-0.750130913576114,0,-3.35632995278401
-0.785414587319342,0,-3.33330479728854
-0.821237748811617,0,-3.31307930746133
-0.857556929688242,0,-3.29580838673276
-0.894318804882123,0,-3.28167233160693
-0.931458676663964,0,-3.27088217168082
-0.96889972759192,0,-3.26368371544023
-1.00655364139993,0,-3.2603598606951
-1.04432343983603,0,-3.26123061927743
-1.0821096221938,0,-3.26665015731887
-1.11982084816764,0,-3.27699998866703
-1.15739033956038,0,-3.29267732689861
-1.19479869170643,0,-3.31407758341544
-1.23210264872149,0,-3.34157021986874
-1.26946745857409,0,-3.37546777619337
-1.30719783308691,0,-3.41598902859633
-1.34575998347987,0,-3.46321887589269
-1.38578596042713,0,-3.51706942017012
-1.42805301653659,0,-3.57724816138335
-1.47343551544639,0,-3.64323942823857
-1.5228338850801,0,-3.71430351826171
-1.57709150122246,0,-3.78949466186629
-1.63691333508505,0,-3.86769489581462
-1.70279855326689,0,-3.94765769456362
-1.7749941604093,0,-4.02805386231481
-1.85347064886502,0,-4.10751296427873
-1.93791564901561,0,-4.18465593203497
-2.02773884881576,0,-4.2581175726891
-2.12208104493139,0,-4.32656082312516
-2.21982167395736,0,-4.38868728289381
-2.31958208217792,0,-4.44325062181516
-2.41972581500396,0,-4.48908072048835
-2.51836211410187,0,-4.52512648226789
-2.6133640992302,0,-4.55052332415354
-2.70241738330459,0,-4.56468612987523
-2.78311523552274,0,-4.56741887469358
-2.85310888835989,0,-4.55901912527121
-2.91030383852506,0,-4.54034422588578
-2.95306910752972,0,-4.51280513690853
-2.98040910198902,0,-4.47827055711574
-2.99205129252642,0,-4.43889419858435
-2.98842971272686,0,-4.39690561928007
-2.97057921537383,0,-4.35441345008488
-2.93997833490364,0,-4.31325689466424
-2.898380844096,0,-4.27491885728391
-2.84766368124812,0,-4.24049558960843
-2.7897031327493,0,-4.21070923703709
-2.72627960372771,0,-4.18594937539946
-2.65900604869135,0,-4.16633299066892
-2.58927497115743,0,-4.15177553456884
-2.51822173928169,0,-4.14206667422446
-2.44670566434169,0,-4.13694289214947
-2.37531262140255,0,-4.1361465822016
-2.30438185541843,0,-4.13946051160373
-2.23405426427639,0,-4.14671039801082
-2.16433204659675,0,-4.15773749213012
-2.0951349101624,0,-4.17235386653275
-2.02633997683124,0,-4.1902992689584
-1.95780031728201,0,-4.21121576131676
-1.88934558451441,0,-4.23464678223982
-1.82077263471558,0,-4.26005701617425
-1.75183343463887,0,-4.2868640029579
-1.68222439616015,0,-4.3144730104233
-1.61157838583864,0,-4.34231104180799
-1.53945942929806,0,-4.36986095399665
-1.46536065431558,0,-4.39670068838956
-1.38870797008918,0,-4.42255500509801
-1.30887520145886,0,-4.44736760375606
-1.22522077864738,0,-4.47139905806539
-1.13716081635407,0,-4.49534819805883
-1.04429572865587,0,-4.52047845876247
-0.946601615642046,0,-4.54870576767276
-0.844675859887598,0,-4.5825783272603
-0.739985528397306,0,-4.6250712234183
-0.635020097747339,0,-4.67915693906461
-0.533232197559935,0,-4.74720673487825
-0.438702829155114,0,-4.83039107619979
-0.355592319332917,0,-4.92829756155712
-0.287562878615039,0,-5.03890617662994
-0.23738030572015,0,-5.15888653740595
-0.20679279308893,0,-5.28403526130226
-0.196629891089334,0,-5.40965450324556
-0.206975422310823,0,-5.53076962297241
-0.237277716555008,0,-5.64220522049348
-0.28632737044795,0,-5.73861828488941
-0.35210938760872,0,-5.81461472217575
-0.43160725958825,0,-5.86505943590124
-0.520697353298934,0,-5.88561991256721
-0.614290709527288,0,-5.87344455091671
-0.706797179724496,0,-5.82772062235598
-0.792803842720908,0,-5.74982621202459
-0.867709375928204,0,-5.6429785186329
-0.928086838124687,0,-5.51155370724764
-0.971723689953644,0,-5.36037388788234
-0.997439878757567,0,-5.19417101305204
-1.00482092404809,0,-5.01728352332417
-0.993960313783848,0,-4.83354246211102
-0.965250989503644,0,-4.64627820033587
-0.919231166844047,0,-4.45839295719277
-0.85647673447573,0,-4.27246724658315
-0.777533254103313,0,-4.09088613381936
-0.682888658949272,0,-3.91597958182626
-0.572998978580076,0,-3.75016842874469
-0.448389112945788,0,-3.59609091333779
-0.309848611672927,0,-3.45665239875994
-0.158708384722683,0,-3.33490493393124
0.00289939532189937,0,-3.23367380846454
0.171987329231794,0,-3.15498480858501
0.345007786178303,0,-3.09957854639143
0.518382365078971,0,-3.06685411141515
0.688937841949605,0,-3.05527400003294
0.854035017822617,0,-3.06291493937805
1.0114468038646,0,-3.08785408603149
1.159154582149,0,-3.12830881083036
1.29517796890917,0,-3.18260310137161
1.41747457411933,0,-3.24905325985712
1.52390923128984,0,-3.32583086119147
1.61228811825588,0,-3.4108313941392
1.68045995256412,0,-3.50156690733724
1.72648903157031,0,-3.59510527761382
1.74889418987242,0,-3.68808723667002
1.74692019273846,0,-3.77685160217401
1.72077240364145,0,-3.85767558910514
1.67172787935018,0,-3.92708935198367
1.60206515601896,0,-3.98217678560616
1.51482807657822,0,-4.02076755192268
1.41350957025648,0,-4.04147229902509
1.30176064164763,0,-4.04358154385316
1.18319528188484,0,-4.02689249722827
1.0613098052555,0,-3.99153118819184
0.939498031479565,0,-3.93781591125919
0.821129599219081,0,-3.86618455982317
0.709658867820893,0,-3.77719381089878
0.608735615094198,0,-3.67159251367755
0.522289203818276,0,-3.55047070605164
0.45455083441243,0,-3.41548431445533
0.409959735567716,0,-3.26914611433703
0.392869244046858,0,-3.11513938085367
0.40695884710997,0,-2.95852787409627
0.454363966148117,0,-2.80562285768631
0.53483324303746,0,-2.66328593494868
0.645478494608801,0,-2.5378008789894
0.781402729915377,0,-2.43390091220866
0.936807839835583,0,-2.35446132665733
1.10592740107969,0,-2.30080260193902
1.28348706294895,0,-2.273207706162
1.4647825865572,0,-2.27135391368996
1.64557192685794,0,-2.29457170360702
1.82191929793308,0,-2.34195702536105
1.99005641263912,0,-2.41238508695851
2.14628622044748,0,-2.50446196503406
2.28694143828759,0,-2.61643708796605
2.40840973958406,0,-2.74609463892036
2.50723875900401,0,-2.89064588218281
2.58032856688638,0,-3.04665451301452
2.62520033405509,0,-3.21003645415267
2.64029730238743,0,-3.37617236479137
2.62524127048161,0,-3.5401445033094
2.58096051045744,0,-3.69706243034956
2.5096419511416,0,-3.84239941291063
2.41452773184307,0,-3.97225500299415
2.29963168341134,0,-4.08349629654086
2.16946231271125,0,-4.17378439367347
2.02880950350802,0,-4.24152998456973
1.8826102132704,0,-4.2858299322519
1.73587706632057,0,-4.30642384267874
1.59365949216357,0,-4.30369020010169
1.46100568297305,0,-4.27868465466263
1.34289880663619,0,-4.2332110542566
1.24414817667003,0,-4.16990812144887
1.16922305091486,0,-4.09232960984312
1.12202252132855,0,-4.0049910828943
1.10558113231341,0,-3.91334932744189
1.12172274806491,0,-3.82366983041525
1.17070536940341,0,-3.74273145453989
1.25094995649428,0,-3.67733880780659
1.35898749639901,0,-3.63368813050163
1.4897259878012,0,-3.61674364885452
1.63700207159849,0,-3.62983469644398
1.79422831053593,0,-3.67459421949416
1.9549161289151,0,-3.75118183042391
2.1129639313734,0,-3.85862083142134
2.2627342068367,0,-3.99509416574319
2.39900761926803,0,-4.15812611460368
2.51689743332078,0,-4.34464428990379
2.61177928782375,0,-4.55094453795474
2.6792712451512,0,-4.77258414238296
2.71529565789376,0,-5.004227660921
2.71626287009376,0,-5.23948066832896
2.67942427074324,0,-5.47077970688999
2.60342432644754,0,-5.68946224238399
2.48900133636689,0,-5.88619007779262
2.3396271156399,0,-6.05186292367693
2.16171821554561,0,-6.17893977558335
1.96410479107191,0,-6.26274004375789
1.75681974029383,0,-6.30214469552207
1.54968983989619,0,-6.29942077569873
1.35125358377575,0,-6.25940053235747
1.1682122179211,0,-6.18847922364599
1.00530844808797,0,-6.09376405040894
0.865429024513164,0,-5.98246941539039
0.749781530858155,0,-5.86150878882669
0.658081946861629,0,-5.73719935645618
0.588749079065545,0,-5.61501928016916
0.539126929233524,0,-5.49939580610853
0.505755389831684,0,-5.39353537572654
0.484693310948467,0,-5.2993264509446
0.471874844140139,0,-5.2173486345824
0.463458917500364,0,-5.14700736312472
0.456121473278132,0,-5.08678584695968
0.447246695938978,0,-5.03457471930829
0.434996213433562,0,-4.98801849663892
0.418265291546115,0,-4.94481695062496
0.396559410298393,0,-4.90293911858765
0.369834216736169,0,-4.86073736866237
0.338336444045092,0,-4.81697481453086
0.302469649314813,0,-4.7707930338725
0.262694329157282,0,-4.72164835417271
0.219461758361789,0,-4.66923883492316
0.17317567314493,0,-4.61343584244334
0.12417445804681,0,-4.55422708374641
0.0727270964082869,0,-4.49167324670854
0.019037514697823,0,-4.42587778065742
-0.0367466231641153,0,-4.35696818495691
-0.0945234102830365,0,-4.28508681919927
-0.154226270643282,0,-4.21038926045339
-0.215814654992981,0,-4.1330483495346
-0.279266290042716,0,-4.05326216237759
-0.344570905139207,0,-3.97126417422675
-0.411724965953791,0,-3.88733387298374
