method,mean_abs_error,rms_error,samples
CTSVI_AD,0.3557128385591253,0.47144821915723417,401
ATSVI_AD,1.722019768422353,2.023988103827606,401
ETSVI,12.32559501949217,12.372935364834003,401
