0,0,0,0,0,0,0
-1.08298858168794,-0.803109886401941,-0.505261465514559,-0.262905537055412,-0.10550113308609,-0.0276666668159603,-0.00289617887264303
-2.16586778833126,-1.60622155092394,-1.01058041652464,-0.525883699960124,-0.211060614444448,-0.0553634759240034,-0.00579920260854179
-3.24861499915364,-2.40940064952007,-1.51605412693967,-0.789027497320652,-0.316744756303515,-0.0831225527413287,-0.00871609859941509
-4.3311271884924,-3.21265229974772,-2.02174098628473,-1.05240906364919,-0.422611063039114,-0.110973501703427,-0.0116535799900786
-5.41332299775204,-4.01599630924124,-2.52770742389629,-1.31610375129168,-0.528717680529831,-0.138945776829553,-0.0146182680272085
-6.49511510609905,-4.81944621912329,-3.03401431895318,-1.58018273361227,-0.635120208006268,-0.167067736883086,-0.0176165667884618
-7.57641351263098,-5.62301126402946,-3.54071782437403,-1.84471310563618,-0.741871516222045,-0.1953664870255,-0.0206546194902551
-8.65712380368949,-6.42669460500553,-4.04786784120954,-2.10975675879553,-0.849021070618048,-0.223867588210119,-0.023738249990029
-9.73714655444609,-7.23049239418717,-4.55550701112849,-2.37536952157023,-0.956614357810111,-0.252594790924613,-0.0268729057437998
-10.8163768423047,-8.03439291182844,-5.06366974865233,-2.64160031678535,-1.06469231505972,-0.281569766673462,-0.0300635993060382
-11.8947025178736,-8.83837476839827,-5.57238067767165,-2.90849000369689,-1.17329062865922,-0.310811801478522,-0.0333148444456154
-12.972004349797,-9.64240648448094,-6.08165392874425,-3.17607066401682,-1.28243920673012,-0.340337531868806,-0.0366305953532516
-14.0481546204688,-10.446444905892,-6.59149169510227,-3.44436449656047,-1.39216149004717,-0.370160634479726,-0.040014179442926
-15.1230161868512,-11.2504339543303,-7.10188299477025,-3.71338281580873,-1.50247380134288,-0.400291522881126,-0.0434682297110945
-16.1964418223615,-12.0543035487052,-7.61280252265223,-3.98312508737558,-1.61338470151015,-0.430737039985359,-0.0469946141029976
-17.2682731495048,-12.8579682370456,-8.12420932675844,-4.25357787532203,-1.72489431221102,-0.46150014227071,-0.0505943641471215
-18.3383396324716,-13.6613258370724,-8.63604547424799,-4.52471377593221,-1.83699362658299,-0.492579575620239,-0.0542676005160055
-19.4064575964286,-14.4642560853597,-9.14823471915951,-4.79649035130158,-1.94966381874644,-0.523969549289789,-0.0580134575934581
-20.4724289466493,-15.266619048024,-9.6606810150113,-5.06884898089872,-2.06287551931638,-0.55565939945224,-0.0618300061590133
-21.5360407433886,-16.0682541562463,-10.1732674202821,-5.34171392035687,-2.17658817611279,-0.58763327540845,-0.0657141782093231
-22.597063344803,-16.8689781641461,-10.6858543227473,-5.61499100688167,-2.29074927422382,-0.619869789080632,-0.0696616877842422
-23.6552497645043,-17.6685840046273,-11.1982782351621,-5.8885666707166,-2.40529368576639,-0.652341701964569,-0.0736669565332054
-24.7103341976228,-18.4668390224438,-11.7103502045861,-6.16230675412789,-2.52014294955253,-0.685015597687288,-0.0777230389075783
-25.7620314115697,-19.2634838555839,-12.2218546449938,-6.43605556724438,-2.63520465896084,-0.717851590475203,-0.0818215533392537
-26.810034760731,-20.0582302982486,-12.7325475429127,-6.7096346335763,-2.75037173845447,-0.750803012487213,-0.0859526138040807
-27.8540159502972,-20.8507604881876,-13.2421555278475,-6.98284191541161,-2.86552193600677,-0.783816171623009,-0.0901047730711854
-28.8936232397298,-21.6407249552407,-13.7503742540481,-7.25545070848353,-2.9805172050826,-0.816830094301215,-0.0942649689988738
-29.9284806207678,-22.42774143626,-14.2568673103497,-7.52720885316645,-3.09520324622821,-0.849776329992593,-0.098418483721716
-30.9581869321438,-23.2113936941611,-14.7612651853417,-7.79783802179559,-3.20940911615802,-0.882578796288055,-0.10254891457607
-31.9823145755316,-23.991230103242,-15.2631641473792,-8.06703301633073,-3.32294688350638,-0.915153662622397,-0.106638157814562
-33.0004089260655,-24.7667628353863,-15.7621255817142,-8.33446137172073,-3.43561145933636,-0.947409311887485,-0.11066641098393
-34.011987398695,-25.5374668862552,-16.2576753142727,-8.59976302656306,-3.54718051155107,-0.979246359301284,-0.114612192963372
-35.016539212143,-26.3027797406187,-16.7493034434967,-8.8625503463511,-3.65741458767046,-1.01055776698227,-0.118452387485725
-36.0135245665246,-27.0621007326712,-17.236464093417,-9.12240819926457,-3.76605732945843,-1.04122902630875,-0.122162308206594
-37.0023747995119,-27.8147912946581,-17.7185758604714,-9.37889450232052,-3.87283595812309,-1.07113846115924,-0.12571579272092
-37.9824922945754,-28.5601751929513,-18.1950223941636,-9.63154095115024,-3.97746191815896,-1.10015762473053,-0.12908532342425
-38.9532508641237,-29.2975393121647,-18.6651534799036,-9.87985413586467,-4.07963176835504,-1.12815181718801,-0.132242179251237
-39.9139964367145,-30.0261348760468,-19.1282865634895,-10.1233170174205,-4.17902831341249,-1.15498072446276,-0.135156618920573
-40.8640479930641,-30.745179077827,-19.5837087075544,-10.3613907636088,-4.27532197814291,-1.18049917983535,-0.137798096124732
-41.802698980602,-31.4538573036602,-20.0306791015677,-10.5935170106424,-4.36817245185787,-1.20455805582612,-0.140135507383787
-42.7292190750982,-32.1513258571318,-20.4684320678068,-10.8191205185469,-4.45723058799842,-1.22700528078915,-0.142137471283386
-43.642856093739,-32.836715039046,-20.8961804670932,-11.0376121646582,-4.5421405316697,-1.24768696966011,-0.143772636724639
-44.5428389051018,-33.5091332137815,-21.3131198975889,-11.2483924742078,-4.62254214976881,-1.26644868466239,-0.145010020284376
-45.4283799995796,-34.1676708462617,-21.7184330269338,-11.4508553269668,-4.69807360517578,-1.28313677600471,-0.145819364609202
-46.2986789805116,-34.8114054383008,-22.1112946289689,-11.6443921243563,-4.76837417884495,-1.29759982281524,-0.146171517241129
-47.1529261412965,-35.4394067112618,-22.4908768853778,-11.8283961641896,-4.83308722020129,-1.30969013169644,-0.146038821483534
-47.9903066118564,-36.0507423650116,-22.8563551317809,-12.0022672927772,-4.8918632359947,-1.31926528421613,-0.1453955142469
-48.8100042734205,-36.6444837715659,-23.2069136067779,-12.1654165744101,-4.94436299096273,-1.32618968631193,-0.144218121069258
-49.6112065075658,-37.2197123577912,-23.5417516436286,-12.3172711786463,-4.99026067990506,-1.33033612200203,-0.142485843637678
-50.3931087082827,-37.7755258223957,-23.8600897218781,-12.4572791477027,-5.02924701067389,-1.33158725391805,-0.14018092830722
-51.1549188324335,-38.3110443365057,-24.1611754299921,-12.5849140384439,-5.06103217377991,-1.32983705068311,-0.137289008451059
-51.895862197797,-38.8254168476706,-24.4442893796375,-12.699679430821,-5.08534866995429,-1.32499211628409,-0.133799411827555
-52.6151859431768,-39.3178269560986,-24.7087506805827,-12.801113064001,-5.1019538842472,-1.31697288548191,-0.129705426214767
-53.3121634250871,-39.7874985611286,-24.9539220818479,-12.8887906351162,-5.11063239671015,-1.30571466394338,-0.12500451426442
-53.9860983018808,-40.2337010033849,-25.1792145607418,-12.9623291255765,-5.11119796999678,-1.29116849625974,-0.119698475926644
-54.6363284633458,-40.6557538231039,-25.3840914217408,-13.0213896651381,-5.10349519317215,-1.27330183882794,-0.113793547990636
-55.2622291803296,-41.0530305998721,-25.5680715426547,-13.0656797428533,-5.08740071312334,-1.25209902520204,-0.107300442543141
-55.8632163128346,-41.4249624931961,-25.7307321503161,-13.0949549552546,-5.06282412034115,-1.22756153429143,-0.100234322343062
-56.4387486896151,-41.7710408081038,-25.8717107013578,-13.1090200774265,-5.02970840894708,-1.19970804328269,-0.0926147123839779
-56.9883301637906,-42.0908189585402,-25.9907061072644,-13.107729588728,-4.9880300695957,-1.16857428362389,-0.0844653509709213
-57.5115109091585,-42.383913514219,-26.0874791234806,-13.0909875768054,-4.93779879696907,-1.13421270205103,-0.0758139834111744
-58.0078887146893,-42.6500049070646,-26.1618522794427,-13.0587472297004,-4.87905690601032,-1.09669195731809,-0.0666921046387144
-58.4771091265569,-42.8888369739733,-26.2137088694014,-13.0110096984255,-4.8118783913756,-1.05609624783011,-0.0571346555143238
-58.9188658716289,-43.1002164229285,-26.2429917033707,-12.9478227065468,-4.7363677902061,-1.01252451846186,-0.0471796818640381
-59.3329000046155,-43.2840111154609,-26.2497009746966,-12.8692786142616,-4.65265875874299,-0.966089539208545,-0.0368679623791924
-59.718999622954,-43.4401485560527,-26.233892128387,-12.7755124029598,-4.56091255393036,-0.916916910353387,-0.0262426152467101
-60.076998351186,-43.5686133155602,-26.195672991462,-12.666699243432,-4.46131631549766,-0.865143984708104,-0.0153486902340886
-60.4067742778211,-43.6694446575609,-26.1352009691238,-12.5430520674086,-4.35408131765042,-0.810918754649595,-0.00423275527820245
-60.7082481517621,-43.7427335395288,-26.0526798381384,-12.4048189366218,-4.23944113173856,-0.754398703529622,0.00705751557846931
-60.9813816168203,-43.7886195921808,-25.9483565302067,-12.2522804201497,-4.11764978796787,-0.695749649584215,0.0184737457246228
-61.2261753869678,-43.8072880389427,-25.8225179060231,-12.0857469954113,-3.98897995122164,-0.635144594054592,0.0299672451185629
-61.4426671990014,-43.7989664683453,-25.6754874893903,-11.9055564711587,-3.85372111874117,-0.572762583069618,0.0414893798301412
-61.6309296815017,-43.7639215857567,-25.5076222538548,-11.7120714858672,-3.71217786384115,-0.508787594389336,0.0529919177391175
-61.7910683381975,-43.702456106445,-25.3193095689944,-11.5056771365825,-3.56466814688822,-0.443407457580961,0.0644273473087344
-61.9232195058737,-43.614905706199,-25.110964264964,-11.2867787208075,-3.41152168898811,-0.376812810905759,0.075749167103459
-62.0275483483023,-43.5016360856122,-24.8830258527131,-11.0557996081625,-3.2530784135369,-0.30919609871474,0.0869121446934004
-62.1042467832267,-43.3630400845181,-24.6359558651753,-10.8131792237708,-3.08968694893982,-0.240750610837731,0.0978725442086671
-62.1535316746317,-43.1995350844304,-24.3702354539469,-10.5593711983586,-2.92170320619905,-0.171669566509858,0.108588323163724
-62.1756430488066,-43.0115605301174,-24.0863631397915,-10.294841632719,-2.74948901221105,-0.102145241251128,0.119019299091408
-62.1708423104816,-42.7995755538536,-23.7848527026567,-10.0200674637581,-2.57341079229715,-0.0323681366676054,0.129127287206405
-62.1394104845151,-42.564056718129,-23.466231213838,-9.7355349263431,-2.39383829766221,0.0374738068734815,0.138876210816622
-62.0816469324232,-42.3054961792502,-23.1310373682748,-9.44173816814466,-2.21114338835924,0.107195955660868,0.148232187553349
-61.9978677015951,-42.0243996869731,-22.7798197839316,-9.13917787010594,-2.02569883184639,0.17661768674035,0.157163591887341
-61.8884041138172,-41.721284830893,-22.4131354877004,-8.82835995824928,-1.83787713784285,0.245563050312612,0.1656410975145
-61.7536016254551,-41.3966795443173,-22.0315485814395,-8.50979439522432,-1.64804942396393,0.313861391457771,0.173637702230431
-61.5938184208907,-41.0511204945029,-21.6356288798957,-8.18399396391338,-1.45658429363942,0.381347928561912,0.18112873619716
-61.4094244091519,-40.6851518023262,-21.2259507500332,-7.85147312901267,-1.2638467451188,0.447864290199428,0.188091857617859
-61.2008000097283,-40.2993236718074,-20.8030919209617,-7.51274688418421,-1.07019709547836,0.513259006188622,0.19450703617843
-60.9683351192053,-39.8941911844496,-20.3676323937197,-7.16832963306751,-0.8759899321156,0.577387953186719,0.200356527221027
-60.7124281985217,-39.4703132096318,-19.9201534182894,-6.81873409014106,-0.681573092218229,0.640114753147792,0.205624838178671
-60.4334851579761,-39.0282512147822,-19.4612364241776,-6.46447016309275,-0.487286670934913,0.701311119339054,0.210298687597396
-60.1319185060987,-38.5685682750957,-18.9914620546624,-6.10604387183365,-0.293462070677504,0.760857152259431,0.21436695945276
-59.8081465393235,-38.0918281310219,-18.5114092240714,-5.74395627800596,-0.100421093600448,0.818641581804774,0.217820653015503
-59.4625922815408,-37.5985941060746,-18.0216541074358,-5.37870240221115,0.0915249153062951,0.874561949612433,0.220652827914868
-59.0956827985422,-37.0894282822044,-17.5227692575356,-5.01077019615865,0.282075864854066,0.928524738241118,0.222858547191367
-58.707848302347,-36.5648905580169,-17.0153226680467,-4.64063951888305,0.470943648212767,0.980445438310986,0.224434816605054
-58.2995213783801,-36.0255378014036,-16.4998768881222,-4.26878115645189,0.657852799442415,1.03024855750628,0.225380521649638
-57.8711361787449,-35.4719229982544,-15.9769881449072,-3.89565587945592,0.842541068677335,1.07786756903661,0.225696361825017
-57.4231276674333,-34.904594452147,-15.4472055037428,-3.52171355385041,1.02475991026263,1.12324480153731,0.225384782557416
-56.9559308907566,-34.3240950198408,-14.9110700630942,-3.14739231112315,1.20427487858581,1.16633127134403,0.224449904690137
-56.4699803149296,-33.7309614097639,-14.3691142003933,-2.77311778790926,1.3808659285619,1.2070864601121,0.222897451720346
-55.9657091141556,-33.125723475664,-13.8218608439799,-2.39930243609106,1.55432761552529,1.24547803821126,0.220734674343413
-55.4435485462291,-32.5089035906871,-13.2698228127685,-2.02634491771157,1.72446919598249,1.28148154023839,0.217970272902695
-54.9039273267578,-31.8810160511004,-12.7135022059047,-1.65462958550865,1.89111462738561,1.31507999506256,0.214614317503448
-54.3472710955731,-31.2425665669419,-12.1533898695021,-1.28452605672323,2.0541024714934,1.34626351746046,0.210678166330932
-53.7740019132724,-30.5940518045811,-11.5899649284889,-0.916388879836356,2.21328570301491,1.37502886547201,0.206174382165161
-53.1845377673336,-29.9359589715334,-11.0236943825953,-0.550557295544888,2.36853142709279,1.40137896880567,0.201116647326458
-52.5792921649425,-29.2687654886691,-10.4550327851492,-0.187355093093737,2.51972051469903,1.42532243651025,0.19551967773006
-51.9586737761656,-28.5929387288666,-9.88442199649466,0.17290944143294,2.66674716205709,1.44687304956576,0.189399136343744
-51.3230860350451,-27.908935771531,-9.312290994555,0.529943487487932,2.80951837730331,1.46604924234391,0.182771546207905
-50.6729269945004,-27.217203334327,-8.73905579632803,0.883469569539001,2.94795341891404,1.48287358779841,0.175654204623296
-50.0085891129258,-26.5181777022754,-8.16511942476064,1.23322535980213,3.08198317955196,1.4973722838977,0.16806509786072
-49.3304589800373,-25.8122846602767,-7.59087192414252,1.57896340692294,3.21154952357723,1.50957464718526,0.160022817043035
-48.6389172764635,-25.0999395825726,-7.01669046753138,1.92045080565401,3.33660460648175,1.51951262802304,0.151546476755523
-47.9343387439704,-24.3815475551048,-6.44293951097838,2.25746881315729,3.45711017379699,1.52722034630393,0.142655636119505
-47.2170921014265,-23.6575034958552,-5.86997098217343,2.58981241587293,3.57303684369933,1.5327336500963,0.133370222667788
-46.4875401437836,-22.9281923902266,-5.29812452946884,2.91728986675475,3.68436339959384,1.53608970885554,0.123710460198624
-45.7460397275783,-22.1939894872953,-4.72772778586254,3.23972218704027,3.79107607963505,1.53732663512816,0.113696800140104
-44.9929419178608,-21.4552605902311,-4.15909667525777,3.55694265644937,3.8931678920569,1.53648314649108,0.103349857554913
-44.2285920697725,-20.712362324609,-3.5925357283683,3.86879628601878,3.99063794556999,1.5335982623552,0.092690351456647
-43.4533300173514,-19.9656424640185,-3.02833841963356,4.17513929361368,4.08349081546476,1.52871104292661,0.0817390500911696
-42.6674902410578,-19.2154402471603,-2.4667875066261,4.47583857951228,4.17173593986183,1.52186036680309,0.0705167210276888
-41.8714020035543,-18.4620866800857,-1.90815536865885,4.7707712051806,4.25538704860576,1.51308474697958,0.0590440861948628
-41.0653895962685,-17.7059048841979,-1.35270434774466,5.05982389582136,4.33446164231457,1.50242219009098,0.047341782140737
-40.2497725263987,-16.9472104102258,-0.800687077740077,5.34289255349418,4.40898050752316,1.48991009202725,0.0354303252162984
-39.4248657476897,-16.1863115617784,-0.252346803656444,5.61988179573779,4.47896727993245,1.47558517243215,0.0233300817964042
-38.5909798208574,-15.4235096787502,0.292082313410875,5.89070450705839,4.54444804406367,1.45948344225661,0.0110612433546972
-37.7484212286703,-14.6590994707939,0.832374907104399,6.1552814379838,4.6054509953832,1.4416402109256,-0.00135619360629782
-36.8974924916282,-13.8933692571456,1.3683141324885,6.4135407999425,4.66200612318805,1.42209011755347,-0.0139024430673106
-36.0384924324455,-13.1266012514865,1.89969141176499,6.66541790967921,4.71414495438023,1.4008671970504,-0.0265579404920419
-35.1717163407952,-12.3590717946223,2.42630619431913,6.91085484315269,4.76190032657538,1.37800496905522,-0.0393033495218049
-34.2974562506985,-11.5910516135276,2.94796574064917,7.14980013685962,4.80530621627495,1.35353655527779,-0.0521195646831051
-33.4160010549856,-10.8228060097154,3.46448491128311,7.38220848217369,4.8443975829681,1.3274948116683,-0.064987710047644
-32.5276367384034,-10.0545950766397,3.97568597905183,7.60804046697245,4.8792102651709,1.29991248369024,-0.0778891343641536
-31.6326465641038,-9.28667388932115,4.48139845161277,7.82726233038726,4.909780903473,1.2708223753113,-0.0908054027187638
-30.7313112481407,-8.5192926804054,4.98145890399653,8.03984573519052,4.93614689252268,1.24025753019695,-0.103718284976365
-29.8239091380205,-7.75269700898789,5.47571082140001,8.24576755986773,4.95834636178318,1.20825142287048,-0.116609741295665
-28.9107164022292,-6.98712792475201,5.96400445257913,8.44500971112465,4.97641818380941,1.17483815723879,-0.129461905038083
-27.9920071609889,-6.22282211205799,6.44619665763714,8.637558934651,4.99040199536501,1.14005266675491,-0.142257063047853
-27.0680537069052,-5.46001205135336,6.92215077919187,8.82340666589005,5.00033825436064,1.10393091940392,-0.154977634269989
-26.1391266483572,-4.69892615946216,7.39173650008203,9.00254886971517,5.0062683008832,1.06651011776754,-0.167606146287649
-25.2054950875415,-3.9397889361402,7.85482971042649,9.17498590095704,5.00823443925133,1.02782889585914,-0.180125210659103
-24.2674267924744,-3.18282110865336,8.31131237376425,9.34072237190812,5.00628003117037,0.987927508126048,-0.192517497256176
-23.3251883762167,-2.4282397775409,8.76107239515329,9.49976703003989,5.00044959979968,0.946848008215167,-0.204765708120463
-22.3790454486479,-1.67625856081793,9.2040034771821,9.65213263028447,4.99078893440723,0.904634413118056,-0.216852550993153
-21.4292628280591,-0.927087745500499,9.64000499692773,9.79783583669483,4.97734521164763,0.861332853265259,-0.228760713801385
-20.476104691946,-0.180934436073975,10.0689818557514,9.93689710135536,4.96016710393207,0.816991700625963,-0.240472839529887
-19.5198347639339,0.561997291798082,10.4908443404009,10.0693405603013,4.93930489317626,0.771661675786939,-0.251971502944872
-18.5607165012071,1.30150623630278,10.905507982032,10.1951939305641,4.91481057900076,0.725395929546572,-0.263239189467519
-17.5990132864092,2.03739391411105,11.3128934157608,10.3144884092332,4.88673797910931,0.678250096245221,-0.274258276884839
-16.6349885916082,2.76946440100764,11.7129262195226,10.4272585536484,4.85514280922906,0.630282314749916,-0.28501102002333
-15.6689061697052,3.49752417413259,12.1055367662109,10.5335421723897,4.82008275405709,0.581553216604086,-0.295479539845838
-14.7010302264737,4.22138195128751,12.4906600591861,10.6333801978311,4.78161751255549,0.532125877043902,-0.305645816895028
-13.7316256095777,4.94084853574792,12.8682355786804,10.7268165623833,4.73980882504339,0.482065728091263,-0.315491690373529
-12.7609579800683,5.65573666015941,13.2382071128479,10.8138980534329,4.69472046797405,0.431440430613073,-0.324998862816642
-11.7892939717286,6.36586082874923,13.600522574062,10.8946741462249,4.64641821390882,0.380319704282435,-0.33414891090818
-10.8169013452133,7.07103716009085,13.9551338054022,10.9691968171052,4.5949697556863,0.328775114959179,-0.342923303032501
-9.84404915975549,7.77108324973642,14.3019964107146,11.037520360976,4.5404446027065,0.276879820030384,-0.351303424771175
-8.87100789655517,8.46581801129696,14.6410695238337,11.0997011447597,4.48291391926263,0.224708270303695,-0.359270610558831
-7.8980495923177,9.15506153289002,14.9723155896837,11.1557973530401,4.42245032780969,0.172335871867004,-0.366806183425862
-6.92544796341316,9.838634942436,15.2957001383311,11.2058687090414,4.35912766953708,0.119838609631046,-0.37389150237745
-5.95347850218932,10.5163602573575,15.6111915123242,11.2499761411078,4.29302071109399,0.0672926356419082,-0.380508016286881
-4.98241857177612,11.1880602515098,15.9187605992881,11.2881814331132,4.22420481400879,0.0147738272203903,-0.386637325242176
-4.01254748302379,11.8535583217591,16.2183805398646,11.320546836773,4.15275556021689,-0.0376426799796555,-0.39226124810548
-3.04414655444512,12.5126783525393,16.5100264092951,11.3471346459436,4.07874833702374,-0.0898829774026444,-0.397361895543326
-2.0774991545262,13.165244565577,16.7936748572555,11.3680067244508,4.00225788281264,-0.141874879846366,-0.401921747273168
-1.11289073658953,13.8110814086735,17.0693037762538,11.3832240377739,3.92335781650375,-0.193548424727248,-0.405923734145334
-0.150608850331732,14.450013387422,17.3368918766264,11.3928461089839,3.84212012863306,-0.244836364424571,-0.409351320917227
0.809056855455247,15.0818649447032,17.5964183025766,11.3969304935638,3.75861467414501,-0.295674643334198,-0.412188591555963
1.76581464765696,15.7064603243828,17.8478622107937,11.3955322246018,3.67290865735064,-0.346002849190286,-0.414420333719284
2.71937073487959,16.3236234152694,18.091202312731,11.3887032352821,3.58506612009981,-0.395764628498013,-0.416032120904471
3.66942930574174,16.9331776059221,18.3264164195688,11.3764917897116,3.49514745202227,-0.444908057073663,-0.417010391597883
4.61569258133857,17.5349456489405,18.5534809905262,11.3589419281091,3.4032089332594,-0.49338595674343,-0.417342523861882
5.55786087572012,18.1287495115702,18.7723706636409,11.3360929198833,3.3093023165104,-0.541156149353016,-0.417016903381691
6.49563266310091,18.714410222231,18.9830577850217,11.3079787415659,3.21347446231653,-0.588181641081518,-0.416022983960675
7.42870466043428,19.2917477421469,19.1855119709093,11.2746276067073,3.11576704337471,-0.6344307321433,-0.414351339993596
8.35677191567552,19.8605808334766,19.3796996773231,11.2360615386906,3.01621632226208,-0.679877046778226,-0.411993709325166
9.27952790392193,20.4207269368682,19.565583795489,11.1922960034031,2.91485301358284,-0.724499481309576,-0.408943026111571
10.1966646252488,20.9720020493719,19.7431232691147,11.1433396050716,2.81170223644156,-0.768282069143096,-0.405193443092533
11.1078727242592,21.5142206485168,19.9122727812125,11.0891938770738,2.70678356893958,-0.811213765404247,-0.400740344035118
12.012841599758,22.0471955994125,20.0729824544601,11.0298531397825,2.60011119946613,-0.853288151801655,-0.395580345254723
12.9112595385573,22.5707381164392,20.2251976354883,10.9653044679388,2.49169418574961,-0.89450306891983,-0.389711288015849
13.8028138445309,23.0846577264774,20.3688587167957,10.895527743645,2.38153681445481,-0.934860180100808,-0.383132221521467
14.6871909973084,23.5887622964314,20.5039010548719,10.820495827678,2.26963906586817,-0.974364476896005,-0.375843378533624
15.5640767937126,24.0828580477761,20.6302549176393,10.7401748130106,2.15599717113956,-1.01302373163223,-0.367846143490383
16.4331565410901,24.5667496712079,20.747845560647,10.6545244119123,2.04060426698098,-1.05084791124154,-0.359143016287703
17.2941152245337,25.0402404189798,20.8565933263676,10.5634984188657,1.92345112851059,-1.08784855737917,-0.349737571272653
18.1466377228096,25.5031322902617,20.956413864712,10.4670452970907,1.80452698133786,-1.12403814807907,-0.339634414782
18.9904090112912,25.9552262179089,21.0472183964889,10.3651088444879,1.68382037498183,-1.15942944747244,-0.328839141501777
19.8251143978595,26.396322323345,21.1289140739977,10.2576289617707,1.56132011164965,-1.19403485667753,-0.317358292221771
20.6504398200068,26.8262202725703,21.2014044614713,10.1445425274085,1.4370162194462,-1.22786577726423,-0.305199314851753
21.4660720764285,27.2447195650035,21.2645899986525,10.0257843071573,1.31090094780629,-1.26093198889115,-0.292370528179202
22.2716991241537,27.651619929426,21.3183685846218,9.90128795848693,1.18296978307504,-1.29324105746818,-0.2788810919041
23.0670104495228,28.0467218285422,21.3626362765385,9.77098711842788,1.05322246946998,-1.32479778182757,-0.264740983954818
23.8516973794887,28.4298269045485,21.3972879704313,9.63481650552765,0.921664015128613,-1.35560367798574,-0.24996098440654
24.6254534242328,28.800738479846,21.4222181496897,9.49271306875204,0.788305676134396,-1.38565651233965,-0.234552668139852
25.3879746870945,29.1592621500097,21.4373217234217,9.34461718405854,0.653165905959333,-1.41494989098922,-0.218528407084909
26.138960266781,29.5052063763705,21.4424948802103,9.19047385625843,0.51627125439932,-1.44347290544828,-0.201901381608373
26.8781126831805,29.8383831126425,21.4376359785131,9.03023392680876,0.377657204695949,-1.47120984045624,-0.184685601551875
27.6051382729506,30.1586084027133,21.4226464234823,8.86385525690898,0.237368935758441,-1.49813994441288,-0.166895936498981
28.3197476910988,30.4657030963014,21.3974316297623,8.69130391775321,0.0954619990734632,-1.52423727297441,-0.148548155912411
29.0216562929113,30.7594934313223,21.361901885679,8.51255530099057,-0.0479971038727777,-1.54947059645653,-0.129658977214712
29.7105846307452,31.0398117341542,21.3159732909058,8.32759521001478,-0.192930453175248,-1.57380338650617,-0.11024612258349
30.3862589111558,31.3064970654549,21.2595686393145,8.13642086852049,-0.339248363414703,-1.59719387647151,-0.0903283826684374
31.0484113974338,31.5593957949024,21.1926182310252,7.93904183055916,-0.486849167105081,-1.61959519760119,-0.0699256863807156
31.6967808532907,31.7983621996803,21.1150606719117,7.73548080388781,-0.63561913920176,-1.64095559905736,-0.0490591759995074
32.3311129995089,32.023259050585,21.0268436280134,7.52577436245462,-0.785432572177278,-1.66121875324377,-0.027751286155258
32.9511608029644,32.2339580028834,20.9279244084946,7.30997349257354,-0.936152004986936,-1.68032414030405,-0.00602582528334673
33.5566849265974,32.4303401144537,20.8182705835498,7.08814403780349,-1.08762861970295,-1.69820753180681,0.0160919413103424
34.1474539997275,32.6122961507226,20.6978604082402,6.86036695199751,-1.23970280250535,-1.71480155914467,0.0385752084069369
34.7232448805968,32.7797268444377,20.5666831582722,6.62673839186384,-1.39220487560505,-1.73003637817209,0.0613955488187621
35.2838429312866,32.9325431251258,20.4247393817653,6.38736964360621,-1.54495600238266,-1.74384043318553,0.0845228336494596
35.8290422135576,33.0706662298272,20.2720410081196,6.14238686045638,-1.69776926077561,-1.75614131702406,0.107925155865638
36.3586455495597,33.1940276461099,20.1086112843358,5.89193060229133,-1.85045087684615,-1.76686672490048,0.131568757800844
36.8724647278387,33.30256914695,19.9344846977845,5.63615522661283,-2.00280162456745,-1.77594551448193,0.15541796428322
37.3703204485582,33.3962425482315,19.7497066627679,5.37522806883443,-2.15461836145566,-1.78330884936762,0.17943512084869
37.8520424049528,33.4750095559851,19.5543331975097,5.10932848603954,-2.30569570611122,-1.78889143991869,0.203580539017595
38.3174692122155,33.5388414490241,19.3484304455273,4.83864673351849,-2.45582782494116,-1.7926328594602,0.227812448101314
38.7664483842438,33.58771878529,19.1320741619493,4.56338272197559,-2.60481031830014,-1.79447893420277,0.252086954976454
39.1988362893777,33.6216310802324,18.9053491446821,4.28374466743973,-2.75244217782344,-1.79438318864929,0.276358012206225
39.6144980308814,33.6405764240441,18.6683486059922,3.99994765588968,-2.89852778252705,-1.79230832504686,0.300577394836444
40.013307460971,33.6445612306712,18.4211736084404,3.7122121763484,-3.04287891642135,-1.78822772292977,0.324694688334035
40.3951471518214,33.6335999815265,18.1639325046463,3.42076263663639,-3.18531676024887,-1.78212692221217,0.348657287921171
40.7599084504191,33.6077150877494,17.8967404683841,3.12582591226576,-3.32567382770014,-1.774005062105,0.372410412090461
41.1074915756038,33.5669368517218,17.6197191256751,2.8276299637943,-3.46379580118449,-1.76387623528187,0.39589713246907
41.4378058358222,33.5113036082693,17.3329963487138,2.52640256971633,-3.59954322879786,-1.75177071696473,0.419058423889185
41.7507699683721,33.4408620594644,17.0367062386056,2.22237021513291,-3.73279303590978,-1.73773602041011,0.441833238665156
42.0463125433856,33.3556677701151,16.7309892987658,1.9157571739386,-3.86343979754916,-1.72183772401297,0.464158609148846
42.3243725811623,33.2557859529328,16.4159928814687,1.6067848316019,-3.99139673526469,-1.70416002102185,0.485969785479446
42.5849002042467,33.1412924073185,16.0918718525198,1.29567127535829,-4.11659637325809,-1.68480592803328,0.507200412594315
42.8278575719877,33.0122748084259,15.7587895812417,0.982631192386685,-4.23899083007507,-1.66389710681121,0.527782755627536
43.0532198043862,32.8688341128742,15.4169191455205,0.667876089055705,-4.35855167540412,-1.64157323569906,0.547647976780005
43.2609761450937,32.7110862651253,15.0664448394927,0.351614853702658,-4.47526934015292,-1.61799089543883,0.566726472685805
43.4511311798817,32.5391640444075,14.7075638971885,0.0340546612022523,-4.58915203567667,-1.59332192738719,0.584948275397502
43.623706068366,32.3532189969067,14.3404883902016,-0.284597788670224,-4.70022416369469,-1.56775124239967,0.602243520212853
43.7787399044754,32.1534235066017,13.9654472958683,-0.60413472368765,-4.80852423166459,-1.54147408264904,0.618542983761102
43.9162909757652,31.9399727924372,13.5826886032077,-0.924345483503745,-4.91410227096628,-1.51469274807594,0.633778688503439
44.0364379314538,31.713086794142,13.1924813951781,-1.24501449210836,-5.01701680184333,-1.48761283352266,0.647884569673239
44.139280845067,31.4730118839854,12.7951178244857,-1.56591909371885,-5.11733141066918,-1.46043904888709,0.660797196791768
44.2249420350835,31.2200222504384,12.3909148553424,-1.88682733981479,-5.21511101528794,-1.4333707184792,0.672456536149002
44.2935666104756,30.9544208754126,11.9802156723097,-2.20749582942364,-5.31041792859637,-1.40659708620924,0.682806738100813
44.3453226568918,30.6765399933292,11.5633906430128,-2.52766771183231,-5.40330784470508,-1.38029257489477,0.691796928573937
44.3804010434912,30.3867409723444,11.1408377455524,-2.84707096694481,-5.4938258947473,-1.35461216778174,0.699381982042887
44.3990148181915,30.0854135589112,10.7129823786931,-3.16541707567095,-5.58200292653037,-1.3296870898087,0.705523250928192
44.4013981244209,29.7729744172193,10.2802764823575,-3.48240017972055,-5.6678521577712,-1.30562096550387,0.710189224882317
44.3878046926605,29.4498649934376,9.84319694841234,-3.79769682055169,-5.7513663581845,-1.28248662380046,0.713356095845505
44.3585058426323,29.116548673321,9.40224330008918,-4.11096631451464,-5.83251568180809,-1.26032369536562,0.71500820496823
44.3137881986576,28.7735073974263,8.95793470655536,-4.42185181416767,-5.91124627734292,-1.23913712448325,0.71513835533721
44.2539510316103,28.4212377228557,8.51080636225941,-4.72998204912183,-5.98747973149232,-1.21889666936282,0.713747974691785
44.1793033424326,28.0602464706433,8.06140533389988,-5.03497372140619,-6.06111338525711,-1.19953742521213,0.710847121390133
44.0901608004033,27.6910461069436,7.61028599808342,-5.33643449873249,-6.13202152015039,-1.1809613562194,0.706454333285449
43.9868426701265,27.3141500254071,7.15800521169908,-5.63396652337338,-6.20005737211972,-1.1630397760548,0.700596325975182
43.869668726641,26.9300678162092,6.70511734412289,-5.92717031430308,-6.26505587369508,-1.14561667031182,0.693307550776485
43.7389563587769,26.5393007308762,6.252169337905,-6.21564894799969,-6.32683702081561,-1.12851272448027,0.68462963119486
43.5950178142022,26.1423373919468,5.79969591999839,-6.49901236334381,-6.38520970256631,-1.1115298888617,0.674610696737715
43.4381578126505,25.7396499532127,5.34821511615556,-6.77688167285966,-6.43997585739373,-1.09445630411061,0.663304639857565
43.2686714348866,25.3316907085481,4.89822415821242,-7.04889332540799,-6.49093476967492,-1.07707139898258,0.650770317954822
43.0868424199692,24.9188892688797,4.45019588634663,-7.31470301118883,-6.53788735874862,-1.05915098412349,0.637070725692416
42.8929417826261,24.5016502807004,4.00457569937975,-7.57398918426637,-6.58064029360726,-1.04047217543226,0.622272158108906
42.6872269192681,24.0803517944329,3.56177911208804,-7.82645614235337,-6.61900982539672,-1.02081800894332,0.606443386553627
42.4699409432285,23.6553441317549,3.12218991508218,-8.07183655322187,-6.6528251892699,-0.999981625353526,0.589654860250262
42.2413124840645,23.2269493731451,2.68615896112933,-8.30989342730864,-6.68193152998915,-0.977769943248983,0.571977950327048
42.0015557056532,22.7954613059287,2.25400354321443,-8.54042147220579,-6.70619225932968,-0.954006757727384,0.553484242983745
41.7508706968495,22.3611458905529,1.82600734768912,-8.7632478599788,-6.72549084246254,-0.928535238271969,0.534244891078895
41.4894440010834,21.9242420854828,1.40242093041633,-8.97823238063086,-6.73973197402377,-0.901219815726319,0.514330025458939
41.2174493517788,21.4849630346828,0.983462676018998,-9.1852670293506,-6.74884217394988,-0.871947476576776,0.493808229305346
40.9350486587908,21.0434976050192,0.569320188053717,-9.38427508741448,-6.75276984888831,-0.840628499289318,0.472746076541996
40.6423930011752,20.6000121105747,0.16015204814451,-9.57520970174102,-6.75148483211981,-0.807196674475271,0.451207730643429
40.3396237812676,20.1546522712011,-0.243910108922889,-9.75805206400679,-6.74497749137629,-0.771609068387305,0.429254604306979
40.026873914702,19.7075453072423,-0.642759265593003,-9.93280923356851,-6.73325745561487,-0.733845388780647,0.406945076551175
39.7042690989039,19.2588021596482,-1.03631049725657,-10.0995116905832,-6.71635204392564,-0.693907017925871,0.384334265543036
39.3719290612731,18.8085197553599,-1.42449831188932,-10.258210672857,-6.69430445748028,-0.651815774525016,0.361473853885147
39.0299687964101,18.356783293567,-1.80727391120158,-10.4089753752827,-6.6671718123295,-0.607612465992011,0.338411964342393
38.6784998303631,17.9036685416321,-2.18460243254014,-10.5518900973416,-6.63502309251225,-0.561355288770235,0.315193084183852
38.3176314150036,17.4492440668631,-2.55646022270886,-10.6870513845836,-6.59793707460919,-0.51311812694623,0.291858035113851
37.9474716657544,16.9935733851359,-2.92283219454339,-10.8145652326951,-6.5560002868118,-0.46298879542011,0.268443986828774
37.5681286651427,16.5367170121709,-3.2837093150982,-10.9345444194732,-6.50930505933213,-0.411067267484764,0.244984512111095
37.1797114367809,16.0787343530543,-3.63908625951667,-11.0471059880501,-6.45794769380227,-0.357463918805366,0.22150968038271
36.7823308792296,15.6196854511449,-3.98895927266849,-11.1523689484488,-6.4020268021198,-0.302297815791289,0.198046187773209
36.3761005683504,15.1596325407129,-4.3333242583518,-11.2504522024445,-6.34164182442103,-0.245695068257345,0.174617520262616
35.9611374620034,14.6986414068332,-4.67217511866762,-11.3414727229789,-6.27689174843317,-0.187787262232558,0.151244147088095
35.537562493271,14.2367825391411,-5.0055023538913,-11.4255439954493,-6.20787403537563,-0.128709983261753,0.127943741043626
35.1055010501618,13.7741320755287,-5.33329192599937,-11.5027747220042,-6.13468375152087,-0.068601436321252,0.104731422184772
34.6650833424881,13.3107725372798,-5.65552438142813,-11.5732677819601,-6.05741289776333,-0.0076011647530049,0.0816200213125374
34.2164446593582,12.8467933623621,-5.97217422169253,-11.6371194344703,-5.97614992379662,0.0541511324876602,0.0586203595256879
33.7597255233109,12.3822912483584,-6.28320950444608,-11.6944187438545,-5.89097940884941,0.116516688499035,0.0357415401046099
33.2950717286986,11.9173703132234,-6.58859164850461,-11.7452471962829,-5.80198188379204,0.179358666110885,0.0129912490143738
32.8226343497304,11.4521421199788,-6.88827543124488,-11.7896785071875,-5.70923378378186,0.242543072578823,-0.00962393952552786
32.342569613337,10.9867255445057,-7.18220912738113,-11.8277785499121,-5.61280748574309,0.305939598539374,-0.032098255989931
31.8550387494752,10.5212465451555,-7.47033477911029,-11.8596054119591,-5.51277142261961,0.369422390008517,-0.0544264302227061
31.3602077864103,10.0558378409047,-7.75258855943371,-11.8852095348302,-5.40919024143771,0.43287076188105,-0.0766033909683768
30.8582473163166,9.59063852490527,-8.02890120344575,-11.9046339159824,-5.30212498383461,0.496169861637431,-0.0986239731133992
30.3493322165107,9.12579362626432,-8.29919847501935,-11.917914339282,-5.19163326307209,0.559211291105211,-0.120482635147362
29.8336413961292,8.66145365724522,-8.5634016619752,-11.9250796369707,-5.07776942908335,0.621893694902831,-0.142173189359949
29.3113575307868,8.19777414690769,-8.82142806981128,-11.9261519495511,-4.96058469803205,0.68412332183183,-0.163688546771458
28.7826667829711,7.73491517184855,-9.07319149626333,-11.9211469677366,-4.8401272330706,0.745814564621415,-0.185020478532027
28.2477585626588,7.2730409069101,-9.31860269213053,-11.9100741694425,-4.71644217683067,0.806890483620304,-0.206159395664222
27.7068253047581,6.81231919291869,-9.55756979680237,-11.8929370389181,-4.58957162727902,0.867283316959345,-0.227094148493077
27.1600622541051,6.35292112032751,-9.78999874515169,-11.8697332654841,-4.4595545556779,0.926934978033384,-0.247811846921584
26.6076672612843,5.89502062796347,-10.0157936514529,-11.8404549295526,-4.3264266720899,0.985797539502765,-0.268297702640365
26.0498406101122,5.4387941164401,-10.2348571881205,-11.8050886964726,-4.19022025108484,1.04383370166508,-0.28853489448206
25.486784856769,4.98442006320982,-10.4470909670151,-11.7636160252345,-4.05096392769602,1.10101723943812,-0.308504457735165
24.9187046443445,4.53207862210509,-10.6523959262925,-11.7160133943275,-3.90868247519867,1.1573334187027,-0.328185197880825
24.3458065280594,4.08195120292453,-10.850672757219,-11.6622525826435,-3.76339659127837,1.21277937314931,-0.347553629998122
23.7682988000704,3.63422001464946,-11.0418223902889,-11.602301024845,-3.61512271436088,1.26736442863487,-0.366583944688506
23.1863912661256,3.18906755035029,-11.225746542882,-11.5361222433434,-3.46387288867554,1.32111035744968,-0.385248000762754
22.6002949752809,2.74667600151826,-11.4023483505007,-11.4636763817724,-3.30965470606083,1.37405154469104,-0.403515345499995
22.0102219514178,2.30722659461764,-11.5715331280596,-11.3849208887633,-3.15247135983801,1.42623505024623,-0.421353264259578
21.4163848174118,1.87089882469888,-11.7332092256457,-11.2998113184532,-2.99232182233018,1.47772053892147,-0.438726858460374
20.8189964002375,1.43786958775118,-11.8872890383835,-11.2083023108086,-2.82920118545177,1.5285800622615,-0.455599154252602
20.2182692271115,1.00831219778197,-12.0336901311556,-11.1103487176491,-2.66310117529475,1.57889766411654,-0.471931240764339
19.6144149940313,0.582395293749312,-12.1723365261624,-11.0059069246917,-2.49401087200143,1.62876879467867,-0.487682439980021
19.0076439262656,0.160281635162867,-12.3031601008788,-10.894936325116,-2.32191763883158,1.67829950785476,-0.502810506517713
18.39816408685,-0.257873200837289,-12.4261021144655,-10.7774009660648,-2.14680827668866,1.72760543027204,-0.517271858085816
17.7861806371268,-0.67192220670146,-12.5411148425593,-10.6532713525357,-1.96867040544813,1.77681049114311,-0.531021835816021
17.1718950215562,-1.08172839310247,-12.64816326652,-10.5225263635608,-1.78749406183596,1.82604540451413,-0.544014991931088
16.5555041246604,-1.48716627062828,-12.747226804272,-10.3851552700119,-1.60327350369052,1.87544590941717,-0.556205403464887
15.9371994077106,-1.88812333049399,-12.8383010343796,-10.2411598105243,-1.41600919603924,1.92515077791095,-0.567547008837635
15.3171660418742,-2.28450148473793,-12.9213993626701,-10.0905562785832,-1.2257099463508,1.97529961057014,-0.57799396338076
14.6955820789311,-2.6762184259879,-12.9965545952259,-9.93337758286586,-1.03239514951382,2.02603045142723,-0.58750100991488
14.072617654678,-3.06320885811082,-13.0638203397975,-9.76967520789433,-0.836097091335005,2.07747725793265,-0.596023857980304
13.4484342680734,-3.44542555485139,-13.1232721966807,-9.59952103119054,-0.636863257345639,2.12976727629191,-0.603519566351573
12.8231841748731,-3.82284020804224,-13.1750087035829,-9.42300895285944,-0.434758587885368,2.18301838077062,-0.609946923097141
12.1970098916055,-4.19544402068232,-13.2191519644715,-9.2402562673813,-0.229867616063158,2.23733643525131,-0.61526681540158
11.5700438477331,-4.56324801700777,-13.2558479433231,-9.0514047451648,-0.0222964282008857,2.29281274602754,-0.619442583354652
10.942408212532,-4.92628305157527,-13.2852664113057,-8.85662139626901,0.187825612256541,2.3495216759234,-0.622440352226649
10.3142148767101,-5.2845994920575,-13.307600499625,-8.65609886627071,0.400344430661864,2.40751847967879,-0.624229336223463
9.68556563505926,-5.63826659212758,-13.3230659092991,-8.45005548424357,0.615080142360718,2.46683743062938,-0.624782111731429
9.05655253780706,-5.98737155128751,-13.3318997568147,-8.23873493754739,0.831826324275181,2.52749028602466,-0.62407485543891
8.42725842027312,-6.33201829267411,-13.3343591082674,-8.0224056012718,1.05034968118815,2.58946513858024,-0.622087547062688
7.79775759740454,-6.672325994529,-13.3307192482728,-7.80135954950404,1.27039011923988,2.65272568636601,-0.618804137264137
7.16811669100329,-7.00842740822475,-13.3212717167908,-7.57591127292733,1.49166122445898,2.71721093459426,-0.614212681983124
6.53839558198275,-7.34046702568493,-13.306322201897,-7.34639616432544,1.71385113621375,2.78283533748288,-0.608305448249753
5.90864845747494,-7.66859915153625,-13.2861883531734,-7.1131688219544,1.93662379395871,2.84948936889272,-0.601078996681509
5.27892491059022,-7.99298592060729,-13.2611975543052,-6.87660120973486,2.15962052263628,2.91704049094451,-0.592534245770279
4.64927108087475,-8.31379533672264,-13.2316847557126,-6.63708074841232,2.38246192425558,2.98533449135703,-0.582676526715062
4.01973079557463,-8.63119936946411,-13.1979903992373,-6.39500837389104,2.60475003104976,3.0541971372126,-0.571515634947095
3.39034669268831,-8.94537216572824,-13.1604585026741,-6.15079661631653,2.82607068059046,3.12343609491594,-0.559065886199091
2.76116129299524,-9.25648838776009,-13.1194349042024,-5.90486771742786,3.04599606268118,3.19284304819093,-0.545346181722752
2.13221801763031,-9.56472174137242,-13.0752657462857,-5.65765183781384,3.26408740841152,3.26219596493527,-0.530380089916418
1.50356212422747,-9.87024367267827,-13.0282961548466,-5.40958534312426,3.47989777168446,3.33126143784558,-0.514195945204579
0.875241560596618,-10.1732222613931,-12.9788691442935,-5.1611091891359,3.69297487543726,3.3997970462848,-0.496826966665725
0.247307729432984,-10.4738212983518,-12.927324722967,-4.9126673959118,3.90286398865002,3.46755368014713,-0.47831139474795
-0.380183835333698,-10.7721995320081,-12.8739991726289,-4.66470559842415,4.10911080463912,3.53427777342791,-0.458692642407784
-1.00717287691395,-11.0685100755935,-12.8192244846648,-4.41766966181047,4.31126429850392,3.59971340565288,-0.438019455213022
-1.63359390288694,-11.3628999400547,-12.7633279041938,-4.17200433636551,4.50887953497712,3.66360422881026,-0.41634607170108
-2.25937574420219,-11.6555096768985,-12.7066315576725,-3.92815193673807,4.70152040655246,3.72569519142715,-0.393732374260017
-2.88444117569764,-11.9464730926502,-12.6494521153875,-3.68655102294253,4.88876227348488,3.78573403164047,-0.370244018346859
-3.50870659245198,-12.2359170264674,-12.5921004752885,-3.44763507455319,5.0701944885876,3.84347252756637,-0.345952527782562
-4.13208173367977,-12.5239611625584,-12.534881433987,-3.21183114522272,5.2454227816087,3.8986674936468,-0.320935342435786
-4.75446944433059,-12.8107178513145,-12.4780933165537,-2.97955849000634,5.41407147875484,3.9510815190499,-0.295275804739654
-5.37576547219852,-13.0962919379082,-12.4220275637216,-2.7512271671419,5.57578554491918,4.00048345873148,-0.26906307271017
-5.99585829385879,-13.3807805816185,-12.3669682602542,-2.52723661226038,5.73023243369208,4.04664869021903,-0.242391947810611
-6.61462895694041,-13.6642730413187,-12.3131915828799,-2.30797418164439,5.87710373289471,4.08935915473186,-0.215362607725201
-7.23195093945931,-13.9468504351637,-12.26096517668,-2.09381366464991,6.01611661586426,4.1284032194958,-0.188080237026676
-7.84769002001008,-14.2285854635003,-12.210547448646,-1.88511375509911,6.1470151114667,4.16357540106297,-0.160654550851408
-8.46170412754552,-14.5095420406866,-12.1621867284329,-1.68221645923527,6.26957119861317,4.1946759855365,-0.133199209198383
-9.07384318380931,-14.7897748646071,-12.1161203160367,-1.48544542222586,6.38358577802334,4.22151061392813,-0.105831123696602
-9.68394890207008,-15.0693288595493,-12.0725733521554,-1.29510413467864,6.48888954325337,4.24388988023933,-0.0786696605756544
-10.2918545370383,-15.348238482887,-12.0317574914634,-1.11147398330256,6.58534380174813,4.26162900970147,-0.0518357473537274
-10.897384554659,-15.6265268411326,-11.9938693205509,-0.934812104230182,6.67284127708963,4.27454767246357,-0.0254508933313363
-11.5003542248359,-15.9042046119251,-11.9590885032363,-0.765349006457802,6.7513069381421,4.28246999846197,0.0003638629694786
-12.1005691004668,-16.1812687093787,-11.9275755928374,-0.603285940141849,6.82069886048428,4.28522483425596,0.0254890639270041
-12.6978244040843,-16.4577007141905,-11.8994695217372,-0.448792008493803,6.88100913867965,4.28264629152381,0.0498079824178454
-13.2919042983358,-16.7334650303962,-11.8748847432748,-0.302001044761381,6.93226481362699,4.27457460201935,0.0732077907208575
-13.8825810760264,-17.0085068166329,-11.8539080777139,-0.16300831098038,6.97452878210861,4.26085729333848,0.0955807266469923
-14.4696142737805,-17.2827497062169,-11.8365953049508,-0.0318671090246579,7.00790060682993,4.24135066489534,0.116825233168219
-15.0527497785378,-17.5560934212882,-11.8229676275403,0.091414568855905,7.03251715022657,4.21592153901602,0.136847047011521
-15.6317189380152,-17.8284113262309,-11.8130081023443,0.206877191627641,7.04855290412327,4.18444922045998,0.155560210786687
-16.2062377687307,-18.0995480750793,-11.806658228606,0.314612460187572,7.05621991485881,4.14682760097548,0.172887984031648
-16.7760063147955,-18.369317467558,-11.8038148624588,0.414765501355875,7.05576718221949,4.10296731706689,0.188763629523481
-17.340708203973,-18.6375006294161,-11.8043276341624,0.507536289168212,7.04747942091648,4.05279785869116,0.203131053327711
-17.900010507883,-18.9038447010266,-11.8079970856248,0.593180114984417,7.03167512339767,3.9962695389575,0.215945281175135
-18.4535639248782,-19.1680621187557,-11.8145736715409,0.672006956857834,7.00870386102087,3.93335521854575,0.227172757399669
-19.0010033504662,-19.4298306173327,-11.8237577782909,0.744379644333348,6.97894282479434,3.86405170311888,0.23679145868617
-19.5419488648643,-19.6887940310115,-11.8352008588218,0.810710768770228,6.94279264107651,3.78838074306948,0.24479082075252
-20.0760071263124,-19.9445639139309,-11.8485077184417,0.871458348466855,6.90067253229935,3.70638958144122,0.251171482174238
-20.6027732020314,-20.1967220249489,-11.8632399703221,0.927120321656639,6.8530149536957,3.6181510317699,0.255944856619146
-21.1218327593412,-20.4448235926188,-11.8789205710328,0.978227993646845,6.80025983600029,3.52376307477726,0.259132549438805
-21.6327646180727,-20.6884013350631,-11.895039353394,1.02533861735904,6.74284861881528,3.42334800447826,0.260765640634392
-22.1351435748005,-20.9269701027414,-11.9110593873733,1.06902731987108,6.68121824319655,3.31705116121654,0.260883858999148
-22.6285434594849,-21.1600320466413,-11.9264240025173,1.10987861337111,6.61579529046206,3.20503931627045,0.259534675296958
-23.1125403307358,-21.3870821520969,-11.9405642592043,1.14847773491295,6.54699042681545,3.08749877656089,0.256772342634121
-23.5867157211148,-21.6076139788553,-11.9529066537487,1.18540205419075,6.47519329583166,2.96463328645559,0.252656911773083
-24.0506599300581,-21.82112552578,-11.9628808891319,1.2212127753259,6.40076799670412,2.83666181553812,0.24725324829168
-24.5039751953184,-22.027124988095,-11.9699274691933,1.25644712289306,6.32404920668898,2.70381629522501,0.240630073863872
-24.9462788010386,-22.2251363890124,-11.9735050060273,1.29161118067575,6.2453390343352,2.56633938757931,0.232859052822691
-25.3772059501228,-22.4147048670845,-11.9730970373373,1.32717350262164,6.16490459434398,2.42448233086076,0.224013938846377
-25.7964124661473,-22.5954016245683,-11.9682182902837,1.36355959079702,6.0829763264635,2.27850292068637,0.214169794925832
-26.2035772338204,-22.766828412324,-11.9584202760466,1.40114729138455,5.99974701357092,2.12866365460002,0.203402294305304
-26.5984043597287,-22.9286215025872,-11.9432961573179,1.44026313204522,5.91537145221642,1.97523006322391,0.191787107246941
-26.9806250631416,-23.0804551344335,-11.9224848633685,1.48117959858154,5.82996671942672,1.81846924100562,0.179399375549243
-27.3499992350763,-23.2220443635677,-11.8956744124563,1.52411332322457,5.74361295371812,1.65864857383532,0.166313273665916
-27.7063167004608,-23.3531473387631,-11.8626044589092,1.56922414575157,5.656354585421,1.49603466006992,0.152601654009257
-28.0493981650096,-23.4735669871403,-11.8230680691417,1.61661499393723,5.56820193876695,1.33089241081013,0.138335772150712
-28.3790958291624,-23.5831520964216,-11.7769127400248,1.66633252219321,5.47913313197094,1.16348431167043,0.123585086717536
-28.6952936740038,-23.6817978052682,-11.7240406888262,1.71836844412919,5.38909621191862,0.994069827279985,0.108417128363883
-28.9979074128337,-23.7694455064441,-11.6644084434563,1.77266149212257,5.29801146503967,0.82290492830802,0.0928974318888391
-29.2868841123463,-23.8460821787206,-11.5980257691309,1.82909993730211,5.20577385617378,0.65024172177236,0.0770895256131011
-29.5622015121281,-23.9117391856702,-11.5249539794296,1.88752460572666,5.11225555989501,0.476328167173627,0.0610549723090575
-29.8238669704494,-23.9664904999247,-11.4453036420698,1.94773232155661,5.0173085392762,0.301407861164313,0.0448534559582981
-30.0719161333479,-24.0104504510576,-11.3592317580979,2.00947972045708,4.92076716487682,0.125719880074903,0.0285429093285535
-30.3064112888301,-24.0437709874243,-11.2669384414635,2.07248736980705,4.82245084934761,-0.0505013308540299,0.0121796772205369
-30.5274394075185,-24.0666384772003,-11.1686631437903,2.13644413674819,4.72216668665977,-0.227026027995923,-0.00418128936900036
-30.735109935513,-24.0792701268726,-11.0646804943119,2.20101175189824,4.61971210000089,-0.403629203616218,-0.020486212759213
-30.9295523460239,-24.0819100498985,-10.9552958034965,2.26582951529315,4.51487749631828,-0.580090586181504,-0.0366822463716953
-31.1109134514277,-24.0748250165769,-10.8408402784346,2.33051909375771,4.40744892827509,-0.756194606202383,-0.0527172152963259
-31.2793545325155,-24.0582999604869,-10.7216660178589,2.39468936659052,4.29721077474085,-0.931730326354915,-0.068539344215519
-31.4350483408736,-24.0326333160779,-10.5981408527413,2.4579412809032,4.18394845123326,-1.10649133479017,-0.0840969774575273
-31.5781760099822,-23.998132245902,-10.470643089341,2.51987268133337,4.06745115876855,-1.28027560037436,-0.0993382961141109
-31.7089238390841,-23.9551077613068,-10.3395561859114,2.58008307817645,3.94751467012649,-1.45288528576861,-0.114211037101181
-31.8274801227696,-23.9038698980041,-10.2052634606058,2.63817833997221,3.82394417838394,-1.62412652336372,-0.128662219917197
-31.934031977403,-23.8447229368205,-10.0681428502201,2.69377528409772,3.6965572006624,-1.7938091531138,-0.14263788656894
-32.0287622351832,-23.7779607488707,-9.92856177555956,2.74650615302523,3.56518654272518,-1.96174642758633,-0.156082860796528
-32.1118464427127,-23.7038623159547,-9.78687215408735,2.79602296486915,3.42968332132499,-2.12775469086449,-0.168940533025827
-32.1834500349338,-23.6226874993129,-9.64340560734317,2.84200173224102,3.28992003958894,-2.29165304291292,-0.181152678079215
-32.2437256573312,-23.5346730549672,-9.49846887802132,2.88414653570687,3.14579369403304,-2.45326299729631,-0.192659312605963
-32.2928107201684,-23.4400289735846,-9.3523395037796,2.92219344693974,2.99722889716368,-2.61240814942046,-0.203398600187854
-32.3308252190018,-23.3389351838527,-9.20526177850714,2.95591428969271,2.84418098606214,-2.76891387193487,-0.213306812284361
-32.3578698039408,-23.231538619604,-9.05744301762417,2.98512021746242,2.68663907486059,-2.92260705079219,-0.222318353184725
-32.3740241747321,-23.117950718495,-8.90905017276191,3.00966508944768,2.52462900980061,-3.07331588370004,-0.230365857981429
-32.3793457776395,-22.9982453463152,-8.76020681465849,3.02944861006385,2.35821616858419,-3.22086975412174,-0.237380372011304
-32.3738688346063,-22.8724571800975,-8.61099052161348,3.04441919484519,2.1875080440416,-3.36509919709327,-0.243291620406321
-32.3576037684447,-22.740580605838,-8.46143072193911,3.05457652150687,2.01265654824788,-3.50583597498484,-0.248028376214448
-32.3305369214781,-22.602569068624,-8.31150699703416,3.05997370291497,1.83385995840006,-3.64291326091538,-0.251518933433096
-32.2926306826558,-22.4583349656046,-8.16114791052407,3.060719035276,1.6513644403416,-3.77616594569174,-0.253691691613222
-32.2438239696428,-22.3077500514332,-8.01023038356581,3.05697725711956,1.46546507608903,-3.90543106222452,-0.254475855548066
-32.1840330384648,-22.1506463421748,-7.85857964113534,3.04897025914391,1.27650633072868,-4.03054831799142,-0.253802251287593
-32.1131526833361,-21.9868175620714,-7.70596977070073,3.03697719945843,1.08488190764515,-4.15136073204868,-0.251604257384303
-32.031057696157,-21.8160210398593,-7.5521248793538,3.02133396995513,0.891033945787958,-4.26771534459107,-0.247818845082887
-31.9376046466091,-21.6379800880861,-7.39672087202943,3.00243199176665,0.695451537771155,-4.37946398649505,-0.242387718559079
-31.8326339232719,-21.45238681033,-7.23938783208273,2.98071632249333,0.498668560459342,-4.48646407907733,-0.235258540777119
-31.7159719589712,-21.2589052650007,-7.0797129696869,2.95668307469331,0.301260829872315,-4.58857943048716,-0.226386225663091
-31.5874336775209,-21.0571749868697,-6.9172441173909,2.93087617434509,0.103842612727877,-4.68568101282567,-0.215734273397975
-31.4468250077027,-20.8468147362995,-6.75149369945069,2.90388348613534,-0.0929374601174217,-4.77764768115632,-0.203276119695997
-31.2939455290114,-20.6274264922001,-6.58194314369719,2.87633236602346,-0.288401018679787,-4.8643668338794,-0.188996467617938
-31.1285911696059,-20.3985996101974,-6.40804767082056,2.84888469446391,-0.48184505431235,-4.94573500279027,-0.172892566189438
-30.9505569143909,-20.1599150976938,-6.2292414079321,2.82223144768104,-0.672547432270302,-5.02165837743521,-0.154975398320904
-30.7596395496826,-19.9109500093607,-6.04494279558952,2.79708686397969,-0.859772761538206,-5.09205329171319,-0.135270740055791
-30.5556403932758,-19.6512819243149,-5.8545602539983,2.77418224185033,-1.04277857893868,-5.15684670066932,-0.11382005321406
-30.3383680512118,-19.380493535288,-5.65749810709446,2.75425939852888,-1.22082182202169,-5.21597670112864,-0.0906811759783788
-30.1076412336485,-19.0981773810787,-5.45316277445846,2.7380637991118,-1.39316558214998,-5.26939315675684,-0.0659287791603837
-29.8632915652408,-18.8039406963326,-5.24096923318764,2.72633734330049,-1.55908613690295,-5.31705847453068,-0.0396545603662553
-29.6051665058117,-18.4974104672964,-5.02034778753941,2.71981080729658,-1.71788027238225,-5.35894860838516,-0.0119671548840871
-29.3331323640699,-18.1782386906513,-4.79075115172604,2.7191959308983,-1.86887289518197,-5.39505433421564,0.0170082514490398
-29.0470773501211,-17.8461077977294,-4.55166182694489,2.72517715596132,-2.01142491064328,-5.42538281711105,0.0471306140307449
-28.7469147129412,-17.5007362504318,-4.30259973967661,2.73840306632941,-2.14494131687134,-5.44995948739636,0.0782440239011268
-28.4325858875411,-17.1418842164232,-4.0431300474679,2.75947761564678,-2.26887941267532,-5.46883019175134,0.110178993953502
-28.1040636058541,-16.7693592242263,-3.77287097656764,2.78895128965456,-2.38275696701426,-5.48206355887188,0.14275401709384
-27.7613548507399,-16.383021629429,-3.49150149763156,2.82731240274567,-2.48616013775069,-5.48975347115894,0.175777367602041
-27.4045036095034,-15.9827897491435,-3.19876861409073,2.87497879233117,-2.57875088481032,-5.49202151650662,0.20904910934119
-27.0335932665797,-15.5686444391561,-2.89449399163516,2.93229020624485,-2.66027357635768,-5.48901924330911,0.242363267291906
-26.6487485834613,-15.1406329487952,-2.57857965718829,2.99950171338475,-2.73056047765267,-5.48093004230667,0.275510114447554
-26.2501371546978,-14.6988718605075,-2.25101249453843,3.07677846027025,-2.78953581182092,-5.46797045600999,0.30827852294084
-25.8379702365108,-14.2435489446923,-1.91186729419011,3.16419206737122,-2.83721811129429,-5.45039071809655,0.340458327479113
-25.4125029747179,-13.7749238606143,-1.56130817438509,3.2617189181479,-2.87372064606007,-5.42847436560914,0.371842652412505
-24.9740339568054,-13.2933276105778,-1.19958824507862,3.36924050266699,-2.89924977845139,-5.40253677190831,0.402230156838446
-24.522904087976,-12.7991607353962,-0.827047469566783,3.48654588994685,-2.91410119057501,-5.37292250221925,0.431427158656692
-24.0594948949849,-12.2928903317106,-0.444108761576306,3.6133363131646,-2.91865403945913,-5.34000146537641,0.459249607482802
-23.5842262341805,-11.7750459387613,-0.0512724261308493,3.74923173023078,-2.91336317687992,-5.30416386468228,0.485524882179526
-23.0975534984054,-11.2462144354618,0.35089087250341,3.89377914174352,-2.89874967429344,-5.26581403821289,0.510093398069362
-22.5999644218438,-10.7070341121412,0.761748378448914,4.0464623687211,-2.87538997124815,-5.22536334318818,0.532810015973307
-22.0919755049192,-10.1581880599244,1.18061446695711,4.2067129172141,-2.84390401573876,-5.18322228136353,0.553545248801215
-21.5741281883835,-9.60039708272031,1.60676051634055,4.37392153413997,-2.80494281850847,-5.13979213976854,0.572186267186745
-21.046984812222,-9.03441229566305,2.03942510903012,4.54745002403497,-2.75917585049446,-5.09545644144453,0.588637705348635
-20.5111244495909,-8.46100759964649,2.47782424428148,4.72664290879067,-2.70727871792973,-5.05057254076796,0.602822269778304
-19.9671386871163,-7.88097220855915,2.92116125746362,4.91083853140611,-2.64992152575626,-5.00546370345257,0.614681152116078
-19.4156274121267,-7.29510339532696,3.36863616139347,5.0993792409044,-2.58775829913905,-4.96041199913555,0.624174245941156
-18.8571947045237,-6.7041996286175,3.81945416136183,5.29162035768661,-2.52141778273267,-4.91565231453626,0.631280167267929
-18.2924448908889,-6.10905424381585,4.27283312882822,5.48693767367871,-2.45149586388678,-4.87136773725199,0.635996077103291
-17.7219788562788,-5.51044979075576,4.72800987078076,5.68473332475869,-2.37854979335539,-4.82768650599057,0.638337306602486
-17.146390673045,-4.90915316795813,5.18424507676524,5.88443994213008,-2.30309428851194,-4.78468063791416,0.63833678660629
-16.5662646407776,-4.30591164013554,5.64082689175317,6.08552308195391,-2.22559952346662,-4.74236627110418,0.636044288385064
-15.982172772677,-3.70144978861278,6.09707310890547,6.28748199501369,-2.14649091994736,-4.70070566193481,0.631525485215267
-15.3946727937892,-3.09646742116441,6.55233204770719,6.48984888494824,-2.06615058186225,-4.65961070936007,0.624860851039588
-14.8043066434608,-2.49163841524544,7.0059822183981,6.69218684470355,-1.98492014303312,-4.6189477925781,0.616144415190154
-14.2115995165837,-1.88761044441103,7.45743094594945,6.89408673421338,-1.90310475511604,-4.57854367273131,0.60548239885751
-13.6170594073073,-1.28500548929895,7.90611214816111,7.09516327690681,-1.82097790225647,-4.53819215927683,0.592991760137643
-13.0211770932676,-0.684421006488825,8.35148348223294,7.29505066357432,-1.73878671368559,-4.49766122350352,0.578798675891986
-12.424426529212,-0.0864316110339738,8.79302311520798,7.49339797622574,-1.65675745618915,-4.45670026180902,0.563036991025696
-11.8272655436083,0.508408891414748,9.23022633870638,7.6898646964533,-1.57510090140089,-4.4150472128157,0.545846661903947
-11.230136775799,1.099565286375,9.66260226717762,7.88411656064602,-1.4940173063892,-4.37243528651654,0.527372220614883
-10.6334687506627,1.68651870512878,10.0896708098532,8.07582196176368,-1.41370078837752,-4.3285990972421,0.507761281841332
-10.0376770133916,2.26876449607676,10.5109600895905,8.26464906261703,-1.33434293248846,-4.28328005320303,0.487163111436709
-9.44316524926984,2.84581033707587,10.9260044415455,8.45026373183371,-1.25613552864619,-4.23623090842967,0.465727271670338
-8.85032631157347,3.41717468413362,11.3343430691887,8.63232835058433,-1.1792723892348,-4.18721942973725,0.443602353686181
-8.25954311672931,3.98238562986331,11.735519418443,8.81050150802298,-1.10395025521022,-4.13603118839347,0.42093480540815
-7.67118935552595,4.5409802108464,12.1290812645498,8.9844385381192,-1.0303688410563,-4.08247151516426,0.397867858897648
-7.08563000405501,5.09250418493364,12.5145814981438,9.15379283367042,-0.958730109206205,-4.02636669832492,0.37454055979384
-6.5032216137459,5.63651226975269,12.8915795457262,9.31821782741663,-0.889236889722717,-3.96756451796912,0.351086898634497
-5.92431237886474,6.17256881710032,13.2596433464226,9.47736951696837,-0.822090979734261,-3.9059342265739,0.327635042822304
-5.3492419933386,6.7002488887309,13.6183518023059,9.63090940641589,-0.757490865807948,-3.84136609395836,0.304306667211216
-4.77834130123376,7.21913967320701,13.9672975771998,9.77850771010964,-0.695629209912436,-3.77377062320902,0.281216379736935
-4.21193176691995,7.72884218972121,14.306090145862,9.9198466893941,-0.636690234464896,-3.7030775464595,0.258471238985755
-3.65032478875326,8.22897321526813,14.6343589834479,10.054623992391,-0.580847128037875,-3.62923469409541,0.236170359949687
-3.09382088021022,8.71916735879395,14.9517567711429,10.1825558671983,-0.528259575994473,-3.55220681268971,0.214404603833124
-2.54270875538934,9.19907922336579,15.2579625339232,10.3033801574241,-0.47907150302828,-3.47197440031817,0.19325634835999
-1.99726434732309,9.66838556910544,15.5526845848147,10.4168589718841,-0.433409093012919,-3.38853260019716,0.172799334204367
-1.45774980156658,10.1267874192428,15.8356632095101,10.5227809720843,-0.391379134465802,-3.30189019088721,0.15309858397516
-0.92441248150147,10.5740120238619,16.1066729864794,10.6209632055884,-0.353067720510225,-3.21206868655745,0.134210389470647
-0.397484029436264,11.0098146189611,16.3655246829728,10.7112524534162,-0.318539317684185,-3.11910155704839,0.116182363341583
0.122820474233108,11.4339799160718,16.6120666682459,10.7935260682467,-0.287836204093603,-3.02303356523839,0.0990535509981386
0.636303211088534,11.846323236821,16.8461857604007,10.8676922708573,-0.260978265869217,-2.923920205247,0.0828545982435351
1.14278414236677,12.2466912657932,17.067807513139,10.9336899358486,-0.23796313384188,-2.82182723433311,0.0676079704899788
1.6421013072163,12.6349623514389,17.2768958853523,10.9914878597121,-0.218766634332987,-2.71683027363493,0.0533282186162571
2.13411087105048,13.0110463332681,17.4734523053959,11.0410835505765,-0.203343524411984,-2.6090144613618,0.0400222866714259
2.61868690032078,13.3748838661866,17.6575141279165,11.0825015701096,-0.191628478388104,-2.49847413689929,0.0276898562418288
3.09572085340838,13.7264452521235,17.8291525295941,11.1157914876962,-0.183537290890505,-2.38531254042844,0.0163237222279071
3.5651207845674,14.0657287808385,17.9884698725199,11.1410254937375,-0.178968260568051,-2.26964150945741,0.005910194565233
4.02681027589478,14.3927586292824,18.1355966190575,11.1582957505166,-0.177803718772371,-2.15158116173574,-0.00357047951549847
4.48072712513539,14.7075823803815,18.2706878874381,11.1677115586424,-0.179911667900222,-2.03125955474402,-0.0121436780886447
4.92682182032322,15.010268209731,18.3939197140973,11.1693963991443,-0.185147494717032,-1.90881231050517,-0.019839957171254
5.36505586024014,15.3009018621363,18.5054851726949,11.1634849587853,-0.193355726195553,-1.7843822055095,-0.0266945982672755
5.7953999698958,15.5795834886704,18.6055904282187,11.1501201984991,-0.204371796479888,-1.65811871853558,-0.0327471552571238
6.21783227753202,15.8464244599645,18.69445085437,11.1294505515736,-0.218023796403928,-1.53017753639834,-0.0380410045486566
6.63233651796877,16.1015442588067,18.7722873216886,11.1016273221096,-0.234134179517911,-1.40072001684259,-0.0426229018127895
7.03890032221233,16.3450675424675,18.8393227457871,11.0668023404316,-0.252521401525659,-1.2699126080796,-0.0465425479603211
7.43751365666655,16.5771214757837,18.8957789955578,11.0251259354467,-0.273001473700778,-1.1379262269843,-0.0498521664156565
7.82816744849625,16.7978333784234,18.941874194246,10.9767452420006,-0.295389413774079,-1.00493559509884,-0.0526060930016051
8.21085244751054,17.0073287689079,18.9778204923156,10.9218028859144,-0.319500582397241,-0.871118536784792,-0.0548603793310592
8.5855583317391,17.2057298004287,19.0038222933421,10.8604360303459,-0.345151895902792,-0.736655239941025,-0.0566724099229834
8.9522730904251,17.3931541473752,19.0200749884437,10.7927758078922,-0.372162911291257,-0.601727485627441,-0.0581005331287733
9.31098264701361,17.5697142635814,19.0267641044544,10.7189470747112,-0.400356780600883,-0.46651784813356,-0.0592037053090197
9.66167073681713,17.7355170449487,19.0240648976622,10.6390684934138,-0.429561077609274,-0.331208874413437,-0.0600411479453523
10.0043189872542,17.8906638033343,19.0121422897254,10.553252872888,-0.459608500415179,-0.195982248451543,-0.0606720169566335
10.3389071732851,18.0352505119399,18.9911511035907,10.461607726468,-0.490337457265935,-0.0610179500928438,-0.0611550837197684
10.665413603233,18.1693682521902,18.9612365263187,10.364235991105,-0.521592544543613,0.0735065819458222,-0.0615484273138311
10.9838155867969,18.2931037885127,18.9225347235678,10.2612368481752,-0.553224927342422,0.20741727214256,-0.0619091376387624
11.2940899401904,18.406540204008,18.8751735383052,10.1527065904121,-0.585092634316871,0.340544204018947,-0.0622930292346348
11.5962134753538,18.5097575175405,18.8192731939593,10.0387394729392,-0.617060778579377,0.472722378094364,-0.0627543657260464
11.8901634575828,18.6028332633643,18.7549469841385,9.91942852029575,-0.649001718357096,0.60379242168292,-0.0633455951323653
12.1759179646002,18.6858429313444,18.6823018458581,9.79486621709519,-0.680795167923952,0.733601239309092,-0.0641170960825923
12.4534561539099,18.7588602833497,18.6014388321387,9.6651450753109,-0.712328272317722,0.862002596088699,-0.065116935398541
12.7227583933029,18.8219574789981,18.5124534158301,9.53035802919155,-0.74349565528118,0.98885762551077,-0.066390637226312
12.9838062939752,18.8752050716936,18.4154356828486,9.39059867757623,-0.774199453139457,1.1140352598328,-0.0679809642879815
13.2365825786723,18.9186717757108,18.3104703142675,9.24596131469976,-0.804349339394392,1.23741257544613,-0.0699277112062076
13.4810708506568,18.9524241027966,18.1976364509721,9.09654079421739,-0.833862550747168,1.35887505680039,-0.0722675104420209
13.7172552571453,18.9765258585768,18.0770074274501,8.94243221941506,-0.862663919167487,1.47831677944918,-0.0750336509356004
13.9451200472158,18.9910375006896,17.9486503737396,8.78373046314857,-0.890685912961348,1.59564051398191,-0.0782559094779864
14.1646490896502,18.9960154506858,17.8126257703635,8.62052956668579,-0.91786869205787,1.71075776116146,-0.0819603951242668
14.3758253289476,18.9915113309806,17.6689869264218,8.45292201295011,-0.944160175390581,1.82358872088342,-0.0861694064621279
14.5786302369639,18.9775712067235,17.5177794544055,8.28099792296471,-0.969516121620576,1.93406220722673,-0.0909013019602749
14.7730432560751,18.9542348293337,17.3590407377054,8.10484418866358,-0.993900218881426,2.04211551576323,-0.0961703833096645
14.9590413012592,18.9215349717745,17.1927994736759,7.9245435978578,-1.01728418261279,2.14769425917255,-0.101986792157658
15.1365982810177,18.8794968063074,17.0190752475208,7.74017394807741,-1.03964785207943,2.25075217345684,-0.108356420077714
15.3056847205954,18.8281374334614,16.8378782372733,7.55180721381214,-1.0609792836322,2.35125091402297,-0.115280832506516
15.4662674689239,18.7674655397467,16.6492090305525,7.35950877574593,-1.08127483101297,2.44915984710833,-0.122757206912739
15.6183094841384,18.6974811806153,16.4530585525287,7.16333672936827,-1.10053920342392,2.54445584273593,-0.130778285641876
15.7617697584651,18.6181757640212,16.2494081742606,6.96334131964547,-1.11878549661864,2.63712308538973,-0.139332344568312
15.8966033405508,18.5295321844361,16.0382299592494,6.75956449761553,-1.13603518512641,2.7271529018669,-0.14840317809549
16.022761494625,18.4315251545069,15.8194870918129,6.55203963030428,-1.15231807011702,2.81454361754553,-0.157970101830007
16.1401919763821,18.3241217097313,15.5931344675722,6.34079136566721,-1.16767217404747,2.89930044146313,-0.168007973938939
16.2488394284026,18.207281888218,15.359119449356,6.12583566171136,-1.18214357628206,2.98143538273105,-0.178487236499762
16.3486458749729,18.0809595607939,15.1173827684668,5.90717997673703,-1.19578618400251,3.06096719497952,-0.189373978014772
16.4395513523394,17.945103448405,14.8678596022705,5.684823634794,-1.20866143912247,3.13792135398684,-0.200630018945466
16.5214946235763,17.7996582654357,14.6104807752856,5.45875834402864,-1.22083795805497,3.21233005585599,-0.21221302126268
16.5944139743761,17.6445659802977,14.3451740748184,5.22896886029373,-1.23239110774377,3.28423222923449,-0.224076623437206
16.6582480888282,17.4797671858907,14.071865671665,4.995433784601,-1.24340252483662,3.35367355368651,-0.236170602327879
16.7129369799135,17.305202545367,13.7904816129688,4.75812647116294,-1.25395958645761,3.42070646953232,-0.248441063042192
16.7584229536251,17.1208142829386,13.5009493570911,4.51701602121931,-1.26415484484036,3.48539016311973,-0.260830657721143
16.7946516203759,16.9265477241544,13.2031993465653,4.27206834385235,-1.27408544407044,3.54779051701174,-0.273278834558581
16.8215728727679,16.7223527928469,12.8971665376754,4.02324723688137,-1.28385253289401,3.60797999364638,-0.285722116710672
16.8391418988588,16.5081855239225,12.5827919235633,3.77051547796449,-1.29356070173308,3.6660374514315,-0.298094412776143
16.8473201035255,16.2840094536576,12.2600239339307,3.51383586597367,-1.30331745838453,3.7220478505706,-0.310327357094183
16.8460760331302,16.0497969705053,11.9288197646749,3.25317220505477,-1.31323277532698,3.77610185390444,-0.322350681376679
16.8353861924495,15.8055305066145,11.5891465361059,2.98849017776529,-1.32341872481896,3.82829528505873,-0.3340926153439
16.8152357914766,15.5512035964477,11.240982290103,2.71975808813976,-1.33398922842991,3.87872844065994,-0.345480316100707
16.7856193769308,15.2868217500619,10.88431677861,2.44694744180249,-1.34505993804941,3.92750523844745,-0.356440324049943
16.7465413540497,15.0124031383116,10.5191520343306,2.17003334417054,-1.35674826533711,3.97473219860286,-0.366899043555448
16.6980163778471,14.7279790643742,10.1455027000068,1.88899469888551,-1.36917356882569,4.02051725466836,-0.376783245517441
16.6400695931311,14.4335941994588,9.76339609859002,1.60381419655353,-1.38245750113875,4.06496839589946,-0.386020588391679
16.5727367441011,14.1293066000294,9.37287205711004,1.31447809640169,-1.39672451451198,4.10819215905106,-0.39454015452253
16.4960641346632,13.8151874915676,8.97398247817781,1.02097580715362,-1.41210251094431,4.15029198464892,-0.402272997238274
16.4101084343898,13.4913208204052,8.56679066893775,0.723299284907507,-1.42872361565607,4.19136646221119,-0.409152693853739
16.3149363573127,13.1578026056908,8.15137046112404,0.421442276647913,-1.44672504658153,4.23150750292271,-0.415115900002259
16.2106242033673,12.8147400958505,7.72780514188942,0.115399444383474,-1.46625004101553,4.2707984740517,-0.420102899390027
16.0972572889128,12.4622507680557,7.29618624086752,-0.194834585202415,-1.48744879650651,4.30931234252139,-0.424058143587012
15.9749292933927,12.1004612120465,6.85661222325218,-0.509266195162642,-1.51047937725814,4.34710987795401,-0.426930776282775
15.8437415175282,11.7295059183493,6.40918712926417,-0.827903720504792,-1.53550853015373,4.38423795765878,-0.428675135475347
15.7038021066863,11.3495260383227,5.95401922993929,-1.15075829978219,-1.56271235809724,4.42072803029289,-0.429251228595729
15.5552252600196,10.9606681586526,5.49121975493563,-1.47784457710576,-1.59227679555244,4.4565947830869,-0.428625174893975
15.398130439562,10.5630831297728,5.02090174692211,-1.80918119574782,-1.62439783327545,4.49183505023595,-0.426769609507912
15.2326416357648,10.1569250169982,4.54317911010465,-2.14479103280564,-1.65928144897954,4.52642700512232,-0.423664045218829
15.0588866920999,9.7423502031074,4.05816589699872,-2.48470112632687,-1.6971432026766,4.56032965535657,-0.419295186955401
14.8769967406133,9.31951670190588,3.56597588748836,-2.82894226153618,-1.73820747063073,4.59348266442362,-0.413657196063893
14.6871057454367,8.88858370127996,3.06672248961239,-3.17754818661795,-1.78270629726884,4.62580649753741,-0.406751900493321
14.4893501918856,8.44971137573448,2.56051899346641,-3.53055444800858,-1.83087786192456,4.65720289130577,-0.39858894883793
14.2838689310167,8.00306098367505,2.04747919036675,-3.8879968456454,-1.88296456776347,4.68755562909088,-0.389185906057779
14.0708031792283,7.54879525235718,1.52771835647953,-4.24990952068497,-1.93921077268854,4.71673159195169,-0.378568289028695
13.8502966821057,7.08707905200912,1.00135458980614,-4.61632270561424,-1.99986019669199,4.74458205098901,-0.36676954090726
13.6224960371934,6.61808034493164,0.468510474781803,-4.98726017770182,-2.06515305068105,4.77094415703179,-0.353830943403238
13.3875511558245,6.14197138184981,-0.0706849624803163,-5.36273646420476,-2.13532294041604,4.79564257519075,-0.339801466136777
13.1456158630024,5.65893012164948,-0.616094053383176,-5.74275386499094,-2.21059361074609,4.8184912170951,-0.324737553198004
12.8968486046076,5.1691418315739,-1.16756809394678,-6.12729935543948,-2.29117559695672,4.83929501429654,-0.308702846669651
12.6414132505323,4.67280083133775,-1.72494481735452,-6.51634144449339,-2.37726285642841,4.85785168602287,-0.291767847830329
12.3794799545848,4.17011233216696,-2.2880457887957,-6.90982705078842,-2.46902944911594,4.87395344887888,-0.274009516576182
12.1112260741707,3.66129433891786,-2.85667378251589,-7.30767847790826,-2.56662634027291,4.8873886381844,-0.255510811184423
11.8368371065746,3.14657956824495,-3.43061019102149,-7.70979054035794,-2.67017838439514,4.89794320056739,-0.236360170081992
11.5565076382587,2.62621735424979,-4.00961251509432,-8.11602790332159,-2.77978154858809,4.90540204076902,-0.21665093895808
11.2704422815131,2.10047551098529,-4.59341196979842,-8.52622267471235,-2.89550041842434,4.909550205573,-0.196480746874037
10.9788566022676,1.56964213458411,-5.18171124041352,-8.94017229427257,-3.01736602417804,4.91017390871579,-0.175950836488237
10.681978019938,1.03402732783929,-5.77418240468416,-9.35763773520361,-3.14537400733805,4.90706139964527,-0.155165353922995
10.3800466722244,0.493964839978767,-6.37046502957737,-9.77834202672285,-3.27948313709843,4.90000369153258,-0.134230604963492
10.0733162678926,-0.0501863796070025,-6.97016446070733,-10.2019691224167,-3.41961418453798,4.88879518523093,-0.113254285474229
9.76205489096898,-0.598040716582394,-7.57285028263671,-10.6281630762204,-3.56564913450731,4.87323420437446,-0.0923446937185845
9.44654578808092,-1.14918451238133,-8.1780549643892,-11.056527544103,-3.71743072900187,4.85312349314854,-0.0716099338062054
9.12708812404371,-1.70317477096867,-8.7852726774689,-11.4866255846607,-3.87476231718465,4.8282707100221,-0.0511571191229352
8.80399770075714,-2.25953795196685,-9.39395827960129,-11.9179797397693,-4.03740798811351,4.79848895658594,-0.0310915849418041
8.47760764427691,-2.81776885688351,-10.0035264734825,-12.3500723943489,-4.20509296818359,4.76359738613716,-0.0115161193431474
8.14826904838407,-3.37732961917241,-10.6133511445855,-12.7823464034284,-4.37750426315927,4.72342192694794,0.0074697789479935
7.81635155631362,-3.93764881088035,-11.2227648809991,-13.2142059720327,-4.55429152636212,4.67779614807021,0.0257706077292011
7.48224388176009,-4.49812069315231,-11.8310587139407,-13.6450178145504,-4.73506815200245,4.62656230254934,0.0432955262185247
7.14635424056448,-5.05810463369844,-12.4374820917423,-14.0741125864769,-4.9194125848427,4.56957256074257,0.0599589714647455
6.80911067215076,-5.61692471934201,-13.0412431135641,-14.5007865976131,-5.10686984609458,4.50669044372001,0.0756812210882991
6.47096123959268,-6.17386960392994,-13.6415090744615,-14.9243038430949,-5.29695328755771,4.43779246615077,0.0903888985473612
6.13237407958316,-6.72819262377104,-14.237407349394,-15.3438983595795,-5.48914657745379,4.36276997962986,0.104015418380563
5.79383728340259,-7.27911222016017,-14.8280266612628,-15.7587769323719,-5.68290592793188,4.28153120577984,0.11650137028975
5.45585858213443,-7.82581269951545,-15.4124187584115,-16.1681221560458,-5.87766256465754,4.19400343516605,0.127794842140058
5.11896482018473,-8.36744536995934,-15.9896005455033,-16.5710958689335,-6.07282544253962,4.10013536791069,0.137851683349639
4.7837012001675,-8.90313009153083,-16.5585567067057,-16.966842972914,-6.26778420493234,3.99989956431705,0.146635711306645
4.45063026936952,-9.43195724650643,-17.1182428032334,-17.3544955884439,-6.46191235661338,3.89329495557063,0.154118863943624
4.12033064914163,-9.95299017808627,-17.6675889084678,-17.7331775761655,-6.65457064568561,3.7803493821655,0.160281303038682
3.79339548384124,-10.4652680920857,-18.2055037442241,-18.1020093511422,-6.84511060641621,3.66112210012561,0.165111472490019
3.47043060665129,-10.9678094353958,-18.7308793219411,-18.4601129564338,-7.03287822556165,3.53570620403722,0.16860611632967
3.15205242033778,-11.4596157489273,-19.2425960668578,-18.8066173363659,-7.21721768188083,3.40423090863793,0.170770260913975
2.83888549640466,-11.9396759784651,-19.7395283839061,-19.1406637324773,-7.39747510000947,3.2668636266075,0.171617165115814
2.53155990466752,-12.4069712177936,-20.2205506153982,-19.4614111204281,-7.57300225750792,3.12381177912712,0.171168241519689
2.2307082914736,-12.8604798368279,-20.684543312495,-19.7680415846913,-7.74316017654499,2.97532427238439,0.169452950356419
1.93696273711386,-13.2991829531977,-21.1303997602729,-20.0597655527938,-7.90732254367917,2.82169257828043,0.16650866681234
1.65095142585447,-13.7220701725524,-21.5570326506371,-20.3358267762293,-8.06487889151947,2.66325135361194,0.162380520539543
1.37329517054324,-14.1281455176355,-21.9633807983204,-20.595506957242,-8.21523748521832,2.50037853767373,0.157121204708413
1.10460383981555,-14.5164334799194,-22.3484158235914,-20.8381299584428,-8.35782787720344,2.33349487765819,0.150790750639125
0.845472733069915,-14.8859851000505,-22.7111486867295,-21.0630655065286,-8.4921030895629,2.16306283366031,0.143456262322622
0.59647894732802,-15.2358839997311,-23.0506359878191,-21.2697323384159,-8.61754140433408,1.98958482821599,0.135191604137903
0.358177773095945,-15.5652523219163,-23.3659859964058,-21.4576007933894,-8.73364777068941,1.81360082039111,0.126077034439489
0.131099142303888,-15.8732565274059,-23.6563643573796,-21.6261948436661,-8.8399548401134,1.63568519383227,0.116198776981011
-0.0842558626660387,-16.1591130212424,-23.9209994514884,-21.7750935893376,-8.93602366024924,1.45644296478549,0.105648522286988
-0.287418447059114,-16.4220936554695,-24.1591874887895,-21.9039323361195,-9.02144410187194,1.27650533676872,0.094522852045386
-0.477955514840325,-16.6615311110257,-24.3702973381651,-22.0124033047589,-9.09583507101432,1.09652463725655,0.0829225802822609
-0.655473093357931,-16.8768242694652,-24.5537752470311,-22.1002561565539,-9.15884461901263,0.917168695718864,0.07095200748393
-0.819619818885406,-17.0674435952754,-24.7091494670821,-22.1672983919578,-9.21015001577049,0.739114729199675,0.0587180856684259
-0.970090533695019,-17.2329366635468,-24.8360349675371,-22.2133958278585,-9.24945791631315,0.56304282412612,0.0463294960578278
-1.10663003209066,-17.372933849524,-24.9341382493603,-22.2384732082324,-9.27650469104698,0.389629109205821,0.0338956440620808
-1.22903697613259,-17.4871542571539,-25.0032623731082,-22.2425150951207,-9.29105702863567,0.219538730562667,0.0215255806460286
-1.33716796319415,-17.5754117992405,-25.0433120940972,-22.2255669969934,-9.29291283962464,0.0534187466221972,0.00932686313959726
-1.4309416954332,-17.6376214151286,-25.0542991275928,-22.1877368149087,-9.28190253499757,-0.108108927245729,-0.00259562672180285
-1.51034314464638,-17.6738051947214,-25.0363472837743,-22.1291964448077,-9.25789064476692,-0.264454390160972,-0.0141408856971255
-1.57542756865333,-17.6840982400778,-24.9896973303105,-22.0501834889999,-9.22077777726316,-0.415066302812372,-0.0252129870201726
-1.62632418306008,-17.6687539159238,-24.9147112115607,-21.9510028352061,-9.17050282338398,-0.559437968519806,-0.0357222445211528
-1.66323926602434,-17.6281481743354,-24.8118753233476,-21.8320279279136,-9.1070453195006,-0.697112808896591,-0.0455863118430304
-1.68645844986298,-17.5627825512958,-24.6818024316973,-21.6937014583285,-9.03042782193901,-0.827689100615984,-0.0547311849087387
-1.69634795831776,-17.4732854845069,-24.5252318991551,-21.5365352578967,-8.94071815027967,-0.950823853013995,-0.0630920766873639
-1.69335456657011,-17.3604116058173,-24.3430278777201,-21.3611091614293,-8.83803133018226,-1.06623572355211,-0.0706141358000342
-1.67800410467004,-17.2250387459327,-24.1361752231649,-21.1680686679624,-8.72253107665904,-1.17370689269119,-0.0772529847969888
-1.65089838637885,-17.0681624965238,-23.9057730018855,-20.958121301505,-8.59443067847986,-1.27308385025193,-0.0829750598368884
-1.61271051525015,-16.8908882510341,-23.653025524858,-20.7320315972364,-8.45399314925275,-1.36427707643209,-0.0877577404243565
-1.56417860681948,-16.6944208277821,-23.3792310492947,-20.4906147851735,-8.30153057278761,-1.44725964028693,-0.091589266025072
-1.50609804240445,-16.4800518513034,-23.0857683389993,-20.2347292544801,-8.13740258361724,-1.5220647710732,-0.094468444369499
-1.43931245195535,-16.2491452460184,-22.7740814751797,-19.9652680279961,-7.96201399796561,-1.58878249701499,-0.0964041645542279
-1.36470368084359,-16.0031212338139,-22.445663320006,-19.6831494626134,-7.77581162459729,-1.64755547137731,-0.0974147349372581
-1.28318104434513,-15.7434393212592,-22.102038134231,-19.3893074622837,-7.5792803370198,-1.6985741311131,-0.0975270718663168
-1.19567020005752,-15.4715808042191,-21.7447438881074,-19.0846815169594,-7.37293852360563,-1.74207134992669,-0.0967757696377124
-1.10310197333761,-15.1890313196347,-21.375314799351,-18.7702068782259,-7.15733305499405,-1.77831675508155,-0.0952020846004091
-1.00640145433903,-14.8972639205588,-20.9952645604738,-18.4468051301861,-6.93303390954661,-1.80761087318176,-0.0928528668490257
-0.906477657395836,-14.597723137175,-20.6060707138463,-18.1153754278663,-6.70062862076238,-1.830279265665,-0.0897794721943622
-0.80421398766431,-14.2918103976251,-20.2091605320041,-17.7767866094937,-6.46071669794559,-1.84666679797226,-0.0860366845407612
-0.700459705901431,-13.9808710687047,-19.8058986306426,-17.4318703002993,-6.21390414631398,-1.85713216241381,-0.0816816750327118
-0.596022530091551,-13.6661833467991,-19.3975765336913,-17.0814151449869,-5.96079822247894,-1.86204275899095,-0.0767730203513077
-0.491662453252132,-13.3489490931108,-18.9854042526847,-16.7261621942157,-5.70200251795365,-1.86177000813203,-0.0713697974906493
-0.388086805899552,-13.0302866411044,-18.5705038826386,-16.3668014415687,-5.43811244748257,-1.85668514684394,-0.065530767625482
-0.285946545685366,-12.711225527265,-18.1539051384307,-16.0039694595892,-5.16971119359383,-1.84715553627484,-0.0593136570537372
-0.185833719514231,-12.3927030656675,-17.7365427388399,-15.6382480858015,-4.89736614836708,-1.83354149249838,-0.0527745391561281
-0.0882800123898294,-12.0755626032106,-17.3192554480486,-15.270164037204,-4.62162585741749,-1.81619362985096,-0.0459673174922484
0.00624372256739292,-11.7605532675531,-16.9027865648148,-14.9001893234868,-4.34301745797429,-1.79545069306556,-0.0389433072480529
0.0973270711179099,-11.4483310604587,-16.4877857190711,-14.5287423959757,-4.06204461162406,-1.77163785316425,-0.0317509101457656
0.184618927277778,-11.1394610301745,-16.0748116717685,-14.1561898274941,-3.779185880006,-1.74506541834779,-0.0244353758207448
0.267825749338239,-10.8344203817322,-15.664335995407,-13.7828484775559,-3.49489353065099,-1.71602792548845,-0.0170386420060274
0.346709323085016,-10.5336022967798,-15.2567473869112,-13.4089879845068,-3.20959272065206,-1.68480356164535,-0.00959924491970139
0.421084144595719,-10.2373202992646,-14.8523564536926,-13.0348335005977,-2.92368102225975,-1.65165387292273,-0.00215229121609609
0.49081452507303,-9.9458130046898,-14.4514008105798,-12.6605685783355,-2.6375282486261,-1.61682371734388,0.00527051707269221
0.555811509015167,-9.65924911530086,-14.0540503542603,-12.2863381363794,-2.35147654074426,-1.58054142209861,0.0126408128164782
0.616029684865709,-9.37773253538586,-13.6604125916643,-11.9122514361332,-2.06584067661108,-1.54301910775244,0.0199334569740418
0.671463955470795,-9.10130750398474,-13.270537924563,-11.5383850171429,-1.78090856781841,-1.50445314644857,0.0271264017265947
0.72214632327593,-8.82996364773204,-12.8844247929104,-11.1647855343612,-1.49694190989825,-1.46502472297891,0.0342005298505596
0.768142738134895,-8.5636409214369,-12.502024666681,-10.7914725110501,-1.21417696527477,-1.42490047943296,0.0411394760573553
0.80955004105465,-8.30223434509633,-12.1232467836642,-10.4184409365481,-0.932825446545024,-1.38423321570059,0.0479294351196737
0.846493033577304,-8.04559852940753,-11.7479626457328,-10.0456637335902,-0.653075483846558,-1.34316263301239,0.0545589611562652
0.87912168966214,-7.79355192832082,-11.376010202808,-9.67309404469627,-0.375092653944794,-1.30181610005593,0.0610187615199727
0.907608527282343,-7.54588084031266,-11.0071977699837,-9.30066738368341,-0.0990210595243694,-1.26030943606618,0.0673014885764363
0.9321461448531,-7.30234311732703,-10.6413076278614,-8.92830361425009,0.175015557253014,-1.21874769591666,0.0734015317159792
0.952944928555358,-7.06267160155176,-10.2780993416393,-8.55590878809338,0.446912676895632,-1.17722595326092,0.0793148118607702
0.970230926991275,-6.82657726467474,-9.91731276533022,-8.1833768150904,0.716583848703841,-1.13583007101496,0.0850385798682851
0.984243895474439,-6.59375209877614,-9.55867080324643,-7.81059102483965,0.983959530457003,-1.09463746150212,0.0905712206183329
0.995235500016294,-6.36387173327848,-9.20188189034003,-7.4374255856414,1.24898592616867,-1.0537178267974,0.0959120634447236
1.0034676756168,-6.13659780663607,-8.84664223001996,-7.0637468101667,1.51162382756063,-1.01313387925675,0.101061199860431
1.00921112956843,-5.91158010369404,-8.49263780103339,-6.6894143539772,1.77184746254418,-0.972942039705233,0.106019309093396
1.01274398138422,-5.68845848320181,-8.1395461634674,-6.3142823272684,2.02964335607084,-0.933193113327065,0.110787491970612
1.01435052939694,-5.46686461400202,-7.78703808440887,-5.93820033175681,2.28500920800063,-0.893932942602168,0.115367113478022
1.01432012942554,-5.24642351693832,-7.43477897266725,-5.56101441079352,2.53795278216355,-0.855203033369614,0.119759653723622
1.01294617944656,-5.02675495947032,-7.08243018275035,-5.1825679550694,2.78849081911281,-0.817041158407846,0.123966567934709
1.01052519619911,-4.80747470415126,-6.72965018261492,-4.80270255539913,3.03664796819131,-0.779481935646296,0.127989155161812
1.00735597310816,-4.58819563216046,-6.37609560813121,-4.4212588160556,3.28245574109373,-0.742557381488218,0.131828435696433
1.0037388099136,-4.36852876557209,-6.02142223039289,-4.03807714372354,3.52595149257943,-0.706297440227771,0.135485037306115
0.999974800192358,-4.14808419124468,-5.66528583315029,-3.65299850718722,3.76717741899835,-0.670730487286727,0.138959089786317
0.996365171324024,-3.9264719248867,-5.30734304692024,-3.26586519623534,4.00617959309012,-0.635883809774023,0.142250128418867
0.993210660908504,-3.70330270538336,-4.9472521198531,-2.87652156405938,4.24300701386578,-0.601784060183586,0.145357005434035
0.99081092568853,-3.47818875842498,-4.58467367236071,-2.48481478067987,4.47771069457502,-0.568457686886126,0.1482778102382
0.989463969386074,-3.25074452614914,-4.21927142529615,-2.09059558891735,4.71034277155386,-0.535931338373847,0.151009797751192
0.98946558430642,-3.02058738981615,-3.85071293221327,-1.69371907848664,4.94095565072672,-0.504232243075803,0.153549325419112
0.991108794305754,-2.78733838436998,-3.47867030942965,-1.29404547395176,5.16960117270026,-0.473388562057707,0.155891798335871
0.994683295178432,-2.55062292997104,-3.10282099185496,-0.891440949314941,5.39632981567708,-0.443429716158379,0.158031623197803
1.00047488417637,-2.31007158731359,-2.72284851882188,-0.485778469201644,5.62118993247221,-0.414386686261583,0.159962171116711
1.0087648690843,-2.06532084059489,-2.33844335159942,-0.0769386584714874,5.84422700599041,-0.386292284799948,0.161675749075214
1.01982945598878,-1.81601393064236,-1.94930374639719,0.335189294126881,6.06548295400122,-0.359181399871061,0.163163581203719
1.03393910450171,-1.56180173396017,-1.55513667539512,0.750706698685695,6.28499545121471,-0.333091208768858,0.164415799330627
1.05135784836012,-1.30234370308662,-1.15565881147009,1.16970439014531,6.50279728648601,-0.308061361137277,0.165421443746335
1.07234257822949,-1.0373088757824,-0.750597582335426,1.59226172002204,6.71891576404407,-0.284134130901344,0.166168474880168
1.09714227899102,-0.76637695377032,-0.33969229411963,2.01844551014414,6.93337212477352,-0.261354534655752,0.166643795819411
1.12599722048588,-0.48923946016503,0.0773046674183008,2.44830897031383,7.14618100196956,-0.239770416006924,0.166833286660255
1.15913810070118,-0.205600979705853,0.500626556142321,2.88189058584946,7.35734992211077,-0.219432494872539,0.166721851573677
1.19678513496568,0.0848195171856674,0.930490903006764,3.31921296737156,7.56687882176302,-0.200394379538122,0.166293478590552
1.23914709451434,0.38228726219698,1.36709807096031,3.76028167622487,7.77475961138364,-0.182712541133111,0.16553131353753
1.28642029091193,0.687050188709197,1.8106297266064,4.20508402225458,7.98097576701722,-0.166446248741191,0.164417748398039
1.33878750653463,0.999337342069113,2.26124722835731,4.65358783772319,8.18550195145149,-0.151657464037563,0.162934524863323
1.39641687315937,1.31935720202235,2.71908993477153,5.10574023673042,8.38830367353849,-0.138410694490456,0.161062853943649
1.45946069954203,1.647295919451,3.18427343588886,5.56146636440007,8.58933698198859,-0.126772803998803,0.158783552191756
1.52805424823924,1.98331546818756,3.65688770738169,6.02066813504119,8.78854818300057,-0.116812779877171,0.156077194914208
1.6023144684827,2.32755172052254,4.13699520158624,6.48322298212048,8.98587360641751,-0.108601455653531,0.152924287307746
1.6823386806979,2.68011244099567,4.62462886221129,6.94898259614753,9.18123937492148,-0.102211188415622,0.149305453066907
1.76820322881735,3.04107522182034,5.11979010117921,7.41777170872084,9.37456124698332,-0.0977154907602317,0.145201641904249
1.85996209280725,3.41048534887591,5.62244671299205,7.88938687995398,9.56574446207722,-0.0951886161337689,0.140594354772273
1.95764547512778,3.78835361939528,6.13253075886413,8.36359533431643,9.75468363695665,-0.0947050974484373,0.135465887438027
2.0612583620813,4.17465411167686,6.64993641569834,8.84013383274587,9.94126268532652,-0.096339238304324,0.129799591556078
2.17077907389625,4.56932193099399,7.17451782373559,9.31870762234583,10.1253547974806,-0.100164556661844,0.123580153073549
2.28615780306889,4.97225092713452,7.70608691913308,9.79898943906931,10.3068224392686,-0.106253180259072,0.116793886418311
2.40731515946274,5.38329141744231,8.24441129864009,10.2806186192087,10.4855174202586,-0.114675193698545,0.109429043814014
2.53414072639967,5.80224791884442,8.78921211374613,10.7632003079572,10.661281004587,-0.125497936658781,0.101476137690681
2.66649163915233,6.22887690613621,9.34016201328956,11.2463047817591,10.8339440708647,-0.13878525281702,0.0929282742672094
2.8041912078165,6.66288463782183,9.89688318816224,11.7294669409289,11.0033273642322,-0.154596689632645,0.0837814962633484
2.9470275911842,7.10392505364354,10.4589455136188,12.2121859557376,11.1692418100547,-0.172986648690754,0.074035131529914
3.09475254213723,7.55159777865456,11.0258648304622,12.6939251042971,11.3314889139259,-0.194003487011912,0.0636921445264317
3.24708025032693,8.00544628012807,11.597101420606,13.1741118533646,11.4898612808587,-0.217688570624606,0.0527594870419519
3.40368629250271,8.46495618337394,12.1720586716923,13.6521381605709,11.6441432207246,-0.244075281529667,0.0412484436651748
3.56420673282088,8.92955382953464,12.7500820361475,14.1273611013732,11.7941115171072,-0.273187982012748,0.0291749676292267
3.72823738111568,9.39860506996439,13.3304582589896,14.5991037714983,11.9395363021712,-0.305040939679669,0.0165600014418588
3.89533325799382,9.8714143924152,13.9124149923962,15.0666565751676,12.0801821168582,-0.339637220958377,0.00342977678893764
4.06500828475678,10.3472243935066,14.4951207961845,15.5292788725723,12.2158091184104,-0.376967561245311,-0.0101839127805573
4.2367352417957,10.8252156753909,15.0776856123185,15.9862010556846,12.3461744764411,-0.417009224519205,-0.0242434731553314
4.40994602355576,11.3045072029272,15.6591617402426,16.4366270506852,12.4710339400802,-0.459724867568225,-0.0387053123140345
4.58403223176743,11.7841571917994,16.2385453862799,16.8797372921593,12.590143595419,-0.505061429080469,-0.0535196921302101
4.75834613969264,12.2631645746189,16.8147788257339,17.3146921734237,12.7032617994041,-0.55294906759289,-0.068630637529231
4.93220205835288,12.7404710883559,17.3867532105124,17.7406359688249,12.8101512701906,-0.60330017677221,-0.083975911414202
5.10487814376442,13.2149640493572,17.9533120858184,18.1567012525551,12.9105813342784,-0.656008512410325,-0.0994870640781638
5.27561865876755,13.6854798192036,18.5132555928912,18.5620137471951,13.0043302638802,-0.710948467459945,-0.115089565457615
5.44363672825087,14.1508080352526,19.0653454320199,18.9556976330679,13.0911877088218,-0.767974538859411,-0.130703028801448
5.60811758639606,14.609696580531,19.6083105258722,19.3368812120494,13.1709571294155,-0.826921028678347,-0.146241533181362
5.76822233788049,15.0608573365007,20.1408534191863,19.7047029169784,13.2434582071522,-0.887602027460683,-0.16161405197476
5.92309221854033,15.5029726753669,20.6616573362561,20.058317544494,13.3085291332345,-0.949811723547025,-0.176724992559654
6.07185335428261,15.9347026940777,21.1693938833107,20.3969026577423,13.366028725677,-1.01332508260208,-0.191474851282702
6.21362199332567,16.3546931411508,21.6627313191791,20.7196650467537,13.4158382899913,-1.07789893440359,-0.205760985271936
6.34751017687271,16.7615839740332,22.1403433063229,21.0258471305438,13.4578631428824,-1.1432734956163,-0.219478499989696
6.47263180349185,17.1540184725052,22.6009180457133,21.314733185712,13.4920337272309,-1.20917434601573,-0.23252124831779
6.58810903662285,17.5306528327649,23.0431677063782,21.5856553039546,13.518306267805,-1.2753148622465,-0.244782933613293
6.69307897414399,17.8901661007494,23.4658379829628,21.8379989208671,13.5366628912405,-1.34139909248962,-0.256158304578866
6.78670051759441,18.2312703686093,23.8677177117549,22.0712078655834,13.5471112155247,-1.40712504162954,-0.2665444267215
6.86816133664394,18.5527210605637,24.2476483580544,22.2847887869381,13.5496833700396,-1.47218831009981,-0.275842009847806
6.93668483205666,18.8533271690397,24.6045332455107,22.478314885222,13.5444344693537,-1.53628601204998,-0.283956767621701
6.9915369964487,19.1319613039075,24.9373464115685,22.6514289091824,13.5314405972641,-1.59912088027574,-0.290800781796645
7.03203304793399,19.3875693615431,25.2451409101672,22.8038453384474,13.5107963473771,-1.66040544494958,-0.2962938400686
7.05754372908902,19.6191796742342,25.5270564620241,22.9353517612648,13.4826120316095,-1.71986616550367,-0.300364715360187
7.06750114861295,19.8259114609196,25.7823263073459,23.0458094297759,13.4470106577943,-1.77724738530673,-0.30295235296229
7.06140405728709,20.0069824362141,26.0102831659733,23.1351530309316,13.4041248122308,-1.83231498149993,-0.304006933014539
7.03882244584959,20.1617154136954,26.2103641821142,23.2033896916017,13.3540935669164,-1.88485958706438,-0.303490777413915
6.99940137923525,20.2895437990236,26.3821148039439,23.2505973018912,13.2970595583502,-1.93469928079948,-0.301379074495533
6.94286398530513,20.3900158564913,26.5251915240712,23.2769222127006,13.2331663510511,-1.98168165937064,-0.297660399301395
6.86901353608741,20.4627976604153,26.6393634306718,23.2825763733547,13.1625561820485,-2.02568523236956,-0.292337013446814
6.77773459182081,20.5076747029559,26.72451258167,23.2678340131837,13.0853681771808,-2.06662011465227,-0.285424936055276
6.66899319031206,20.5245521283838,26.7806331940649,23.2330279316001,13.0017370779607,-2.10442801887103,-0.276953784189797
6.54283609319313,20.513453610271,26.8078296814446,23.1785454731232,12.911792494567,-2.13908158333868,-0.266966388898463
6.39938912531407,20.4745189229155,26.8063135983083,23.1048242604995,12.8156586700402,-2.17058309858752,-0.255518200089799
6.23885466881606,20.4080002992223,26.7763995844448,23.0123477636461,12.7134547181139,-2.19896272018697,-0.242676499824973
6.06150837905529,20.3142576499502,26.7185003630025,22.9016407245733,12.6052952452196,-2.22427626737662,-0.228519448175057
5.8676952243811,20.1937528022965,26.633120940732,22.7732645201053,12.4912912876394,-2.24660272298129,-0.21313499035409
5.65782494867422,20.0470428851296,26.5208521082068,22.6278124841149,12.3715514545525,-2.26604154724634,-0.196619655545312
5.43236707385835,19.8747730363102,26.3823633945174,22.4659052481483,12.2461831880112,-2.28270991758083,-0.179077279135796
5.19184554743998,19.6776685592709,26.2183955641752,22.2881860954784,12.1152940220927,-2.29673998957274,-0.160617679051729
4.93683316261756,19.4565267399827,26.0297528558741,22.095316417005,11.9789927857758,-2.30827626904162,-0.141355316094257
4.66794584790593,19.2122084351481,25.8172950334084,21.8879712488661,11.8373906504292,-2.31747315583527,-0.12140796470237
4.38583693955242,18.945629621801,25.5819294309224,21.6668349721132,11.6906019954001,-2.32449271076113,-0.100895418159082
4.09119152125155,18.6577530112588,25.324603066217,21.4325971700723,11.538745038586,-2.32950266872595,-0.0799382480315451
3.78472092188415,18.3495798865479,25.0462949806891,21.185948720154,11.3819422418406,-2.33267471157706,-0.0586566343586903
3.46715743546752,18.0221422461266,24.7480088718106,20.9275781280277,11.220320481992,-2.33418299109605,-0.037169278958593
3.1392493242048,17.6764953603829,24.4307661261795,20.658168157643,11.0540110187379,-2.33420288490233,-0.0155924109349953
2.8017561455443,17.3137107949157,24.0955992995511,20.3783927676822,10.8831492810993,-2.33290995422385,0.00596110988131969
2.45544443829094,16.9348699709892,23.7435461221039,20.088914400332,10.7078745234824,-2.33047907095911,0.0273825885309058
2.1010837859885,16.5410582935354,23.3756440610172,19.7903816363818,10.5283293928698,-2.32708367588986,0.0485681890157175
1.73944326552245,16.1333598671517,22.9929254664233,19.4834272315257,10.3446594537585,-2.3228951310485,0.0694195282646186
1.37128827635332,15.7128527866105,22.5964132857209,19.1686665186312,10.1570127034719,-2.31808212931837,0.0898441728059667
0.997377739857525,15.2806049965111,22.1871173481559,18.8466961784982,9.96553911960519,-2.31281013204164,0.109756042113971
0.618461649194771,14.8376707030816,21.7660312104898,18.518093374697,9.7703902754855,-2.30724081172314,0.129075723472729
0.23527894148456,14.3850872845285,21.3341295055151,18.1834152079506,9.57171903474131,-2.30153147984516,0.147730703538813
-0.151444338682673,13.9238726644219,20.892365763695,17.8431984704587,9.36967934455105,-2.29583449089885,0.165655522169042
-0.540996619158256,13.4550230705658,20.4416706173821,17.4979596288423,9.16442611470483,-2.29029661493658,0.182791853784337
-0.932682159693237,12.9795111650993,19.9829503917837,17.1481950448204,8.95611520618122,-2.28505838834553,0.199088522180066
-1.32582222715765,12.49828445105,19.5170859660014,16.7943813389918,8.74490349314553,-2.28025344519194,0.214501453703724
-1.71975612069492,12.0122639167939,19.0449318693357,16.4369758719355,8.53094899302091,-2.2760078450529,0.228993574069552
-2.11384207895463,11.5223428691215,18.567315559998,16.0764173005024,8.31441104601384,-2.27243941446995,0.242534653784229
-2.50745809595595,11.0293859020768,18.0850368238776,15.7131261578289,8.09545051660871,-2.26965711954109,0.255101106787431
-2.90000266879466,10.534227969556,17.5988672594091,15.3475054289338,7.87422999835732,-2.26776049057624,0.266675746996417
-3.2908954939517,10.0376735292696,17.1095498094672,14.9799410883634,7.65091399807894,-2.26683911776249,0.277247507198993
-3.67957812427514,9.54049573899218,16.6177983178267,14.6108025798552,7.42566908096627,-2.2669722362088,0.286811124789014
-4.06551459347004,9.04343569349057,16.1242970953942,14.2404432240294,7.19866396043499,-2.26822841608719,0.295366798832117
-4.44819200693625,8.54720169203946,15.6297004785679,13.8692005370391,6.97006951507999,-2.27066536863105,0.302919822765374
-4.82712109683414,8.0524685440051,15.1346323878537,13.4973964654397,6.74005872715323,-2.27432987723382,0.309480197368885
-5.20183673919329,7.55987692805489,14.6396859071887,13.1253375537171,6.50880654377251,-2.27925785970929,0.315062228872823
-5.57189841510164,7.07003280268802,14.1454228680049,12.7533150287581,6.27648964777545,-2.2854745571425,0.319684116247739
-5.93689061357025,6.5835068990807,13.6523734822251,12.3816048395376,6.04328615398981,-2.29299484895266,0.323367532835296
-6.29642315625593,6.10083430225299,13.1610360204359,12.0104676482662,5.80937522802324,-2.30182368214803,0.326137206390158
-6.65013144477854,5.62251415190423,12.671876583052,11.6401488166275,5.57493664996196,-2.31195660764652,0.328020502632956
-6.99767660176418,5.14900946025757,12.1853289430688,11.2708783689925,5.34015031746256,-2.32338040199119,0.329047015600324
-7.33874552353142,4.68074708464558,11.7017945298265,10.9028709984826,5.10519572481602,-2.3360737671123,0.329248170128352
-7.67305080941832,4.21811784123711,11.2216425131324,10.5363260821385,4.87025140849476,-2.35000807987697,0.328656838758931
-8.00033058649798,3.76147678463182,10.7452100391299,10.1714277570681,4.63549439139232,-2.36514818027496,0.327306977470596
-8.32034821619979,3.31114364719154,10.2728026029402,9.80834504937363,4.40109963035814,-2.38145317527043,0.325233282562628
-8.63289189372506,2.86740344186965,9.80469457369219,9.44723207699767,4.16723948556065,-2.39887724299558,0.322470871535604
-8.93777413230303,2.43050721853026,9.34112985509316,9.08822831772414,3.93408321661082,-2.41737041682356,0.319054989471226
-9.23483115454915,2.00067297134117,8.88232269538363,8.73145896343224,3.70179652325232,-2.43687933851818,0.315020743026163
-9.52392217987948,1.57808668010798,8.42845861725276,8.37703534050129,3.47054112967157,-2.45734796174763,0.310402862369981
-9.80492864319627,1.16290347810906,7.97969548213996,8.02505541904902,3.24047442890248,-2.47871820153661,0.305235492542672
-10.0777533250475,0.755248925037267,7.5361646472946,7.67560437868275,3.011749179556,-2.50093051257492,0.299552013372536
-10.3423194255424,0.355220373462821,7.09797222151842,7.32875524487288,2.78451326536106,-2.52392439513077,0.293384888472784
-10.5985695939296,-0.0371115892249658,6.6652004026213,6.98456958748224,2.55890951709802,-2.54763882379253,0.286765542748282
-10.8464649040456,-0.421701640245996,6.23790886734234,6.64309825923881,2.33507559045748,-2.57201259117865,0.279724267006456
-11.085983816592,-0.798528177327795,5.81613621893053,6.30438218684987,2.11314390519069,-2.5969845730033,0.272290149475048
-11.3171211042825,-1.16759174525771,5.39990145751859,5.96845318479616,1.89324163431503,-2.6224939069061,0.264491032088745
-11.539886786056,-1.52891344829017,4.98920548091717,5.63533480590542,1.67549074659537,-2.64848009570361,0.25635349113101
-11.7543050347122,-1.88253335639239,4.58403258225552,5.30504319726562,1.46000808960666,-2.67488302775823,0.247902839718651
-11.960413113763,-2.22850892087282,4.18435195692791,4.97758797961393,1.24690551560446,-2.70164292950113,0.23916315175476
-12.1582602949576,-2.56691339990059,3.79011918781024,4.65297311837534,1.03629003717845,-2.72870024193435,0.230157304619698
-12.3479068093602,-2.89783430785458,3.40127772114705,4.33119780301552,0.828264012840599,-2.75599543679113,0.220907040113675
-12.529422794334,-3.22137188537044,3.01776031394992,4.01225731344957,0.622925352664812,-2.78346876787119,0.211433041317497
-12.7028872816964,-3.53763760264167,2.63949046203819,3.69614388557885,0.42036774139182,-2.81105997200987,0.201755024702354
-12.8683871719618,-3.84675268332653,2.26638379259674,3.38284755464439,0.22068087044784,-2.83870791183533,0.191891845077302
-13.0260162571866,-4.14884666532441,1.89834943518857,3.07235699380542,0.0239506762686699,-2.8663501786453,0.18186161305429
-13.1758742286642,-4.44405597911804,1.53529135946019,2.76466032892007,-0.169740421682065,-2.89392264563397,0.171681822698475
-13.3180657209609,-4.73252255680879,1.17710969096126,2.45974594297011,-0.36031328693462,-2.92135898704763,0.161369488902204
-13.452699355591,-5.01439245770369,0.823702002317254,2.1576032614694,-0.547691840555332,-2.94859015918532,0.150941292724619
-13.5798867925363,-5.28981450932616,0.474964585406298,1.85822352220169,-0.731802847862069,-2.97554384887615,0.140413733659326
-13.6997417976224,-5.55893896352529,0.130793708764041,1.56160053121184,-0.912575721554508,-3.00214389481571,0.129803287736569
-13.8123793023463,-5.82191615499972,-0.20891313649745,1.26773140272246,-1.08994234350062,-3.0283096801142,0.119126570026914
-13.9179144625088,-6.07889516045506,-0.54425599687424,0.976617285567735,-1.26383690828633,-3.05395550084104,0.108400500451196
-14.0164617211669,-6.33002245733868,-0.875331219008057,0.688264077168536,-1.43419579192996,-3.07898991515133,0.0976424716961737
-14.1081338496786,-6.57544056738771,-1.20223020974759,0.40268312373144,-1.60095744576344,-3.10331507069623,0.0868705177269204
-14.1930410150258,-6.81528670432174,-1.5250381942227,0.119891908447842,-1.76406232280798,-3.12682602456172,0.0761034818380786
-14.2712897924342,-7.04969138639408,-1.84383296368418,-0.160085276060329,-1.92345282931203,-3.14941004191783,0.0653611821908222
-14.3429822138409,-7.2787770555944,-2.15868362109654,-0.437216671251403,-2.07907331361754,-3.17094589775968,0.0546645737541466
-14.408214764525,-7.50265666150373,-2.46964931575141,-0.711462415611511,-2.23087008182087,-3.19130316751934,0.0440359043425254
-14.467077434891,-7.72143226579611,-2.77677798589224,-0.982773934724092,-2.37879145595491,-3.21034153609855,0.0334988631915439
-14.5196527283574,-7.93519362117474,-3.08010510045446,-1.25109336201977,-2.52278785967428,-3.22791011036297,0.0230787193895178
-14.5660147060704,-8.14401677283179,-3.37965242242605,-1.51635300261649,-2.66281194280523,-3.24384676108168,0.0128024479474047
-14.6062280281259,-8.34796266979263,-3.67542679842085,-1.77847484830836,-2.79881873582421,-3.25797749489319,0.00269884059187242
-14.6403470831023,-8.5470758496367,-3.96741901247443,-2.03737016704142,-2.93076584808508,-3.27011588786054,-0.00720140174672764
-14.6684151311845,-8.7413831702115,-4.25560270745653,-2.29293917517776,-3.05861369134431,-3.28006257687264,-0.0168655983119815
-14.6904635313175,-8.93089264688843,-4.53993341607303,-2.5450708190479,-3.1823257357423,-3.28760483939454,-0.0262590434726663
-14.7065111002273,-9.11559244769172,-4.82034774697881,-2.79364269611635,-3.30186880100567,-3.29251628914547,-0.035344991492462
-14.7165636069391,-9.2954500766253,-5.09676276408502,-3.03852114208321,-3.41721337448199,-3.29455670748149,-0.0440846756630672
-14.7206134255245,-9.47041179025219,-5.36907560645076,-3.2795615145403,-3.5283339491056,-3.29347203658371,-0.0524373665908381
-14.7186394473686,-9.64040234757637,-5.63716343021546,-3.51660872388062,-3.63520939136877,-3.28899458008122,-0.0603604749452785
-14.7106071996468,-9.80532509891227,-5.90088370394527,-3.74949803080991,-3.73782331055547,-3.2808434237774,-0.0678097036666939
-14.6964693342849,-9.96506256362365,-6.1600749732635,-3.97805618049042,-3.83616445176692,-3.26872513905788,-0.0747392553799112
-14.6761664887018,-10.1194775455342,-6.41455815550869,-4.20210290817131,-3.93022709444609,-3.25233479552102,-0.0811021001379415
-14.6496285271872,-10.2684148381983,-6.66413842446364,-4.42145284752407,-4.020011437232,-3.23135731081456,-0.0868503080815196
-14.6167763149177,-10.4117036710926,-6.90860780729389,-4.63591791148402,-4.10552398833725,-3.20546919588297,-0.0919354516955611
-14.5775239329594,-10.549160876393,-7.1477485036857,-4.84531013891389,-4.18677791455278,-3.17434069680818,-0.0963090799887405
-14.5317815702889,-10.6805949819322,-7.38133708110751,-5.04944509412666,-4.26379339522831,-3.13763840189814,-0.0999232673775628
-14.4794588496839,-10.8058110838078,-7.60914945803275,-5.24814574039983,-4.33659789331815,-3.09502827079954,-0.102731235185417
-14.4204688810057,-10.9246167272381,-7.8309668325917,-5.44124687352084,-4.40522641580024,-3.04617915083644,-0.104688044663
-14.3547327821122,-11.0368286022583,-8.04658241284163,-5.62859999366559,-4.4697216785599,-2.99076671424465,-0.105751353932475
-14.2821847478127,-11.1422800877123,-8.25580894765142,-5.81007859112926,-4.53013419976751,-2.92847781090476,-0.10588223014531
-14.2027775234786,-11.2408294829937,-8.45848690473294,-5.98558371631477,-4.58652228741871,-2.85901516813124,-0.105046002954075
-14.1164882128548,-11.3323687914038,-8.65449314307964,-6.1550497069294,-4.6389519208279,-2.78210236836636,-0.103213142054245
-14.023324101162,-11.4168326875738,-8.84374973542726,-6.31844981342456,-4.68749645755413,-2.69748896925823,-0.100360135952042
-13.9233284270079,-11.4942074647116,-9.02623270192615,-6.47580154444086,-4.73223619295955,-2.60495566716018,-0.0964703475732558
-13.8165857235715,-11.5645394719241,-9.20198018318146,-6.6271713957532,-4.77325770948659,-2.50431932980913,-0.0915348174055825
-13.7032264002413,-11.6279425553987,-9.37109956658786,-6.77267862488712,-4.81065298015458,-2.39543772869101,-0.0855529838110369
-13.5834303292166,-11.6846040702574,-9.53377311428566,-6.91249776957745,-4.84451823376032,-2.27821381672174,-0.0785332908158609
-13.4574288763799,-11.7347887368815,-9.6902614009867,-7.04685944612668,-4.87495248069188,-2.15259934589434,-0.0704936535988483
-13.3255052706992,-11.7788399974448,-9.84090418077334,-7.17604920075308,-4.90205576147355,-2.01859771600469,-0.0614617588341354
-13.1879927058139,-11.8171781068722,-9.98611796550644,-7.30040395273383,-4.92592699482416,-1.87626588603652,-0.0514751804171867
-13.0452701018776,-11.8502946814971,-10.1263900145288,-7.42030588029981,-4.94666148507328,-1.72571530485823,-0.0405813024449689
-12.8977552247934,-11.8787432718532,-10.2622683275168,-7.53617352649046,-4.9643480458259,-1.56711182082073,-0.0288370498697471
-12.7458951329219,-11.9031258284676,-10.3943475125096,-7.64845010796969,-4.97906577388632,-1.40067461744837,-0.0163084392142726
-12.5901539199063,-11.9240750018132,-10.5232504915305,-7.75758907169572,-4.99088047585231,-1.22667426806955,-0.00306997247574424
-12.4309980453143,-11.9422326009943,-10.6496063688781,-7.86403720168806,-4.99984084085875,-1.04543008164445,0.0107960922941393
-12.2688794839382,-11.9582245700104,-10.7740248469072,-7.96821560729432,-5.00597439203352,-0.857306933110993,0.0252005528284
-12.1042172524472,-11.9726332413221,-10.897067954727,-8.07049918633162,-5.00928334358241,-0.662711819505915,0.0400481111443114
-11.9373779438897,-11.9859677866821,-11.0192200239566,-8.17119525878981,-5.00974048726876,-0.462090377950454,0.0552382124502008
-11.7686559767482,-11.9986339371251,-11.1408570007689,-8.27052215712954,-5.00728523515247,-0.255923579065563,0.070665831375714
-11.5982544659554,-12.0109043096712,-11.2622164400031,-8.36858872483475,-5.00182000965348,-0.0447247685590951,0.0862221702333064
-11.4262675938431,-12.0228907003407,-11.3833695571871,-8.4653756736623,-4.99320714957477,0.170962845455535,0.101795244650253
-11.2526654093986,-12.0345197833516,-11.5041967919846,-8.56071978726969,-4.98126652258835,0.390568244291328,0.11727034523897
-11.0772819941223,-12.045513676447,-11.6243683555923,-8.65430195695486,-4.96577405201294,0.613494268918104,0.132530378874502
-10.8998077880174,-12.0553766638271,-11.7433310700055,-8.7456399021397,-4.94646132686894,0.8391190772583,0.147456106818228
-10.719786826174,-12.0633892808343,-11.860302715592,-8.83408635650904,-4.92301648312943,1.06679763644917,0.161926310454289
-10.5366193518209,-12.0686105871718,-11.9742747280236,-8.9188332246756,-4.89508646564851,1.29586354534514,0.175817923913543
-10.3495701360082,-12.0698892125648,-12.0840238367454,-8.99892204084779,-4.86228078023097,1.52563150871044,0.189006179926117
-10.15778244492,-12.0658832072703,-12.1881326824756,-9.07326066721018,-4.82417673598842,1.75540075638473,0.201364814884007
-9.96029734728289,-12.0550883146686,-12.285019027772,-9.14064588167142,-4.78032613822777,1.98445964739695,0.212766376554809
-9.75607768800376,-12.0358737224057,-12.3729726058162,-9.19979111385793,-4.73026329533686,2.21209160012044,0.223082669468855
-9.54403568312965,-12.0065237737271,-12.4501980655923,-9.24935818816482,-4.67351409459594,2.4375823512164,0.232185360285154
-9.32306292450965,-11.965283804814,-12.5148621490328,-9.28799173065105,-4.60960587676342,2.66022842573476,0.239946754138172
-9.09206124251914,-11.9104077642411,-12.5651427113393,-9.31435454141851,-4.53807770511579,2.87934652542605,0.246240735321445
-8.8499729173543,-11.8402052650968,-12.5992771891392,-9.32716225916812,-4.45849065018884,3.09428344588815,0.250943855541302
-8.59580868971627,-11.7530856502503,-12.6156080445595,-9.32521560776351,-4.37043766432699,3.30442602213277,0.253936540536809
-8.32867220348554,-11.647596897622,-12.6126229611827,-9.30742870855679,-4.27355265364967,3.50921055612431,0.255104379366667
-8.04777982726686,-11.5224576502886,-12.588988035647,-9.27285228737453,-4.1675184315635,3.70813119764974,0.254339459249905
-7.75247512314101,-11.3765811475014,-12.543572705987,-9.22069096118579,-4.05207330245065,3.900746790125,0.251541709341426
-7.44223767732644,-11.2090905125729,-12.4754658556439,-9.1503142855777,-3.92701614993879,4.08668580843729,0.246620223342142
-7.11668639151227,-11.0193254559403,-12.3839831470608,-9.06126167299663,-3.792210005555,4.26564913883933,0.239494537840382
-6.77557770614725,-10.8068410393901,-12.2686662428698,-8.95324171019528,-3.6475841874272,4.43741060282171,0.230095852283533
-6.41879951215971,-10.5713996073063,-12.1292750458902,-8.8261267255497,-3.49313519127005,4.6018152744031,0.218368184727424
-6.04636169204697,-10.3129572967109,-11.9657744036984,-8.6799436648479,-3.32892658175962,4.75877576973585,0.204269464043214
-5.6583843213892,-10.0316466969573,-11.7783168877522,-8.51486243511879,-3.1550881724903,4.90826679618389,0.187772563763296
-5.25508455985196,-9.72775724456781,-11.567223272316,-8.33118287104353,-2.9718147921015,5.05031832823067,0.16886628473131
-4.83676317125802,-9.40171481085142,-11.3329622025006,-8.12932136540506,-2.77936490684513,5.18500781754258,0.147556292882748
-4.40379148895,-9.05406175993474,-11.0761303547914,-7.90979805631682,-2.57805932743674,5.31245187567164,0.12386601637577
-3.95659945633932,-8.68543846346129,-10.7974340816666,-7.67322522371088,-2.36828014573711,5.43279784809956,0.097837501675981
-3.49566519873969,-8.29656698828152,-10.4976732470226,-7.42029732598855,-2.15046996317382,5.54621568389683,0.0695322237550885
-3.0215064053107,-7.88823739721828,-10.1777276664027,-7.15178287912524,-1.92513137649774,5.65289047809916,0.0390318404995248
-2.53467362222534,-7.46129681273514,-9.83854625045453,-6.86851813600709,-1.69282657971778,5.75301600612579,0.00643887611144331
-2.03574542509559,-7.01664118963041,-9.48113873690905,-6.57140235461651,-1.45417685650984,5.84678954022788,-0.0281226859910836
-1.52532531141302,-6.55520953324396,-9.10656966883359,-6.26139426938138,-1.20986165684854,5.93440817195237,-0.06450692462537
-1.00404006882079,-6.07798017336053,-8.71595414967525,-5.93950928539277,-0.960616907213674,6.01606681795964,-0.102545644006107
-0.472539310766299,-5.58596860051122,-8.31045480063209,-5.60681684850042,-0.707232188777144,6.09195801064267,-0.14204820904689
0.068504156603953,-5.0802263428405,-7.89127933420937,-5.26443745812759,-0.450546451539096,6.16227350835322,-0.182801585735564
0.618393475527987,-4.5618403672336,-7.4596781849203,-4.9135388476165,-0.191442009958326,6.22720766729521,-0.224570621406511
1.17640669766441,-4.03193254456851,-7.01694172602242,-4.55533097481293,0.069163307465094,6.28696241121497,-0.267098600624365
1.74179582599978,-3.49165882475608,-6.56439675229859,-4.1910596422963,0.330325812070261,6.3417535270729,-0.310108112652945
2.31378612543684,-2.94220788980727,-6.10340207251533,-3.82199876369337,0.591087168962829,6.39181787676056,-0.353302264907028
2.89157580996041,-2.38479921437023,-5.63534327366419,-3.44944153035533,0.85048671237155,6.43742100500528,-0.396366275114564
3.47433612604474,-1.82068060451833,-5.16162689882931,-3.07469094022308,1.10757419727541,6.47886448923069,-0.438969470812847
4.06121177616398,-1.25112542331431,-4.68367445823711,-2.6990503413021,1.36142214941151,6.51649228540784,-0.480767720197283
4.65132156504827,-0.677429806324906,-4.20291680668031,-2.32381476426822,1.61113686232606,6.55069525540375,-0.521406311759239
5.24375912768896,-0.100910216068799,-3.72078947456709,-1.95026386457669,1.85586706308281,6.58191306166273,-0.56052329310015
5.83759359460257,0.477098338977871,-3.23872948944195,-1.57965722942965,2.09480933763611,6.61063265940964,-0.597753268690236
6.43187010781486,1.05524318174807,-2.75817410636425,-1.21323264646539,2.32720959376826,6.63738277624118,-0.632731645890684
7.0256101537608,1.63215385079498,-2.28056163415184,-0.852207656689145,2.55236011948808,6.66272396569539,-0.665099301035563
7.61781180075866,2.20644109626824,-1.80733427975031,-0.497784376000676,2.76959218003998,6.68723415650022,-0.694507620714834
8.20745002582595,2.77669530923685,-1.33994260915397,-0.151157169733977,2.97826453163714,6.71148998034766,-0.720623849584194
8.79347741192958,3.34148491134134,-0.879850911871811,0.186477636778092,3.1777486881891,6.73604457545115,-0.743136649873014
9.37482557933482,3.89935540279478,-0.428542488790667,0.513911191177896,3.36741221319261,6.76140298820433,-0.76176175121101
9.9504077513387,4.44882987201082,0.0124763072081553,0.829912149970805,3.54660166568629,6.78799666652682,-0.77624754357537
10.5191228302482,4.98841178465104,0.441674528034542,1.13321893067424,3.71462705678309,6.81615880389245,-0.78638044426576
11.0798613113519,5.51659080236363,0.857498785134688,1.42253579664702,3.87074974728121,6.84610243254278,-0.791989858638348
11.6315132480561,6.03185221698764,1.25838012567636,1.69653422984642,4.01417559655458,6.87790310730156,-0.792952552864231
12.1729783417657,6.53269035032146,1.6427463578801,1.95386072704901,4.14405486475467,6.91148777684332,-0.789196269082267
12.70317808909,7.01762599194819,2.00904016772133,2.19315170267595,4.25948989435121,6.94663102149255,-0.780702438632736
13.2210697301001,7.48522762105726,2.35574291886867,2.41305562311439,4.35955096986959,6.98295924900139,-0.767507880692956
13.7256616446744,7.93413587552605,2.68140356527936,2.61226189928101,4.44330007375033,7.01996281528116,-0.74970541550265
14.2160296719872,8.36309041974123,2.98467164380068,2.78953544920231,4.50982152709322,7.05701535024672,-0.727443357257604
14.6913337724928,8.77095813990599,3.26433291237184,2.94375529216202,4.55825785769047,7.0933989988428,-0.700923889353337
15.1508343332634,9.15676137429216,3.51934585787874,3.0739550674017,4.5878486800054,7.12833380292304,-0.670400351021774
15.5939074182375,9.51970478156457,3.74887707744813,3.17936306008454,4.59797001686459,7.16100919001388,-0.636173489670689
16.0200582025631,9.85919936792245,3.95233342560025,3.25943916598601,4.58817132353288,7.19061542977954,-0.598586749736634
16.4289318861509,10.1748822515467,4.1293888767829,3.31390629494458,4.55820756982748,7.21637305063281,-0.558020688627696
16.8203214264741,10.4666308725044,4.28000426334395,3.34277398622606,4.50806405396442,7.23755848659711,-0.514886629592438
17.1941715562913,10.7345706159185,4.40443843418123,3.34635249579779,4.43797216579707,7.25352464692397,-0.469619685679924
17.5505787544761,10.9790751981831,4.50324992153445,3.32525628219196,4.34841503476831,7.26371561204418,-0.422671316684559
17.8897870192296,11.20075959066,4.57728883805177,3.28039658736511,4.24012279360986,7.267675165655,-0.374501606639447
18.2121796028489,11.4004657868736,4.62767943367079,3.21296363457316,4.11405801931144,7.26504939202975,-0.32557147375371
18.5182671118455,11.5792421985943,4.6557944007661,3.12439972019297,3.97139264058968,7.25558398344101,-0.276335037578981
18.8086726300688,11.7383178997673,4.66322257343256,3.01636509195474,3.81347817168428,7.23911722612394,-0.227232369238497
19.0841146567738,11.8790732100636,4.65173203035956,2.89069889414576,3.64181146455901,7.21556980643395,-0.178682836029669
19.3453888026305,12.0030082857387,4.6232307801723,2.74937761086439,3.4579982757585,7.18493266088558,-0.131079224914771
19.5933491570309,12.1117113355648,4.57972712823596,2.59447331937457,3.26371679087414,7.14725402321697,-0.0847827897039144
19.8288901428632,12.2068278881251,4.52329155173702,2.42811373721859,3.06068291112578,7.10262666554527,-0.0401193207718715
20.0529295255113,12.2900322401384,4.45602149991323,2.25244557460651,2.85061864917001,7.05117611839923,0.00262371202386491
20.2663930400891,12.363001848043,4.38001005232832,2.06960216401211,2.6352244763294,6.99305040903167,0.0431989391162351
20.4702008819426,12.4273950461053,4.29731888376584,1.88167581206644,2.41615598426143,6.92841161293567,0.0813998311729478
20.6652561225174,12.4848321465239,4.20995556471944,1.69069487019663,2.19500482804724,6.85742930323543,0.117060471490952
20.8524349275159,12.5368796976309,4.11985489820085,1.49860518313595,1.97328362829896,6.78027580301398,0.15005446028929
21.0325783979666,12.585037534255,4.02886379864102,1.30725537343316,1.7524143492139,6.69712304452536,0.180293070308033
21.2064857296344,12.6307281276429,3.93872911034926,1.11838532843468,1.53371960268401,6.60814075007589,0.207722785565754
21.3749084095755,12.6752877539105,3.85108776923486,0.933617270676885,1.31841635725932,6.51349564006935,0.2323223614213
21.5385452380609,12.7199590718784,3.76745878175933,0.754448868237908,1.10761160909018,6.41335140154814,0.254099545180539
21.6980378943665,12.7658847091724,3.68923657052358,0.582247941106921,0.902299662793517,6.30786915291054,0.273087590687264
21.8539669135058,12.8141016002501,3.61768536116343,0.418248436744957,0.703360776860105,6.19720821968502,0.289341691701278
22.0068479536354,12.8655358796961,3.55393437566948,0.263547443026313,0.511561007290737,6.08152707589306,0.302935445270998
22.1571282860967,12.920998209195,3.49897367892145,0.119103082348554,0.327553142121067,5.96098435475231,0.313957440030009
22.3051834729281,12.9811794703224,3.45365058486405,-0.0142668180837897,0.151878652931839,5.83573986939362,0.322508045990232
22.4513142462096,13.0466468103176,3.41866657540534,-0.135885353234672,-0.0150293979840167,5.70595561645096,0.328696463555942
22.5957436061779,13.117840050265,3.39457471442615,-0.245216519394777,-0.172842559359407,5.57179674496071,0.332638070354039
22.7386141966158,13.195068508468,3.38177757176838,-0.341864586119553,-0.321332376620207,5.43343248364152,0.334452087165089
22.879986021519,13.2785083151946,3.38052570095752,-0.425572885451406,-0.460365049505086,5.29103701303056,0.334259568497212
23.0198346271909,13.3682003529013,3.39091675694551,-0.496222021186866,-0.589895460939188,5.14479026999329,0.332181710948182
23.1580498360524,13.464048959625,3.4128953735692,-0.553827470422049,-0.709960681850902,4.99487864725746,0.328338461540515
23.2944352021414,13.5658216083933,3.44625397528537,-0.598536514770926,-0.820673058263179,4.84149555489848,0.322847401873575
23.4287083278936,13.6731497818718,3.49063473336105,-0.630624400642941,-0.922212982445054,4.68484179204609,0.315822878767614
23.5605022388922,13.7855313122209,3.54553291682972,-0.650489595861006,-1.0148214446057,4.52512568404097,0.307375350630312
23.6893679220847,13.902334409281,3.61030189043083,-0.658647985359988,-1.09879245059312,4.36256292523286,0.297610917522452
23.8147782712164,14.0228036723704,3.68416002553115,-0.655725847505639,-1.1744653903257,4.19737610751546,0.286631006444002
23.9361334461908,14.1460682158065,3.76619971978613,-0.642451463937601,-1.24221742869918,4.0297938915408,0.274532183432623
24.0527677435861,14.2711520459913,3.85539867120347,-0.61964526036165,-1.30245599420299,3.86004982719136,0.261406069345812
24.1639579958669,14.3969867195323,3.95063344973224,-0.588208439823984,-1.3556114414367,3.68838085114906,0.247339339748027
24.2689333540903,14.5224261411194,4.05069527215998,-0.549110151362309,-1.40212996168705,3.5150255021646,0.23241379223204
24.3668862708703,14.6462632559568,4.15430775614162,-0.503373333995634,-1.44246682043122,3.3402219285838,0.216706468725144
24.456984500106,14.7672483125106,4.26014630691683,-0.452059475944751,-1.47708000703264,3.16420579412574,0.2002898242159
24.5383837159002,14.8841081738461,4.36685864528369,-0.396252615698474,-1.50642437229573,2.98720818049787,0.183231934538881
24.610240403923,14.9955661333959,4.47308590886733,-0.337042985951954,-1.53094632967492,2.80945360613294,0.165596738794364
24.6717246531175,15.1003616464734,4.57748370463606,-0.275510746790427,-1.55107918608905,2.63115827518346,0.147444313118746
24.7220324748414,15.1972693847716,4.67874248002653,-0.212710268420575,-1.56723915356958,2.45252865652309,0.128831172978708
24.760397245441,15.2851170234507,4.77560660275134,-0.149655404897904,-1.57982207075666,2.27376046531806,0.109810600799982
24.7861000216397,15.3628013081248,4.86689163170866,-0.0873061534331925,-1.5892008487643,2.09503810385495,0.0904329958578779
24.7984784629188,15.4293020010413,4.95149935057224,-0.0265570206874703,-1.59572362908951,1.91653457923546,0.0707462420422573
24.7969343033696,15.4836935059393,5.02843028516052,0.0317726702910479,-1.5997126288605,1.73841189573462,0.0507960885621748
24.7809391403879,15.5251539367532,5.0967935062375,0.0869463948045449,-1.60146361411812,1.56082187052507,0.0306265368434868
24.750038679793,15.5529716971555,5.1558137039632,0.13831591798548,-1.60124594626268,1.38390732137947,0.0102802269648079
24.7038553763234,15.5665495753865,5.20483557913843,0.185324703272039,-1.59930311948823,1.20780353687434,-0.0102011842667409
24.642089746969,15.5654066206056,5.24332574641649,0.227509350009947,-1.59585371981848,1.03263994540965,-0.0307766614854882
24.5645202713293,15.5491778747075,5.27087232863061,0.264499224262199,-1.59109270910421,0.858541872269743,-0.0514054530538549
24.4710022344354,15.517612332731,5.2871825512586,0.296014485723335,-1.58519296676488,0.685632297035464,-0.0720467848487889
24.3614655198035,15.4705692953089,5.29207859123988,0.321862730940317,-1.57830700426386,0.514033513263538,-0.0926595918057073
24.2359116123886,15.4080134343714,5.28549198930696,0.341934480818261,-1.57056879104161,0.343868613469466,-0.113202292613463
24.0944099267712,15.3300087934002,5.26745689349903,0.35619773372401,-1.56209563045346,0.17526273026857,-0.133632611318487
23.9370934501939,15.2367118496144,5.23810235446952,0.364691790171021,-1.55299002603978,0.00834398124474534,-0.15390744704887
23.7641540803683,15.1283639978242,5.197643954836,0.367520543032794,-1.54334151367094,-0.156755914935809,-0.173982793446705
23.5758375171308,15.0052834685079,5.14637491651446,0.364845400064093,-1.53322841075243,-0.319901372674054,-0.193813704960593
23.3724377447446,14.8678567909195,5.0846568452498,0.356877988137273,-1.52271945351028,-0.48095302280418,-0.213354305726283
23.1542915382096,14.716530152485,5.0129103378242,0.343872776796231,-1.51187532640252,-0.639768138781539,-0.232557838902946
22.9217725268005,14.5518004238281,4.93160546467879,0.326119728851679,-1.50075003522076,-0.796201371984021,-0.25137674522153
22.6752853250601,14.3742062342556,4.84125234105514,0.30393708736078,-1.48939214372497,-0.950105767877462,-0.269762766808574
22.415259583312,14.1843190601111,4.74239184735129,0.277664386832455,-1.47784585473978,-1.10133401436882,-0.287667065768299
22.1421440597993,13.9827344457928,4.63558660762814,0.24765577086956,-1.46615193582333,-1.24973987127358,-0.305040348747733
21.8564007231511,13.7700634175187,4.52141231087786,0.214273688874786,-1.45434848580912,-1.3951797212512,-0.32183298755998
21.5584991523918,13.5469243126213,4.40044950947855,0.177883039149128,-1.44247155757695,-1.53751419623487,-0.337995130103584
21.2489111119405,13.3139349996305,4.27327594246116,0.13884581252516,-1.43055562850994,-1.67660981265068,-0.353476791486881
20.9281054443094,13.0717056299821,4.14045948125518,0.0975162848597144,-1.41863392924387,-1.81234056526551,-0.368227920158541
20.5965434189711,12.8208320545881,4.00255178512226,0.0542367955008043,-1.4067386431345,-1.94458943785237,-0.382198436045721
20.2546745313324,12.561889941582,3.86008271345396,0.00933413604935485,-1.39490098138892,-2.07324978491603,-0.395338237498941
19.9029328012536,12.2954296585825,3.71355554096552,-0.0368834381463772,-1.38315114487967,-2.19822655043081,-0.407597177004824
19.5417337445005,12.0219720491378,3.56344302946199,-0.0841285752344372,-1.37151819511582,-2.31943731417692,-0.418925010846713
19.1714718265532,11.7420049963044,3.41018432466227,-0.132136587887552,-1.36002983486117,-2.43681312759385,-0.429271323115965
18.7925186607314,11.4559809340882,3.25418271441871,-0.180666636805433,-1.34871213330258,-2.55029916156802,-0.438585436197433
18.4052217019712,11.1643151407657,3.09580417425805,-0.22950237591015,-1.33758919836428,-2.6598551380418,-0.446816311126488
18.0099036471291,10.8673849189698,2.93537669398638,-0.278452110942171,-1.3266828338541,-2.76545558299014,-0.453912453206683
17.6068622591628,10.5655294564264,2.77319028061212,-0.327348526573918,-1.31601218640763,-2.86708987745158,-0.459821828063556
17.1963708362529,10.2590504594526,2.60949760886352,-0.376048047449719,-1.30559342490827,-2.964762160287,-0.464491806379615
16.7786789738064,9.94821329993616,2.44451519118131,-0.424429891515974,-1.2954394536458,-3.05849104957746,-0.467869141281081
16.3540138152887,9.63324874412225,2.27842502586648,-0.472394880486745,-1.28555969948087,-3.1483092367669,-0.469899996256396
15.922581543966,9.31435506580845,2.11137661535327,-0.519864058296083,-1.27595997750909,-3.23426293087172,-0.470530028810799
15.484569112436,8.99170049692878,1.94348929231895,-0.566777163356598,-1.2666424526435,-3.31641116638102,-0.469704540234294
15.0401461979212,8.66542596775766,1.774854798454,-0.613090989312454,-1.25760570718647,-3.39482498454251,-0.467368700068963
14.5894671774353,8.33564798485242,1.60554005073386,-0.65877764691822,-1.24884489903861,-3.46958644852807,-0.463467845678279
14.1326732678343,8.00246170826336,1.43559008981952,-0.703822735987088,-1.24035201174468,-3.54078752290672,-0.457947865693325
13.6698946522642,7.66594411257635,1.26503118210085,-0.748223407424241,-1.23211615776698,-3.6085287705512,-0.450755663410198
13.2012526550125,7.32615726574846,1.09387409219122,-0.791986288139228,-1.22412390093562,-3.67291787042847,-0.44183970111796
12.7268619036372,6.98315169921029,0.922117544226849,-0.835125221235204,-1.2163595379979,-3.73406792710086,-0.431150619686299
12.2468325531812,6.636969926987,0.749751914688789,-0.877658769422752,-1.20880527605923,-3.79209557899184,-0.418641929794542
11.761272499047,6.28765009507335,0.576763194986937,-0.919607413306198,-1.20144121568112,-3.84711887257522,-0.404270763859951
11.2702896952309,5.93522984895866,0.403137277740062,-0.960990386845416,-1.19424505700596,-3.8992549311225,-0.387998682412629
10.7739945181598,5.57975040910158,0.228864603726823,-1.00182208606064,-1.18719142446354,-3.9486174007299,-0.369792521048844
10.2725022881188,5.22126092939769,0.0539452017147859,-1.04210801429126,-1.18025072459191,-3.99531372466413,-0.349625269208472
9.7659358758427,4.85982310446478,-0.121605875646388,-1.0818402353825,-1.17338744315423,-4.03944224787117,-0.327476965076018
9.25442849712999,4.49551606542036,-0.297752743599818,-1.12099235495069,-1.16655782734092,-4.0810892366401,-0.303335597230367
8.73812660589316,4.12844148317801,-0.474432569905041,-1.1595140733996,-1.15970690994464,-4.12032584571371,-0.277197997358826
8.21719292712525,3.75872883792122,-0.65154926425879,-1.19732541816947,-1.15276489125991,-4.15720514309909,-0.249070713818856
7.69180951811079,3.3865407091352,-0.828967131676685,-1.23431080110702,-1.14564293114546,-4.19175926242087,-0.218970851482965
7.16218083734333,3.01207795341708,-1.00650470658771,-1.27031311765327,-1.13822847984464,-4.2239968239175,-0.186926867268156
6.6285366677467,2.63558454621347,-1.1839290263052,-1.30512814436179,-1.13038032961374,-4.25390072714708,-0.152979306958217
6.09113478974152,2.25735186083252,-1.36095065007735,-1.33849955013209,-1.1219236486258,-4.28142646930635,-0.117181470793528
5.55026324124311,1.87772211346723,-1.5372197562163,-1.37011486834078,-1.11264531978126,-4.30650113298976,-0.0795999931358143
5.00624200667702,1.49709069606274,-1.71232366608565,-1.39960280196317,-1.10228996698803,-4.32902320555357,-0.0403153208479067
4.45942394636494,1.11590711254972,-1.88578612824011,-1.42653222763296,-1.09055708674495,-4.34886337227815,0.000577926520980569
3.91019482756199,0.734674270423756,-2.05706867630672,-1.45041325089491,-1.07709972850334,-4.36586645405546,0.0429707316550799
3.35897229511934,0.35394591001351,-2.22557430218175,-1.47070060170062,-1.06152514601985,-4.37985460867358,0.0867396068596902
2.80620368216709,-0.0256779707937212,-2.39065361026782,-1.48679958667003,-1.04339780062867,-4.39063191191664,0.131746688945691
2.25236260986435,-0.403557755915655,-2.55161351804951,-1.49807471298261,-1.02224501631904,-4.39799040573295,0.177840013498639
1.69794436747574,-0.77902287475029,-2.70772843403891,-1.50386096657058,-0.997565463058652,-4.4017176285261,0.224853974000759
1.14346015150174,-1.15138234213682,-2.85825373229716,-1.50347760188795,-0.968840503831479,-4.40160561595168,0.272609963818478
0.589430297672592,-1.51993692022157,-3.00244120637334,-1.4962441561552,-0.935548266326556,-4.39746127186782,0.320917188845859
0.0363767100890797,-1.88399255382817,-3.13955608217193,-1.48149827695483,-0.897180122706738,-4.38911794739884,0.369573628533818
-0.51518525728436,-2.24287465122562,-3.26889507313286,-1.45861483843323,-0.853259080538326,-4.37644797265732,0.418367112319136
-1.06475517054018,-2.59594273381425,-3.38980490856268,-1.42702574182321,-0.803359428083176,-4.35937581051272,0.467076471071576
-1.61185582055445,-2.94260495269628,-3.50170073392058,-1.38623974182608,-0.747126841725773,-4.33789140823942,0.515472718518256
-2.15604114870915,-3.28233198493142,-3.60408379717904,-1.3358616244723,-0.684298068562475,-4.31206325375293,0.563320220561755
-2.69690349187141,-3.61466984045711,-3.69655784836585,-1.27561006133338,-0.614719237632706,-4.28205054486848,0.610377816595791
-3.23407988316338,-3.93925116983106,-3.77884373791567,-1.20533349480946,-0.538361841833334,-4.24811383014233,0.656399874376196
-3.76725717761409,-4.25580470248702,-3.85079173009523,-1.12502343479359,-0.455335453306302,-4.21062340465401,0.701137279773695
-4.29617582329806,-4.56416250475151,-3.91239109559412,-1.03482458016518,-0.365896293812965,-4.17006471776835,0.744338391022658
-4.82063213283763,-4.86426477496382,-3.96377655846634,-0.935041197010483,-0.270450866761706,-4.12704002504339,0.785750013890288
-5.34047894843548,-5.15616191994514,-4.00523118040566,-0.826139202196557,-0.169553974192279,-4.08226554436448,0.825118480747359
-5.8556246254794,-5.44001367171213,-4.03718526219705,-0.708743419727329,-0.0639005921438951,-4.03656345376432,0.862190935963266
-6.36603028265705,-5.71608501177914,-4.06021084273483,-0.583629516345937,0.0456887286350054,-3.99084821121788,0.896716936969194
-6.87170529625394,-5.9847386983597,-4.07501141201934,-0.451710208359184,0.158289020121629,-3.94610690968102,0.92845047212821
-7.37270107795092,-6.24642427114465,-4.08240655985312,-0.314015489033407,0.272898381685906,-3.90337372017463,0.957152472510252
-7.86910319773914,-6.50166348758998,-4.0833114330258,-0.17166687066574,0.388471177747176,-3.86369887455571,0.982593843750427
-8.36102203547214,-6.75103235360859,-4.07871116728304,-0.0258459877097659,0.503955895921566,-3.82811315853324,1.00455898699782
-8.84858222221864,-6.99514012317485,-4.06963080494399,0.122241655415801,0.618336147959218,-3.79758939733574,1.02284970158031
-9.33191124319462,-7.23460591682185,-4.05710163487555,0.271406511687902,0.730672854699059,-3.77300291184979,1.03728928744317
-9.81112771707653,-7.47003392433674,-4.04212535108685,0.420516620818805,0.840145308244651,-3.75509332279508,1.04772660552728
-10.2863299304851,-7.70198839603043,-4.02563781210869,0.568538852390566,0.946088613358034,-3.74443026572106,1.05403981099585
-10.7575852860018,-7.93096983290186,-4.00847447743435,0.714577318003559,1.04802504353054,-3.74138553550543,1.05613947113947
-11.2249213044996,-8.15739383942962,-3.99133969070818,0.857906475376864,1.14568713113215,-3.74611383313209,1.05397081160947
-11.6883187887889,-8.38157404416177,-3.9747818682913,0.997996678923013,1.23903084593825,-3.75854368908013,1.04751490922418
-12.1477075764152,-8.60371022140317,-3.95917628135326,1.13453041195451,1.32823793755637,-3.77837930550948,1.03678874505988
-12.6029651938278,-8.8238824281393,-3.94471659628878,1.26740812661791,1.41370735552185,-3.80511316511299,1.02184415133133
-13.0539184528047,-9.04205147360851,-3.93141564464832,1.39674341303003,1.49603648137957,-3.83804834385138,1.00276578889074
-13.5003478673403,-9.25806559566213,-3.91911520215728,1.52284803163603,1.57599362894669,-3.8763287345575,0.979668383347238
-13.9419945493277,-9.47167275081777,-3.90750389105929,1.64620805606365,1.65448378968457,-3.91897486775481,0.952693497191234
-14.378569111545,-9.68253757360045,-3.89614179594198,1.76745292308218,1.73250989229536,-3.96492278821654,0.922006128309035
-14.8097619945647,-9.89026179724318,-3.88449001775932,1.88731952430044,1.81113190130447,-4.01306348066423,0.887791397215064
-15.2352545985537,-10.0944068003323,-3.8719432126521,2.00661360528437,1.89142594303166,-4.0622806055176,0.850251528894403
-15.6547305960203,-10.2945169160875,-3.85786314407642,2.12617068575279,1.97444537374614,-4.11148472316991,0.809603259549536
-16.0678868410694,-10.4901422083655,-3.8416113928205,2.24681852717593,2.06118536146026,-4.15964268117031,0.766075718585171
-16.4744433193601,-10.6808595276523,-3.82257957058113,2.36934289350569,2.15255218945776,-4.20580133151289,0.719908761295597
-16.8741517010224,-10.8662908612461,-3.80021566130852,2.49445803230064,2.24933815769543,-4.24910521136224,0.671351672275998
-17.2668020933941,-11.0461181589707,-3.77404540437229,2.62278295184074,2.35220265281869,-4.2888081865409,0.620662119951248
-17.6522277097599,-11.220094051961,-3.74368796145483,2.75482422237881,2.46165970010839,-4.32427935559854,0.568105229025021
-18.0303072723804,-11.388048115695,-3.70886544184164,2.8909656776593,2.57807207599066,-4.35500372076547,0.513952642893055
-18.400965067617,-11.5498885663741,-3.66940619794598,3.03146503887124,2.7016518340139,-4.38057826653101,0.458481469505715
-18.7641687095425,-11.7055995438996,-3.62524214661241,3.17645713728488,2.83246687451531,-4.40070417237972,0.401973037831678
-19.1199248142419,-11.8552343971454,-3.57640070318007,3.32596307959694,2.97045296158241,-4.41517593050923,0.344711430609408
-19.4682728626929,-11.9989055901725,-3.52299220383565,3.47990438555615,3.11543035622123,-4.42386813719352,0.286981795765569
-19.8092777107221,-12.136772088927,-3.46519395152839,3.63812088357383,3.26712403580829,-4.42672072832753,0.22906847319441
-20.1430212460355,-12.2690252022333,-3.40323218343255,3.8003909614016,3.42518629346551,-4.42372338606934,0.17125299651742
-20.4695937674108,-12.3958739372604,-3.33736334134379,3.9664526857408,3.58922040683695,-4.4148997992761,0.113812043660638
-20.7890856474853,-12.5175309071516,-3.26785599866055,4.13602431882839,3.75880403358689,-4.40029239157924,0.0570154131084177
-21.1015798273755,-12.6341997529316,-3.19497467604547,4.30882288876359,3.93351105508577,-4.3799480601542,0.00112409709344094
-21.4071455959319,-12.7460648694699,-3.11896656001397,4.48457968656663,4.11293073450956,-4.35390537998066,-0.0536114899406491
-21.7058340004171,-12.8532840120507,-3.04005185782732,4.66305185662172,4.29668327972541,-4.32218364030812,-0.106953085963906
-21.9976750733246,-12.9559840940089,-2.95841819785688,4.84402957794617,4.48443117392188,-4.28477398430144,-0.1586759352639
-22.2826769581462,-13.0542602526115,-2.87421916281615,5.02733869132862,4.67588595214595,-4.24163284362611,-0.208569914591925
-22.5608268521296,-13.1481780016526,-2.78757673232975,5.21283895357812,4.87081040698173,-4.19267777196895,-0.256440438419694
-22.832093547852,-13.2377780726335,-2.69858714772526,5.40041838497819,5.06901649096599,-4.13778570318906,-0.302109159823369
-23.0964312832842,-13.3230834006687,-2.60732951445642,5.58998440847197,5.27035943367776,-4.07679359550661,-0.345414489372892
-23.3537845316768,-13.404107599334,-2.513876324606,5.78145263237072,5.47472877850414,-4.00950135771333,-0.386211956214421
-23.6040933367143,-13.4808642254617,-2.41830502231935,5.97473421239459,5.68203717240244,-3.93567689647592,-0.424374434332072
-23.8472987618432,-13.5533761211254,-2.32070973694072,6.1697227324872,5.89220779623836,-3.85506306361359,-0.459792252771866
-24.0833481007218,-13.6216842025073,-2.22121237689831,6.36628150726044,6.10516133740304,-3.76738624026854,-0.492373204427538
-24.31219950465,-13.6858551317963,-2.11997238056452,6.5642320999501,6.32080334623267,-3.67236624107254,-0.522042461947954
-24.5338257484451,-13.745987424571,-2.01719456106172,6.76334471225207,6.53901272239665,-3.56972718037452,-0.548742403998274
-24.7482169547494,-13.8022156899847,-1.91313464446019,6.96333094624822,6.75963195476813,-3.45920891271356,-0.572432351212174
-24.9553821527198,-13.8547128255722,-1.80810226727139,7.16383925713656,6.98245958092906,-3.3405786335899,-0.593088207646557
-25.1553496694686,-13.9036901483,-1.70246136919528,7.36445325035196,7.20724518062995,-3.21364222415238,-0.610702003072207
-25.3481663640112,-13.9493955343874,-1.59662806783834,7.56469278965176,7.43368703444781,-3.07825492278013,-0.625281330271068
-25.5338958224326,-13.9921097752472,-1.49106624358065,7.76401774052396,7.66143243054497,-2.93433093917474,-0.636848674359084
-25.7126157385479,-14.032141474939,-1.38628117905769,7.96183405809759,7.89008047328717,-2.7818516762263,-0.645440635870887
-25.8844146177111,-14.0698208109733,-1.28281167532285,8.15750178713341,8.11918708619037,-2.62087227006596,-0.651107050676058
-26.0493880976794,-14.1054925935209,-1.18122113092563,8.35034450675137,8.34827184161811,-2.45152624800243,-0.653910017996423
-26.2076350817726,-14.1395090138744,-1.08208808874813,8.53965967776516,8.5768261477972,-2.27402817412795,-0.653922850246738
-26.3592540157899,-14.1722225406191,-0.985996758056397,8.72472938421355,8.80432232947177,-2.08867425170275,-0.651228966577553
-26.5043394219137,-14.2039792824543,-0.893527978716925,8.90483091542488,9.03022306595223,-1.89584091596378,-0.645920750779344
-26.6429789705785,-14.2351131943686,-0.805251050380227,9.07924674091478,9.25399073161715,-1.6959815458579,-0.638098401621015
-26.7752512050683,-14.2659413711787,-0.721716772290491,9.24727345346602,9.47509618468833,-1.4896214768432,-0.627868801631172
-26.9012240241094,-14.2967606187779,-0.643451958053317,9.40822934483469,9.69302662046705,-1.27735155234808,-0.615344430850333
-27.0209540165372,-14.3278454351902,-0.570955600369569,9.56146037904261,9.90729219066407,-1.05982048967045,-0.60064235119595
-27.13448661984,-14.3594474157886,-0.504696766594235,9.70634439455609,10.1174311435339,-0.837726353134697,-0.583883282448437
-27.2418571056321,-14.3917960634067,-0.445114218747482,9.84229348424186,10.3230133476997,-0.611807438498958,-0.565190788852612
-27.3430923101108,-14.4251008924708,-0.392617666951816,9.96875457405316,10.5236421258897,-0.382832864379158,-0.544690589859592
-27.4382129820523,-14.4595546516242,-0.347590491060067,10.0852082968191,10.7189543929962,-0.151593150984219,-0.52251000356929
-27.5272366295062,-14.4953374599044,-0.310393702651493,10.1911663406173,10.908619171023,0.0811089565748415,-0.498777527250668
-27.6101807261107,-14.532621614126,-0.281370868350904,10.2861675108282,11.0923346093231,0.314467194406435,-0.473622554237586
-27.6870660626134,-14.5715767665456,-0.260853676886876,10.3697727690473,11.2698236587782,0.547679823766884,-0.447175220468105
-27.7579200905904,-14.6123751932301,-0.249167808901062,10.4415595711663,11.4408286094704,0.779956857698673,-0.419566370533788
-27.8227800890808,-14.6551968612832,-0.246638756727632,10.50111584357,11.6051047212577,1.01052635506524,-0.390927628200651
-27.8816959759944,-14.7002340018333,-0.253597242221147,10.5480339414244,11.7624131884529,1.23863970611553,-0.361391551877419
-27.9347325983793,-14.7476949118211,-0.270383893041107,10.581904933119,11.9125136912678,1.46357587298782,-0.331091851695715
-27.9819713903442,-14.7978067515514,-0.297352860308996,10.6023135599938,12.0551568097073,1.6846445896138,-0.30016364191259
-28.0235112409644,-14.8508170999406,-0.334874090316607,10.6088341778869,12.1900765510865,1.90118856073957,-0.268743698590908
-28.0594685234197,-14.9069941099955,-0.383334001225111,10.6010279948943,12.3169832799609,2.112584740449,-0.236970691362758
-28.0899761545187,-14.9666250893755,-0.443134357289662,10.5784418489889,12.4355572930737,2.31824479810842,-0.204985355562394
-28.1151817009564,-15.0300134371076,-0.514689182498695,10.54060877861,12.5454433322377,2.51761491753319,-0.17293057191335
-28.1352444742507,-15.0974738585762,-0.598419606843791,10.4870505592883,12.6462462804501,2.71017509415967,-0.140951320755436
-28.1503316171696,-15.1693258463682,-0.694746596938831,10.417282343041,12.7375282930132,2.89543811586316,-0.109194480397391
-28.1606132640109,-15.2458854939963,-0.804081589058399,10.3308194987012,12.8188076254612,3.07294843033171,-0.077808442978705
-28.166256788687,-15.3274557139153,-0.926815114194228,10.2271866465957,12.8895593544777,3.24228109544618,-0.0469425258893692
-28.1674202750316,-15.4143150422477,-1.063303590236,10.1059288328823,12.9492181938868,3.4030410095164,-0.0167461641576873
-28.1642453573961,-15.5067052720795,-1.21385455038201,9.96662468597784,12.9971835501742,3.55486259731317,0.0126321224679563
-28.1568496206328,-15.6048182361916,-1.37871068083026,9.80890129007568,13.0328268972735,3.69741009628985,0.0410459838862624
-28.1453187715552,-15.7087821318907,-1.55803314961496,9.63245038543658,13.0555014569307,3.83037854052806,0.0683526999840304
-28.129698905526,-15.8186479008115,-1.75188482127516,9.43704540508833,13.0645540995327,3.9534954933314,0.0944148189293137
-28.1099891191888,-15.9343761887458,-1.96021404621992,9.22255869791021,13.0593392095205,4.06652350016503,0.119101932126865
-28.0861348855574,-16.0558255425762,-2.18283979905413,8.98897822797913,13.0392341922555,4.16926318181496,0.142292531998203
-28.0580225053052,-16.1827424646401,-2.41943897694459,8.73642292144578,13.0036561140646,4.2615568018746,0.163875887026296
-28.0254749815003,-16.314753956717,-2.6695366657282,8.46515581018305,12.9520788646071,4.34329208359949,0.183753859470986
-27.9882496650828,-16.4513631482859,-2.93250012147071,8.17559414957742,12.8840501485853,4.41440600514854,0.201842586034166
-27.9460378995047,-16.5919484634617,-3.20753708383082,7.86831575103426,12.7992075269975,4.47488826164099,0.218073940814873
-27.8984668207826,-16.7357666338964,-3.49369884911424,7.54406092334139,12.6972927245893,4.52478407699848,0.232396704732035
-27.8451033868654,-16.8819596855354,-3.78988829284611,7.2037296334028,12.5781634787438,4.56419607296453,0.244777376389227
-27.7854605548251,-17.0295657872688,-4.09487275267628,6.84837374326987,12.4418022948448,4.59328494511477,0.255200575109291
-27.7190054120849,-17.1775336303459,-4.40730139722934,6.47918446681819,12.2883216371211,4.61226876929128,0.263669007309271
-27.6451689399604,-17.3247397888241,-4.72572643464994,6.09747546962499,12.1179652775577,4.62142084908895,0.270202990413584
-27.5633570416081,-17.4700083671324,-5.04862729583388,5.70466230291236,11.9311057689378,4.62106612106659,0.274839552871686
-27.4729622863386,-17.6121320477776,-5.37443674657023,5.30223904117148,11.7282381815409,4.61157621173804,0.277631150222952
-27.3733759483642,-17.7498936920867,-5.70156782655967,4.89175316272745,11.5099705163727,4.59336335201998,0.278644057715378
-27.2639997857531,-17.8820875691267,-6.0284404917475,4.47477973604596,11.27701131442,4.56687339817076,0.277956512701954
-27.1442571721166,-18.0075394399663,-6.35350694202942,4.05289597305937,11.0301551522373,4.53257827175075,0.275656689405344
-27.0136031023551,-18.1251247431538,-6.67527473008128,3.62765708454481,10.7702667076812,4.49096812055633,0.271840588974323
-26.8715329011414,-18.2337844290099,-6.99232698915831,3.20057425460002,10.4982641745881,4.4425435305263,0.266609926221493
-26.7175893569962,-18.3325380329573,-7.30333929161324,2.77309532686963,10.2151026755355,4.38780805449794,0.260070083877488
-26.5513681971093,-18.4204938157786,-7.60709289066494,2.34658860635068,9.92175827716994,4.32726129399823,0.252328194310557
-26.3725219608078,-18.4968559990381,-7.90248432058923,1.92232998106907,9.6192131207214,4.26139272366102,0.243491395376435
-26.1807622764634,-18.5609291738424,-8.18853147237993,1.501493370553,9.30844200676657,4.19067636801867,0.233665291479815
-25.9758606945576,-18.6121201288818,-8.46437642368957,1.08514436554603,8.99040068338613,4.11556639864038,0.222952638153266
-25.7576482910284,-18.6499374345624,-8.72928540901503,0.674236803745579,8.66601597615863,4.03649367196366,0.211452256436005
-25.5260141815826,-18.673989094682,-8.98264634441856,0.269611939787241,8.33617776284566,3.95386317047654,0.199258172360512
-25.2809031996509,-18.6839786666014,-9.22396437745767,-0.12800017332524,8.00173275007389,3.8680522941202,0.186458969953516
-25.0223128586789,-18.6797001510383,-9.45285588367053,-0.517977493142914,7.66347990509729,3.77940990625583,0.173137339596058
-24.7502899236752,-18.6610320889126,-9.66904138177053,-0.899801380638219,7.32216742358264,3.68825605862998,0.159369801788038
-24.4649266034695,-18.6279310508157,-9.87233769120454,-1.27305094459653,6.97849099611555,3.59488226882651,0.145226582485318
-24.1663565960592,-18.5804248429312,-10.0626496928964,-1.63739666771167,6.6330932044866,3.49955226186724,0.130771617772355
-23.8547511174015,-18.5186056535538,-10.2399619741766,-1.99259360353596,6.28656385371248,3.40250308033921,0.116062665759117
-23.5303149096162,-18.4426232351403,-10.4043305371263,-2.33847437712604,5.93944102724981,3.30394645999695,0.101151504605714
-23.1932824460287,-18.3526783645133,-10.555874801328,-2.6749421940394,5.59221273520047,3.20407041321886,0.0860841988574999
-22.8439142209378,-18.2490165476902,-10.6947699540684,-3.00196399427227,5.24531896252727,3.10304092926372,0.0709014169460778
-22.4824932712154,-18.1319221193933,-10.8212397801964,-3.31956387242681,4.89915401825889,3.00100375093827,0.055638786326721
-22.1093219603257,-18.0017127837244,-10.9355500297693,-3.6278168471952,4.55406907788012,2.8980861825607,0.0403272742564915
-21.7247188986658,-17.8587345026579,-11.038002281597,-3.92684300987358,4.21037480219341,2.79439887491834,0.02499358402689
-21.3290161999458,-17.7033568935546,-11.1289284020474,-4.21680210984937,3.86834400634121,2.6900375861255,0.00966055906304167
-20.9225568543749,-17.5359689492762,-11.2086854790695,-4.49788855001095,3.52821428315566,2.5850848702694,-0.00565241189912182
-20.5056923952461,-17.3569752135283,-11.2776513004006,-4.77032682008785,3.19019057987987,2.47961170433303,-0.0209289933474548
-20.0787807170984,-17.166792278441,-11.3362202757846,-5.03436732757776,2.85444767863043,2.37367902838096,-0.0361555092019791
-19.6421840848795,-16.9658456189716,-11.3847997918184,-5.29028261281756,2.52113257603678,2.26733920174938,-0.0513205595047055
-19.1962673243828,-16.7545667377032,-11.4238069614598,-5.53836392212231,2.19036675546213,2.16063737483177,-0.0664146496999514
-18.7413961170113,-16.5333905343721,-11.4536656887127,-5.77891808993643,1.86224834451501,2.0536127711035,-0.0814298337004738
-18.2779354591,-16.3027529333461,-11.4748040487285,-6.01226471654483,1.53685417314844,1.94629989174645,-0.0963593717657893
-17.8062482350724,-16.0630887073546,-11.4876519205138,-6.23873359805256,1.21424173631614,1.83872964341902,-0.111197403543745
-17.3266938644148,-15.8148294441826,-11.492638813891,-6.45866236465911,0.894451071890172,1.73093039229168,-0.125938636148438
-16.839627038479,-15.5584016539934,-11.490191868921,-6.6723943021071,0.577506571075587,1.62292895384363,-0.14057804716673
-16.3453965409831,-15.2942249972062,-11.4807339953492,-6.88027632670478,0.263418736003841,1.51475152522137,-0.155110602257427
-15.8443441409247,-15.0227106095498,-11.4646821184162,-7.08265708397904,-0.0478141012854729,1.40642456608781,-0.169530986845447
-15.3368034870917,-14.7442594448781,-11.4424454548262,-7.2798851139743,-0.356204083261842,1.29797562834321,-0.183833350600121
-14.8230990920578,-14.459260707077,-11.4144238577436,-7.47230709646036,-0.661772139151715,1.18943414890724,-0.198011064927424
-14.3035453264507,-14.1680902862506,-11.381006152621,-7.66026611830709,-0.964546292356624,1.0808322034572,-0.212056492029116
-13.7784454361036,-13.8711092014374,-11.3425684518845,-7.84409994509991,-1.26455995013218,0.972205226641596,-0.225960764961216
-13.2480906121634,-13.5686620726572,-11.2994724557948,-8.0241392940484,-1.56185016892809,0.863592703708533,-0.239713578654379
-12.7127590488413,-13.2610755505681,-11.2520636707357,-8.20070605290628,-1.85645588285735,0.755038830197569,-0.253302990438823
-12.1727150393263,-12.9486567491653,-11.2006695722479,-8.37411145542162,-2.14841609447951,0.646593143386324,-0.266715230588458
-11.628208103829,-12.6316916729609,-11.1455976985091,-8.54465419655076,-2.43776802729822,0.538311122893467,-0.279934522838462
-11.0794721219037,-12.3104436066045,-11.0871336393409,-8.71261845382432,-2.72454523597123,0.430254755415689,-0.292942914436541
-10.5267244924134,-11.9851514898592,-11.0255389336761,-8.87827181618618,-3.00877568080689,0.322493059805764,-0.305720116603306
-9.97016537428956,-11.6560283396762,-10.9610489280353,-9.04186315573062,-3.29047978995134,0.215102566597761,-0.318243357804495
-9.40997692190936,-11.3232596242796,-10.8938705059184,-9.20362036283381,-3.56966849671836,0.108167739634191,-0.330487248587971
-8.84632262426448,-10.9870017183426,-10.8241798057249,-9.36374803245351,-3.84634129833376,0.00178133184243201,-0.342423662811753
-8.27934670683426,-10.6473803986059,-10.7521198903413,-9.52242506460495,-4.12048434272774,-0.10395533941369,-0.354021636130753
-7.70917364099637,-10.3044894417211,-10.6777984299422,-9.67980222340918,-4.39206858156418,-0.208932211532883,-0.365247285800731
-7.13590776313857,-9.95838933571631,-10.6012854127513,-9.83599965911312,-4.6610480134627,-0.313030406120438,-0.376063754717005
-6.55963307276995,-9.60910620921793,-10.522610997775,-9.99110448820845,-4.92735808384583,-0.416122287174022,-0.386431186295273
-5.98041316509709,-9.25663092789957,-10.4417634632468,-10.1451683794587,-5.19091423938488,-0.518071662530483,-0.396306731367865
-5.39829140782885,-8.90091852742387,-10.3586874430627,-10.298205317076,-5.45161074083332,-0.618734149595999,-0.405644596916712
-4.81329132964442,-8.54188794982553,-10.2732824282505,-10.450189510847,-5.70931973890483,-0.717957717435882,-0.414396138630953
-4.22541727866577,-8.17942218473739,-10.1854016609454,-10.6010535673687,-5.9638906854491,-0.815583419979932,-0.422510004632202
-3.6346553835305,-7.81336888854649,-10.094851526151,-10.7506870213603,-6.21515014333652,-0.911446331946123,-0.429932336725679
-3.0409748214645,-7.4435415039632,-10.0013914886207,-10.8989352690161,-6.4629020206149,-1.00537668931238,-0.436607032575114
-2.4443294162853,-7.06972093539433,-9.90473466492978,-11.0455989919379,-6.70692827201978,-1.09720123221514,-0.442476073141013
-1.84465958347882,-6.69165784074217,-9.80454913823345,-11.1904341873698,-6.94699012063964,-1.18674474384118,-0.447479919673318
-1.24189460907409,-6.30907553787058,-9.7004600468936,-11.3331528447224,-7.18282979917326,-1.27383176367769,-0.451557980113402
-0.635955248462132,-5.92167352881983,-9.59205248928608,-11.4734243275143,-7.41417281169223,-1.358288445986,-0.454649143979136
-0.0267566159273467,-5.52913162905815,-9.4788752756267,-11.6108775186349,-7.64073070858649,-1.43994452623265,-0.456692383070328
0.585788684045928,-5.13111463613708,-9.3604454853524,-11.7451037135518,-7.86220431342117,-1.51863534232047,-0.457627410683976
1.20176724691594,-4.7272774774591,-9.23625380999143,-11.8756602855586,-8.07828736118323,-1.59420385641993,-0.457395391952476
1.82126145800986,-4.3172707081784,-9.10577055507806,-12.0020750300991,-8.2886704277384,-1.66650260519517,-0.455939691817524
2.44434607943102,-3.90074624202181,-8.96845220819415,-12.1238511508852,-8.49304506861579,-1.73539551298883,-0.453206648193075
3.07108492370478,-3.47736312753028,-8.82374834710224,-12.2404726885933,-8.69110797858447,-1.80075948350265,-0.449146350906138
3.70152774172155,-3.04679322800435,-8.67110876837144,-12.3514103440046,-8.88256509715413,-1.86248571372574,-0.443713412570873
4.33570740863467,-2.6087265870929,-8.50999053732097,-12.4561274080963,-9.06713542886342,-1.92048065017989,-0.436867708846663
4.97363752654824,-2.16287631906779,-8.33986478181099,-12.5540856758928,-9.24455447798404,-1.97466654535597,-0.428575072709306
5.61531051513735,-1.70898284244222,-8.16022296473528,-12.6447510876516,-9.41457711833203,-2.02498156893599,-0.418807923923944
6.26069626729531,-1.24681731932974,-7.97058244257028,-12.7275989266982,-9.57697979796359,-2.07137945957787,-0.407545819984657
6.9097413933972,-0.776184187475191,-7.77049110320419,-12.8021183529836,-9.73156195729746,-2.11382871348358,-0.394775915314683
7.56236907932579,-0.296922726057759,-7.55953096594795,-12.8678161528133,-9.8781466284489,-2.15231133961857,-0.380493321357536
8.21847952984508,0.19109235992425,-7.33732064975935,-12.9242195783925,-10.0165801886618,-2.18682122545121,-0.364701362198797
8.87795093712745,0.687951295823857,-7.10351668282083,-12.9708782081165,-10.1467312891348,-2.21736217797143,-0.347411724338035
9.54064090074969,1.19371044178318,-6.85781370566435,-13.0073648401506,-10.2684890436108,-2.24394572579055,-0.328644503328728
10.2063882063761,1.70839421059077,-6.59994368140586,-13.0332754909707,-10.3817606026085,-2.2665887808867,-0.308428152657076
10.8750148158807,2.23199752221104,-6.32967425606988,-13.0482285756723,-10.4864682331922,-2.28531125722591,-0.286799340966381
11.5463279545776,2.76448859741017,-6.04680648822022,-13.0518634540753,-10.5825460957398,-2.30013375567532,-0.263802726553112
12.2201221912935,3.3058118882145,-5.7511721954979,-13.0438385675833,-10.6699369274043,-2.31107542191817,-0.239490658208561
12.8961813447659,3.85589092955936,-5.44263114139522,-13.0238293354361,-10.7485887799698,-2.3181520614378,-0.213922809437475
13.5742801704531,4.41463093998106,-5.1210683335008,-12.9915261026392,-10.8184520455535,-2.32137460346961,-0.187165754635256
14.2541857191174,4.98192100878402,-4.78639163811247,-12.9466323279764,-10.8794769061714,-2.32074797264495,-0.15929249259139
14.9356583350945,5.55763576103386,-4.43852990123407,-12.8888632285289,-10.9316113571263,-2.31627041794857,-0.130381922578475
15.6184522815671,6.14163643736921,-4.07743170937208,-12.817945046257,-10.974799907548,-2.30793332662951,-0.100518277042961
16.3023160116002,6.73377137716518,-3.70306486499758,-12.7336150538757,-11.0089830210712,-2.29572153100774,-0.0697905144553607
16.9869921205683,7.33387593882597,-3.31541658711369,-12.6356223526371,-11.0340973094701,-2.27961409563247,-0.0382916760136666
17.6722170793231,7.94177195282985,-2.91449439540261,-12.5237294863787,-11.0500764770224,-2.25958556059678,-0.00611821091288746
18.3577207981373,8.5572668117417,-2.50032756773768,-12.397714787751,-11.0568529309176,-2.23560759271004,0.0266307239200453
19.0432261541508,9.18015235782928,-2.07296903162128,-12.2573753756387,-11.0543599888702,-2.20765099431068,0.059853981466552
19.7284485444574,9.81020370868136,-1.63249750812772,-12.1025306300234,-11.0425345459969,-2.17568800157611,0.0934491493161012
20.4130955897552,10.4471781914794,-1.17901972276352,-11.9330259889646,-11.0213200906652,-2.13969480760108,0.127313268835376
21.0968670265361,11.0908145061801,-0.712672492567734,-11.7487368517556,-10.9906699120848,-2.09965423513748,0.161343534059345
21.7794548423162,11.7408322273176,-0.233624523446327,-11.5495723995654,-10.9505503701953,-2.05555848981351,0.195437954061023
22.4605436947448,12.3969317240746,0.257922216186152,-11.3354791661147,-10.900944116699,-2.00741192924539,0.229495962086792
23.1398115839564,13.0587945120536,0.761731636841698,-11.1064441959454,-10.8418531535067,-1.95523378478689,0.263418954732745
23.8169307280565,13.7260840078627,1.27753322301819,-10.862497673702,-10.7733016454776,-1.8990607808789,0.297110745693245
24.4915686235169,14.3984466468831,1.80502227109243,-10.6037149787383,-10.6953384568733,-1.83894960878207,0.330477921708818
25.1633891555606,15.0755132325226,2.34386060694458,-10.3302181193545,-10.6080393616156,-1.7749792099026,0.363430090683592
25.8320536658408,15.7569003868628,2.89367767824006,-10.0421765734234,-10.5115089279922,-1.70725283457102,0.395880016593608
26.497221913236,16.4422119767563,3.45407189021759,-9.73980761125718,-10.4058821091815,-1.63589984755768,0.427743641189324
27.1585527466066,17.1310403116257,4.02461202240004,-9.42337615793417,-10.2913255334708,-1.56107724471382,0.458939995824224
27.8157044875467,17.8229670194858,4.60483857824534,-9.09319433460525,-10.1680385607836,-1.48297085506106,0.489391014401454
28.4683348314064,18.5175633980317,5.19426490189161,-8.74962074755476,-10.0362540876039,-1.40179618603086,0.519021260138372
29.1161002965338,19.214390190733,5.79237794580111,-8.39305965776461,-9.89623914892874,-1.31779887595094,0.54775758653635
29.7586551318653,19.9129966824184,6.39863858459953,-8.02396009472679,-9.74829529379815,-1.23125470225306,0.575528754450619
30.3956496969183,20.6129190989373,7.01248142376067,-7.64281497601559,-9.59275871803689,-1.1424690908435,0.60226503147146
31.0267283324833,21.3136783252558,7.63331409540488,-7.25016025108141,-9.43000010488958,-1.05177606427191,0.627897801534999
31.6515267819685,22.0147770118343,8.26051608684785,-6.84657405244362,-9.26042410467322,-0.959536562937059,0.652359213961283
32.2696692492379,22.7156961843531,8.89343719820682,-6.43267579714199,-9.08446836261033,-0.86613607357913,0.675581900931678
32.8807652125847,23.4158915211345,9.53139577553991,-6.00912514607122,-8.90260199055255,-0.77198150546176,0.697498791109514
33.4844061627408,24.1147895199353,10.173676916153,-5.57662070187005,-8.71532337706183,-0.677497268326286,0.718043044763545
34.0801623717527,24.8117837507179,10.8195308528941,-5.13589828978177,-8.52315721154194,-0.583120526044516,0.737148129661194
34.6675799823256,25.5062315347738,11.4681717964808,-4.68772868535254,-8.32665065810201,-0.489295634504602,0.754748054631386
35.246178551408,26.1974512855664,12.1187774754557,-4.23291462726724,-8.12636859926391,-0.396467808123537,0.770777766834805
35.8154492068161,26.8847207594624,12.7704896077116,-3.77228698326018,-7.92288792222345,-0.305076108702051,0.785173710463278
36.3748536981972,27.5672765437083,13.4224155557006,-3.30669998959677,-7.71679090617736,-0.215545905027283,0.797874537699231
36.9238244207474,28.2443149372376,14.0736313093878,-2.83702551374549,-7.50865779163421,-0.128281004311823,0.808821948507524
37.4617655636648,28.9149944024271,14.723185911035,-2.36414636952225,-7.29905870906247,-0.0436557103861779,0.817961627944477
37.9880554406427,29.5784396556087,15.3701073373841,-1.88894878234604,-7.08854520344035,0.0379928931435078,0.825244239368935
38.502050000699,30.2337473736831,16.0134097603977,-1.41231417957074,-6.87764165430858,0.116372106799181,0.830626424501252
39.0030874409139,30.8799933871774,16.6521020048247,-0.93511055317281,-6.66683693739111,0.191239888035067,0.83407175638152
39.4904938368621,31.5162411803928,17.2851969534584,-0.458183704002746,-6.45657671151259,0.262409908523116,0.835551591477306
39.9635895160808,32.1415513294048,17.9117215175509,0.0176512863610538,-6.24725669278818,0.329755109940961,0.835045767353023
40.4216959933484,32.7549915518442,18.5307267935512,0.491617989770902,-6.03921727525983,0.393209536290365,0.832543102464062
40.8641431131074,33.3556468869892,19.141297939056,0.962985619971551,-5.83273977736884,0.452768304238721,0.828041662531739
41.290276176827,33.9426296285491,19.7425633712512,1.43107476447631,-5.62804453528269,0.508485672655784,0.821548774820287
41.6994626368962,34.5150884855861,20.3337028347293,1.89526161203184,-5.42529093462123,0.560471274727828,0.813080783056524
42.0910982082185,35.0722166924702,20.9139540645724,2.35498051804437,-5.22457939873436,0.608884679135554,0.802662556624085
42.4646120671133,35.6132586768085,21.4826177521388,2.80972484018088,-5.02595521252395,0.653928531867326,0.79032677798533
42.8194710586189,36.1375151447184,22.0390607158531,3.25904608127959,-4.82941399044976,0.695840599994262,0.776113048634335
43.1551827071597,36.6443463829113,22.5827171891666,3.7025514558209,-4.63490849640514,0.734885077851747,0.76006685942571
43.4712970918682,37.1331738426861,23.1130883364502,4.13990008256858,-4.44235649517094,0.771343533519425,0.742238480232146
43.7674076231945,37.6034800890628,23.6297401500189,4.57079805629656,-4.25164927848643,0.805505860401833,0.72268182346364
44.0431506170938,38.054807105003,24.1322998395699,4.99499265979106,-4.06266049258582,0.837661560342301,0.701453330543048
44.2982040342425,38.4867533623937,24.6204510956108,5.41226602572368,-3.87525496272047,0.868091640615381,0.678610932471517
44.5322853704254,38.898969755261,25.0939284092747,5.8224285055225,-3.68929721134719,0.897061337233509,0.654213121048314
44.745148947335,39.2911547170015,25.5525107625025,6.22531199795615,-3.50465944590723,0.9248138148324,0.628318162647185
44.9365825954264,39.663048612526,25.9960148382971,6.62076341657588,-3.3212288299534,0.95156492309101,0.600983473239549
45.1064041459785,40.0144278576884,26.4242881163618,7.00863848776109,-3.1389139455399,0.977499039744162,0.57226517053819
45.2544575163859,40.3450986484822,26.8372018294743,7.38879593877227,-2.95765036023895,1.00276596805093,0.542217802049791
45.3806088886868,40.6548907998105,27.2346441428469,7.76109220086936,-2.77740531181968,1.02747883427493,0.510894250540246
45.4847427843335,40.9436515648376,27.6165134914128,8.12537661738532,-2.59818150800326,1.05171289004282,0.478345803263046
45.5667581365078,41.2112395572718,27.9827121629299,8.48148716586992,-2.42002008584704,1.07550511630641,0.444622371094164
45.6265646755653,41.4575190876822,28.3331403391209,8.82924673489268,-2.24300279676382,1.09885452650525,0.409772842059243
45.6640794124379,41.6823547443353,28.667690481992,9.16845989991722,-2.06725345377247,1.12172305815237,0.373845545491619
45.6792233748167,41.8856063811709,28.9862421782921,9.49891021295454,-1.89293869269661,1.14403696093239,0.336888805628171
45.6719187410611,42.0671246726561,29.2886575619289,9.8203580368684,-1.72026808215467,1.16568860431917,0.298951561827678
45.6420862886374,42.2267471921584,29.5747773027752,10.1325389266606,-1.54949358933371,1.18653863968237,0.260084030312639
45.5896433648903,42.3642952436836,29.844417349153,10.4351626401789,-1.38090840159013,1.2064184779469,0.220338384632673
45.5145022837211,42.479571403222,30.097366430968,10.7279128152842,-1.21484507383689,1.22513305467333,0.179769430440583
45.4165694583981,42.5723581077707,30.3333846074043,11.010447458455,-1.05167296992068,1.24246388233802,0.138435253367744
45.2957450405203,42.6424171302661,30.5522027973493,11.2824002774057,-0.891794939821354,1.25817239014736,0.0963978174756327
45.1519233482748,42.6894902545367,30.7535235696244,11.543383012523,-0.735643186631259,1.27200357728769,0.0537234962231364
44.9849940797957,42.7133011915422,30.9370232767926,11.7929888516871,-0.583674272866238,1.28369000606814,0.0104835188244658
44.7948441645242,42.7135586297161,31.1023555011977,12.0307969580258,-0.436363228223197,1.29295616126275,-0.0332456816163289
44.5813604843275,42.6899606548162,31.2491560176569,12.2563782129242,-0.294196747834974,1.29952321245258,-0.0773822275431323
44.344433184371,42.6422002687082,31.3770490945705,12.4693021092766,-0.157665491009998,1.30311419677754,-0.12183866925039
44.0839596323574,42.569972033923,31.4856551491192,12.6691447764945,-0.0272555290427364,1.30345964000179,-0.16652197006859
43.799848859856,42.4729796312866,31.5745995734295,12.8554980122796,0.0965609747185977,1.30030361380837,-0.211333599191336
43.4920262928665,42.3509440658121,31.6435224823038,13.0279791376781,0.213335730131408,1.29341020894612,-0.256169721155142
43.1604387002775,42.2036123509285,31.6920891764654,13.1862414796785,0.322654771710797,1.28257038645025,-0.30092146657157
42.8050591598288,42.0307663582737,31.7200009839125,13.3299852055155,0.424149204035065,1.26760914102573,-0.345475264283413
42.4258917571219,41.8322314237675,31.7270060449383,13.4589681680452,0.517506018653432,1.24839288106268,-0.389713211308804
42.0229760679962,41.6078846228799,31.712909829797,13.5730164966237,0.602478740014965,1.22483691010124,-0.43351345838828
41.5963912121783,41.3576623730047,31.6775849726874,13.6720345692952,0.678897638545318,1.19691285442662,-0.476750588674141
41.146259337411,41.0815670967513,31.6209800523776,13.756014011272,0.746679234914885,1.16465584926752,-0.519295970926933
40.672748654835,40.7796729531173,31.5431271552188,13.8250414477478,0.805834812370463,1.12817126710144,-0.561018078055332
40.1760758660487,40.4521303816234,31.4441478570813,13.879304649897,0.856477638267891,1.08764072501679,-0.601782767963202
39.6565082178568,40.0991696182718,31.3242575852343,13.9190968523035,0.89882859069903,1.0433270804807,-0.641453540045371
39.1143651213311,39.7211030618138,31.1837681157238,13.9448189299701,0.933219866490644,0.99557807844923,-0.679891790191004
38.5500194219857,39.3183265359827,31.0230881053743,13.9569791869914,0.960096435452468,0.944828284253223,-0.716957102718909
37.9638984824396,38.8913195860384,30.8427216520843,13.9561905576444,0.980014897764604,0.891598915056417,-0.752507632620724
37.3564850786695,38.4406448004703,30.6432647903445,13.9431649963306,0.993639398057423,0.836495171392504,-0.786400640217726
36.7283180460437,37.9669460952597,30.4253998231779,13.9187048570519,1.00173426794273,0.780200687333179,-0.818493245895865
36.0799928157469,37.4709461250213,30.189887622789,13.8836912153265,1.00515312531121,0.723468775398967,-0.848643478236301
35.4121614598322,36.9534424663107,29.9375576809316,13.8390689970075,1.00482423745242,0.667110227654534,-0.876711671035923
34.7255323043053,36.4153026987888,29.6692961511011,13.7858290902778,1.00173211206118,0.611977593540148,-0.902562257727086
34.0208687195674,35.8574580751978,29.3860318643784,13.7249876286816,0.996895468742722,0.558946048522121,-0.926065974754884
33.2989868787612,35.2808956960563,29.0887205761793,13.6575629162621,0.991342003630294,0.508891225177894,-0.947102452234529
32.5607522195921,34.6866490894058,28.7783277816238,13.5845506749719,0.986080652836334,0.462664665692977,-0.965563123600783
31.807074384684,34.0757871779817,28.4558105819606,13.5068985310115,0.982072370354478,0.421067853777553,-0.981354337133385
31.0389004846096,33.4494017223613,28.1220992201923,13.4254808635824,0.980200723584,0.384826057287695,-0.994400505494954
30.257206681506,32.8085935111299,27.7780790608202,13.3410753050691,0.981243831709461,0.354563418556447,-1.00464709360159
29.4629882114489,32.1544576950029,27.4245738456399,13.2543422242836,0.985849279569898,0.330780823520996,-1.01206322416097
28.657248171299,31.4880688562992,27.0623311156477,13.1658084749001,0.994513599451818,0.313838031427276,-1.01664368413391
27.8409855141922,30.810466477051,26.6920105928155,13.0758564704939,1.00756770137051,0.303941336291372,-1.01841014227583
27.0151828352909,30.1226415383204,26.3141761799669,12.9847193216305,1.0251692596154,0.301137669752716,-1.01741144099183
26.1807945539404,29.4255249137211,25.9292919683034,12.8924823203867,1.04730256037251,0.305315575994388,-1.01372289585133
25.3387362046658,28.7199782398921,25.5377224656538,12.7990906330766,1.0737857486961,0.316212952487034,-1.00744462197281
24.4898753029782,28.0067875828829,25.1397367863225,12.7043625148282,1.10428483938618,0.333430919892407,-0.998698980646614
23.6350243183308,27.2866602281653,24.7355164571652,12.6080070674521,1.13833337373256,0.356452736269158,-0.987627316066533
22.7749359425508,26.5602244979552,24.3251660952451,12.5096452067934,1.17535624230689,0.384666350120524,-0.974386193534316
21.9103007250766,25.8280323618934,23.9087261310853,12.4088324136598,1.21469601161909,0.41738903103248,-0.959143375948731
21.0417470645075,25.090564545353,23.4861867989037,12.305081918844,1.25564008896771,0.453892527215254,-0.942073776682585
20.1698431554015,24.3482374354722,23.0575023803802,12.197886984088,1.29744719310214,0.49342734717597,-0.92335559110989
19.2951006412958,23.6014113292672,22.6226050631813,12.086741320303,1.33937187273845,0.535245023462072,-0.903166779047263
18.4179795029628,22.850399375936,22.1814177426355,11.9711568774428,1.38068613378207,0.578617527746295,-0.881682013497982
17.5388937796093,22.0954767116056,21.7338653550499,11.8506785821002,1.42069758674856,0.622853335088904,-0.859070163824357
16.6582176690929,21.3368892727362,21.2798844108669,11.7248958207351,1.45876384491578,0.667309935800851,-0.835492331364092
15.7762916666686,20.5748619496054,20.8194306220341,11.5934507295785,1.49430318306712,0.711402848469531,-0.811100420233931
14.8934284984034,19.8096058871244,20.3524846907344,11.4560435476222,1.52680168228746,0.754611381795739,-0.786036199642867
14.0099185357552,19.0413246534573,19.8790562371892,11.3124352981883,1.555817218211,0.796481515236744,-0.760430788790721
13.1260346346878,18.2702193252771,19.3991861555254,11.1624482618551,1.58098075044803,0.836626346798629,-0.734404496360328
12.2420362785975,17.4964924437926,18.9129475611449,11.0059646321655,1.60199539170114,0.874724573969631,-0.708066938677385
11.3581729389987,16.7203508149814,18.4204454678952,10.8429237073426,1.61863372305105,0.910517457481181,-0.681517363254386
10.4746867494939,15.9420073616387,17.9218155439321,10.6733180602531,1.63073380492403,0.943804689192505,-0.654845120019597
9.59181450875876,15.1616821081471,17.4172221272797,10.4971889956615,1.63819427126164,0.974439527943756,-0.628130225799471
8.70978899802038,14.3796023012059,16.906855554104,10.3146214863482,1.6409688254877,1.00232350243992,-0.601443973834808
7.82883981070696,13.5960019840444,16.3909291836966,10.1257389417592,1.63906043061765,1.02740094130964,-0.5748495627794
6.94919368033416,12.8111210005777,15.8696760962423,9.93069788662478,1.63251539563758,1.04965351606653,-0.548402714195299
6.07107441716187,12.0252035874779,15.3433456282976,9.72968271176965,1.6214175294886,1.06909494521544,-0.522152263082502
5.19470254639779,11.2384966851658,14.8121998742204,9.5229006164086,1.60588249063556,1.08576596638416,-0.496140711539291
4.3202947148079,10.4512480502804,14.2765102173595,9.31057680402512,1.586052420214,1.09972964634018,-0.470404738992545
3.44806293863471,9.66370426293947,13.7365539656864,9.09294998759736,1.56209092078381,1.11106707297674,-0.444975667186178
2.57821375584347,8.87610870678894,13.1926111485273,8.8702682393788,1.53417841974368,1.11987345167569,-0.419879880689807
1.71094733389204,8.08869957128294,12.6449614925939,8.64278518836905,1.50250793583823,1.12625460976963,-0.39513920470677
0.846456591091405,7.3017079598848,12.0938816507104,8.41075660152446,1.4672812614059,1.1303239061122,-0.37077124523341
-0.0150736327742971,6.51535614858678,11.5396427109393,8.1744373533279,1.42870555921451,1.13219953161006,-0.346789695905933
-0.873467326059846,5.72985600029006,10.9825079522559,7.93407874365137,1.38699035862579,1.13200217521756,-0.323204614439833
-1.7285579489894,4.94540761122972,10.4227309442941,7.68992621647608,1.34234494743246,1.12985303940096,-0.300022675681552
-2.58018894985119,4.16219815677785,9.86055390297334,7.44221740095136,1.29497612972813,1.12587216934799,-0.277247402458329
-3.42821414446376,3.38040098471477,9.29620637061321,7.19118050935293,1.24508633761366,1.12017707541446,-0.254879379914771
-4.27249795802079,2.60017495064179,8.72990420478027,6.93703306849756,1.19287207297698,1.11288162073994,-0.232916456021501
-5.11291552573001,1.82166398555815,8.16184885089496,6.67998095449504,1.1385226534866,1.10409514558972,-0.211353930353045
-5.94935264651152,1.04499688749657,7.59222687622073,6.42021770261686,1.08221923684371,1.09392180127343,-0.19018473299342
-6.78170561259717,0.270287331912396,7.02120977649949,6.15792409340001,1.02413410220544,1.08246007294634,-0.169399595942261
-7.60988092021031,-0.502365921390038,6.44895402039639,5.89326798084693,0.964430161776147,1.06980246667971,-0.148987217816949
-8.43379487384224,-1.27287864430624,5.87560130932473,5.6264043391478,0.903260677782482,1.05603533955337,-0.128934422758741
-9.25337308571733,-2.04118059803492,5.30127902170387,5.35747549691867,0.840769159477403,1.041238851829,-0.109226314071124
-10.0685499391392,-2.80721486593089,4.72610084873779,5.08661156698764,0.777089421740913,1.02548702949766,-0.0898464237722538
-10.879267935581,-3.57093706455322,4.15016753991062,4.81393099150028,0.712345773829107,1.00884791006742,-0.070776857238968
-11.6854770467257,-4.33231448070992,3.57356779070755,4.53954123835994,0.646653326092208,0.991383768505306,-0.0519984345074708
-12.4871340160612,-5.09132513914374,2.99637921126851,4.26353958850113,0.580118388538994,0.973151402630073,-0.0334908277963952
-13.2842016688505,-5.84795683684668,2.41866936881244,3.98601401195242,0.512838945209318,0.954202470190648,-0.0152326959214538
-14.0766481172649,-6.60220610769363,1.84049685894666,3.70704407486063,0.444905181997212,0.934583858002085,0.00279818410881512
-14.8644460978415,-7.35407723233416,1.26191242970652,3.42670192866612,0.376400060972552,0.914338090154776,0.0206247873915293
-15.6475722404842,-8.10358121637323,0.682960100610486,3.14505330026402,0.307399918126453,0.893503751527695,0.0382707130156589
-16.4260062458379,-8.85073472254533,0.10367827858068,2.86215847504183,0.237975073160664,0.872115919094486,0.0557600561547009
-17.1997302982962,-9.59555913606546,-0.475899133792845,2.57807331987123,0.168190444785845,0.850206611694497,0.0731172803483153
-17.9687281824791,-10.3380794835791,-1.05574165555008,2.29285023789428,0.0981061521729858,0.827805222805624,0.0903670872963616
-18.7329846904682,-11.0783235293353,-1.63582118140538,2.00653914189235,0.0277781001917474,0.804938960313877,0.107534285040493
-19.4924848015897,-11.8163207604937,-2.2161109623147,1.71918836085802,-0.0427414656028452,0.781633261690915,0.124643651088025
-20.2472130236039,-12.5521014861681,-2.79658463952024,1.43084552172337,-0.113403440560092,0.757912196265263,0.141719790965574
-20.9971526610829,-13.2856959141236,-3.37721531869787,1.14155837134975,-0.184161388119461,0.733798837672509,0.158786989539326
-21.7422852021823,-14.0171333233567,-3.95797471300606,0.851375545778226,-0.254971121502582,0.709315606778889,0.175869054897292
-22.4825895328098,-14.7464411482437,-4.53883231102035,0.560347264000672,-0.325790345259009,0.68448456739697,0.192989151088612
-23.2180413808748,-15.4736442318494,-5.11975464256368,0.2685259571565,-0.396578368920592,0.659327679969262,0.210169621311864
-23.9486126619623,-16.1987640374129,-5.70070458765796,-0.0240331886108635,-0.4672958973709,0.633866993145066,0.227431797480242
-24.6742708324036,-16.9218178838426,-6.28164074709752,-0.317271776393626,-0.537904906996698,0.608124767028959,0.244795795414343
-25.3949783292337,-17.6428182591602,-6.86251689764503,-0.611127838539227,-0.608368617881984,0.582123519029026,0.26228029503166
-26.1106918959488,-18.3617720724484,-7.44328148188766,-0.905535576600042,-0.678651566106255,0.555885975529666,0.279902302208571
-26.8213620526996,-19.0786800210369,-8.02387720156275,-1.20042521263174,-0.748719790498335,0.529434922808121,0.297676893700573
-27.5269323746208,-19.7935358346324,-8.60424061958859,-1.49572294695438,-0.818541133349332,0.502792936545114,0.315616940563728
-28.2273389520661,-20.5063256573279,-9.18430187839774,-1.79135104195098,-0.888085672581552,0.475981983777579,0.333732813322043
-28.9225096607228,-21.2170272982243,-9.76398441970332,-2.08722801822966,-0.957326281180998,0.449022876184521,0.352032064321828
-29.6123635136473,-21.9256095409536,-10.3432047860395,-2.38326897952622,-1.02623932662909,0.42193456618348,0.370519090286163
-30.296809872356,-22.6320313437479,-10.9218724249265,-2.67938605148163,-1.09480550551857,0.394733269702183,0.38919477291382
-30.9757477154736,-23.3362410689051,-11.4998895553655,-2.9754889460761,-1.16301081908415,0.367431407999199,0.408056101038708
-31.6490646820194,-24.0381755216614,-12.0771509838517,-3.2714856197975,-1.23084767406889,0.340036357228878,0.427095772623572
-32.3166362520034,-24.7377590604182,-12.6535439887889,-3.56728304753825,-1.29831611143888,0.312549006782243,0.446301784071579
-32.9783245676937,-25.4349023896397,-13.2289480668237,-3.86278804402473,-1.36542512576469,0.284962123401775,0.465657004158346
-33.633977416225,-26.129501417331,-13.8032347182923,-4.1579081626724,-1.43219406928767,0.257258536404829,0.485138744757835
-34.2834268270988,-26.8214357411052,-14.3762670276918,-4.45255257677543,-1.49865408177649,0.229409158569653,0.504718327510147
-34.9264877169176,-27.5105670772776,-14.9478991783823,-4.74663295050446,-1.56484951590582,0.201370877596874,0.52436066080103
-35.5629562691761,-28.1967373705961,-15.5179757349505,-5.0400642085754,-1.63083928378844,0.173084360795574,0.544023832900485
-36.1926081697527,-28.8797666563463,-16.0863306976677,-5.33276515528072,-1.69669805477702,0.144471834910388,0.563658735270463
-36.815196659959,-29.5594506229811,-16.6527862639666,-5.62465886333284,-1.7625172135826,0.115434919524606,0.583208729989026
-37.4304504308808,-30.2355578730882,-17.2171512553487,-5.91567275155261,-1.82840547672357,0.0858526117231093,0.602609378363696
-38.0380712761752,-30.9078267968918,-17.7792191180731,-6.20573824542759,-1.89448904784289,0.055579538710143,0.621788248193746
-38.6377316533634,-31.5759621641659,-18.3387655136154,-6.49478994524646,-1.96091119442079,0.024444614014467,0.640664822621046
-39.229072119658,-32.2396313995541,-18.8955454371982,-6.78276419743727,-2.02783111502747,-0.00774975194112004,0.659150531925725
-39.8116986142501,-32.8984605180537,-19.4492898117645,-7.06959696797189,-2.09542196823471,-0.041227724785774,0.677148930061007
-40.3851799194593,-33.5520300062671,-19.9997016943775,-7.35522099163233,-2.16386796388891,-0.0762392369545322,0.694556043153244
-40.9490449509285,-34.1998703869958,-20.54645192086,-7.63956207129914,-2.23336040306281,-0.1130581358789,0.711260903654208
-41.5027805788284,-34.8414580916944,-21.0891745562986,-7.92253461950552,-2.30409264225221,-0.151979149083929,0.727146297821311
-42.0458294916646,-35.4762112954871,-21.6274619617756,-8.20403635818037,-2.37625393999421,-0.193313556155655,0.742089728179826
-42.5775887680028,-36.1034863489986,-22.1608598983809,-8.48394235470773,-2.45002226565856,-0.237383509308183,0.755964604556702
-43.097408994153,-36.7225747680295,-22.6888627117809,-8.76209847489656,-2.52555617479999,-0.284515006595253,0.768641653304036
-43.6045942182113,-37.332701135412,-23.2109089059632,-9.03831448048129,-2.60298595767479,-0.335029602548176,0.779990530787902
-44.0984028824234,-37.9330221552897,-23.7263773732322,-9.31235703290822,-2.68240433881697,-0.389235030360819,0.789881612390863
-44.5780497364962,-38.5226269829886,-24.2345844973908,-9.58394289204061,-2.7638570717108,-0.447415002895713,0.79818791347533
-45.0427090658015,-39.1005392335533,-24.7347825393891,-9.85273271368617,-2.84733385479986,-0.509818553945049,0.80478709352462
-45.491518979776,-39.6657205516295,-25.2261593975166,-10.1183257532773,-2.93276000067494,-0.576649354725863,0.809563475453597
-45.923586824483,-40.2170758745226,-25.7078399863871,-10.3802558536849,-3.01998932244766,-0.648055499521142,0.812410012696903
-46.3379958055189,-40.7534605116604,-26.178889461608,-10.6379890816925,-3.10879868397655,-0.724120281579257,0.813230136681267
-46.733812413172,-41.2736886952227,-26.6383181923431,-10.8909232185728,-3.19888457391489,-0.804854462892941,0.811939413363054
-47.1100945698865,-41.7765435023644,-27.0850885030351,-11.1383893088706,-3.28986199652221,-0.890190494506546,0.808466953469676
-47.4659001613614,-42.2607877839818,-27.5181229912281,-11.3796553193902,-3.38126584034059,-0.979979051406039,0.802756531290545
-47.8002959653176,-42.7251760143361,-27.9363143619532,-11.6139319390603,-3.47255477860122,-1.07398813251043,0.794767390943252
-48.1123661795016,-43.1684662273196,-28.3385361844924,-11.8403802487193,-3.56311756065728,-1.17190481817142,0.784474724881134
-48.4012208800219,-43.5894321942866,-28.7236545780192,-12.0581211596004,-3.65228150368964,-1.27333964972218,0.771869847819531
-48.6660038482793,-43.9868751992711,-29.0905402771504,-12.2662462212661,-3.73932282042012,-1.37783343225403,0.756960090933897
-48.9058996442998,-44.3596351637243,-29.4380807613701,-12.4638294419266,-3.82347836670755,-1.48486614231044,0.739768461526988
-49.1201399367334,-44.7066010086355,-29.7651922094926,-12.6499397617335,-3.9039583544326,-1.59386752644315,0.72033312294519
-49.3080090583646,-45.0267201268069,-30.0708310288731,-12.8236537991491,-3.97995955775178,-1.7042289102745,0.698706750614314
-49.468848713225,-45.3190068223694,-30.3540047051936,-12.9840684902462,-4.05067855357346,-1.81531570593866,0.674955815951843
-49.6020619110202,-45.5825497334653,-30.6137818378422,-13.1303133074906,-4.11532459010565,-1.92648011413696,0.649159844035692
-49.7071163812766,-45.816518437269,-30.8493013672537,-13.2615618321074,-4.1731317509614,-2.03707355775498,0.621410681461281
-49.7835472891773,-46.020169056422,-31.0597807648689,-13.377042386025,-4.22337011436603,-2.14645842362295,0.591811791388579
-49.830959607691,-46.1928491834765,-31.2445233089105,-13.4760476150327,-4.26535571892946,-2.25401877926483,0.560477585935841
-49.8490300000875,-46.3340019818398,-31.4029242777267,-13.5579428234686,-4.29845916932834,-2.35916978949303,0.527532786597182
-49.8375083323138,-46.4431695629445,-31.5344760688368,-13.6221729670134,-4.32211279146352,-2.46136564628565,0.493111796223008
-49.7962189113206,-46.5199957133028,-31.6387722472555,-13.66826823562,-4.33581628938031,-2.56010590040311,0.457358057876143
-49.7250611772857,-46.5642276953296,-31.7155103006305,-13.6958480852301,-4.33914085907946,-2.65494013304401,0.420423368263887
-49.6240099405153,-46.575717178378,-31.7644931164567,-13.7046237022462,-4.33173177303276,-2.74547098223898,0.382467117295445
-49.4931150712189,-46.5544201864646,-31.7856290958072,-13.6943988641446,-4.31330945748827,-2.83135558135133,0.343655426627966
-49.3325005746829,-46.5003959772343,-31.7789308544628,-13.6650691997188,-4.28366910999981,-2.91230551078545,0.304160166700317
-49.1423627915614,-46.4138045966752,-31.7445123667904,-13.6166198383312,-4.24267891355429,-2.98808538726174,0.264157839331881
-48.9229680492055,-46.2949034248762,-31.6825848216024,-13.549121644957,-4.19027698421016,-3.05851027725541,0.223828326801226
-48.6746494628603,-46.1440424608867,-31.5934510968171,-13.4627261123995,-4.1264671684902,-3.12344210724308,0.183353514180675
-48.3978031037908,-45.9616586091905,-31.4774991361757,-13.3576591736323,-4.05131388763209,-3.18278528965005,0.142915804683896
-48.0928835384036,-45.7482690546018,-31.3351944125371,-13.2342141810685,-3.96493624302356,-3.23648178101127,0.102696554504982
-47.7603991289843,-45.5044642010964,-31.1670719440559,-13.0927444385916,-3.86750166014379,-3.28450581822657,0.0628744607035118
-47.4009069526694,-45.230900157117,-30.9737279988865,-12.9336555416727,-3.75921932534494,-3.32685854120375,0.0236239374168991
-47.0150078083225,-44.9282913381602,-30.7558120244711,-12.7573979481353,-3.64033372893272,-3.36356274126944,-0.0148864817104927
-46.6033413405163,-44.597403332883,-30.5140190330244,-12.5644600579689,-3.51111858367791,-3.39465792894177,-0.0524956796341206
-46.1665815669045,-44.239046408136,-30.2490828083771,-12.3553621079953,-3.37187138265551,-3.42019590890899,-0.0890513982481974
-45.7054327400372,-43.8540696631517,-29.9617700173401,-12.1306510303301,-3.22290878991312,-3.44023699485646,-0.12441155911147
-45.2206258363763,-43.4433561572404,-29.6528754860895,-11.8908964478247,-3.06456302645611,-3.45484698794431,-0.158445440241193
-44.7129154786688,-43.0078188330373,-29.3232185179414,-11.6366877686287,-2.897179308754,-3.46409496798349,-0.191034691295526
-44.1830772947195,-42.5483972099165,-28.9736401943419,-11.3686323159794,-2.72111433744069,-3.46805191906337,-0.222074174309724
-43.6319055910737,-42.0660546703192,-28.6050014622951,-11.0873543238246,-2.5367357507913,-3.46679016042542,-0.251472621026696
-43.0602112245205,-41.5617761404012,-28.2181817695387,-10.7934945711754,-2.34442239015152,-3.46038351389135,-0.279153101237179
-42.4688194389877,-41.0365658386157,-27.814077904131,-10.487710358381,-2.14456516246365,-3.44890809415507,-0.3050532985199
-41.8585675013416,-40.4914448231366,-27.3936027276722,-10.1706755274885,-1.9375682514351,-3.43244358346598,-0.329125592057489
-41.2303020808088,-39.9274481811223,-26.9576835716167,-9.84308025957358,-1.7238504154148,-3.41107483946379,-0.351336946017957
-40.584876089485,-39.3456214970064,-26.5072599414425,-9.50563035153902,-1.50384610174555,-3.38489365353048,-0.371668608238403
-39.9231451120135,-38.7470166566209,-26.0432804809192,-9.15904581862899,-1.27800614930271,-3.35400050775556,-0.390115625358454
-39.2459632806767,-38.1326868080869,-25.5666990182594,-8.8040586597056,-1.04679787848751,-3.31850616337508,-0.406686182211525
-38.5541786797161,-37.5036805509738,-25.0784697181909,-8.44140974290813,-0.810704432088467,-3.27853294856111,-0.421400778235333
-37.8486284397424,-36.8610355299322,-24.5795414667977,-8.07184485268503,-0.570223293459683,-3.234215644242,-0.43429125810289
-37.1301335551036,-36.205771510953,-24.070851580685,-7.69610997417135,-0.325863970390486,-3.18570188570512,-0.445399715960569
-36.3994937139751,-35.5388832899224,-23.5533191391558,-7.31494600164257,-0.0781449005529473,-3.133152052981,-0.45477729876249
-35.6574822352648,-34.8613336071159,-23.0278381388328,-6.92908305597031,0.172410315604589,-3.07673864054005,-0.46248293486187
-34.9048413407044,-34.1740463795398,-22.4952707734067,-6.53923465072309,0.425277204033086,-3.01664514086384,-0.468582017492601
-34.1422779054002,-33.4779004799692,-21.9564410887948,-6.14609193820164,0.679935050590433,-2.95306449783747,-0.47314507271367
-33.3704598375393,-32.7737242923165,-21.4121292601601,-5.75031826254377,0.9358716877913,-2.88619720971513,-0.47624644125569
-32.5900132118368,-32.0622912358227,-20.8630667018182,-5.35254422209959,1.19258824566375,-2.81624917574706,-0.477963002056443
-31.8015201608676,-31.3443163168791,-20.3099321181988,-4.95336339283675,1.44960368851133,-2.7434293797493,-0.4783729611693
-31.0055176606525,-30.6204538802303,-19.7533486592815,-4.55332885016434,1.70645898833175,-2.66794751828769,-0.477554728428327
-30.2024970318463,-29.8912964031116,-19.1938821109431,-4.15295053602066,1.96272080440609,-2.59001165076952,-0.475585895761676
-29.3929043338654,-29.1573745107295,-18.632040248568,-3.75269353377286,2.21798459031884,-2.50982597164313,-0.472542332276337
-28.5771413447943,-28.4191578976572,-18.0682731456687,-3.35297720476295,2.47187705932694,-2.42758875142638,-0.468497399569102
-27.7555672115247,-27.6770572153734,-17.5029744570164,-2.95417516613677,2.72405799469114,-2.34349051347459,-0.463521292760354
-26.9285006188033,-26.9314267437202,-16.9364835274656,-2.55661602928197,2.9742214084936,-2.25771247814103,-0.457680505417213
-26.0962223166408,-26.1825676481969,-16.3690881605095,-2.16058480234413,3.22209607238378,-2.17042529076095,-0.451037413099643
-25.258977980778,-25.4307317570268,-15.8010279591169,-1.7663248627312,3.46744547613015,-2.08178804772138,-0.443649969958513
-24.4169812511685,-24.676125661499,-15.2324980669262,-1.37404038648565,3.71006726967838,-1.99194761172209,-0.435571508638585
-23.5704168780395,-23.9189150290464,-14.6636531928862,-0.983899130346941,3.94979226022475,-1.90103820440784,-0.426850633781844
-22.7194439020118,-23.1592290184427,-14.0946118047457,-0.596035465610294,4.18648303876394,-1.80918125616568,-0.417531198544831
-21.8641987653215,-22.3971646601637,-13.5254603651764,-0.210553570558789,4.42003230270033,-1.71648548460468,-0.40765235262131
-21.0047983597678,-21.6327911799581,-12.9562575599338,0.172469297619875,4.65036095494458,-1.62304717803874,-0.397248652287739
-20.1413429039903,-20.8661541328438,-12.3870384057263,0.552979521888805,4.8774160315188,-1.52895064890616,-0.386350221234828
-19.2739186771534,-20.0972793571392,-11.8178182178852,0.930943891257019,5.10116852679279,-1.43426883205486,-0.374982954054509
-18.4026005359547,-19.3261766591697,-11.2485963643383,1.30634645683843,5.32161115375962,-1.33906399532577,-0.363168753087801
-17.5274542602007,-18.5528432660224,-10.6793598134164,1.67918551263798,5.53875609494457,-1.24338854034307,-0.350925792485235
-16.6485386849418,-17.7772669964204,-10.1100864362789,2.0494707221741,5.75263276798864,-1.14728586665815,-0.338268802522016
-15.7659076283783,-16.9994291558617,-9.54074806279645,2.41722040319258,5.96328563234777,-1.0507912788808,-0.325209369119651
-14.8796116453375,-16.2193071871267,-8.97131330751385,2.7824589782222,6.17077206351955,-0.953932920454928,-0.311756244845773
-13.9896996091646,-15.4368770808933,-8.40175017028405,3.14521458954511,6.37516030556442,-0.856732718535339,-0.297915667949633
-13.0962201050491,-14.6521155300438,-7.83202840826875,3.50551686370263,6.57652749368144,-0.75920732630349,-0.283691686316804
-12.1992227251834,-13.8650019313242,-7.26212174376603,3.86339482981594,6.77495778174964,-0.661369058574391,-0.269086486246539
-11.2987591949036,-13.0755201600937,-6.69200987751824,4.2188749542586,6.97054052946132,-0.563226809131178,-0.254100723051183
-10.39488443621,-12.2836602434085,-6.12168038581583,4.57197929742521,7.16336858763554,-0.464786951519185,-0.238733854935279
-9.48765751885345,-11.4894198803451,-5.55113048742947,4.92272374967686,7.35353663336296,-0.366054218237575,-0.222984478540684
-8.57714255742058,-10.6928058825064,-4.98036873263059,5.2711163354161,7.54113956356343,-0.267032561731017,-0.20685066737946
-7.66340956370416,-9.89383555173674,-4.40941663800575,5.6171555565161,7.72627092495018,-0.16772599979611,-0.190330313523076
-6.74653528329763,-9.09253803638159,-3.83831030313184,5.9608287552634,7.90902137147002,-0.0681394507120696,-0.173421473594534
-5.82660401551199,-8.28895566855985,-3.26710202852755,6.30211045265699,8.08947710663804,0.0317204354943764,-0.15612271946738
-4.90370846615063,-7.48314535126412,-2.69586198386551,6.64096065597994,8.26771831942264,0.131844440516593,-0.138433495443312
-3.97795063470793,-6.67518000076714,-2.12467994768366,6.97732309093503,8.44381756900047,0.232219926531742,-0.120354482382986
-3.04944276221471,-5.86515008029059,-1.55366715418643,7.31112332741896,8.61783809274403,0.332829958570262,-0.101887969812924
-2.11830837158972,-5.05316527264223,-0.982958284722874,7.64226678505947,8.78983203007028,0.433652388698714,-0.0830382370769169
-1.18468341596033,-4.23935631134711,-0.412713631159308,7.97063657736738,8.95983851964712,0.534658888792515,-0.0638119438253231
-0.248717563070906,-3.42387700909194,0.156878536871722,8.29609117473236,9.12788165112102,0.635813918760364,-0.044218530222652
0.689424359492464,-2.60690651298621,0.725599374041093,8.61846185895763,9.29396824058088,0.737073616752583,-0.0242706267062129
1.62956073300108,-1.78865182039913,1.29319660909047,8.93754996298086,9.4580854182964,0.83838459986466,-0.00398447272300981
2.57149130692763,-0.969350576426334,1.85938142814978,9.25312387790752,9.62019799963165,0.939682664213638,0.016619656906157
3.51499512677366,-0.149274173480349,2.42382508767593,9.56491583266466,9.78024562962791,1.04089137688101,0.0375170200413571
4.45982821620612,0.671268838370226,2.98615526996025,9.87261847061677,9.93813970435182,1.14192055710372,0.0586779728240415
5.4057210036382,1.491929037277,3.54595221145176,10.1758812554431,10.0937600722461,1.24266464895617,0.0800675372164417
6.35237548427022,2.3123121323854,4.10274465282077,10.4743067514313,10.2469515238735,1.34300099394797,0.101644976246026
7.2994621473493,3.13197473515608,4.6560057062689,10.7674468992967,10.397520144538,1.4427880276136,0.123363384942899
8.24661667989254,3.95041997075404,5.20514874839275,11.0547993757718,10.5452295618091,1.54186342858544,0.145169306740068
9.19343651951905,4.76709305030938,5.74952351401568,11.3358042308569,10.6897972139532,1.64004227166355,0.167002388277372
10.1394773145299,5.58137694977913,6.28841258731287,11.6098409778574,10.8308907384463,1.73711524562009,0.188795087926393
11.0842494147774,6.39258840315297,6.82102855843951,11.8762264054767,10.9681246633876,1.83284702208347,0.210472457171369
12.0272145337575,7.19997446012962,7.34651215366372,12.1342134005444,11.1010575989889,1.92697487897559,0.231952017174827
12.9677827508376,8.00270990297539,7.86393168959513,12.3829911041401,11.2291901597744,2.01920770126939,0.253143756060265
13.9053101022999,8.79989588998989,8.37228426712137,12.6216867969271,11.3519639218884,2.10922550738664,0.273950276245425
14.8390969940205,9.59056020162455,8.87049911392728,12.8493698726305,11.468761699859,2.19667965655324,0.294267122409352
15.7683876984162,10.3736594868203,9.35744348700539,13.0650582587662,11.5789094498902,2.28119390131892,0.313983321394031
16.692371270356,11.1480839423251,9.83193154930716,13.2677276535255,11.6816801452096,2.36236645583284,0.332982165112745
17.6101841608951,11.9126647905556,10.2927365312392,13.4563238218351,11.7762998945422,2.43977322711037,0.351142262437561
18.5209147795963,12.6661848454284,10.7386063683125,13.6297780746439,11.8619565146646,2.51297232429796,0.368338878435089
19.4236102304297,13.40739235575,11.1682828540933,13.7870259117084,11.9378106901121,2.58150991381196,0.38444556847931
20.3172853249821,14.1350181258446,11.5805241091473,13.9270285716587,12.0030096948914,2.64492741264627,0.399336098704722
21.2009338897356,14.8477957243879,11.9741299262677,14.048797012663,12.0567035025303,2.70276992750674,0.412886625854176
22.0735421967468,15.5444843209258,12.3479692464842,14.1514175576046,12.0980628923721,2.7545957398879,0.424978087144149
22.9341042215462,16.2238934593611,12.7010087622138,14.2340782122804,12.1262989803343,2.79998653473053,0.435498728950046
23.7816381670256,16.8849087638358,13.0323413436628,14.2960943903679,12.1406833588781,2.8385579565518,0.44434668009541
24.6152036704287,17.5265174617949,13.341212881579,14.336932721656,12.1405679477358,2.86997000995848,0.451432460946789
25.4339188407149,18.1478323720034,13.6270459815394,14.3562314852878,12.125403482184,2.89393675159383,0.456681306470164
26.236976287082,18.7481130302319,13.8894590429992,14.3538163424096,12.0947555951498,2.91023472153894,0.460035181850542
27.0236572660044,19.3267826858418,14.128279429547,14.3297102327957,12.0483175114556,2.91870959896524,0.461454378180861
27.7933431699469,19.8834401209772,14.343549771691,14.2841366418197,11.9859185562787,2.91928066027959,0.460918596292803
28.5455237152697,20.4178655441607,14.5355268660271,14.2175158583741,11.9075279300047,2.91194275156556,0.4584274560323
29.2798013353241,20.930020153967,14.7046730979946,14.1304542873832,11.8132534928722,2.8967656473327,0.454000403297872
29.9958917113129,21.4200395192441,14.8516409102898,14.0237274400651,11.7033357175082,2.87389086498278,0.447676028617724
30.6936204725346,21.8882212188417,14.9772512123291,13.8982575566056,11.5781372238184,2.84352615929604,0.439510845259306
31.3729163501412,22.335007546638,15.0824669950564,13.7550871416145,11.4381285954459,2.80593806880225,0.429577606445372
32.0338014418585,22.7609644750832,15.1683637317754,13.5953499585322,11.2838714415327,2.76144300685913,0.417963266318699
32.6763791579076,23.1667580593402,15.2360981212349,13.420240974077,11.115999688475,2.71039742525536,0.404766698266115
33.300820655378,23.5531296166031,15.2868767587741,13.2309867387045,10.9352001621792,2.65318759997439,0.390096288399734
33.9073505549276,23.9208709299556,15.3219261414056,13.028817490178,10.7421934404933,2.5902195483022,0.374067514065888
34.4962325559064,24.2708004819073,15.342465102098,12.8149419578265,10.5377157783555,2.52190950418116,0.356800601136008
35.067755733836,24.6037416976929,15.3496805884101,12.5905256504178,10.3225028137917,2.44867530465451,0.338418337601139
35.6222217393031,24.920503628633,15.344707190721,12.3566729429836,10.0972754286282,2.37092890346598,0.319044095150485
36.1599335062506,25.2218646363566,15.3286107677449,12.1144131988668,9.86272810482515,2.28907016470381,0.29880009530679
36.6811855192455,25.5085591196797,15.3023760745642,11.8646907720625,9.61951981262743,2.20348196673352,0.277805933736396
37.1862557840309,25.7812672923657,15.2668981945761,11.6083586351678,9.36826738612348,2.1145265864958,0.256177363295262
37.6753995329052,26.0406078668807,15.222977426297,11.346175246603,9.10954122411017,2.02254327502786,0.234025324458629
38.1488443822629,26.2871332345185,15.1713170915794,11.0788041274085,8.84386302052376,1.92784688325721,0.211455202357467
38.6067871391919,26.5213270410053,15.1125239086867,10.8068157541198,8.57170531554236,1.83072740427334,0.188566288506565
39.0493916417268,26.7436034908257,15.0471102565516,10.5306911486317,8.29349245462609,1.73145024873297,0.165451418551065
39.4767877747546,26.9543082480639,14.9754979949186,10.2508268102664,8.00960273095698,1.63025711380122,0.142196762225281
39.8890714553753,27.1537205801237,14.8980234070055,9.96754057594295,7.72037141835819,1.52736729677634,0.118881740756219
40.2863051376784,27.3420562523901,14.814942795836,9.68107799352862,7.42609438536073,1.42297931172349,0.095579048834591
40.6685188681697,27.5194710412629,14.7264385055612,9.39161897906117,7.12703211301239,1.31727270621786,0.0723547630492446
41.035711846123,27.6860647080361,14.632625157162,9.09928455379407,6.82341394747308,1.21040998786287,0.0492685206426866
41.3878541597347,27.8418851124559,14.5335558338216,8.80414344091556,6.51544240031233,1.10253857906818,0.0263737546388625
41.7248885948187,27.9869323249367,14.4292280802883,8.50621840399407,6.20329738476833,0.993792744819445,0.00371797471924216
42.0467328112822,28.1211628852432,14.3195897527435,8.20549232373734,5.88714035877826,0.884295461678863,-0.0186569148122957
42.35328114764,28.2444936787933,14.2045444252035,7.90191382523851,5.56711821170116,0.774160183498332,-0.0407142671983459
42.6444068129474,28.3568059232281,14.0839566014002,7.59540259725408,5.24336697336434,0.663492506036875,-0.062422321045291
42.9199637885802,28.4579488060766,13.9576565038141,7.28585427418452,4.91601523097003,0.552391708495672,-0.0837538081522594
43.179788818756,28.5477430307759,13.8254445856492,6.97314497141211,4.58518730000775,0.440952179425602,-0.104685545150598
43.4237032229147,28.6259841038208,13.6870957036578,6.65713545309239,4.25100612021442,0.329264727748669,-0.125198011538055
43.6515149043533,28.6924456254077,13.5423631034952,6.33767502464972,3.91359592644166,0.217417791108325,-0.145274917499638
43.8630199305779,28.7468821891534,13.3909820552669,6.01460508863581,3.57308464779725,0.105498547267314,-0.164902761945916
44.0580045457767,28.7890324769223,13.2326734454716,5.68776252927394,3.22960613430735,-0.0064060538694527,-0.184070385304396
44.2362467094683,28.8186219732374,13.067147081561,5.35698283203199,2.88330215134479,-0.118208329529072,-0.202768515838365
44.3975180644938,28.8353659112048,12.8941050203882,5.02210309658167,2.53432423465635,-0.229818960944197,-0.220989314642255
44.5415855393427,28.8389719495818,12.7132447157893,4.68296487421007,2.18283536747404,-0.341146137273612,-0.238725917826984
44.6682131553338,28.829142972226,12.5242621882966,4.33941693348696,1.82901153834942,-0.452094738206281,-0.255971980192961
44.7771639010499,28.8055799365386,12.326855203701,3.9913179625578,1.47304318291706,-0.562565549526332,-0.272721222004445
44.8682016488231,28.7679847701253,12.1207264795556,3.63853922997026,1.11513652019098,-0.672454507845886,-0.288966981052257
44.9410929063596,28.7160631974676,11.9055868883335,3.28096721061305,0.755514788802688,-0.781651970045829,-0.304701771190278
44.9956090040049,28.6495278936604,11.681158839251,2.91850624280605,0.394419402433493,-0.89004201885922,-0.319916854184734
45.0315279931804,28.5681015099787,11.4471796582826,2.5510811703736,0.0321110058648297,-0.997501799725258,-0.334601823665121
45.0486369868115,28.4715200442299,11.2034051685994,2.17864002738068,-0.331129564750548,-1.10390091183334,-0.348744210161669
45.0467341771802,28.3595360719898,10.9496132771429,1.80115671665264,-0.695000435958576,-1.2091008513693,-0.362329106335168
45.0256312675025,28.2319223043727,10.685607750384,1.41863371483149,-1.0591779852283,-1.3129545404659,-0.375338823085762
44.9851557845892,28.0884751279518,10.4112220318173,1.03110475732192,-1.42331628957315,-1.41530595039162,-0.387752578450613
44.9251535203185,27.9290182710008,10.1263231401283,0.638637487223164,-1.78704677056228,-1.51598984878466,-0.39954622778469
44.8454910113494,27.753406519629,9.8308155915293,0.241336024895771,-2.14997807593532,-1.61483169500004,-0.410692041757627
44.7460580337048,27.5615294428696,9.52464529494568,-0.160656592639305,-2.51169624349475,-1.71164771068531,-0.421158539749268
44.6267700020137,27.3533150248144,9.20780333811021,-0.56715616372748,-2.87176519164331,-1.80624514966593,-0.430910385803568
44.4875704614946,27.1287332775399,8.88032963290144,-0.977935339514364,-3.22972760054707,-1.89842280184892,-0.439908357333499
44.3284333866896,26.8877996083534,8.54231627431049,-1.39272198974001,-3.58510622164786,-1.98797174525646,-0.448109392251508
44.1493653764806,26.6305779395005,8.19391053711791,-1.81119800802958,-3.93740567002352,-2.07467636983342,-0.45546672326952
43.9504075784769,26.3571834156774,7.83531737347159,-2.23299864826974,-4.28611472946092,-2.15831567934367,-0.461930104749755
43.7316374072301,26.0677846713938,7.46680131451427,-2.65771249079752,-4.63070920679489,-2.23866487892673,-0.467446138443438
43.4931698940986,25.7626054918641,7.08868763591479,-3.08488212407757,-4.97065533664201,-2.31549723426562,-0.471958700223634
43.2351586807212,25.4419258086252,6.70136268537998,-3.51400562318769,-5.30541373224579,-2.38858618323489,-0.475409469227664
42.957796463605,25.1060818564825,6.30527324968446,-3.94453887347942,-5.63444382966532,-2.45770765522358,-0.477738555587447
42.6613149697988,24.7554654919495,5.90092490550605,-4.37589877907054,-5.95720877349884,-2.52264255179787,-0.478885222375973
42.3459844053542,24.390522606907,5.4888793031042,-4.80746735449917,-6.27318064699394,-2.58317931965832,-0.478788692096508
42.0121122297388,24.0117505428808,5.06975036015339,-5.23859664382949,-6.58184590146549,-2.63911652613302,-0.477389023017459
41.6600414231467,23.6196946192547,4.64419943043719,-5.66861439799669,-6.88271085327872,-2.69026535377751,-0.474628040302046
41.2901482047111,23.2149437953146,4.21292952986642,-6.09683037369721,-7.17530706231876,-2.73645191000602,-0.470450301012249
40.9028391448809,22.7981255105066,3.77667875589805,-6.52254306146211,-7.4591963788334,-2.77751924215106,-0.46480406900458
40.4985479455977,22.3698999634165,3.33621311974172,-6.94504665500561,-7.73397549141062,-2.81332897255201,-0.45764227758533
40.0777318432431,21.9309539355848,2.89231901721778,-7.36363799640884,-7.9992797567276,-2.8437624567026,-0.448923453363007
39.6408678588393,21.481994438346,2.44579562280786,-7.77762325095259,-8.25478615312102,-2.86872140149675,-0.438612578332109
39.1884489186944,21.0237423619293,1.99744749168355,-8.18632402632039,-8.50021518930166,-2.88812788911173,-0.42668186680448
38.7209801322489,20.5569264528289,1.54807767349664,-8.58908271285107,-8.73533169282417,-2.90192379871841,-0.413111439890132
38.2389752768333,20.0822778067726,1.09848160535308,-8.98526681064459,-8.95994440682189,-2.91006963292577,-0.39788988171452
37.7429537293626,19.6005251466541,0.649442023126856,-9.37427209989442,-9.17390442424914,-2.91254280325509,-0.381014668529875
37.233437732607,19.1123909382868,0.201725063589844,-9.75552449566031,-9.37710247037222,-2.90933543491791,-0.362492463427802
36.7109503746571,18.6185886148413,-0.243922326429071,-10.1284806229996,-9.56946522393109,-2.90045181875547,-0.342339279708409
36.1760141932509,18.1198208880043,-0.686773653167162,-10.4926271261321,-9.75095081804088,-2.88590562745274,-0.320580515689787
35.629150247588,17.6167790459449,-1.12612286199432,-10.8474787784545,-9.92154368620886,-2.86571702512587,-0.297250867451421
35.0708779849757,17.1101433334674,-1.56128318629923,-11.1925756795356,-10.0812490879742,-2.83990984868885,-0.272394133401999
34.5017154621268,16.600584080364,-1.99158505889104,-11.5274796720772,-10.2300874660124,-2.8085089798969,-0.246062919486889
33.9221800692785,16.0887635038267,-2.41637335392007,-11.8517703328307,-10.3680889539435,-2.77153806814576,-0.218318260110806
33.3327895059452,15.575337887323,-2.83500425572327,-12.1650408015567,-10.4952882354291,-2.72901771802744,-0.189229166408361
32.7340628795677,15.060959887745,-3.24684207039086,-12.4668937546253,-10.6117199656509,-2.6809642455105,-0.158872114101553
32.1265218017207,14.5462807241989,-3.65125629312851,-12.7569378179493,-10.7174149334719,-2.62738908198041,-0.127330482230435
31.5106913270103,14.0319520013187,-4.04761921638814,-13.0347846679562,-10.8123970892118,-2.56829887474633,-0.0946939528899649
30.8871005796106,13.518626946134,-4.43530431634239,-13.3000470133418,-10.8966815112412,-2.50369630293487,-0.0610578814994547
30.2562829948486,13.0069609096482,-4.81368560352056,-13.5523376154901,-10.9702733591082,-2.43358160491159,-0.0265226471640046
29.6187761102057,12.4976110275441,-5.18213805488791,-13.7912694346229,-11.0331678124321,-2.35795478576024,0.00880700729426845
28.9751208039703,11.9912349642081,-5.5400391607872,-14.0164568918162,-11.0853509326186,-2.2768184451281,0.0448226353689946
28.3258600729066,11.4884887907531,-5.8867715769886,-14.2275182493933,-11.1268014145431,-2.19018115963462,0.0814127356474389
27.6715372828377,10.9900240208832,-6.22172677730358,-14.4240789725556,-11.157493104705,-2.0980613236449,0.118463377083099
27.0126940183369,10.4964839424488,-6.54430958071236,-14.605775971867,-11.1773982130512,-2.00049135445518,0.155858787729613
26.3498675690635,10.0084993698242,-6.85394336966246,-14.7722625453373,-11.1864910997147,-1.89752215175481,0.193481893452426
25.683588173492,9.52668398970928,-7.15007581069527,-14.9232138602648,-11.1847525484151,-1.78922770245802,0.231214793688877
25.0143760962905,9.05162945855462,-7.43218487302565,-15.0583327876808,-11.172174425045,-1.67570971627972,0.268939162382016
24.3427386643699,8.58390042139376,-7.69978496500995,-15.1773559415301,-11.1487646512967,-1.55710218069199,0.306536564880799
23.669167325237,8.12402958359353,-7.95243301699518,-15.2800597632748,-11.1145524094616,-1.43357572006767,0.343888684539893
22.9941348036049,7.67251295090247,-8.18973437622322,-15.36626653016,-11.0695935117391,-1.30534164540966,0.380877457189127
22.3180924417635,7.22980533117264,-8.41134842412438,-15.435850207962,-11.013975881796,-1.17265558072685,0.417385117297702
21.6414677183588,6.79631613565943,-8.61699383454711,-15.4887420418685,-10.9478250558973,-1.03582054417728,0.453294164309313
20.9646620018059,6.37240551688748,-8.80645344700907,-15.5249358452324,-10.871309635287,-0.895189361560351,0.48848726485826
20.2880485294199,5.95838084179254,-8.97957873078841,-15.5444929174133,-10.7846465756864,-0.75116627973672,0.522847111897841
19.6119706080124,5.55449349167217,-9.1362938287503,-15.5475465259697,-10.6881061781892,-0.604207641241051,0.55625626769306
18.9367400156609,5.1609359754084,-9.27659916002271,-15.5343058632227,-10.58201660557,-0.45482147493504,0.588597022328007
18.2626356262334,4.77783936260267,-9.40057456333828,-15.5050593946146,-10.4667677339419,-0.303565856102253,0.619751304529454
17.5899022314909,4.40527104686028,-9.50838191061103,-15.4601774419474,-10.3428140850049,-0.151045890865893,0.649600682699505
16.9187495730177,4.04323288467391,-9.60026709515073,-15.4001138282847,-10.210676567796,0.00209080589655319,0.678026495200085
16.2493516263166,3.69165979190327,-9.67656126721277,-15.325406391344,-10.0709427490637,0.155160244263822,0.704910147800013
15.5818461596473,3.35041890634332,-9.73768112886604,-15.2366761122775,-9.92426534682298,0.30744986825758,0.730133610206215
14.9163346571834,3.01930946988194,-9.7841280955009,-15.134624640023,-9.77135869239789,0.458228043754898,0.753580137866116
14.252882642124,2.69806359499552,-9.81648606843184,-15.0200299323013,-9.61299291029187,0.606755149249739,0.775135231039701
13.5915205466873,2.38634811504053,-9.83541762795361,-14.8937398699757,-9.44998571025147,0.752296099232276,0.794687833673307
12.9322451459764,2.08376768821611,-9.84165839237015,-14.7566636291423,-9.28319170831997,0.894134016565971,0.812131750705659
12.2750216883809,1.78986932358066,-9.83600942647687,-14.609760819607,-9.11348941633471,1.0315846586884,0.827367249752407
11.6197867576333,1.50414843393373,-9.81932761294222,-14.4540284396574,-8.94176614683039,1.16401108913834,0.84030278942063
10.9664518959634,1.22605645272334,-9.79251402932773,-14.2904858697617,-8.76890126816646,1.29083799333463,0.850856799648998
10.314907961197,0.955009957858172,-9.75650049312515,-14.1201582652264,-8.59574839719015,1.41156497393107,0.858959423767127
9.66503017017125,0.690401142701112,-9.7122346056365,-13.9440588974523,-8.42311727953109,1.52577814641663,0.864554125389749
9.01668369085254,0.431609361364487,-9.66066372989445,-13.763171074245,-8.25175617355992,1.63315938720733,0.867599059238681
8.36972961973237,0.17801337746889,-9.60271847686959,-13.578430391601,-8.08233561028327,1.73349268218578,0.868068114469708
7.72403112931816,-0.0709961350725248,-9.53929634552438,-13.3907080916481,-7.9154343597445,1.82666716971741,0.865951554802562
7.07945954925836,-0.316004338543448,-9.47124620173132,-13.2007962847948,-7.75152833543588,1.9126766639746,0.861256204757355
6.43590013439679,-0.557560734006119,-9.3993542587973,-13.0093957043382,-7.59098299879201,1.99161566108236,0.854005161339041
5.79325728188658,-0.796168896576727,-9.32433214352516,-12.8171065133286,-7.43404960666433,2.06367205055092,0.844237042872459
5.15145898688095,-1.03227784844856,-9.24680750270227,-12.6244224897013,-7.28086539760921,2.12911695420943,0.832004817751396
4.51046038558225,-1.26627537537918,-9.16731746980125,-12.4317287382485,-7.13145758754118,2.18829228101063,0.817374285015147
3.87024627421164,-1.49848346976416,-9.08630511222867,-12.2393028353229,-6.98575080647132,2.24159668715761,0.800422296323514
3.23083256555239,-1.72915596001746,-9.004118831257,-12.0473191578316,-6.84357745290286,2.28947068093145,0.78123482219325
2.59226669111113,-1.9584782627515,-8.92101450761283,-11.8558559640162,-6.70469030619818,2.33238158907828,0.759904965022702
1.95462702292452,-2.18656910022788,-8.83716010379768,-11.6649047454073,-6.56877671335324,2.37080904258138,0.736531018460948
1.31802141288526,-2.41348394035306,-8.75264230711883,-11.4743812600506,-6.43547363759845,2.40523152040498,0.711214655587704
0.682584984599302,-2.63921987167026,-8.66747477829354,-11.2841376857658,-6.30438292740708,2.43611436387259,0.684059312718801
0.048477325229654,-2.86372160648882,-8.58160756995655,-11.0939753752469,-6.17508625634163,2.46389953683573,0.655168816017569
-0.584120775565822,-3.08688829745414,-8.49493727189098,-10.9036577183118,-6.04715926959306,2.48899726475461,0.624646275450477
-1.2150108960752,-3.30858088148673,-8.40731751521345,-10.7129227367611,-5.92018460947704,2.51177957727006,0.592593254600046
-1.84398072976106,-3.52862968098234,-8.31856948220376,-10.5214950688207,-5.79376357096961,2.53257567228619,0.559109205924018
-2.47080789331153,-3.74684204053516,-8.22849216312363,-10.3290971263,-5.66752625821337,2.55166896052295,0.524291151418962
-3.09526369585361,-3.96300980647416,-8.13687213635723,-10.1354592510941,-5.54114017439464,2.56929559915838,0.488233578148836
-3.71711678035361,-4.17691648438575,-8.04349268736745,-9.94032874307361,-5.41431722802037,2.58564429825911,0.451028512097098
-4.33613656151286,-4.38834393961102,-7.94814212784027,-9.74347768297519,-5.28681918215463,2.60085718247478,0.412765731830038
-4.95209639500491,-4.59707852631384,-7.85062120388482,-9.54470950146438,-5.15846159538638,2.6150315010322,0.373533083191158
-5.56477641536987,-4.8029165404465,-7.75074949237733,-9.34386425205681,-5.02911630849839,2.62822199658151,0.333416857396414
-6.17396599861812,-5.00566891404496,-7.64837071678961,-9.14082257928247,-4.89871254744974,2.64044377630519,0.292502198743998
-6.77946577006562,-5.20516504201822,-7.54335686884352,-8.93550831485646,-4.7672366791673,2.65167553906721,0.250873509600589
-7.38108914640022,-5.40125569435276,-7.43561111639253,-8.72788974306475,-4.63473071249211,2.66186307018469,0.208614828443955
-7.97866333423824,-5.5938149166386,-7.32506939741104,-8.51797947628007,-4.50128958207586,2.67092291058214,0.165810157520713
-8.57202977436125,-5.7827408826545,-7.21170068648538,-8.30583297920351,-4.36705730586243,2.67874615499987,0.122543724343989
-9.16104398664014,-5.96795564788932,-7.09550589506915,-8.09154574489033,-4.2322220902749,2.68520233653118,0.0789001645074196
-9.74557482979075,-6.14940380948868,-6.97651543738135,-7.87524919994797,-4.09701049969074,2.69014338498513,0.0349646192416612
-10.3255031488483,-6.32705006990983,-6.8547854822405,-7.65710539394128,-3.96168079850646,2.69340763974133,-0.00917725482373189
-10.900719861933,-6.50087577643471,-6.73039300002623,-7.43730061819758,-3.82651562350795,2.69482392273131,-0.0534393605148056
-11.4711235378428,-6.67087453213233,-6.60342973814355,-7.21603811303146,-3.69181415154426,2.69421567364575,-0.0977353122933307
-12.0366175141598,-6.83704699984507,-6.47399528981712,-6.9935300437716,-3.55788393583819,2.69140514514718,-0.141978653683974
-12.5971066588283,-6.99939507814552,-6.34218948334611,-6.76998897990849,-3.42503260545018,2.68621766321084,-0.186083123667839
-13.1524938910982,-7.15791565690947,-6.20810434797055,-6.5456191279711,-3.29355962016955,2.67848595322026,-0.229962952401111
-13.7026765939396,-7.3125941859618,-6.07181593706586,-6.32060758062927,-3.16374826490403,2.66805452887861,-0.273533164012251
-14.2475430243837,-7.46339828727917,-5.93337628682841,-6.09511582910893,-3.0358580427444,2.65478412979838,-0.316709861865472
-14.7869688952949,-7.61027168073217,-5.79280581833961,-5.86927180599689,-2.91011761679853,2.63855620148716,-0.359410472297594
-15.3208142598194,-7.75312866518358,-5.65008645832388,-5.64316268264465,-2.78671841015783,2.61927739707806,-0.401553923410362
-15.8489207961647,-7.89184936848499,-5.50515572263434,-5.41682860824248,-2.66580893717884,2.59688406936585,-0.443060737209059
-16.3711096747751,-8.02627600482572,-5.35790201017216,-5.19025757832689,-2.54748992493981,2.57134672972632,-0.483853019914193
-16.8871800279561,-8.15621027392738,-5.20816126424618,-4.96338153133987,-2.43181023046992,2.54267441449569,-0.52385433716361
-17.39690817205,-8.28141207748423,-5.05571517149806,-4.7360737892352,-2.31876356451646,2.51091890991105,-0.562989471463302
-17.9000476187511,-8.4015996464573,-4.90029099657807,-4.50814789599442,-2.2082860065361,2.47617875252909,-0.601184064770172
-18.3963299395582,-8.51645116243891,-4.74156313106472,-4.27935790070082,-2.10025430402952,2.43860290671015,-0.638364159013966
-18.8854664707903,-8.62560789815929,-4.57915638942,-4.04940010413326,-1.9944849555901,2.39839398572758,-0.674455654484413
-19.3671509325939,-8.72867892217363,-4.41265108729971,-3.8179163076491,-1.89073411333159,2.35581086667454,-0.709383718494008
-19.8410629111828,-8.82524733580453,-4.24158988742866,-3.58449857840814,-1.7886983609801,2.31117050206167,-0.743072181861014
-20.3068722301223,-8.9148780259713,-4.06548640004009,-3.34869556890694,-1.68801647181,2.26484871123801,-0.77544297173299
-20.7642441171411,-8.99712684119314,-3.88383547712934,-3.11002041068201,-1.58827227939838,2.21727969492663,-0.806415632012139
-21.2128451851356,-9.07155111943444,-3.69612513396313,-2.86796021831407,-1.48899883781716,2.16895401351769,-0.835906991836785
-21.6523500332233,-9.13772136668925,-3.50184994762038,-2.62198718907279,-1.38968405264755,2.12041474614796,-0.86383103697475
-22.0824484415448,-9.19523391177407,-3.30052575615921,-2.37157127263541,-1.289777978346,2.07225158872469,-0.890099044238716
-22.5028528934531,-9.24372420276221,-3.09170536332506,-2.11619429239842,-1.18870193565147,2.02509267566696,-0.914620024447614
-22.913306281278,-9.28288039721011,-2.87499488124766,-1.85536532960483,-1.08585955233694,1.97959400885832,-0.937301513767727
-23.3135894400474,-9.31245674002445,-2.65007020627272,-1.58863704868885,-0.980649724243451,1.93642648008874,-0.958050728928724
-23.7035282275718,-9.33228618735817,-2.41669302683535,-1.31562252286776,-0.872481367713569,1.89626063898264,-0.976776083135278
-24.0829997614289,-9.34229163703116,-2.17472565097534,-1.03601197542477,-0.760789669489012,1.85974953505564,-0.993389028708223
-24.4519374348198,-9.34249510212034,-1.92414387471967,-0.749588730051838,-0.64505336314775,1.8275101644664,-1.00780616306175
-24.8103343246705,-9.3330241690177,-1.66504709049529,-0.456243570478586,-0.524812383496115,1.80010424628419,-1.01995150353446
-25.1582446782527,-9.31411516413389,-1.39766488386498,-0.155986671833789,-0.399685098171839,1.77801922302947,-1.0297588112817
-25.4957832297169,-9.28611258443562,-1.12235948935091,0.151043702459257,-0.269384210889148,1.76165049218832,-1.03717382507164
-25.8231221824715,-9.24946453608973,-0.839623678435853,0.464576429195316,-0.133730397618023,1.75128590816076,-1.04215625722212
-26.1404859644399,-9.2047142218507,-0.550073929249561,0.784207174759891,0.00733720811460081,1.74709354269073,-1.0446814157261
-26.4481438745034,-9.15248773966272,-0.254439034389788,1.10940269589928,0.153754421275739,1.7491135215652,-1.04474133209383
-26.74640098699,-9.0934787613213,0.0464553667577698,1.43950971380772,0.305329814516488,1.75725451211825,-1.04234531306843
-27.0355877906366,-9.02843088537858,0.351705549848621,1.77376796637066,0.461747154530098,1.77129511882911,-1.03751987815701
-27.3160491469942,-8.95811862987336,0.660350749716287,2.1113267565661,0.622572373905797,1.79089009942315,-1.03030809482419
-27.5881331560397,-8.88332809484796,0.971395338323313,2.4512640891271,0.787264679686523,1.81558097587292,-1.02076836953237
-27.8521805234517,-8.80483831263021,1.28383096041158,2.79260735435189,0.955191138456121,1.8448103298415,-1.00897279420653
-28.1085149576393,-8.72340419297684,1.5966575324817,3.13435448616976,1.12564388948732,1.87793886550074,-0.99500517641342
-28.3574350123071,-8.63974178453537,1.90890218498128,3.47549458798751,1.2978590377049,1.9142642125659,-0.978958895677413
-28.5992075976655,-8.55451632543059,2.21963546279942,3.81502716075678,1.4710362659505,1.9530404276363,-0.960934725934067
-28.8340633194003,-8.46833333279659,2.52798437445162,4.15197927998032,1.64435827893623,1.99349723400953,-0.941038753567554
-29.0621936362659,-8.38173273301781,2.83314215108817,4.48542029658709,1.81700932047984,2.03485818184673,-0.919380495957589
-29.2837496575576,-8.29518581478213,3.1343748145449,4.8144738567811,1.98819216791796,2.07635709152441,-0.896071294491205
-29.4988423957983,-8.2090946549088,3.43102485609905,5.13832725047642,2.15714318946067,2.11725234824621,-0.871223027357008
-29.7075441601737,-8.12379354312299,3.72251245848957,5.45623824893291,2.32314521445766,2.15683880345452,-0.844947154962591
-29.9098907795575,-8.03955189239311,4.00833477247822,5.7675397081338,2.48553811296476,2.19445720941135,-0.817354085472662
-30.1058843719411,-7.95657812826386,4.28806378331162,6.07164228165082,2.64372709651256,2.22950125103628,-0.788552827602577
-30.2954963811435,-7.87502408412773,4.56134327344827,6.36803560008895,2.7971888299935,2.26142233688971,-0.758650882004714
-30.4786706050126,-7.79498948883547,4.82788531790822,6.65628824463193,2.94547548849815,2.28973237225105,-0.727754312503169
-30.6553260010043,-7.7165262251445,5.08746665904069,6.93604679353637,3.08821691450452,2.31400477113798,-0.6959679352557
-30.8253592887898,-7.63964218051594,5.33992523360107,7.20703419457164,3.22512105172336,2.33387398670658,-0.663395568963392
-30.9886470725477,-7.56430452157706,5.58515696107666,7.46904756530727,3.35597278928292,2.34903380519402,-0.630140285620628
-31.1450476469029,-7.49044241728229,5.82311286186722,7.7219555379095,3.48063137661202,2.35923465878431,-0.596304618129828
-31.2944024260333,-7.41794925096089,6.05379643866978,7.96569514200497,3.59902653231438,2.36428016891181,-0.561990684454611
-31.4365371264428,-7.34668446819208,6.27726120680698,8.20026820669048,3.71115338204361,2.36402311814509,-0.527300202218837
-31.5712627723772,-7.27647523547487,6.49360819088854,8.4257372111144,3.81706635397672,2.35836101917911,-0.492334377089558
-31.6983767041927,-7.20711813614829,6.70298319516842,8.64222052658998,3.91687218234916,2.34723143689547,-0.457193660925044
-31.8176637227114,-7.1383811246659,6.90557364161175,8.8498869887612,4.01072218055328,2.3306071995221,-0.421977384534196
-31.9288974246042,-7.07000593119758,7.10160477261111,9.04894974244739,4.09880395575697,2.30849161696677,-0.386783277547609
-32.0318419521034,-7.00171111829463,7.29133509393879,9.23965939001121,4.18133277942022,2.28091382758771,-0.351706897151499
-32.1262541882478,-6.93319590583547,7.47505095339636,9.42229647410617,4.25854282267531,2.24792437302647,-0.316840989374773
-32.2118863989479,-6.86414482376999,7.65306021402614,9.59716337234508,4.33067847307869,2.20959109169138,-0.282274809361821
-32.28848943607,-6.79423322044977,7.82568508417699,9.76457577047354,4.39798596761933,2.1659954213076,-0.248093428792763
-32.3558163900695,-6.72313354895987,7.99325419033643,9.92485386418515,4.46070554007087,2.11722917515131,-0.214377054969028
-32.4136266907682,-6.65052232528602,8.15609407250261,10.0783135108327,4.5190642781377,2.06339185192311,-0.181200384530464
-32.4616905032423,-6.57608757526693,8.31452030165723,10.2252575321307,4.57326983855335,2.00458851419034,-0.148632009816156
-32.4997933337299,-6.49953656694995,8.46882847637688,10.3659674005402,4.62350514360467,1.94092825788718,-0.116733892272227
-32.527740707133,-6.42060359059397,8.61928536715079,10.5006955228551,4.6699241365633,1.87252327303061,-0.0855609126447755
-32.5453627419944,-6.33905753045519,8.76612047504608,10.6296583071466,4.71264862779305,1.79948847412155,-0.0551605037916336
-32.5525185383419,-6.2547089905431,8.90951828709747,10.7530302019584,4.75176623649347,1.72194166414055,-0.0255723690621235
-32.5491001121885,-6.16741671174953,9.04961144047652,10.8709388034544,4.78732937021136,1.64000416700757,0.0031717134414025
-32.5350358733529,-6.07709308846235,9.18647504553258,10.9834611730529,4.81935519082821,1.55380186083012,0.0310480011844146
-32.5102934549003,-5.98370858227325,9.32012232621391,11.0906214050049,4.84782646271945,1.46346651878662,0.0580408134693473
-32.474881817639,-5.88729488427807,9.45050172052894,11.1923894789549,4.87269317627183,1.36913735888254,0.0841424745905088
-32.4288525288143,-5.78794670819617,9.57749552590711,11.2886813828625,4.89387482313287,1.27096269417537,0.109353174120879
-32.3723002177245,-5.68582215313142,9.70092015110354,11.3793604874638,4.91126320736086,1.16910157485782,0.13368074392751
-32.3053621074702,-5.58114159531417,9.82052795174947,11.4642400798606,4.92472565781783,1.06372530864834,0.157140350423535
-32.2282167055508,-5.47418514078976,9.93601062645623,11.5430869921588,4.93410853516146,0.955018756800295,0.179754100617797
-32.1410816063868,-5.36528868770373,10.0470040583843,11.6156261824393,4.93924090986779,0.843181305808685,0.201550560045785
-32.0442104806004,-5.25483870713324,10.153094471755,11.6815461371561,4.9399383105904,0.728427431387095,0.222564181667772
-31.9378893957072,-5.1432658991928,10.2538257469713,11.7405049619999,4.93600645837154,0.610986787890272,0.242834646654457
-31.8224324525975,-5.03103788829689,10.3487076435007,11.7921369455343,4.92724488345402,0.491103771119598,0.262406118791365
-31.6981769368363,-4.91865118626875,10.4372247094371,11.8360594378329,4.91345036099122,0.369036529239139,0.281326417970279
-31.5654781500993,-4.80662266843833,10.5188456184036,11.8718798610082,4.8944201038204,0.245055417170753,0.299646121029629
-31.424703973867,-4.69548080582701,10.5930326185573,11.8992026192348,4.86995464066363,0.119440911909621,0.317417600124734
-31.2762294515491,-4.58575693888499,10.6592508500287,11.9176357652181,4.83986035335422,-0.00751896871600188,0.334694013808442
-31.1204314414046,-4.47797683816266,10.7169772181791,11.9267972037882,4.8039516206381,-0.135531683405893,0.351528266586557
-30.9576835309131,-4.37265280390824,10.7657085788517,11.9263202864471,4.76205254949655,-0.264303541414408,0.367971956118448
-30.7883514156849,-4.27027653215057,10.8049690347911,11.9158586873296,4.7139982902123,-0.39354334190999,0.384074329139357
-30.6127887375763,-4.17131291040964,10.8343161205422,11.8950904106506,4.65963591414709,-0.522966177366315,0.399881265566425
-30.4313335637765,-4.07619489046879,10.8533457785466,11.8637208983411,4.59882487817409,-0.652297296910118,0.415434312305094
-30.2443055355434,-3.9853195161027,10.8616960438085,11.8214851988485,4.53143709260999,-0.781275926092409,0.430769785681713
-30.0520037404129,-3.89904513721786,10.8590494336636,11.768149220378,4.45735662976249,-0.909658945755442,0.445917960122275
-29.8547052452506,-3.81768977744218,10.8451340661218,11.7035100972598,4.37647910827458,-1.03722433952102,0.460902356833418
-29.6526643085099,-3.74153058787043,10.8197236221748,11.6273957761057,4.28871081476993,-1.16377433364574,0.47573914462983
-29.4461122099939,-3.67080427059616,10.7826362921219,11.5396639361082,4.19396762399457,-1.28913816534111,0.490436660990366
-29.2352576038966,-3.60570832197756,10.7337328749308,11.4402003747709,4.09217378320869,-1.41317442854508,0.504995057784257
-29.020287240699,-3.54640291863393,10.6729142043398,11.3289169862381,3.98326062478982,-1.53577295617516,0.519406071948372
-28.8013670990997,-3.4930132838078,10.6001181598698,11.205749544804,3.86716530182855,-1.65685621924197,0.533652921916496
-28.5786436709135,-3.44563233592288,10.5153164094038,11.0706553874572,3.74382959984216,-1.77638021857903,0.547710323033086
-28.3522454037415,-3.40432346291186,10.4185111124055,10.9236111811943,3.61319891205948,-1.89433486473785,0.561544617507165
-28.1222841314113,-3.36912326197371,10.3097317237504,10.7646108738269,3.47522143679118,-2.01074383674978,0.57511400963068
-27.8888565157059,-3.3400441304481,10.1890320771584,10.5936639774699,3.32984767342238,-2.12566392516699,0.588368899331111
-27.6520453361707,-3.31707659788745,10.0564878205778,10.4107942327537,3.17703026002776,-2.23918385370899,0.601252302547776
-27.4119206538439,-3.30019134007688,9.91219430564356,10.2160387438273,3.0167242085191,-2.3514225873253,0.613700349953847
-27.1685407974783,-3.2893408349167,9.75626496441106,10.0094476124508,2.84888757043773,-2.46252713032333,0.625642853623266
-26.9219531813262,-3.28446065389649,9.58883019052893,9.79108409156707,2.67348255957789,-2.57266982509038,0.637003932238585
-26.6721949643771,-3.285470406815,9.41003670763303,9.56102524989441,2.49047714225202,-2.68204516638809,0.647702685343365
-26.41929350584,-3.29227437031887,9.22004735932432,9.31936309410947,2.29984708561937,-2.79086614674611,0.657653905670848
-26.1632667883201,-3.30476187212222,9.019041309303,9.06620615196615,2.10157845930654,-2.89936017937904,0.666768823778221
-25.9041236924315,-3.32280747776041,8.80721452196203,8.80168139910115,1.89567054280876,-3.00776462780079,0.674955872422326
-25.6418642416156,-3.34627105885653,8.58478047006003,8.52593648685994,1.68213909984402,-3.11632200867488,0.682121463925403
-25.3764798541842,-3.37499781070846,8.35197098621564,8.23914219318629,1.46101996007395,-3.2252749419204,0.68817077237287
-25.1079535858029,-3.40881827259287,8.10903716518316,7.94149500279657,1.23237283628755,-3.33486093060427,0.693008511770147
-24.8362604595222,-3.44754840647548,7.85625027738514,7.63321976847389,0.996285306333092,-3.44530708203869,0.696539705499305
-24.5613677991133,-3.49098974923326,7.59390261584851,7.31457235997344,0.752876876565857,-3.55682487056662,0.69867043919072
-24.2832356483878,-3.53892965497798,7.32230828111801,6.98584228024765,0.50230305491161,-3.6696050733254,0.699308595865586
-24.0018172176801,-3.59114160301407,7.04180389274958,6.64735520611754,0.244759360364979,-3.7838129957015,0.698364571113213
-23.7170593196624,-3.64738552590275,6.75274925632177,6.29947544418892,-0.0195147919608796,-3.89958410396988,0.695751969849097
-23.4289027810098,-3.70740809359644,6.4555280532462,5.94260832518278,-0.290232378496374,-4.01702017937694,0.69138829059714
-23.1372827356584,-3.77094285823683,6.15054862474907,5.5772025615066,-0.567055262299985,-4.13618608160027,0.685195604776409
-22.842128766966,-3.83771015813926,5.83824496188576,5.20375263015981,-0.849590915078294,-4.25710720028733,0.677101244117145
-22.5433648006037,-3.90741666041022,5.51907800884996,4.82280123971177,-1.13738937191997,-4.37976763813625,0.667038510929897
-22.2409086940817,-3.97975442650089,5.1935374033108,4.43494195720988,-1.42994041435389,-4.50410914866535,0.654947430104331
-21.9346714442391,-4.05439938738122,4.86214376329818,4.04082206073756,-1.72667097042704,-4.63003081703299,0.640775562811406
-21.6245559866604,-4.13100913913285,4.52545162287521,3.64114567924345,-2.02694272270297,-4.75738945171366,0.624478903864167
-21.3104555159679,-4.20921998535458,4.18405307583478,3.2366772462137,-2.33004991730391,-4.8860006151495,0.606022882047991
-20.9922513454143,-4.28864320008126,3.83858216366444,2.82824527486482,-2.63521738469154,-5.01564021187538,0.585383482034626
-20.6698102826777,-4.36886051509988,3.48971998180447,2.41674641050619,-2.94159879552848,-5.14604651823756,0.562548499714932
-20.3429816089684,-4.44941889947101,3.13820044034385,2.00314968193499,-3.24827520737532,-5.27692254226109,0.537518938014105
-20.0115936877815,-4.529824732041,2.7848165400487,1.58850081111588,-3.5542539735199,-5.40793857161398,0.510310538238133
-19.6754503286087,-4.60953753197201,2.43042698052082,1.17392640118547,-3.85846812048958,-5.53873478079272,0.480955432343609
-19.3343270411246,-4.68796345699494,2.07596285863373,0.760637772871593,-4.15977632575789,-5.66892376773323,0.449503887370264
-18.9879673004418,-4.76444881126512,1.72243416361086,0.349934177645137,-4.45696364193229,-5.79809288744552,0.416026097272268
-18.6360790351207,-4.83827385475528,1.37093574575623,-0.0567949121117521,-4.74874314746176,-5.92580628612343,0.380613963292543
-18.2783314921545,-4.90864721459867,1.0226523974135,-0.458068765094245,-5.03375870676419,-6.0516065417029,0.343382786363827
-17.9143526693807,-4.97470122175945,0.67886266762107,-0.852315951415069,-5.31058904365129,-6.17501585564305,0.304472780938698
-17.5437275454716,-5.03548851922176,0.340941014186096,-1.23787686928746,-5.57775336304474,-6.29553679483014,0.264050307395567
-17.1659972654647,-5.0899802814271,0.0103578708000891,-1.61300862904082,-5.8337187630442,-6.41265261060622,0.222308708981962
-16.7806595426669,-5.13706643147907,-0.311322820244605,-1.97589272542546,-6.07690974770571,-6.52582726180664,0.179468635400661
-16.3871704671865,-5.17555825271781,-0.622449109016683,-2.32464597471586,-6.30572017794257,-6.63450531871658,0.135777733067574
-15.984948011697,-5.20419386124147,-0.921290132516159,-2.65733525982222,-6.51852808390037,-6.73811204392373,0.0915095883599464
-15.5733774855329,-5.22164704279847,-1.20604943093611,-2.97199667698204,-6.71371379162269,-6.83605401378641,0.0469618208555427
-15.1518192822722,-5.22654003005875,-1.47488317006787,-3.26665971566278,-6.889681865485,-6.92772075809133,0.00245324295950429
-14.7196191955892,-5.21746079114321,-1.72592395645934,-3.53937705212634,-7.04488729339382,-7.01248792394755,-0.0416799713306909
-14.2761216060529,-5.19298537102366,-1.9573108471279,-3.78826039357706,-7.17786621848818,-7.08972251097674,-0.0850891289263244
-13.820685713238,-5.15170565942624,-2.16722592297105,-4.0115224895695,-7.28727121808568,-7.15879065826997,-0.127418844868769
-13.3527048008141,-5.09226265218541,-2.35393737700088,-4.20752491465647,-7.37191067261314,-7.21906831893344,-0.16831376853799
-12.8716282795379,-5.01338481551007,-2.51584845491836,-4.37483052876154,-7.43079117315232,-7.26995493597517,-0.207426052957023
-12.3769858702441,-4.91393053247188,-2.65155078644429,-4.51225865785985,-7.46316118490667,-7.31088989203583,-0.244423332413179
-11.8684128849907,-4.79293289282923,-2.75987974860264,-4.61894012935941,-7.46855345127049,-7.34137111361386,-0.278996892519747
-11.3456751970996,-4.64964438204763,-2.83996864276418,-4.69436850185356,-7.44682302787532,-7.36097482239022,-0.310869644703112
-10.8086921392603,-4.48357842700101,-2.89129779328455,-4.73844329172341,-7.39817746882845,-7.36937505023075,-0.339803465228552
-10.2575554255022,-4.29454445036177,-2.91373438439559,-4.75150093045127,-7.32319574971706,-7.36636130689516,-0.365605442919029
-9.69254228428039,-4.08267317798896,-2.90755907710043,-4.73432969351777,-7.22283306641476,-7.35185275608768,-0.388132611220532
-9.11412130156667,-3.84842947276895,-2.87347623180518,-4.68816592084558,-7.09840965648178,-7.3259074202593,-0.407294822573818
-8.52295005176197,-3.59261093368734,-2.81260586764959,-4.61467042575515,-6.95158318830996,-7.28872533757255,-0.423055553672624
-7.91986432407006,-3.31633176264354,-2.7264571363725,-4.51588582897989,-6.78430582389689,-7.24064515630899,-0.435430593558956
-7.30585953914348,-3.02099278061367,-2.61688483100131,-4.39417737745855,-6.59876854860955,-7.18213429747958,-0.4444847407919
-6.68206566751354,-2.70823974981315,-2.48603201032864,-4.2521613216367,-6.39733653379613,-7.11377343929852,-0.450326795551644
-6.04971750909407,-2.37991313846339,-2.336262965079,-4.09262590887523,-6.18247999087777,-7.03623659278202,-0.453103255388574
-5.41012245479952,-2.03799300108529,-2.17009131562894,-3.91845035770902,-5.9567050682987,-6.95026832719726,-0.452991190974516
-4.76462790317437,-1.68454273898201,-1.99010801920792,-3.73252688280132,-5.72248896198752,-6.85665983991259,-0.450190792114113
-4.11459026189083,-1.32165515177916,-1.79891350951165,-3.5376899913164,-5.48222256718614,-6.75622544007379,-0.444918032464664
-3.46134708098465,-0.951403539647862,-1.59905728198552,-3.33665611894496,-5.23816295505397,-6.64978076934197,-0.437397822944623
-2.8061933737672,-0.575799788792906,-1.39298713856167,-3.13197539143222,-4.99239683707726,-6.53812371829201,-0.42785792194218
-2.15036270511102,-0.196760521990392,-1.18300921117853,-2.92599610844783,-4.74681519534778,-6.4220186523538,-0.416523766785569
-1.49501316009342,0.183918388737432,-0.971258895802322,-2.72084151515073,-4.503098406538,-6.30218416449555,-0.403614290874107
-0.841217968934568,0.564579274326486,-0.759682070617457,-2.51839770427531,-4.26271064584588,-6.17928431648236,-0.389338713574497
-0.189960302278123,0.943712864516724,-0.550025436695212,-2.32031101281432,-4.0269020045698,-6.05392308379354,-0.373894229695585
0.457868390217965,1.31996227574379,-0.343834523692726,-2.12799307202008,-3.79671664762449,-5.92664159433902,-0.357464489385377
1.1014671883923,1.6921219620025,-0.142457797216056,-1.94263166183929,-3.57300539019213,-5.79791769746639,-0.340218742150392
1.74012233691423,2.0591327881426,0.0529446592821288,-1.76520563224554,-3.35644119505447,-5.66816733887607,-0.322311512570239
2.37320233643974,2.42007431240164,0.24138927205802,-1.59650239421837,-3.14753634905481,-5.53774730473708,-0.303882686245088
3.00015203797862,2.77415522452327,0.422055110072494,-1.43713672298624,-2.94666028903777,-5.40695890876209,-0.285057895642137
3.62048619345152,3.12070272981901,0.594269003685939,-1.28756988368877,-2.75405729077854,-5.27605226900418,-0.265949112922402
4.233782815745,3.45915150542858,0.757490416520558,-1.14812833495993,-2.56986344648669,-5.14523088172634,-0.246655374094633
4.83967664138313,3.78903272782938,0.911296648301869,-1.0190214910835,-2.39412255874195,-5.01465629809568,-0.2272635772078
5.43785287267141,4.10996350513439,1.05536877272975,-0.900358189356895,-2.22680069836436,-4.88445270871373,-0.207849309168432
6.02804133110268,4.42163695349323,1.18947857563987,-0.792161666353602,-2.06779931314066,-4.75471132647347,-0.188477670354972
6.61001112801782,4.72381308445934,1.31347665257724,-0.694382959917182,-1.91696686768717,-4.62549451270145,-0.169204076857421
7.18356585671355,5.01631055383984,1.42728172733639,-0.606912726685518,-1.77410903425295,-4.49683957129282,-0.150075026007601
7.74853933415694,5.29899930869365,1.5308711978085,-0.52959153422817,-1.6389975203071,-4.36876220836833,-0.131128819039023
8.30479188454968,5.57179411863517,1.62427286755399,-0.462218721774798,-1.51137763656096,-4.24125965611384,-0.112396238279081
8.85220710718947,5.83464892670998,1.70755778334896,-0.404559946011969,-1.39097471756069,-4.11431345506509,-0.0939011788894311
9.3906890984887,6.08755196248778,1.78083408599015,-0.356353545071773,-1.27749952224459,-3.98789192143708,-0.0756612379887098
9.92016011011557,6.33052155963236,1.84424177422321,-0.317315857474166,-1.17065274055569,-3.86195233461702,-0.0576882650043144
10.4405585403749,6.56360256154348,1.89794826201624,-0.287145627702461,-1.07012871529089,-3.73644284765204,-0.0399888769553313
10.9518372283281,6.78686324496676,1.94214462311358,-0.265527628914389,-0.975618492848094,-3.61130415936877,-0.0225649433557972
11.4539620212795,7.00039269212494,1.97704242073909,-0.252135623744075,-0.886812304202673,-3.48647098193747,-0.00541404492694409
11.9469105438792,7.20429851804043,2.00287101886158,-0.246634772905696,-0.803401562620085,-3.36187332104478,0.0114700902332768
12.4306711109729,7.39870487284057,2.01987528174369,-0.248683591398579,-0.725080456778276,-3.23743759080362,0.0280971696482949
12.905241779685,7.58375067546159,2.0283135861072,-0.257935541833572,-0.651547210868207,-3.11308759696675,0.044479935894124
13.370629490847,7.75958801278939,2.02845607215036,-0.274040341610183,-0.582505069390766,-2.98874540453699,0.0606337803588309
13.8268492463588,7.92638064272487,2.02058306945325,-0.296645049557832,-0.517663056080629,-2.86433210408177,0.0765763695954882
14.2739233366355,8.08430258499001,2.00498365419783,-0.325394988165329,-0.45673655114469,-2.73976850340575,0.0923272832883924
14.7118805796157,8.23353675880556,1.98195429615274,-0.359934545687998,-0.39944772055684,-2.61497575548214,0.107907663094235
15.140755565327,8.3742736514849,1.9517975684874,-0.399907893335309,-0.345525826096435,-2.4898759383858,0.123339872057934
15.5605879157291,8.5067100162407,1.91482090457541,-0.444959643966987,-0.294707439134294,-2.36439260261794,0.138647164684319
15.9714214917998,8.63104756032497,1.87133538487613,-0.494735468088985,-0.246736574645723,-2.2384512872164,0.153853367181527
16.3733036717708,8.74749169433658,1.82165456808746,-0.548882681156854,-0.201364761686778,-2.11198003388135,0.168982569083037
16.76628457037,8.85625027907156,1.76609335645552,-0.607050802025306,-0.158351058082017,-1.98490988849303,0.184058825130771
17.1504163734702,8.9575324731989,1.70496692492393,-0.668892087290536,-0.117462019283378,-1.85717542029329,0.199105869095097
17.5257526258602,9.05154760754391,1.63858971034564,-0.734062030515876,-0.0784716247865028,-1.72871524444947,0.21414683755002
17.8923475750575,9.13850415409436,1.56727448801763,-0.802219821950281,-0.0411611676104297,-1.59947256708247,0.229204004066028
18.2502556660078,9.21860885059574,1.49133155951868,-0.873028763864486,-0.00531910984819972,-1.46939576491491,0.244298524244184
18.5995310016303,9.29206589792518,1.41106805062413,-0.946156623685767,0.0292590937323401,-1.33843898646164,0.25945018810277
18.9402269495424,9.35907633231462,1.3267873478989,-1.02127592448843,0.0627712008050322,-1.20656279457855,0.274677180628623
19.2723959202528,9.41983759028249,1.23878868309613,-1.09806416850067,0.0954084132103689,-1.07373485168568,0.289995849323142
19.596089065863,9.47454314650809,1.14736685301804,-1.17620397602157,0.127355630903266,-0.939930634013568,0.305420473101722
19.9113562991673,9.52338242020469,1.05281210022903,-1.25538316229917,0.158791725535295,-0.805134198448889,0.320963036359326
20.2182462492073,9.56654075802451,0.95541012363767,-1.33529473433034,0.18988982682516,-0.669338979310122,0.336633000226298
20.5168063948208,9.60419960177832,0.855442220896208,-1.41563683049871,0.220817616791153,-0.532548624435818,0.35243707245268
20.8070832815993,9.63653678186688,0.753185538188265,-1.49611261071709,0.251737624060657,-0.394777860257635,0.368378972283719
21.0891227441752,9.66372688359158,0.648913400716362,-1.57643010905895,0.282807508661081,-0.256053377139845,0.384459186804649
21.3629702733082,9.68594173060403,0.542895699752445,-1.65630208099428,0.314180329072339,-0.116414727442472,0.400674719257609
21.6286713383154,9.70335087478076,0.435399296070275,-1.73544585748773,0.346004778150045,0.0240847804490534,0.417018824236099
21.8862717172729,9.7161220918858,0.326688405117399,-1.81358323896738,0.378425375974935,0.16537720696666,0.433480729144849
22.1358178908746,9.72442188028633,0.217024924388048,-1.89044046649236,0.411582607205487,0.307379146597447,0.450045341940417
22.3773572917146,9.72841584233121,0.106668658345244,-1.96574828742253,0.445612984889904,0.449990956586197,0.466692940271605
22.6109385199821,9.72826897062498,-0.00412259842466711,-2.03924216014822,0.480649026958773,0.593096077162112,0.483398843714261
22.8366115560413,9.72414582459837,-0.115093161713119,-2.11066263696484,0.516819130413151,0.736560477911361,0.500133069895698
23.0544276903702,9.71621045294286,-0.22598977953268,-2.17975593419993,0.554247321121198,0.880232258764539,0.51685996897372
23.2644394727421,9.70462617009695,-0.336562209680574,-2.24627474895621,0.593052869823553,1.02394145337034,0.533537843880546
23.4667004995518,9.68955509175843,-0.44656408102156,-2.30997933349533,0.633349756150533,1.16750007333011,0.550118554023083
23.6612649834552,9.67115739584812,-0.555754056319348,-2.37063884224894,0.675245966444385,1.3107024344986,0.566547103172812
23.8481872240324,9.64959035449048,-0.663897307351433,-2.42803297481761,0.718842619139761,1.45332581639928,0.582761217091065
24.0275209640372,9.62500713481256,-0.770767298501488,-2.48195391377907,0.764232913218407,1.59513150049766,0.598690914307485
24.1993185416575,9.59755534817736,-0.876147855442357,-2.53220853320809,0.811500899067597,1.73586622433469,0.614258072505235
24.3636300330187,9.56737545373579,-0.979835485161308,-2.57862086494732,0.860720088382936,1.87526410187623,0.629376001196326
24.52050232083,9.53459903178772,-1.08164188389729,-2.62103476126994,0.911951923169027,2.01304903711369,0.643949026563881
24.669978092631,9.4993469862924,-1.18139654523237,-2.65931667387728,0.96524413882708,2.14893764952332,0.657872097667664
24.8120949637274,9.46172782649275,-1.27894936194349,-2.6933584611998,1.02062907981843,2.28264273180057,0.671030430498281
24.9468847291934,9.42183611972745,-1.37417307826344,-2.72308008399321,1.07812203906661,2.41387722777851,0.683299204122476
25.0743728141519,9.37975125001906,-1.46696542175079,-2.74843202276763,1.13771971582228,2.54235870080214,0.694543327909051
25.1945780561816,9.33553665639842,-1.55725071930592,-2.76939722420991,1.19939891305316,2.66781424356191,0.704617304209224
25.3075129083014,9.28923971925597,-1.64498077515078,-2.78599234741474,1.26311561821005,2.7899857476543,0.713365213666962
25.413184196161,9.24089248609651,-1.73013477410876,-2.79826805981292,1.32880463713,2.90863542474814,0.720620855872702
25.5115944495258,9.1905133849047,-1.81271796004512,-2.80630810392716,1.39637996580171,3.02355142629966,0.726208079152498
25.6027439857909,9.13811011827075,-1.89275886039582,-2.8102268727328,1.4657361066132,3.13455339456286,0.729941341664928
25.6866336863146,9.08368381839026,-1.97030484406983,-2.81016522577842,1.53675052671894,3.24149772140987,0.731626542238384
25.7632685988029,9.0272345670705,-2.04541587549559,-2.80628434961909,1.60928745349714,3.34428229074002,0.731062166250511
25.8326622059735,8.96876821396965,-2.11815640216939,-2.79875752017517,1.68320315038771,3.44285042933039,0.728040782343947
25.8948412814891,8.90830436543101,-2.18858545564037,-2.78775976465122,1.75835275594511,3.53719379662925,0.722350923616424
25.9498511079225,8.84588525047305,-2.25674521430282,-2.77345558451621,1.83459866044847,3.62735393594067,0.713779373971528
25.9977606898259,8.78158498526313,-2.32264848638168,-2.7559851167652,1.91182024477805,3.71342221696443,0.702113862674437
26.0386676609112,8.71551862614808,-2.38626583511969,-2.7354493953136,1.98992462957484,3.79553795383347,0.687146153140217
26.0727021264247,8.64785008720616,-2.44751330507137,-2.71189563661196,2.06885782993215,3.87388447876502,0.668675476025799
26.1000289991288,8.57879795633042,-2.50624201157652,-2.68530383106049,2.14861548509094,3.94868307118718,0.646512239291113
26.1208480467609,8.50863801137129,-2.56223106148005,-2.65557618457577,2.22925205141229,4.02018467604106,0.620481911997942
26.1353909069629,8.43770119013862,-2.6151854342376,-2.62253119128969,2.3108871118337,4.08865943329595,0.590428957164647
26.1439145859299,8.36636587430601,-2.66474051069192,-2.58590425621595,2.39370729863848,4.15438415727865,0.556220680557983
26.1466907487148,8.2950434097666,-2.71047477611627,-2.54535670087864,2.47796223210161,4.21762793255079,0.517750855160992
26.1439907050065,8.22415623361901,-2.75193193617559,-2.50049475810514,2.5639529995055,4.27863612599281,0.474943008993597
26.1360660740561,8.15410839075886,-2.78865311478238,-2.45089962414719,2.65201196501508,4.33761314558196,0.427753295664411
26.1231256360816,8.08524890058362,-2.82021905365371,-2.3961688776169,2.74247322074823,4.39470436205791,0.376172922278877
26.1053092397686,8.01782915811906,-2.84630127336643,-2.33596855569421,2.83563371645925,4.44997766660373,0.320230167050471
26.0826601924547,7.95195639421832,-2.86672008405308,-2.27009399036915,2.93170605491767,4.50340524299821,0.259992075001351
26.0550978463078,7.88754597725993,-2.88150618740755,-2.1985361964203,3.0307650183361,4.55484623017111,0.195565953342124
26.0223925549428,7.82427608500068,-2.89096154996723,-2.1215493298197,3.13269106776603,4.60403113550458,0.127100792704048
25.9841453638823,7.76154879939249,-2.89571432863164,-2.03971360117246,3.2371151822977,4.65054906586109,0.0547887002051045
25.9397747320649,7.69846190740575,-2.89676203616949,-1.95398720126675,3.34337034511664,4.69383906907079,-0.0211336528785805
25.8885125456937,7.63379563138558,-2.89549702776245,-1.86574047225644,3.45045562110503,4.73318715014501,-0.10038368191577
25.829411129158,7.56601792455717,-2.89370884756935,-1.77676586273938,3.55701887468573,4.76773069824302,-0.182631882402654
25.7613622923741,7.49331092099349,-2.8935591534852,-1.68925831411442,3.66136363646688,4.79647213832739,-0.26750152237796
25.6831285104884,7.41361956791555,-2.89752685363954,-1.60576268836813,3.76148430822737,4.81830349763819,-0.354569448550419
25.5933851957755,7.32472148639457,-2.90832366035599,-1.52908760540616,3.85513178207117,4.83204319398175,-0.443368391290375
25.4907717638145,7.22431489349082,-2.9287832498649,-1.46218837317157,3.93990876159645,4.83648567539594,-0.533391012681499
25.3739483318535,7.11011938757837,-2.96173024277579,-1.40802516205895,4.01339096576757,4.83046366292429,-0.624095696579356
25.2416540945757,6.9799827813166,-3.00983771305435,-1.36940559708767,4.07326735190466,4.8129216593584,-0.714913755641456
25.0927633158567,6.83198644349358,-3.07548343295127,-1.34882296347481,4.11749009920157,4.78299830089128,-0.80525739363283
24.9263353561197,6.6645419378318,-3.16061519933162,-1.34830180050032,4.14442377066692,4.74011414468924,-0.894527493054344
24.7416561965444,6.47647309484178,-3.26663432779488,-1.36926168646519,4.15298303935064,4.68406069414983,-0.982120182779694
24.5382701315658,6.26707965906875,-3.39430405131824,-1.41240777730122,4.14274947559144,4.61508582540744,-1.06743123403091
24.3160017406087,6.0361808910741,-3.54368680535226,-1.47765382013376,4.11405976591862,4.53397026415838,-1.14985767190511
24.0749690474206,5.78413923405852,-3.71411191605817,-1.5640807050347,4.06805965047745,4.44208910987704,-1.22879653047555
23.8155891451848,5.51186502429745,-3.90417374174531,-1.66993188510651,4.00671930776499,4.34145158157575,-1.30364136705068
23.5385771017595,5.22080294500469,-4.11176011695514,-1.79264652907008,3.93280651784457,4.23471113284747,-1.37377786763416
23.2449378763954,4.91289968053053,-4.33411186146381,-1.92893191520352,3.84981386353818,4.12513716864295,-1.43858049250158
22.935949550915,4.59055053526976,-4.56791548581389,-2.07487761851639,3.76183613759402,4.01653940578658,-1.49741247950032
22.613134935412,4.25652145466366,-4.80943204684126,-2.22611436615737,3.67339507619583,3.91313736131481,-1.54963149598895
22.2782179646311,3.91384281098154,-5.05466422524206,-2.3780187859886,3.58921165261907,3.81937145621932,-1.59460266908317
21.9330619542395,3.56567330836663,-5.29956027313201,-2.52596074757539,3.51393221839369,3.73965941719228,-1.63171957769972
21.5795888945403,3.21513669269368,-5.54024731834019,-2.66558251520586,3.45182354543947,3.67811171466441,-1.66043212993113
21.2196825768541,2.86514015865314,-5.77327857410707,-2.79308972881281,3.40646175407983,3.6382310624736,-1.68027837185894
20.8550825918583,2.51818995785376,-5.99587133388376,-2.9055258122812,3.38044827684806,3.62263046576286,-1.69091565445282
20.4872801131751,2.17622463031826,-6.20610806853412,-3.00099703938776,3.37518899617736,3.63280833696913,-1.69214581727206
20.1174284321219,1.84048737724408,-6.4030739246766,-3.07881784472115,3.39076793737029,3.66901499904605,-1.68392956691601
19.7462803739826,1.51145523117524,-6.58691129951588,-3.13955575242158,3.42593419561161,3.73023207157991,-1.66638708197983
19.3741611123959,1.18883445167558,-6.75878456924662,-3.18497053087488,3.47820295409836,3.81426759156954,-1.63978463660029
19.0009792322462,0.871621177831024,-6.92076201159758,-3.21785864413349,3.54405340730375,3.91795033680529,-1.60450986961562
18.6262730338816,0.558216817191775,-7.07563357439244,-3.24182712864848,3.61919323499347,4.03739214749654,-1.56104040598022
18.2492844602081,0.246581418371244,-7.22668944828686,-3.26102746221153,3.69885403413819,4.16828052602355,-1.50991131504506
17.8690507190444,-0.0655935848410145,-7.3774846765303,-3.2798792409908,3.77808491293632,4.3061658449002,-1.45168633611763
17.4845036269681,-0.380709923064856,-7.5316105707082,-3.30280734442996,3.8520198204397,4.44671578921106,-1.38693628884649
17.0945682480687,-0.701096857280042,-7.692486977707,-3.33400779551784,3.91610457133168,4.58592064617866,-1.3162261812967
16.6982545521832,-1.0288633681488,-7.86318292774539,-3.37724962605876,3.96627875088485,4.72024346155166,-1.24011074198407
16.2947378143545,-1.36577264602343,-8.04626858184385,-3.43571461868171,3.99911387267579,4.84671689781202,-1.15913676128896
15.8834247448914,-1.71314139583719,-8.24369920160327,-3.51187435952736,4.01191182795087,4.96299318693133,-1.07384984119738
15.4640030366981,-2.07176593735035,-8.45673179313963,-3.60740411657801,4.00276750237727,5.06735532855699,-0.984802910177401
15.0364722409501,-2.44187732842031,-8.68587607765575,-3.7231344571624,3.97059764734287,5.15869751452797,-0.892564052056113
14.6011542311635,-2.82312795670106,-8.93088244374607,-3.85904292337959,3.91513609542403,5.23648170095505,-0.797721719804689
14.1586822315863,-3.21461150296668,-9.19076948362577,-4.01428832681446,3.83689431602172,5.30067603888426,-0.700886126399923
13.7099686975078,-3.61491648697635,-9.46389206641723,-4.18728866830209,3.73708680064172,5.3516799763539,-0.602686406856691
13.2561542495134,-4.02221085144914,-9.74804774427482,-4.37584037423409,3.61752295414116,5.39024042423597,-0.5037639080385
12.7985418603088,-4.43435168388401,-10.0406151037684,-4.57727206964698,3.4804705059115,5.41736325371231,-0.404762560431852
12.3385223525649,-4.84901106034784,-10.3387136204119,-4.78862163917386,3.32849911958946,5.43422441924089,-0.306317646282553
11.8774982627971,-5.26380685229808,-10.6393715190426,-5.00682194929643,3.16431579238797,5.44208482777069,-0.209044352374372
11.4168132588518,-5.67642681221498,-10.9396870797697,-5.22887929635062,2.99060506860664,5.44221266024871,-0.113527319204947
10.9576932400256,-6.08473539216664,-11.2369698073409,-5.4520296392754,2.80988659020456,5.43581604625495,-0.020312036046363
10.5012034943322,-6.48685537034333,-11.5288508535129,-5.67386081466695,2.62440026796446,5.42398801041845,0.0701015031155732
10.0482240566915,-6.88121983211945,-11.8133562519724,-5.89239344855015,2.43602585339765,5.4076645487811,0.157262878560717
9.59944313598353,-7.26659368158517,-12.0889410459112,-6.10611826232741,2.24623964173445,5.38759572234517,0.240773362462391
9.15536661777205,-7.64206712132281,-12.3544866173916,-6.31399213935265,2.05610716228741,5.36432895108596,0.320286547869137
8.71634027381167,-8.00702595202147,-12.609266774066,-6.51539899552506,1.86630750016345,5.33820322761995,0.395507994257719
8.282580598066,-8.36110500490396,-12.8528902648412,-6.71008392923797,1.6771826622014,5.309352775966,0.466194321098975
7.85421005331187,-8.70413153056128,-13.0852283196431,-6.89807024949061,1.48880421282338,5.27771866642947,0.532152045886861
7.43129284195718,-9.03606508081388,-13.3063356933751,-7.07956894274762,1.30104917872975,5.24306697949267,0.593236311449735
7.01386797781406,-9.35693956345545,-13.5163728031573,-7.25488920113965,1.11367777879035,5.20501222381029,0.649349515691039
6.60197724387178,-9.66681189159701,-13.7155350678237,-7.42435704197395,0.926406651018863,5.16304477522984,0.700439763557187
6.19568654934867,-9.96572031498446,-13.9039939232268,-7.58824717772008,0.738972719245018,5.11656116702162,0.746499021473498
5.79510001515665,-10.253654116059,-14.0818521780673,-7.74673127081885,0.551184441026787,5.06489604029012,0.787560855049361
5.40036685315754,-10.5305351207501,-14.2491147401015,-7.89984382281384,0.362958754949982,5.00735455221426,0.823697666895164
5.0116816790503,-10.7962104526036,-14.4056743399728,-8.0474653182064,0.174343458749087,4.94324404274024,0.855017406174677
4.62927929771347,-11.050455194783,-14.5513107880018,-8.18932096626325,-0.0144740904412624,4.87190380673731,0.881659780952736
4.25342522553888,-11.2929831223929,-14.6857015411877,-8.32499249649844,-0.203170205053885,4.79273192341099,0.903792056829875
3.88440328862285,-11.5234634127224,-14.8084409287532,-8.45393996288017,-0.391297732348898,4.70520826329505,0.921604563775995
3.52250159838355,-11.7415412305798,-14.9190652900973,-8.57553038162385,-0.578306012915622,4.60891302954796,0.935306057096723
3.16799805879666,-11.9468601852735,-15.0170813495871,-8.68907013904575,-0.763565389069369,4.50354043847152,0.945119081405267
2.8211463845333,-12.1390849510069,-15.1019954999263,-8.79383848254932,-0.946393915701138,4.38890743643676,0.951275481617728
2.48216337836048,-12.3179226039797,-15.1733419936392,-8.8891198403358,-1.12608425156329,4.26495758871312,0.95401218185652
2.15121801656857,-12.4831416258741,-15.230708558705,-8.97423328552433,-1.30192911464839,4.13176052099749,0.953567332265692
1.82842268118599,-12.6345878019929,-15.2737583356814,-9.04855795181393,-1.47324410903031,3.98950744805561,0.950176891661064
1.51382671714658,-12.7721965752523,-15.3022474881245,-9.11155371779498,-1.63938714448003,3.83850345062683,0.944071688846067
1.20741235187341,-12.8960016353072,-15.3160381508175,-9.1627768666954,-1.79977403471092,3.67915720577149,0.935474977513723
0.90909291854604,-13.006139764123,-15.3151067156437,-9.20189078664202,-1.95389017237065,3.51196889061163,0.924600481171477
0.618713245730692,-13.1028520434926,-15.2995475918318,-9.22867197160884,-2.10129841013776,3.33751691846596,0.911650902570843
0.33605203583332,-13.1864817067722,-15.2695728126544,-9.24301179409542,-2.24164345875897,3.15644411449123,0.896816864714126
0.0608260211363723,-13.2574689361048,-15.2255078972392,-9.2449145769179,-2.3746532170859,2.96944383169052,0.88027623851574
-0.207304328678559,-13.3163429723177,-15.1677844574481,-9.23449254499406,-2.50013751051862,2.7772464156682,0.862193809271638
-0.468727785267689,-13.363711973508,-15.096930113057,-9.21195826628399,-2.61798473965683,2.58060633722868,0.842721235334244
-0.723874270775211,-13.4002509852369,-15.01355618277,-9.17761510312959,-2.72815691135715,2.38029020257771,0.821997247446946
-0.973205948667104,-13.4266884971003,-14.9183437289069,-9.13184622456927,-2.83068350767781,2.17706579553994,0.800148046490521
-1.2172077522545,-13.4437920064494,-14.8120284528209,-9.07510264216407,-2.92565458996388,1.97169222897329,0.777287857131095
-1.45637761095721,-13.4523530294652,-14.6953849410857,-9.00789069613646,-3.01321348409243,1.76491123661002,0.753519600280921
-1.69121663882226,-13.4531720217058,-14.5692107688643,-8.93075938979058,-3.09354934301961,1.55743960212245,0.728935653077166
-1.92221953741396,-13.4470435779424,-14.4343108520591,-8.84428787323587,-3.16688981078237,1.34996268473594,0.703618664813321
-2.14986546753299,-13.4347423691848,-14.2914825256659,-8.74907340945741,-3.23349398573027,1.14312899782186,0.677642407430125
-2.37460961948163,-13.4170101692552,-14.1415017045868,-8.6457200678806,-3.29364581990086,0.937545774661212,0.651072638554398
-2.5968756751616,-13.3945442305091,-13.9851103835777,-8.5348283210006,-3.34764803872857,0.733775448232799,0.623967956243736
-2.81704934835582,-13.3679873668519,-13.8230058376832,-8.4169857790432,-3.39581666792106,0.532332981704234,0.596380635191902
-3.03547311501699,-13.3379198458131,-13.6558316180176,-8.29275913392735,-3.43847617913581,0.333683971503926,0.568357427370674
-3.25244222299457,-13.3048532506477,-13.4841705055699,-8.16268742526922,-3.47595527309489,0.138243457473259,0.539940319070297
-3.46820201137854,-13.2692263407005,-13.3085394531491,-8.02727666157192,-3.5085832851477,-0.0536246263254807,0.511167235812584
-3.68294652728697,-13.2314028906475,-13.1293865017976,-7.88699580375969,-3.5366871894978,-0.241607421662213,0.482072689961093
-3.89681837995232,-13.1916714080205,-12.947089579307,-7.74227407028582,-3.56058916379399,-0.425442595065044,0.452688367349901
-4.1099097093576,-13.1502464970923,-12.7619569616559,-7.59349944554661,-3.58060464845495,-0.604917315975603,0.423043648948352
-4.32226416974515,-13.107271781054,-12.5742293202418,-7.44101835513339,-3.59704088176651,-0.779866815229215,0.393166072268726
-4.53387972173745,-13.0628239878771,-12.3840829779531,-7.28513628877209,-3.61019581713843,-0.950172563144716,0.363081729557593
-4.74471209801736,-13.0169180634075,-12.1916342464149,-7.12611929462964,-3.6203574039004,-1.11576011405101,0.33281561064759
-4.95467872530795,-12.9695129337768,-11.9969444822866,-6.96419612445674,-3.62780315133225,-1.27659665096728,0.302391892070691
-5.16366292025528,-12.9205176516814,-11.8000256075071,-6.79956086673919,-3.63279992652768,-1.43268826580304,0.271834178724614
-5.37151820816976,-12.8697977266247,-11.6008458950538,-6.63237593183539,-3.63560395358046,-1.58407701661276,0.241165705788202
-5.57807257107308,-12.8171813150226,-11.3993357060619,-6.46277518137165,-3.63646094268472,-1.73083778767002,0.210409505500353
-5.78313250541773,-12.7624651153426,-11.1953930185941,-6.29086707911264,-3.63560631801861,-1.87307499047342,0.179588546840909
-5.9864867735595,-12.7054197950204,-10.9888885698017,-6.11673772633045,-3.63326550001558,-2.0109191384468,0.148725854598536
-6.18790973643816,-12.6457947692184,-10.7796704297037,-5.94045364133997,-3.62965418566793,-2.14452331877339,0.117844613700139
-6.38716425925697,-12.5833223545801,-10.5675680018127,-5.76206424034813,-3.62497861769029,-2.27405960889361,0.0869682662915709
-6.58400407972265,-12.5177210919526,-10.3523952514794,-5.58160386971353,-3.61943575761688,-2.3997154401214,0.0561206055751175
-6.77817568791082,-12.4486983466118,-10.1339532343569,-5.39909339037803,-3.61321335687295,-2.52168995303468,0.0253258731466841
-6.9694197041104,-12.3759521514172,-9.91203187777516,-5.21454125137136,-3.60648987015897,-2.64019035778,-0.00539113585069297
-7.15747176577485,-12.299172304751,-9.68641101259598,-5.02794401729681,-3.59943416025321,-2.7554283092761,-0.0360049550374866
-7.34206304135747,-12.2180409143262,-9.45686079868801,-4.83928639401854,-3.59220498900896,-2.8676163380322,-0.0664893125393047
-7.52292028660115,-12.1322322259683,-9.22314141391716,-4.64854065950984,-3.5849501826255,-2.97696429168163,-0.0968169757391364
-7.69976569882909,-12.0414121499503,-8.98500232808452,-4.45566564337852,-3.57780552317836,-3.08367586523244,-0.126959572663945
-7.87231646589431,-11.9452372965466,-8.74218102179312,-4.26060516854595,-3.57089324382071,-3.18794515487973,-0.156887385661054
-8.04028422393234,-11.8433538502267,-8.49440140980708,-4.06328607558941,-3.56432015758822,-3.28995328987361,-0.18656911644332
-8.2033744080911,-11.7353962466528,-8.24137195788134,-3.86361582235414,-3.55817534768076,-3.38986510561218,-0.215971619430059
-8.36128566199381,-11.6209858952232,-7.9827836910564,-3.66147976043399,-3.55252743607597,-3.48782589450385,-0.245059604345747
-8.51370931657861,-11.4997299617013,-7.71830813256188,-3.45673812311825,-3.54742138975604,-3.58395821205095,-0.273795307074817
-8.66032908885633,-11.3712204288047,-7.44759536143781,-3.24922283903683,-3.54287489748326,-3.67835877861599,-0.302138132723454
-8.80082102764158,-11.2350334828542,-7.17027226705363,-3.03873424760643,-3.53887431584295,-3.77109547517982,-0.33004427352846
-8.93485386160218,-11.0907294500688,-6.88594120358292,-2.82503786161441,-3.53537025746286,-3.86220449644667,-0.357466310730518
-9.06208977685651,-10.9378533406448,-6.59417914779489,-2.60786129551283,-3.53227286941422,-3.95168768533488,-0.384352808302516
-9.18218574420183,-10.7759361840005,-6.29453755458772,-2.3868915355709,-3.52944691859844,-4.0395101291395,-0.410647912955629
-9.29479545384312,-10.6044972642252,-5.98654306799183,-2.16177273367598,-3.52670681400297,-4.12559809126698,-0.436290976438901
-9.39957198270839,-10.4230474468422,-5.66969930249683,-1.93210475011298,-3.52381176384499,-4.20983740436952,-0.461216223368789
-9.4961711858051,-10.2310936354797,-5.34348982955801,-1.69744266351819,-3.52046126288668,-4.29207241652549,-0.48535248636167
-9.5842559216024,-10.0281445325693,-5.00738258442008,-1.45729751445496,-3.51629119933476,-4.37210565907861,-0.508623040106482
-9.66350110711407,-9.81371774322242,-4.66083582944667,-1.21113853554011,-3.51087087924149,-4.44969837902135,-0.530945565132657
-9.73359958245184,-9.58734823701138,-4.30330578706873,-0.958397119545233,-3.50370130737415,-4.52457209241073,-0.55223227457517
-9.794268734373,-9.34859813293648,-3.93425600543788,-0.698472752356695,-3.49421509015711,-4.59641131710842,-0.572390238056101
-9.84525777513886,-9.09706769072194,-3.55316843848816,-0.430741085468135,-3.48177832907353,-4.66486762552531,-0.591321934602312
-9.88635544157865,-8.83240723043959,-3.15955609445015,-0.154564240284754,-3.46569482504205,-4.72956509025952,-0.608926056958261
-9.91739794277867,-8.55432971641915,-2.75297703328213,0.130696666368985,-3.44521290314316,-4.79010720237908,-0.625098588296575
-9.93827675008846,-8.26262347313764,-2.33304929475911,0.425666931837588,-3.4195350154694,-4.84608518972051,-0.639734149701802
-9.94894590285487,-7.95716451999067,-1.8994662422746,0.730941928819207,-3.38783019361865,-4.89708763644909,-0.652727608801125
-9.94942835182297,-7.63792782818952,-1.45201163859915,1.04706951226572,-3.34924921574612,-4.94271114949154,-0.663975914279974
-9.9398209008972,-7.30499679808946,-0.990573674991248,1.37453184338812,-3.30294217352943,-4.98257173497806,-0.673380104012166
-9.92029729531873,-6.95857022523459,-0.515157099847376,1.71372745698326,-3.24807790309484,-5.01631643088092,-0.680847412804128
-9.89110905563765,-6.59896607597726,-0.025892587406946,2.06495450937796,-3.18386453759193,-5.04363465516868,-0.686293388323288
-9.85258375445526,-6.22662151665542,0.476957443184798,2.4283961911044,-3.10957026548761,-5.06426867632508,-0.689643912036542
-9.80512058337879,-5.84208883756926,0.992997199322494,2.80410925779516,-3.0245432657067,-5.07802261188078,-0.690837018904325
-9.74918321309008,-5.44602714780657,1.5217004943925,3.19201650817875,-2.92822974768313,-5.08476939855543,-0.689824414024845
-9.68529013190428,-5.03918999593211,2.06241846719422,3.59190382785582,-2.82018907654642,-5.08445527424645,-0.686572599332782
-9.61400283653166,-4.62240936259793,2.61439185589284,4.00342213967318,-2.70010511247347,-5.0771014606799,-0.681063547848982
-9.53591242639319,-4.19657674150975,3.17676733079959,4.42609428784607,-2.56779312855111,-5.06280292510377,-0.673294894869085
-9.45162521876218,-3.76262220719586,3.74861709703737,4.85932653118878,-2.42320194806541,-5.04172426745477,-0.66327964566878
-9.36174811728182,-3.3214925252097,4.32896077578265,5.30242403644137,-2.26641127720684,-5.0140929959251,-0.651045436275839
-9.26687443639336,-2.87412938376839,4.91678844029686,5.75460950531096,-2.09762451526948,-4.98019060019262,-0.6366334105508
-9.16757083485385,-2.42144877822312,5.51108365768744,6.2150439093384,-1.91715760277433,-4.9403419559161,-0.620096798919183
-9.06436591282261,-1.96432244920493,6.11084546115641,6.68284824454625,-1.72542468107785,-4.89490366658659,-0.601499296936028
-8.95774086305875,-1.50356207644465,6.71510831280708,7.1571252275565,-1.52292146389105,-4.84425195066843,-0.580913342897516
-8.84812242593649,-1.03990670978568,7.32295932906234,7.63697996850581,-1.31020727343795,-4.78877065601414,-0.558418388654884
-8.73587825299062,-0.574013682909628,7.93355228856807,8.12153883311743,-1.0878866666392,-4.72883991666024,-0.534099245251513
-8.62131460182422,-0.106453026842921,8.54611815233966,8.60996587487033,-0.856591479337298,-4.66482584676923,-0.508044564563
-8.50467620376997,0.362294785148602,9.15997207602808,9.10147646013003,-0.616963987814742,-4.59707157489372,-0.480345500533783
-8.38614803460626,0.831838083880884,9.77451706671065,9.59534789495432,-0.369641724645241,-4.52588979844432,-0.451094572388212
-8.26585867136151,1.30187066994631,10.3892445948925,10.0909270534789,-0.115244322033227,-4.45155694226767,-0.420384735120194
-8.14388487773457,1.77216638927737,11.0037325646552,10.5876351445274,0.145637402084831,-4.37430891342919,-0.388308647497515
-8.02025706515214,2.24257213374618,11.6176411168483,11.0849698753065,0.41245003852041,-4.29433838259174,-0.354958117866633
-7.89496528512777,2.71299977431903,12.2307067585284,11.5825053407493,0.684683901257638,-4.21179347214097,-0.320423701305024
-7.76796544153662,3.1834175038016,12.8427353119039,12.0798900158317,0.961877191342824,-4.12677770457794,-0.284794419270194
-7.639185444916,3.6538410161394,13.45359413964,12.5768432364549,1.24361820430138,-4.03935104886368,-0.248157573358778
-7.5085310795459,4.12432488992247,14.0632040623865,13.0731505520165,1.52954581687746,-3.94953190401004,-0.210598628296467
-7.37589139946142,4.59495447525851,14.6715313213402,13.5686583028791,1.819348509781,-3.85729986681022,-0.172201144394515
-7.24114351900998,5.0658385109544,15.2785798703278,14.0632677351276,2.11276218657663,-3.76259914624657,-0.133046746156463
-7.10415671881328,5.53710262881833,15.8843842199887,14.5569289246315,2.40956703950903,-3.66534250989255,-0.09321512079061
-6.96479582271949,6.00888381712009,16.4890029489182,15.049634695266,2.70958368583094,-3.5654156624334,-0.0527840470399262
-6.82292386470258,6.48132584874462,17.0925129449371,15.5414146770174,3.01266876829887,-3.46268198761696,-0.0118294616399968
-6.67840410947394,6.95457560503082,17.695004355526,16.0323295771311,3.31871017236406,-3.35698760707168,0.0295744238179896
-6.53110152631463,7.42878014251665,18.2965761179103,16.5224656404002,3.6276219598715,-3.24816672709168,0.0713549382938349
-6.38088386965348,7.90408428431593,18.897331877566,17.0119292184211,3.93933906912548,-3.13604727107349,0.113440678148376
-6.22762256337625,8.38062845034026,19.4973760285271,17.5008412969894,4.25381177674417,-3.02045681564572,0.155761122728429
-6.07119362032165,8.8585463685106,20.0968095178072,17.9893317449447,4.57099985755365,-2.90122886334441,0.198246115320196
-5.9114788634473,9.33796224375711,20.695724977424,18.4775329724778,4.89086632188245,-2.77820949838358,0.240825186593409
-5.74836775908391,9.81898692449214,21.2942007239446,18.9655726606124,5.21337056838477,-2.65126448783404,0.283426699932528
-5.58176018545745,10.3017125454085,21.8922930756039,19.45356513763,5.53846074000306,-2.5202868885596,0.325976800935237
-5.41157048335582,10.7862051039623,22.4900264235487,19.9416009608362,5.86606504481691,-2.38520522015042,0.368398157876148
-5.23773314119816,11.2724944182384,23.0873804848668,20.4297342486,6.19608179020117,-2.24599225085065,0.410608485755333
-5.06021045708692,11.7605609327987,23.6842741916565,20.9179673255097,6.52836788805906,-2.10267441788149,0.452518854083994
-4.8790024883874,12.2503188930083,24.2805457366459,21.4062322960924,6.86272562557658,-1.95534186141879,0.49403178819115
-4.69415954171629,12.7415955179438,24.8759284328651,21.8943692767562,7.19888757225231,-1.80415899048161,0.53503918660373
-4.50579734820534,13.2341059394824,25.4700221853965,22.3821011316198,7.53649959448744,-1.6493754086914,0.575420092144079
-4.31411494433715,13.7274239661155,26.0622607514512,22.869004881419,7.87510214403626,-1.49133692180042,0.615038377257986
-4.11941505905358,14.2209490186933,26.6518752572936,23.3544801996442,8.2141101875671,-1.33049619741476,0.653740428871721
-3.92212655250268,14.7138700507537,27.2378549899253,23.8377158785003,8.55279244944748,-1.16742247812558,0.691352951950607
-3.72282811232236,15.2051278040652,27.818907073615,24.3176556497122,8.89025098570583,-1.00280955044313,0.727681049384367
-3.52227202038654,15.6933774347154,28.3934174208182,24.7929654084029,9.22540252954494,-0.837480966247024,0.762506780871822
-3.32140633699037,16.1769542130112,28.9594160282426,25.2620044622873,9.55696344307022,-0.672391313948245,0.795588445243401
-3.12139340595549,16.6538458211848,29.514550623737,25.7228042215015,9.88344056255044,-0.508622196890752,0.826660873569833
-2.9236221472766,17.1216753481579,30.056073194449,26.1730581767556,10.203130488404,-0.347371526005507,0.855437040697499
-2.72971133266978,17.5776995550629,30.5808444066571,26.6101274060683,10.5141300168243,-0.189934852533591,0.881611301483019
-2.54150099167036,18.0188269541037,31.0853607544989,27.0310656740214,10.8143601900582,-0.0376778048417035,0.904864509712259
-2.36102942364295,18.4416596422726,31.5658084749108,27.4326674689379,11.1016058191903,0.108000691449728,0.924871175291353
-2.19049408730076,18.842561447917,32.0181465824163,27.8115408429723,11.373571198384,0.245713827041431,0.941308648629699
-2.03219595599925,19.2177527236608,32.4382187749288,28.1642046530067,11.6279510865189,0.374139226443625,0.953868094127939
-1.88846871026588,19.5634291074442,32.8218905056597,28.4872068096141,11.8625139723691,0.492075174881106,0.962266745063754
-1.76159622388113,19.875898254296,33.1652038675278,28.7772570070843,12.075192524229,0.598496588814451,0.966260666592351
-1.65372382988732,20.1517251291367,33.4645391713649,29.0313641993289,12.2641741508089,0.692605745141327,0.965657029575649
-1.56677046510983,20.3878740917,33.7167697703169,29.2469671507165,12.4279835014851,0.773872587010944,0.96032479660256
-1.50234952045515,20.5818348783534,33.9193956928723,29.4220456351851,12.5655486110301,0.842060016480671,0.950202764662112
-1.46170582014766,20.7317205045136,34.0706430649298,29.5552011943564,12.6762436706557,0.89723099043791,0.93530413106974
-1.44567454530821,20.8363279510747,34.1695198232752,29.6456995132745,12.7599038872909,0.939736270915218,0.915717117699335
-1.45466534391265,20.8951568628644,34.215823354384,29.6934709835621,12.8168111907401,0.970183987872441,0.891601641424395
-1.48867180674738,20.9083865633492,34.2101014726929,29.6990710521691,12.8476530408607,0.989394309984463,0.863182468849251
-1.54730353192009,20.8768165473726,34.1535735490813,29.6636066015788,12.8534596348261,0.998344086099863,0.830739656779182
-1.62983568245681,20.8017792851575,34.0480225025929,29.5886379196299,12.8355268298464,0.998107058622579,0.794597291115915
-1.73526961685294,20.6850361872594,33.8956703406111,29.4760674328565,12.7953328649062,0.989795115878468,0.755111577971083
-1.86239793310792,20.5286678248112,33.699049905109,29.3280262562801,12.7344565290806,0.974505189266282,0.712659230264772
-2.00986795594582,20.3349681058594,33.4608835909293,29.1467678896356,12.6545029849086,0.953275076040666,0.667626873526179
-2.17623904233249,20.1063499114855,33.1839771871602,28.9345760661243,12.5570416214158,0.927049999317173,0.620401936559359
-2.36003069968128,19.8452668542845,32.8711336320967,28.6936908173692,12.4435582320217,0.896660342691475,0.571365233408697
-2.55976012069823,19.5541531682165,32.5250884621401,28.4262542037723,12.3154220088822,0.862809904614565,0.520885232663838
-2.77396911342061,19.2353815195459,32.1484662818852,28.1342750436366,12.1738664458058,0.826073275726413,0.469313862445792
-3.00124142498022,18.8912368868326,31.7437558060098,27.8196104505045,12.0199822933005,0.786900542729979,0.416983615275964
-3.24021209372726,18.5239036310941,31.3132999437166,27.4839610646116,11.8547201890179,0.745627408510268,0.364205687706908
-3.48957075943714,18.1354624624796,30.8592970264316,27.1288765473267,11.6789004554861,0.702488914041682,0.311268901866747
-3.74806088271645,17.7278940585748,30.3838094262612,26.7557680276823,11.4932276967246,0.6576351726769,0.258439192865311
-4.01447662885078,17.3030863560607,29.8887761289178,26.3659244449868,11.2983080673276,0.61114781123481,0.205959492005436
-4.28765888121162,16.8628431536168,29.3760266043025,25.9605303837607,11.0946675162613,0.563056116307447,0.154049885561078
-4.56649147331793,16.4088922118362,28.8472939155858,25.5406834873199,10.8827696630264,0.513352164320197,0.102907969983248
-4.8498983610636,15.9428916762892,28.3042257459117,25.1074101527473,10.6630323599057,0.462004462155253,0.0527093581257045
-5.13684211743981,15.4664342185229,27.7483926622092,24.6616787491207,10.4358423384718,0.408969829748319,0.00360831414601991
-5.42632384534218,14.981048757763,27.1812934537036,24.2044100446377,10.2015676231275,0.354203416668176,-0.0442614917712961
-5.71738437284534,14.4881999541828,26.6043577227437,23.7364848283766,9.96056760036303,0.297666864141474,-0.0907861117675343
-6.00910645958425,13.9892859540586,26.0189462553982,23.2587490354718,9.71320083220348,0.239334710003896,-0.135870334232949
-6.30061764740932,13.4856349638034,25.4263497808628,22.7720167818758,9.45983079303901,0.179199188036298,-0.179436589120408
-6.59109336816074,12.9785012865105,24.8277868048482,22.2770718160606,9.20082978988224,0.117273604619808,-0.221423755351593
-6.87975993415165,12.4690614044749,24.2244011386688,21.7746678770542,8.93658134695747,0.0535944878860662,-0.261785885940325
-7.16589710402523,11.9584106340541,23.6172597121425,21.2655284582707,8.66748135914658,-0.0117772964686355,-0.300490871228812
-7.44883997725746,11.4475607337832,23.007351084251,20.7503463587991,8.39393828176944,-0.0787562800031376,-0.337519063343904
-7.72798003900138,10.9374387032959,22.3955849004372,20.2297832883904,8.11637258244493,-0.147232811016976,-0.372861885661818
-8.00276530881958,10.4288869642882,21.7827925747838,19.7044698455012,7.83521570153607,-0.217074013903881,-0.406520453295253
-8.27269954036448,9.92266487820131,21.1697291110998,19.1750058789706,7.55090863781183,-0.288125164783169,-0.438504225749368
-8.5373405489275,9.4194515720016,20.5570760994967,18.641961365036,7.2639003169536,-0.360211382081786,-0.468829713585338
-8.79629775182104,8.91984991423754,19.9454457340228,18.1058777637682,6.97464582266715,-0.433139550552371,-0.497519256239893
-9.04922903990402,8.42439144501587,19.3353856624475,17.5672697858989,6.68360454593577,-0.506700414872522,-0.524599884746583
-9.29583712919208,7.93354205158663,18.727384482361,17.0266274976134,6.39123829464366,-0.580670794947591,-0.550102280355496
-9.53586553364656,7.44770815713895,18.121877653933,16.4844186419302,6.09800937536823,-0.654815887113539,-0.574059835934581
-9.76909430727595,6.9672432058205,17.5192536263558,15.9410910683208,5.80437865380755,-0.728891625863906,-0.596507824497059
-9.99533568978598,6.49245423714328,16.9198599783716,15.3970751535903,5.51080358807344,-0.802647087861876,-0.617482676193906
-10.2144297818494,6.02360836815294,16.3240094035954,14.8527861131353,5.21773622785452,-0.875826925334637,-0.637021363051974
-10.4262403473703,5.56093901835987,15.7319853742073,14.3086260938492,4.92562116453811,-0.948173817632787,-0.65516088791581
-10.6306508384787,5.10465174965556,15.1440473700569,13.7649859794596,4.63489342840212,-1.01943093160821,-0.671937873266102
-10.8275607187532,4.65492961559667,14.5604355778809,13.222246847791,4.34597633033779,-1.08934438034287,-0.68738824394491
-11.0168821504513,4.21193794103584,13.9813749974053,12.6807810428577,4.05927925354815,-1.15766566806775,-0.701546996997349
-11.198537055902,3.77582846006238,13.4070788621479,12.1409527943294,3.77519539270934,-1.22415410134577,-0.714448048202528
-11.3724546288919,3.34674279500537,12.8377514102672,11.6031184295874,3.4940994774071,-1.28857915040904,-0.726124149039886
-11.5385692770933,2.92481524372704,12.2735899512229,11.0676261408471,3.21634549271734,-1.35072273153294,-0.736606861867154
-11.696819039719,2.51017488686811,11.7147862840375,10.5348153680594,2.94226444375424,-1.4103813848618,-0.745926585264189
-11.8471444139188,2.10294701491794,11.1615274292346,10.0050157732697,2.67216218874713,-1.46736830658665,-0.754112614691361
-11.9894876555085,1.70325392588174,10.6139958024596,9.47854593049411,2.40631740998597,-1.52151520812572,-0.76119323249401
-12.1237924619928,1.31121512201135,10.0723688165445,8.95571172753703,2.14497975624292,-1.57267395574,-0.767195811820156
-12.25000404927,0.926946971069583,9.53681802347609,8.43680458628383,1.88836821978028,-1.62071795781295,-0.772146926503996
-12.3680695543551,0.550561894815345,9.00750784906987,7.922099553579,1.6366697934822,-1.66554326046945,-0.776072455038736
-12.4779387524596,0.182167162822616,8.48459403207907,7.41185336414742,1.39003846027957,-1.70706932484558,-0.778997671691472
-12.5795649976675,-0.178136630145675,7.96822182530477,6.90630252581755,1.14859454845129,-1.74523945610679,-0.780947314420329
-12.6729063557748,-0.530257316409183,7.45852406646689,6.40566151742452,0.912424486250575,-1.78002087119573,-0.781945624823487
-12.757926871559,-0.874113052977602,6.95561920324942,5.91012116477562,0.681580973074667,-1.81140439903795,-0.782016355595975
-12.8345979121445,-1.20963428240408,6.45960935119172,5.41984725059581,0.456083571301173,-1.83940381765715,-0.781182742893894
-12.902899537261,-1.53676568077932,5.9705784581927,4.93497940572012,0.235919709483974,-1.86405484473673,-0.779467443461984
-12.9628218448062,-1.85546802484455,5.48859063420297,4.455630311873,0.0210460736343587,-1.88541380786402,-0.776892437957056
-13.0143662219796,-2.16571991633518,5.01368868302237,3.9818852253227,-0.188609648339997,-1.9035560266421,-0.773478902314192
-13.0575465335886,-2.46751932768644,4.54589289814274,3.51380184796763,-0.393146714586984,-1.9185739603821,-0.769247056239125
-13.0923901759721,-2.76088493284719,4.08520011929415,3.05141051748586,-0.592689024175151,-1.93057516425254,-0.764215992403478
-13.1189389427146,-3.04585719548867,3.63158304615613,2.59471468902402,-0.787382614328817,-1.93968010105451,-0.758403491510212
-13.1372497747518,-3.32249922454771,3.18498982971151,2.1436916984939,-0.977393022883284,-1.94601987382091,-0.7518258357924
-13.1473953369819,-3.59089739163751,2.74534390427334,1.69829375523263,-1.16290257217199,-1.94973392180269,-0.74449762541134
-13.1494644130921,-3.85116171893735,2.31254403553308,1.25844912457211,-1.3441076259414,-1.95096772470697,-0.736431604601156
-13.1435622238385,-4.10342608527594,1.88646457306564,0.824063469496013,-1.52121587609229,-1.94987057031508,-0.7276385098953
-13.1298105464912,-4.34784823749642,1.4669558484447,0.395021296314801,-1.69444368559601,-1.94659339880156,-0.718126938860084
-13.1083477335727,-4.58460965543967,1.05384470598799,-0.0288125193150481,-1.86401352553046,-1.94128676223633,-0.70790324925381
-13.0793286380819,-4.81391529448668,0.646935135023278,-0.447591157199347,-2.03015152720599,-1.9340989159305,-0.696971492210466
-13.0429245180115,-5.0359932510839,0.246008980885176,-0.861484254658606,-2.19308517201356,-1.92517406052561,-0.685333385527578
-12.9993227453799,-5.2510942990877,-0.149173289419847,-1.27067629143299,-2.3530410934555,-1.91465071030349,-0.672988319087602
-12.9487265333538,-5.45949138244306,-0.538871764039405,-1.67536496963498,-2.51024302145431,-1.90266021601295,-0.659933404497267
-12.8913546225249,-5.6614790474958,-0.923366213853692,-2.075759589707,-2.66490985332884,-1.88932542511594,-0.646163565556239
-12.8274408154558,-5.85737276141983,-1.30295515362793,-2.47207939512728,-2.817253817299,-1.87475945234521,-0.631671663424407
-12.7572335096555,-6.04750816924395,-1.67795482605463,-2.86455189163459,-2.9674787464504,-1.85906457077553,-0.616448663246243
-12.6809951376269,-6.23224023490078,-2.04869808128231,-3.25341111181608,-3.11577843411788,-1.84233119711972,-0.600483836199667
-12.5990013851907,-6.41194217907908,-2.41553309697438,-3.63889576832417,-3.2623350285362,-1.82463694083446,-0.583764989402554
-12.5115404097694,-6.58700429503291,-2.77882193683397,-4.02124733000794,-3.40731751517346,-1.80604573962647,-0.566278732515567
-12.4189117333689,-6.75783244931607,-3.13893884993097,-4.40070791066874,-3.55088020129244,-1.78660702573267,-0.5480107635987
-12.3214250086024,-6.92484633397411,-3.49626830439684,-4.77751800695462,-3.69316125598588,-1.76635494732618,-0.528946181238151
-12.21939850022,-7.0884773546198,-3.85120268029131,-5.15191402096862,-3.83428126915414,-1.74530761982273,-0.509069812864836
-12.1131573044575,-7.24916613304165,-4.2041395867717,-5.52412556425865,-3.97434184585927,-1.72346641142473,-0.488366557004452
-12.0030312976853,-7.40735959205917,-4.55547877097962,-5.89437254052885,-4.1134242490177,-1.70081526536934,-0.466821734934953
-11.8893527216885,-7.56350754288297,-4.90561856085595,-6.26286196953957,-4.25158807656098,-1.67732005195261,-0.44442144317782
-11.7724535179766,-7.71805882688368,-5.25495186874231,-6.62978462033341,-4.38887002967818,-1.65292797500595,-0.421152905570934
-11.6526623233701,-7.87145695078866,-5.60386172144267,-6.99531143412105,-4.52528275998562,-1.62756703019461,-0.397004814626363
-11.5303011790665,-8.02413525036819,-5.95271634778319,-7.3595897922277,-4.66081382877407,-1.60114553378562,-0.371967656496078
-11.4056819547035,-8.17651159679519,-6.30186384746231,-7.72273966274028,-4.79542478777565,-1.57355173361128,-0.346034011014429
-11.2791025576322,-8.32898271883991,-6.6516265127984,-8.08484970492625,-4.92905041046646,-1.54465352336849,-0.319198819839161
-11.1508428978484,-8.48191815387399,-7.00229483148959,-8.44597334156876,-5.06159805009829,-1.51429826662906,-0.291459612178984
-11.0211608382202,-8.63565404347456,-7.35412136286822,-8.80612499284677,-5.19294720247673,-1.48231277132417,-0.262816684885765
-10.8902879312416,-8.79048667687761,-7.70731442513509,-9.1652763390889,-5.322949144535,-1.44850339439764,-0.233273222142055
-10.758425372099,-8.94666617614248,-8.06203194000889,-9.52335295699985,-5.45142679650352,-1.41265634040755,-0.202835357258851
-10.6257400036267,-9.10439026507377,-8.41837540020081,-9.88023119872041,-5.57817466466602,-1.37453813320226,-0.171512164793615
-10.4923605677878,-9.26379834498481,-8.77638415942032,-10.235735453642,-5.70295887860814,-1.3338962868911,-0.139315582537469
-10.3583743247779,-9.42496604919783,-9.13603020265382,-10.5896358715665,-5.82551729686972,-1.29046018892988,-0.10626026283315
-10.2238240748264,-9.58790036991446,-9.49721347724932,-10.9416465306924,-5.94555960326612,-1.24394219466943,-0.0723633544821584
-10.0887057176985,-9.752535533908,-9.85975794143687,-11.2914241232547,-6.06276737142665,-1.19403894386864,-0.0376442214728182
-9.9529664238434,-9.91872974630338,-10.2234084341152,-11.6385671737635,-6.17679405065717,-1.14043289991226,-0.00212410717612808
-9.81650339776428,-10.0862628207171,-10.587828366884,-11.9826156971221,-6.2872647816066,-1.08279410111379,0.0341742435238272
-9.67916333004279,-10.2548348168582,-10.9525983461415,-12.3230513411209,-6.39377604027601,-1.02078212835294,0.0712269871571889
-9.54074252430665,-10.4240656933228,-11.3172157236185,-12.6592979487868,-6.49589506855533,-0.954048281505979,0.109009589815012
-9.40098769606721,-10.5934959862859,-11.6810950828382,-12.9907225061291,-6.59315908662434,-0.882237961969471,0.147497217469842
-9.25959738663462,-10.7625884611114,-12.0435696077455,-13.3166363922968,-6.68507428036243,-0.804993258429251,0.18666508249076
-9.11622402133441,-10.9307307793934,-12.4038933945515,-13.6362969965336,-6.771114655221,-0.721955748644168,0.226488720346067
-8.97047649872993,-11.0972390635804,-12.7612445994592,-13.9489095959086,-6.85072078482025,-0.632769525816811,0.266944168150111
-8.82192335380182,-11.2613624266588,-13.1147295320545,-14.2536296441246,-6.92329863481734,-0.537084484698029,0.308008020592692
-8.6700963900039,-11.4222883626483,-13.4633876172641,-14.5495654278872,-6.98821856866627,-0.434559905071072,0.349657337501279
-8.51449480613498,-11.5791490575674,-13.8061973434448,-14.8357812736157,-7.04481477705008,-0.32486839969624,0.391869383333881
-8.35458982253109,-11.7310286655964,-14.1420833063325,-15.1113014873759,-7.092385393575,-0.207700311577073,0.434621182769635
-8.18982976956675,-11.876971541116,-14.469924399725,-15.3751151598785,-7.13019355816924,-0.0827686680975062,0.4778888782003
-8.0196456864207,-12.0159915346208,-14.788563350964,-15.6261821423888,-7.15746979582923,0.0501851701592684,0.521646881983397
-7.84345740925403,-12.1470823641938,-15.096817691319,-15.8634404025035,-7.17341605599275,0.19138500322318,0.5658668153828
-7.66068022041763,-12.2692292100313,-15.3934924290153,-16.0858151819354,-7.17721187958649,0.341012238771704,0.610516232868964
-7.47073198823798,-12.3814214601697,-15.6773944335163,-16.2922301337273,-7.16802307102135,0.499197079409829,0.655557120170528
-7.27304085256429,-12.4826667219352,-15.9473487855465,-16.4816209116319,-7.14501340752584,0.666008221252475,0.700944159590794
-7.06705339256233,-12.5720060168206,-16.2022171148779,-16.652951477191,-7.10735983994576,0.841440826274589,0.746622741693309
-6.85224329164926,-12.6485301939074,-16.4409181102425,-16.8052335978159,-7.05427173845877,1.02540254674176,0.792526701842433
-6.62812042153936,-12.7113974193581,-16.6624501673329,-16.9375498165485,-6.98501464601314,1.21769741023203,0.838575743753452
-6.39424033690726,-12.759851695682,-16.865916267069,-17.049080331502,-6.89893904267695,1.41800745445541,0.88467251343547
-6.15021414136147,-12.7932422786997,-17.0505510582827,-17.1391341116649,-6.79551451333604,1.62587212767431,0.930699284705507
-5.8957186880818,-12.8110438216469,-17.2157500475797,-17.207184491805,-6.67436956303161,1.84066567223414,0.976514229532221
-5.63050705581022,-12.8128769773292,-17.361100630519,-17.252909274453,-6.53533704908045,2.06157300204235,1.02194727334
-5.35441924067602,-12.7985291410215,-17.4864145772509,-17.2762351530259,-6.37850481844396,2.28756501205143,1.066795593833
-5.06739288090168,-12.7679747081672,-17.5917610887093,-17.2773856152049,-6.20427044604448,2.5173747986801,1.1108188970707
-4.76947374389533,-12.7213940129016,-17.677499149119,-17.2569308555537,-6.01339811537469,2.74947698247733,1.15373473057357
-4.46082547262918,-12.659189612705,-17.7443070788745,-17.2158370629651,-5.80707443139878,2.98207312981106,1.19521424205477
-4.14173784703346,-12.5819981304439,-17.7932064019529,-17.1555112016098,-5.58695849028654,3.21308715008935,1.23487898367787
-3.81263247128871,-12.4906952369054,-17.8255760847285,-17.0778357831642,-5.35521981482055,3.44017530773477,1.27229955344083
-3.47406446008504,-12.3863908279034,-17.8431522713203,-16.9851865648625,-5.1145561225724,3.66075592702303,1.3069970333918
-3.12671843091581,-12.270411177985,-17.8480080887567,-16.8804249446352,-4.86818172637731,3.87206366114998,1.3384482701493
-2.77139698900553,-12.1442649222179,-17.8425080836579,-16.7668563862459,-4.61977720085518,4.07123192346493,1.36609595457835
-2.40900012845107,-12.00959062311,-17.8292331460734,-16.6481474601308,-4.37339258003568,4.25540447472941,1.38936413949106
-2.04049463817689,-11.8680854275805,-17.8108744463537,-16.5281973416078,-4.1333002877747,4.4218730675231,1.40767921594772
-1.66687377666343,-11.7214169813609,-17.7900991035875,-16.4109651852398,-3.90380046526866,4.5682327890909,1.42049547053128
-1.28910909448064,-11.5711241070426,-17.7693956798353,-16.3002623471505,-3.68898980900062,4.69254121794245,1.42732329520858
-0.908098057619593,-11.4185150521958,-17.7509130506233,-16.1995265846384,-3.49251393252643,4.7934631122675,1.42775714748637
-0.52461262922499,-11.2645744742004,-17.7363102925469,-16.1116021082969,-3.3173303203074,4.87038070680531,1.42149977162656
-0.13925471176824,-11.1098908280634,-17.7266364314372,-16.038552425728,-3.16551168431168,4.92345203969945,1.40837926869259
0.247576026499658,-10.9546139659389,-17.7222563234352,-15.9815307313026,-3.03811632339115,4.95360627064578,1.38835646613923
0.635697976658543,-10.7984486585264,-17.7228326790463,-15.9407249478709,-2.93514295261726,4.96247447522414,1.36152154769072
1.02514551027,-10.6406843621166,-17.7273657285494,-15.9153831017412,-2.85557443457393,4.95226459855386,1.32808069692151
1.41615009003667,-10.4802562895997,-17.7342835004355,-15.903912490552,-2.79750125922433,4.9255975001813,1.28833511032343
1.80910787268569,-10.3158288887265,-17.7415690809335,-15.9040360122522,-2.75830486886762,4.88532530417109,1.2426557298205
2.2045384105414,-10.1458911442515,-17.7469081706215,-15.9129834789047,-2.73487529979522,4.83435306367558,1.19145727143375
2.60303929476583,-9.96885354698565,-17.7478405871949,-15.9276950052477,-2.72383748956823,4.77548075575791,1.13517463449685
3.00524094006605,-9.78313866605141,-17.7419024471467,-15.9450169103054,-2.72176483369726,4.7112765592488,1.07424383613568
3.41176455655544,-9.58726011774527,-17.7267501835267,-15.9618761903155,-2.72536512971357,4.64398601125938,1.00908853311417
3.82318507433778,-9.37988749881984,-17.7002619609088,-15.9754256390379,-2.73163089289645,4.57547632184271,0.940112218252112
4.2399997022235,-9.15989705676503,-17.6606156465151,-15.9831568662824,-2.73795175088753,4.50721155178476,0.867695463101382
4.66260206047721,-8.92640921394583,-17.6063447860333,-15.9829820329756,-2.74219054425656,4.44025254984355,0.792197151463026
5.09126148166493,-8.6788146275003,-17.5363751358616,-15.9732870981734,-2.74272687983034,4.37527519102437,0.713958477759291
5.52610705134271,-8.41679039441693,-17.4500444190066,-15.9529600015526,-2.73847257965527,4.3126010455715,0.633308495299004
5.96711615067774,-8.14030754878487,-17.3471074750757,-15.9213969616087,-2.72886328177192,4.25223567147053,0.550570122178844
6.41410757469212,-7.84963043318841,-17.227728325726,-15.8784895233138,-2.71382991093853,4.19391092533566,0.466065695697505
6.86673957785984,-7.54530799145231,-17.092460031182,-15.8245944026044,-2.69375322022668,4.13712876313781,0.380121368848827
7.32451335709701,-7.22815670259617,-16.9422128255082,-15.7604878539356,-2.66940434945627,4.08120485350223,0.293069851014714
7.78678251380438,-6.89923489568844,-16.7782111181894,-15.6873064663421,-2.64187444756943,4.02531095434605,0.205251204824443
8.25276880241203,-6.55980843860921,-16.6019402447627,-15.6064766816139,-2.61249675317439,3.96851536321584,0.11701161174539
8.72158410351852,-6.21130836256605,-16.4150845431964,-15.5196360630107,-2.58276500279787,3.90982097205878,0.0287002154640646
9.19225805383545,-5.85528168200156,-16.2194590976419,-15.4285500616988,-2.5542524008828,3.84820056515534,-0.0593356680551492
9.66377021000859,-5.49333735512324,-16.0169381397858,-15.3350285056404,-2.52853543588721,3.78262906261204,-0.146756530892484
10.1350851636438,-5.12708987552468,-15.809383518334,-15.2408461454602,-2.50712643386045,3.71211250085453,-0.233237285254052
10.605188736305,-4.7581032401237,-15.598576658148,-15.147671178511,-2.4914178607779,3.63571367479,-0.318473884891388
11.0731232981876,-4.3878379239382,-15.3861569495237,-15.0570047052539,-2.48264009374826,3.55257454147449,-0.402189328111509
11.5380204647222,-4.01760305892238,-15.1735687183778,-14.9701327986019,-2.48183288111854,3.46193571685657,-0.484138469979478
11.9991297990374,-3.64851529990585,-14.9620178288295,-14.8880913610195,-2.48982921645548,3.36315361999263,-0.56411117836632
12.4558426797274,-3.28146504342922,-14.7524378750805,-14.8116425684311,-2.50724911172817,3.25571602373977,-0.641933513613487
12.9077110185177,-2.91708987748651,-14.5454649401116,-14.7412605913644,-2.53449992978811,3.13925690107056,-0.717466773539924
13.3544609971152,-2.55575454482198,-14.3414192763606,-14.6771236762624,-2.57177962134878,3.01357150320417,-0.790604406889685
13.7960022684497,-2.19753637103766,-14.1402919770822,-14.6191095105811,-2.61907937738021,2.8786325260897,-0.861266938506723
14.2324331824444,-1.84221511039427,-13.9417348854428,-14.5667911671871,-2.67618279008447,2.73460803007994,-0.92939516288524
14.6640424931093,-1.48926647334828,-13.7450525291587,-14.5194316797619,-2.74265948909445,2.5818814521726,-0.994941945872197
15.0913077127161,-1.13785917941391,-13.5491957100737,-14.4759763458795,-2.81785227504276,2.42107358678766,-1.05786303370081
15.5148898287784,-0.786856159133531,-13.3527574215314,-14.4350430732297,-2.90085792683247,2.25306579934582,-1.1181073152032
15.9356236247535,-0.434821433739735,-13.1539729897651,-14.3949124660872,-2.99050308406622,2.07902298303444,-1.17560703695998
16.3545022839042,-0.0800351225505285,-12.95072752099,-14.3535206941132,-3.08531786527071,1.90041385651393,-1.23026853651924
16.7726545359745,0.279480143971744,-12.7405748908744,-14.3084595485163,-3.18351118924741,1.71902519137023,-1.28196415180411
17.1913123309148,0.645917565621453,-12.5207733696605,-14.2569892423758,-3.28295305242859,1.53696552895428,-1.3305260734585
17.6117671219215,1.02162534963356,-12.2883433634993,-14.1960703270268,-3.38117016469016,1.35665308700563,-1.3757430162384
18.035313340111,1.40902347631618,-12.0401522487601,-14.1224211564453,-3.4753620862359,1.1807821325352,-1.41736064426749
18.4631788754289,1.81049650836123,-11.7730296542527,-14.0326063971157,-3.56244499465563,1.01226249994605,-1.45508664536333
18.8964442221506,2.22826381665386,-11.483913360658,-13.9231595916922,-3.63912894722005,0.854128546945193,-1.4886011245033
19.3359544405339,2.6642326885097,-11.1700212609612,-13.7907386019513,-3.70203159068116,0.709416985058258,-1.51757252247572
19.7822308761922,3.11984461969408,-10.8290389160345,-13.63230699758,-3.74782653795441,0.581017703228638,-1.54167854233394
20.2353920782534,3.5959297484696,-10.4593061376392,-13.445327872909,-3.77341841823658,0.471507429711063,-1.56063064771782
20.6950946301574,4.09258750635886,-10.05998123261,-13.2279504864672,-3.77612990865837,0.382981742663585,-1.57419974160421
21.1605041322528,4.60911175094497,-9.631160004138,-12.9791665703287,-3.75388056722205,0.316904968012797,-1.58223992040669
21.6303036240906,5.14397491202254,-9.17392957076643,-12.6989136722564,-3.70533482575929,0.273998261472649,-1.58470698129339
22.1027416681395,5.69487812098847,-8.6903448896011,-12.3881084118137,-3.62999849295573,0.25418267174466,-1.58166883598798
22.5757162778505,6.25886433935941,-8.18332730829621,-12.048602471803,-3.52824979780619,0.25658644877667,-1.57330615008626
23.046885055246,6.83248149398695,-7.65649669772811,-11.6830661128359,-3.40130100794164,0.279615896484998,-1.5599031119522
23.5137881647679,7.4119752433984,-7.1139587252168,-11.2948151431761,-3.25109754568238,0.321079200232393,-1.54182985506074
23.9739697360516,7.99348797557787,-6.56007403107602,-10.8876046407627,-3.08017046402819,0.378345389478091,-1.51951927041767
24.4250851472444,8.57324238157635,-5.9992356728323,-10.4654149220345,-2.89146313565885,0.448517492102606,-1.4934414935617
24.8649855081977,9.14769338678698,-5.43567604017402,-10.0322524442385,-2.68815341066618,0.528600155213525,-1.4640791904003
25.2917752280481,9.71363942333114,-4.87331654269406,-9.59198204321153,-2.47348906875174,0.615646467230637,-1.43190606377468
25.7038428993053,10.2682911359221,-4.31566508823378,-9.14819937059989,-2.2506487659093,0.706874722967617,-1.39737005073513
26.0998687557012,10.8093011246506,-3.76575939939992,-8.70414533379484,-2.02263454782637,0.799751788957625,-1.36088172641003
26.4788137398547,11.3347617618327,-3.2261495559409,-8.26265907399989,-1.79219673194277,0.892044443539971,-1.32280767776942
26.8398957546979,11.843179517999,-2.69891085171807,-7.82616286283102,-1.5617882128311,0.981843119399783,-1.28346812622383
27.1825582529637,12.3334340461574,-2.18567767214956,-7.39667103634803,-1.3335431305782,1.06756392172046,-1.24313784801947
27.5064354470374,12.8047291534543,-1.68768999872924,-6.97581525423513,-1.10927411196096,1.14793499367986,-1.20204941254013
27.8113174312188,13.2565412808392,-1.20584569888637,-6.56487940203777,-0.890482533808026,1.22197270279129,-1.16039785701827
28.097117398974,13.6885694939734,-0.740753474810274,-6.16483881628391,-0.678377048019057,1.28895211957445,-1.11834606750564
28.3638424052563,14.1006896558134,-0.292782957905536,-5.77639997864062,-0.473896640002498,1.34837516386101,-1.07603031139589
28.6115683832703,14.4929143000315,0.137890228253678,-5.40003809370045,-0.277735526590034,1.39993876946994,-1.03356552000718
28.8404196828281,14.8653589068047,0.551245569788372,-5.03603103535959,-0.0903681236287626,1.44350456682494,-0.99105005295706
29.0505530879471,15.2182147017484,0.947385301775857,-4.68448896545698,0.0879269376600806,1.47907092761964,-0.948569780794759
29.2421459659619,15.5517276523495,1.32650842521801,-4.34537950497528,0.257044204502858,1.50674774086174,-0.906201399272959
29.4153882348958,15.8661831652946,1.68889059564568,-4.01854876914762,0.417030279756659,1.52673398646735,-0.864014955350291
29.5704775788709,16.1618957380553,2.03486915770427,-3.70373879561528,0.568064024609229,1.53929797809077,-0.822075605760881
29.7076173873886,16.4392027757107,2.3648324848897,-3.40060203741619,0.710437823519031,1.54476005848621,-0.780444668684568
29.8270168440483,16.6984617299885,2.67921274066636,-3.10871361916335,0.844539640668972,1.54347750111788,-0.739180056352245
29.9288926265791,16.9400497397524,2.97848119576795,-2.82758201834492,0.970835659265857,1.53583138625408,-0.698336198305915
30.0134716456541,17.1643649590966,3.2631452926376,-2.55665873606603,1.08985339522751,1.52221525148186,-0.657963577138134
30.080994310944,17.3718288378093,3.53374674287331,-2.29534740253383,1.20216529259802,1.50302535960456,-0.618108005062086
30.1317179065301,17.56288873209,3.79086006464872,-2.04301263037804,1.30837291693249,1.47865246783724,-0.578809768194525
30.1659196545157,17.7380202898152,4.03509108626273,-1.79898879234817,1.40909194191813,1.44947500837889,-0.540102753878482
30.1838991468126,17.8977291828757,4.26707506895624,-1.56258879156411,1.50493817014322,1.41585360941052,-0.502013660548936
30.1859800390244,18.0425519525472,4.48747423513208,-1.3331128158731,1.59651484113444,1.37812689730203,-0.464561370327906
30.1725107107011,18.1730556804493,4.69697454565696,-1.10985700238945,1.68440143552632,1.33660850334638,-0.427756535477749
30.1438638481672,18.2898363915945,4.89628166217415,-0.892121933122467,1.76914413194995,1.2915851958117,-0.391601408839513
30.1004349858217,18.3935161785473,5.08611608069224,-0.679220890449566,1.85124799767314,1.24331604418869,-0.356089925271763
30.0426398895967,18.4847389646847,5.2672074144779,-0.47048782283432,1.93117089945935,1.19203249990828,-0.321208018729224
29.9709109378842,18.5641650016027,5.44028785168889,-0.265285014389805,2.00931905761723,1.13793927731643,-0.286934147503278
29.8856924751712,18.6324640939083,5.60608478217499,-0.0630104799497487,2.08604409066677,1.08121590418887,-0.253239986766024
29.7874351673902,18.6903075833172,5.76531259582238,0.136894866317162,2.16164135518052,1.02201881307555,-0.220091242358649
29.6765895726592,18.7383592501362,5.9186636996845,0.334940214250348,2.23634937439766,0.960483856218529,-0.187448539126843
29.553598925207,18.7772651731287,6.06679878409334,0.531577992400911,2.31035013050775,0.896729128129986,-0.155268336288211
29.4188913202055,18.8076427326284,6.21033644186833,0.727197125597474,2.38377002239009,0.830857999478368,-0.123503827810261
29.2728714258302,18.8300689368908,6.34984228582042,0.922116456141514,2.45668131306856,0.762962278110169,-0.0921057909106511
29.1159120500002,18.845068421109,6.48581781749472,1.11657843683889,2.52910394369812,0.693125433218004,-0.0610233534860575
28.9483456616793,18.8531013678261,6.6186893241831,1.31074326704421,2.60100761353281,0.621425825718514,-0.0302046578807744
28.7704563707116,18.8545519039405,6.74879724373929,1.50468372561329,2.67231410265689,0.547939909730065,0.000402592398012447
28.5824725056575,18.8497173360253,6.87638642415082,1.69838100311676,2.74289982444398,0.472745369647818,0.030850709382232
28.3845603705404,18.8387989070413,7.00159786072235,1.89172190325773,2.81259867248946,0.39592417267113,0.0611917186501929
28.1768193797049,18.8218945280182,7.1244624385767,2.08449779098102,2.88120522402994,0.317565511348578,0.0914771693390092
27.9592790087739,18.7989940960482,7.24489726832151,2.27640567546818,2.94847840846254,0.237768615848535,0.121758039702411
27.7318979307127,18.7699779448547,7.36270515767556,2.46705178143285,3.01414575934646,0.156645411724137,0.152084716016465
27.4945654964533,18.7346187874786,7.4775776383002,2.65595787798067,3.07790835099203,0.0743229938797689,0.182507016963
27.2471058074976,18.6925874971883,7.58910187889493,2.84257053851874,3.1394465222937,-0.00905411467962809,0.213074232537444
26.9892842676885,18.6434627308386,7.69677156919503,3.02627333737341,3.1984264300022,-0.0933219548005494,0.243835142929979
26.720816602832,18.5867443490742,7.80000170321335,3.20640183684952,3.25450745017208,-0.178295409049032,0.274837983799713
26.4413800910168,18.5218702888174,7.89814691903739,3.38226101974442,3.30735037223236,-0.263766800770103,0.306130325852461
26.150626400655,18.4482361661561,7.990522738248,3.5531446013318,3.35662622937386,-0.34950484389614,0.337758838138742
25.8481957018485,18.365216946625,8.07642892550256,3.71835552256191,3.40202557614515,-0.435253970786175,0.369768914640148
25.5337312108478,18.2721895583108,8.15517386791799,3.87722672717735,3.44326789221416,-0.520734057576219,0.40220414749962
25.2068934925333,18.1685553611801,8.22609879867429,4.02914125209608,3.48011074396238,-0.605640565016375,0.435105642049677
24.8673738523632,18.0537613568753,8.28860063407342,4.17355062639676,3.51235827832338,-0.689645115957629,0.468511180120331
24.5149059840954,17.9273189140905,8.34215215063704,4.30999056959059,3.5398685546457,-0.772396533578688,0.502454245244865
24.1492754189057,17.7888191137281,8.38631843588275,4.43809312172443,3.56255924580496,-0.853522386324385,0.536962937941694
23.770326183428,17.6379438144085,8.42076864897497,4.55759444895275,3.58041121585787,-0.932631101541133,0.572058812228366
23.3779645196381,17.4744719919432,8.44528247764842,4.66833782092436,3.59346956600587,-1.00931474825178,0.607755675217972
22.9721594518425,17.298281003031,8.45975088543531,4.7702714445797,3.60184177575773,-1.0831526155642,0.644058388020161
22.5529402324994,17.1093427545668,8.4641710682838,4.86344109172278,3.60569267008806,-1.15371574838801,0.680961704161726
22.1203910362324,16.9077151571227,8.45863589585625,4.94797773148015,3.60523608459514,-1.2205726411771,0.718449179919452
21.674643114865,16.6935292488086,8.44331826249208,5.02408053322233,3.60072318042565,-1.28329629790689,0.756492172243503
21.2158649697222,16.4669727371011,8.41845107297611,5.09199584176989,3.59242753154309,-1.34147288490606,0.795048933012387
20.7442510246354,16.2282707272993,8.38430369495467,5.15199284870603,3.58062721926734,-1.39471218443038,0.834063789301687
20.2600094045823,15.9776645510273,8.34115585309906,5.20433682402896,3.56558431732087,-1.44266002710148,0.873466387749864
19.7633494077496,15.7153896268994,8.2892699995647,5.2492608619528,3.54752227880537,-1.48501281847957,0.913170968891341
19.2544693056088,15.441653340636,8.22886325992527,5.2869371880215,3.52660187871226,-1.52153418643094,0.95307563372806
18.7335450362585,15.1566138888441,8.16008006123646,5.31744913424464,3.50289649235928,-1.55207364368829,0.993061564482461
18.2007204739071,14.8603611372385,8.0829666377536,5.34076500359568,3.47636765990717,-1.57658700109013,1.03299218008254
17.6560998237993,14.5529004551805,7.9974486031358,5.35671510166376,3.44684202404845,-1.59515804144073,1.07271222523477
17.0997428041022,14.2341406047323,7.90331289211302,5.36497334913194,3.41399092498766,-1.6080207072732,1.11204683438667
16.5316631953361,13.9038867284139,7.80019541681959,5.36504497406021,3.37731410864054,-1.61558073295938,1.15080065617791
15.9518313688475,13.5618395353748,7.68757587325616,5.35626188700869,3.33612919433791,-1.61843529865871,1.18875718412142
15.3601812638201,13.2076016815108,7.56478111580035,5.33778734497322,3.28956867332443,-1.61738889943618,1.22567849410246
14.7566222168618,12.8406922619605,7.43099846765111,5.30863144239133,3.23658627339983,-1.61346327746396,1.26130564807039
14.1410557242925,12.4605699747221,7.28530004101914,5.26767865712071,3.17597439586528,-1.60789899532177,1.2953600527889
13.5133969697453,12.0666651288706,7.12667870781223,5.21372817415725,3.10639400386138,-1.60214616396157,1.32754607485622
12.8736003924152,11.6584199039207,6.95409554915765,5.14554681986133,3.02641765973759,-1.59784204719623,1.35755516345736
12.221688031157,11.2353353900713,6.766537558104,5.06193325823028,2.93458539425315,-1.5967738838725,1.38507163142349
11.5577787803922,10.7970229051549,6.56308306452705,4.96179064454941,2.82947173186257,-1.60082635328968,1.40978007857479
10.8821160797851,10.3432559778079,6.34297090629025,4.84420333575306,2.7097605906481,-1.61191464164825,1.4313742091923
10.1950912440164,9.87401857888012,6.10566812473093,4.70851186076958,2.57432318628372,-1.63190594727733,1.44956654355365
9.49725950038666,9.38954467200194,5.85093007086272,4.55437938186637,2.42229274612538,-1.66253419724714,1.4640982650272
8.78934625595983,8.8903444447467,5.57884674774845,4.38184279664987,2.25312920739225,-1.70531441667399,1.47474827248413
8.07224190104476,8.37721351444266,5.28987001873942,4.19134253567199,2.06666734909974,-1.76146414919263,1.48134044089023
7.3469847038357,7.85122312926702,4.98481812045736,3.98372711560854,1.8631431687319,-1.83183927803112,1.48374819417206
6.61473279619999,7.31369159902789,4.66485647128908,3.76023133622034,1.64319562457351,-1.91689039802172,1.48189575866112
5.87672760739651,6.76613947749018,4.33145661236114,3.52243016791822,1.40784374989126,-2.01664366470718,1.47575584948469
5.13425216816162,6.21023300583446,3.98633776190511,3.27217330184473,1.15844208705385,-2.13070720033896,1.4653439871346
4.38858822905498,5.64772158390679,3.63139736848373,3.01150744258519,0.896619813179324,-2.25830120247805,1.45071005131412
3.64097606912596,5.0803753895316,3.26863791102057,2.74259437595585,0.624210414703591,-2.39830743466858,1.43192798283476
2.89258027962563,4.50992873537604,2.90009695139372,2.46763257375939,0.343179130555916,-2.54933218704187,1.40908469832551
2.1444638431383,3.93803351562485,2.52778626081947,2.1887887911153,0.0555546958091639,-2.70977623353152,1.38226927450012
1.39757173202447,3.36622549270021,2.15364407361884,1.90814416471728,-0.236629534299338,-2.87790571509126,1.35156332558181
0.65272420397354,2.79590450984404,1.77950254254745,1.627657147305,-0.531381850265828,-3.05191898931638,1.31703328670487
-0.0893808932743498,2.22832822188648,1.40707059242651,1.34914356352111,-0.826784510600268,-3.23000596579784,1.27872507561725
-0.828158111622237,1.6646177722471,1.03793081268585,1.07427238274269,-1.12101247008679,-3.41039799463727,1.23666138441542
-1.56311837429954,1.10577302238757,0.673547862749601,0.804574549084354,-1.41234019797618,-3.59140774700842,1.19084167051423
-2.29384882065095,0.552694428882225,0.315285078672683,0.54146137085345,-1.69913922855006,-3.7714596030175,1.14124478400925
-3.01999050331392,0.00620837336881763,-0.035574509394058,0.286248460990605,-1.9798697025815,-3.9491117806816,1.08783407103585
-3.74121594503055,-0.53290737497985,-0.377806770536478,0.0401809591568716,-2.2530694944834,-4.12307183505202,1.03056471961351
-4.457208564301,-1.06390138660473,-0.71022871990069,-0.195544297292832,-2.51734462145228,-4.292207277949,0.969393044747292
-5.16764593800333,-1.58603266882426,-1.03168824888107,-0.419763838227218,-2.77136449294314,-4.45555296519784,0.904287324024288
-5.87218874282617,-2.09856395474693,-1.34106463979354,-0.631343602794243,-3.01386513393819,-4.61231662822511,0.835239686959275
-6.57047693279005,-2.60076632444998,-1.63728220690638,-0.829188831388911,-3.24366271608973,-4.76188352691828,0.762278431185059
-7.26213416656982,-3.09193618277937,-1.91933790440621,-1.01226924900347,-3.45967845721205,-4.90382068619581,0.685479997963263
-7.94678067097014,-3.57142402596694,-2.1863416729796,-1.1796589176431,-3.66097418028458,-5.03788060666899,0.604979720998931
-8.62405356232212,-4.03867240338439,-2.43756576188723,-1.33058750518453,-3.84679560959297,-5.16400371232708,0.520980396802334
-9.29363229074801,-4.49325826506058,-2.67249658899919,-1.46449680888853,-4.01661809532093,-5.28231821768084,0.433757761187712
-9.95526551372063,-4.93493287742184,-2.89088040581117,-1.58109369944625,-4.1701873210784,-5.39313563743516,0.343662126296965
-10.6087946473893,-5.3636512118282,-3.09275276505972,-1.68038889868722,-4.30754621938444,-5.49693992729728,0.251115750459123
-11.2541689693559,-5.77958270445835,-3.27844216505648,-1.76271086443317,-4.42903936613158,-5.59436835206719,0.156605961261579
-11.891447630242,-6.18309684113323,-3.4485405848931,-1.82868597129511,-4.53528785898671,-5.6861826259628,0.0606745680483581
-12.520785455735,-6.5747201683125,-3.60383784574231,-1.87918016648904,-4.62713112170426,-5.77322968714389,-0.0360954031413002
-13.1424016898584,-6.95506556760743,-3.74522217071438,-1.91520278091102,-4.70553669081836,-5.85639248011206,-0.133094248635322
-13.7565335768954,-7.32473924155421,-3.87355498681459,-1.93777920649102,-4.77148404586461,-5.93653222601765,-0.22969983818953
-14.363379189102,-7.68423483646104,-3.98953273792883,-1.94780450392432,-4.82583290190011,-6.01442460436151,-0.325290117493036
-14.9630359383132,-8.03382684598223,-4.09355143840236,-1.9458937147136,-4.8691893806928,-6.09069304673879,-0.419252754238493
-15.555442179917,-8.37347635794116,-4.18559040740596,-1.93224613931192,-4.90178460850403,-6.16574281266917,-0.510991362064017
-16.1403293981945,-8.70276148308232,-4.26513027546553,-1.90654015388906,-4.92337968318944,-6.23969985191515,-0.599928375506143
-16.7171916205608,-9.02084269717443,-4.33111739770663,-1.86787268391187,-4.933208938011,-6.31235869825561,-0.685505278855398
-17.2852772703329,-9.32647034808348,-4.38198287363109,-1.81475383702785,-4.92997052739864,-6.38314390888161,-0.767181419181874
-17.8436067699634,-9.61803805590705,-4.41571989511487,-1.74516288288454,-4.91186991574702,-6.45108981380171,-0.844432980762802
-18.3910170834829,-9.89368189659478,-4.43001832994078,-1.65666695594999,-4.87671800975122,-6.51484344770211,-0.916753811688562
-18.9262319128086,-10.1514210190444,-4.42245020883449,-1.5465984621998,-4.82208127232161,-6.57269513405047,-0.983659625981334
-19.4479535629253,-10.389330743904,-4.39069408937799,-1.41228108023531,-4.74547605336986,-6.62263993163735,-1.04469663732751
-19.954969488735,-10.6057343194315,-4.33278030088399,-1.25128758537088,-4.64459357870274,-6.66247064551631,-1.0994549159121
-20.4462637301587,-10.7993950595743,-4.24733363486763,-1.06170621236263,-4.51753616271278,-6.68989934022374,-1.14758577690372
-20.9211212646939,-10.9696875306185,-4.13378643722366,-0.842387269065695,-4.36304039644319,-6.70269959933882,-1.18882145441459
-21.3792125196942,-11.1167260770361,-3.99253490814326,-0.593140024497179,-4.18066093347673,-6.69885706183094,-1.22299442102314
-21.8206466549428,-11.2414323745245,-3.82501602468402,-0.314853125656191,-3.97089058999844,-6.67671235308276,-1.25005325113212
-22.2459858018882,-11.3455309690919,-3.63369201962778,-0.00952051290439027,-3.73519943014455,-6.63507963621874,-1.27007209344581
-22.6562179462288,-11.4314719609918,-3.42194243329141,0.319832058787651,-3.47598660734004,-6.57332642742352,-1.28325167143128
-23.0526923741047,-11.5022909239204,-3.19387758989428,0.669309940703982,-3.19645171636479,-6.49140580418838,-1.28991110318722
-23.4370269144816,-11.5614250942364,-2.95409856673748,1.03437899313055,-2.90040416285494,-6.38983941068376,-1.29047136990912
-23.8109998323153,-11.6125099475641,-2.70743473012119,1.41013045771482,-2.59203682364163,-6.26965705030313,-1.28543259096488
-24.17643974029,-11.6591802333874,-2.45868955795096,1.79154872586513,-2.2756923925537,-6.13230417491278,-1.27534802624859
-24.5351252294268,-11.7048953476148,-2.21241973143974,2.17375391106086,-1.95564759865713,-5.97953137649805,-1.26079784438204
-24.888702395715,-11.7528020109261,-1.9727634797895,2.55219962274406,-1.63593350720547,-5.81327979500126,-1.24236522784287
-25.238624482012,-11.8056397617218,-1.74332452671424,2.92281620296743,-1.32020167956802,-5.63557393939272,-1.22061657552373
-25.5861140623374,-11.8656882469216,-1.52710976705702,3.28209858307697,-1.01163810522301,-5.44842975759823,-1.1960866492352
-25.9321456269544,-11.9347508526092,-1.32651317898564,3.62714447279372,-0.712920884365583,-5.253782035012,-1.16926872254809
-26.2774447439661,-12.0141667979094,-1.14333559867309,3.95565233662873,-0.426214057383035,-5.05343196142601,-1.14060921503644
-26.6224995321771,-12.1048433157293,-0.978829431174108,4.26588990524786,-0.153188576706145,-4.8490134416954,-1.11050597996015
-26.9675802137744,-12.2073001675445,-0.833758365536325,4.55664344264468,0.104938383528348,-4.64197536492366,-1.07930930010683
-27.3127632803809,-12.3217201722684,-0.708463994025177,4.82715647012174,0.34735340594518,-4.4335765427035,-1.04732469738452
-27.657957460127,-12.4480009444738,-0.602933292984033,5.07706467743681,0.573592128132004,-4.22489002738925,-1.01481678683573
-28.0029295398595,-12.5858045683626,-0.516862858765104,5.30633182816753,0.783484256527784,-4.01681389288383,-0.982013574943246
-28.3473287325604,-12.7346031686141,-0.449717401674613,5.51518977655513,0.977101242844233,-3.81008605785521,-0.94911076613153
-28.6907088269411,-12.8937193107916,-0.400781235381323,5.70408437832465,1.15470840089668,-3.60530126532044,-0.916275788397836
-29.0325477729866,-13.062360866882,-0.369202377945503,5.87362809668699,1.31672236794803,-3.40292882343406,-0.883651369050331
-29.3722647037602,-13.2396504781146,-0.354029463148929,6.02455944086153,1.46367420636422,-3.20333013116373,-0.851358584704808
-29.7092343876863,-13.4246499511505,-0.354242012484623,6.15770890261208,1.59617803304808,-3.00677531673297,-0.819499369695827
-30.0427994815592,-13.616380203947,-0.368774813106209,6.27397085608065,1.71490483384485,-2.81345859626697,-0.788158519919469
-30.3722807547125,-13.8138373320079,-0.396537222152704,6.37428070877777,1.82056097932824,-2.6235121116837,-0.757405249373379
-30.6969856460658,-14.0160054542596,-0.436428227063177,6.45959658469616,1.9138709115951,-2.43701815461668,-0.727294376913307
-31.0162154266161,-14.2218669325599,-0.48734805138931,6.53088481650328,1.99556346049232,-2.25401976262194,-0.697867223974373
-31.3292712639312,-14.430410528861,-0.548207030446838,6.58910857899963,2.06636127109812,-2.07452973760387,-0.669152303862088
-31.6354594039006,-14.6406379766424,-0.61793239892047,6.63521905048531,2.12697285746552,-1.89853817149652,-0.641165875801891
-31.9340956643106,-14.8515693782899,-0.695473542862302,6.67014856697476,2.17808684208015,-1.72601859113313,-0.613912427908346
-32.2245094511412,-15.0622477905078,-0.779806176282105,6.6948053250865,2.22036799073621,-1.5569328522344,-0.58738514275313
-32.5060474029533,-15.271743253981,-0.869935807865069,6.71006925508683,2.25445469472319,-1.39123491576959,-0.561566385269938
-32.7780766998841,-15.4791564357114,-0.964900771407444,6.71678875621469,2.2809575948992,-1.22887364244668,-0.536428239858403
-33.039988154579,-15.6836220386326,-1.06377501101018,6.71577808250659,2.30045909300478,-1.06979474550781,-0.511933113849907
-33.29119906573,-15.8843120227547,-1.16567073199651,6.70781521064942,2.31351352844373,-0.913942032463644,-0.48803441206138
-33.5311558309528,-16.0804386496725,-1.26974096224582,6.69364008680302,2.32064783849909,-0.761258061885024,-0.464677279235759
-33.7593363260575,-16.2712573354831,-1.37518201479144,6.67395320232213,2.3223625555704,-0.611684332865115,-0.44179940081228
-33.9752519485887,-16.4560692213536,-1.48123579713466,6.64941446586999,2.31913301832208,-0.465161111883243,-0.419331846506319
-34.1784493071685,-16.6342233957751,-1.58719188759154,6.62064238409429,2.31141070618509,-0.321626992831905,-0.397199940008676
-34.3685115834082,-16.8051187182088,-1.69238928671659,6.58821358810338,2.29962463238104,-0.18101827286351,-0.375324137833266
-34.5450593848313,-16.9682050928768,-1.79621773892243,6.55266270953365,2.28418273554384,-0.0432682116503059,-0.353620898824536
-34.7077511704909,-17.1229841754727,-1.89811853752874,6.51448266033697,2.26547324360576,0.0916937678869763,-0.332003531227881
-34.8562832521808,-17.2690094686959,-1.99758473750132,6.47412534765555,2.24386599110474,0.223942894208398,-0.310383006150944
-34.9903891998725,-17.4058856893354,-2.09416070833844,6.43200281257115,2.21971367091102,0.353559844298732,-0.288668728442671
-35.1098388820243,-17.533267502641,-2.18744100250029,6.38848884489826,2.19335303714842,0.480631502635808,-0.266769263775354
-35.2144370139363,-17.650857557562,-2.2770685159817,6.34392104759731,2.16510606174976,0.605251670422039,-0.244593021168398
-35.3040212627785,-17.7584038557733,-2.3627319462271,6.29860334756874,2.13528106725785,0.727521722306099,-0.222048895543143
-35.3784600252217,-17.8556965326202,-2.44416257408273,6.25280895383818,2.1041738711412,0.847551217567747,-0.199046878257483
-35.4376498466198,-17.9425640633034,-2.52113040048537,6.20678373287489,2.07206897674475,0.96545847695675,-0.175498644827815
-35.4815125358972,-18.0188689568211,-2.59343968426945,6.16074998398091,2.03924086030672,1.08137114248387,-0.151318131213127
-35.5099920520136,-18.0845030165402,-2.66092393759282,6.11491060035215,2.00595541318417,1.19542674214198,-0.126422110573786
-35.5230512650415,-18.139382264854,-2.72344044541289,6.06945360484568,1.97247160714069,1.30777328523628,-0.100730781795393
-35.5206685007369,-18.1834415351222,-2.78086436905923,6.02455701350042,1.93904344481737,1.41856990753457,-0.074168378705403
-35.5028340577234,-18.2166288828661,-2.83308252578685,5.9803940217825,1.90592227493054,1.52798759245964,-0.0466638072075586
-35.4695466694053,-18.2388998661308,-2.87998693509543,5.93713845922067,1.87335953597881,1.63620998268883,-0.0181513128743358
-35.4208100695419,-18.2502118523031,-2.92146825819943,5.89497047036401,1.84160999196047,1.74343429628416,0.0114288228953698
-35.3566295576648,-18.2505183890028,-2.95740926328786,5.85408230794329,1.81093549069298,1.84987233875071,0.0421295658841588
-35.2770088655507,-18.2397639041763,-2.98767851653263,5.81468415439466,1.78160926737464,1.95575160675591,0.0739964048036054
-35.1819472463829,-18.217878827049,-3.01212450740641,5.77700977869303,1.75392075600129,2.06131644349297,0.10706663962904
-35.0714369686971,-18.1847753794438,-3.03057048171824,5.74132182553326,1.72818083298779,2.16682919660926,0.141368707843605
-34.945461328669,-18.140344274913,-3.04281029365656,5.70791646514654,1.7047273513215,2.27257130212492,0.176921578323902
-34.8039933576537,-18.0844526162497,-3.04860563304799,5.67712708501098,1.68393075545809,2.37884419492052,0.213734245180284
-34.6469952746851,-18.0169432303253,-3.04768500340703,5.64932663164237,1.66619948429659,2.48596990972171,0.251805352664762
-34.4744189795037,-17.9376358129741,-3.03974486485181,5.6249282086288,1.65198480345973,2.5942912239379,0.291122979354543
-34.2862075698972,-17.8463300898393,-3.02445332772063,5.60438345990211,1.64178461933854,2.70417114429899,0.33166459953444
-34.0822982040674,-17.7428113581492,-3.00145679212444,5.58817831438725,1.63614577854821,2.81599153639961,0.373397228970555
-33.8626262407735,-17.6268585446473,-2.97038985392321,5.57682561841022,1.63566428711854,2.93015064258514,0.416277741594238
-33.6271309134978,-17.4982550465355,-2.93088876954699,5.5708542670877,1.64098286409938,3.04705923526903,0.460253324797546
-33.3757625099659,-17.3568024308642,-2.88260867818073,5.57079444739121,1.65278521299675,3.16713510849513,0.505262013773403
-33.1084911092174,-17.2023370656261,-2.82524471453649,5.57715867474225,1.67178639425934,3.29079559434345,0.551233219709064
-32.8253169406942,-17.034749720262,-2.75855707630888,5.59041836503838,1.69871868842195,3.41844776954027,0.598088141187876
-32.5262823184847,-16.8540080784429,-2.68240003764782,5.61097571944374,1.73431234356197,3.55047598265521,0.645739922939984
-32.2114851083329,-16.6601820760744,-2.59675484419348,5.63913074834951,1.77927060890373,3.68722630693837,0.694093406484982
-31.8810937338636,-16.4534719691124,-2.50176637004233,5.67504332069313,1.83423846615793,3.82898750964744,0.743044305371409
-31.5353636830742,-16.2342389645838,-2.3977833299295,5.718690192115,1.89976448368338,3.97596812217076,0.792477633479271
-31.1746553259255,-16.0030380895066,-2.28540168739866,5.76981707238187,1.97625525634777,4.12826921109323,0.842265219896305
-30.7994529057749,-15.760652856261,-2.16551065653947,5.82788604906566,2.06392201547828,4.28585255790978,0.892262170280364
-30.4103843408163,-15.5081309239168,-2.03934025737914,5.89201908339342,2.16271923954393,4.44850414463463,0.94230217857926
-30.0082411873073,-15.2468194265845,-1.90850869809079,5.9609389662855,2.27227557132037,4.61579319825536,0.992191667936135
-29.5939977511613,-14.9783978886031,-1.77506684262297,6.03291016955312,2.39181817169007,4.78702764389964,1.04170285825734
-29.1688276805443,-14.7049055377091,-1.64153561040996,6.10568350278853,2.52009293614658,4.9612077052888,1.09056602825216
-28.7341158344756,-14.4287585717916,-1.51093037126708,6.17645051525821,2.6552849236705,5.13698070104377,1.13846148845702
-28.2914621310877,-14.1527512615179,-1.38676431260571,6.24181595967861,2.79494590858205,5.31260172376243,1.1850120905883
-27.8426733140416,-13.8800333051888,-1.27302072536554,6.29779925174458,2.93593913021635,5.48590688559011,1.22977748061122
-27.3897379569789,-13.6140548279025,-1.17408273200687,6.33987808293292,3.07441469421163,5.65430784257176,1.27225170090365
-26.9347798253956,-13.3584704748334,-1.09460906589884,6.36308821406021,3.20583188521544,5.81481781504402,1.31186606060065
-26.4799857397034,-13.1169962245043,-1.03934727718731,6.36219177676081,3.32504565453221,5.96411953809586,1.34799928387825
-26.0275065704072,-12.8932175604414,-1.01288229529892,6.3319206921265,3.42647208436257,6.09868343338112,1.37999660819597
-25.5793340882517,-12.6903558152162,-1.01932915195798,6.26729110579862,3.50434008503097,6.21493882741658,1.40719854584269
-25.1371623512695,-12.5110104550754,-1.06199305444112,6.16396953205438,3.55302329340914,6.30949208775134,1.4289783998653
-24.7022483735288,-12.3569063093087,-1.1430350430324,6.01865404312428,3.56742821957953,6.3793739646299,1.44478547712533
-24.2752916251085,-12.2286829251435,-1.26319243172096,5.82941930428142,3.54339601319476,6.42228700350233,1.45418878488352
-23.8563531848346,-12.1257642609793,-1.42160472425147,5.59596860301003,3.47806182818673,6.43681658272482,1.45691457778143
-23.4448312808376,-12.0463380373932,-1.61578414407284,5.31974397066632,3.37011385887746,6.42256968104716,1.45287115736524
-23.0395008946413,-11.9874560137376,-1.8417461037722,5.00386767550276,3.21990709116257,6.38021563662211,1.44215616656921
-22.6386132749898,-11.9452437754705,-2.09428482793692,4.65291963957514,3.02941263819625,6.31142102171193,1.42504492030745
-22.2400398822208,-11.9151880593529,-2.36735208915181,4.27258626268598,2.80201478615925,6.21869102612355,1.40196206823479
-21.8414383756553,-11.8924577397326,-2.65448102202098,3.86923728377456,2.54219492076038,6.10514621978703,1.37344192797419
-21.4404169888507,-11.8722139253678,-2.94919602784688,3.44949310668266,2.25515660854675,5.97427152034909,1.34008425969596
-21.0346779868496,-11.8498739514938,-3.24536198022841,3.01983616616762,1.94644681405505,5.82967273283708,1.30251192378516
-20.6221281282913,-11.8213086292622,-3.53744529891384,2.58630168845398,1.62161724729043,5.6748673471263,1.26133519578213
-20.2009519835798,-11.7829671186408,-3.82067929539895,2.15426268468387,1.28595297396954,5.51312453319841,1.21712530536577
-19.7696502695447,-11.731935405537,-4.09114161893081,1.72830673853484,0.944278436852247,5.34735813182394,1.17039770433945
-19.3270492466804,-11.6659411607311,-4.34576067443636,1.3121909142098,0.600837793961914,5.1800682282616,1.12160407909394
-18.8722887409853,-11.5833200631199,-4.58227097510992,0.908856071238744,0.259238399595557,5.0133222797036,1.07113131335318
-18.4047962748089,-11.4829578774383,-4.79913628717307,0.520481607103558,-0.0775570835567039,4.84876529582134,1.0193053802325
-17.9242534442961,-11.3642199017169,-4.99545598018959,0.148564215708263,-0.407204392942637,4.68764913432765,0.966398279240589
-17.430559249228,-11.2268763570129,-5.17086590230053,-0.205991977503683,-0.727929636250757,4.53087271864391,0.912636478098881
-16.9237935521778,-11.0710293762979,-5.32544126020112,-0.542782744147952,-1.03846920609318,4.37902703099007,0.858209706167028
-16.4041825571725,-10.8970448893254,-5.45960589057799,-0.861814154169188,-1.33800457372511,4.23244065146251,0.803279303014434
-15.8720673619799,-10.7054910782721,-5.57405012615351,-1.16341922366338,-1.6260965700138,4.09122321727166,0.747985624139258
-15.3278759828846,-10.4970839714594,-5.66965802853005,-1.44818232775975,-1.90262199050167,3.95530534243304,0.692454226390177
-14.7720988761554,-10.2726401203713,-5.74744395240993,-1.71687188381949,-2.16771413052396,3.8244743431138,0.636800716492468
-14.2052678798848,-10.0330360765474,-5.80849806745812,-1.97038128505527,-2.42170809219574,3.69840564431255,0.581134263206797
-13.6279383247022,-9.77917423008107,-5.85394032400308,-2.20967783779198,-2.665091256169,3.57669000368399,0.525559847238604
-13.0406741840819,-9.51195468236815,-5.8848824330157,-2.43575943102924,-2.89845911854244,3.4588568606211,0.470179383158822
-12.4440360465418,-9.23225280602485,-5.90239746442254,-2.64961868976501,-3.12247659449429,3.34439413534345,0.415091879697055
-11.8385718279129,-8.94090227156608,-5.90749677399736,-2.85221442138865,-3.33784488501985,3.23276482854669,0.360392832767826
-11.2248100658832,-8.63868326924525,-5.90111393957291,-3.0444501529524,-3.54527396267824,3.12342072293662,0.306173053547615
-10.6032556766754,-8.32631565574331,-5.8840953553803,-3.22715951209657,-3.74546069075001,3.0158134709434,0.252517136324276
-9.97438803960114,-8.00445669789564,-5.85719704077361,-3.40109810653218,-3.93907250875089,2.90940333298895,0.199501760921948
-9.33866117147348,-7.67370294464679,-5.82108705378612,-3.56694139929571,-4.12673647310276,2.80366579770213,0.147194003548577
-8.69650578288633,-7.33459572131945,-5.77635280612407,-3.72528794906875,-4.30903332568924,2.6980963310115,0.0956498052984713
-8.04833288206904,-6.98762958931519,-5.72351241140136,-3.87666721915233,-4.48649608651785,2.59221347526771,0.0449127139632485
-7.39453862331584,-6.633263108318,-5.66302915936569,-4.02155107781133,-4.65961256776412,2.48556054014167,-0.00498701768100506
-6.73551002333246,-6.27193116788527,-5.59532814437717,-4.16036803385374,-4.82883108873871,2.37770610994144,-0.0540329284044303
-6.0716311870777,-5.90405818285533,-5.52081410951449,-4.29351925323257,-4.99456863037045,2.26824359535356,-0.102222421518251
-5.40328968942212,-5.53007148253536,-5.43988962723778,-4.42139544204471,-5.15722066002496,2.15679004837109,-0.14956642279738
-4.73088276949548,-5.15041427482903,-5.35297282049886,-4.54439375117741,-5.31717188174528,2.04298444342797,-0.196088653054353
-4.05482303755819,-4.76555765419263,-5.26051394971332,-4.66293396793257,-5.47480724173607,1.92648561877122,-0.241824561135648
-3.37554342423076,-4.37601119833981,-5.16301030237744,-4.77747337010544,-5.630522602629,1.80697005646207,-0.286819973968352
-2.69350113281847,-3.98233176816147,-5.06101892025109,-4.88851971949015,-5.78473458537301,1.68412966375546,-0.331129525761108
-2.00918040497423,-3.58513021124012,-4.95516681071699,-4.99664198801907,-5.93788919275132,1.55766971649091,-0.374814931201478
-1.32309392720276,-3.18507570599663,-4.84615833679488,-5.10247846762548,-6.09046888591183,1.42730711104466,-0.417943164325638
-0.635782748690365,-2.782897546218,-4.73477955284729,-5.20674199422893,-6.24299787599703,1.29276907822109,-0.460584600525668
0.0521853969126642,-2.37938419805751,-4.62189928642424,-5.31022205795018,-6.39604544367565,1.15379251559262,-0.502811171222576
0.740219448323925,-1.97537947785921,-4.50846676555198,-5.41378357150779,-6.55022710031575,1.01012409820057,-0.544694567280858
1.42771010878192,-1.57177574676081,-4.39550564768306,-5.51836213200975,-6.70620347926434,0.861521353661916,-0.586304517987054
2.11403670804923,-1.16950400970349,-4.28410425878289,-5.62495555306579,-6.86467676953298,0.707754891271909,-0.627707150736481
2.79857585403136,-0.769520842716829,-4.17540189545444,-5.73461149012945,-7.02638454863013,0.548612006757259,-0.668963423215687
3.48071187117769,-0.372792070037612,-4.07057100598819,-5.84841092915231,-7.19209079165688,0.383901899606558,-0.710127596346184
4.15984902115221,0.0197268767690004,-3.97079507456899,-5.96744731213705,-7.36257381983159,0.21346276708824,-0.751245698609472
4.83542547826894,0.407113991154536,-3.8772419901419,-6.09280100962792,-7.53861085468332,0.0371710573417035,-0.792353908537461
5.50692905146597,0.788507195410795,-3.79103267790187,-6.22550884566028,-7.72095882002225,-0.145046817816316,-0.833476767758487
6.1739146088515,1.16313440402557,-3.71320471114637,-6.36652829422564,-7.91033090746486,-0.333200007961204,-0.874625116015572
6.83602318229227,1.5303472361914,-3.64467062559224,-6.51669597654262,-8.10736840861932,-0.527215701252927,-0.915793634781705
7.4930026549636,1.88965843004931,-3.586170638381,-6.67668004392904,-8.31260721992148,-0.726918321501971,-0.956957878024791
8.14472989876912,2.2407829277645,-3.53821957036424,-6.84692614074385,-8.52643848680887,-0.932005324915232,-0.998070683811604
8.79123406453473,2.58368240312821,-3.50104794727064,-7.02759681122466,-8.74906292933933,-1.14201967285947,-1.03905788408714
9.43272050293966,2.91861265515686,-3.47453764346263,-7.21850461819805,-8.98043866630625,-1.35631937730937,-1.07981328266217
10.0695944574028,3.24617272633192,-3.45815310466694,-7.4190399506807,-9.22022287700984,-1.57404500624273,-1.12019295903968
10.7024831217438,3.56735373177115,-3.45087022101984,-7.62809556854857,-9.46770844015705,-1.79408673052138,-1.16000908053846
11.3322540115967,3.88358419408462,-3.45110645868768,-7.84399156585607,-9.72175798847053,-2.01505343920303,-1.19902359123985
11.9600267253481,4.19676711382003,-3.45665788821852,-8.06440657006241,-9.98073954189206,-2.23524762163112,-1.23694238057184
12.5871742903662,4.50930220349115,-3.46465125455885,-8.2863236783615,-10.2424701519772,-2.45265105357748,-1.27341082432653
13.2153094264228,4.82408487113199,-3.47152191211627,-8.50600249958384,-10.5041765118478,-2.66492761098323,-1.30801189054026
13.8462506325274,5.14447217173807,-3.47303078641032,-8.71899124093754,-10.7624839592101,-2.86945042910705,-1.34026826228827
14.4819633365601,5.47420573791035,-3.46433459291367,-8.9201940476378,-11.0134469156734,-3.06336057627623,-1.36965003677603
15.1244729352881,5.81728356098523,-3.44012214604977,-9.10400751207644,-11.2526335394096,-3.24366277065966,-1.3955893819075
15.7757497604903,6.17777726073531,-3.3948244754237,-9.26453506889901,-11.4752740312223,-3.40735984881241,-1.41750292903391
16.4375709277978,6.5595995418371,-3.32289688347421,-9.39587806561531,-11.6764747821928,-3.55162151693114,-1.4348215824115
17.11137001142,6.9662372115214,-3.21915746831624,-9.49248801773953,-11.8514893832636,-3.67397496026822,-1.44702589415781
17.7980912625602,7.4004763939231,-3.07915130397336,-9.54954831404912,-11.996024086956,-3.7724968048035,-1.45368347537452
18.4980687129663,7.86415509615585,-2.89949654613839,-9.56333974702558,-12.1065429281657,-3.84598023759982,-1.45448357259022
19.210950092436,8.35798042306767,-2.67816313472437,-9.53153791987776,-12.180530674733,-3.89405043322607,-1.44926348683589
19.9356801451678,8.88144117245339,-2.41464018022884,-9.45339581720867,-12.2166737324359,-3.91720733863311,-1.43802233320318
20.6705483048107,9.43283167541211,-2.10996485455115,-9.32978204049156,-12.2149310214377,-3.9167866646693,-1.42091969289146
21.4132944242904,10.0093832981927,-1.76660977449646,-9.16307049195947,-12.1764861709608,-3.89484465363275,-1.39825949582114
22.1612564394882,10.6074815067175,-1.38825053186762,-8.95690331622639,-12.1035935075824,-3.85398550685549,-1.37046215064371
22.9115382188126,11.2229340268915,-0.979453176282598,-8.71586826492016,-11.9993471495678,-3.79715850952042,-1.33802973436895
23.6611756138171,11.8512521656222,-0.545328873248966,-8.44513983433111,-11.8674109896313,-3.72745321144715,-1.30150956616035
24.4072829111975,12.4879121407337,-0.091199498387045,-8.15013021951953,-11.7117465605563,-3.64791626903116,-1.26146078756764
25.1471684339937,13.1285732765057,0.377693158737838,-7.83618466066779,-11.5363679395937,-3.56140522383839,-1.21842709742251
25.8784150696903,13.7692415697996,0.856415999849296,-7.50834107494556,-11.3451418057163,-3.47048553434836,-1.17291711639953
26.5989270487303,14.4063772212576,1.34050553598115,-7.17116008864854,-11.1416398003815,-3.37736972533171,-1.12539240548825
27.3069477853585,15.0369517201739,1.82606530655204,-6.82862131465519,-10.9290417743363,-3.28389264663061,-1.07626217208928
28.0010552869071,15.6584638405972,2.30980963112552,-6.48407574030302,-10.7100832233576,-3.1915145878338,-1.02588320271567
28.6801416798122,16.2689248854006,2.78906565797557,-6.14024175912355,-10.487037818566,-3.10134374646294,-0.974563448857337
29.3433824599882,16.8668226699438,3.26174534791412,-5.79923262801033,-10.2617256885511,-3.01417054029913,-0.922567828081037
29.9901999949749,17.4510721384826,3.72629737560394,-5.46260487983863,-10.0355392505574,-2.93050784009225,-0.870125068597023
30.620224626827,18.0209586427976,4.18164679231886,-5.13141947325179,-9.80948005140064,-2.8506328536097,-0.817434716559937
31.2332554897127,18.5760780830479,4.62712819566333,-4.8063096155026,-9.58420173152521,-2.77462783180704,-0.764673686594748
31.8292225880054,19.1162768767001,5.06241645997283,-4.48755106180549,-9.36005580325732,-2.70241794154911,-0.712001964155232
32.4081510242312,19.6415936885745,5.48745780546105,-4.17513202318486,-9.13713805694178,-2.6338054662271,-0.659567236591695
32.9701280091843,20.1522042837479,5.90240316020288,-3.86882072801931,-8.91533424361666,-2.56850005009877,-0.607508361116096
33.5152731287595,20.6483705313345,6.30754528267064,-3.56822921968022,-8.69436418976676,-2.50614503011557,-0.555957674026634
34.043712217217,21.1303943880158,6.70326084693088,-3.27287225119987,-8.47382375236652,-2.44634006420631,-0.505042216078899
34.5555552304556,21.598577651334,7.08995857289222,-2.98222029069228,-8.25322414774166,-2.38866033666787,-0.454884003253771
35.0508783532352,22.0531881182419,7.46803435658145,-2.69574573684603,-8.03202817077854,-2.33267261787657,-0.405599507906165
35.5297105856159,22.4944327103203,7.83783422661295,-2.41296157770909,-7.80968282856124,-2.27794843990125,-0.357298540789146
35.9920249036907,22.9224379119512,8.19962572626929,-2.13345191390297,-7.58564790636886,-2.2240746191229,-0.310082734269547
36.4377338562724,23.3372375553456,8.55357799758797,-1.85689403532122,-7.35942001830517,-2.17066133178717,-0.264043823656451
36.8666893985851,23.7387677516108,8.8997504993282,-1.58307208735788,-7.13055183043509,-2.11734794855395,-0.219261909690737
37.278686421661,24.1268683423104,9.23808985605956,-1.31188272460274,-6.89866627347548,-2.06380682933056,-0.175803858119403
37.6734694867796,24.5012900854942,9.56843400625765,-1.04333352134353,-6.66346580307547,-2.00974530614627,-0.133721960458676
38.0507419644906,24.8617064352234,9.89052245795778,-0.777535204995211,-6.42473693682196,-1.95490608747182,-0.0930529411078719
38.4101767597125,25.2077286575931,10.204011253413,-0.514689001558332,-6.18235050331629,-1.89906633513434,-0.0538173589769346
38.7514279879009,25.5389231050613,10.5084911955077,-0.255070494871742,-5.9362582263454,-1.84203568147565,-0.0160194175150804
39.0741427522316,25.8548293502393,10.8035078411799,0.00098860776424986,-5.68648632519891,-1.78365343745105,0.0203528327624603
39.3779725103223,26.1549781733544,11.0885819557504,0.25311950987484,-5.43312689711446,-1.72378524092078,0.0553269362378779
39.6625834840098,26.4389084849833,11.3632292841086,0.500935050521232,-5.1763278092712,-1.66231936300528,0.0889451700216074
39.9276658724689,26.7061826006246,11.626978793708,0.744047241729921,-4.91628179099768,-1.59916286739542,0.121263436079206
40.1729415328341,26.9563993579675,11.8793887477215,0.982082991164153,-4.65321528946046,-1.53423777281649,0.15234996677095
40.3981702643633,27.1892050134311,12.1200603259722,1.21469763398806,-4.38737758082523,-1.46747734773675,0.18228390028495
40.6031545449064,27.4043017771342,12.3486486278227,1.4415861131895,-4.11903045739612,-1.39882261673101,0.211153775194327
40.7877429865514,27.6014542167849,12.5648711769499,1.6624918375652,-3.84843873549387,-1.32821914144424,0.23905598663059
40.9518325804454,27.7804936956162,12.7685141127321,1.87721337968985,-3.57586169685542,-1.25561410472922,0.26609323760489
41.0953699804172,27.9413211725261,12.9594363886069,2.0856092748293,-3.30154550881716,-1.18095371287681,0.292373012024714
41.2183520063338,28.0839086669844,13.1375723220665,2.28760123289257,-3.02571659710174,-1.10418091444895,0.318006089011454
41.3208255332796,28.2082996836855,13.3029328494342,2.48317609315774,-2.74857590308947,-1.02523342583473,0.343105112603631
41.4028870264445,28.3146089449327,13.4556058578933,2.67238684929019,-2.47029394198784,-0.944042052645271,0.367783227729687
41.4646816924005,28.4030215606913,13.5957558457656,2.85535302773664,-2.19100655328619,-0.860529289308438,0.392152788274727
41.5064025531688,28.4737919682533,13.7236232292265,3.03226068161602,-1.91081126560831,-0.774608191466607,0.416324144072004
41.5282892988136,28.5272426349087,13.8395234197058,3.2033621845385,-1.62976418884748,-0.68618151168417,0.440404508757376
41.5306271442737,28.5637627383111,13.9438458656805,3.36897598017426,-1.34787739278954,-0.595141105460834,0.464496913244138
41.5137455442431,28.5838067528607,14.0370530786364,3.52948636312509,-1.06511674252255,-0.501367616939488,0.488699245704417
41.4780168081061,28.5878929691251,14.1196796743744,3.68534332642434,-0.781400203143202,-0.404730468670728,0.513103380334798
41.4238545719885,28.5766018868667,14.1923313850553,3.83706245384939,-0.496596655304541,-0.305088190066216,0.537794395721354
41.3517118945036,28.5505742648195,14.2556838870252,3.98522476844741,-0.210525295088896,-0.202289130863734,0.562849879903918
41.2620791571523,28.5105088725695,14.3104813893718,4.13047644006984,0.0770442688658379,-0.0961726231925145,0.588339322573888
41.1554813852919,28.4571595791239,14.3575346964068,4.27352815895978,0.366391083648562,0.0134293344439985,0.614323584867865
41.0324749642212,28.3913316410987,14.3977185436769,4.41515397202869,0.657840910189742,0.126689779261869,0.640854437851921
40.8936435885598,28.3138769426117,14.4319679270158,4.55618932456133,0.951763066566965,0.243783765726046,0.667974154219548
40.7395934847606,28.2256880634907,14.4612731836807,4.69752803165162,1.24856582680622,0.36488450517597,0.695715135207109
40.570947364363,28.1276906355513,14.4866733485369,4.8401177973194,1.54869010287175,0.490158523009689,0.724099538505334
40.3883373466068,28.0208339743085,14.5092475525516,4.98495394161896,1.85260112440098,0.619759680957675,0.753138877896731
40.1923965711583,27.9060796028366,14.5301040179475,5.13307089434245,2.16077779422529,0.753821896789022,0.782833549311355
39.9837492417126,27.7843872860922,14.5503661776616,5.28553096401757,2.47369936601527,0.892450380905568,0.81317222968612
39.7629992696641,27.6566984805898,14.571155569302,5.44340989435482,2.79182909214146,1.03571121305755,0.844131096002817
39.5307170147785,27.5239166294757,14.5935708805118,5.60777858297409,3.11559444105259,1.18361907601247,0.87567279290678
39.2874244170345,27.3868842842761,14.6186627884284,5.77968039493701,3.44536353511053,1.33612300240724,0.907745090109945
39.0335783153605,27.2463566977921,14.6474040483892,5.9601034087916,3.781417466402,1.49309003036818,0.94027916229511
38.7695517847296,27.1029715857632,14.6806543194203,6.14994693138534,4.12391822046542,1.65428674578991,0.973187431663474
38.4956141335542,26.9572153826716,14.7191195920544,6.34998179570307,4.47287216614679,1.819358858684,1.00636094986156
38.2119092530978,26.8093857676729,14.7633058854969,6.5608039575901,4.82808923039291,1.98780913567954,1.03966630324057
37.9184334267202,26.6595514121253,14.8134676945612,6.78278141160593,5.18913841336667,2.15897436998803,1.07294210743939
37.6150129844537,26.5075096822868,14.8695518456504,7.01599481318231,5.55530079368082,2.33200245111247,1.10599520753769
37.301283535881,26.3527443866964,14.931138613492,7.26017316471209,5.92552212581266,2.50583119475189,1.13859682940954
36.9766723389128,26.1943860916322,14.9973828270341,7.51462696347767,6.29836813492121,2.67917122839083,1.17047904283541
36.640386439057,26.0311789818464,15.0669593358174,7.77818282332259,6.67198699121106,2.85049599873186,1.2013320685243
36.2914096339635,25.8614593373891,15.1380188314938,8.04912540520694,7.04408484738963,3.01804267479065,1.230803123423
35.9285119208356,25.6831519168519,15.2081617987297,8.32515452390755,7.41192165133538,3.17982824458756,1.25849764891942
35.5502749375237,25.4937910389349,15.2744396344539,8.60336703439191,7.77233519434259,3.33368513292728,1.28398383329891
35.1551368538693,25.2905732687941,15.3333926209811,8.88027421637617,8.12180121003212,3.47731997535128,1.30680129592786
34.7414584699701,25.0704467847758,15.3811331694805,9.15186480959345,8.45653542992219,3.60839734105316,1.32647452719924
34.3076098967301,24.8302391134779,15.4134793815088,9.41372108403878,8.77263956300366,3.72464712505871,1.34253116237801
33.8520741310281,24.5668198566184,15.4261381839479,9.66118988680105,9.06628713938309,3.82399017750591,1.35452441313538
33.3735594642874,24.2772880373451,15.4149289711272,9.88960236971351,9.33393738068445,3.90467199044553,1.36205803787603
32.8711095377319,23.9591672491334,15.3760298981387,10.0945266551973,9.57255760006726,3.96539018015832,1.36481136070276
32.344197235063,23.6105863967815,15.3062210669501,10.272028678947,9.77982874811294,4.00539924626441,1.3625612438199
31.7927894782877,23.2304228130582,15.2030952404017,10.4189110799921,9.95430732461588,4.02457706120416,1.3551979150434
31.2173724165539,22.8183873622459,15.0652082084497,10.5328998411418,10.095520652261,4.02344190439929,1.3427321848759
30.6189329602543,22.3750397331836,14.8921492335343,10.6127551268594,10.2039820577608,4.00311628168628,1.32529289815266
29.9988987292407,21.9017324839319,14.684524059313,10.6582942533029,10.2811248574376,3.96524215679479,1.30311502544922
29.3590453962329,21.4004938597177,14.4438569996324,10.6703289160421,10.3291668660965,3.91185973291664,1.27652031337108
28.7013839198532,20.8738672675848,14.1724298531924,10.6505311946349,10.3509264037861,3.8452663770914,1.24589338672243
28.0280421435714,20.3247297484571,13.8730825266753,10.6012514409696,10.3496153646143,3.76787320619167,1.21165654443269
27.3411531643957,19.7561106561948,13.5490011546673,10.525313731074,10.3286336983646,3.68207426298886,1.17424612684905
26.6427598724443,19.1710277628574,13.2035161441349,10.4258124235249,10.2913847173472,3.59013863240303,1.1340925612903
25.9347408765651,18.572351891605,12.8399261581032,10.3059277347123,10.2411235425618,3.49413058304598,1.09160523081587
25.218759420991,17.962705187034,12.4613570258295,10.1687714490748,10.1808439927677,3.3958582000249,1.0471624329295
24.4962338233768,17.3443929756253,12.0706581886823,10.017267381913,10.1132033990379,3.29684760963059,1.00110601941968
23.7683265327421,16.7193660210721,11.6703348592331,9.85406637401996,10.0404811381704,3.19833807367896,0.953739921002752
23.0359479766058,16.0892080827139,11.2625112476147,9.68149233905118,9.96456467319667,3.10129260182342,0.905331588746844
22.2997713694593,15.4551432073364,10.8489190713977,9.50151432005542,9.88695644110311,3.0064190142995,0.856115394917177
21.5602552691736,14.8180576604407,10.4309056374636,9.3157392384359,9.80879552466438,2.91419719256734,0.806297156779597
20.8176710807185,14.178532033506,10.0094563197293,9.12542034607012,9.73088896973569,2.82490919252262,0.756059097990456
20.072133357104,13.5368799765597,9.5852271758142,8.93147718399045,9.65374877030611,2.73866984151187,0.705564730146311
19.3236314368376,12.8931909305052,9.15858443486478,8.73452379181849,9.57763169012809,2.65545626883045,0.654963294515419
18.5720611354496,12.2473747308543,8.72964825493861,8.53490259931178,9.50257986507237,2.57513541696384,0.604393523634734
17.8172555495597,11.5992064618855,8.29833875759397,8.33272207152438,9.42846081140098,2.49748904217696,0.553986589506943
17.0590142217249,10.9483702437856,7.86442273477196,8.12789660601339,9.35500591511451,2.42223601558775,0.503868188674264
16.2971299544762,10.2945007625633,7.42755961250646,7.92018739587871,9.28184671324454,2.34905190850249,0.454159777934641
15.5314125876557,9.63722142664931,6.98734535155166,7.70924306357411,9.20854839535488,2.27758593613647,0.404979025089049
14.7617092249452,8.97617818633365,6.54335308419879,7.49463895782579,9.13464008261453,2.20747539086407,0.356439581938089
13.9879203671472,8.31106809132255,6.09516931473643,7.2759139654335,9.05964141646597,2.1383576900921,0.30865031170939
13.2100116671138,7.64166191355413,5.64242470413809,7.05260379876594,8.98308511512964,2.06988018208029,0.261714124201359
12.4280211149429,6.96782035433908,5.18481863499816,6.82426978864765,8.9045351902184,2.00170784019255,0.215726576127127
11.6420617691863,6.28950371356148,4.72213708304739,6.59052245123578,8.82360070481387,1.93352899717338,0.170774391949267
10.8523202993297,5.60677518870752,4.25426363374885,6.35103931910525,8.73994506655189,1.86505927304996,0.126934044197607
10.0590518368092,4.9197983163181,3.78118385947073,6.10557684663593,8.65329104032164,1.79604387238398,0.0842705102948058
9.26257185766543,4.2288293843728,3.30298364195505,5.85397655900521,8.56342188942217,1.72625845666874,0.0428362948932001
8.46324582463015,3.53420580514722,2.81984227535378,5.59616585635,8.47017911851721,1.65550879566458,0.00267077401932448
7.6614774616136,2.83633161230963,2.3320214318005,5.33215419887306,8.37345748807794,1.58362942957076,-0.0362001123554604
6.85769644122016,2.13566123761258,1.83985115365395,5.06202553538526,8.27319796971148,1.51048156203024,-0.0737638214351981
6.05234621560094,1.43268267178972,1.34371405546724,4.78592795011902,8.16937934552011,1.43595040076324,-0.110020847121824
5.24587260020198,0.727900972939131,0.844028835751942,4.50406151634518,8.0620091229273,1.35994214633491,-0.144984079906065
4.43871353277393,0.0218228876137387,0.341234039396253,4.21666525077747,7.9511143047595,1.2823807959265,-0.178677938978532
3.63129033274955,-0.685056852458601,-0.164227171343355,3.92400399203807,7.83673253512154,1.20320491545339,-0.21113733416487
2.82400056997022,-1.39226721883516,-0.671920703066229,3.62635581376322,7.71890392027711,1.12236448549669,-0.242406513302794
2.01721257959938,-2.0993704145557,-1.18143334312724,3.32400046758051,7.59766380645509,1.03981791422379,-0.272537848322759
1.21126151681629,-2.80596926048136,-1.69238255542751,3.01720914643592,7.4730366146766,0.95552927219968,-0.301590605043169
0.406446790310957,-3.51171258667833,-2.20442427287047,2.70623572983805,7.34503078098574,0.869465788497404,-0.329629734332975
-0.396969338603084,-4.21629887012362,-2.71725882192572,2.39130954699397,7.21363478125615,0.781595629957471,-0.356724714062135
-1.19876222622472,-4.9194783898156,-3.23063518171843,2.07262958371458,7.07881412834253,0.691885968195668,-0.382948461011309
-1.99874462369338,-5.62105423394597,-3.74435385409521,1.75036002007563,6.94050927835329,0.600301340111812,-0.408376327932958
-2.79676597750165,-6.32088242701969,-4.2582685986312,1.4246269115748,6.79863426437902,0.50680229168883,-0.433085189327346
-3.59271145927216,-7.0188714884571,-4.77228732432741,1.09551584014369,6.65307597606872,0.411344304330442,-0.45715261896827
-4.38650087851188,-7.71498163294331,-5.28637236383983,0.763070339150623,6.50369392667722,0.313876995905782,-0.480656153001948
-5.1780876334309,-8.40922385695457,-5.80054037392398,0.427290927556983,6.35032044630088,0.214343597907687,-0.503672633913905
-5.96745777909918,-9.10165902708786,-6.31486200921002,0.0881345975612607,6.19276117888803,0.112680708555855,-0.526277622638434
-6.75462930094093,-9.79239711596554,-6.82946152460911,-0.254485360401254,6.03079585131461,0.00881833097225326,-0.54854486871636
-7.53965161983713,-10.4815966335262,-7.3445163808466,-0.600699283559502,5.8641792617461,-0.0973197911615762,-0.570545823719783
-8.32260535820602,-11.1694643074198,-7.86025691725587,-0.950680866344673,5.69264249157515,-0.205815521007951,-0.592349184786456
-9.10360233674867,-11.8562549780021,-8.37696607999356,-1.30464671004151,5.5158943387526,-0.316755333375248,-0.614020451634955
-9.88278579434954,-12.542271700532,-8.89497919826007,-1.66285567781325,5.33362302919161,-0.430228945058245,-0.635621483207435
-10.6603307469829,-13.2278659393782,-9.41468371101467,-2.02560799948516,5.1454982491808,-0.546327531045932,-0.657210035780021
-11.4364444328231,-13.9134377744154,-9.93651875707179,-2.39324404204728,4.95117359947396,-0.665141481450976,-0.678839267419217
-12.2113667258944,-14.5994359499715,-10.4609744635288,-2.766142619924,4.75028957073435,-0.786757646135838,-0.700557190317364
-12.9853704044926,-15.2863575946416,-10.9885907510928,-3.14471868681395,4.54247717912409,-0.911256009063046,-0.722406053560176
-13.7587611206162,-15.9747473828362,-11.5199554188157,-3.52942021042768,4.32736241767582,-1.03870572899521,-0.744421637210998
-14.531876902109,-16.6651958821164,-12.0557012359683,-3.9207239953846,4.1045717076414,-1.16916048119727,-0.76663243851665
-15.3050869367311,-17.3583367247067,-12.5965016767666,-4.31913016564205,3.87373854129325,-1.302653030958,-0.789058727582524
-16.0787894415987,-18.0548422934275,-13.1430649551124,-4.72515500007231,3.63451155429958,-1.43918898086852,-0.811711454083471
-16.853408305884,-18.7554174684953,-13.6961258980158,-5.13932175675657,3.38656425449713,-1.57873963954813,-0.834590982582762
-17.6293881694637,-19.4607909448737,-14.2564351564988,-5.56214909056295,3.12960664535838,-1.72123398034183,-0.85768563605828
-18.4071875967716,-20.1717036184504,-14.8247452359806,-5.99413665667737,2.86339897900201,-1.8665496948127,-0.880970031923043
-19.1872699316691,-20.8888934551838,-15.4017927655804,-6.43574747735817,2.58776783217378,-2.01450339235009,-0.904403198501264
-19.9700914561111,-21.6130763035644,-15.9882764697185,-6.88738669439554,2.30262464391922,-2.1648400747027,-0.927926472181553
-20.756086362756,-22.3449220069716,-16.5848302559139,-7.34937636399131,2.00798673052682,-2.31722210141774,-0.951461184929929
-21.5456482643257,-23.0850254409747,-17.1919910807595,-7.82192614562916,1.70400065285252,-2.47121801099435,-0.974906181653652
-22.3391078865499,-23.8338720823619,-17.810161325295,-8.30509990485626,1.39096755330057,-2.62629171178448,-0.998135229358497
-23.1367068273444,-24.5917980703671,-18.4395657943539,-8.79877860762358,1.06936977094556,-2.78179276499172,-1.02099442321438
-23.9385675347659,-25.3589451516839,-19.0802039446208,-9.30262035661654,0.739897629884392,-2.9369487139374,-1.04329974500209
-24.744659977621,-26.1352114358239,-19.7317985657787,-9.81601901482475,0.403474790904252,-3.09086065047288,-1.06483498577921
-25.5547660201632,-26.9201997012157,-20.3937430167441,-10.338063629522,0.0612799917214142,-3.24250343880767,-1.08535030978078
-26.3684430685351,-27.7131658660051,-21.0650500769029,-10.8675017004015,-0.285237580682445,-3.39073216915095,-1.10456179455004
-27.1849893869564,-28.5129714154531,-21.7443066643124,-11.4027102569913,-0.634352543839753,-3.53429645826851,-1.12215233324939
-28.0034140822761,-29.3180444853535,-22.4296396143396,-11.9416794080421,-0.984070752309887,-3.67186401822283,-1.13777429398287
-28.8224155599408,-30.1263553268708,-23.1186986243928,-12.4820135162018,-1.33215337699604,-3.80205446558181,-1.1510543011396
-29.6403724576662,-30.9354120942126,-23.8086625620038,-13.0209549253792,-1.67616045091903,-3.9234834989636,-1.16160038936079
-30.4553511325397,-31.7422827024868,-24.4962748216542,-13.5554342494228,-2.01351535279148,-4.03481640760024,-1.16901159631511
-31.2651329640213,-32.5436470471284,-25.1779115940851,-14.0821492112336,-2.34158959453087,-4.13482839174775,-1.17288978492069
-32.0672631390586,-33.3358812471733,-25.8496838482354,-14.5976709808079,-2.65780453794889,-4.222467591059,-1.17285315235578
-32.8591205048199,-34.1151721525131,-26.50756990862,-15.0985732785958,-2.95974365758439,-4.29691536103563,-1.16855055205165
-33.6380049733603,-34.8776557570732,-27.1475706367713,-15.5815753943941,-3.24526618486475,-4.3576374674258,-1.15967546854993
-34.4012364575405,-35.6195693262969,-27.7658751627307,-16.043687036283,-3.51261116374873,-4.40441996845627,-1.14597836502987
-35.1462567888579,-36.3374036314652,-28.3590218781774,-16.4823408794719,-3.76048062693958,-4.43738465221608,-1.12727618511812
-35.8707248068472,-37.0280402681542,-28.9240384296129,-16.8954988038273,-3.9880921369703,-4.45698102809127,-1.10345808018822
-36.5725952527765,-37.6888601765097,-29.4585462284403,-17.2817203381657,-4.19519423712774,-4.46395470958117,-1.07448691296427
-37.2501737965444,-38.3178126240443,-29.9608189599841,-17.640186185226,-4.38204280840953,-4.4592949661081,-1.0403966508666
-37.9021433915201,-38.9134387069706,-30.4297901565437,-17.9706751446591,-4.54934107295526,-4.44416669951478,-1.00128629933701
-38.5275609704403,-39.4748492816587,-30.8650112735215,-18.2734983736936,-4.69815014034184,-4.41983368769209,-0.957311435489956
-39.1258266633125,-40.0016621472427,-31.266566977465,-18.5493992874186,-4.82977974428244,-4.38758030409267,-0.908674588009128
-39.6966308245733,-40.4939076180356,-31.6349585947359,-18.7994304030471,-4.94566998560319,-4.34863828300641,-0.855615687562988
-40.239885650253,-40.9519136662723,-31.9709685231049,-19.024819324995,-5.04727444304843,-4.30412361603201,-0.798403585949142
-40.7556491267526,-41.3761827420352,-32.2755188778548,-19.2268356310934,-5.13595348165828,-4.25498687766388,-0.73732931006482
-41.2440486908011,-41.7672715286937,-32.5495363874593,-19.4066686970158,-5.21288439402845,-4.20197846465942,-0.672701332014755
-41.7052111131946,-42.1256832809142,-32.7938335443752,-19.5653242839593,-5.2789927021668,-4.14562873437667,-0.604842779975871
-42.1392041603669,-42.4517805838439,-33.0090138358494,-19.7035455104265,-5.33490687480969,-4.08624198362506,-0.534090230754478
-42.545993571105,-42.7457234854797,-33.1954059205297,-19.82176133464,-5.38093687590819,-4.02390250867556,-0.46079352004666
-42.925417947123,-43.0074361899034,-33.3530296113457,-19.9200639184291,-5.41707561166354,-3.95849075410787,-0.385315919747326
-43.2771821392889,-43.2366026847542,-33.4815937651463,-19.9982141630262,-5.44302112835721,-3.8897074534878,-0.308034023394619
-43.6008683035293,-43.4326895158177,-33.5805239635845,-20.0556730253346,-5.45821645541233,-3.81710374594819,-0.229336767226615
-43.89596221024,-43.5949916332291,-33.6490155786093,-20.0916545366996,-5.46190313964316,-3.74011535434066,-0.149623167357432
-44.1618911726829,-43.7226954197766,-33.6861059357686,-20.1051950430071,-5.45318386276009,-3.65809903577898,-0.0692985591095754
-44.3980685674128,-43.8149512027861,-33.6907575075961,-20.0952319081868,-5.43108907737197,-3.57036960107451,0.0112306447832709
-44.6039400783262,-43.8709475382841,-33.6619438371679,-20.0606846871756,-5.39464264556961,-3.47623600006025,0.0915634278212783
-44.7790259827752,-43.8899788985847,-33.5987293898821,-20.000531541265,-5.34292177917272,-3.37503509042495,0.171311429991336
-44.9229553999039,-43.8715004534072,-33.5003363794796,-19.9138750283346,-5.27510759358189,-3.26616204783376,0.250106409721414
-45.0354892435532,-43.8151651974133,-33.366193322291,-19.7999928545903,-5.19052383119086,-3.14909667449973,0.327607265612398
-45.1165302782469,-43.720841229316,-33.195962717487,-19.6583713137222,-5.08866283735207,-3.02342525050013,0.40350600223299
-45.1661207807196,-43.5886099894153,-32.989548302842,-19.4887215644896,-4.96919943299392,-2.88885798531286,0.477532132366002
-45.1844294806334,-43.4187482195382,-32.7470845350095,-19.2909807660499,-4.83199456689023,-2.74524243874416,0.549455169320952
-45.1717305571408,-43.2116980554452,-32.4689127481027,-19.0653015942564,-4.67709150588026,-2.59257352958656,0.619085052168392
-45.12837857385,-42.968030996008,-32.1555497807588,-18.8120347033538,-4.50470776247757,-2.43100091004619,0.686270542616016
-45.0547824637342,-42.6884107225393,-31.8076543644644,-18.5317084592277,-4.31522578164011,-2.26083443380267,0.750895785995082
-44.9513820001851,-42.3735597831611,-31.425996465115,-18.2250100897151,-4.10918501470424,-2.0825483735229,0.812875357950228
-44.818629053387,-42.0242336445572,-31.0114333412909,-17.8927713023546,-3.88727723914796,-1.89678480553137,0.872148186169866
-44.6569754326894,-41.6412046488185,-30.5648949756813,-17.5359604327851,-3.6503461769306,-1.70435631710742,0.928670771140486
-44.4668680073791,-41.2252568841949,-30.0873799823249,-17.1556819070667,-3.39939159303333,-1.50624785728205,0.982410121162272
-44.2487516444971,-40.7771924037632,-29.5799622615286,-16.7531829432839,-3.13557732319122,-1.30361723545049,1.03333680440342
-44.0030792542251,-40.2978477065776,-29.0438071944307,-16.3298662150376,-2.86024193960326,-1.0977934078637,1.08141847609008
-43.7303284550243,-39.7881193193643,-28.480195802952,-15.8873066792339,-2.57491023812591,-0.89027140524114,1.12661422327683
-43.4310235724018,-39.2489963461398,-27.8905543344348,-15.4272699592501,-2.28130321609908,-0.682702479675869,1.16887003703635
-43.1057616757538,-38.6815976464316,-27.2764863736602,-14.9517292778403,-1.98134385950143,-0.476877893169393,1.20811571091398
-42.7552407458148,-38.0872105666926,-26.6398039069137,-14.4628774476672,-1.67715580384392,-0.274704747171453,1.24426343726407
-42.3802879982141,-37.4673279344793,-25.9825535363273,-13.9631303206372,-1.37105190765357,-0.0781724558538133,1.2772083469214
-41.9818859181919,-36.8236794909385,-25.3070336987653,-13.4551180978126,-1.06551000712988,0.110691058915291,1.30683117352207
-41.5611932333778,-36.1582536285803,-24.6157987176894,-12.9416613022184,-0.763133738098716,0.28987356175844,1.33300311887923
-41.1195580073765,-35.4733053979836,-23.9116459740186,-12.4257291373881,-0.466597393276792,0.457442048359594,1.35559284289438
-40.6585201131938,-34.7713471643085,-23.1975833908721,-11.9103793734259,-0.178575341391938,0.611613180832427,1.37447529280829
-40.1798008301149,-34.0551193283047,-22.476775981892,-11.3986808605709,0.0983415028735717,0.750826622163324,1.38954184326878
-39.6852783636178,-33.3275403065728,-21.7524724266482,-10.8936221308439,0.361737523950522,0.873815898032301,1.40071097883581
-39.1769492731606,-32.5916370382847,-21.0279150668568,-10.3980118699123,0.609465957404102,0.979670504030786,1.4079385495166
-38.656877620119,-31.8504599366164,-20.3062393581608,-9.91437906932801,0.839736169510745,1.06788286117005,1.41122654483496
-38.1271352556533,-31.1069884873948,-19.590370821401,-9.44488174587532,1.05118633132971,1.13837460172391,1.41062938703239
-37.5897381284855,-30.3640354622729,-18.8829286464042,-8.99123298134713,1.24293407038318,1.19149855157626,1.40625696957138
-37.0465839412736,-29.6241580851473,-18.1861446846784,-8.55465142281644,1.41459983898937,1.22801540416809,1.39827402033522
-36.4993968596907,-28.8895841866183,-17.5018051534504,-8.13584076422707,1.56630083910572,1.24904702877115,1.38689583050317
-35.9496837461737,-28.1621592445325,-16.8312194499528,-7.73499921645378,1.69861678003788,1.25601101498293,1.37238081837071
-35.398704929397,-27.4433175923571,-16.1752172034243,-7.35185652967836,1.81253188523466,1.25054295532213,1.35502075096939
-34.8474606524802,-26.7340781115815,-15.5341714545947,-6.98573327253911,1.90935983443667,1.23441378697282,1.33512964617355
-34.2966925284544,-26.0350620466588,-14.9080432706651,-6.63561527335634,1.99065940866521,1.20944921430666,1.31303240642615
-33.7468977582935,-25.3465285254145,-14.296441483172,-6.30023553143885,2.0581484684628,1.17745701817776,1.28905410728091
-33.1983531465254,-24.6684224670977,-13.6986908507465,-5.97815647696904,2.11362279868233,1.14016630284449,1.26351064470137
-32.6511453111209,-24.0004291794305,-13.113902294635,-5.66784672531252,2.15888462914026,1.09918080343362,1.23670116280869
-32.1052038575264,-23.3420306684592,-12.5410400778698,-5.36774824199588,2.19568375167765,1.0559466441415,1.20890243099084
-31.5603346835027,-22.6925596074607,-11.9789821987821,-5.07633158784332,2.22567238127205,1.01173357820204,1.18036512073774
-31.0162513770426,-22.0512481757419,-11.4265717843666,-4.79213849037627,2.25037349409766,0.967627855526634,1.15131178665524
-30.4726031133812,-21.4172699321963,-10.8826584583367,-4.51381214427239,2.27116136267945,0.924534410112898,1.12193626091434
-29.9289984226366,-20.7897741000076,-10.3461297882442,-4.2401164997475,2.28925245633766,0.88318598523516,1.09240415277807
-29.3850244268425,-20.1679121786415,-9.81593350212247,-3.96994619566981,2.3057046270824,0.844156970196688,1.06285414443221
-28.8402617717864,-19.5508574860493,-9.29109166569088,-3.70232898701775,2.32142254819666,0.80788004232689,1.03339981920073
-28.294295550257,-18.9378184139969,-8.77070813205469,-3.43642244401199,2.33716754912107,0.774664074915968,1.00413179934929
-27.7467226810907,-18.3280463425292,-8.25397060917572,-3.17150653508767,2.35357026600474,0.744712146900706,0.975120022119569
-27.197156399183,-17.7208392728176,-7.7401486463138,-2.9069734889416,2.37114483869076,0.718138831910197,0.946416034078616
-26.6452283053465,-17.1155420485923,-7.22858863444729,-2.642316056513,2.39030365592383,0.694986222558127,0.91805521632306
-26.0905885484411,-16.511544049929,-6.71870679964184,-2.37711507462619,2.41137191987411,0.675238376303066,0.890058890631728
-25.5329046259415,-15.9082751094397,-6.20998099102842,-2.11102701716235,2.43460151233061,0.658834038246089,0.862436279389518
-24.9718591705327,-15.3052002520543,-5.70194189843683,-1.8437720371537,2.46018381016879,0.645677616794122,0.835186307119508
-24.4071471155662,-14.7018138089349,-5.19416422467698,-1.57512286753892,2.48826123685929,0.635648473319037,0.808299245623363
-23.8384725551437,-14.0976333482377,-4.68625821898516,-1.30489483260188,2.51893743241165,0.628608638626754,0.781758210605872
-23.2655454310593,-13.4921937070911,-4.1778618617902,-1.03293712866413,2.55228597978549,0.624409095137918,0.755540516574206
-22.6880784926804,-12.8850415533467,-3.66863398786811,-0.759125486197725,2.58835771288531,0.622894786769076,0.729618909518669
-22.105784415981,-12.2757305422125,-3.15824847581745,-0.483356249269653,2.62718660786716,0.623908506220516,0.703962679007591
-21.5183735337689,-11.6638174310558,-2.64638968867961,-0.205541894613793,2.6687943491465,0.627293821083262,0.678538669403283
-20.9255520296418,-11.0488591483953,-2.13274921465126,0.0743920378920534,2.71319361104408,0.632897174177341,0.653312189377287
-20.3270208701601,-10.4304110274037,-1.61702398832586,0.356508645344982,2.76039015979092,0.640569294369303,0.628247831466204
-19.7224754580108,-9.80802623081315,-1.09891580076239,0.64086006258578,2.81038385620355,0.650166032768305,0.603310203045217
-19.1116060735775,-9.18125642076557,-0.578132189992446,0.927486651838278,2.86316865880287,0.661548728699343,0.578464572255238
-18.4940991592183,-8.54965369796019,-0.0543886707877409,1.21641509002089,2.91873173447753,0.674584196846811,0.553677431802689
-17.8696394261593,-7.91277377755716,0.472587769340459,1.50765547759922,2.97705178064879,0.689144412433678,0.528916981568602
-17.2379128044074,-7.27018036926531,1.00305400663457,1.8011976110808,3.0380966758585,0.705105961670647,0.50415353293733
-16.5986100705319,-6.62145063191398,1.53724506385469,2.0970065566059,3.10182054891101,0.722349307146283,0.479359833356909
-15.9514313558387,-5.96618171277683,2.07536749459705,2.39501771104928,3.16816042548575,0.740757924002416,0.454511321806763
-15.2960912409125,-5.30399815795304,2.61759201485044,2.69513149433412,3.23703252624636,0.760217334681275,0.429586312510935
-14.6323244276505,-4.63456009503925,3.16404554966199,2.99720784703023,3.30832833979684,0.780614074912319,0.404566114207542
-13.9598920479846,-3.95757208990361,3.71480290686714,3.30106073661274,3.38191061528679,0.801834623655061,0.379435095179334
-13.2785882618201,-3.27279244097522,4.2698782143405,3.60645279734891,3.45760932893393,0.823764304787289,0.354180693878102
-12.5882473171715,-2.58004283089614,4.82921638066235,3.91309033996495,3.53521779879189,0.84628619446672,0.328793390379678
-11.8887507540851,-1.87921810288919,5.39268472637029,4.22061886048321,3.6144890087084,0.869280040029065,0.303266640754438
-11.1800347785135,-1.17029601197074,5.96006504508071,4.52861927072622,3.69513229464765,0.8926212178952,0.277596786271286
-10.4620976546913,-0.453346734280093,6.53104632847452,4.83660504350375,3.77681051459247,0.916179750665528,0.251782944476849
-9.73500692811851,0.271458099949516,7.10521838664146,5.14402045956339,3.85913782253913,0.939819404005129,0.225826888355196
-8.99890633675926,1.00383710317214,7.68206664918976,5.45024017711102,3.9416781988859,0.96339689245119,0.199732920857754
-8.25402224897569,1.74339185785494,8.26096848159803,5.7545703678864,4.02394491019069,0.986761229375947,0.173507751216837
-7.50066936818304,2.48960101593589,8.8411913324154,6.05625163419178,4.1054010561027,1.00975325384992,0.147160376731538
-6.7392554433421,3.24181614893726,9.4218930657355,6.35446392863637,4.18546137718919,1.03220537247431,0.120701973335975
-5.97028469352955,3.99925976372334,10.0021248465223,6.64833367970788,4.26349549491821,1.05394155557512,0.0941457969045568
-5.19435962513228,4.76102592144845,10.5808369354921,6.9369432836467,4.33883273703275,1.07477762534583,0.0675070956637139
-4.4121808995262,5.52608389108458,11.1568876995845,7.2193430467753,4.41076866144611,1.09452186720929,0.0408030323964013
-3.62454492954314,6.29328525064777,11.729056101523,7.49456558506783,4.47857334857139,1.11297598975021,0.014052613672894
-2.83233886585731,7.06137468902762,12.2960576548424,7.7616424557895,4.54150139143145,1.12993642976726,-0.012723378582177
-2.03653281399566,7.82900480964411,12.8565639985903,8.01962285010205,4.59880353829191,1.14519601262893,-0.0395024586111793
-1.23816909346279,8.59475483128988,13.4092256091316,8.26759372026798,4.64973965695546,1.15854591548121,-0.0662605193053697
-0.438348595127965,9.35715300531599,13.9526972146508,8.50470071331499,4.69359266877159,1.16977788428425,-0.092971933890706
0.361785564658233,10.1147023041917,14.4856651934928,8.73016908576344,4.72968295352097,1.17868662747902,-0.119609687149463
1.16106670069928,10.8659085367474,15.006875809744,8.94332352166416,4.75738254961478,1.18507227195857,-0.146145546257207
1.95832491453305,11.6093098956412,15.5151631149426,9.14360580583696,4.77612845419896,1.18874276630222,-0.172550282557643
2.75240835464632,12.3435066422654,16.0094750942509,9.33058923157022,4.78543425584258,1.18951609873066,-0.198793954873465
3.54220444137015,13.0671895202799,16.4888966481132,9.50398874492637,4.78489937753054,1.18722220406178,-0.224846264442511
4.32666002176584,13.7791653923821,16.9526680141798,9.66366598092207,4.77421528461795,1.18170444337796,-0.250676988959563
5.10479943784848,14.4783787574663,17.4001975491833,9.80962869388257,4.75316820769691,1.17282057365178,-0.276256501652066
5.87573954121492,15.1639278846527,17.8310679557487,9.94202434768263,4.72163810327485,1.16044314800603,-0.301556375120352
6.6387009029022,15.8350747630817,18.2450356284614,10.061128122981,4.67959387769734,1.14445933959713,-0.326550066937851
7.39301465612309,16.4912483166889,18.6420230691524,10.1673258785253,4.62708510911807,1.12477021012062,-0.351213675073022
8.13812475420144,17.1320409268638,19.0221049557416,10.2610930382946,4.56423078779634,1.10128949161354,-0.375526747316066
8.87358568092906,17.757198623007,19.3854887132818,10.3429705475916,4.49120574815144,1.07394196854316,-0.399473119876649
9.59905597768297,18.3666057813319,19.7324908562046,10.4135392406364,4.40822561618232,1.04266156985334,-0.423041756258041
10.3142881660854,18.9602654101839,20.0635104951626,10.4733939456922,4.31553112464626,1.00738928024736,-0.446227551799935
11.0191158794512,19.5382763962359,20.379001580101,10.5231186222857,4.21337264297038,0.968070978330452,-0.469032069449693
11.7134390051713,20.1008089461121,20.679445166688,10.5632635217126,4.10199562238414,0.924655281158971,-0.491464167818544
12.397207824652,20.6480797066857,20.9653231343246,10.5943252704198,3.98162757504688,0.877091468004275,-0.513540492376246
13.0704069404344,21.1803276344069,21.2370942500676,10.6167303378983,3.85246696667211,0.825327517609545,-0.535285799897329
13.7330397216738,21.6977915629856,21.4951732797162,10.6308221127147,3.71467423942049,0.769308276359989,-0.556733095734104
14.3851139491567,22.2006903116859,21.7399136869598,10.6368516140825,3.56836503100745,0.70897376162258,-0.577923576093401
15.0266289949702,22.6892056182883,21.9715938815683,10.6349714975072,3.41360545338516,0.644257580974704,-0.598906369505585
15.6575648451935,23.1634681572278,22.1904069610883,10.6252329638203,3.2504092233941,0.575085452288663,-0.619738086287765
16.277873116017,23.6235466704517,22.3964536802932,10.6075850662464,3.07873635711598,0.501373809168927,-0.640482192671328
16.8874699512542,24.0694398724519,22.5897380676795,10.5818757778041,2.89849307803208,0.423028478676971,-0.661208227654137
17.4862307915331,24.5010709697606,22.7701653261525,10.5478543270537,2.70953263200313,0.339943437595922,-0.681990893321035
18.0739867165259,24.9182842452638,22.9375413362993,10.5051742151289,2.51165668870412,0.251999660879626,-0.702909043676315
18.6505222048731,25.3208433955024,23.091573358669,10.4533965239706,2.30461709452719,0.159064098163737,-0.724044605006461
19.2155739806702,25.7084310928547,23.2318713813584,10.391993124764,2.08811778195957,0.0609888282420908,-0.74548145367498
19.7688307499721,26.0806494615516,23.3579498081194,10.3203495790046,1.86181673491434,-0.0423895378813902,-0.767304279681785
20.3099335542238,26.4370210796164,23.46922915454,10.2377675767856,1.62532797462612,-0.15125011758439,-0.789597456664288
20.8384765266164,26.7769902273982,23.5650375580046,10.1434668805175,1.37822361543008,-0.265787572719392,-0.812443934886409
21.3540079583786,27.0999242845932,23.6446121011259,10.0365868826319,1.12003612290039,-0.386211353609357,-0.835924170659079
21.8560314391525,27.4051150170367,23.7070998363868,9.916187889155,0.850260969041526,-0.512744219135127,-0.860115091029772
22.3440070769261,27.6917798290939,23.7515587225554,9.78125243058637,0.568359970111501,-0.645619856623394,-0.885089091422908
22.8173527654041,27.9590630285386,23.7769586815661,9.63068694799935,0.273765660060541,-0.785079395495067,-0.910913050635974
23.2754454991194,28.2060372165666,23.7821830689171,9.46332429021627,-0.0341128679150384,-0.931366572523718,-0.937647335221505
23.7176228580963,28.4317050918159,23.7660310308004,9.27792759009358,-0.355882133051528,-1.08472126717668,-0.96534475445134
24.1431847816815,28.635001984276,23.7272212778808,9.07319617837898,-0.692153841833764,-1.24537107577037,-0.994049409086466
24.5513959087875,28.814799661501,23.6643980376047,8.84777436721394,-1.04353115272222,-1.41352054246926,-1.02379536305446
24.9414887392195,28.9699119671989,23.5761400126854,8.6002640599481,-1.41059080103138,-1.58933760152816,-1.05460504317747
25.3126680707549,29.0991031460068,23.4609734804992,8.32924238214185,-1.79386012973742,-1.77293672953269,-1.08648725474024
25.6641172814691,29.2010999089702,23.3173909067782,8.03328575720318,-2.19378794592833,-1.96435825452972,-1.11943467856297
25.9950070650195,29.2746084227167,23.1438766399619,7.71100208083384,-2.6107079970775,-2.16354322905904,-1.15342068996527
26.3045075553237,29.3183378782202,22.9389417276135,7.36107298356821,-3.04479379243316,-2.37030329519161,-1.1883953308122
26.5918048293556,29.3310324536766,22.7011701081303,6.98230838836927,-3.49600349362663,-2.58428504953797,-1.22428025473797
26.8561230377885,29.3115138726075,22.4292787920702,6.57371577098751,-3.96401377327671,-2.80492864019553,-1.26096248296024
27.0967535233051,29.2587369344742,22.1221947637369,6.13458649699936,-4.44814197999508,-3.03142074600241,-1.29828685348655
27.313092367482,29.171860452278,21.7791512118576,5.66460122177615,-4.94725682581499,-3.26264281024328,-1.33604714681846
27.5046876089946,29.0503356209494,21.3998049700618,5.16395530457469,-5.45967930877886,-3.49711652309639,-1.37397604378584
27.6712970566266,28.8940130247605,20.9843756260111,4.63350323666348,-5.98307797686737,-3.73295021274383,-1.41173435779108
27.8129564061239,28.7032673093648,20.533803766416,4.07491770553762,-6.51436602454126,-3.9677920082755,-1.44890037990508
27.9300558887946,28.4791355257523,20.0499215232599,3.49085394784354,-7.04961229253803,-4.19879841144466,-1.48496072746355
28.0234209107815,28.2234601225125,19.5356220588913,2.88510320678473,-7.58398358307618,-4.42262984612158,-1.51930471824977
28.0943886959204,27.9390212258689,18.9950065921062,2.26271099471055,-8.11174104834411,-4.63548721329682,-1.55122492439006
28.1448687705237,27.6296355006188,18.4334788427257,1.63002783693204,-8.62631696935224,-4.83320421667913,-1.57992696155032
28.1773714780651,27.3001926127551,17.8577500183554,0.99465502449663,-9.12049750720933,-5.01140766882347,-1.60455144107907
28.1949865069846,26.9565973628023,17.2757160097551,0.365249526285803,-9.58672876590895,-5.16575040627261,-1.62420995783112
28.2012956372413,26.6055904767055,16.6961773145578,-0.248835157253602,-10.0175458016046,-5.29220824036947,-1.63803480849563
28.2002111847306,26.2544356369323,16.1283936897456,-0.838069619114059,-10.4060972334434,-5.38741467641015,-1.64523887866617
28.1957450819075,25.9104855263362,15.5814992379277,-1.39339148144432,-10.7467072014806,-5.44898932826316,-1.64517852543052
28.1917304259254,25.5806702961393,15.0638421111559,-1.90689298756045,-11.0353912980614,-5.47580466535818,-1.63740952867319
28.1915326217527,25.2709785032653,14.5823435997486,-2.37244897610528,-11.2702353681436,-5.46813763723797,-1.62172567548431
28.1977951243253,24.9860124800704,14.1419807273505,-2.78617931972673,-11.4515634363383,-5.42767076243389,-1.59817209886395
28.2122605146636,24.7286898790632,13.7454771874502,-3.14666816043183,-11.5818613398188,-5.35733757458754,-1.56703066066502
28.2356923544747,24.5001331192637,13.3932443193929,-3.45491293465633,-11.6654738290646,-5.26104026910966,-1.52878082198571
28.2679014896692,24.2997482922718,13.0835612256146,-3.71403188425931,-11.7081372107099,-5.14329156251845,-1.48404438450218
28.3078604056974,24.1254591718057,12.8129392466854,-3.92880102683201,-11.7164334278668,-5.00884107535569,-1.43352469613055
28.3538764010375,23.9740403661397,12.5765928059739,-4.1051094286328,-11.6972504406365,-4.86233874069531,-1.37795009297961
28.4037910626288,23.8414896675158,12.3689384181036,-4.24941525065766,-11.6573136595111,-4.70806962304571,-1.31802841202385
28.4551781397663,23.7233895912861,12.1840601805861,-4.36826286050815,-11.6028247606142,-4.5497739107723,-1.25441575750012
28.5055205901717,23.6152248184676,12.0161036062349,-4.46789415517823,-11.539217450031,-4.39054884496369,-1.18769951595278
28.5523568624979,23.5126393319897,11.8595819657514,-4.55396358338944,-11.4710206212529,-4.23281883930909,-1.11839350443693
28.5933938201278,23.4116302296198,11.7095956376117,-4.63135026024973,-11.4018091899664,-4.07835588161787,-1.04694214680717
28.626588419799,23.3086833276758,11.5619742827465,-4.70405240127097,-11.3342201997404,-3.92833278247595,-0.97373044344181
28.6502023882171,23.200859163997,11.4133550709064,-4.77514724584669,-11.2700137944392,-3.7833948333381,-0.899096867876501
28.6628345826195,23.085838407829,11.2612097963985,-4.84680128656228,-11.2101628519637,-3.64373928089267,-0.823346900795059
28.6634348957531,22.9619341663941,11.1038313680895,-4.92031874917663,-11.1549594707163,-3.50919559335983,-0.746765499931592
28.6513026662639,22.8280768752775,10.9402875653625,-4.99621944511715,-11.1041302544208,-3.37930235220343,-0.66962733840929
28.6260715409158,22.6837757696019,10.7703478582578,-5.07433939737552,-11.0569548369359,-3.2533785559166,-0.592204089490753
28.58768236233,22.5290601806316,10.5943881218683,-5.15394879119417,-11.0123835377516,-3.13058832871725,-0.514768421799826
28.5363454903491,22.3644037765782,10.4132780552365,-5.2338818238351,-10.9691505043147,-3.0099986094369,-0.437594700939151
28.472494461687,22.1906356283291,10.2282569632022,-5.31267237930572,-10.9258787672221,-2.89062962851982,-0.360956693906891
28.3967335170714,22.0088430101263,10.0408046694821,-5.3886885837058,-10.8811735675628,-2.77149801066096,-0.285122826754942
28.3097822018289,21.820271848699,9.85251522994668,-5.46025876117473,-10.8337005078971,-2.65165233737628,-0.210349740672674
28.2124206666356,21.6262312552313,9.66498132009791,-5.52578151072574,-10.7822457034153,-2.53020105756465,-0.136875005176825
28.1054394310678,21.4280084494978,9.47969646096473,-5.58381378720267,-10.7257562604894,-2.40633280061816,-0.064909865682707
27.9895968185543,21.2267992754682,9.29798049592033,-5.63313286436966,-10.6633608335859,-2.27932938575801,0.00536717783624064
27.8655865003064,21.0236578687282,9.12093132845816,-5.67277066287773,-10.5943716329504,-2.14857212938378,0.0738153256420601
27.7340163411839,20.8194668514885,8.94940315906876,-5.70202161305778,-10.5182706407285,-2.01354233097104,0.140334547865713
27.595398561233,20.6149273291792,8.78400890686615,-5.72042759574474,-10.4346838340073,-1.87381704216573,0.204866585851045
27.4501501098145,20.4105661340424,8.62514250090038,-5.72774516649693,-10.3433476938417,-1.72906133874838,0.267393923523375
27.2986012964459,20.2067564855602,8.47301553449774,-5.72390105423559,-10.2440722050737,-1.57901831779609,0.327936947463548
27.1410102807278,20.0037476640507,8.32770246209912,-5.70894186987926,-10.1367040437066,-1.42349795288261,0.386549639581815
26.9775809836758,19.8016993732857,8.18918895733802,-5.68298323750564,-10.0210928643995,-1.26236578694896,0.44331421412161
26.8084821193244,19.6007169391966,8.05741896800426,-5.64616239349061,-9.89706265815132,-1.09553225228434,0.498335124790408
26.6338655055769,19.4008843463524,7.93233721391117,-5.59859700769555,-9.76438929680768,-0.9229432260077,0.551732841816949
26.4538823193705,19.2022930362947,7.81392509017744,-5.5403517505711,-9.62278465771995,-0.744572267353822,0.603637744026922
26.268696331126,19.0050651656937,7.7022289641518,-5.47141308991637,-9.47188714951577,-0.560414850842429,0.654184396226503
26.0784937728337,18.8093708755722,7.59738072454882,-5.3916721167624,-9.31125821052933,-0.370484823638467,0.703506406454987
25.8834896397438,18.6154395090534,7.49961092303088,-5.30091473047946,-9.14038414625045,-0.174813246498774,0.751731974137089
25.6839305887123,18.4235651392814,7.40925516647995,-5.19881837041529,-8.95868272774181,0.026550258142521,0.798980168341734
25.4800945893152,18.2341068246491,7.32675444656065,-5.08495447900811,-8.76551402660201,0.233533555271659,0.845357904918321
25.2722876736651,18.047484128899,7.2526500492246,-4.95879607015721,-8.56019517036725,0.446035365672238,0.890957538524057
25.060837955833,17.8641682519964,7.18757345998626,-4.81972997723808,-8.34201882483277,0.663915895419089,0.93585493527446
24.8460872120743,17.6846691096257,7.13223150136664,-4.667073653338,-8.11027544723736,0.88698469478095,0.980107864187721
24.6283800460365,17.5095184058373,7.08738664374742,-4.5000966163808,-7.86427944563746,1.11498574988032,1.0237545184246
24.4080508154884,17.3392487537561,7.05383227092821,-4.3180469089272,-7.60339958073311,1.3475798744813,1.06681197847564
24.1854082899561,17.1743686709378,7.03236245348704,-4.12018310049173,-7.32709397180651,1.58432455869299,1.10927443111652
23.9607180021152,17.015333217927,7.02373566001064,-3.90581249163014,-7.03495008572109,1.82465156930915,1.15111098019807
23.734182375647,16.8625101207268,7.02863181994268,-3.67433623475573,-6.72673003013051,2.06784280998002,1.19226292877309
23.5059187078392,16.7161412603296,7.04760220155167,-3.42530198123631,-6.40242121590148,2.31300524336446,1.23264046706711
23.2759352724455,16.5762996720309,7.08101181855548,-3.15846439772336,-6.06229204074077,2.55904608854531,1.27211878382309
23.0441061191415,16.4428426560067,7.12897457251509,-2.87385337304495,-5.70695158048192,2.80465005211308,1.310533731094
22.8101455281339,16.3153622558576,7.19128213371955,-2.57184886239569,-5.33741127392712,3.0482610234716,1.34767731443589
22.5735836439629,16.1931353242262,7.26732876898366,-2.2532600187772,-4.95514523774264,3.28807144124751,1.38329345716743
22.3337454748038,16.0750766187262,7.35603596824997,-1.919404478303,-4.56214413947916,3.52202332604903,1.4170746879056
22.089736259788,15.959699877392,7.45578281270434,-1.57218143734844,-4.16095562637325,3.74782562882582,1.44866061141097
21.8404368584795,15.8450932976771,7.56435033809012,-1.21412964315827,-3.75470237905077,3.96299278046136,1.47763919250225
21.5845133752418,15.7289171581355,7.67889039129262,-0.848459049156292,-3.3470674702576,4.16490884366344,1.50355196634459
21.3204451410087,15.6084317903767,7.79593094248579,-0.479043310897811,-2.9422364865469,4.35092004321859,1.52590418785533
21.0465743230077,15.4805632694245,7.91142971479212,-0.110360455563594,-2.54478767002166,4.51845541949798,1.54418057757973
20.7611783928098,15.3420113478129,8.02088536400674,0.252628089109579,-2.15952582908416,4.6651708536919,1.55786664599876
20.4625635942144,15.1893991708944,8.11950971701299,0.604663692513441,-1.7912632037017,4.78910623620005,1.5664746170478
20.1491734164379,15.019457276251,8.20245573658524,0.940436051838445,-1.44456014179838,4.88884007835932,1.56957183848463
19.8197021049871,14.8292267815544,8.26508529644804,1.25487075143186,-1.12344860200744,4.96362206507962,1.56680855684016
19.4732001436258,14.6162601176769,8.30325074926003,1.54343078622325,-0.831169359879397,5.01346348889781,1.55794135446775
19.1091578245415,14.378794527153,8.31355775838587,1.80239711086185,-0.569956519187905,5.03916933507523,1.54284870946606
18.7275551176354,14.1158753567521,8.29357649140736,2.02909303444514,-0.3408986747147,5.04230382826414,1.52153615001405
18.3288708597323,13.8274130855198,8.24197496130862,2.22202462439571,-0.143895085045915,5.02509184051533,1.4941301597422
17.9140505976681,13.5141684324053,8.15856063939164,2.38092267920679,0.0222899412915929,4.99026895178743,1.46086191628337
17.4844388254383,13.1776712146904,8.04423127647472,2.50668772796119,0.159886527266927,4.94090044979302,1.42204360766411
17.0416857987304,12.8200876075409,7.9008490050694,2.601253612435,0.271916139753883,4.88019228141822,1.37804101503365
16.5876412344244,12.4440555325528,7.7310604278403,2.66739428500767,0.361954797361359,4.81131494045132,1.32924616317093
16.1242465104468,12.052508260066,7.53808808522361,2.70850118242601,0.433890388014341,4.73725566021047,1.27605320296319
15.6534345118758,11.6485031121234,7.32551626202931,2.72835573056212,0.491696165598815,4.66070718230529,1.21883963184561
15.1770430103841,11.2350670297402,7.09708842160991,2.73091527708408,0.539234561581029,4.58399468694288,1.15795381276391
14.6967442674674,10.8150653341255,6.8565267924876,2.72012339033805,0.580097661736006,4.50903741348768,1.09370876942069
14.2139911708147,10.3910955866198,6.60737860100278,2.69974891589231,0.617484623132709,4.43733856330549,1.02638155511805
13.7299788506254,9.96540559800609,6.35288914333035,2.67325352115296,0.654112582429471,4.36999607620957,0.9562171225398
13.2456201209513,9.53983325825651,6.09589952694139,2.64368495130678,0.692156133295554,4.3077272373156,0.883435486586795
12.7615333787342,9.11576591880568,5.83876644266684,2.61359270025706,0.733210728554093,4.2509013358601,0.808241011600908
12.2780420478637,8.69411779064614,5.58330206844769,2.5849636636881,0.778276696474957,4.19957613115106,0.730832754729196
11.7951852969145,8.2753249617469,5.33073371031897,2.55917702244281,0.827762303380474,4.15353543186829,0.651414924860911
11.312740143681,7.85935859866029,5.08168437897732,2.53697944711254,0.881505868257979,4.11232638788806,0.570206626860312
10.8302551289141,7.4457574060492,4.83617671283662,2.51848318913109,0.938817905540772,4.07529606511553,0.487450156191631
10.3470952956781,7.03368015230896,4.59366301982553,2.50319025222555,0.99854433549783,4.04162745512178,0.403417194462683
9.86249733619706,6.62197798439743,4.35308348106327,2.49004532610755,1.05915083551128,4.0103753069315,0.318412358328555
9.37563245251632,6.20928433739596,4.11295260958645,2.47751836980097,1.11882647172853,3.98050205771953,0.232773689322902
8.88567310630753,5.7941178778498,3.871471141456,2.46371484035748,1.17560216341339,3.95091382124627,0.146869864432451
8.39185853807394,5.37499144305689,3.62665703777754,2.44650796778869,1.22747678719251,3.92049590005476,0.0610941513301079
7.89355326104972,4.95051806575529,3.37648598045992,2.42368392342449,1.2725415017598,3.88814682740086,-0.0241445796551464
7.39029280342561,4.51950436421673,3.11902937999922,2.39308799925409,1.30909179747876,3.85280957655436,-0.108433181374008
6.8818120496114,4.08102230783245,2.85257723408667,2.35275879648645,1.33571732765191,3.81349845849029,-0.191367029912144
6.36805349903427,3.63445267739929,2.57573453918056,2.30103835601623,1.35136186119176,3.76932040723599,-0.272563261507235
5.84915528658295,3.17949708347063,2.28748324834568,2.2366491223452,1.35534937451277,3.71948980328527,-0.351673355727095
5.32542137257035,2.71615949341568,1.98720637142187,2.15873306610154,1.34737665334428,3.66333660058234,-0.428394053274607
4.79727848759717,2.24470207051694,1.6746758247038,2.06685332392898,1.327476929466,3.6003082268681,-0.502475799588272
4.26522567420444,1.76558292342905,1.3500099971726,1.96096328176263,1.29596218868444,3.52996630389905,-0.573728191952898
3.72978251873258,1.27938470232019,1.01360996480893,1.84135132602071,1.2533533661859,3.45197963015933,-0.64202222944889
3.1914414856672,0.786742786245437,0.666084481367958,1.70857107808589,1.20030760592642,3.36611504320666,-0.707289473734978
2.65062837457281,0.288280353026308,0.308173372360082,1.56336679470243,1.13755037403727,3.27222769656712,-0.769518474289612
2.10767327346143,-0.215444549792374,-0.059322779619793,1.4066021760496,1.06581803463843,3.17025207578143,-0.828748979210135
1.56279277605393,-0.723977187133193,-0.435601172562465,1.23919861134119,0.98581407610037,3.06019477133012,-0.885064530068961
1.01608293459288,-1.23698894150753,-0.81990054779215,1.06208648219921,0.898179991396857,2.94212970203014,-0.938584035606107
0.467521567346849,-1.75428570460525,-1.21152933458292,0.876170983428926,0.803480161474799,2.81619621013964,-0.989452859338481
-0.0830218862888945,-2.27580380062329,-1.60987892976232,0.682312246076562,0.702199049133295,2.68260021703602,-1.03783385536808
-0.635770825364618,-2.80159580145442,-2.01442384996252,0.481318446368018,0.594748539895157,2.54161845570485,-1.08389867059913
-1.19102192785626,-3.33180859108545,-2.42471095621546,0.27395000420301,0.481483231730096,2.39360567853419,-1.12781952412481
-1.74912290574944,-3.86665574479411,-2.84034001085973,0.0609327810182623,0.362721702350164,2.23900461506859,-1.16976157506033
-2.31044852373395,-4.40638586617345,-3.26093764759077,-0.15702175368506,0.238772131361341,2.07835833253547,-1.20987591627409
-2.87537548915257,-4.95124812257911,-3.68612658260088,-0.379191247714847,0.109961002004319,1.91232451391374,-1.24829319433854
-3.44425652291767,-5.50145582672401,-4.11549160978302,-0.604813774179979,-0.0233361405300492,1.74169094231268,-1.28511782967558
-4.01739376773005,-6.05714873283445,-4.54854379237296,-0.833057319601465,-0.160662777879462,1.56739123385265,-1.32042283764922
-4.5950116198214,-6.61835462833287,-4.98468422381463,-1.06298908429756,-0.301449316624031,1.39051950310974,-1.35424528549513
-5.17722915280314,-7.18495093951032,-5.42316888853409,-1.29354640874098,-0.444981990402337,1.2123422430381,-1.38658249033106
-5.76403253088039,-7.75662740521615,-5.86307648487023,-1.52351146422053,-0.590374362155206,1.03430525742277,-1.4173891541557
-6.35524817199965,-8.33285138076613,-6.30328153640066,-1.75149226800866,-0.73654355364301,0.85803305481721,-1.44657573168229
-6.95051788219749,-8.91283794961702,-6.7424356250625,-1.97591301052471,-0.88219391194438,0.685317795312391,-1.47400841832445
-7.54927776975503,-9.49552775397451,-7.17896008166836,-2.19501700027793,-1.02581134315415,0.518094823224353,-1.49951122364699
-8.15074329258207,-10.0795760484157,-7.61105370350067,-2.40688553958799,-1.16567182339885,0.358402169926351,-1.52287060842654
-8.75390319538628,-10.6633567759736,-8.03671884823936,-2.60947553310549,-1.29986742073068,0.208322358244895,-1.54384308656464
-9.35752520041541,-11.2449852406113,-8.45380836652511,-2.80067741035252,-1.42635230996042,0.0699065067248021,-1.56216599784944
-9.96017594172575,-11.8223619680025,-8.86009411475377,-2.9783929059375,-1.54300957754899,-0.0549168860537974,-1.57757132719753
-10.5602565875084,-12.3932384154456,-9.25335518541888,-3.14062944793742,-1.64773708397558,-0.164443209109683,-1.58980198879619
-11.1560539522569,-12.9553024982273,-9.63148084051075,-3.28560472380597,-1.73854753435147,-0.257294859819535,-1.59862948680755
-11.7458046916555,-13.5062786374734,-9.9925798583324,-3.41185200172223,-1.81367471866128,-0.332515732484769,-1.60387139225641
-12.3277679086057,-14.0440339982751,-10.3350854988503,-3.51831481665653,-1.87167539826488,-0.389645704832779,-1.60540679282572
-12.9002995947969,-14.5666804330538,-10.6578442636081,-3.60441939912675,-1.91151531110342,-0.428764850081367,-1.6031878803317
-13.4619214035591,-15.0726611700603,-10.9601776949406,-3.67011516506621,-1.93262880131961,-0.450500316535774,-1.59724620925074
-14.0113765827784,-15.5608127593514,-11.2419096091804,-3.7158775242251,-1.93494468267508,-0.455993677619294,-1.58769283982679
-14.5476675938344,-16.0303961120394,-11.5033558890019,-3.74267246539111,-1.91887557143714,-0.446832058928402,-1.57471244289341
-15.0700725881116,-16.4810948586647,-11.7452791756757,-3.75188765975801,-1.88527303779121,-0.424951245654507,-1.55855228388706
-15.5781409043975,-16.9129837172217,-11.9688153392591,-3.74523901105492,-1.8353553687499,-0.392522189282907,-1.53950763173889
-16.0716704103906,-17.3264731265306,-12.1753815357712,-3.72466385501744,-1.77061760213885,-0.351833309733601,-1.51790543296824
-16.5506713666213,-17.7222384810109,-12.3665766099271,-3.69221215229388,-1.69273439089713,-0.305179814664273,-1.49408803716886
-17.0153222241276,-18.1011426460509,-12.5440836546682,-3.64994534528377,-1.60346533933574,-0.254768534066542,-1.4683984211168
-17.4659226460318,-18.464159524188,-12.7095824039638,-3.59984980261959,-1.50457029689901,-0.202643345909462,-1.44116787847607
-17.9028480473631,-18.8123044832751,-12.8646763024452,-3.54376866106953,-1.39773937195939,-0.150632934493318,-1.41270662221511
-18.3265088458501,-19.1465754565848,-13.0108365114919,-3.48335311346392,-1.28453980241112,-0.100319935633191,-1.38329732228952
-18.737316221638,-19.4679063973446,-13.1493628304382,-3.42003204475833,-1.16637965644538,-0.0530287183560285,-1.35319128002433
-19.1356552371625,-19.7771333427223,-13.2813601052925,-3.35499761368062,-1.04448686069702,-0.00982813118954917,-1.32260677629073
-19.5218651451631,-20.0749720508852,-13.4077277096197,-3.28920372081067,-0.919901207754481,0.0284546718795133,-1.29172905479363
-19.8962264230844,-20.3620058192153,-13.5291595575685,-3.22337427981774,-0.793476716230934,0.0612129356378994,-1.2607114421246
-20.258953610201,-20.6386816736529,-13.6461520721718,-3.15801846244832,-0.665891785468631,0.0880346089649473,-1.22967716592413
-20.6101929376255,-20.9053131589254,-13.7590178592419,-3.09345056669688,-0.537664891104834,0.108674684018735,-1.19872153000617
-20.9500239236141,-21.162088298613,-13.8679033611698,-3.02981271491618,-0.409173969591183,0.123027383083069,-1.16791421425407
-21.2784639506317,-21.4090812881374,-13.9728090273165,-2.96709905598251,-0.280678036920898,0.131099467571394,-1.13730154345693
-21.5954752417132,-21.6462670261173,-14.0736111128821,-2.90518062075237,-0.152339956386623,0.132985511112998,-1.10690866318246
-21.9009735115126,-21.8735375539923,-14.1700843574769,-2.84383027641713,-0.0242495549266344,0.128845650489974,-1.07674160688011
-22.1948379362162,-22.0907199231136,-14.2619251981955,-2.782747496799,0.103553495808985,0.118886093803434,-1.04678929707633
-22.4769218630275,-22.297594832029,-14.3487751176075,-2.72158276133051,0.231057482139756,0.103342501013589,-1.01702553633007
-22.7470640829427,-22.4939157981007,-14.4302440175287,-2.65996149181684,0.358257508340423,0.0824662423662672,-0.987411073953103
-23.0051001512366,-22.6794282834004,-14.5059332668734,-2.59750736672248,0.485135761686055,0.0565134611466222,-0.957895815471156
-23.2508735290669,-22.8538884568056,-14.575458193031,-2.53386481149179,0.611643536675126,0.0257368091894866,-0.928421240174209
-23.4842461156962,-23.0170810341595,-14.6384695646531,-2.46872032886592,0.737685387348677,-0.00962032766277982,-0.89892305638489
-23.705107829923,-23.1688356853756,-14.6946735705262,-2.40182222653675,0.8631057858412,-0.0493273448108631,-0.86933409242619
-23.9133848365062,-23.309041400728,-14.7438496704675,-2.33299819289999,0.987678645897274,-0.0931679523137695,-0.839587377326931
-24.1090461011293,-23.4376582759794,-14.7858656903758,-2.26217012439822,1.11110001474077,-0.140940046975674,-0.80961932626122
-24.2921079525806,-23.5547261765763,-14.8206895188493,-2.18936561344312,1.23298413222298,-0.192454277523723,-0.779372907720295
-24.4626364060874,-23.6603698484398,-14.8483968545262,-2.11472559287936,1.35286291037689,-0.247531675635043,-0.748800645101729
-24.6207472812202,-23.7548003737265,-14.869174723375,-2.03850780565859,1.47018872331677,-0.306000725080721,-0.717867302435311
-24.7666040487591,-23.8383128521391,-14.8833205653912,-1.96108595555396,1.58434021025585,-0.367694214229413,-0.686552106465844
-24.9004135913586,-23.9112805163388,-14.8912370035841,-1.8829446332616,1.69463064615584,-0.432446169667158,-0.654850388835277
-25.0224202705636,-23.9741457664659,-14.893422684346,-1.80467032573604,1.80031833843437,-0.500089105061879,-0.622774574911924
-25.1328984237348,-24.0274084064989,-14.8904595354581,-1.72693894319927,1.90061844996805,-0.570451738112628,-0.590354484053409
-25.2321437958528,-24.071611759229,-14.8829970844049,-1.65050040375557,1.99471571040141,-0.643357257112723,-0.55763696318375
-25.3204640601001,-24.107326996595,-14.871734281277,-1.57616078707038,2.08177756212371,-0.718622142734251,-0.524684908093506
-25.398168673504,-24.1351360824267,-14.8573992884559,-1.50476250695921,2.16096745457443,-0.796055495705704,-0.491575761724622
-25.4655581289223,-24.1556135032587,-14.8407275187172,-1.4371628255016,2.23145817658897,-0.875458775904655,-0.458399595429868
-25.5229126399623,-24.1693068897318,-14.8224381037847,-1.37421089580436,2.29244530762838,-0.956625831371754,-0.42525688898875
-25.5704801023647,-24.1767164031818,-14.8032087813515,-1.31672338012903,2.34316102679302,-1.03934307423232,-0.392256123430702
-25.6084633764358,-24.1782729196924,-14.7836492406609,-1.26545859396081,2.38288867815694,-1.12338965992059,-0.359511300485046
-25.6370065946993,-24.1743147042289,-14.7642727276006,-1.22108903296264,2.41097856152676,-1.20853750951179,-0.327139490038708
-25.656180566553,-24.1650626142439,-14.745465907593,-1.18417211960925,2.42686550925117,-1.29455102708094,-0.295258504969018
-25.6659672273597,-24.1505937694928,-14.72745692282,-1.15511899755982,2.4300888129255,-1.38118636008908,-0.263984791521775
-25.6662432583148,-24.1308138260331,-14.7102817236008,-1.13416125139571,2.4203150478144,-1.46819006261768,-0.233431615832413
-25.6567630756667,-24.1054281133168,-14.6937488724366,-1.12131552726465,2.39736426165126,-1.55529703493259,-0.203707616062981
-25.637141686629,-24.0739122539555,-14.6774033185292,-1.11634621095988,2.36123986369776,-1.64222764909163,-0.174915777739786
-25.6068379933122,-24.0354830803677,-14.6604898871955,-1.11872659241001,2.31216230306698,-1.72868400920984,-0.147152871904753
-25.5651395350969,-23.9890712090676,-14.6419177543516,-1.12759936568098,2.25060628268746,-1.81434537116824,-0.120509376213657
-25.5111498831173,-23.9332970612727,-14.6202277102705,-1.14173789211402,2.1773407332151,-1.89886283491846,-0.0950698731926158
-25.4437804259732,-23.8664528901928,-14.5935648507706,-1.15951043422069,2.09347008392499,-1.98185355784884,-0.0709138910067263
-25.361748589034,-23.7864939924394,-14.5596601618073,-1.17885052589896,2.00047444998713,-2.0628948883536,-0.0481171172064803
-25.2635851012085,-23.6910431789801,-14.5158255256658,-1.19723775574145,1.90024526835556,-2.14151901904314,-0.026752878388798
-25.1476530865204,-23.577413075517,-14.4589674981369,-1.21169436353534,1.79511167154546,-2.21720895334185,-0.00689373786335545
-25.0121819416501,-23.4426512308721,-14.3856258771352,-1.21880399949567,1.68785168619755,-2.28939678336933,0.0113869749270848
-24.8553185820699,-23.2836126701842,-14.2920430463092,-1.21475943798944,1.58168139776029,-2.35746541648822,0.028013920200989
-24.6751976510388,-23.0970632482605,-14.1742690215013,-1.19544556770907,1.48021491212183,-2.42075491047406,0.0429090183503148
-24.47003059075,-22.8798147038121,-14.0283047052624,-1.15656215974068,1.38738871657335,-2.47857441547441,0.0559914470619128
-24.2382109228994,-22.6288884562158,-13.8502817689344,-1.09378739346919,1.30734631780693,-2.530220297037,0.0671785172912752
-23.9784299159907,-22.341700177883,-13.6366719758675,-1.0029778419851,1.24428307302525,-2.5750003005929,0.0763874717328706
-23.6897932934018,-22.0162514871174,-13.384512146693,-0.880394013204727,1.20225679064327,-2.61226262900116,0.0835380957212577
-23.3719270557814,-21.651310392418,-13.0916248826018,-0.722933700737333,1.18497629271368,-2.64142773318486,0.0885558543358875
-23.0250589527098,-21.2465590873683,-12.7568108181101,-0.528349910903451,1.19558635480707,-2.66201961175801,0.0913751071886808
-22.6500631748278,-20.8026884068884,-12.379987687878,-0.295427853038309,1.23647162678271,-2.67369284453032,0.0919418544112593
-22.2484595960672,-20.3214232549303,-11.9622558289091,-0.0240977935211812,1.30910269705825,-2.67625168490677,0.0902154767893809
-21.8223645627119,-19.8054718118918,-11.5058785280663,0.284532216856214,1.41394353387071,-2.66965836576012,0.0861690665487312
-21.3743974611336,-19.2584024293829,-11.014177718157,0.628228758369131,1.55043155202025,-2.65402931337143,0.0797881869984947
-20.9075536405886,-18.6844625546839,-10.4913577614355,1.00376330612702,1.71703113051452,-2.62961978824564,0.071068190217789
-20.4250586743568,-18.0883617450582,-9.94227979208962,1.4071022996989,1.91135101878238,-2.59679919405463,0.0600104901379783
-19.9302204749685,-17.475044161818,-9.37221417146777,1.83363221393729,2.13030811089746,-2.55602051767893,0.046618368159062
-19.4262940722815,-16.8494742865258,-8.78659820424543,2.27839315927634,2.37031604647382,-2.50778781961029,0.0308929444793618
-18.9163700330575,-16.2164543026556,-8.19082139497444,2.73629759634144,2.62747731786055,-2.45262543526909,0.0128298871453733
-18.4032926647289,-15.5804843358385,-7.59005297422235,3.20231703890122,2.8977611853035,-2.39105176071024,-0.00758271235511995
-17.8896092399822,-14.9456691877084,-6.98911815044205,3.67162717148068,3.17715522375634,-2.32355943178399,-0.0303650454653964
-17.377547800996,-14.3156691204301,-6.39242241111668,4.13970897068504,3.46178428917019,-2.25060268931922,-0.0555447919872354
-16.8690184506231,-13.6936878510086,-5.80391788417534,4.60240901263644,3.74799587353361,-2.17259185918355,-0.0831548762746725
-16.3656319667862,-13.0824887558232,-5.22710274719709,5.05596584008417,4.03241468637621,-2.08989431593261,-0.113229919513453
-15.8687293016568,-12.4844295860126,-4.66504345334346,5.4970110586392,4.31197163828775,-2.00284096453554,-0.145801592960183
-15.3794161065333,-11.9015065903411,-4.12040979082646,5.92255419752329,4.58391346321173,-1.91173715818878,-0.180893118026869
-14.8985972409307,-11.3354001079322,-3.59551388509715,6.32995968980443,4.84579926488665,-1.81687695382805,-0.21851319644366
-14.4270073047474,-10.7875152784439,-3.09234587785598,6.71692305720921,5.09548969514062,-1.71855965072935,-0.258649701012133
-13.9652342557275,-10.2590131643319,-2.61260087112343,7.08145172291269,5.331133479237,-1.61710758409425,-0.301263518711895
-13.5137343026572,-9.75082937365912,-2.15769376085293,7.42185403107125,5.55115482222822,-1.51288415316006,-0.346283012266546
-13.0728373489142,-9.26367909396932,-1.72876074126926,7.7367380121425,5.75424390091598,-1.40631103109791,-0.393599639177857
-12.6427434915929,-8.79804944468819,-1.32664857187112,8.02501930060822,5.93935126786015,-1.29788347498957,-0.443065319333516
-12.2235123504569,-8.35418211910561,-0.951895075288072,8.28593541509748,6.10568557280525,-1.18818265739577,-0.494492142463851
-11.8150482903368,-7.93205131989705,-0.604706604034644,8.51906154594955,6.25271263713142,-1.07788403479524,-0.547654922966294
-11.4170857435126,-7.53134371108663,-0.284940038081645,8.724321364323,6.38015274306768,-0.967760999459963,-0.60229691438807
-11.0291795535445,-7.15144808539613,0.00790221559225568,8.9019855601745,6.48797222501092,-0.858683452175742,-0.658138676780146
-10.6507052920081,-6.79146224658724,0.274656252630448,9.05265129810254,6.57636536118108,-0.751611469249371,-0.714889667380762
-10.2808735494882,-6.45022284106018,0.51645403754677,9.17719783103569,6.64572337706627,-0.647584837834347,-0.77226165473714
-9.91876021702578,-6.12636049285655,0.734652465596677,9.27671714760393,6.69658920349679,-0.547709769054705,-0.829982635902049
-9.56335192188922,-5.81837797532292,0.930737777067822,9.3524232478758,6.72959930927958,-0.453144404842053,-0.887809680766736
-9.21360263417945,-5.52474422084515,1.10621444429715,9.4055485179307,6.7454170115336,-0.365084676747422,-0.945539143187975
-8.86849476100793,-5.24399295285049,1.26249186287485,9.4372394222835,6.74466441321251,-0.284751597691595,-1.00301301036927
-8.52709657175256,-4.97481282492925,1.40078382533298,9.44846517548144,6.72786172545122,-0.21338024679493,-1.0601207644344
-8.1886080843332,-4.71611688918774,1.52203416277085,9.43995160565187,6.69538264561881,-0.152209744457142,-1.11679686787947
-7.85238957016148,-4.46708283984228,1.6268774110538,9.41214833577487,6.64743257136399,-0.102472669172667,-1.17301466351812
-7.51797003568388,-4.2271607797313,1.71563714503714,9.36523178410201,6.58405318898706,-0.0653818599487299,-1.22877791628638
-7.18503652123881,-3.99605074080935,1.78835849213512,9.2991409289933,6.5051532819846,-0.0421124714161572,-1.28411131924183
-6.85340786220032,-3.77365638409526,1.84486688931546,9.21363871014819,6.41056241029972,-0.0337774346717928,-1.33905104476615
-6.522998114078,-3.56002334756533,1.8848433020682,9.10839023396946,6.30010217311137,-0.041394941360625,-1.39363596028714
-6.19377496507811,-3.35527047252936,1.9079068600921,8.98304955844348,6.17366929091804,-0.0658470006970233,-1.44789959359356
-5.86571749652553,-3.15952022000211,1.91369844808798,8.83734915186119,6.0313255389172,-0.107828377503018,-1.5018624785734
-5.5387761152674,-2.97283188558125,1.90196212535889,8.67118911932848,5.87339104365831,-0.167785288746987,-1.55552422446951
-5.21283596111425,-2.79513864802409,1.87262431662223,8.48472605206121,5.70053896978833,-0.245843239958095,-1.60885456751308
-4.88768397792083,-2.62618767888492,1.8258727836749,8.27846312224616,5.5138905255311,-0.341723560311026,-1.66178276404484
-4.56297938140215,-2.46548185398363,1.76223808244117,8.05334344436146,5.31510906105879,-0.454648867202889,-1.71418494986924
-4.23822751985751,-2.31222214035082,1.68267940357694,7.81084756583298,5.10649052033319,-0.583239230051336,-1.76586951293269
-3.91275801881689,-2.16525142520868,1.58867436013157,7.55309310541024,4.89104444821273,-0.725403586523094,-1.81656110830836
-3.58570952202537,-2.02300330165512,1.48230846134361,7.28293007219141,4.67255523005426,-0.878235294814729,-1.86588472141597
-3.25602504249458,-1.88346289366322,1.36635480556071,7.00401938423605,4.45560760842114,-1.03792662785179,-1.91335215224549
-2.92246359087189,-1.74415075384512,1.24432837458391,6.72087522002346,4.24555482912506,-1.19972402191503,-1.95835439157921
-2.58363473078079,-1.6021442822128,1.12049326185388,6.43884539675882,4.04840389594842,-1.35795248865371,-2.00016434085138
-2.23806224035856,-1.45415250734714,0.999797289798732,6.16400063974294,3.87059342611965,-1.50614097778665,-2.03795476974412
-1.88428016954082,-1.29665738540878,0.887709825610003,5.90290698282023,3.71864907853366,-1.63727658517128,-2.070835654299
-1.52095867291928,-1.12612606771613,0.789948585414177,5.66226944780595,3.5987222719292,-1.74420018817787,-2.09791247000974
-1.14704840670797,-0.939283275874658,0.712101693736939,5.44846111234831,3.51604918710011,-1.8201275533652,-2.11836237585257
-0.76192304923994,-0.733413438761881,0.659180095897449,5.26698629012795,3.4744021898013,-1.85924205708092,-2.13151926572378
-0.36549321786724,-0.506644707111011,0.635164636452298,5.12195937916028,3.47563165383757,-1.85726914475057,-2.13695325433208
0.0417343210642933,-0.25815970831936,0.642629414235289,5.01569730016019,3.5193977436876,-1.8119247888714,-2.13452797592673
0.458668832291231,0.0117127806656594,0.68251731844563,4.94851111064556,3.60316060586389,-1.72314375592089,-2.12442205307731
0.883719696385342,0.301545573360922,0.754112524761609,4.91874055066923,3.72243972811005,-1.59303942810418,-2.10710909178301
1.31493575560354,0.608987396541107,0.855207974928769,4.92301756900804,3.87128925779182,-1.42561022060728,-2.08330078539391
1.75017168710502,0.931022786095332,0.982421317736803,4.95669340868601,4.04289040352628,-1.22626413281901,-2.05386615560662
2.18725090587681,1.26426321310076,1.13158653070525,5.01433686545435,4.23014984304583,-1.00126260199624,-2.01974358142248
2.62410082942918,1.60521880436641,1.29814657880827,5.09021423735165,4.42621312338358,-0.75718173986953,-1.98186057467989
3.05884723671459,1.95051564494698,1.47748998192067,5.17868642616877,4.62484038947661,-0.500461807730005,-1.94107106520981
3.48986528734441,2.29704300234539,1.66520013215315,5.27449163537222,4.82063141125205,-0.237079687683865,-1.89811389899896
3.91579253163423,2.64203119453136,1.85721045249556,5.37291113567627,5.00911616847671,0.0276526303625313,-1.85359141947171
4.33551307820704,2.98307109504267,2.0498753401933,5.46983451570697,5.18674240049188,0.289181235382765,-1.80796423415221
4.74812270135112,3.3180904955136,2.23997530073924,5.56174928300283,5.3507946718787,0.543722034551481,-1.76155741190587
5.15288339799148,3.64530251502813,2.42467662328385,5.64568042215395,5.49927523721261,0.788218578515852,-1.71457378164907
5.54917393914373,3.96313902767352,2.60146408877913,5.7191020291823,5.63076963351805,1.02026941449513,-1.66711102888255
5.93644107342339,4.27017926584451,2.76806185141512,5.77983820950584,5.74431241082134,1.23804261491097,-1.6191804111853
6.31415468741714,4.56508134226358,2.92235431860907,5.82596583932745,5.83926229923899,1.44018950760163,-1.57072588645203
6.68176943338735,4.84652275410754,3.06231625352066,5.8557282299667,5.91519179480395,1.62576502773078,-1.52164313396523
7.03869505232651,5.11315501276664,3.18595959281392,5.86746636078929,5.9717935558009,1.79415871143156,-1.47179834955926
7.38427770312874,5.36357717161093,3.29130340529461,5.85957293071906,6.00880481144207,1.94503801922713,-1.42104684592161
7.71779478110555,5.59633279444028,3.37637255994472,5.83047353892698,6.02595073968511,2.07830413724498,-1.36925141894215
8.03846565756215,5.80993432401171,3.43922945532136,5.77863828679966,6.02290801818475,2.19405937356082,-1.31630019605408
8.34548026277957,6.00291742474974,3.47804104316234,5.70262550759944,5.99929010768096,2.29258454609806,-1.26212333693794
8.63804612779767,6.17392522200419,3.49117988033599,5.60115667578958,5.95465578044785,2.37432419266012,-1.20670757651357
8.91545223558955,6.32181827327328,3.47735294934898,5.47321763389306,5.88854152409725,2.43987696216115,-1.15010729028816
9.17714498845148,6.44580094450148,3.43574598760947,5.31817641734965,5.80051649456653,2.48998821400522,-1.09245065424013
9.42280831285906,6.54554959585337,3.366165248109,5.13590304604617,5.69025571350089,2.52554176850547,-1.03393967675986
9.6524370909038,6.62132398410652,3.2691546751669,4.92687299125197,5.55762358413164,2.54754799286326,-0.974843428709219
9.86639216070573,6.674042507498,3.14606641657789,4.69223541844419,5.40275672775796,2.55712616725587,-0.915484685744624
10.0654263582263,6.70530514598473,2.99906736057494,4.43383055168074,5.22613346348231,2.55548019652548,-0.856221192232365
10.2506751552404,6.71735551961129,2.83107387342993,4.15414786541112,5.02861821104447,2.54386818192702,-0.797423665850871
10.4236112419315,6.71298360869426,2.6456189855763,3.85622662669221,4.81147267005457,2.5235677410523,-0.739453187158552
10.5859685594937,6.6953808375548,2.44666785274093,3.54351017224281,4.57633118148251,2.4958399591007,-0.682640621864619
10.7396462560937,6.66796675568627,2.23840532550286,3.21967261605425,4.32514380640249,2.46189525004207,-0.62727021934484
10.8866052909739,6.63420945070123,2.02502194279111,2.88843958038205,4.06009560089654,2.42286406334702,-0.573568659205133
11.0287700720166,6.59746013848209,1.81052172066307,2.55342292981394,3.78351337357731,2.37977453920519,-0.521699857963532
11.1679447115016,6.56081700376869,1.59856822210401,2.217984334286,3.4977713643513,2.33353806660755,-0.471765004678758
11.3057496291698,6.5270264580938,1.39237700672306,1.8851357725941,3.20520538037866,2.28494260687055,-0.423806738778845
11.4435803606718,6.49842336688799,1.19465481810675,1.55747860018108,2.90804183325824,2.23465280865499,-0.377816146632913
11.5825871456598,6.47690662706539,1.00758013710025,1.23717776471583,2.60834474669526,2.18321541877565,-0.333741280361024
11.7236720281246,6.46394352935175,0.832816535085807,0.925964745447763,2.30798099980203,2.131068373936,-0.291496118651961
11.8674991509737,6.46059510670106,0.671549255106374,0.625161589049509,2.00860201569647,2.07855203408071,-0.250969172498238
12.0145139760324,6.46755498881109,0.524536073429811,0.335718647574041,1.7116390022366,2.02592129464564,-0.212031234123444
12.1649676954419,6.48519540370714,0.392165007001951,0.0582596796815709,1.41830846624158,1.9733576387853,-0.174542016529323
12.3189437957001,6.51361538314726,0.274513264718063,-0.20687061312287,1.12962483983784,1.92098049177808,-0.138355616748363
12.4763846586432,6.55268774552189,0.171403617237409,-0.459560110757095,0.846417495382528,1.86885752608861,-0.103324862444492
12.6371167182409,6.60210264128289,0.0824558520823014,-0.699886108352534,0.569349953431888,1.81701375655839,-0.0693046712825798
12.8008733095495,6.66140645325811,0.0071321332356343,-0.928076716206974,0.298939639623531,1.76543941657219,-0.0361545850513986
12.967314867221,6.73003560339829,-0.0552241036256628,-1.14447736749227,0.035577031085357,1.71409671117455,-0.00374064520479122
13.1360462999843,6.80734522450373,-0.105355564697155,-1.34952248258601,-0.220456579762025,1.6629255766472,0.0280632368470697
13.3066316126164,6.89263297318778,-0.144064356372392,-1.54371203741172,-0.468973166265642,1.61184860769998,0.0593742821187596
13.4786060136642,6.98515844149852,-0.172190476707502,-1.72759262615228,-0.709864135775198,1.56077532286389,0.0903001127137446
13.6514857342018,7.0841586490013,-0.190594885154683,-1.90174253333201,-0.943088671424783,1.50960591905013,0.120938207709429
13.8247757586142,7.18886007703225,-0.200146515098263,-2.06676031111773,-1.1686642193553,1.45823464357245,0.15137549308987
13.9979757697899,7.29848773053996,-0.201712650092026,-2.22325639289553,-1.38665902219884,1.40655290068945,0.181688038259759
14.1705844815228,7.41227160745204,-0.196152153296504,-2.37184729610528,-1.59718653604559,1.35445217102608,0.211940853787833
14.3421025802801,7.52945094294699,-0.184311110500398,-2.5131520159431,-1.80040152561787,1.30182680332491,0.242187805619901
14.5120344764427,7.64927655119452,-0.167020509705794,-2.64779024713774,-1.99649759127833,1.24857671088037,0.272471677770947
14.6798889928118,7.77101152392595,-0.145095629244773,-2.77638208689379,-2.18570583249735,1.19460997554689,0.302824426349952
14.8451791917283,7.8939305683707,-0.119336841730124,-2.89954890215697,-2.36829432192453,1.13984534893404,0.333267674758034
15.0074215137306,8.0173182467719,-0.0905315593807965,-3.01791504741902,-2.54456802636006,1.08421462155412,0.36381349793802
15.1661343915486,8.14046637836126,-0.0594570499198253,-3.13211011679809,-2.7148687828717,1.02766482025731,0.394465532751685
15.3208365374058,8.26267089332121,-0.0268838441145003,-3.24277141669938,-2.87957493387631,0.97016019452004,0.425220432304539
15.4710451541778,8.38322847100125,0.00642056020508197,-3.35054635502069,-3.03910025054412,0.911683960646041,0.456069654829182
15.6162742459166,8.50143326824194,0.0396880113680425,-3.45609443403544,-3.19389180730145,0.852239780539087,0.487001540351734
15.7560333005297,8.61657410473317,0.0721463611323307,-3.56008857580346,-3.34442657085492,0.791852976202734,0.518003592319252
15.8898264975339,8.72793240537676,0.103016792928049,-3.66321552384822,-3.49120656064551,0.730571494625239,0.549064841127775
16.0171526964366,8.83478123869101,0.131512128272339,-3.76617515144994,-3.63475260430632,0.668466661706254,0.580178140522815
16.1375062655485,8.93638564823543,0.156836371355551,-3.86967854989985,-3.77559683194558,0.60563376529585,0.611342225742477
16.2503788915034,9.03200446439799,0.178185677128847,-3.97444489611631,-3.91427423257221,0.542192511264839,0.642563366467068
16.3552622864572,9.12089359019244,0.194750823606047,-4.08119716855919,-4.05131368990311,0.478287372376932,0.673856460484825
16.4516517798283,9.20231071135428,0.20572114556381,-4.1906569245194,-4.18722904253703,0.414087822212592,0.705245455002737
16.5390505680258,9.27552117642977,0.210289749103393,-4.3035384222736,-4.3225107294072,0.349788394357167,0.736763026174914
16.6169744302067,9.33980473074199,0.207659693908452,-4.42054248588047,-4.45761860753836,0.285608453376181,0.768449506786821
16.6849565723465,9.39446263973803,0.197050712303639,-4.54235055261535,-4.59297646292571,0.221791500022893,0.800351102377413
16.7425523503277,9.43882474228026,0.177705950718716,-4.66961941077156,-4.72896869088169,0.158603774909041,0.832517487299901
16.7893435472697,9.47225591534666,0.148898175666233,-4.80297712085075,-4.86593950747703,0.0963318684686891,0.86499890163663
16.8249419154973,9.4941614652605,0.109934894154467,-4.94302058340161,-5.00419495103275,0.0352790015389191,0.897842886070378
16.8489918134926,9.50399107284535,0.0601618994550899,-5.09031516847066,-5.14400784807157,-0.0242403891781945,0.931090794781804
16.861171764134,9.50124099011734,-0.00103513628238705,-5.24539669617737,-5.2856257952022,-0.0819081409555764,0.964774208022189
16.8611949057114,9.48545436449928,-0.0742312424263565,-5.40877593490005,-5.4292821256045,-0.137412304029313,0.998911344269055
16.8488084044394,9.45621973616908,-0.159964926070025,-5.58094561099565,-5.57520972513418,-0.190459873661943,1.03350354264779
16.8237920001795,9.41316793976427,-0.258742938711488,-5.76238971920066,-5.72365744497417,-0.240792598235171,1.06853185758682
16.7859559295056,9.3559678173545,-0.371046577070981,-5.95359467659857,-5.87490870270719,-0.288206044572686,1.10395378233871
16.7351386632384,9.28432139439252,-0.497338799807024,-6.15506163179493,-6.02930171368554,-0.332571949738938,1.13970011022145
16.6712048654487,9.1979592850434,-0.638071176443171,-6.36731891519094,-6.18725052553523,-0.373863667352297,1.17567193454669
16.5940442104611,9.09663734105247,-0.793689437327517,-6.5909333739588,-6.3492658042318,-0.412184219229711,1.21173781368622
16.5035715826911,8.98013559293615,-0.964636172420823,-6.82651898382224,-6.51597393569371,-0.447796066780989,1.24773114966608
16.3997293345157,8.84826067681002,-1.15134907384756,-7.07474091743264,-6.68813269718345,-0.481151228320162,1.2834478876527
16.2824921859152,8.70085289415364,-1.35425305989959,-7.33631304098941,-6.86664137549926,-0.512919786907021,1.31864470517987
16.1518752367671,8.53779891545982,-1.57374470946509,-7.61198674855516,-7.05254290321601,-0.544014195535959,1.35303793380949
16.0079454116392,8.35905087360176,-1.81016773836013,-7.9025292096889,-7.24701543757019,-0.575606159193832,1.38630353359358
15.8508363081721,8.16465208675945,-2.06377880982748,-8.20868952098611,-7.45135086534741,-0.609132359765995,1.41807849548312
15.6807660506299,7.95476898314365,-2.33470384540837,-8.53115207382134,-7.66691817859003,-0.6462850487598,1.44796407242597
15.498057224209,7.72972790319697,-2.62288617965789,-8.8704776573564,-7.89511057939932,-0.688983745682068,1.47553120030597
15.3031574449377,7.49005445779031,-2.92802932595684,-9.22703443888416,-8.13727665422864,-0.739325140259942,1.500328351905
15.0966585215452,7.23651207419926,-3.24953860198756,-9.6009227792749,-8.39463789342614,-0.799509934017331,1.52189184141563
14.8793118864513,6.97013561082857,-3.58646717661666,-9.99189973773785,-8.66819717823794,-0.871747794089066,1.53975829420203
14.6520378845498,6.69225557558257,-3.93747286847098,-10.3993105736154,-8.95864513890229,-0.958144630072989,1.55347862501187
14.4159267624616,6.4045087954326,-4.30079189257445,-10.8220351155763,-9.26627301223507,-1.06057961672683,1.56263249159174
14.1722300854552,6.10883259658609,-4.67423453477128,-11.2584563172852,-9.59090139678658,-1.18058215602024,1.56684192055678
13.9223424478574,5.80744145970763,-5.05520535853937,-11.7064562785722,-9.93183351774925,-1.31922057846891,1.56578269570951
13.6677747444715,5.50278753394345,-5.44074734504319,-12.163441757315,-10.2878392409724,-1.47701426051173,1.55919223830352
13.4101216274286,5.19750884607541,-5.82760591797715,-12.6263972488771,-10.6571723796736,-1.65387875402535,1.54687310274355
13.1510267294827,4.89437096216199,-6.2123058323611,-13.0919598243148,-11.0376194533761,-1.84910973710537,1.52869179916551
12.8921496075047,4.59620880905614,-6.59123211633051,-13.5565069933722,-11.4265739287693,-2.0614068218234,1.5045733310535
12.6351379690283,4.305875068838,-6.9607060387962,-14.0162474724157,-11.8211269100424,-2.28893346441245,1.47449245613915
12.3816077586578,4.02620010891923,-7.31704851813091,-14.4673052478737,-12.2181639208154,-2.52940537859041,1.43846313372755
12.1331321999873,3.75996606900486,-7.65662611649387,-14.9057894606098,-12.6144579022537,-2.78019758893554,1.39652782818982
11.891239253204,3.50989497440537,-7.97587824244537,-15.3278459439425,-13.0067506217063,-3.03845978649026,1.3487482951148
11.657415431552,3.27864805355093,-8.27132779281227,-15.7296900751191,-13.3918177980511,-3.30123073837511,1.29519922623748
11.4331126499169,3.06883117413816,-8.53958059968175,-16.1076241939494,-13.7665166588293,-3.56554462160513,1.23596573083603
11.2197540577456,2.88299980881932,-8.7773214031164,-16.4580458793358,-14.1278179225587,-3.82852472501802,1.17114517161011
11.0187345299763,2.72365633085915,-8.98131523342193,-16.7774552271006,-14.4728266792208,-4.08746239692823,1.10085338014623
10.8314119235194,2.59323293094569,-9.14842298245177,-17.0624699285028,-14.7987982329963,-4.33988107119122,1.02523480277616
10.6590862676188,2.49405511657131,-9.27563830452092,-17.3098560157479,-15.103155316354,-4.5835864323111,0.944475670894886
10.5029658718551,2.4282836922721,-9.36014978655024,-17.5165796289592,-15.3835121932116,-4.81670426102966,0.858818877939228
10.364121736708,2.39783719224094,-9.39942756031156,-17.6798809425381,-15.6377089014223,-5.03770727269667,0.768578899706287
10.2434345224495,2.40430157417459,-9.3913277230929,-17.7973659984965,-15.8638555823465,-5.24543154585837,0.674154881302521
10.1415410544732,2.44883874518622,-9.33420187116968,-17.8671061892838,-16.0603827536638,-5.43908213608252,0.576039989262093
10.0587893450626,2.53210902343858,-9.22699422985871,-17.8877299825922,-16.226089443691,-5.61822654987751,0.474825367741175
9.99521151388904,2.65422358425048,-9.06930683337349,-17.8584885907475,-16.3601782024393,-5.78277420491796,0.371197564095591
9.95052231951512,2.81474027951145,-8.86141546898924,-17.7792783205502,-16.4622653948875,-5.93294017428027,0.265929071719283
9.92414704106321,3.01270968407254,-8.60422605321775,-17.6506078145203,-16.5323574147386,-6.06919248731738,0.159862548383561
9.91527686392655,3.24676876566085,-8.29917199709961,-17.4735080017644,-16.5707887378696,-6.19218402855631,0.0538901264698617
9.92294386443929,3.51526922537124,-7.94806559065711,-17.2493942701042,-16.5781250385637,-6.30267228543609,-0.0510701703754189
9.94610279261297,3.81641898914366,-7.55292743076311,-16.9799014429961,-16.5550424017207,-6.40143242364313,-0.154098700126245
9.98370445330226,4.14841093983443,-7.11582436984787,-16.6667195567402,-16.5021999497349,-6.48917088688718,-0.254297223490695
10.0347463687131,4.50951412753395,-6.63874651303981,-16.3114601742744,-16.420126391272,-6.5664475654742,-0.350809356349048
10.0982904306275,4.89810925958432,-6.12354723074624,-15.9155784325289,-16.3091402193544,-6.63361436413342,-0.442837929507382
10.1734435291847,5.31266078853665,-5.57195845682999,-15.4803662168531,-16.1693186793968,-6.69077675708005,-0.529659459519906
10.2593043331476,5.75163010785579,-4.98567928336435,-15.007018957175,-16.0005231614811,-6.73778282838903,-0.610636399051978
10.3548859393296,6.21334570508724,-4.36652190012315,-14.4967650111467,-15.8024795929211,-6.7742415213415,-0.685227923235937
10.4590289100418,6.69585453689923,-3.71658799174863,-13.9510351955243,-15.5749035185788,-6.79956871640053,-0.752999732539756
10.5703212926923,7.19678282251066,-3.03844266633394,-13.3716425525116,-15.3176521184679,-6.81305653910236,-0.813632822539634
10.6870412968006,7.71323326930114,-2.33525294643678,-12.7609403300829,-15.0308808270009,-6.81395841680093,-0.866930578694268
10.8071344920763,8.24173963112797,-1.61086376850612,-12.1219296919077,-14.7151812299538,-6.80158027547116,-0.912823102597897
10.9282315295272,8.77828969730654,-0.869795220545335,-11.4582973574113,-14.3716799754197,-6.77536743586942,-0.951367540579352
11.0477054910222,9.31841616732768,-0.117158204572187,-10.7743753034832,-14.0020848172866,-6.73497742839396,-0.982743426134243
11.1627615514571,9.85734382667667,0.641500883863571,-10.0750275327489,-13.6086725213883,-6.68033115593798,-1.00724262459181
11.2705470114788,10.3901732670448,1.4004052694739,-9.36548007872823,-13.1942224420808,-6.61163821773123,-1.02525423311747
11.3682675691654,10.9120774016859,2.15377568683435,-8.65111755434501,-12.7619070415502,-6.52939596202215,-1.03724552016612
11.4532963960064,11.4184877980853,2.89605363124536,-7.93727191261367,-12.3151554859368,-6.43436536434484,-1.04374052622833
11.5232653011957,11.9052522733096,3.62209687578574,-7.22902659879416,-11.8575077170344,-6.32752927903507,-1.04529815063819
11.5761313981891,12.3687520028521,4.32733151610755,-6.53105355168372,-11.3924748025654,-6.21003986414368,-1.04249143849624
11.6102168903249,12.8059735422185,5.0078531142461,-5.84749312526543,-10.9234175139096,-6.08316188867767,-1.03588940641769
11.6242232769716,13.2145374435758,5.66047704567562,-5.18187987573761,-10.4534504469356,-5.9482176437974,-1.02604224992164
11.6172237762026,13.5926895279223,6.28274374334677,-4.53711137266931,-9.98537443819301,-5.80653761151287,-1.01347026223176
11.5886391308998,13.9392633113165,6.87288784826449,-3.91545342035266,-9.52163642611782,-5.65941940079231,-0.998656369691797
11.5382021764187,14.2536226104776,7.42978142262127,-3.31857320801614,-9.06431338186567,-5.50809593668125,-0.982041880844814
11.4659161821096,14.5355927878369,7.95286101905404,-2.74759170017368,-8.61511572076542,-5.35371279150349,-0.964024886127332
11.3720109817957,14.7853875364005,8.44204693565333,-2.2031473628957,-8.17540515448016,-5.19731373101486,-0.944960680004296
11.2568999958742,15.0035365454644,8.89766122228658,-1.68546476240985,-7.74622234125789,-5.03983319793869,-0.925163614765092
11.1211401920708,15.1908176496734,9.32034909207118,-1.19442312844561,-7.32832030601941,-4.88209428586706,-0.904909865894228
10.9653962056238,15.3481956547445,9.71100673247353,-0.729621481857021,-6.92220043764183,-4.72481081486642,-0.884440689354228
10.790409207294,15.4767689434395,10.0707171818928,-0.290438204644922,-6.52814870291611,-4.5685922880453,-0.863965854786924
10.5969706021823,15.5777241039048,10.4006949005157,0.123916071860477,-6.14627041912097,-4.4139506990409,-0.843667028490351
10.3859003785607,15.6522983445551,10.7022390076436,0.514352648658688,-5.77652255372066,-4.26130839537031,-0.823700961773946
10.1580296871937,15.7017490523387,10.9766946627414,0.881865901285545,-5.41874294608306,-4.11100637761634,-0.804202397233733
9.914187180697,15.7273297389621,11.2254218530419,1.22750095671202,-5.07267620886688,-3.96331260320179,-0.785286654648732
9.65518862003519,15.7302715716882,11.449770747564,1.55232730825288,-4.73799630016818,-3.81843000445595,-0.767051890901685
9.38182920454608,15.7117695955337,11.6510626835749,1.85741768644974,-4.41432587670924,-3.67650401429999,-0.749581044691774
9.09487820681452,15.6729729477652,11.8305759869299,2.14383150085221,-4.10125267673861,-3.53762951165191,-0.732943497061185
8.79507550048449,15.6149783805189,11.9895358556104,2.41260219575531,-3.79834320414214,-3.4018571411378,-0.717196482276349
8.4831295504859,15.538826364055,12.1291075202871,2.66472789242335,-3.50515397387982,-3.26919897704443,-0.702386280377616
8.15971663486835,15.4454993855623,12.2503921786383,2.90116478708199,-3.22124064572608,-3.1396335889751,-0.688549234527078
7.82548097595899,15.3359218947916,12.3544251013436,3.12282280595017,-2.94616529524281,-3.01311052953986,-0.675712622435198
7.48103556958001,15.2109615374776,12.4421754749154,3.33056309680863,-2.67950208307661,-2.88955430263913,-0.66389541343184
7.12696351303883,15.0714313323475,12.5145475788009,3.52519698713882,-2.42084154925242,-2.76886786596504,-0.653108936565673
6.76381969684827,14.9180925670526,12.5723830088971,3.7074861064688,-2.16979374618168,-2.65093573518461,-0.643357483848171
6.39213269938982,14.7516581239365,12.6164636214029,3.87814339343636,-1.9259903805845,-2.53562673485751,-0.634638863806448
6.01240679496188,14.5727960827828,12.6475149952816,4.0378347705444,-1.68908612952136,-2.42279645689558,-0.626944920985647
5.62512398539588,14.3821334386077,12.6662102154087,4.18718129687507,-1.45875926680422,-2.31228947488082,-0.620262031623501
5.23074600157378,14.1802598479542,12.6731738525629,4.32676165407799,-1.23471172199458,-2.20394136541016,-0.614571584615026
4.82971618175318,13.9677311973885,12.6689859167669,4.45711480564073,-1.01666866307565,-2.09758055946218,-0.609850447839773
4.42246125378017,13.7450730929743,12.6541858371275,4.57874277801445,-0.804377705917095,-1.99303008691797,-0.606071429898115
4.00939293392645,13.512784045315,12.6292762366386,4.69211342955355,-0.597607808381331,-1.89010921780272,-0.60320373016927
3.59090936904651,13.2713384284854,12.5947265470276,4.79766317978521,-0.396147920363986,-1.78863504410241,-0.601213380950714
3.16739640445928,13.0211891543488,12.5509763891771,4.89579964106928,-0.199805437387097,-1.6884240175169,-0.600063677185457
2.73922868149467,12.7627700466655,12.4984386852056,4.98690411718348,-0.0084045001326006,-1.5892934594086,-0.599715589216442
2.30677059180459,12.4964979799396,12.4375025490548,5.07133397331256,0.178215825611711,-1.49106306388703,-0.600128156064541
1.87037709542367,12.2227747422951,12.3685359026212,5.14942485038678,0.360203463412913,-1.39355639600296,-0.601258850323705
1.43039444203722,11.941988704335,12.2918878861287,5.22149275168169,0.537695315310425,-1.29660239836698,-0.603063910261418
0.987160828194642,11.654516334822,12.2078910952572,5.28783602304499,0.71081931387091,-1.20003690945347,-0.605498631799112
0.5410070300743,11.3607236118167,12.1168636878014,5.34873725911649,0.879696531062196,-1.10370419407362,-0.608517612604995
0.0922570588659464,11.060967424818,12.0191114556513,5.40446519836873,1.04444334684798,-1.00745848754525,-0.612074942517061
-0.358771114922483,10.7555970157799,11.9149299123828,5.45527665808695,1.20517368388653,-0.911165546223974,-0.616124331937031
-0.811764717000358,10.4449555741693,11.804606523974,5.50141860298186,1.36200132634124,-0.814704199800567,-0.620619173874817
-1.26641515638699,10.1293820695165,11.6884231837099,5.54313043902325,1.51504234630172,-0.71796789291495,-0.625512534723346
-1.72241679357506,9.80921339079233,11.5666590223568,5.58064662812904,1.664417665525,-0.620866198266142,-0.630757069651082
-2.17946545654184,9.48478694359961,11.4395937485531,5.61419977831749,1.81025580079311,-0.523326283703519,-0.636304866363887
-2.63725665750907,9.15644369939337,11.3075115416971,5.64402429054416,1.95269582473407,-0.425294298663854,-0.642107214926971
-3.09548351252836,8.82453186542535,11.1707057380812,5.67036075718169,2.09189061222617,-0.326736649841434,-0.648114317885567
-3.55383434329852,8.48941113242186,11.0294843101386,5.69346119571412,2.22801041188072,-0.227641115553141,-0.6542749474501
-4.0119899953991,8.15145755520393,10.8841762708436,5.71359526885261,2.361246807168,-0.12801774669993,-0.660536071333412
-4.46962093917479,7.81106904711808,10.7351390635177,5.73105760677525,2.49181712537344,-0.0278994891759084,-0.666842474008867
-4.92638422497504,7.46867135021398,10.5827668580036,5.74617626748176,2.61996932380757,0.0726575476290291,-0.673136402423601
-5.38192043551793,7.12472433940932,10.4274996861392,5.75932236227394,2.7459873809609,0.173574256859219,-0.679357277979777
-5.83585084826314,6.77972844594026,10.2698332774399,5.77092081382478,2.87019720003309,0.274749222465452,-0.685441525797372
-6.28777501315375,6.43423080257704,10.1103292170027,5.78146205026821,2.99297295878637,0.376060016564189,-0.691322570951308
-6.73726908666048,6.08883070969161,9.94962506550644,5.79151440288563,3.11474382290591,0.477365188604759,-0.696931066561496
-7.18388523596781,5.74418381055451,9.78844378384043,5.80173674970783,3.23600082643447,0.578507011490131,-0.702195411637766
-7.62715258273024,5.40100435124716,9.62760180421292,5.81289087556727,3.3573036804535,0.679315031091922,-0.70704262732779
-8.06658010535008,5.06006470107865,9.46801477772433,5.82585275405766,3.47928711902168,0.779610423864293,-0.71139964538212
-8.50166201216237,4.72219127156742,9.31069995870916,5.84162181800054,3.60266629505493,0.879211121776006,-0.715195059326326
-8.93188611776639,4.38825589592849,9.15677403774928,5.86132709131377,3.72824060271119,0.977937603209609,-0.718361373271264
-9.35674568475451,4.05916166066281,9.00744505248581,5.88622882967706,3.85689513119448,1.07561916789028,-0.720837756587971
-9.77575524544192,3.73582223441694,8.86399702528682,5.91771421506052,3.98959884462704,1.17210043849888,-0.722573292824809
-10.1884707952176,3.41913376114927,8.72776588973881,5.95728548218692,4.12739841928698,1.26724773689871,-0.723530674265647
-10.5945146499316,3.10993849821426,8.60010530953081,6.00653877466698,4.27140654711001,1.3609548932769,-0.723690258725754
-10.9936051670083,2.80897955780359,8.48234112859082,6.06713202256746,4.42278343385525,1.45314797047646,-0.723054372403735
-11.3855913408477,2.51684631861375,8.37571333470034,6.14074014652838,4.58271014887395,1.54378831944179,-0.721651707531263
-11.7704920959023,2.23391035096345,8.28130465789063,6.22899598481065,4.75235246691618,1.63287334514922,-0.719541636703448
-12.1485398838818,1.96025203449836,8.199955233447,6.33341549034112,4.93281387624405,1.72043436137419,-0.716818247307565
-12.520227876988,1.69557845745417,8.13216311927363,6.45530593508619,5.12507650085851,1.80653094624131,-0.713613887316829
-12.886359695712,1.43913374166033,8.07797098264128,6.59565616748225,5.32992885815977,1.89124129581558,-0.710102012461747
-13.24810008172,1.18960372141594,8.03684000975008,6.75500843346691,5.54787967085766,1.97464820481228,-0.706499125348792
-13.607024047854,0.945018078631958,8.00751318208674,6.9333120084912,5.77905744230364,2.05682047651452,-0.703065588520037
-13.9651609020442,0.702654857302608,7.9878719254918,7.12976027294652,6.02309645468297,2.13778982611734,-0.700105079027532
-14.3250276986241,0.458955002483775,7.97479296860952,7.34261514446464,6.27901140743698,2.21752367941021,-0.697962405793283
-14.6896442557032,0.209458490090849,7.9640166355008,7.56902660176707,6.54506554163167,2.29589476680566,-0.697019341387635
-15.06251875873,-0.0512211627962853,7.95004400885235,7.80486087919042,6.81864113613079,2.37264911347891,-0.697688022190079
-15.4475895024948,-0.329360990218127,7.92608845113484,8.04455915836911,7.09612701701273,2.44737499216821,-0.700401366732116
-15.8491054271577,-0.632002145402826,7.88411605458043,8.28105899841175,7.37284510331256,2.51947664892577,-0.705599896432638
-16.2714274248019,-0.966700234150727,7.81501739942451,8.50582175768371,7.64304602549545,2.58815800004326,-0.713714385213491
-16.7187362942043,-1.3411226196267,7.70895510778203,8.70901712528373,7.90000998005616,2.65242262839661,-0.725144001170063
-17.194645055334,-1.76247750485739,7.55592190456551,8.87991461018082,8.13628915147375,2.7110966432711,-0.740230147989708
-17.701734761161,-2.23679042218425,7.34651517556197,9.00751334454047,8.34411648970191,2.76287929182173,-0.759227101800498
-18.2410634321721,-2.76809118490155,7.07288315289272,9.08139977211216,8.51597790748065,2.80642186771002,-0.782271745619701
-18.8117303408338,-3.35762998283329,6.72973048028478,9.09275854906639,8.64530108736056,2.84042839079908,-0.809356007765563
-19.4105994486731,-4.00328561804164,6.31520640511059,9.03538945188218,8.72716329809198,2.86376326376764,-0.840306623200618
-20.0322807831113,-4.69933567284775,5.83146800288588,8.90653056282376,8.7588822388261,2.87554492328408,-0.874777078356398
-20.6694268182439,-5.4367077407464,5.28474236021483,8.70728768378879,8.74035049839389,2.87520411754372,-0.912255645589126
-21.3133287047224,-6.20372561516779,4.68481270880721,8.44253939551099,8.67401889371816,2.86249290365058,-0.952091178422916
-21.9547177596145,-6.98723684998285,4.04399643891931,8.12031188298841,8.56451781126651,2.83744389146628,-0.993535171241542
-22.5846228912049,-7.77390806304493,3.37581394623028,7.75075260905018,8.41799845098753,2.80029333120158,-1.03579530123743
-23.1951263728378,-8.55144177278722,2.69361422501676,7.34492373269638,8.24134058087093,2.7513902538963,-1.07809322953172
-23.7798993873408,-9.30951190401394,2.0094047089691,6.91365310274682,8.04138746845547,2.69111394775636,-1.1197186310209
-24.3344652209399,-10.0403092127967,1.33304694883469,6.46662700892395,7.82433413425804,2.61981487773868,-1.16007248105676
-24.856204758765,-10.7386917536756,0.671868278049272,6.01181695744088,7.59533365116284,2.53778402754945,-1.19869515040537
-25.3441656559775,-11.4020146199071,0.0306439429373118,5.55524142426715,7.35832451632492,2.44524702576281,-1.23527801764767
-25.7987554205406,-12.0297517804747,-0.588152435055782,5.10099954045382,7.11603856812782,2.34237472932179,-1.26966016927324
-26.2213940034485,-12.6230239970917,-1.1839473190983,4.65148543935442,6.87012952948749,2.22930130568749,-1.3018136892042
-26.61418272985,-13.1841237485301,-1.75761690894116,4.20769345386483,6.62136293705034,2.10614286212046,-1.33182180628448
-26.9796237739434,-13.7160959563044,-2.31106067878501,3.76954332944101,6.3698207863052,1.97301266933423,-1.35985395395888
-27.3204042750156,-14.2224029856819,-2.84684015594739,3.33617929078709,6.11509061369399,1.83003173857264,-1.38614095248152
-27.6392449012581,-14.7066796122091,-3.36789869084407,2.90621933387537,5.85642368354493,1.67733537608322,-1.41095245059509
-27.9388044208685,-15.1725695765227,-3.87736069335399,2.47794787011619,5.59285800238133,1.51507729212037,-1.43457775064224
-28.2216285004881,-15.6236286842121,-4.37839930296784,2.049455312157,5.32330873455861,1.34343310025425,-1.45731035034482
-28.4901305381377,-16.0632776882401,-4.8741576992008,1.61873345243793,5.0466319490982,1.16260486874695,-1.4794359925437
-28.7465938262361,-16.4947894813603,-5.36770912516507,1.18373722543061,4.76166869072224,0.97282804296696,-1.50122371553495
-28.9931863837046,-16.9212976412064,-5.86204239520003,0.742423114269043,4.46727607140126,0.774381675928157,-1.52291926838463
-29.2319817329153,-17.3458160573164,-6.36006197221217,0.292773173307187,4.16235115691864,0.56760256044921,-1.54474023507651
-29.4649806556984,-17.7712618185118,-6.86459398133244,-0.167187901665191,3.84585237189154,0.352903578920663,-1.56687226141012
-29.6941302683621,-18.2004754392505,-7.3783914214743,-0.639376655579236,3.51682216634257,0.130796348975278,-1.58946585654006
-29.9213374917827,-18.6362337455767,-7.90413320966785,-1.12563087003061,3.17441385162939,-0.0980819872017284,-1.6126333203116
-30.1484747289039,-19.0812517025184,-8.44441269700475,-1.62768171338581,2.81792488020412,-0.33293824440172,-1.63644544677062
-30.3773755928168,-19.5381697827913,-9.00171184500276,-2.14711474071677,2.44683824543498,-0.572789714635234,-1.66092773174415
-30.6098188115431,-20.0095238186613,-9.57835769925861,-2.68531699745056,2.06087312622717,-0.816428980165627,-1.68605592034595
-30.8474983969511,-20.4976943947809,-10.1764581559646,-3.24340808622997,1.66004519033339,-1.0623889461792,-1.71175084318029
-31.0919783424871,-21.0048331831527,-10.797814609064,-3.82215390997505,1.24473601168435,-1.30891091070257,-1.73787264294337
-31.3446304571146,-21.5327643076418,-11.4438101001103,-4.42186311903337,0.815769687918678,-1.55391959989295,-1.76421468799763
-31.6065547596258,-22.0828602228911,-12.1152734071509,-5.04226830966227,0.374492855463695,-1.79501037036666,-1.79049772133832
-31.878483349131,-22.6558940139113,-12.8123224133922,-5.68239695465764,-0.0771481650908177,-2.0294550608662,-1.81636509878237
-32.1606708574384,-23.2518736215876,-13.5341942538849,-6.34044095339006,-0.536542307556402,-2.25423395086914,-1.84138029504802
-32.4527780034704,-23.8698686775611,-14.2790753168934,-7.01363846865755,-1.00037307994024,-2.46610150224703,-1.86502816766662
-32.7537584253599,-24.5078465125894,-15.0439503988987,-7.69818662624444,-1.46461709589066,-2.66169233836192,-1.88672161907224
-33.0617636277332,-25.1625405230159,-15.8244965981864,-8.38920774877319,-1.92459756735905,-2.8376706651312,-1.90581522275501
-33.3740840263156,-25.8293787226798,-16.6150513871489,-9.08079304347409,-2.3751064739979,-2.9909205047109,-1.92162684538144
-33.6871455918861,-26.5025016683692,-17.408683851006,-9.76614430181518,-2.81060295099582,-3.11876593230623,-1.93346728065861
-33.9965787039171,-27.1748937488702,-18.1973904438697,-10.4378243492726,-3.22548464645591,-3.21920103062224,-1.94067637649223
-34.2973686391117,-27.838639511767,-18.9724212809246,-11.0881109085776,-3.6144145256484,-3.29110090518093,-1.94266239626678
-34.5840847000348,-28.4852970664678,-19.7247208443161,-11.7094282483298,-3.97267076022631,-3.33438081093291,-1.93893980291112
-34.8511704196461,-29.1063580334474,-20.4454431025917,-12.2948116551716,-4.29647647435904,-3.35007310806217,-1.92915992080781
-35.0932640619974,-29.6937439066697,-21.1264822000661,-12.8383475912973,-4.58326369423283,-3.34030244029191,-1.91312945319129
-35.3055112074109,-30.2402787332724,-21.7609528805879,-13.3355325445225,-4.83183425476593,-3.30815650289079,-1.89081370051718
-35.4838319244758,-30.7400813118264,-22.3435627748626,-13.783507194551,-5.04239827987067,-3.25746860304632,-1.86232409045664
-35.6251148554611,-31.1888368889279,-22.8708402931826,-14.1811463926754,-5.21649336600214,-3.19254353303543,-1.82789254734368
-35.7273249886917,-31.5839321345873,-23.3412096000317,-14.5290118632585,-5.35680795837926,-3.11786567092882,-1.7878373721751
-35.789527870083,-31.9244618249534,-23.7549304733122,-14.8291963559336,-5.46694531437358,-3.03782651908572,-1.74252622541106
-35.8118446481146,-32.2111331939735,-24.1139379907756,-15.0850994493859,-5.55116731629721,-2.95649975478155,-1.69234137639801
-35.7953584904513,-32.4461019956516,-24.4216228354306,-15.3011756759778,-5.61415150980725,-2.87747914918568,-1.63765104488239
-35.7419924701856,-32.6327723322126,-24.6825880773615,-15.4826870534358,-5.66078332816056,-2.80378219000879,-1.57878891520223
-35.6543745481592,-32.7755839195081,-24.9024068776961,-15.6354789486224,-5.69599253679151,-2.73781267738595,-1.51604229223492
-35.5356976347041,-32.8797981301577,-25.0873910137443,-15.7657838869956,-5.72463131456949,-2.6813698668221,-1.44964812066797
-35.3895761227236,-32.9512831433605,-25.2443674811241,-15.8800463139826,-5.75138311081539,-2.63568977668461,-1.37979539242637
-35.2198943439949,-32.996289445923,-25.3804507233314,-15.9847532163686,-5.78068669088967,-2.60150488340991,-1.30663217932544
-35.030639743,-33.0212026935681,-25.5027936791396,-16.0862522858374,-5.81665868453182,-2.57911058797277,-1.23027561323888
-34.8257139549771,-33.0322615172379,-25.6183017597936,-16.1905406514211,-5.86299987608109,-2.56842957248174,-1.15082344330501
-34.6087184054159,-33.035233132233,-25.7332998075906,-16.303012695091,-5.92287485279943,-2.56906790545416,-1.06836622432052
-34.382716850561,-33.0350486436513,-25.8531520587275,-16.4281642415046,-5.99876083597144,-2.58035923400057,-0.982999629189173
-34.1499850582694,-33.0354119109553,-25.9818481688869,-16.5692616635724,-6.09226903724005,-2.60139563514558,-0.894836749916966
-33.9117655727068,-33.0384082831755,-26.1215821957756,-16.7279965529865,-6.20394995395789,-2.63104571985796,-0.804020435149326
-33.6680532666706,-33.0441519596457,-26.2723653473207,-16.9041589488286,-6.33310228184446,-2.66796260407229,-0.710735678043392
-33.4174427273274,-33.0505203236358,-26.4317247332434,-17.0953728934311,-6.47761276458515,-2.71058632621571,-0.615221758648266
-33.1570719446517,-33.0530302525744,-26.5945488117073,-17.2969467015537,-6.63386080736537,-2.75714721586505,-0.517783356767556
-32.8826954449485,-33.0449115196401,-26.7531421469328,-17.5018939552352,-6.79672539271729,-2.8056781594036,-0.418799274776479
-32.588913616656,-33.0174243112003,-26.897545008308,-17.7011772798728,-6.95973069353634,-2.85404421445943,-0.318726969820978
-32.2695697187344,-32.9604460751328,-27.0161512560925,-17.8842101125905,-7.11535725356363,-2.89999671893,-0.218100974033296
-31.9183017210595,-32.863315598236,-27.0966179481516,-18.0396185637524,-7.25552491551149,-2.94125535517493,-0.117523690556005
-31.5292029074697,-32.7158695296673,-27.1270019692516,-18.1562153386753,-7.37222103486289,-2.97561534749201,-0.0176480502613674
-31.0975094607711,-32.509547850084,-27.0969924250366,-18.2240782332392,-7.45820760349864,-3.00106905919097,0.0808470124288629
-30.6202069274723,-32.2383985612027,-26.9990528509862,-18.2355743273955,-7.50770503617302,-3.01592403563588,0.177285720998838
-30.0964434735252,-31.8997997994109,-26.829269264305,-18.1861500144886,-7.5169337296767,-3.0188960462471,0.271025557585627
-29.5276653857977,-31.4947556279203,-26.5877376387554,-18.0747343230601,-7.48440963188503,-3.00915842336053,0.361484367884963
-28.9174461988762,-31.0277069046459,-26.2784157649124,-17.903678976817,-7.41093815535961,-2.98633814382184,0.448161378590348
-28.2710480014929,-30.50590531011,-25.9084826152631,-17.6782611650892,-7.29931797598018,-2.95046175629436,0.530650635792849
-27.5948092128662,-29.9384905606224,-25.4873528803867,-17.4058688506117,-7.15382927739949,-2.90186577540965,0.608647073933528
-26.8954790515733,-29.3354575588427,-25.025550418279,-17.0950420326349,-6.97961840264811,-2.84109240168004,0.681946600596218
-26.1796102946907,-28.7066921979284,-24.5336397833448,-16.7545442778467,-6.78209360334516,-2.76879087545515,0.750441957418622
-25.453088165249,-28.0612048396927,-24.0213629028996,-16.3925969122668,-6.56642043468826,-2.68563894533556,0.814115849448013
-24.7208296627001,-27.4066231080871,-23.4970545666331,-16.0163458672031,-6.33716491243998,-2.59229090699217,0.873032295107879
-23.9866493402024,-26.7489443617956,-22.9673421433136,-15.631571489256,-6.09809318049449,-2.4893515108751,0.927326699926835
-23.2532616719105,-26.092505736804,-22.4370867802783,-15.2426085109172,-5.85210771430952,-2.37737038318643,0.977194937195171
-22.5223791481805,-25.4401101342487,-21.9095002206142,-14.8524216576169,-5.60128528825133,-2.25684985078908,1.02288173526187
-21.7948650626909,-24.7932446521012,-21.3863681050687,-14.4627781822254,-5.34697885080521,-2.12825943320909,1.06466877145687
-21.0709070584227,-24.1523378776738,-20.8683206458455,-14.0744662846757,-5.08995020750293,-1.99205188070926,1.10286297319965
-20.350187018997,-23.5170168294103,-20.3551069463447,-13.6875211482406,-4.83050867056622,-1.84867755443122,1.13778553526391
-19.6320324104747,-22.8863390273744,-19.8458452193536,-13.3014338915545,-4.56863963960243,-1.69859565522644,1.16976208754689
-18.9155418773465,-22.2589873022737,-19.3392345237314,-12.9153302649144,-4.30411459061517,-1.54228203695076,1.1991143057513
-18.1996835387845,-21.6334239203835,-18.8337235746419,-12.5281145570318,-4.03657954214047,-1.38023408682447,1.22615310251611
-17.4833677606224,-21.0080060771281,-18.3276383693757,-12.1385796639191,-3.76562264346392,-1.21297347563563,1.25117338090266
-16.7654981059763,-20.381067982745,-17.8192739520225,-11.7454874607771,-3.49082355145799,-1.04104764582127,1.27445022520503
-16.045004708385,-19.7509758183979,-17.3069569375508,-11.3476248654428,-3.21178806778654,-0.86503079199017,1.29623632379151
-15.3208643603493,-19.1161620053333,-16.7890856486281,-10.9438412419709,-2.92817161995229,-0.685524920956453,1.3167603925634
-14.5921109481137,-18.475144357584,-16.2641538788543,-10.5330721771224,-2.63969479737904,-0.503161374893951,1.3362263465613
-13.8578395193115,-17.8265351276068,-15.7307636505241,-10.1143540907536,-2.34615369342661,-0.318603040322098,1.35481300451395
-13.1172064084782,-17.1690437244263,-15.187631076123,-9.68683313608044,-2.04742719555472,-0.132547299831119,1.37267411975781
-12.369427440958,-16.5014762249803,-14.6335886808159,-9.24977117482897,-1.74348287038341,0.0542703360539245,1.38993857822112
-11.6137757333766,-15.822734035083,-14.0675867161087,-8.80255090576991,-1.43438261846225,0.241072093616404,1.40671063776123
-10.8495802683106,-15.131813516372,-13.4886953864418,-8.3446816788411,-1.12028888141724,0.427033577159601,1.42307012258688
-10.0762260839695,-14.4278078685326,-12.8961093304691,-7.8758070165402,-0.801471838739059,0.611279566916752,1.43907251493163
-9.29315681486163,-13.7099123541396,-12.2891554203581,-7.39571455388351,-0.478317746303204,0.792880461727016,1.45474893443831
-8.49988005670441,-12.9774335379619,-11.6673044786331,-6.90434868426274,-0.151338276643341,0.970849965422033,1.47010601960194
-7.6959759108645,-12.2298029950085,-11.0301872248919,-6.40182588361003,0.178819548633098,1.1441447291742,1.48512576495878
-6.88110890286506,-11.466595666378,-10.3776144220616,-5.88845232819375,0.511363527200433,1.3116667689923,1.49976540413858
-6.05504326215452,-10.6875526987066,-9.70960078295163,-5.36474301799153,0.845347530538363,1.47226955796514,1.51395746232614
-5.21766127310135,-9.89260814970879,-9.02639168720054,-4.83144115661678,1.17966511332901,1.62476871471783,1.52761012549402
-4.36898416775805,-9.08191858284322,-8.32849134019891,-4.28953614159126,1.51304701325729,1.76795817135055,1.5406081151876
-3.50919456066801,-8.2558938419373,-7.61669026670975,-3.74027797857028,1.84406425422559,1.90063250776774,1.55281424506677
-2.63865908383878,-7.41522683130916,-6.89208957564267,-3.18518562220291,2.17113863469422,2.02161582736582,1.5640718460874
-1.75794941891483,-6.56091948366829,-6.1561188732465,-2.62604648812475,2.49256224287517,2.12979703168846,1.57420820214545
-0.867859566257876,-5.69430165198133,-5.41054440475842,-2.06490442264252,2.80652723753384,2.22417066066115,1.58303906770399
0.0305830132728895,-4.81703951014087,-4.65746407547482,-1.50403383871656,3.11116644257244,2.30388164834735,1.5903742438915
0.936114734990667,-3.93113021185189,-3.89928645936434,-0.94589855512459,3.40460428754297,2.36827145380927,1.59602404877125
1.8472437034401,-3.0388802796144,-3.13869195304647,-0.393095177147504,3.68501639772059,2.41692223913457,1.59980637557105
2.76226930451568,-2.14286641177635,-2.37857577047945,0.151717502442851,3.95069482234944,2.44969522846295,1.60155389369607
3.67931383372126,-1.24587904028286,-1.6219743696086,0.685899808232379,4.20011467570615,2.466759247569,1.60112083117775
4.59636517014017,-0.350850909767233,-0.871978961412019,1.20691825219224,4.43199717717026,2.46860588743411,1.59838874505135
5.51132822936356,0.5392252145672,-0.131641532399916,1.71243224799873,4.6453638686358,2.45604873656248,1.59327072473916
6.4220818370146,1.42138416505968,0.59612000339437,2.20037392129414,4.83957730491057,2.43020560631407,1.58571359850394
7.32653701911029,2.29277504625299,1.30861060179092,2.66901496700068,5.01436477422814,2.39246443440913,1.5756979212753
8.22269263409222,3.15074088322297,2.00343462263597,3.11701590256399,5.16982340578163,2.34443528010312,1.56323576874919
9.10868474575612,3.99288621480151,2.67855548468498,3.54345511105609,5.30640702801812,2.28789220853617,1.54836659743565
9.98282720841697,4.81712937485132,3.33233604596048,3.94783744837648,5.42489710388589,2.22470972013835,1.53115164259859
10.8436421777281,5.621738286669,3.96355971091209,4.33008440806556,5.52636152091847,2.15679853617625,1.51166743752037
11.6898806845338,6.40535069812453,4.57143447701318,4.69050963167741,5.61210591848515,2.08604512135171,1.48999908682096
12.5205345754493,7.16698149791307,5.15558378391748,5.02978461751194,5.68362240068048,2.01425840030976,1.46623387954061
13.3348419759564,7.90602089212145,5.71602895602085,5.34889978727862,5.74254005662574,1.94312595783501,1.44045572650506
14.1322888768993,8.62222769604472,6.25316820139413,5.64912568504579,5.79058084139498,1.87418081419111,1.41274077389158
14.9126094738868,9.31572183019831,6.76775662563908,5.93197815918702,5.82952324927092,1.80877880953363,1.38315440515824
15.6757875224118,9.98697938024267,7.26089066930337,6.19919009012218,5.8611750002682,1.74808581700379,1.35174971271707
16.4220602513149,10.6368323915412,7.73399892535346,6.4526907337627,5.8873547805066,1.69307346820803,1.31856740736818
17.1519256268515,11.2664742064939,8.18883970203165,6.69459228713157,5.90988209289592,1.64452182549597,1.28363705986968
17.8661524427772,11.8774693466885,8.62750381244042,6.92718171175615,5.9305732948771,1.60302735237391,1.24697947992636
18.5657918076081,12.4717653932853,9.05241944377879,7.15291462255984,5.95124127876795,1.56901465386582,1.20861000560959
19.252187331283,13.0517026173523,9.46635432787564,7.37440691900635,5.97369568151268,1.54275061927381,1.16854242362726
19.9269803542945,13.6200157949642,9.87240924016589,7.5944191428518,5.9997402364261,1.52435981098256,1.12679321600497
20.5921059008593,14.1798218260515,10.2739962321966,7.81582836377522,6.03116388500083,1.51384014436676,1.08338582120163
21.2497748323871,14.7345866789918,10.6747951542145,8.04158284213946,6.06972260284575,1.51107807219501,1.03835461509721
21.9024381898472,15.2880660579901,11.0786831491306,8.2746359076006,6.11710962203259,1.51586262220746,0.991748372324355
22.5527307302045,15.8442158903058,11.4896337616594,8.51785727296604,6.17491274457081,1.52789772277423,0.943633047458748
23.2033924413722,16.4070713363154,11.9115850840578,8.77392231451554,6.24455873706728,1.54681232867309,0.894093828202356
23.8571687098519,16.9805958938898,12.3482793616397,9.04518221838915,6.32724608889917,1.57216791809576,0.843236520185028
24.5166920853163,17.5685052498689,12.803079535405,9.33352018397817,6.42386868525633,1.60346303967558,0.79118842709969
25.1843501350975,18.1740728309579,13.278770479397,9.64020050372141,6.53493383625907,1.64013471643935,0.738098934177508
25.8621452528514,18.7999257848724,13.7773543532786,9.96571847699766,6.66047877902302,1.68155673350915,0.684140002878429
26.5515528356071,19.4478409462712,14.2998502764884,10.3096596440935,6.79999015154825,1.72703511825683,0.629506712961661
27.2533845909953,20.1185508198385,14.8461090109822,10.6705772251054,6.95233133897689,1.77580149684027,0.574417870905842
27.9676637067101,20.8115698686513,15.4146537553609,11.0458971172412,7.11568312045997,1.82700543848968,0.519116547253445
28.6935191808729,21.5250523734277,16.0025592976955,11.4318608734912,7.28750402872673,1.87970739649298,0.463870251785812
29.4291075156716,22.2556947440137,16.6053835685546,11.8235185693093,7.46451813838665,1.9328743468592,0.408970315646654
30.1715715069037,22.9986974886258,17.2171679319032,12.2147850372385,7.64273941299262,1.98538065444009,0.35472995623884
30.917047469379,23.747804213293,17.8305243087148,12.5985735809865,7.81754259654703,2.03601692640401,0.301480476356686
31.6607328851462,24.495435471618,18.4368267191531,12.9670194502025,7.98378993728473,2.08350945432059,0.249565122641889
32.3970252857165,25.2329323857787,19.0265202433937,13.3117996025867,8.1360197835929,2.12655211881246,0.199330336307168
33.1197383312265,25.950916430998,19.5895496468322,13.6245442211639,8.26869631271118,2.16385114075804,0.151114484123529
33.8223920028164,26.6397569054059,20.1158926112507,13.8973193677405,8.37650938595468,2.19418083163182,0.105234650657259
34.4985612429068,27.2901177008376,20.5961606231683,14.1231414628655,8.45470119311402,2.21644582542099,0.061972630523016
35.1422534426024,27.8935338969193,21.0222088307085,14.2964676768001,8.49938490370042,2.22974278322023,0.0215617400238531
35.7482734206845,28.4429523661735,21.3876813396725,14.4135977431091,8.5078138862158,2.23341306611013,-0.0158237069156946
36.312530379663,28.9331664267395,21.6884178903919,14.4729277633997,8.47856199929348,2.22707819190619,-0.0500745888275522
36.8322464630594,29.361085615329,21.9226642528175,14.4750162309275,8.4115869896556,2.21065222467508,-0.0811477778912218
37.3060417635923,29.7258075251153,22.0910600853922,14.4224533400413,8.30816825790742,2.18432920819829,-0.109061423579763
37.7338915601799,30.0284923089348,22.196415875767,14.319558133344,8.17073186785562,2.14854821886943,-0.133885572453284
38.1169726235497,30.2720726448552,22.2433244153062,14.1719548416416,8.0025936083066,2.10394230525725,-0.155729730697846
38.4574306032835,30.4608538591671,22.2376730229407,13.9860930078891,7.80766048996491,2.05127951664173,-0.174729305300827
38.7581072206351,30.6000666963955,22.1861271784013,13.7687742921569,7.590131048586,1.99140416215545,-0.191032735680352
39.0222638951702,30.6954294614559,22.0956462036461,13.5267353794582,7.35422699569915,1.92518476588231,-0.204790666370989
39.2533301838471,30.752761582807,21.9730729920479,13.2663171519232,7.10397683732786,1.85347268429356,-0.21614790281123
39.454695147024,30.7776732637994,21.8248193939569,12.9932313178802,6.8430599681515,1.77707285413766,-0.225238317879846
39.6295490350526,30.7753393106414,21.6566508212842,12.7124204363964,6.57470979799725,1.69672611092686,-0.232182441684451
39.7807751024588,30.7503534588871,21.4735614034251,12.427997902518,6.30166813867025,1.61310127040122,-0.237087216296789
39.9108858964136,30.7066519593795,21.2797239922126,12.143250076306,6.02617996309493,1.52679458462453,-0.24004730351367
40.0219962371999,30.6474923344425,21.0784972556233,11.8606825146829,5.75001721973495,1.4383341657614,-0.241147358830803
40.1158234683815,30.5754721985227,20.8724723337806,11.5820939730885,5.47452133359804,1.34818722124347,-0.240464766921394
40.1937078271516,30.4925758378098,20.6635448631045,11.308665450184,5.20065614420191,1.25676844874451,-0.238072457639565
40.2566451084485,30.4002370858835,20.4530002147555,11.0410542553027,4.92906479328877,1.16444833922659,-0.234041524714267
40.3053267511351,30.2994106571591,20.241603599312,10.7794864905613,4.66012617188167,1.07156062064035,-0.22844347837432
40.3401829990999,30.1906456929313,20.0296888490811,10.5238435023975,4.39400796664192,0.978408398978093,-0.221352039413261
40.3614261783677,30.0741573033457,19.8172418929033,10.2737397603894,4.13071457201256,0.885268833553536,-0.212844444805868
40.3690919140746,29.9498932311718,19.6039764459163,10.028590906089,3.87012898830268,0.792396375086032,-0.203002277981928
40.3630772853502,29.8175941986158,19.3894008131484,9.78767174154293,3.61204847600472,0.700024734314804,-0.191911868363325
40.3431748075239,29.6768468181106,19.1728752003273,9.55016436027174,3.35621406924859,0.608367809715039,-0.179664318829588
40.3091020050838,29.5271288806818,18.9536597197518,9.31519712132068,3.10233435428047,0.517619848131221,-0.16635523063761
40.2605264513819,29.3678471089587,18.7309535622017,9.08187533637408,2.85010404668195,0.427955110435336,-0.15208419594717
40.1970864059213,29.1983677751555,18.5039260629159,8.84930465659744,2.59921797913823,0.339527295086476,-0.136954124895264
40.1184073228749,29.0180407649786,18.2717405228745,8.61660817403916,2.34938113464502,0.252468937075524,-0.121070467314249
40.0241145140136,28.826217715419,18.0335716689235,8.38293821134114,2.10031534533945,0.166890955393382,-0.104540380080615
39.9138423716644,28.6222649561561,17.7886176757516,8.14748373239849,1.85176325161589,0.0828824761787821,-0.0874718816464844
39.7872407802036,28.4055721352892,17.536107728686,7.90947426698144,1.60349007919526,0.000511012364230637,-0.0699730258878086
39.6439788310371,28.1755570179656,17.275305817344,7.66818104468731,1.35528371356918,-0.0801769635334117,-0.0521511170220045
39.4837465527844,27.9316673424496,17.0055116496827,7.42291606475787,1.10695352588058,-0.159155051250144,-0.0341119807411187
39.3062547185138,27.6733801156382,16.7260592179382,7.17302961015495,0.858328323050164,-0.236415586641251,-0.0159592989145536
39.1112335497842,27.4001992275096,16.4363138070721,6.91790677861863,0.609253768087335,-0.311967988493721,0.00220598908499884
38.8984302108069,27.1116515676188,16.1356677699074,6.65696335530675,0.35958954009551,-0.385836850891467,0.0202862201437794
38.667605473649,26.8072821374889,15.8235355489285,6.3896413869422,0.109206479552867,-0.458059851686112,0.0381874797317167
38.4185299954195,26.4866486593067,15.4993483957689,6.1154047737521,-0.142016077493225,-0.528685551784039,0.0558200181304433
38.1509801885592,26.1493158340486,15.1625490091695,5.8337350793612,-0.394192608072514,-0.597771152269111,0.0730986161900304
37.8647340097586,25.79484962165,14.8125864259889,5.54412779200546,-0.647433206715096,-0.665380272377825,0.0899429061974078
37.5595666956014,25.4228116958012,14.4489113596951,5.24608920659854,-0.901844757371298,-0.731580797246274,0.106277652303265
37.2352468567851,25.0327544788695,14.0709723206894,4.93913414699456,-1.15753136436967,-0.796442838449099,0.122032994675464
36.8915328280929,24.6242168074993,13.6782126473977,4.62278467158699,-1.4145939360128,-0.860036827870382,0.137144658944492
36.528169491804,24.1967205007889,13.2700687090299,4.29656996168944,-1.67312882264375,-0.922431755682454,0.151554131455326
36.1448858957913,23.7497681747595,12.8459695847783,3.96002761203222,-1.93322542210745,-0.983693552017859,0.165208799709478
35.7413936013124,23.282842398727,12.4053383960199,3.6127065095715,-2.19496265064034,-1.04388358811907,0.178062053975629
35.317386051541,22.7954065401569,11.9475956193282,3.25417154945039,-2.45840418906437,-1.1030572667504,0.190073345376095
34.8725392053843,22.2869076262273,11.4721647075779,2.88401044447801,-2.72359241567671,-1.16126265852949,0.201208193792481
34.4065135782066,21.7567815003794,10.9784803319695,2.50184288976785,-2.99054093235778,-1.21853912627072,0.211438136455375
33.9189579858122,21.2044606702482,10.4659996306373,2.1073323705789,-3.25922560631911,-1.27491587460987,0.220740607077747
33.40951525637,20.6293852386368,9.9342168523776,1.7002009002653,-3.52957406231965,-1.33041035475997,0.229098733686282
32.8778302051769,20.031017341828,9.3826818001228,1.28024696809592,-3.80145358702201,-1.38502645207125,0.236501042256029
32.3235602465658,19.4088595744786,8.81102249285279,0.847366950675738,-4.07465745684948,-1.43875238886104,0.242941053138707
31.7463888876329,18.7624777952561,8.21897239456358,0.401580176622766,-4.34888974954191,-1.49155827723084,0.248416756431996
31.1460425466112,18.0915288028515,7.60640254751854,-0.0569422579397165,-4.62374881666547,-1.54339328061742,0.252929955096105
30.5223110884438,17.3957932796114,6.97335880360688,-0.527844994439511,-4.8987097306317,-1.5941823684711,0.256485467144161
29.8750721046901,16.675214085849,6.32010406259655,-1.01055254729238,-5.17310615473113,-1.64382267049152,0.259090180058363
29.2043192911278,15.9299400139565,5.64716521287236,-1.50423071980781,-5.44611238600294,-1.69217951026737,0.260751960944515
28.5101948283167,15.1603745963581,4.95538392981781,-2.00774642693556,-5.71672658933352,-1.73908225556382,0.26147843349772
27.7930252880202,14.3672289920028,4.24596982813079,-2.51962765487505,-5.98375658353975,-1.78432020371861,0.261275645015698
27.0533604077761,13.5515773865937,3.52055366453144,-3.03802606305922,-6.24580999736139,-1.82763883958771,0.260146665687608
26.2920131480994,12.7149122194202,2.78123718410632,-3.56068559672158,-6.50129096668573,-1.86873689903887,0.258090179286066
25.5100990057055,11.8591955738155,2.03063506494259,-4.08492144239912,-6.74840597622851,-1.90726480725516,0.255099149776327
24.7090714372314,10.9869016842757,1.27190315730221,-4.60761450325466,-6.98518161509497,-1.9428251444888,0.251159668428202
23.8907495372408,10.1010443942152,0.508746190125568,-5.12522718576914,-7.20949700310221,-1.97497585955007,0.246250106619744
23.0573332107447,9.20518242177255,-0.254602467941384,-5.63384631505033,-7.41913312528837,-2.00323691622589,0.240340707474269
22.2114007087961,8.30339505429986,-1.01343611150179,-6.12925817476107,-7.61184025867587,-2.02710091586726,0.233393743013313
21.3558835577365,7.40022166441113,-1.76267063980131,-6.60705866901061,-7.78542293098947,-2.04604793894618,0.225364333145661
20.4940150475135,6.50056064949295,-2.49698361591146,-7.06279830752471,-7.93783950297607,-2.05956439341843,0.216201966161895
19.629250463893,5.60952711109355,-3.21099422872201,-7.49215716758662,-8.06731065176041,-2.06716505324165,0.205852675966238
18.7651604659783,4.73227375767654,-3.89947604602296,-7.8911397861882,-8.17242832092829,-2.06841682808809,0.194261732277653
17.9053029075012,3.87378539343359,-4.55758825393789,-8.25627497746711,-8.25225467953462,-2.06296224117143,0.181376602554335
17.0530820506279,3.03866279414098,-5.18110581572994,-8.58480191671301,-8.30639984193083,-2.0505402286179,0.167149869693009
16.2116073925919,2.23091562578526,-5.76662622383001,-8.8748229494924,-8.33506836245337,-2.03100192739581,0.151541769098973
15.3835654559775,1.45378490850402,-6.31173118387286,-9.12540581944273,-8.33906753850126,-2.00431955263154,0.134522046850273
14.5711171821679,0.70961297764883,-6.81508615752635,-9.33662364765763,-8.31977527094429,-1.97058732454355,0.116070944311423
13.7758303874771,-0.000226897602341625,-7.27646833786698,-9.50952877166639,-8.27907043703976,-1.9300144550275,0.0961792566676234
12.9986522487938,-0.675336862844751,-7.69672294602273,-9.64606512241867,-8.2192335811262,-1.88291128223754,0.0748475658150679
12.2399214459221,-1.31624055976592,-8.07765650925248,-9.74893105307045,-8.14282892211893,-1.82967044783847,0.0520848715288971
11.4994150097798,-1.92427947781755,-8.42188245462999,-9.82140933240613,-8.05257993112872,-1.77074545887707,0.0279069178706056
10.7764215872735,-2.50147436534238,-8.732637711858,-9.86718251067729,-7.95124983491537,-1.70662897333186,0.00233452210623038
10.0698313900736,-3.05036783080056,-9.01358909242032,-9.89015047072565,-7.84153600662153,-1.6378328026587,-0.024607829342209
9.3782332509798,-3.57386302626154,-9.26864554033338,-9.89426339270493,-7.72598393419588,-1.56487104431253,-0.0528929315842649
8.70001068124354,-4.07507032444521,-9.50178812465825,-9.88337882302649,-7.60692316573026,-1.48824711933952,-0.0824912631082977
8.03343097566904,-4.55717014911649,-9.71692497899439,-9.86114704484055,-7.48642486041463,-1.40844491382601,-0.113370829391519
7.37672365382289,-5.02329640271176,-9.91777411378438,-9.83092515203811,-7.36627857549273,-1.32592377418985,-0.145496508704328
6.72814656395757,-5.47644185557851,-10.107773763724,-9.79571759362831,-7.24798483534709,-1.24111682720762,-0.178829010958613
6.08603949270581,-5.91938463401843,-10.2900177528198,-9.75813940252766,-7.13275965321344,-1.15443195459935,-0.213323592355357
5.44886611729571,-6.35463360946515,-10.4672122418482,-9.72039774662623,-7.02154735824494,-1.06625472478465,-0.248928685753138
4.81524568161311,-6.78438996667904,-10.6416500213384,-9.68428764587595,-6.91503865490476,-0.976952637246353,-0.285584614945854
4.18397587261189,-7.21052222362537,-10.8151987977086,-9.65119825976124,-6.81369151119217,-0.886880112633154,-0.323222559817051
3.55404824359013,-7.63455236830433,-10.9893005996739,-9.62212698764862,-6.71775321839969,-0.796383758783456,-0.361763931230804
2.92465724951177,-8.05765136516752,-11.1649802547482,-9.59769951497595,-6.62728266410885,-0.705807536289995,-0.401120297878601
2.29520361360367,-8.48064288469206,-11.3428616491747,-9.57819471570892,-6.54217243276032,-0.615497527661267,-0.441193977993492
1.66529243558062,-8.90401462920117,-11.5231911092643,-9.56357393286678,-6.46217078789335,-0.525806085952921,-0.481879364814723
1.0347262362721,-9.32793696662715,-11.7058676271262,-9.55351452900242,-6.3869038646179,-0.437095203969771,-0.523064994135148
0.403493056623699,-9.75228867554063,-11.8904797397661,-9.54744768710559,-6.31589849198149,-0.349739007815742,-0.564636286354688
-0.228250184132304,-10.1766894849495,-12.0763487162909,-9.5446003030852,-6.24860600673768,-0.264125342707711,-0.606478813552356
-0.860198634956473,-10.6005386318039,-12.2625771606509,-9.54404032565079,-6.184427124321,-0.180656475221406,-0.648481856775318
-1.49192396308908,-11.0230580795592,-12.4481014789521,-9.54472430750431,-6.12273754576819,-0.0997489868376131,-0.690541952355657
-2.12290109999957,-11.4433384167707,-12.6317459636139,-9.54554529736763,-6.06291352689607,-0.0218329627102644,-0.732566092631382
-2.75253570064471,-11.8603848311683,-12.8122755653375,-9.54537858800501,-6.00435615302207,0.0526494241287468,-0.77447425192857
-3.38019049343484,-12.2731602209809,-12.9884440875493,-9.5431225184444,-5.94651273183132,0.123245872522158,-0.816200965859299
-4.00520867092318,-12.680622509736,-13.1590345906811,-9.53773155870769,-5.88889358397223,0.189496473055513,-0.857695791389005
-4.62693270001562,-13.0817536601091,-13.3228893253083,-9.52823936078142,-5.831082648063,0.250936906980818,-0.898922602603377
-5.24471735996675,-13.4755785884782,-13.4789273607392,-9.51377021768547,-5.77274067231681,0.307102551243644,-0.939857801408904
-5.85793646961172,-13.8611733266711,-13.6261493880206,-9.49353851789298,-5.71360040741907,0.357533812763944,-0.980487637398316
-6.46598340807378,-14.237662788845,-13.7636303415087,-9.46683683821349,-5.65345385691394,0.401783074402873,-1.02080489095648
-7.06826620098981,-14.6042096186455,-13.8905017244258,-9.43301440561364,-5.5921323487845,0.439423653490641,-1.06080519764469
-7.66419838856964,-14.9599962599105,-14.0059262686568,-9.39144833998188,-5.5294806840012,0.470061140914892,-1.10048325549675
-8.25318723418889,-15.3042029448713,-14.1090681276388,-9.3415105710761,-5.46532699915703,0.493347420456076,-1.13982910173631
-8.83462093015583,-15.6359844000732,-14.1990618788603,-9.28253338691934,-5.39945010734989,0.508997564124155,-1.1788245680563
-9.40785637661461,-15.9544478949234,-14.2749833816265,-9.21377636647572,-5.33154603895453,0.516809667428887,-1.21743994945181
-9.97220902084041,-16.2586350895257,-14.3358252836199,-9.13439719628526,-5.26119542542284,0.516687534723391,-1.25563088039628
-10.526946005931,-16.5475097108682,-14.380479478634,-9.04342846074475,-5.18783320724289,0.508665926685543,-1.29333538609758
-11.0712836820534,-16.8199527547403,-14.4077284376064,-8.93976219064329,-5.11072207284677,0.492937832665533,-1.33047108846536
-11.6043904147165,-17.074766706227,-14.4162470962958,-8.82214378779455,-5.02893108602387,0.469882909997993,-1.36693259438394
-12.125395448111,-17.3106899818859,-14.4046166996734,-8.68917680130529,-4.94132108418805,0.440095817619865,-1.40258915630082
-12.6334044577424,-17.5264225970349,-14.3713518148859,-8.53933998727244,-4.84653867326583,0.40441266769199,-1.4372827806188
-13.1275222250038,-17.7206637384246,-14.3149414185366,-8.37101797229874,-4.74302089871187,0.363933242969146,-1.47082704723027
-13.6068825984722,-17.8921614776533,-14.2339045034367,-8.18254658948858,-4.62901285880719,0.32003603895767,-1.50300698815731
-14.0706853930408,-18.0397740271477,-14.126859773193,-7.972273344145,-4.50260045936622,0.274382686031646,-1.53358042357083
-14.5182392238931,-18.1625408525811,-13.9926077739181,-7.73863247197612,-4.36176008426428,0.22890804405939,-1.56228116441914
-14.9490083599311,-18.2597604482866,-13.8302220978078,-7.48023252881196,-4.20442598111313,0.18579242458739,-1.58882442633011
-15.3626606241903,-18.3310698318057,-13.6391442456984,-7.19595247263259,-4.02857456629115,0.147413180359945,-1.61291464495111
-15.7591123346056,-18.3765190862937,-13.4192746361025,-6.88503996844773,-3.83232267331407,0.116274452425105,-1.63425563193552
-16.1385653876259,-18.3966328266816,-13.1710504338141,-6.5472034886439,-3.61403418415691,0.0949161956606042,-1.65256266451672
-16.5015312809415,-18.3924499520602,-12.8955000415453,-6.18268830660015,-3.37242695514724,0.0858065292411547,-1.66757571833963
-16.8488373465767,-18.3655338221322,-12.5942647167677,-5.79232622621893,-3.10667003697007,0.091224546465825,-1.67907269726363
-17.1816117466109,-18.3179471742556,-12.2695800868438,-5.37755026818283,-2.81646049703465,0.113143334505737,-1.68688126325975
-17.5012460646362,-18.2521898676556,-11.9242144877151,-4.9403687768774,-2.50207021336435,0.153124401302347,-1.69088783524742
-17.8093370881104,-18.1711021434579,-11.5613663213372,-4.48329809141283,-2.16435589221958,0.212234429879472,-1.6910425368259
-18.1076121757359,-18.077740743087,-11.1845281019274,-4.00925826465848,-1.80472992030477,0.290993097101835,-1.68735932586375
-18.3978448637823,-17.9752389552699,-10.7973293883114,-3.52144122246081,-1.42509468527164,0.389356911396561,-1.67991115635335
-18.6817685018702,-17.8666635521465,-10.4033733288754,-3.02316415166825,-1.02774763107939,0.50673939110471,-1.66882066739126
-18.9609956040702,-17.7548813688054,-10.0060816527265,-2.51772213910257,-0.615267617787766,0.642063399003504,-1.65424743714686
-19.2369492594573,-17.6424460596022,-9.60856070402291,-2.00825302786123,-0.190394542561745,0.793837966613242,-1.63637316707762
-19.5108109350262,-17.5315121476815,-9.21349732931869,-1.49762460317822,0.244086397166551,0.960250054179718,-1.61538624781849
-19.783486552439,-17.4237794608415,-8.82308890738395,-0.988350346000045,0.685446559112611,1.13926150356374,-1.59146700313215
-20.0555905880582,-17.3204674886072,-8.4390076560251,-0.482536043321222,1.13109559683391,1.32870266949915,-1.56477460975709
-20.327446329142,-17.2223165223357,-8.06239615224767,0.0181437865985199,1.57864001604065,1.52635633025701,-1.53543632801004
-20.5990995221036,-17.129610939542,-7.69388909496137,0.512442995247467,2.02591823761297,1.73002791417452,-1.50353933733636
-20.8703422994536,-17.0422194890642,-7.33365563516232,0.999518952596736,2.47101389081189,1.93760035676503,-1.46912519687558
-21.1407445607612,-16.9596478840803,-6.98145693875868,1.47889047388877,2.91225030287891,2.14707374809127,-1.43218678565818
-21.4096905044988,-16.8810999103913,-6.63671458325827,1.95038278501729,3.34816969803783,2.35659121425862,-1.39266750198778
-21.6764186820132,-16.8055443902733,-6.29858661087339,2.41406295364835,3.77750067428988,2.56445322640116,-1.35046250759806
-21.9400646025453,-16.7317864337631,-5.96604925181796,2.87016831544759,4.19911732183628,2.76912284474907,-1.30542186302252
-22.1997054279052,-16.658542248747,-5.63798324582809,3.31902970859947,4.6119930949726,2.96922441249523,-1.2573554892758
-22.4544066152205,-16.5845172520094,-5.31326415240996,3.76099099639473,5.01515243252009,3.16353804561296,-1.20603998573685
-22.7032702550032,-16.5084870773498,-4.99085586148096,4.19632652861424,5.40762322430979,3.35099200009456,-1.15122740309382
-22.945484613485,-16.4293804919978,-4.6699056820042,4.62515901444388,5.78839366869181,3.53065475506354,-1.09265611312877
-23.1803734975558,-16.3463617893975,-4.34983772340801,5.04738170313315,6.15637772807587,3.70172840267169,-1.03006388569299
-23.4074430097897,-16.2589083182136,-4.03043897900117,5.46259076411891,6.51039422335201,3.86354475051066,-0.96320318524541
-23.626421888934,-16.1668764226089,-3.71192975533212,5.87003600500571,6.84916528530731,4.01556535757913,-0.89185850341
-23.8372901094446,-16.0705465885298,-3.39500739751148,6.26859999589846,7.17133994594659,4.15738646311301,-0.815865242902022
-24.0402894896804,-15.9706369556869,-3.08085055684774,6.65681654326188,7.47554765739067,4.28874939649816,-0.735129287597445
-24.2359098166935,-15.8682741890943,-2.77107158115765,7.03293815894648,7.76048380439317,4.40955640529192,-0.649645952410266
-24.4248453704986,-15.764913261447,-2.46760821062363,7.39505781874165,8.0250246002965,4.519890894508,-0.559516595351393
-24.607920096373,-15.6622036476807,-2.1725533642448,7.7412824360413,8.26836231875546,4.62003984641996,-0.464960898982066
-24.7859847174059,-15.5618085074363,-1.88793312073549,8.06994455496061,8.49014450039432,4.71051478780949,-0.366322814768274
-24.9597957877977,-15.4651947786977,-1.61545635769086,8.37982694676821,8.69059463019468,4.7920665348607,-0.26406854593309
-25.1298925874063,-15.3734224717866,-1.35627154607309,8.67036498602638,8.87058877593193,4.86568831119842,-0.158775749369535
-25.2964919438082,-15.2869681302206,-1.11077296107962,8.9417878511079,9.03166513177328,4.93260227240931,-0.0511143234218634
-25.4594210440647,-15.2056169691187,-0.878496625374191,9.19516417721997,9.17595176237314,4.99422599460528,0.0581795039184275
-25.6181037038509,-15.1284496825522,-0.658134617553769,9.43233117819864,9.30601093788792,5.05211794827876,0.168332859572329
-25.7716069999185,-15.0539346819681,-0.447677082774086,9.65570567455008,9.42461311743369,5.10790377379347,0.278566000471375
-25.9187448650712,-14.9801184422115,-0.24466922882638,9.86799598682204,9.53446600161196,5.16318757385814,0.388118416400407
-26.0582258369648,-14.9048903838949,-0.0465515290487397,10.0718499232844,9.63793094050574,5.21945382280605,0.496268127052189
-26.1888259021173,-14.8262881506246,0.148960303309543,10.26948249891,9.73675915620599,5.27796566350108,0.602342219905594
-26.3095651709288,-14.7428057741235,0.343501707767806,10.4623268323454,9.83187474695146,5.33966458355862,0.705718122985402
-26.4198686639667,-14.6536702511065,0.537733362210527,10.6507449716992,9.92322296844465,5.40507540090923,0.805816529803186
-26.5196952248127,-14.5590588580205,0.731095263148995,10.8338256416343,10.0096937548152,5.47421985538718,0.902088080325015
-26.6096228312299,-14.460237214987,0.921663391544215,11.0092864258361,10.0891240196807,5.54654246868843,0.993996757893387
-26.690882296194,-14.3596047017894,1.1061235397364,11.1734907502464,10.1583787954497,5.62085394899567,1.08100349370703
-26.7653340868019,-14.2606386793262,1.27987109756188,11.3215853101446,10.2135100216263,5.69530001907947,1.16255370579968
-26.8353851681925,-14.1677329318228,1.43724078304728,11.44775967954,10.2499909896133,5.76736635881722,1.23807241762463
-26.9038453515583,-14.0859306688748,1.57186396996021,11.5456240741077,10.263021791808,5.83393206974504,1.30697008687072
-26.9737273085486,-14.0205607044571,1.67714081798462,11.6086912354866,10.2478948652621,5.89138317624219,1.3686611719725
-27.0480011857192,-13.9767978803811,1.74679846053737,11.6309326722853,10.2003989073606,5.93579248959267,1.4225955913667
-27.1293239547908,-13.9591849585764,1.77548645219782,11.6073599783135,10.1172258622282,5.96316216235985,1.46830066712473
-27.2197729725302,-13.9711692105832,1.75934143327753,11.5345636749531,9.99633326685957,5.96971146088167,1.5054282834485
-27.3206190789276,-14.0147165950185,1.69644225007439,11.4111326674259,9.83720870378426,5.95217793227505,1.53379961117093
-27.4321740550452,-14.0900638295627,1.58708230401188,11.2378847105626,9.64098994296743,5.90809036418166,1.55343886413486
-27.5537373827829,-14.1956501585965,1.43381100427471,11.0178646715963,9.41041480571403,5.83597124414921,1.56458881060414
-27.6836504403864,-14.3282395292488,1.24123676846363,10.7561085955951,9.14960525019769,5.73543707127654,1.567704189764
-27.8194461324855,-14.4832082937983,1.01562861339353,10.4592154601621,8.86372137718297,5.60718428203187,1.56342378768611
-27.9580652724234,-14.6549447853571,0.764388124962045,10.1348014908691,8.5585432180138,5.45287079188681,1.55252625204116
-28.0961026257404,-14.8372934919004,0.495478459562541,9.79092447588044,8.24004486740613,5.27492118168761,1.53587741514022
-28.230046380686,-15.0239799400482,0.216890124155632,9.43555633467539,7.91401648687014,5.07629248988074,1.51437731469081
-28.3564836396278,-15.2089690362712,-0.0637994086266049,9.07615808113953,7.58577052499279,4.8602367313803,1.48891358881868
-28.472256429167,-15.3867316079146,-0.339743952258095,8.71938193459904,7.25994642775434,4.63008809059726,1.46032531490898
-28.5745645164347,-15.5524145961022,-0.605022380446634,8.37089969013125,6.94040964279759,4.38909149418032,1.42937867783329
-28.6610197354357,-15.7019250940881,-0.854723624458225,8.03533910951963,6.63022882658038,4.14027848943916,1.396753733413
-28.7296614802743,-15.8319464179887,-1.0849476442178,7.71630201116535,6.3317102282666,3.88638832570367,1.36304028060055
-28.7789443534631,-15.9399063661813,-1.29274881878065,7.41643682390845,6.04646843614255,3.62982735635185,1.32874037391615
-28.8077083312731,-16.023916094395,-1.47604523518249,7.13754199803783,5.77551599624267,3.37265800471978,1.29427509842862
-28.8151396661259,-16.0826942176414,-1.63351223377467,6.88068210587418,5.5193588086702,3.1166085932431,1.25999360825675
-28.8007287280971,-16.1154867402433,-1.7644731181643,6.64630417426523,5.27808860371693,2.86309654822683,1.22618293467826
-28.7642286821871,-16.1219895581883,-1.86879513810468,6.43434657355434,5.05146736018963,2.61325906636596,1.19307753336289
-28.7056173360844,-16.1022773802184,-1.94679513715152,6.24433650797599,4.83900123021598,2.36798694175144,1.16086793917335
-28.6250631883357,-16.0567407388445,-1.9991566293773,6.07547468690727,4.64000332313559,2.12795862090289,1.12970819040958
-28.5228959378577,-15.9860313888205,-2.02685838795079,5.92670737308851,4.45364580933887,1.8936726412343,1.09972189463674
-28.3995811935986,-15.8910155468809,-2.03111366460004,5.79678688741683,4.27900238379739,1.6654774004659,1.07100694405635
-28.255698802826,-15.7727339773825,-2.01331870437869,5.68432203040816,4.11508235774255,1.44359775298542,1.04363897108643
-28.0919242397025,-15.6323678611935,-1.9750091175055,5.58781997696221,3.96085768830541,1.22815830054287,1.01767368885556
-27.9090124293212,-15.4712093866853,-1.91782276199714,5.50572106551151,3.81528414449812,1.01920346450528,0.993148284495042
-27.7077834126726,-15.2906361246253,-1.84346799762399,5.4364276777892,3.67731764657294,0.81671455774146,0.970082043319557
-27.4891095582696,-15.092088552047,-1.7536964421742,5.37832819076134,3.54592666845342,0.620624150059987,0.948476391193965
-27.2539038391437,-14.8770501297218,-1.65027960126074,5.3298166722985,3.42010138281645,0.430828038214729,0.928314527392011
-27.0031091704019,-14.6470297320064,-1.53498900075638,5.28930884385922,3.29886012821205,0.247195146636128,0.909560824244626
-26.7376886057772,-14.4035462286912,-1.40957962195163,5.2552545975392,3.18125361326721,0.0695756630712003,0.892160146512418
-26.4586163890544,-14.1481152073461,-1.27577658312283,5.22614725200624,3.0663671924077,-0.102192304401633,0.876037231390882
-26.1668700147811,-13.8822379569973,-1.13526509276068,5.20052967829157,2.95332148862258,-0.268277293818466,0.86109625422886
-25.8634232727614,-13.6073927507491,-0.98968370687591,5.17699736240344,2.84127156862716,-0.428850061120591,0.847220676612274
-25.5492403978591,-13.3250285260077,-0.840620894447965,5.15419852406809,2.72940487238537,-0.584079978162309,0.834273455636279
-25.2252714142618,-13.0365609953531,-0.689614829392282,5.13083147371741,2.6169380980244,-0.734132122871448,0.822097669607439
-24.8924485959382,-12.7433710615697,-0.538156199685692,5.10563946366076,2.50311325203793,-0.87916496912894,0.810517588628851
-24.5516840147931,-12.4468053458427,-0.387693675036667,5.07740343740083,2.38719312939031,-1.01932862761555,0.799340200579316
-24.203868032472,-12.1481784730551,-0.239641498063668,5.04493321880469,2.2684565445116,-1.15476362570419,0.788357181442697
-23.8498684502021,-11.8487765739283,-0.09538847743356,5.00705782972785,2.14619370728084,-1.28560023911064,0.777347278290385
-23.4905300011171,-11.5498613351013,0.0436925253572964,4.96261580156758,2.01970223750669,-1.41195840329451,0.766079057434991
-23.1266737175702,-11.2526737426647,0.176235705732949,4.9104464961479,1.88828440929712,-1.53394822516159,0.754313950899549
-22.7590957038849,-10.9584365647077,0.300875277382623,4.84938362099392,1.7512463311445,-1.65167109515214,0.741809519483514
-22.3885647037951,-10.6683544673079,0.416241678658588,4.77825224039206,1.60789986145499,-1.7652213498201,0.728322830085875
-22.0158178658473,-10.3836106091735,0.520962516486183,4.69587069350045,1.4575681443735,-1.87468837302365,0.7136138279891
-21.6415541251581,-10.1053585442293,0.613669786410648,4.60105888326096,1.29959569397627,-1.98015894701905,0.69744856672523
-21.2664246203253,-9.83470828271681,0.693014881390356,4.49265436983337,1.13336393550627,-2.08171957715963,0.679602139728585
-20.8910196499864,-9.5727054781305,0.757692786926571,4.36953758831677,0.958313015735641,-2.17945843359016,0.659861145006565
-20.5158518608191,-9.32030293575307,0.806476639738535,4.23066729305459,0.773970497568321,-2.27346649753601,0.638025510563501
-20.1413355750955,-9.07832395431781,0.83826348168067,4.07512697227641,0.579987231306798,-2.36383747750238,0.613909516338887
-19.767762338604,-8.8474173934209,0.852131548930623,3.90218244371087,0.376180230705186,-2.4506660759555,0.587341871014698
-19.3952732725108,-8.62800498373746,0.847408797802774,3.71135019296842,0.162581776647049,-2.53404429534935,0.558164756189633
-19.0238290779917,-8.42022202094409,0.823751536637253,3.50247511155233,-0.0605068073727931,-2.61405561923586,0.526231822315537
-18.6531792336411,-8.22385352482667,0.781231003223795,3.27581523398763,-0.292459206526795,-2.69076717110684,0.491405234176647
-18.2828323852825,-8.03826893741219,0.72042441781253,3.03212968495455,-0.532269625548975,-2.76422025831596,0.453551998605266
-17.9120307712979,-7.8623597873417,0.642505415436443,2.77276439350548,-0.778504713410122,-2.83442012140415,0.412539980003774
-17.5397323805135,-7.69448632942071,0.549326733180609,2.49972808871436,-1.0292683571945,-2.90132617161865,0.368234201181417
-17.1646053645066,-7.5324409641203,0.443485578572986,2.21574867355844,-1.28218739269899,-2.96484448081889,0.320494225235802
-16.7850402480379,-7.37343827248757,0.328359351212641,1.9242974742262,-1.5344277801069,-3.02482479813238,0.269173601100549
-16.3991859692304,-7.21414322338004,0.2080966547906,1.6295663883265,-1.78275178999529,-3.08106474740497,0.214122475429999
-16.005015825625,-7.05075010828367,0.087546565079431,1.3363814468926,-2.02362660695942,-3.13332405609688,0.155194472564
-15.6004280106379,-6.87912387441634,-0.027890902618796,1.05003691829773,-2.25339253778889,-3.18135141355638,0.0922587241302776
-15.1833823830602,-6.69501170563003,-0.132506613135844,0.776038461859616,-2.46849370031926,-3.22492569491142,0.0252173987476472
-14.7520695463372,-6.49432459501353,-0.220621036929371,0.519753527116035,-2.66576483357023,-3.26391152854123,-0.0459718419351175
-14.3051005949835,-6.27347591353424,-0.287009283141512,0.285983024503694,-2.84275482568108,-3.29832652097885,-0.121270337364877
-13.8416968360141,-6.02974757576794,-0.327381028239864,0.0784891512679086,-2.99805238690412,-3.32841408321808,-0.200533262063752
-13.3618508870309,-5.7616377478141,-0.338861136650835,-0.100463817515877,-3.13156582707852,-3.35471245420682,-0.283489527699461
-12.8664268549132,-5.46913258070494,-0.320398719159894,-0.250482881030074,-3.24470254662268,-3.37810825073694,-0.369732080853091
-12.3571713467785,-5.15384461220378,-0.273027388044075,-0.373258802517288,-3.34040003085221,-3.39986299437967,-0.458723220447022
-11.836619861295,-4.81897624271314,-0.199914001372012,-0.472560384822458,-3.42298114698558,-3.42160424905768,-0.549817278640743
-11.307903034725,-4.46909712251131,-0.106167701757319,-0.553990028144179,-3.49783931893981,-3.44527903766481,-0.642299471350237
-10.7744784905569,-4.10976170495646,0.00157229512498391,-0.624527285330298,-3.57099466188016,-3.47307444532459,-0.735435879350206
-10.2398298647301,-3.74702592663558,0.115707148839948,-0.691930049968382,-3.64858875829848,-3.50731648318007,-0.828526664847297
-9.70717918106888,-3.38693889085739,0.228316281005045,-0.764087346485341,-3.73639418631752,-3.5503611806911,-0.920953782567434
-9.1792510651601,-3.03508169434449,0.331769177598429,-0.84841626254852,-3.83940300480722,-3.60449064449604,-1.01221586132437
-8.6581108982294,-2.69620432717728,0.419238319372655,-0.951371298613696,-3.96153176976662,-3.67182219009731,-1.10194597652869
-8.14507998262798,-2.37398182898906,0.485074924893719,-1.07809795540347,-4.10544935970782,-3.7542323433552,-1.18991151594977
-7.64071523188302,-2.07088279257339,0.525044971851056,-1.23222643240969,-4.2725077269298,-3.85329154159592,-1.27599815586393
-7.14483214709674,-1.78812392893884,0.536450318288397,-1.41577523940904,-4.46274036610415,-3.97020107755975,-1.36018149567403
-6.65654822455582,-1.52567616315147,0.518174262744095,-1.62912205994103,-4.67488964930075,-4.10572169337832,-1.4424901237334
-6.17432801040429,-1.28228935305645,0.470692989915317,-1.87099935092261,-4.90642992046357,-4.2600832653544,-1.5229632600957
-5.69601826531037,-1.05551114894551,0.396087000744327,-2.13848154169638,-5.15356484114441,-4.43286691475105,-1.60160519172862
-5.21887048626972,-0.841687962072025,0.298073058051793,-2.42694604061939,-5.41119241295784,-4.622854859847,-1.67833806777501
-4.73955715140123,-0.63595070895162,0.182059482609984,-2.73000952260753,-5.67284803460723,-4.82784992083835,-1.75295465183573
-4.25419716964254,-0.43220424386168,0.0552066802142654,-3.03946344392977,-5.93065475276322,-5.04447691184232,-1.82507365040288
-3.75841456528083,-0.223156550092236,-0.0735488704044389,-3.34525779684628,-6.17533009044554,-5.26799311634593,-1.89410236401842
-3.24746091943803,-0.000439816594075992,-0.193573141270846,-3.63560720973988,-6.39631793483246,-5.4921542985422,-1.95921443250662
-2.71643334789166,0.245114614933307,-0.292800203113348,-3.89731162235547,-6.58212530939293,-5.70920290562077,-2.01935359168461
-2.1606106968078,0.522990871551846,-0.358270883806401,-4.11638172782145,-6.72093550059209,-5.91005777055939,-2.0732759188243
-1.5759059792683,0.842268081395849,-0.376998201821323,-4.27901987939762,-6.80152640408094,-6.08477592204809,-2.11964047136739
-0.959391900974023,1.21070507426069,-0.337135605712897,-4.37291808983429,-6.81443789639295,-6.22331244374187,-2.15714910340973
-0.309807797517479,1.63375917580219,-0.229307233246164,-4.38870556519526,-6.75321710235566,-6.31651958142806,-2.18472044653704
0.372077796606685,2.1137473184235,-0.0478421294979956,-4.32125370771129,-6.61546928128957,-6.3572217864944,-2.20166512207141
1.0833679250199,2.64937876571446,0.208398577180997,-4.17049834701056,-6.40341834493919,-6.34112677791556,-2.20781841299888
1.81926026738752,3.2358171776924,0.535846860692878,-3.9415235598528,-6.12377832320377,-6.26733693516996,-2.20359187697493
2.57355643806884,3.86527997550204,0.926771068595418,-3.64385769640655,-5.78693460090488,-6.1383286843281,-2.18992811130845
3.3393356547578,4.52802175655977,1.37038721072406,-3.29016967216561,-5.40564275150521,-5.95942907731952,-2.1681733658947
4.10963554049922,5.21345362118927,1.85424048081193,-2.89470732068456,-4.99357201303208,-5.73796011151368,-2.1399057956759
4.87800826237423,5.91115724633508,2.36553893669747,-2.47182920679215,-4.5640056673597,-5.4822806474727,-2.10676291468963
5.6388831427829,6.61163735335959,2.89221060317029,-2.03487250441081,-4.12889568622929,-5.20092509802394,-2.07030134023815
6.38773195279181,7.30676335637036,3.42358779011935,-1.59544895040668,-3.69832776864899,-4.9019554135046,-2.03190408862706
7.12107615385525,7.98993397459344,3.95073505970499,-1.16313770969528,-3.28034578000776,-4.59255666540323,-1.99273474673896
7.8363910506154,8.65603969256065,4.46650068263536,-0.745478048167818,-2.88103342565776,-4.27884687958035,-1.95372846250631
8.531957706181,9.3013034738911,4.96538833212315,-0.348150547762753,-2.50474642669166,-3.96584506697881,-1.91560689481796
9.2067001775223,9.9230655628912,5.44333373097073,0.0247476728931404,-2.15440941395183,-3.65753926387136,-1.87890566783884
9.86003121758786,10.519557432185,5.89744767174734,0.370400500673698,-1.83181999502301,-3.35700700874206,-1.84400600273368
10.4917179628358,11.0896910020064,6.32576359663886,0.686983416156608,-1.53792747107189,-3.06655486299211,-1.81116538231698
11.1017714140609,11.6328754041421,6.72700983741139,0.973407303111021,-1.27307175784191,-2.7878563933262,-1.78054463093328
11.6903590320559,12.1488647104102,7.10041448968474,1.22910256015011,-1.03717924855705,-2.5220776005634,-1.75223048227652
12.2577376413224,12.637635201447,7.44554382119168,1.45384318434175,-0.829918290322765,-2.26998512947203,-1.72625371851105
12.8042031187885,13.099288574445,7.76217161367736,1.64760702760312,-0.650819402175156,-2.03203638316838,-1.70260348842217
13.3300536097169,13.5339771495892,8.05017575127336,1.81046743275441,-0.499365785836025,-1.80845271927924,-1.68123865774362
13.8355634196453,13.9418474602017,8.3094584824508,1.94251181824742,-0.375059015736621,-1.5992777968704,-1.66209707198532
14.3209655149975,14.3229996172936,8.53988773262339,2.04378384050021,-0.27746369769952,-1.40442344954953,-1.64510355868096
14.7864413135602,14.6774609409202,8.74125803943345,2.11424705988611,-0.206233676899454,-1.22370542546569,-1.63017734748122
15.2321172417532,15.0051735082389,8.91327091706003,2.1537693092507,-0.161121259193568,-1.05687117327711,-1.61723936918428
15.6580681737521,15.3059961715857,9.0555354063436,2.16212800283324,-0.141969979488885,-0.903621646098024,-1.60621959179733
16.0643285526416,15.5797223543932,9.16759017754382,2.13903731190744,-0.148690765776716,-0.763628902734577,-1.5970642084413
16.4509122950664,15.8261150235083,9.24894841310238,2.08419826684897,-0.181220961341528,-0.636551067133944,-1.58974211888197
16.8178424575562,16.0449595551293,9.29916565070352,1.99737222803448,-0.239465717008321,-0.522045941992731,-1.58424984647482
17.1651910409713,16.2361336550994,9.31792866071881,1.87847650498159,-0.323222037701534,-0.419784213177763,-1.58061393997902
17.4931273864042,16.3996902496739,9.30515971049426,1.7276976871277,-0.432087750163324,-0.329462678951309,-1.57889008646925
17.8019706455356,16.5359446877999,9.26112542820549,1.54561314598307,-0.56536144178407,-0.250817360415138,-1.57915870783318
18.0922379957028,16.6455521463969,9.18653339693673,1.33330426453286,-0.721945273264583,-0.183635834855601,-1.5815176481789
18.3646763460271,16.729556077404,9.08259404113397,1.09243758583016,-0.900269649232726,-0.127767921585631,-1.58607340366121
