-4.95813587974964,0,0.144836957231611
-4.95843997619143,0,0.142943280920347
-4.95904806962768,0,0.139154732419472
-4.95995997064769,0,0.133468840991156
-4.96117537164701,0,0.125881996820669
-4.96269384884319,0,0.116389377539192
-4.96451484646889,0,0.104984963852737
-4.96663766272651,0,0.0916615206064386
-4.96906142930934,0,0.0764105927542263
-4.97178508802424,0,0.0592224912002832
-4.97480736219986,0,0.0400862809650285
-4.97812672349756,0,0.0189897640598105
-4.98174135293203,0,-0.00408053912410011
-4.98564909588456,0,-0.0291394129769463
-4.98984741012959,0,-0.0562029732127366
-4.99433330621929,0,-0.0852886984090641
-4.99910327916287,0,-0.116415466301019
-5.00415323041672,0,-0.149603595975484
-5.00947837889991,0,-0.184874896111512
-5.01507315969318,0,-0.222252720135263
-5.02093110881744,0,-0.261762028646598
-5.0270447323261,0,-0.303429459776658
-5.03340535767298,0,-0.347283407849615
-5.0400029650674,0,-0.393354110764716
-5.04682599621615,0,-0.441673746323729
-5.05386113751319,0,-0.49227653755308
-5.06109307436678,0,-0.54519886688205
-5.06850421292319,0,-0.600479398638123
-5.07607436500343,0,-0.658159209039968
-5.08378039155543,0,-0.71828192224853
-5.09159579940669,0,-0.780893850529903
-5.09949028552369,0,-0.846044135676442
-5.10742922242362,0,-0.913784888028368
-5.11537307778489,0,-0.984171318105031
-5.12327676076934,0,-1.05726185463467
-5.13108888705203,0,-1.13311824088438
-5.13875095418509,0,-1.21180559937519
-5.14619641868068,0,-1.29339245252233
-5.15334966623583,0,-1.37795068411888
-5.16012486687866,0,-1.46555542323075
-5.16642470766993,0,-1.55628482853217
-5.17213899705766,0,-1.65021974685854
-5.17714313727946,0,-1.74744321525287
-5.18129646453303,0,-1.84803977068147
-5.18444046127499,0,-1.95209452640737
-5.18639685123306,0,-2.05969196841309
-5.18696559587709,0,-2.17091442008035
-5.18592282151694,0,-2.28584011828658
-5.18301871924572,0,-2.40454084034559
-5.17797547594648,0,-2.52707901875844
-5.1704853137902,0,-2.65350428116227
-5.16020873823865,0,-2.78384935641936
-5.14677312043187,0,-2.91812529687324
-5.12977176872075,0,-3.05631598160144
-5.10876367505655,0,-3.19837188980616
-5.0832741538325,0,-3.34420316672055
-5.05279662092069,0,-3.49367205227323
-5.0167957864966,0,-3.64658480230797
-4.9747125509367,0,-3.80268331181678
-4.9259708944773,0,-3.96163673997604
-4.86998702712595,0,-4.12303355073234
-4.80618101203098,0,-4.28637449485316
-4.73399097294218,0,-4.45106719286979
-4.65288985212235,0,-4.61642307140029
-4.56240446277301,0,-4.78165751074277
-4.46213633132913,0,-4.94589403974428
-4.3517834714688,0,-5.10817340848417
-4.23116195614366,0,-5.26746807766882
-4.10022573106937,0,-5.42270248734542
-3.95908307498416,0,-5.57277874543021
-3.80800771965356,0,-5.71660716063311
-3.64744335171733,0,-5.85313981975771
-3.47799969739061,0,-5.9814057062973
-3.30044061713479,0,-6.1005440942316
-3.11566289639725,0,-6.20983482435585
-2.92466947405734,0,-6.30872129018012
-2.72853500318405,0,-6.39682689355503
-2.52837244086971,0,-6.47396011366315
-2.32529408122807,0,-6.54011363615117
-2.12038283006835,0,-6.59545005102975
-1.9146576794749,0,-6.64028808026193
-1.70905788043653,0,-6.67507173993531
-1.5044202591984,0,-6.70035619537532
-1.3014736836436,0,-6.71675919705331
-1.10084130133404,0,-6.72497130344459
-0.903018295661995,0,-6.72566679097558
-0.708441024802659,0,-6.71959425563415
-0.517367168050507,0,-6.70736731089695
-0.330127889245788,0,-6.68976863270049
-0.146725400643428,0,-6.66722457362249
0.0324892616947374,0,-6.64059317872115
0.207807657417273,0,-6.609984803327
0.378760080538794,0,-6.57637270522419
0.545867012006014,0,-6.53956604184148
0.70859030711379,0,-6.5005589992621
0.867460560557107,0,-6.45907950061541
1.02197051377316,0,-6.41602314485886
1.17263890977491,0,-6.37105080648577
1.31898874158158,0,-6.32495539100824
1.46148939609735,0,-6.27738000112032
1.59971599982549,0,-6.22899573002308
1.73406740308773,0,-6.17946764575515
1.8641920882856,0,-6.1293332703183
1.99040744872585,0,-6.07831197981691
2.11245351749565,0,-6.02680365310117
2.23056704273189,0,-5.97460188412117
2.34458800420152,0,-5.92197766081686
2.4546860424641,0,-5.86880277511748
2.56079557225318,0,-5.81524303513612
2.66304284100598,0,-5.7612374301893
2.76143942107848,0,-5.70688063381428
2.85609456683955,0,-5.65215974892235
2.94707567704731,0,-5.59713233796297
3.0344953254687,0,-5.54181556782252
3.11845852295786,0,-5.48625487576236
3.19909106371502,0,-5.4304856713471
3.27652258404529,0,-5.37455488610516
3.35089304806754,0,-5.31851012806833
3.42234743250612,0,-5.26240489712652
3.49103582412254,0,-5.20629583432393
3.55711112668474,0,-5.15024334025922
3.62072781466969,0,-5.09431059735986
3.68204039663084,0,-5.03856311016591
3.74120213345723,0,-4.98306798032658
3.79836384232445,0,-4.92789323542772
3.85367285325092,0,-4.87310712938188
3.90727209960515,0,-4.81877745888706
3.95929934257224,0,-4.76497089572102
4.00988651978633,0,-4.71175234300093
4.0591592079559,0,-4.65918431844541
4.10723618789218,0,-4.60732636732962
4.15422910010125,0,-4.55623450741388
4.20024217918469,0,-4.5059607085582
4.24537205567017,0,-4.45655241047843
4.28970761440429,0,-4.40805208299439
4.33332989923643,0,-4.3604968339295
4.37631205437941,0,-4.31391807040285
4.41871929356804,0,-4.26834121947957
4.4606088889707,0,-4.22378551398204
4.5020301727652,0,-4.18026384871335
4.54302454538867,0,-4.13778271145158
4.58362548570442,0,-4.09634219194775
4.62385855970059,0,-4.05593607086107
4.66374142580388,0,-4.01655198925189
4.70328383643633,0,-3.97817169798799
4.74248763702628,0,-3.94077138529497
4.78134676526673,0,-3.90432207975484
4.81984725496862,0,-3.86879012535036
4.85796725035613,0,-3.83413772465008
4.89567703807521,0,-3.800323545898
4.93293910550694,0,-3.76730338956824
4.96970823518222,0,-3.73503090975722
5.00593164614233,0,-3.7034583855455
5.04154919393501,0,-3.67253753707915
5.0764936415238,0,-3.64222038047019
5.11069101362059,0,-3.61246011466305
5.14406104673339,0,-3.58321203205639
5.17651774641752,0,-3.55443444291802
5.20797006169941,0,-3.52608960147269
5.23832268426826,0,-3.49814461907246
5.26747697669788,0,-3.47057234718713
5.29533202959641,0,-3.44335221030982
5.32178584221007,0,-3.41647096649288
5.34673661473779,0,-3.38992337146644
5.37008413369997,0,-3.36371272148245
5.3917312245326,0,-3.33785125052207
5.41158523866663,0,-3.31236035960268
5.4295595363226,0,-3.28727065979703
5.44557492176001,0,-3.26262181626482
5.4595609853916,0,-3.23846218790848
5.47145730749024,0,-3.21484826581746
5.48121448144943,0,-3.19184392285587
5.48879492067577,0,-3.16951949587421
5.494173421865,0,-3.14795073026953
5.4973374679983,0,-3.12721762327239
5.49828726604117,0,-3.10740320680472
5.49703552606946,0,-3.08859231266044
5.49360699942178,0,-3.07087036205738
5.48803780268451,0,-3.05432221844075
5.48037456125406,0,-3.03903113723968
5.47067341059349,0,-3.02507783963567
5.45899889507754,0,-3.01253972994956
5.44542280371873,0,-3.00149026861899
5.43002297948918,0,-2.99199850544709
5.41288213488593,0,-2.98412877129441
5.39408670135801,0,-2.97794052090813
5.37372573470281,0,-2.97348831527558
5.35188989295139,0,-2.9708219287643
5.32867049790182,0,-2.96998656429352
5.30415868652393,0,-2.97102315875024
5.27844465405793,0,-2.97396876064688
5.25161698678915,0,-2.97885696246399
5.22376207917484,0,-2.98571837108513
5.19496362717307,0,-2.99458110106262
5.16530218720595,0,-3.00547127703922
5.13485478811609,0,-3.01841353337668
5.1036945816938,0,-3.03343150081707
5.07189051584325,0,-3.05054827170027
5.03950701321834,0,-3.0697868367854
5.00660363722839,0,-3.09117048794123
4.973234726754,0,-3.11472318174031
4.93944898080849,0,-3.14046985918513
4.90528897484414,0,-3.16843671626572
4.87079059156291,0,-3.19865141867364
4.83598235108793,0,-3.23114325171627
4.80088462833663,0,-3.2659431932485
4.76550874955447,0,-3.30308389334429
4.72985596535401,0,-3.34259953962983
4.69391630435614,0,-3.38452558198852
4.65766731968636,0,-3.42889828516211
4.62107275008781,0,-3.47575407316564
4.58408112809289,0,-3.52512862607851
4.54662437920906,0,-3.57705568840812
4.50861646790244,0,-3.63156554957795
4.46995215761247,0,-3.68868316181591
4.43050596227449,0,-3.74842586923888
4.39013137496837,0,-3.81080073441236
4.34866046451821,0,-3.87580146485328
4.30590393247796,0,-3.94340496126501
4.26165172062588,0,-4.0135675307694
4.21567425293192,0,-4.08622083092532
4.16772438648189,0,-4.16126763276763
4.11754013392252,0,-4.23857751263858
4.0648482066948,0,-4.31798260287747
4.00936841459306,0,-4.39927355084128
3.95081894349594,0,-4.48219585528687
3.88892251907673,0,-4.5664467704313
3.82341344832187,0,-4.65167299274869
3.75404550974838,0,-4.73746937498137
3.68060063281173,0,-4.82337894582961
3.60289826145453,0,-4.90889454977065
3.52080522994181,0,-4.99346245326456
3.43424588590639,0,-5.0764882803834
3.34321207393282,0,-5.15734562659048
3.24777244730324,0,-5.23538763348668
3.14808041966728,0,-5.30996166767807
3.04437992881314,0,-5.38042701559521
2.93700810068687,0,-5.44617517828594
2.8263939209379,0,-5.50665194473059
2.71305218836742,0,-5.56137998989937
2.59757236455982,0,-5.60998036765349
2.48060243290776,0,-5.65219105081682
2.36282847450067,0,-5.68788070439586
2.24495124964512,0,-5.717056211255
2.12766151525454,0,-5.73986307743495
2.01161600446608,0,-5.75657862346853
1.89741589876034,0,-5.76759866338086
1.78558926308703,0,-5.77341902619326
1.6765783827261,0,-5.77461367347319
1.5707323573805,0,-5.77181127325349
1.46830478334026,0,-5.76567194084738
1.3694559602976,0,-5.7568655332095
1.27425882075754,0,-5.74605248118562
1.18270768386803,0,-5.73386774443923
1.09472894689709,0,-5.72090812976343
1.01019290596091,0,-5.70772294820266
0.928926008120521,0,-5.69480780085818
0.850722955672353,0,-5.6826011656324
0.775358197586227,0,-5.67148339126926
0.702596448478326,0,-5.66177767580892
0.632201973197608,0,-5.65375260258814
0.563946467678998,0,-5.64762582070096
0.497615455941655,0,-5.6435684837787
0.433013208503218,0,-5.64171009780788
0.369966266064676,0,-5.64214347231154
0.308325719325359,0,-5.64492951592547
0.247968445869142,0,-5.65010166316442
0.188797533665121,0,-5.65766976036629
0.130742125147141,0,-5.66762327308209
0.0737568958458004,0,-5.67993370428757
0.0178213394670259,0,-5.69455613472515
-0.0370610282760105,0,-5.71142981734501
-0.0908635055974993,0,-5.73047778201639
-0.143537113624612,0,-5.75160543901903
-0.195011682791686,0,-5.77469821354218
-0.245197281103075,0,-5.79961829967301
-0.293986191544868,0,-5.82620069003527
-0.341255666603499,0,-5.85424871329243
-0.386871683241403,0,-5.88352939188759
-0.430693890340699,0,-5.91376901191049
-0.472581882452097,0,-5.9446493711974
-0.512402849327623,0,-5.97580523603612
-0.550040540948034,0,-6.00682358572573
-0.585405353171901,0,-6.03724524998354
-0.618445180730453,0,-6.06656953469367
-0.64915650541591,0,-6.09426236868771
-0.677594997267063,0,-6.11976836416456
-0.703884725338969,0,-6.14252693979938
-0.728224937055424,0,-6.16199228906289
-0.750893321023232,0,-6.17765648845627
-0.77224477479756,0,-6.18907447099331
-0.792705003109979,0,-6.19588902862564
-0.812758783630119,0,-6.19785358724274
-0.832933405937628,0,-6.19485036734756
-0.853778497364553,0,-6.18690181115655
-0.875844035535046,0,-6.17417383519576
-0.899658659221266,0,-6.15697044380254
-0.925710342062355,0,-6.13572029858042
-0.954431106899092,0,-6.11095673706318
-0.986186845772188,0,-6.08329328331042
-1.02127263196947,0,-6.05339682293131
-1.0599133108408,0,-6.0219603758245
-1.10226872151422,0,-5.98967692271881
-1.14844264757832,0,-5.95721517871432
-1.19849448199691,0,-5.92519768474554
-1.25245255499925,0,-5.89418118499003
-1.31032805059499,0,-5.86463900797725
-1.37212838667512,0,-5.83694507392782
-1.43786884657619,0,-5.81135919826509
-1.50758115259739,0,-5.78801353420198
-1.58131762105342,0,-5.76690027579124
-1.65914960971645,0,-5.74786109861996
-1.74115923629713,0,-5.73057920412385
-1.82742385718877,0,-5.71457519064703
-1.91799354105948,0,-5.69920822039467
-2.01286267602391,0,-5.68368400946735
-2.11193777772115,0,-5.66707098868093
-2.21500436142343,0,-5.64832556335121
-2.32169627313675,0,-5.62632678628891
-2.43147107605639,0,-5.59992002040862
-2.54359496284733,0,-5.56796836298185
-2.65714024795013,0,-5.52940974831045
-2.77099779991315,0,-5.48331672105608
-2.88390574854708,0,-5.4289548824783
-2.99449434627557,0,-5.36583506935756
-3.10134493121317,0,-5.29375371601033
-3.20305868378669,0,-5.21281599894695
-3.29832873780314,0,-5.12343766240761
-3.38600787821615,0,-5.02632395902624
-3.46516416381128,0,-4.92242749419671
-3.53511857897799,0,-4.81289005874079
-3.59546185475786,0,-4.69897578764737
-3.64605102613254,0,-4.58200356468095
-3.68698914495509,0,-4.46328550983226
-3.71859321400627,0,-4.34407620432535
-3.74135573398534,0,-4.22553481462066
-3.75590456987664,0,-4.10870013057738
-3.76296463034711,0,-3.99447707609669
-3.76332355118429,0,-3.88363251911683
-3.75780246019354,0,-3.77679804886708
-3.74723209000975,0,-3.67447758803788
-3.73243399401382,0,-3.57705807597875
-3.71420634766929,0,-3.48482186448857
-3.69331370703196,0,-3.39795983709314
-3.67048008117433,0,-3.31658456659781
-3.64638470733254,0,-3.24074306132078
-3.62165996667901,0,-3.1704288274379
-3.59689092931805,0,-3.10559310633158
-3.57261606379808,0,-3.04615524309215
-3.54932868904218,0,-2.99201221307211
-3.52747878727713,0,-2.94304738156119
-3.50747483764231,0,-2.89913859836591
-3.48968537328854,0,-2.86016573402247
-3.47444001068122,0,-2.8260177471824
-3.46202974876779,0,-2.79659933408481
-3.45270638788779,0,-2.77183715355742
-3.44668097423257,0,-2.75168554957376
-3.44412123582219,0,-2.73613161538839
-3.44514804052583,0,-2.72519936812752
-3.44983097487135,0,-2.71895274122933
-3.45818321219625,0,-2.71749706507712
-3.47015590660661,0,-2.72097870259192
-3.48563241067344,0,-2.72958254189409
-3.50442266484972,0,-2.74352712281593
-3.52625814068991,0,-2.76305728286559
-3.55078773469112,0,-2.78843434097506
-3.57757500320721,0,-2.8199239803772
-3.60609710160042,0,-2.85778213045655
-3.63574574484301,0,-2.90223926785629
-3.66583044648941,0,-2.95348364917637
-3.69558422459199,0,-3.01164404563355
-3.72417189452386,0,-3.07677257390924
-3.75070100814535,0,-3.14882821266476
-3.77423545358406,0,-3.22766157183653
-3.79381170406166,0,-3.31300145724388
-3.80845769575579,0,-3.40444376419886
-3.81721431324599,0,-3.50144325818606
-3.81915944599091,0,-3.60330887088918
-3.81343451926123,0,-3.70920325786881
-3.79927325861102,0,-3.81814751436431
-3.77603217752853,0,-3.92903208766432
-3.74322185394101,0,-4.04063498862502
-3.70053748399155,0,-4.1516482946581
-3.64788652615574,0,-4.26071354387761
-3.5854106035118,0,-4.36646585937779
-3.51349841791981,0,-4.4675855009319
-3.43278648508052,0,-4.56285413117451
-3.34414522030392,0,-4.65121166697713
-3.24864934313435,0,-4.73180853923238
-3.14753355346661,0,-4.80404788109864
-3.04213657190219,0,-4.86761282869954
-2.93383843413523,0,-4.92247570196243
-2.82399695366282,0,-4.96888801262832
-2.71388931125757,0,-5.0073525394333
-2.60466385471787,0,-5.03858065662245
-2.49730566075963,0,-5.06343940408795
-2.39261756140713,0,-5.08289335380526
-2.2912164807624,0,-5.09794622480637
-2.19354330177204,0,-5.10958657399931
-2.09988325141195,0,-5.11874090927605
-2.01039306182506,0,-5.12623639869608
-1.92513097928655,0,-5.13277414500517
-1.84408602401106,0,-5.13891290954356
-1.76720364365881,0,-5.14506232836292
-1.69440588126188,0,-5.1514841402348
-1.62560520176365,0,-5.15829974963059
-1.56071202487,0,-5.16550252430952
-1.49963669227039,0,-5.17297348288487
-1.44228702380748,0,-5.18049935650893
-1.38856281736438,0,-5.18779231665413
-1.33834867911514,0,-5.19451088049124
-1.29150649476158,0,-5.20028160062831
-1.24786871194499,0,-5.2047211118848
-1.20723341877357,0,-5.20745796774578
-1.16936197358166,0,-5.20815350179834
-1.13397965995595,0,-5.20652076240565
-1.10077951023138,0,-5.20234046652812
-1.06942908131038,0,-5.19547296353288
-1.03957962213382,0,-5.18586542193226
-1.01087679861009,0,-5.17355383394501
-0.982971990280056,0,-5.15865991040304
-0.95553317043711,0,-5.14138341882537
-0.92825452019663,0,-5.12199090794125
-0.900864167571422,0,-5.10080199870489
-0.873129727525357,0,-5.07817448473653
-0.844861591114188,0,-5.05448939540507
-0.815914128778954,0,-5.03013697964245
-0.78618511336689,0,-5.00550432176717
-0.75561373101152,0,-4.98096504696077
-0.72417754499637,0,-4.95687134233127
-0.691888728702019,0,-4.93354832264501
-0.658789810033701,0,-4.91129060977886
-0.624949091096919,0,-4.89036086884275
-0.590455839564416,0,-4.87098994890872
-0.55541530365631,0,-4.85337821214965
-0.519943586775385,0,-4.83769760452847
-0.484162430226476,0,-4.82409402763146
-0.44819398672131,0,-4.8126896168136
-0.412155712478554,0,-4.80358461326195
-0.376155548433034,0,-4.79685862877861
-0.340287589073588,0,-4.79257122818085
-0.304628442353748,0,-4.79076187767137
-0.26923446332526,0,-4.79144941057287
-0.234140000892918,0,-4.79463123047877
-0.199356738992492,0,-4.80028249917602
-0.164874149944366,0,-4.80835554414145
-0.130661017253997,0,-4.81877967705113
-0.0966679335619207,0,-4.83146155440405
-0.0628306393856219,0,-4.84628614876979
-0.0290740396514413,0,-4.86311834633078
0.00468328385731837,0,-4.88180515009756
0.0385242571652056,0,-4.90217844919218
0.0725283940313017,0,-4.92405830849124
0.106766969362289,0,-4.94725673195398
0.141298479614177,0,-4.97158184859823
0.176164573758248,0,-4.99684245536463
0.211386622300625,0,-5.0228528225442
0.246963068294619,0,-5.04943762609187
0.282867671988319,0,-5.07643682269424
0.31904871903152,0,-5.10371023730278
0.355429211674265,0,-5.1311416001898
0.391908005663013,0,-5.15864176195399
0.428361797169615,0,-5.18615083743105
0.464647810240315,0,-5.21363908473533
0.500606992580977,0,-5.24110640872689
0.536067501715894,0,-5.26858047819663
0.570848258102552,0,-5.29611354842177
0.604762357023607,0,-5.32377817035764
0.637620164299251,0,-5.35166203230062
0.669231967056401,0,-5.37986221227618
0.699410103855107,0,-5.40847911877961
0.727970552518588,0,-5.43761036853845
0.754734004354369,0,-5.46734480129386
0.779526497107957,0,-5.49775677356707
0.802179714693024,0,-5.52890081605605
0.822531089566315,0,-5.56080669109102
0.840423864398129,0,-5.59347485347953
0.855707284384234,0,-5.62687230366372
0.868237100651424,0,-5.66092882779433
0.877876568292398,0,-5.69553364476436
0.884498117965123,0,-5.73053252367334
0.88798586470501,0,-5.76572549352292
0.888239087433814,0,-5.80086533557854
0.885176762683923,0,-5.83565712126433
0.878743161504298,0,-5.86975912573557
0.868914416041079,0,-5.90278549758113
0.855705831793798,0,-5.93431108377577
0.839179568257491,0,-5.96387877936667
0.819452147149999,0,-5.9910096769434
0.796701094941729,0,-6.01521611912881
0.771169914511621,0,-6.0360175047674
0.743170544202474,0,-6.05295837797014
0.71308253468774,0,-6.06562797050131
0.681348377018805,0,-6.07368002497108
0.648464748902427,0,-6.07685146709855
0.614969880015898,0,-6.07497838984672
0.58142770891985,0,-6.0680079124206
0.548409930280535,0,-6.05600479691089
0.516477326640949,0,-6.03915220892214
0.486161881779905,0,-6.01774661359258
0.457951062899079,0,-5.99218739612199
0.432275364827376,0,-5.96296228058872
0.409499797760869,0,-5.9306299183284
0.389919554340103,0,-5.8958011010559
0.373759688999352,0,-5.85911994500978
0.361178335463263,0,-5.82124614434309
0.352272799538309,0,-5.78283907119429
0.347087789422755,0,-5.7445441675227
0.345625062214012,0,-5.70698177477946
0.347853843049226,0,-5.67073830712087
0.353721482759025,0,-5.63635950030688
0.363163936645696,0,-5.60434535787278
0.376115753509337,0,-5.57514635843678
0.392519349377008,0,-5.54916047105918
0.41233339880966,0,-5.52673053846883
0.435540206218009,0,-5.50814162250166
0.462151921015955,0,-5.49361795734402
0.492215436420847,0,-5.48331922246977
0.525815766933065,0,-5.47733592957968
0.563077640835795,0,-5.47568381945087
0.604164980923127,0,-5.47829728931767
0.649277891612374,0,-5.4850220227288
0.698646739252696,0,-5.49560717308792
0.752522923003157,0,-5.50969765662353
0.811166005470887,0,-5.52682733178433
0.874827023544792,0,-5.54641406405247
0.943728044330022,0,-5.56775787361178
1.01803837450936,0,-5.590043505665
1.09784826764706,0,-5.61234880985174
1.18314148110091,0,-5.63366022179249
1.27376857138243,0,-5.65289636102207
1.36942332063338,0,-5.66894025562883
1.46962506934523,0,-5.68067995087351
1.57370988036418,0,-5.68705626531991
1.6808332526465,0,-5.68711528597697
1.78998642884714,0,-5.68006198130808
1.90002714294944,0,-5.66531027815567
2.00972398549785,0,-5.64252437516024
2.11781162590778,0,-5.61164622290891
2.22305227005928,0,-5.57290515309554
2.32429736869653,0,-5.52680754268706
2.42054309998066,0,-5.47410686541248
2.51097371692192,0,-5.41575703094523
2.59498840669542,0,-5.35285400866722
2.67220954224895,0,-5.28657195735662
2.74247266618209,0,-5.21810024435581
2.80580077550957,0,-5.1485869058429
2.86236711923188,0,-5.07909254566645
2.91245158405549,0,-5.01055677203738
2.95639580056195,0,-4.94377741338773
2.9945614693574,0,-4.87940124745311
3.02729530009507,0,-4.81792400830345
3.05490263527139,0,-4.75969705161937
3.07763054061647,0,-4.70493818183381
3.0956600679447,0,-4.65374461696081
3.1091066300703,0,-4.60610670179318
3.11802698025657,0,-4.56192161239484
3.12243110724983,0,-4.52100680939092
3.1222973582981,0,-4.48311333659082
3.11758920515404,0,-4.44793921494026
3.10827221274958,0,-4.41514317165048
3.09432992864853,0,-4.38435881017485
3.07577758327061,0,-4.35520911659403
3.05267269336633,0,-4.32732096373518
3.02512191390405,0,-4.30033906791963
2.99328379381988,0,-4.27393872114356
2.95736744454821,0,-4.24783659686792
2.91762748986998,0,-4.22179902175778
2.87435598077407,0,-4.19564730375239
2.82787218108944,0,-4.16925997040595
2.77851122760364,0,-4.14257204902225
2.72661263802251,0,-4.11557176137806
2.67250950339607,0,-4.08829517441652
2.61651899767727,0,-4.06081942851744
2.55893460955987,0,-4.03325516141668
2.50002028779291,0,-4.00573867743822
2.44000651508383,0,-3.97842430365693
2.37908819785231,0,-3.95147725160103
2.31742417860134,0,-3.9250671849436
2.25513813667279,0,-3.89936259363134
2.19232063091096,0,-3.87452600015962
2.12903204370831,0,-3.85070997616589
2.06530620136848,0,-3.82805392524501
2.00115446452921,0,-3.80668158607812
1.93657010079385,0,-3.78669922183626
1.87153276793453,0,-3.76819447950725
1.80601294970458,0,-3.75123591834614
1.73997619805022,0,-3.73587321326496
1.67338704666212,0,-3.72213803204413
1.60621247312909,0,-3.71004556331172
1.53842480250855,0,-3.69959663722712
1.4700039659504,0,-3.69078033774252
1.40093905572559,0,-3.68357696131376
1.33122915332835,0,-3.67796113988896
1.2608834495778,0,-3.67390492317711
1.18992072250468,0,-3.67138061198412
1.11836828620269,0,-3.67036315360443
1.04626056627507,0,-3.67083195155135
0.973637488726007,0,-3.6727720019644
0.900542883018634,0,-3.67617434156654
0.827023091785612,0,-3.68103586836903
0.753125947245084,0,-3.68735866604666
0.678900219496618,0,-3.69514901513708
0.604395570796723,0,-3.70441629927703
0.529662973135308,0,-3.71517200614988
0.454755477209986,0,-3.72742897961589
0.379729172612402,0,-3.74120100712953
0.304644161909579,0,-3.75650273702445
0.22956538934683,0,-3.7733498300945
0.154563214296435,0,-3.79175917662169
0.0797136891099299,0,-3.81174896791133
0.00509857468964536,0,-3.83333840803447
-0.069194811921534,0,-3.85654688589741
-0.143073788751806,0,-3.8813924911578
-0.216440407972939,0,-3.90788983596533
-0.289191362746018,0,-3.93604722279687
-0.361217658067949,0,-3.96586326399364
-0.432404072190564,0,-3.99732310321057
-0.502628506808336,0,-4.03039441103908
-0.571761385746778,0,-4.06502333015037
-0.639665305198499,0,-4.1011305366365
-0.706195159454735,0,-4.13860757256506
-0.771198964002665,0,-4.17731359826026
-0.834519574758097,0,-4.21707271749671
-0.895997461108424,0,-4.2576720473813
-0.955474634005005,0,-4.29886073616553
-1.01279975984152,0,-4.34035017137345
-1.06783440587328,0,-4.38181565798026
-1.12046026208246,0,-4.42289986818366
-1.17058706709712,0,-4.46321835317097
-1.2181608350763,0,-4.50236734388289
-1.2631718462893,0,-4.53993393466453
-1.30566174574622,0,-4.57550853143136
-1.3457290204327,0,-4.60869916096495
-1.38353213038374,0,-4.63914690961064
-1.41928968162747,0,-4.66654144265829
-1.4532772622108,0,-4.69063532291084
-1.48582089912184,0,-4.71125577114767
-1.51728748374971,0,-4.72831263953035
-1.5480728820063,0,-4.74180170054136
-1.57858871442946,0,-4.75180283230515
-1.60924890525463,0,-4.75847320838858
-1.64045704078678,0,-4.76203606902404
-1.67259537127946,0,-4.7627659789316
-1.70601599022412,0,-4.76097163018602
-1.74103439141603,0,-4.75697724311145
-1.77792528787287,0,-4.75110350617948
-1.81692030890123,0,-4.74364884329958
-1.85820698601246,0,-4.73487166321173
-1.9019282994121,0,-4.72497417097297
-1.9481819893984,0,-4.71408832092715
-1.9970188532225,0,-4.70226455404524
-2.04843936698899,0,-4.68946405768837
-2.10238821312069,0,-4.67555536306446
-2.15874666262749,0,-4.66031609676454
-2.21732323594061,0,-4.64344057393488
-2.27784358772148,0,-4.62455362811578
-2.33994103800984,0,-4.60323061748675
-2.40314949821959,0,-4.57902297185241
-2.46690062470986,0,-4.55148802832945
-2.53052682739204,0,-4.52022134417138
-2.59327127741759,0,-4.48488926467466
-2.65430536255117,0,-4.44525932783548
-2.71275323224057,0,-4.40122613327604
-2.76772226711706,0,-4.35283058423833
-2.8183376005282,0,-4.30027089767867
-2.8637782953409,0,-4.24390442496432
-2.90331250081177,0,-4.18424008118281
-2.93632892381063,0,-4.12192197894078
-2.96236225941181,0,-4.05770562094846
-2.98111081071939,0,-3.99242863102255
-2.99244531180265,0,-3.92697840643519
-2.99640883438755,0,-3.86225919591873
-2.99320847390856,0,-3.79916093738631
-2.98320015401963,0,-3.73853177423135
-2.96686828542282,0,-3.68115559906848
-2.9448021478184,0,-3.6277353561262
-2.91767076841632,0,-3.57888226380849
-2.88619781505864,0,-3.53511066167921
-2.85113768368519,0,-3.49683786843354
-2.81325360529744,0,-3.46438825477881
-2.7732982728072,0,-3.4380006632805
-2.73199721730146,0,-3.41783831431087
-2.69003495276488,0,-3.40400039316366
-2.64804375353079,0,-3.3965345945701
-2.60659482004707,0,-3.39544999131107
-2.56619151571594,0,-3.4007296839098
-2.52726431217909,0,-3.41234277340934
-2.49016705668915,0,-3.43025527620626
-2.45517416979138,0,-3.45443966688486
-2.42247839290939,0,-3.48488279012189
-2.39218873320457,0,-3.52159192417804
-2.36432829753027,0,-3.56459880486564
-2.33883176905997,0,-3.61396142975364
-2.31554236008663,0,-3.66976345901757
-2.2942081735017,0,-3.73211101520886
-2.27447802433062,0,-3.80112666528613
-2.25589691155379,0,-3.87694035304703
-2.23790148811277,0,-3.95967704938383
-2.21981605027974,0,-4.04944091388714
-2.20084975055029,0,-4.14629582704204
-2.18009592202742,0,-4.250242269699
-2.15653457529325,0,-4.36119070587994
-2.12903927744719,0,-4.47893187409025
-2.0963897326102,0,-4.60310471700128
-2.05729143778435,0,-4.73316308524024
-2.01040376773361,0,-4.86834284576516
-1.95437771732744,0,-5.00763161955991
-1.88790424756755,0,-5.14974407631055
-1.80977365433074,0,-5.29310651679563
-1.71894547324238,0,-5.43585531669232
-1.6146269822161,0,-5.57585452158632
-1.49635621950638,0,-5.7107381351834
-1.36408260401612,0,-5.83798189065051
-1.21823507778893,0,-5.95500686970185
-1.0597650790983,0,-6.05931271339552
-0.89015102896055,0,-6.14863147497305
-0.711353914118844,0,-6.22108569163472
-0.525720703278321,0,-6.27532854963353
-0.33584266316983,0,-6.31064305665883
-0.144386064686743,0,-6.32698264376788
0.0460805942043565,0,-6.32494661892233
0.233238455017608,0,-6.30569677240122
0.415130774967381,0,-6.27083178728128
0.59022696900789,0,-6.22224104757447
0.757438703291246,0,-6.16195868354229
0.91609564658813,0,-6.09203399015439
1.06589228664502,0,-6.0144280648859
1.20681804267927,0,-5.93094051394343
1.33908166158158,0,-5.84316538651644
1.46303851554333,0,-5.75247241291967
1.57912666554916,0,-5.66000802717941
1.68781492779711,0,-5.56671024980154
1.78956398811694,0,-5.47333194242149
1.88480000028209,0,-5.38046788404082
1.97389909589294,0,-5.28858226686869
2.05718075082412,0,-5.19803434693148
2.13490786768257,0,-5.10910096886789
2.20729160294534,0,-5.0219954481153
2.27449926459891,0,-4.93688282665019
2.33666393619848,0,-4.85389184591792
2.393894787206,0,-4.77312414448948
2.44628727995519,0,-4.69466123299298
2.4939326769511,0,-4.61856976500965
2.53692639936413,0,-4.54490554237209
2.57537490573876,0,-4.47371659177388
2.60940086600761,0,-4.40504554549425
2.63914651171435,0,-4.33893146591355
2.66477515329819,0,-4.27541118022339
2.68647096621836,0,-4.21452014289988
2.70443725099652,0,-4.15629281948319
2.71889345725929,0,-4.10076258287593
2.73007131953612,0,-4.04796112704641
2.73821047819042,0,-3.99791742604112
2.74355395311484,0,-3.9506562923491
2.74634380608625,0,-3.90619661332843
2.74681727811365,0,-3.86454936517471
2.74520362933027,0,-3.82571552042014
2.74172184803782,0,-3.78968397821564
2.73657933669223,0,-3.75642965824816
2.72997162718801,0,-3.72591191013225
2.72208312447496,0,-3.69807340032098
2.71308882362532,0,-3.67283964594103
2.70315688822919,0,-3.65011936543879
2.69245191621529,0,-3.62980580373234
2.68113865452861,0,-3.6117791581616
2.66938586203291,0,-3.59591017506369
2.65736996992475,0,-3.58206490226461
2.645278163032,0,-3.57011047209374
2.63331051614743,0,-3.55992166114946
2.62168087634655,0,-3.55138784216143
2.61061628743434,0,-3.54441983000254
2.60035489895191,0,-3.53895604935306
2.5911424721214,0,-3.53496743285866
2.58322776364744,0,-3.53246050430791
2.57685720772349,0,-3.53147820851457
2.57226940259172,0,-3.53209820470538
2.56968992477903,0,-3.53442852289528
2.56932693713137,0,-3.5386006712965
2.571367932575,0,-3.54476045961138
2.57597777970133,0,-3.5530569575082
2.58329803053457,0,-3.56363013593202
2.59344724090278,0,-3.5765978409963
2.60652186795679,0,-3.59204282459737
2.62259717675213,0,-3.61000059576448
2.64172753504178,0,-3.6304488488822
2.66394552024581,0,-3.65329915340596
2.68925940579481,0,-3.67839144414498
2.71764881373104,0,-3.70549163633185
2.74905857299854,0,-3.73429243150119
2.78339105386635,0,-3.7644171240928
2.82049741131431,0,-3.79542601859485
2.86016824195012,0,-3.82682496919565
2.90212415229322,0,-3.85807558229459
2.94600669378733,0,-3.88860677176781
2.99137010119106,0,-3.91782759551579
3.03767433476854,0,-3.94514157779496
3.08428011489256,0,-3.96996297043207
3.13044696168099,0,-3.9917355517855
3.17533567817715,0,-4.00995451801835
3.21801714528456,0,-4.02419169091011
3.25748954938073,0,-4.03412356523197
3.29270597584827,0,-4.03956062276398
3.32261338042074,0,-4.04047496728391
3.34620211065141,0,-4.03702202565068
3.3625625281309,0,-4.02955137975176
3.37094250956441,0,-4.01860236298735
3.37079774385183,0,-4.00488219297319
3.36182684710327,0,-3.98922777434896
3.34398577574129,0,-3.97255583388289
3.31748014652462,0,-3.95580842804013
3.28273837974923,0,-3.93990124112075
3.24037157999408,0,-3.92568054582195
3.19112703218761,0,-3.9138920826878
3.13584134392145,0,-3.90516249175088
3.0753974096976,0,-3.89999203435929
3.01068735704737,0,-3.89875639696258
2.94258201551323,0,-3.90171520122581
2.87190643378226,0,-3.90902512582268
2.79942051812457,0,-3.92075596441074
2.7258038260063,0,-3.93690829479665
2.65164375455563,0,-3.95743162583324
2.5774266729492,0,-3.98224192848775
2.50353185582369,0,-4.01123742235614
2.43022831057002,0,-4.04431149019264
2.35767471388259,0,-4.08136173624286
2.2859226686684,0,-4.12229454668526
2.21492337224386,0,-4.16702503324143
2.14453758018777,0,-4.2154728494018
2.07454849705332,0,-4.26755492550506
2.00467696688774,0,-4.32317654427355
1.93459811076024,0,-4.38222229275456
1.86395839702601,0,-4.4445482690612
1.79239205905562,0,-4.50997654285191
1.71953581472118,0,-4.57829235517087
1.64504100278969,0,-4.64924399716362
1.56858252942729,0,-4.72254482293732
1.48986438950309,0,-4.79787650450501
1.40862194821154,0,-4.87489247342558
1.32462158013006,0,-4.95322052870141
1.2376586036942,0,-5.03246380517184
1.14755466856521,0,-5.1121996454534
1.05415582271544,0,-5.19197634018221
0.957332402576893,0,-5.2713081332008
0.856981672969472,0,-5.34966927876747
0.753033826116677,0,-5.42648825351705
0.645461564337441,0,-5.50114345163761
0.534293064330737,0,-5.57296182388864
0.419627665903262,0,-5.6412219565076
0.301653149742754,0,-5.70516301017873
0.180662975097833,0,-5.76400071720461
0.0570713661144595,0,-5.81695121042425
-0.0685762689460702,0,-5.86326276461289
-0.195600309863069,0,-5.90225452632206
-0.32319385943155,0,-5.93336001967846
-0.450441527363773,0,-5.95617179980728
-0.576350636219063,0,-5.97048239551412
-0.699893565395296,0,-5.97631606638269
-0.820057876881812,0,-5.97394629775822
-0.93589911151899,0,-5.96389553877673
-1.04659026462823,0,-5.94691622639834
-1.15146227708094,0,-5.92395501740322
-1.25003134097979,0,-5.89610458964393
-1.3420109627888,0,-5.86454875474018
-1.42730892321583,0,-5.83050673156716
-1.50601099347048,0,-5.79518147488346
-1.57835425741591,0,-5.7597154024679
-1.6446931838927,0,-5.72515520442137
-1.7054614140768,0,-5.69242599303966
-1.76113184674207,0,-5.66231401247189
-1.81217724100189,0,-5.63545647688706
-1.85903333452007,0,-5.61233677517982
-1.90206641308127,0,-5.59328319696496
-1.94154729315443,0,-5.5784694599622
-1.97763366046477,0,-5.5679156499772
-2.01036249293669,0,-5.56148872802331
-2.03965376722844,0,-5.55890248958632
-2.06532577308919,0,-5.55971768886957
-2.0871212274467,0,-5.56334380993665
-2.10474218645712,0,-5.56904449467164
-2.11789073823025,0,-5.57594878204347
-2.12631181343155,0,-5.58307002562092
-2.12983424812951,0,-5.58933368728722
-2.12840641673097,0,-5.59361425867689
-2.12212319723529,0,-5.59478043436708
-2.11124163779046,0,-5.59174641705354
-2.09618346279743,0,-5.58352594911623
-2.07752358157837,0,-5.56928450263074
-2.05596513114471,0,-5.54838432683096
-2.03230323849131,0,-5.52041713241104
-2.00738133517624,0,-5.48522035949244
-1.98204503266242,0,-5.44287517218273
-1.95709884314526,0,-5.39368706800253
-1.93327025609613,0,-5.33815253622949
-1.91118408308911,0,-5.27691685543453
-1.89134806015981,0,-5.21072855541465
-1.87414897628608,0,-5.14039539795673
-1.85985742717475,0,-5.06674537850084
-1.84863876843365,0,-4.99059471144091
-1.84056785320399,0,-4.9127234121354
-1.83564548754101,0,-4.83385811588551
-1.83381502830863,0,-4.75466120194469
-1.83497804382242,0,-4.67572504709936
-1.8390083808747,0,-4.59757021447375
-1.84576430637742,0,-4.52064649294849
-1.8550986206364,0,-4.44533586966445
-1.86686678861527,0,-4.37195669743921
-1.88093322493245,0,-4.30076848630673
-1.89717591518431,0,-4.23197689344697
-1.9154895741582,0,-4.16573860622182
-1.93578754054723,0,-4.10216591054934
-1.95800259492013,0,-4.041330814694
-1.98208686787955,0,-3.98326866019654
-2.0080109821362,0,-3.92798120030286
-2.03576254833513,0,-3.87543916454084
-2.06534411201946,0,-3.82558435815225
-2.09677062980104,0,-3.77833136853884
-2.13006653795808,0,-3.73356896883145
-2.16526246724672,0,-3.69116132178207
-2.20239165421912,0,-3.6509490956151
-2.24148610180663,0,-3.61275060704784
-2.28257254980299,0,-3.57636310493642
-2.32566832799863,0,-3.54156430032176
-2.37077717929473,0,-3.50811423457363
-2.417885154878,0,-3.47575755674482
-2.46695669587084,0,-3.44422625464927
-2.5179310231916,0,-3.41324285287136
-2.5707189574615,0,-3.3825240569963
-2.62520028224494,0,-3.35178478969274
-2.68122174641017,0,-3.32074253411843
-2.73859577595175,0,-3.28912187675683
-2.79709993456248,0,-3.25665912794789
-2.8564771389897,0,-3.22310689580861
-2.91643660382294,0,-3.18823849830802
-2.97665546497822,0,-3.15185211777314
-3.03678101537142,0,-3.11377462937536
-3.09643348261972,0,-3.07386506628437
-3.15520928807647,0,-3.03201771447218
-3.21268474830223,0,-2.98816485467114
-3.26842021153783,0,-2.94227918304161
-3.32196465832895,0,-2.89437594180678
-3.37286083085779,0,-2.8445147738869
-3.42065098195966,0,-2.79280128067564
-3.4648833433938,0,-2.73938821132642
-3.5051193947261,0,-2.68447615016634
-3.54094196157663,0,-2.62831350477808
-3.57196408104904,0,-2.57119554334089
-3.59783844540104,0,-2.51346220142933
-3.61826708407774,0,-2.45549439163679
-3.63301079117545,0,-2.3977086167622
-3.64189768116,0,-2.34054981300214
-3.64483019446831,0,-2.28448252472738
-3.64178990490397,0,-2.22998071308977
-3.6328396147523,0,-2.17751669108531
-3.61812244997593,0,-2.12754981817226
-3.5978579513502,0,-2.08051564612053
-3.57233544664193,0,-2.03681617030074
-3.54190523088581,0,-1.99681171564063
-3.50696823664822,0,-1.96081480214527
-3.46796492701423,0,-1.92908612982386
-3.42536409833204,0,-1.90183263462846
-3.37965216304001,0,-1.87920742278711
-3.3313233287136,0,-1.86131130329344
-3.28087092963014,0,-1.84819560613121
-3.22878002538419,0,-1.83986598624294
-3.17552127068442,0,-1.83628695501836
-3.12154598516685,0,-1.83738693676613
-3.0672823086729,0,-1.84306370441734
-3.01313230882194,0,-1.85319009757734
-2.95946990530966,0,-1.86761996172808
-2.90663948102429,0,-1.88619426785985
-2.85495505709582,0,-1.90874737749772
-2.80469991267941,0,-1.93511341104055
-2.75612652810371,0,-1.96513266063284
-2.70945672158466,0,-1.99865796594971
-2.6648818364952,0,-2.0355609457538
-2.62256282115243,0,-2.07573795284625
-2.58263003016535,0,-2.11911559729117
-2.54518256986182,0,-2.16565566379312
-2.5102870142138,0,-2.21535923419669
-2.47797533525676,0,-2.26826981494209
-2.44824192535061,0,-2.32447526138131
-2.42103963851309,0,-2.38410828578992
-2.39627484387522,0,-2.44734533409421
-2.37380156418342,0,-2.51440361917241
-2.35341486316847,0,-2.58553610873102
-2.33484374337862,0,-2.66102428676009
-2.31774391554317,0,-2.74116854353077
-2.30169089550949,0,-2.82627610385415
-2.28617396831188,0,-2.91664647947442
-2.27059162373353,0,-3.01255452954319
-2.25424910716466,0,-3.1142313307997
-2.23635873883013,0,-3.2218431912187
-2.21604363195382,0,-3.33546928019714
-2.19234538877335,0,-3.4550784872991
-2.16423627943928,0,-3.58050625506004
-2.13063632231736,0,-3.71143225985688
-2.09043559349633,0,-3.84735994695841
-2.04252199951897,0,-3.987599078749
-1.98581463653317,0,-4.13125265100212
-1.91930269444879,0,-4.27720978906185
-1.84208958243983,0,-4.4241465516382
-1.75344146574381,0,-4.57053689900644
-1.65283862427282,0,-4.71467631061909
-1.54002692299101,0,-4.85472046571817
-1.4150652823292,0,-4.98874076000864
-1.27836359745886,0,-5.11479695251808
-1.13070454422906,0,-5.23102479365153
-0.973242751013736,0,-5.33573328474816
-0.807476468605487,0,-5.42750293410588
-0.635190283703707,0,-5.50527407145865
-0.458372046677362,0,-5.56841404955498
-0.279111797222751,0,-5.61675453984404
-0.0994936260311408,0,-5.65059469693908
0.0785078795028463,0,-5.67067140931585
0.253116740061966,0,-5.6781025577188
0.42282380449922,0,-5.67431199622245
0.586431489591586,0,-5.66094554670495
0.743075643292999,0,-5.6397861296455
0.89222716605221,0,-5.61267408678784
1.03367687838303,0,-5.58143657546062
1.16750711290683,0,-5.54782813246044
1.29405304753461,0,-5.51348329678346
1.41385624255758,0,-5.47988148312614
1.52761243687004,0,-5.44832391867346
1.63611550285193,0,-5.41992216543888
1.74019954295481,0,-5.39559735908486
1.84068133363106,0,-5.37608870610929
1.93830553902995,0,-5.36196902397813
2.03369518812516,0,-5.3536643364758
2.12730974551608,0,-5.35147398062941
2.21941269687457,0,-5.35558756876569
2.3100499827588,0,-5.36609560926147
2.399039973371,0,-5.38299159393617
2.48597512559269,0,-5.40616472685409
2.57023512736054,0,-5.43538393833448
2.65101128604752,0,-5.47027517407521
2.72734214964836,0,-5.51029507694561
2.79816074782788,0,-5.55470514711937
2.86235415501876,0,-5.6025514208827
2.91883590721992,0,-5.65265573263276
2.96663062198098,0,-5.70362553794783
3.00496748272116,0,-5.75388945501536
3.03337495410164,0,-5.80176405021608
3.05176402749099,0,-5.84555280947346
3.06048358793199,0,-5.88367042597005
3.0603321011751,0,-5.91477621455432
3.05251675733698,0,-5.93789355923046
3.03856335072016,0,-5.95249214900585
3.02019278148524,0,-5.95851789039335
2.99918738757255,0,-5.95636866930011
2.97726951541826,0,-5.94682654891153
2.95600752513187,0,-5.93096370582745
2.93675515441149,0,-5.9100394642993
2.92062264335751,0,-5.88540149761344
2.90847378675468,0,-5.85839880222369
2.90094170650596,0,-5.83030958798541
2.89845642480137,0,-5.80228449212264
2.90127823013852,0,-5.77530426385054
2.9095318292182,0,-5.75015068463623
2.92323725908806,0,-5.72738945467853
2.94233457997002,0,-5.70736377508014
2.966700548752,0,-5.69019728085532
2.99615673333644,0,-5.67580485944647
3.03046970232893,0,-5.66390980509132
3.06934481851971,0,-5.65406579311718
3.11241565864521,0,-5.64568236160676
3.15923119262109,0,-5.6380529679289
3.20924272799472,0,-5.63038519926432
3.26179246670021,0,-5.62183325976554
3.31610550858463,0,-5.61153328491289
3.37128733807487,0,-5.59864217015481
3.42632916153168,0,-5.58238027400786
3.48012367987097,0,-5.56207744419232
3.53149362229941,0,-5.53722031771551
3.57923425325854,0,-5.5074969711801
3.62216887908722,0,-5.47283324218068
3.659213304578,0,-5.43341416269278
3.6894419684649,0,-5.38968472208788
3.71214632494591,0,-5.34232697561783
3.7268760974325,0,-5.29221486093449
3.73345672879711,0,-5.24035264566646
3.73198095674913,0,-5.18780607153793
3.72277735866866,0,-5.13563591545968
3.70636232325608,0,-5.08484188675858
3.68338337027261,0,-5.0363214987556
3.65456119204214,0,-4.9908450664199
3.62063600398952,0,-4.94904524105725
3.58232164461724,0,-4.91141787808545
3.54026898319614,0,-4.87833046022932
3.49503885681099,0,-4.85003446250123
3.44708398499146,0,-4.82667862839169
3.39673898076961,0,-4.80832089226174
3.34421753217319,0,-4.794937489516
3.28961592020201,0,-4.78642856961153
3.2329221530551,0,-4.78262032630837
3.17403005552587,0,-4.78326425245938
3.11275762145673,0,-4.78803457940894
3.04886881965117,0,-4.79652524159781
2.98209787607956,0,-4.80824779547807
2.9121748930742,0,-4.82263162271372
2.83885156491873,0,-4.83902749537077
2.76192574469622,0,-4.85671523521147
2.68126371287931,0,-4.87491582977832
2.596819163836,0,-4.89280803215042
2.50864811101569,0,-4.90954919503751
2.41691906506256,0,-4.92429985902412
2.32191793714689,0,-4.93625138242508
2.22404718107114,0,-4.94465561099846
2.12381877508676,0,-4.94885521063731
2.02184084507002,0,-4.94831285546213
1.91879811706254,0,-4.94263708193742
1.81542697037499,0,-4.93160244620425
1.71248656128531,0,-4.91516181431104
1.61072813508265,0,-4.89344925171421
1.51086504199218,0,-4.86677299822553
1.41354597093641,0,-4.83559921365729
1.31933348250039,0,-4.8005282769743
1.22868916150015,0,-4.76226616588904
1.14196581282365,0,-4.72159370196498
1.05940629629014,0,-4.67933623616299
0.98114798450432,0,-4.63633580523687
0.907231491189096,0,-4.59342709099672
0.837612236752635,0,-4.55141782414165
0.772173527432611,0,-4.51107369902654
0.710740047526039,0,-4.47310745232395
0.653090936271154,0,-4.43817150922171
0.598971898132558,0,-4.40685349363287
0.548106052486783,0,-4.37967390452805
0.500203451790218,0,-4.35708535030851
0.454969374580517,0,-4.33947287967927
0.412111617580549,0,-4.32715512047422
0.371347056516145,0,-4.32038610116253
0.332407713691374,0,-4.31935774424148
0.295046476417397,0,-4.32420305560441
0.259042490127889,0,-4.33499998132132
0.224206150147778,0,-4.35177578582742
0.190383572848216,0,-4.37451166918941
0.157460447843273,0,-4.40314723416523
0.125365234302144,0,-4.43758436546465
0.0940717261250599,0,-4.47769009579522
0.0636010366371028,0,-4.52329808785316
0.0340230257869145,0,-4.57420843583914
0.00545711388979875,0,-4.63018556995052
-0.0219276887599762,0,-4.69095413089252
-0.0479138378214929,0,-4.75619277731285
-0.0722378268586572,0,-4.82552601111624
-0.0945948195231934,0,-4.89851426912355
-0.114645973364696,0,-4.97464274928054
-0.132029134392346,0,-5.05330972940549
-0.146373569709999,0,-5.13381550793172
-0.157319300797058,0,-5.21535355398628
-0.164541350182885,0,-5.29700598452457
-0.167778747583039,0,-5.37774603442348
-0.166867377713603,0,-5.45645062338807
-0.161774637216293,0,-5.53192621600242
-0.152632445224306,0,-5.60295056857647
-0.139763659441569,0,-5.66833126488181
-0.123695900103317,0,-5.72697892706053
-0.105156918196638,0,-5.77798889728742
-0.0850476407830078,0,-5.82072104013146
-0.0643929911644151,0,-5.85486482011986
-0.0442756144507659,0,-5.88047763591778
-0.0257619559692522,0,-5.89798905888803
-0.00983194094405743,0,-5.90817079577185
0.00267792622578,0,-5.91207919468487
0.0111120713863978,0,-5.91098142653109
0.015012503012374,0,-5.90627710022226
0.0141166885547324,0,-5.89942473348623
0.00834057155937695,0,-5.89187881953176
-0.00224908696440118,0,-5.88503969311306
-0.0174695404508454,0,-5.88021582247935
-0.0370615197128172,0,-5.87859668082072
-0.0607315436244446,0,-5.88123373272422
-0.0881956098441797,0,-5.88902694649685
-0.119222629771673,0,-5.90271431694041
-0.153675430057659,0,-5.922862004018
-0.191546440674996,0,-5.94985286183419
-0.232984593035243,0,-5.98387146154259
-0.278309716473929,0,-6.02488434450037
-0.328011021590091,0,-6.07261525729085
-0.382727128517397,0,-6.12651646430589
-0.443206411770081,0,-6.18573872140975
-0.510247944464369,0,-6.24910389448855
-0.584624765972673,0,-6.31508537069748
-0.666992420270129,0,-6.38180236572651
-0.757786826465773,0,-6.44703515788255
-0.857116989010944,0,-6.50826932081624
-0.964660533741465,0,-6.56277792667486
-1.07957419339562,0,-6.60775036293886
-1.20043699062365,0,-6.64047268272437
-1.32524896177599,0,-6.65855457581439
-1.45150830989053,0,-6.66018090333939
-1.57637919191094,0,-6.644345030786
-1.69693877133891,0,-6.61100762930043
-1.81046275984386,0,-6.56113147084413
-1.91468929747579,0,-6.49657436810998
-2.0080054346151,0,-6.41986576754607
-2.08952747534996,0,-6.33392433173756
-2.15908000210338,0,-6.24177919815667
-2.21710144728563,0,-6.14634009178198
-2.26451042759283,0,-6.0502360633091
-2.30256126507738,0,-5.95572222071003
-2.33270705639649,0,-5.86464297266485
-2.35647976828609,0,-5.77843724000662
-2.37539099187649,0,-5.69817214543837
-2.39085380625271,0,-5.62459402262072
-2.40412463055804,0,-5.55818781792883
-2.41626311817427,0,-5.49923776899662
-2.42810762415765,0,-5.44788377360927
-2.44026345159894,0,-5.40416930591595
-2.45310100052156,0,-5.36807817173992
-2.46676115386627,0,-5.33955877451451
-2.48116571906431,0,-5.31853578775264
-2.49603141047811,0,-5.30491011695104
-2.51088658547148,0,-5.29854875693838
-2.52509062360607,0,-5.29926663866674
-2.53785638876481,0,-5.30680287604787
-2.54827659995938,0,-5.32079404486368
-2.55535514174384,0,-5.34074732440205
-2.55804434885427,0,-5.36601656380599
-2.55528905187959,0,-5.39578461971332
-2.54607757934791,0,-5.42905560502496
-2.52949885837237,0,-5.46466084113788
-2.50480315979234,0,-5.50128203446437
-2.47146196999707,0,-5.53749411063642
-2.42922031928911,0,-5.5718278720837
-2.37813341499339,0,-5.60284913065887
-2.31857960833928,0,-5.6292467549496
-2.25124432442781,0,-5.64991843707522
-2.17707449575439,0,-5.66404155380643
-2.09720895700935,0,-5.67111839010239
-2.0128951018183,0,-5.67098997729933
-1.92540409248501,0,-5.66381919124306
-1.83595556646325,0,-5.6500492906042
-1.74565905575381,0,-5.63034711603762
-1.65547490488011,0,-5.60554038779535
-1.56619379045802,0,-5.57655671162675
-1.47843170797836,0,-5.54436921900029
-1.39263647418256,0,-5.50995120799838
-1.30910197782632,0,-5.47424023357002
-1.22798710975299,0,-5.43811092972711
-1.14933713709802,0,-5.40235530763022
-1.07310603208066,0,-5.36766916132759
-0.999178825353672,0,-5.33464333999116
-0.92739340994046,0,-5.30375887206295
-0.857561400146595,0,-5.27538516222788
-0.789487695816345,0,-5.2497806756242
-0.722988367795127,0,-5.22709565351811
-0.657906416272844,0,-5.20737647065556
-0.594124903906174,0,-5.19057126235578
-0.531576962646162,0,-5.17653644538139
-0.470252233988641,0,-5.16504376151216
-0.410199427117966,0,-5.15578751501681
-0.351524853696805,0,-5.14839177425181
-0.294386998440683,0,-5.14241746855377
-0.238987386698499,0,-5.1373695228643
-0.18555819677666,0,-5.13270440622387
-0.134347231070053,0,-5.12783868462945
-0.0856010145591799,0,-5.12215931175673
-0.0395469470286938,0,-5.11503640525193
0.00362439407586279,0,-5.10583908671749
0.0437755316829371,0,-5.09395457212114
0.0808355524690791,0,-5.07881008797936
0.114809356507938,0,-5.05989642618771
0.145781505601467,0,-5.03679118954315
0.173913969244228,0,-5.00917924186657
0.199437806674317,0,-4.97686778695551
0.222639684354587,0,-4.93979399016233
0.24384489532491,0,-4.89802407366757
0.263399002026941,0,-4.85174411409946
0.281650242710705,0,-4.80124399272616
0.298934446798602,0,-4.74689677595895
0.315563548597274,0,-4.68913608069769
0.33181807540213,0,-4.62843374369477
0.347943387245222,0,-4.56527954289355
0.364149052911964,0,-4.50016402768685
0.380610569853431,0,-4.43356487915892
0.397472629677881,0,-4.36593673854074
0.414853231753484,0,-4.29770413798447
0.432848096144823,0,-4.22925702071556
0.451534981554199,0,-4.16094830550109
0.470977650196682,0,-4.09309298955453
0.491229329873972,0,-4.02596835901757
0.512335603201589,0,-3.95981496245702
0.534336708852898,0,-3.89483808564871
0.557269275281175,0,-3.83120953783743
0.581167529024363,0,-3.76906961800818
0.606064031862173,0,-3.70852917457283
0.631990007145868,0,-3.64967170475902
0.658975317891095,0,-3.59255546287408
0.687048159197564,0,-3.53721556156542
0.716234526097526,0,-3.48366605907857
0.746557515482121,0,-3.43190202990924
0.778036517488464,0,-3.38190161751707
0.810686347718086,0,-3.33362806694814
0.844516366908045,0,-3.287031733209
0.879529629235065,0,-3.24205205868924
0.915722094380855,0,-3.19861951039368
0.953081931971609,0,-3.1566574655903
0.991588940220557,0,-3.11608403299445
1.03121409378678,0,-3.07681379595088
1.07191922927332,0,-3.03875946429431
1.11365687066779,0,-3.00183342268083
1.15637019161305,0,-2.96594916506383
1.19999310686756,0,-2.93102260751771
1.24445048181067,0,-2.89697327460829
1.28965844644936,0,-2.86372535775548
1.33552479910715,0,-2.83120864734383
1.38194948479253,0,-2.79935934351104
1.42882513407658,0,-2.76812075338909
1.4760376500378,0,-2.73744388496109
1.52346683331433,0,-2.70728794948771
1.57098703837193,0,-2.67762078555994
1.61846785756632,0,-2.64841921818133
1.66577483325408,0,-2.61966936582028
1.71277020187208,0,-2.59136690708196
1.75931367733121,0,-2.56351731652661
1.80526328400384,0,-2.53613607622755
1.85047625175249,0,-2.50924886596592
1.89480998655473,0,-2.48289173062017
1.93812313002528,0,-2.45711121846293
1.98027671922862,0,-2.43196447897308
2.0211354543689,0,-2.40751930372145
2.06056907608425,0,-2.38385408931452
2.09845384615857,0,-2.3610576977636
2.13467411570326,0,-2.33922918755764
2.16912395373232,0,-2.31847738870233
2.20170879732817,0,-2.29892029751992
2.23234707332717,0,-2.28068427241176
2.26097173190553,0,-2.26390302008737
2.28753162595241,0,-2.24871637266199
2.31199266788603,0,-2.23526886881189
2.33433869846588,0,-2.22370816577849
2.35457201049403,0,-2.21418332212202
2.37271348371553,0,-2.20684300233312
2.38880230465306,0,-2.20183366244606
2.40289526489475,0,-2.19929777977068
2.41506565149464,0,-2.19937218932413
2.42540176160909,0,-2.20218658469555
2.43400508851954,0,-2.20786223257165
2.44098823654983,0,-2.21651093907034
2.44647262750392,0,-2.22823429358963
2.45058606121677,0,-2.24312320328136
2.45346018827498,0,-2.26125771949278
2.45522794493836,0,-2.28270714719267
2.45602098996472,0,-2.30753041979127
2.45596717158039,0,-2.3357767147756
2.45518804128402,0,-2.3674862798356
2.45379642035485,0,-2.40269143409202
2.45189401548916,0,-2.4414177040185
2.4495690723767,0,-2.48368504804884
2.44689405062129,0,-2.52950911716468
2.44392330055021,0,-2.57890249060865
2.44069072252325,0,-2.63187581617375
2.43720739279163,0,-2.68843877346484
2.43345914728295,0,-2.74860076667908
2.42940412643447,0,-2.81237124177552
2.42497030081971,0,-2.87975951278258
2.42005301905645,0,-2.95077397525768
2.41451264620154,0,-3.0254205836927
2.40817239182318,0,-3.10370047630133
2.4008164607754,0,-3.18560664739493
2.39218869418639,0,-3.27111959632738
2.38199190039127,0,-3.36020192392394
2.36988810206325,0,-3.4527919024416
2.35549994304978,0,-3.54879611220963
2.33841350316109,0,-3.64808131460548
2.31818275893923,0,-3.75046581333049
2.29433590192,0,-3.85571063994415
2.26638368286047,0,-3.96351098132955
2.2338298912864,0,-4.07348834305752
2.19618400477117,0,-4.18518401145197
2.15297595053344,0,-4.2980544371725
2.10377280983737,0,-4.41146921240318
2.04819715724801,0,-4.52471234743034
1.98594655436868,0,-4.63698755992865
1.91681350507263,0,-4.74742825261249
1.84070492720727,0,-4.85511274347229
1.75765991941991,0,-4.95908509212386
1.66786433821573,0,-5.05838150164316
1.57166051278189,0,-5.15206174963921
1.46955039840152,0,-5.23924443319715
1.3621906924916,0,-5.31914407197008
1.25037897213837,0,-5.39110743470406
1.13503075482956,0,-5.45464601176671
1.01714843804607,0,-5.50946152035365
0.897784150853899,0,-5.55546180130731
0.777999416948568,0,-5.59276542326007
0.65882497677132,0,-5.62169458761024
0.541224041359441,0,-5.64275726535378
0.426061686755112,0,-5.65662061964508
0.314082200346163,0,-5.66407847700617
0.205895173770073,0,-5.66601583322046
0.101970201364186,0,-5.66337316997377
0.00263932314019794,0,-5.65711284902523
-0.0918941006791543,0,-5.64818919907107
-0.181541596174886,0,-5.63752325067503
-0.266312378929227,0,-5.62598249549693
-0.346294143777072,0,-5.61436558989059
-0.421633037730161,0,-5.60339159691475
-0.492513798087047,0,-5.59369315157182
-0.55914083171793,0,-5.58581282024598
-0.621720830679504,0,-5.58020188528643
-0.680447370833062,0,-5.57722080165355
-0.735487825132442,0,-5.57714063141842
-0.786972839156703,0,-5.58014485476847
-0.834988558443353,0,-5.58633107715185
-0.879571758871995,0,-5.59571229723158
-0.920708005273055,0,-5.60821756610911
-0.958332941181139,0,-5.62369205138002
-0.992336784901088,0,-5.64189671567414
-1.02257206344064,0,-5.66250802229316
-1.04886454470965,0,-5.68511828122977
-1.07102721663728,0,-5.70923743309856
-1.08887699592989,0,-5.73429721453088
-1.10225361770024,0,-5.75965872413659
-1.11103985687298,0,-5.78462436915181
-1.11518187737751,0,-5.80845496674634
-1.11470813893476,0,-5.83039235117698
-1.10974499432754,0,-5.84968717514413
-1.10052699693522,0,-5.86563072512621
-1.08740013268771,0,-5.87758861668348
-1.07081677684477,0,-5.88503340767494
-1.05132214032999,0,-5.88757272472896
-1.02953316278613,0,-5.88496965938223
-1.00611196176057,0,-5.87715302470733
-0.981736757451921,0,-5.86421642760853
-0.957073443381794,0,-5.84640667856329
-0.932750623126755,0,-5.82410343773532
-0.909340123650533,0,-5.79779287875984
-0.887343979767846,0,-5.76803841982453
-0.867187918822831,0,-5.73545129851538
-0.849220637186708,0,-5.70066314557094
-0.833717719125641,0,-5.66430196219339
-0.820888882272506,0,-5.62697219937702
-0.810887271448635,0,-5.58923907513615
-0.803819682284364,0,-5.55161687791918
-0.799756809472005,0,-5.51456077823827
-0.798742834872466,0,-5.47846157097973
-0.800803871939955,0,-5.44364275956663
-0.805954953859082,0,-5.41035943709556
-0.81420539130145,0,-5.37879849410939
-0.825562434261628,0,-5.34907977106489
-0.840033255271379,0,-5.32125786516301
-0.857625333048315,0,-5.2953243895505
-0.878345360763392,0,-5.27121056412795
-0.902196835724941,0,-5.24879008905543
-0.929176511122631,0,-5.22788231325551
-0.959269908913784,0,-5.20825576009418
-0.992446108891879,0,-5.18963211062028
-1.02865204486789,0,-5.17169077102895
-1.06780655652238,0,-5.15407416505454
-1.10979446591294,0,-5.13639389312098
-1.15446097097742,0,-5.11823788708062
-1.20160667357487,0,-5.09917866041286
-1.25098358398819,0,-5.07878270641289
-1.30229246271788,0,-5.05662102860416
-1.35518186687227,0,-5.03228069646535
-1.40924925332074,0,-5.00537720576361
-1.46404444337001,0,-4.97556729040829
-1.51907566375948,0,-4.94256169164481
-1.57381823931953,0,-4.90613725752106
-1.62772582403519,0,-4.86614764448616
-1.68024383086438,0,-4.82253185110793
-1.73082448087754,0,-4.77531985647412
-1.77894267497402,0,-4.72463477804305
-1.82411173771329,0,-4.67069120284217
-1.86589802891445,0,-4.61378965727137
-1.90393348482146,0,-4.55430751986444
-1.93792533302571,0,-4.49268699328104
-1.96766249523755,0,-4.42942098513059
-1.99301850269804,0,-4.36503786762374
-2.01395104842011,0,-4.30008608435086
-2.03049854444863,0,-4.23511946464678
-2.04277421425426,0,-4.17068392571394
-2.05095832395443,0,-4.10730603026211
-2.05528915225501,0,-4.04548365935775
-2.05605323927415,0,-3.98567888226335
-2.05357536328742,0,-3.92831297012956
-2.04820859373617,0,-3.87376340990749
-2.0403246744312,0,-3.82236272229066
-2.03030491179645,0,-3.7743988625278
-2.01853168227883,0,-3.73011697471411
-2.00538062942661,0,-3.68972226960783
-1.99121359089613,0,-3.65338379698887
-1.9763722742702,0,-3.62123888311855
-1.96117268398981,0,-3.59339800173463
-1.94590028702416,0,-3.56994984492985
-1.93080589072607,0,-3.55096636089453
-1.91610219263242,0,-3.53650753157479
-1.90196094980168,0,-3.52662567682547
-1.88851070620176,0,-3.52136909343166
-1.8758350122496,0,-3.52078486694923
-1.86397107203751,0,-3.52492072995713
-1.85290876156573,0,-3.53382587952313
-1.84258997522257,0,-3.54755070665443
-1.83290827697097,0,-3.56614542863881
-1.82370885596802,0,-3.58965764953692
-1.81478881224923,0,-3.61812890362772
-1.80589782528599,0,-3.65159026134606
-1.79673928546702,0,-3.69005709817321
-1.78697199482686,0,-3.73352314585013
-1.77621256766211,0,-3.78195396461111
-1.76403868289718,0,-3.83527999758375
-1.74999335658776,0,-3.89338939680739
-1.73359041239681,0,-3.95612084684009
-1.714321326746,0,-4.02325665816494
-1.69166360879091,0,-4.09451645863019
-1.66509083719591,0,-4.16955187473372
-1.63408440874313,0,-4.24794266023286
-1.5981469510493,0,-4.32919478763655
-1.55681720804874,0,-4.41274105407273
-1.50968602229756,0,-4.49794474765551
-1.45641282091112,0,-4.58410685194378
-1.39674178233682,0,-4.6704771140072
-1.3305166531196,0,-4.75626905385073
-1.25769304293538,0,-4.84067865377112
-1.17834700223453,0,-4.92290606358105
-1.09267882074201,0,-5.00217924558632
-1.00101129288607,0,-5.07777813568267
-0.903782156265442,0,-5.14905769178938
-0.801530958961831,0,-5.21546819712596
-0.69488115863922,0,-5.27657140267236
-0.584518702859341,0,-5.33205149930991
-0.471168609936198,0,-5.3817204306293
-0.355571130186458,0,-5.42551759510495
-0.238458934673252,0,-5.46350445021234
-0.120536506757833,0,-5.49585485931077
-0.00246257269805589,0,-5.52284219267462
0.115163931242923,0,-5.5448242211548
0.231814147774388,0,-5.56222676224061
0.347035853951215,0,-5.57552689934571
0.460456437326713,0,-5.58523643678002
0.571782531758038,0,-5.59188610382597
0.680796597914716,0,-5.59601089618123
0.787350762963233,0,-5.59813684385281
0.891358263564362,0,-5.59876941474044
0.99278287601806,0,-5.59838369167803
1.09162676898916,0,-5.59741638663515
1.18791727255348,0,-5.59625967173371
1.28169311222828,0,-5.59525671136462
1.37299069627131,0,-5.59469867867806
1.46183105852946,0,-5.59482294500976
1.54820804184258,0,-5.59581205828656
1.63207825943174,0,-5.5977930925349
1.71335330160922,0,-5.60083696871367
1.79189457531401,0,-5.60495742495797
1.86751108857372,0,-5.61010945291749
1.93996043185048,0,-5.6161872108255
2.00895316587462,0,-5.62302166271665
2.07416079104394,0,-5.63037846159142
2.13522742188642,0,-5.63795687061384
2.19178518231626,0,-5.64539076772278
2.24347312583123,0,-5.65225295452932
2.28995912675312,0,-5.65806401673275
2.33096366955028,0,-5.66230676946438
2.36628382727843,0,-5.66444678154813
2.39581509644364,0,-5.6639585748991
2.41956835848417,0,-5.66035592022265
2.43767931513004,0,-5.65322343536076
2.45040846777339,0,-5.64224580743355
2.45813104950162,0,-5.62723078297527
2.46131798092197,0,-5.60812280235411
2.46051043216426,0,-5.58500567388287
2.45629147660254,0,-5.55809455558947
2.4492583892033,0,-5.52771917969117
2.43999846155991,0,-5.49430128317615
2.42907009729244,0,-5.45832945065952
2.416989792992,0,-5.42033416627347
2.40422468175509,0,-5.38086509483819
2.3911897399578,0,-5.34047175705024
2.378248518741,0,-5.29968802761237
2.36571627121623,0,-5.25902035771475
2.35386449990823,0,-5.2189393082397
2.34292615971947,0,-5.17987383647498
2.33310096256079,0,-5.14220775289631
2.32456041066481,0,-5.10627780714933
2.31745232570899,0,-5.07237293785019
2.31190474084428,0,-5.04073430630451
2.30802908865129,0,-5.01155581699307
2.30592265777716,0,-4.98498490192936
2.30567031219873,0,-4.96112341010313
2.3073454762884,0,-4.94002849768285
2.31101039139481,0,-4.92171346084257
2.31671564949075,0,-4.90614849256681
2.32449900949334,0,-4.89326137899763
2.33438350414421,0,-4.88293818099711
2.3463748511977,0,-4.87502397358587
2.36045819301658,0,-4.86932374060386
2.37659420423203,0,-4.86560354513116
2.39471462869421,0,-4.86359211866376
2.41471733569171,0,-4.86298303444123
2.43646102313537,0,-4.86343765300681
2.45975974460342,0,-4.86458905056114
2.4843775009208,0,-4.86604716093581
2.51002321834445,0,-4.86740537544167
2.53634653603722,0,-4.86824884312316
2.56293494311018,0,-4.86816468391429
2.58931293049473,0,-4.86675425068662
2.61494393404284,0,-4.86364743151526
2.63923590585061,0,-4.85851875035505
2.66155130807542,0,-4.85110469309091
2.68122211514439,0,-4.84122127159195
2.69756998234656,0,-4.82878039563225
2.7099310761369,0,-4.81380325403393
2.71768422266499,0,-4.79642875239962
2.72028017006836,0,-4.7769152543678
2.71726910958278,0,-4.75563450085471
2.70832340277228,0,-4.73305758441865
2.6932528646106,0,-4.70973403290921
2.67201091954611,0,-4.68626611034741
2.64469125002364,0,-4.66328109081352
2.6115158528423,0,-4.64140435108381
2.57281639285808,0,-4.62123569279857
2.52901122100721,0,-4.60333052849597
2.48058040564089,0,-4.58818668832468
2.42804074608307,0,-4.57623682823619
2.37192217924468,0,-4.56784585846079
2.3127464175926,0,-4.56331248364415
2.25100817614378,0,-4.56287381192666
2.18715900366057,0,-4.56671198357593
2.12159353101289,0,-4.57496182828185
2.05463786635853,0,-4.58771863982944
1.98653987361196,0,-4.60504523521379
1.91746114073187,0,-4.62697753860862
1.84747055579102,0,-4.65352800808249
1.77653954408791,0,-4.68468632032168
1.70453916322719,0,-4.72041686234451
1.63123938940742,0,-4.76065276138441
1.55631104009003,0,-4.80528641859147
1.47933084823861,0,-4.85415679209673
1.39979021580275,0,-4.90703398271511
1.31710811884593,0,-4.96360198527836
1.23064851186484,0,-5.02344075121814
1.13974239213921,0,-5.0860089377726
1.04371445157553,0,-5.15062887997427
0.941913980626509,0,-5.21647541077296
0.833749407752753,0,-5.28257018212645
0.718725556209396,0,-5.34778312069421
0.596482357939396,0,-5.41084259224596
0.466833349208054,0,-5.47035572869478
0.329801754896789,0,-5.52484012662338
0.185651352644995,0,-5.57276764150839
0.0349086737750155,0,-5.61262012931536
-0.121627363317707,0,-5.64295560046308
-0.282892272290436,0,-5.6624813445654
-0.447582299130089,0,-5.67012838988814
-0.614201294173597,0,-5.66511971672205
-0.781126310357227,0,-5.64702371269751
-0.946686709601815,0,-5.6157851472816
-1.1092487124036,0,-5.57172869698931
-1.26729600231743,0,-5.51553426958435
-1.41949773580472,0,-5.44818789438248
-1.56475788229047,0,-5.37091544011137
-1.70224334589246,0,-5.28510800668055
-1.83139170946068,0,-5.19224740648724
-1.95190188026494,0,-5.09383827367529
-2.06371210671136,0,-4.99135086671653
-2.16696993313993,0,-4.88617629849112
-2.26199805285451,0,-4.77959416038758
-2.34925910984747,0,-4.67275140967097
-2.429321579887,0,-4.5666508658734
-2.50282808806612,0,-4.46214753583757
-2.57046694091522,0,-4.35995108696803
-2.63294725141053,0,-4.26063298648898
-2.69097777309309,0,-4.16463704300505
-2.74524939081476,0,-4.07229228736523
-2.79642110477818,0,-3.98382730068539
-2.84510926766521,0,-3.89938524026228
-2.89187977836143,0,-3.81903893615888
-2.9372428942238,0,-3.7428055398911
-2.9816502955947,0,-3.67066030724866
-3.02549402183488,0,-3.60254919250589
-3.06910689819708,0,-3.53840002149106
-3.1127640872558,0,-3.47813209504371
-3.15668542606453,0,-3.4216641504849
-3.20103824838497,0,-3.36892067504006
-3.2459404371478,0,-3.31983662030712
-3.29146350238092,0,-3.27436061014527
-3.33763553091119,0,-3.2324567657611
-3.38444390339232,0,-3.19410529188087
-3.43183771949498,0,-3.15930197783864
-3.47972991206885,0,-3.12805676861352
-3.52799906519422,0,-3.10039155505322
-3.57649097943389,0,-3.07633732158146
-3.62502005096892,0,-3.05593077558907
-3.67337055068008,0,-3.03921056750198
-3.7212979057376,0,-3.02621319627638
-3.76853010082939,0,-3.0169686838425
-3.81476932929836,0,-3.01149609579395
-3.85969403598156,0,-3.00979898616739
-3.90296150230259,0,-3.0118608529354
-3.94421112787363,0,-3.01764070868069
-3.9830685579679,0,-3.02706889771817
-4.01915078802735,0,-3.04004332512912
-4.05207233944793,0,-3.05642630124855
-4.08145254002794,0,-3.07604224107219
-4.1069238542115,0,-3.09867648320123
-4.12814109303102,0,-3.12407549646529
-4.14479119807252,0,-3.15194871278539
-4.15660315248242,0,-3.18197215274812
-4.16335744773276,0,-3.21379389219728
-4.16489445567442,0,-3.247041259989
-4.16112104877473,0,-3.28132947689746
-4.15201489566707,0,-3.31627127233082
-4.13762603517455,0,-3.35148688325378
-4.11807557897404,0,-3.38661377917139
-4.09355167089468,0,-3.42131548553328
-4.06430308961275,0,-3.45528899300704
-4.03063107530713,0,-3.48827041931326
-3.99288006030008,0,-3.52003879779383
-3.95142798254847,0,-3.5504180637934
-3.90667677460631,0,-3.57927746486549
-3.85904347914098,0,-3.60653071623441
-3.80895227928397,0,-3.63213425638244
-3.75682757770239,0,-3.65608493849993
-3.70308813257752,0,-3.67841743788541
-3.64814217143378,0,-3.69920158073662
-3.59238335580459,0,-3.718539721475
-3.53618745581583,0,-3.73656422509103
-3.4799096055145,0,-3.75343505487008
-3.4238820378983,0,-3.76933742726395
-3.36841223447763,0,-3.78447947459367
-3.31378146065065,0,-3.79908985059075
-3.26024368984146,0,-3.81341522007271
-3.20802494278845,0,-3.82771758819988
-3.15732308190526,0,-3.84227144256536
-3.10830810415437,0,-3.85736069899425
-3.0611229704471,0,-3.87327545633441
-3.01588499703455,0,-3.89030857477483
-2.97268781675278,0,-3.90875209564626
-2.93160389719854,0,-3.9288935187864
-2.89268758026239,0,-3.95101194793785
-2.85597858358335,0,-3.97537410749525
-2.82150587949676,0,-4.0022302276374
-2.78929184076179,0,-4.03180979166657
-2.75935651483635,0,-4.06431714086007
-2.73172186045775,0,-4.09992693915001
-2.70641575354704,0,-4.13877951243798
-2.68347554680257,0,-4.18097609445986
-2.66295095235657,0,-4.22657403133023
-2.64490601320267,0,-4.27558201836319
-2.62941993964257,0,-4.32795546366022
-2.61658661297035,0,-4.38359209187363
-2.60651259898552,0,-4.44232791801701
-2.59931356539064,0,-4.5039337359648
-2.59510905474043,0,-4.56811228168016
-2.59401562310268,0,-4.63449625108559
-2.59613841014263,0,-4.70264738191866
-2.60156125840584,0,-4.77205685335668
-2.61033555238073,0,-4.842147321128
-2.62246801121092,0,-4.91227699050252
-2.63790775745609,0,-4.98174623005416
-2.65653311563228,0,-5.0498073303735
-2.67813878413191,0,-5.11567808464355
-2.70242427870141,0,-5.17855986524064
-2.72898485048971,0,-5.23766072830768
-2.75730638882364,0,-5.29222372433921
-2.78676603702201,0,-5.34155996882844
-2.8166402466371,0,-5.38508512594808
-2.84612162550926,0,-5.42235687013119
-2.87434509612363,0,-5.45310983413445
-2.9004225935074,0,-5.47728385816289
-2.92348399918247,0,-5.49504137134169
-2.94272060214421,0,-5.50677067340534
-2.95742652543331,0,-5.51307366342037
-2.96703355250885,0,-5.51473878576174
-2.97113564616922,0,-5.51270204812511
-2.96950089791263,0,-5.50800038825471
-2.96207025144591,0,-5.50172217049775
-2.94894373702582,0,-5.49495924742103
-2.93035594986114,0,-5.48876410521929
-2.90664312120992,0,-5.4841144431608
-2.87820448765388,0,-5.4818863494304
-2.84546087781685,0,-5.48283614799478
-2.80881354457846,0,-5.48759005704448
-2.76860623281034,0,-5.49664006805874
-2.72509321507209,0,-5.51034399688793
-2.678415510282,0,-5.52892754710828
-2.62858675691183,0,-5.55248648847476
-2.57548935102174,0,-5.58098763616427
-2.51888062591683,0,-5.614268089706
-2.4584081741044,0,-5.65203298997148
-2.39363296489691,0,-5.69385273595999
-2.32405868945382,0,-5.73916108789103
-2.24916570335646,0,-5.78725585124835
-2.16844793468511,0,-5.83730390907979
-2.08145108187764,0,-5.8883522704763
-1.98781026958434,0,-5.93934652770313
-1.8872850482536,0,-5.98915762295769
-1.77978927680991,0,-6.03661706162798
-1.66541316275065,0,-6.08055964515351
-1.5444347572291,0,-6.1198714961346
-1.41731872187565,0,-6.15353981173572
-1.28470131064435,0,-6.18069974190538
-1.14736216111665,0,-6.2006734253531
-1.0061853514882,0,-6.21299679592143
-0.862113781426122,0,-6.21743129479031
-0.716101826666037,0,-6.2139597673625
-0.569071160660378,0,-6.20276804518012
-0.421873703249365,0,-6.18421546593187
-0.275264174391404,0,-6.15879852526283
-0.129883125803921,0,-6.12711193342529
0.0137500492631614,0,-6.08981076125102
0.15523557487415,0,-6.04757640720565
0.294285159402814,0,-6.00108808552143
0.430709328869673,0,-5.95100061808275
0.564402150613192,0,-5.8979285996312
0.695324997670367,0,-5.84243650841762
0.823490674325625,0,-5.78503402173753
0.948948887500171,0,-5.72617562385849
1.07177373254326,0,-5.66626352284789
1.19205357628468,0,-5.60565289353476
1.30988346900694,0,-5.54465851751045
1.42536000277652,0,-5.48356198607034
1.53857835937658,0,-5.422618760028
1.64963116065494,0,-5.36206453328902
1.75860865083985,0,-5.30212051524856
1.86559970584754,0,-5.24299741868845
1.97069317718537,0,-5.1848981018453
2.07397913221481,0,-5.1280189529438
2.17554963897266,0,-5.07255021222065
2.27549885040103,0,-5.01867549362958
2.37392225650855,0,-4.96657079420061
2.47091508119269,0,-4.91640326652332
2.56656989305422,0,-4.86832998626513
2.66097356981575,0,-4.82249688203955
2.75420380105916,0,-4.77903792036786
2.84632533462015,0,-4.73807456455322
2.93738617165341,0,-4.69971546176493
3.02741389938637,0,-4.66405626371616
3.1164123248803,0,-4.63117945629417
3.20435854343737,0,-4.60115406292169
3.29120054647078,0,-4.57403509359561
3.3768554492892,0,-4.54986263326623
3.46120840161918,0,-4.52866049556144
3.54411223384739,0,-4.51043440692763
3.62538788987917,0,-4.49516972881176
3.70482570221768,0,-4.48282876933138
3.78218757448418,0,-4.47334777999843
3.85721014828435,0,-4.46663377749759
3.92960904108767,0,-4.46256137589581
3.99908424429866,0,-4.46096986142841
4.06532675927615,0,-4.46166078935161
4.12802651586278,0,-4.46439642715794
4.18688155504056,0,-4.4688994039902
4.24160835823203,0,-4.47485394155117
4.2919530686435,0,-4.48190902252926
4.33770318117854,0,-4.48968378222156
4.37869909477484,0,-4.49777527401217
4.41484475571791,0,-4.50576855515758
4.44611651437527,0,-4.51324877760276
4.47256931484247,0,-4.51981468173235
4.49433946948149,0,-4.52509263068458
4.51164354364778,0,-4.52875014962384
4.52477325863116,0,-4.53050789982171
4.53408674714997,0,-4.53014914486355
4.53999688183276,0,-4.5275260389015
4.54295766675341,0,-4.52256242977946
4.54344979023579,0,-4.51525324715446
4.54196638159583,0,-4.50566086457042
4.53899983117191,0,-4.49390903579186
4.5350302792176,0,-4.48017509395649
4.53051611364171,0,-4.46468108179495
4.52588658391472,0,-4.44768438542819
4.52153646293987,0,-4.42946831137291
4.51782257529211,0,-4.41033290943547
4.51506195049775,0,-4.39058622583057
4.51353133893588,0,-4.37053608272223
4.51346782959194,0,-4.3504824250313
4.51507032011973,0,-4.33071024941348
4.51850160173116,0,-4.31148312727627
4.5238908302894,0,-4.29303734601006
4.53133616069401,0,-4.27557671289959
4.5409073272831,0,-4.25926808801669
4.55264796329602,0,-4.24423773043038
4.5665774723961,0,-4.23056855225848
4.58269229860283,0,-4.21829837464083
4.60096648906454,0,-4.20741926730005
4.62135150514127,0,-4.19787802913045
4.64377530634497,0,-4.18957783304068
4.66814080154343,0,-4.1823810174564
4.69432382435204,0,-4.17611296416975
4.72217083767878,0,-4.17056696301878
4.75149660151878,0,-4.16550993344233
4.78208204767145,0,-4.16068885529446
4.8136725983056,0,-4.15583775818735
4.84597714836381,0,-4.15068512879049
4.87866791187243,0,-4.14496161442044
4.91138131530004,0,-4.13840792146434
4.94372010979602,0,-4.13078281941143
4.97525686611158,0,-4.12187115604076
5.00553900345143,0,-4.11149175913144
5.03409547398274,0,-4.09950504185935
5.06044516362365,0,-4.08582004663359
5.08410696440079,0,-4.07040056798791
5.1046113188508,0,-4.05326991074734
5.12151284038292,0,-4.03451379314128
5.13440339961543,0,-4.01428092486737
5.14292487569106,0,-3.99278089846447
5.14678065221871,0,-3.97027923230343
5.14574493358568,0,-3.94708967436166
5.13966909192841,0,-3.92356417333876
5.12848451851927,0,-3.90008118931069
5.1122018023504,0,-3.8770331945165
5.09090642722611,0,-3.8548142705869
5.06475149771511,0,-3.83380863662626
5.03394822194077,0,-3.81438076797071
4.99875497281975,0,-3.79686753234008
4.95946572664742,0,-3.78157252685686
4.91639856822872,0,-3.76876258544889
4.8698847934514,0,-3.75866626489246
4.82025896934827,0,-3.75147401605852
4.76785015504595,0,-3.74733969911726
4.71297435984952,0,-3.74638309503171
4.65592822231217,0,-3.74869308632917
4.59698383470542,0,-3.75433121524458
4.5363846052607,0,-3.76333536749811
4.47434203909034,0,-3.77572336933186
4.41103332141015,0,-3.79149632113294
4.34659959840385,0,-3.8106415223102
4.28114486804335,0,-3.83313486970995
4.21473541292518,0,-3.8589426370681
4.14739972815697,0,-3.88802256725769
4.07912891850889,0,-3.92032423376801
4.00987755961011,0,-3.95578865396944
3.93956503700718,0,-3.99434716491541
3.86807739325353,0,-4.03591960290561
3.79526972545537,0,-4.08041186043513
3.72096918225725,0,-4.12771292766347
3.64497860856287,0,-4.17769155871976
3.56708087711704,0,-4.23019273408708
3.48704392780905,0,-4.28503411666619
3.40462650849952,0,-4.34200271833357
3.31958457666836,0,-4.40085200348829
3.2316782816497,0,-4.46129965429657
3.14067940593288,0,-4.52302620805364
3.04637910471581,0,-4.58567475041061
2.94859574928195,0,-4.64885181061274
2.84718265490356,0,-4.71212955897067
2.74203545978865,0,-4.77504935604625
2.63309891859919,0,-4.83712665126134
2.52037288131803,0,-4.89785717928994
2.40391724358181,0,-4.95672435815042
2.28385567521998,0,-5.01320775442874
2.16037795692004,0,-5.06679244796388
2.0337407788007,0,-5.1169790986093
1.90426687885855,0,-5.16329448847894
1.77234242531402,0,-5.20530228151878
1.63841257822572,0,-5.24261370660624
1.50297520705409,0,-5.27489783121024
1.36657279694182,0,-5.30189105366009
1.22978265064707,0,-5.32340541042948
1.09320558532344,0,-5.33933528057829
0.957453428882972,0,-5.34966208383192
0.823135729254627,0,-5.35445662146424
0.690846186547713,0,-5.35387880534393
0.561149385792609,0,-5.34817465797597
0.434568430892997,0,-5.3376706341856
0.311574048641047,0,-5.32276549449434
0.192575643925155,0,-5.30392012790525
0.0779146523785589,0,-5.28164585472474
-0.0321396280368451,0,-5.25649182066995
-0.137391717632739,0,-5.22903211345437
-0.237719297432666,0,-5.19985319438127
-0.33307049003192,0,-5.16954215132951
-0.423459440533559,0,-5.13867616263984
-0.5089605999876,0,-5.10781343219819
-0.589702114499274,0,-5.07748573083738
-0.66585869250203,0,-5.04819257014954
-0.737644271076943,0,-5.02039694887663
-0.805304739788797,0,-4.99452255144603
-0.869110915733796,0,-4.97095224152099
-0.929351902438756,0,-4.95002767693034
-0.986328911623706,0,-4.93204987127987
-1.04034958232612,0,-4.91728053705965
-1.09172279666747,0,-4.90594406075972
-1.14075396483145,0,-4.8982299787519
-1.1877407323074,0,-4.89429584069016
-1.23296904866421,0,-4.89427036283564
-1.27670952766491,0,-4.89825678558686
-1.31921402227362,0,-4.90633635657364
-1.36071233425622,0,-4.91857186231259
-1.40140897628032,0,-4.93501112718509
-1.44147990479566,0,-4.95569038818068
-1.48106914514511,0,-4.98063743747625
-1.52028523745973,0,-5.00987440278338
-1.55919744455216,0,-5.04342000824201
-1.59783168326942,0,-5.08129112782275
-1.6361661708709,0,-5.1235034108593
-1.67412682019896,0,-5.17007072866832
-1.71158247354587,0,-5.22100316653213
-1.74834013614391,0,-5.27630327212196
-1.78414045566996,0,-5.33596027620138
-1.81865379177986,0,-5.39994203117438
-1.85147732511491,0,-5.46818447464045
-1.88213376215503,0,-5.54057852464318
-1.9100722930433,0,-5.61695445538539
-1.93467254585867,0,-5.69706398999122
-1.95525234474084,0,-5.78056058300219
-1.97108011275778,0,-5.86697865336739
-1.98139275320854,0,-5.95571287569333
-1.98541977742557,0,-6.04599905437573
-1.9824142890112,0,-6.13689860332622
-1.97169112268999,0,-6.22728923255895
-1.95267187484958,0,-6.31586506283259
-1.92493562880075,0,-6.40114993149255
-1.88827275808319,0,-6.48152786757854
-1.84273727374532,0,-6.55529419577644
-1.78869099801557,0,-6.62072896680007
-1.72683101767938,0,-6.67619100218625
-1.65819141716347,0,-6.72022587571548
-1.58411232923019,0,-6.75167564078611
-1.50617439281795,0,-6.76977405379706
-1.42610394606342,0,-6.77421074504369
-1.34566138606671,0,-6.76515249010737
-1.26652924169898,0,-6.74321842931002
-1.19021589684732,0,-6.70941567529999
-1.11798603878918,0,-6.66504872380296
-1.05082207226117,0,-6.61161845530481
-0.989414552157959,0,-6.55072458746411
-0.934175767922469,0,-6.48398105506193
-0.88526921207546,0,-6.41294901226456
-0.84264811668053,0,-6.33908831982305
-0.806097626011728,0,-6.26372595573388
-0.775276762912859,0,-6.18803862032587
-0.749757735342108,0,-6.11304650245824
-0.729061179268388,0,-6.03961534676021
-0.712686658203162,0,-5.96846433712736
-0.700138211306359,0,-5.90017773147959
-0.690945039222834,0,-5.83521857605209
-0.684677600295776,0,-5.77394317339759
-0.680959499463408,0,-5.71661527866012
-0.679475611665846,0,-5.66341926178065
-0.679976904723588,0,-5.61447170610824
-0.682282422285159,0,-5.56983111996712
-0.686278862641131,0,-5.52950561759398
-0.691918150486685,0,-5.49345857846671
-0.699213352190306,0,-5.46161241811801
-0.708233236116475,0,-5.43385069861798
-0.719095732193617,0,-5.41001887394795
-0.731960501996302,0,-5.38992400692776
-0.74702079369978,0,-5.37333381408268
-0.764494726137472,0,-5.3599753977271
-0.784616123348364,0,-5.34953401591055
-0.807625006184867,0,-5.34165222576489
-0.83375784208904,0,-5.33592971816082
-0.863237660014457,0,-5.33192414348496
-0.896264157023922,0,-5.32915320925927
-0.933003958374091,0,-5.3270983066417
-0.97358124456698,0,-5.3252098878338
-1.01806902479273,0,-5.32291476083615
-1.06648141001054,0,-5.31962538160369
-1.11876730876285,0,-5.31475109797084
-1.1748060172077,0,-5.30771113176824
-1.23440518032893,0,-5.29794888218987
-1.29730154255149,0,-5.28494691478626
-1.36316476843054,0,-5.26824180037812
-1.43160439729716,0,-5.24743783022852
-1.50217971926215,0,-5.22221860125882
-1.57441206385307,0,-5.19235556741888
-1.64779873040027,0,-5.15771289327379
-1.72182761463012,0,-5.11824829332117
-1.79599153615924,0,-5.07400993710086
-1.8698013560228,0,-5.02512987429449
-1.9427971705751,0,-4.97181472127374
-2.01455713357705,0,-4.91433451068114
-2.08470373883429,0,-4.85301063033035
-2.15290764432016,0,-4.78820368748502
-2.21888930445793,0,-4.72030196772451
-2.28241878852191,0,-4.64971095701671
-2.34331420461542,0,-4.57684419815993
-2.40143913526987,0,-4.50211558358196
-2.4566994411069,0,-4.42593305812377
-2.50903972096387,0,-4.34869362007986
-2.55843964448997,0,-4.27077946179153
-2.60491030606354,0,-4.19255507446455
-2.64849069239444,0,-4.11436514677831
-2.68924431256902,0,-4.03653310515226
-2.72725600855957,0,-3.95936016863374
-2.7626289450116,0,-3.88312481833004
-2.79548176741355,0,-3.80808260670904
-2.82594591526362,0,-3.73446625383835
-2.85416307932333,0,-3.66248599460083
-2.88028279740921,0,-3.59233015278916
-2.90446018962629,0,-3.52416592497359
-2.92685384002633,0,-3.45814035978721
-2.94762383628892,0,-3.39438151767573
-2.96692998146337,0,-3.33299979324489
-2.98493019174261,0,-3.27408937815386
-3.00177909167633,0,-3.21772983802404
-3.01762681347043,0,-3.16398777288609
-3.03261800058638,0,-3.11291852786748
-3.04689100840374,0,-3.06456791952376
-3.06057728695911,0,-3.01897394354903
-3.07380092341916,0,-2.97616843151198
-3.08667831560156,0,-2.93617862748041
-3.09931794301868,0,-2.89902865956694
-3.11182019893323,0,-2.86474088611795
-3.12427724597588,0,-2.83333710102878
-3.13677285902908,0,-2.80483958710868
-3.14938222224179,0,-2.77927201020547
-3.16217165200666,0,-2.75666014970295
-3.17519822421488,0,-2.7370324629041
-3.18850929174629,0,-2.72042048172729
-3.20214188654968,0,-2.7068590401733
-3.21612200939189,0,-2.69638633039303
-3.23046381897068,0,-2.68904378419496
-3.24516874017635,0,-2.68487577579485
-3.26022451846735,0,-2.68392914088447
-3.27560425326798,0,-2.68625250696717
-3.29126544774724,0,-2.69189543063153
-3.30714911514053,0,-2.70090733911778
-3.32317898287791,0,-2.71333627622666
-3.33926083525464,0,-2.72922745619324
-3.35528203340732,0,-2.74862163342774
-3.37111124824343,0,-2.77155330072746
-3.38659843809991,0,-2.79804873340134
-3.40157509872799,0,-2.82812390145855
-3.41585480918214,0,-2.86178227641167
-3.42923409376701,0,-2.89901256328379
-3.44149361772034,0,-2.93978639216006
-3.45239973299618,0,-2.98405600736369
-3.46170639038873,0,-3.03175199643841
-3.46915743509281,0,-3.08278110608056
-3.47448930415482,0,-3.13702419849403
-3.47743414535405,0,-3.1943344098018
-3.47772337680177,0,-3.25453558239321
-3.47509170361834,0,-3.31742105538005
-3.46928160091037,0,-3.38275291117749
-3.46004825931681,0,-3.45026179051194
-3.44716496914038,0,-3.51964740112656
-3.43042889045886,0,-3.59057985457402
-3.40966711930704,0,-3.66270196761326
-3.3847429148782,0,-3.735632656314
-3.35556190208213,0,-3.80897152852611
-3.32207801182782,0,-3.88230474112782
-3.28429887387675,0,-3.95521213118279
-3.24229034108341,0,-4.02727555586862
-3.19617980667924,0,-4.0980882886885
-3.14615798439673,0,-4.16726522580196
-3.09247885875642,0,-4.23445356526421
-3.03545758041975,0,-4.29934354323468
-2.97546617596584,0,-4.36167875348031
-2.91292705637333,0,-4.42126554561012
-2.84830443567519,0,-4.47798099551479
-2.78209390252303,0,-4.53177896697436
-2.71481051598601,0,-4.58269383276539
-2.64697591771579,0,-4.63084149334007
-2.57910506096068,0,-4.67641741974236
-2.51169324628736,0,-4.71969155595303
-2.44520421359907,0,-4.76100004675329
-2.38006005442821,0,-4.800733911353
-2.31663365851474,0,-4.83932495617413
-2.25524427671037,0,-4.87722940031944
-2.19615655890472,0,-4.91490985451852
-2.1395831170443,0,-4.95281642420877
-2.08569029580627,0,-4.99136777670137
-2.0346064537001,0,-5.03093300644181
-1.98643172559713,0,-5.07181505068442
-1.94124801537727,0,-5.11423626600113
-1.89912790141136,0,-5.15832660256179
-1.86014124624461,0,-5.20411464278264
-1.82435856789259,0,-5.25152163604472
-1.79185060479549,0,-5.30035858457085
-1.76268392375231,0,-5.35032642700921
-1.73691281718712,0,-5.40101942245104
-1.71456807144618,0,-5.45193194340422
-1.69564345105769,0,-5.50246901531896
-1.68008095274767,0,-5.55196105325547
-1.66775606896376,0,-5.5996832879446
-1.65846448690927,0,-5.64488027264541
-1.65191182705439,0,-5.68679554088455
-1.64770813724753,0,-5.72470588321537
-1.64536879784563,0,-5.75795882794024
-1.64432313020236,0,-5.78601085373031
-1.64393124269407,0,-5.80846287443113
-1.64350851643994,0,-5.82508896526173
-1.64235581666569,0,-5.83585448176055
-1.63979235367491,0,-5.84092081492582
-1.63518748023153,0,-5.84063587127216
-1.62798783379567,0,-5.83551150147864
-1.61773708812568,0,-5.82619093270269
-1.60408689504482,0,-5.81341032049065
-1.58679898411979,0,-5.79795866747253
-1.56573951220036,0,-5.78063971745383
-1.5408674476809,0,-5.76223836943522
-1.5122190390718,0,-5.74349302161986
-1.47989036342218,0,-5.7250742982297
-1.44401971229215,0,-5.70756994009905
-1.40477125676924,0,-5.69147525241138
-1.36232109599208,0,-5.67718834049248
-1.3168464543342,0,-5.66500935302175
-1.26851845078087,0,-5.65514302583784
-1.21749852059057,0,-5.64770392933021
-1.16393823589665,0,-5.64272393362269
-1.10798197268623,0,-5.64016149496564
-1.04977163689093,0,-5.63991241956216
-0.989452519215924,0,-5.64182177183655
-0.927179312641953,0,-5.64569656643498
-0.863121398686536,0,-5.6513188291423
-0.797466673838291,0,-5.65845854982644
-0.730423419948455,0,-5.66688600138549
-0.662219989396027,0,-5.67638288151755
-0.593102344171496,0,-5.68675176236716
-0.523329727653432,0,-5.69782341212159
-0.453168935240165,0,-5.70946167912208
-0.382887769863802,0,-5.72156579188968
-0.312748314440812,0,-5.73407011070861
-0.243000627927823,0,-5.74694154809303
-0.173877384989294,0,-5.76017503656992
-0.105589847435714,0,-5.77378754561122
-0.0383253982240366,0,-5.78781122338234
0.0277532936051423,0,-5.80228625817953
0.0925075576581227,0,-5.81725402112529
0.15582065854973,0,-5.83275097428386
0.217594671137808,0,-5.84880371965546
0.277746628613378,0,-5.86542543920479
0.33620428836521,0,-5.8826138482592
0.39290184200176,0,-5.9003506657432
0.447775855937808,0,-5.91860250251936
0.500761675532654,0,-5.93732298735676
0.551790465628471,0,-5.95645588919375
0.600786998359071,0,-5.97593895263704
0.647668238371561,0,-5.99570813831117
0.692342717925486,0,-6.01570194811808
0.734710640938123,0,-6.03586551584004
0.774664607286972,0,-6.05615415492174
0.812090808517482,0,-6.07653607748169
0.846870516233576,0,-6.09699403153183
0.878881668124471,0,-6.11752564642533
0.908000357147951,0,-6.13814232817436
0.934102049712759,0,-6.15886660397506
0.957062400642638,0,-6.17972787596763
0.976757596725909,0,-6.20075660515074
0.993064245618395,0,-6.22197700597946
1.00585892984771,0,-6.24339839134376
1.01501766164492,0,-6.26500537011265
1.02041559556431,0,-6.28674717185904
1.02192747087622,0,-6.3085264642597
1.01942934816611,0,-6.33018814633294
1.01280225243214,0,-6.35150875008209
1.00193831104954,0,-6.37218726165568
0.9867498497133,0,-6.39183836601766
0.967181656912065,0,-6.40998929535897
0.943226234464914,0,-6.4260815722285
0.914941329185656,0,-6.43947891966235
0.882468434912012,0,-6.44948239259059
0.846050352427289,0,-6.4553533085573
0.806045423058019,0,-6.45634379691789
0.762935857371356,0,-6.45173378092251
0.717327799512891,0,-6.44087207567347
0.66994147871632,0,-6.42321823198283
0.62159097406097,0,-6.39838104435438
0.573154590661481,0,-6.36614952392601
0.52553832357224,0,-6.32651276426007
0.47963602218529,0,-6.27966646189507
0.436290372174968,0,-6.22600564353441
0.396258560416814,0,-6.1661049956961
0.360185574068737,0,-6.10068967257521
0.328586778827997,0,-6.0306002843695
0.30184006275212,0,-5.95675586425947
0.280186709129991,0,-5.88011810239896
0.263739435245273,0,-5.80165926307221
0.252495725264623,0,-5.72233522543097
0.246354616561193,0,-5.64306420725647
0.245135347305334,0,-5.56471105317673
0.248596619837799,0,-5.48807652063491
0.25645558878531,0,-5.41389075216786
0.268405990095302,0,-5.34281003075621
0.284135062247054,0,-5.27541592332883
0.303339069364581,0,-5.21221598261271
0.325737324677034,0,-5.15364526956861
0.351084643543223,0,-5.10006806064417
0.379182141317844,0,-5.05177920910215
0.409886246117368,0,-5.00900473760474
0.443115733743747,0,-4.97190135361191
0.478856526103798,0,-4.94055470452664
0.517163940816271,0,-4.91497632913473
0.558162054005947,0,-4.89509941579071
0.602039854854364,0,-4.88077364159017
0.649043939775634,0,-4.87175953107275
0.699467620081759,0,-4.86772292419859
0.753636495197752,0,-4.86823026537917
0.811890760564237,0,-4.87274550262887
0.874564754934974,0,-4.88062940641267
0.941964482087912,0,-4.8911420755862
1.01434404464358,0,-4.90344929410077
1.0918820860433,0,-4.91663324400136
1.17465944220258,0,-4.92970787773437
1.26263925592693,0,-4.9416390149872
1.35565080785186,0,-4.95136896101168
1.45337826871207,0,-4.95784514436703
1.55535547278809,0,-4.96005193992216
1.66096763412486,0,-4.95704448072905
1.76946064946788,0,-4.94798288821508
1.87995822939116,0,-4.93216500647853
1.99148656308175,0,-4.90905548221161
2.10300557857322,0,-4.87830897235587
2.21344518051229,0,-4.83978546501575
2.32174424429595,0,-4.79355620334462
2.42688974661977,0,-4.73989947675922
2.5279533214513,0,-4.679286482415
2.62412278683472,0,-4.61235840134988
2.71472674885673,0,-4.5398966087306
2.7992511410825,0,-4.46278842027087
2.87734735454681,0,-4.38199091899152
2.94883232185771,0,-4.29849524113811
3.01368145324048,0,-4.21329331681443
3.07201565475409,0,-4.12734856797552
3.12408380944939,0,-4.04157155745525
3.17024211645643,0,-3.95680111864138
3.21093160993654,0,-3.87379110309182
3.24665505759912,0,-3.79320256519824
3.27795428938374,0,-3.71560095011836
3.30538884028033,0,-3.64145765435213
3.32951660983957,0,-3.57115518342829
3.35087704724599,0,-3.50499503953491
3.36997717118921,0,-3.44320743716306
3.38728053902387,0,-3.38596196854437
3.40319910338901,0,-3.33337841921632
3.41808774959132,0,-3.28553705741988
3.43224120305604,0,-3.24248787401993
3.44589293690352,0,-3.2042584145008
3.45921569322318,0,-3.17086000434888
3.47232325109311,0,-3.1422923102177
3.48527312011594,0,-3.11854629309779
3.49806989963002,0,-3.0996056930301
3.51066911105624,0,-3.08544723896889
3.52298137617031,0,-3.07603980667128
3.53487687180806,0,-3.07134275807275
3.54619003807494,0,-3.07130369390335
3.55672455065387,0,-3.07585584296172
3.56625858751782,0,-3.08491530079331
3.57455042615273,0,-3.09837832014369
3.58134439958016,0,-3.11611884638263
3.58637721868256,0,-3.13798648244715
3.58938463573705,0,-3.16380505775642
3.59010838162954,0,-3.19337196115249
3.58830326009131,0,-3.22645837602249
3.58374423101342,0,-3.26281052354639
3.57623326736741,0,-3.30215197580752
3.56560573334276,0,-3.34418704452787
3.55173601189861,0,-3.38860518607302
3.5345421136934,0,-3.43508629423342
3.51398902936938,0,-3.48330668624695
3.49009064279333,0,-3.53294553254974
3.462910099328,0,-3.58369144409724
3.43255861215383,0,-3.63524891778753
3.39919278054465,0,-3.68734435207467
3.36301057615861,0,-3.73973137897914
3.32424621810657,0,-3.7921953097938
3.28316419952175,0,-3.84455655227452
3.24005274633516,0,-3.89667291909666
3.19521698535413,0,-3.94844080418193
3.14897207843652,0,-3.99979525071513
3.10163654847909,0,-4.05070897039176
3.05352598669328,0,-4.10119039806625
3.00494729355534,0,-4.15128088144284
2.95619357053776,0,-4.20105111436232
2.90753974727608,0,-4.25059692710127
2.85923899901699,0,-4.300034549756
2.81151998120382,0,-4.34949546619272
2.76458488096306,0,-4.39912097632522
2.7186082584745,0,-4.44905658315562
2.67373662470432,0,-4.49944631739788
2.63008867631301,0,-4.55042710605226
2.58775608471372,0,-4.60212328196731
2.54680471546558,0,-4.6546413198054
2.50727613761553,0,-4.7080648712126
2.46918927120466,0,-4.76245016024999
2.43254201558113,0,-4.81782179150189
2.39731270182441,0,-4.87416902004068
2.36346121981821,0,-4.93144253669847
2.33092968481748,0,-4.98955183548078
2.29964253065445,0,-5.04836325329917
2.2695059484974,0,-5.10769880532581
2.24040663337313,0,-5.16733598059229
2.2122098578655,0,-5.22700870852031
2.18475696564512,0,-5.28640975185033
2.15786246763222,0,-5.345194815577
2.13131102874737,0,-5.40298867156822
2.10485474668434,0,-5.45939356695188
2.07821123230421,0,-5.51400009059489
2.05106308183072,0,-5.56640049642213
2.02305935336411,0,-5.61620421319727
1.9938195892979,0,-5.66305491415442
1.96294073198444,0,-5.70664811213903
1.93000695190504,0,-5.74674785782889
1.8946019703753,0,-5.78320085105759
1.85632298149325,0,-5.81594623541701
1.8147948669055,0,-5.84501960863427
1.76968316797627,0,-5.87055034696243
1.72070431746791,0,-5.8927521192221
1.66763195329612,0,-5.91190728849125
1.61029867754428,0,-5.92834657949476
1.5485932649946,0,-5.94242578606995
1.48245393487094,0,-5.95450135608452
1.41185877648015,0,-5.96490646850012
1.33681471696587,0,-5.97392882238846
1.25734654023447,0,-5.98179092279235
1.17348744112773,0,-5.98863328407298
1.08527246232986,0,-5.99450074534051
0.992735934493493,0,-5.99933202538372
0.895913727219819,0,-6.00295271678343
0.794850715261042,0,-6.00507208169985
0.689613370467531,0,-6.00528419779089
0.580306823264515,0,-6.00307413753243
0.46709514111732,0,-5.9978298793622
0.350223013066498,0,-5.98886049507975
0.230036590068818,0,-5.97542081537002
0.107000988819262,0,-5.95674226017007
-0.0182880188190599,0,-5.93206888232798
-0.145100308233199,0,-5.90069698660057
-0.272577291276655,0,-5.86201604183123
-0.399748158710303,0,-5.8155480988366
-0.525556234755609,0,-5.76098265556498
-0.648894114989713,0,-5.69820395886306
-0.768645221999002,0,-5.62730815534378
-0.883728581646336,0,-5.5486085075893
-0.993143149604742,0,-5.46262800731247
-1.09600801468903,0,-5.37007999421797
-1.19159530070938,0,-5.27183861901528
-1.27935350366755,0,-5.16890195368275
-1.35892016326584,0,-5.06235108804381
-1.43012395679037,0,-4.95330859700838
-1.49297731530704,0,-4.84289936856518
-1.54766136099248,0,-4.7322160855005
-1.59450530540415,0,-4.62229082543392
-1.63396246744027,0,-4.51407344004752
-1.66658485242892,0,-4.4084167031744
-1.69299788083868,0,-4.30606772940271
-1.71387645531451,0,-4.20766486274394
-1.729923171567,0,-4.11373909105352
-1.74184914825613,0,-4.02471901583578
-1.7503576873703,0,-3.94093845838437
-1.75613077897648,0,-3.86264587844696
-1.75981832416969,0,-3.79001489651594
-1.76202985650985,0,-3.72315532971709
-1.76332848450203,0,-3.66212426492919
-1.76422674676513,0,-3.60693679649075
-1.76518406046783,0,-3.5575761475336
-1.76660544716514,0,-3.51400297295989
-1.76884123444993,0,-3.47616370833328
-1.77218745386191,0,-3.44399788280459
-1.77688668292436,0,-3.4174443561263
-1.7831291101119,0,-3.39644647046209
-1.79105363448993,0,-3.38095612789619
-1.8007488455828,0,-3.3709368152931
-1.81225376298944,0,-3.3663656006619
-1.82555824903297,0,-3.36723412084452
-1.84060304133625,0,-3.37354857074138
-1.85727938600494,0,-3.38532869116012
-1.87542828664131,0,-3.40260573762279
-1.89483942037012,0,-3.42541939814646
-1.9152498100537,0,-3.45381361631359
-1.93634238233698,0,-3.48783126916913
-1.95774458421223,0,-3.52750764999999
-1.97902727613454,0,-3.5728627162263
-1.99970416661989,0,-3.62389208479715
-2.01923210054758,0,-3.68055679387978
-2.03701255949474,0,-3.74277190247745
-2.05239477534779,0,-3.81039407127182
-2.06468089552819,0,-3.88320836115031
-2.07313366562761,0,-3.96091460386578
-2.07698710702915,0,-4.04311384600348
-2.07546065325727,0,-4.129295546721
-2.06777715335758,0,-4.21882642343742
-2.05318502946433,0,-4.31094208361531
-2.030984656032,0,-4.40474283831178
-2.00055867149928,0,-4.49919532607293
-1.96140540516736,0,-4.59314171514103
-1.91317389232468,0,-4.68531819402488
-1.85569810140432,0,-4.77438407598049
-1.78902713443571,0,-4.85896201050203
-1.7134475116276,0,-4.9376884632618
-1.62949351001019,0,-5.00927189222626
-1.53794217404784,0,-5.07255421384382
-1.43979117263355,0,-5.12656970357828
-1.33621997019474,0,-5.17059493698669
-1.22853732004614,0,-5.20418409430096
-1.11812020772634,0,-5.22718588100092
-1.00635049027772,0,-5.23974099297947
-0.894555348947359,0,-5.24226176323725
-0.783956470110268,0,-5.23539770375584
-0.675631061167768,0,-5.21999173546005
-0.57048592798201,0,-5.19703198435352
-0.469244284906129,0,-5.16760338342721
-0.372443914893532,0,-5.13284231865353
-0.280444733554244,0,-5.09389649856857
-0.193443621906807,0,-5.0518912942737
-0.111494441335889,0,-5.00790305766608
-0.0345313221849785,0,-4.9629393730753
0.0376064422967795,0,-4.91792579409576
0.105149295446192,0,-4.87369832681848
0.168373225849202,0,-4.83100072020632
0.227577316115893,0,-4.79048550480019
0.283063591158043,0,-4.75271767985812
0.335119485341419,0,-4.71817998334075
0.384003056886339,0,-4.68727878057991
0.429930947462831,0,-4.66034976162352
0.473069017101775,0,-4.63766282577124
0.513525571129083,0,-4.61942573574552
0.551347120565323,0,-4.60578632687438
0.586516659991912,0,-4.59683324659354
0.618954487290016,0,-4.5925953692933
0.648521611807857,0,-4.59304017771369
0.675025790977248,0,-4.59807152381497
0.69823019538996,0,-4.6075272790875
0.717864628326967,0,-4.62117745557538
0.733639119684064,0,-4.63872342135563
0.745259579520809,0,-4.65979884186371
0.752445038099711,0,-4.68397294240626
0.754945825763971,0,-4.71075659676365
0.752561871908365,0,-4.73961159230523
0.745160150336401,0,-4.76996319948061
0.732690198776236,0,-4.80121589009821
0.715196626506309,0,-4.83277172749924
0.692827623149036,0,-4.86405063234528
0.665838703840774,0,-4.8945114612207
0.634591255469281,0,-4.92367267148478
0.599545842868744,0,-4.95113131761762
0.561250632710569,0,-4.97657923420318
0.520325636874497,0,-4.99981547725647
0.477443726994654,0,-5.02075436310349
0.433309520271235,0,-5.03942870259222
0.388637305868267,0,-5.05598803663879
0.344129207362175,0,-5.07069182899772
0.30045478672902,0,-5.08389768978458
0.258233288017898,0,-5.09604483460954
0.218019658731507,0,-5.10763317170991
0.180295315954955,0,-5.11919866950156
0.14546428807226,0,-5.13128596701634
0.113854842696057,0,-5.14441949192807
0.0857260483143966,0,-5.15907457114018
0.0612780166988912,0,-5.17565009396096
0.0406639840505724,0,-5.19444418965286
0.0240020598820796,0,-5.21563412771557
0.0113845017015586,0,-5.23926129863374
0.00288277019613375,0,-5.26522176308045
-0.00145270189327218,0,-5.29326254316782
-0.00159828489297215,0,-5.32298362292591
0.00243204866194696,0,-5.35384554930542
0.0105720496596544,0,-5.38518257156385
0.0226862309970652,0,-5.41622138882756
0.0385524897431942,0,-5.44610572620938
0.0578463788050287,0,-5.47392703061832
0.0801292564740171,0,-5.49876144113665
0.104842659611566,0,-5.51971270952118
0.131311209954145,0,-5.53595982769045
0.158755980380358,0,-5.54680678370777
0.186319315175129,0,-5.55173034399559
0.213100532864185,0,-5.55042051426369
0.238199923905168,0,-5.54280797229443
0.260766486401996,0,-5.52907378065188
0.280043598081982,0,-5.50963912299777
0.295406844471192,0,-5.48513610132925
0.306389604048043,0,-5.45636378404916
0.31269428727467,0,-5.42423573467831
0.31418958135401,0,-5.38972569447885
0.310895975422001,0,-5.35381709997832
0.302962884185887,0,-5.31746029162997
0.290640887197003,0,-5.28153929695613
0.274252226748483,0,-5.24684843770325
0.254162074143706,0,-5.21407791854058
0.230752412220536,0,-5.18380698472787
0.2043998013437,0,-5.15650305867856
0.17545781188223,0,-5.13252533396347
0.144244488147587,0,-5.11213150292541
0.111034824347043,0,-5.09548654209059
0.0760578724426104,0,-5.08267272865733
0.0394977825047746,0,-5.0737002797768
0.00149783304166418,0,-5.06851817373989
-0.0378336230567456,0,-5.06702481932298
-0.0784163720001206,0,-5.06907829025753
-0.120191660229316,0,-5.07450585279552
-0.163116344068369,0,-5.08311251085043
-0.207158304049504,0,-5.09468830127821
-0.252293266890954,0,-5.10901411052729
-0.298502920656231,0,-5.12586585980025
-0.345774018408704,0,-5.14501701260816
-0.394098057528015,0,-5.16623948017717
-0.443471094079233,0,-5.18930311706972
-0.493893289697991,0,-5.2139740948429
-0.545367870786488,0,-5.24001250577404
-0.597899283888835,0,-5.26716958015645
-0.651490438392643,0,-5.29518490475083
-0.706139026401892,0,-5.32378401566311
-0.761832995160768,0,-5.35267671524131
-0.818545320983744,0,-5.38155643568619
-0.876228299753977,0,-5.4101009435437
-0.934807632642196,0,-5.43797464580293
-0.994176649626436,0,-5.46483271262332
-1.05419107646334,0,-5.49032716403547
-1.1146648065762,0,-5.51411496851633
-1.17536717609954,0,-5.53586806310758
-1.23602224191219,0,-5.55528502667954
-1.29631051093537,0,-5.57210392822202
-1.35587344872271,0,-5.58611565048741
-1.41432089894483,0,-5.59717678777184
-1.47124127929744,0,-5.60522107573677
-1.52621410829034,0,-5.61026827273973
-1.57882410383214,0,-5.61242950765504
-1.62867583238698,0,-5.61190834764912
-1.67540772958079,0,-5.60899719912751
-1.71870429635974,0,-5.60406908402176
-1.75830540827781,0,-5.59756526000548
-1.79401193709828,0,-5.58997950403088
-1.82568722710612,0,-5.58184009860403
-1.85325433690785,0,-5.57369062523953
-1.87668930093835,0,-5.56607058871669
-1.89601095138935,0,-5.55949670430084
-1.9112680607259,0,-5.55444542655109
-1.92252472510749,0,-5.55133703236041
-1.92984502646978,0,-5.55052133507602
-1.93327810084399,0,-5.55226493358525
-1.93284480782078,0,-5.55673981336419
-1.92852723133659,0,-5.56401313086092
-1.92026222096377,0,-5.57403813506159
-1.90794007172655,0,-5.58664640630858
-1.89140920479176,0,-5.60154190214649
-1.87048732781736,0,-5.61829765294132
-1.84497902034437,0,-5.63635628525755
-1.81469903185123,0,-5.6550357908752
-1.77949985040914,0,-5.67354201839799
-1.73930137272436,0,-5.69098916074055
-1.69411987317565,0,-5.70642898065791
-1.64409303783937,0,-5.71888862856314
-1.58949772361848,0,-5.72741569554476
-1.53075745261688,0,-5.73112774087481
-1.46843755604214,0,-5.72926219216455
-1.40322733802349,0,-5.72122159886074
-1.33591046382698,0,-5.70660910154206
-1.26732662528432,0,-5.68524989116313
-1.19832893008922,0,-5.6571963047236
-1.1297420039639,0,-5.62271662383546
-1.06232534056568,0,-5.58226998300961
-0.996745161201675,0,-5.53647146462369
-0.933556368964062,0,-5.48605213445441
-0.87319456312392,0,-5.43181848338377
-0.81597685838161,0,-5.37461478183502
-0.762109566054505,0,-5.31529061292978
-0.711700598397314,0,-5.25467465953863
-0.664774611802574,0,-5.19355487723769
-0.621289248850936,0,-5.13266455481786
-0.581151242618327,0,-5.07267342055546
-0.544231526327375,0,-5.01418282747128
-0.510378807447331,0,-4.95772406904145
-0.479431307678264,0,-4.90375897524228
-0.451226545393124,0,-4.85268207254046
-0.42560915818076,0,-4.80482373236439
-0.402436844015505,0,-4.7604538651571
-0.381584552128324,0,-4.7197858339487
-0.362947087839206,0,-4.68298035985438
-0.346440315645434,0,-4.65014927186881
-0.332001155719261,0,-4.62135901577944
-0.319586572973527,0,-4.59663388353157
-0.30917175619966,0,-4.57595895677045
-0.300747677973162,0,-4.55928277866112
-0.294318214221667,0,-4.54651977874776
-0.289896985670431,0,-4.53755247910215
-0.28750406210277,0,-4.53223350898624
-0.287162645121384,0,-4.5303874523849
-0.288895816933539,0,-4.53181255055163
-0.292723413138011,0,-4.53628228229434
-0.298659048511458,0,-4.54354684970279
-0.306707298623261,0,-4.55333460730375
-0.316861019128003,0,-4.56535348833851
-0.329098771101261,0,-4.5792925022675
-0.343382316823507,0,-4.59482340115053
-0.359654157515874,0,-4.61160263681232
-0.377835103529832,0,-4.62927375245748
-0.397821898306672,0,-4.64747036767469
-0.419484958787304,0,-4.66581991990225
-0.442666344112659,0,-4.68394831334011
-0.467178116848858,0,-4.70148559290546
-0.492801309996858,0,-4.71807270193602
-0.519285750113605,0,-4.73336929583819
-0.546351001983265,0,-4.74706247141183
-0.573688683410656,0,-4.75887614020754
-0.600966342062515,0,-4.7685806375792
-0.627832987152653,0,-4.77600203687907
-0.653926232272338,0,-4.78103055409954
-0.678880846174535,0,-4.78362740476479
-0.702338348341181,0,-4.78382952725488
-0.723957152170538,0,-4.78175171695312
-0.743422674436985,0,-4.77758590929549
-0.760456809494155,0,-4.77159757812146
-0.774826210463582,0,-4.76411944217954
-0.786348912988712,0,-4.75554286278004
-0.794898956079813,0,-4.74630744606437
-0.800408773541622,0,-4.73688942682075
-0.802869229330043,0,-4.72778941502032
-0.802327243577521,0,-4.7195200485229
-0.798881008403616,0,-4.71259403441702
-0.792672838985904,0,-4.70751299038213
-0.783879764203278,0,-4.70475742027217
-0.772702047619513,0,-4.70477807031036
-0.759349949714889,0,-4.70798880538303
-0.744029189980356,0,-4.71476101314042
-0.726925724783204,0,-4.72541939009556
-0.708190597654963,0,-4.74023880415635
-0.687925714819086,0,-4.759441788553
-0.666171427671383,0,-4.78319613434743
-0.642896754394676,0,-4.81161203951177
-0.61799294863551,0,-4.84473835515429
-0.591270942117512,0,-4.88255763822511
-0.562462977846373,0,-4.92497995156885
-0.531228541372122,0,-4.971835612669
-0.497164514489289,0,-5.02286734780983
-0.459819332469544,0,-5.07772253364227
-0.418710821334907,0,-5.13594639165307
-0.373347309709926,0,-5.19697714271657
-0.323251522156593,0,-5.26014423285382
-0.267986632465583,0,-5.3246708054619
-0.207183652187815,0,-5.38968160106432
-0.14056903014824,0,-5.45421737146866
-0.0679909482278864,0,-5.51725663759882
0.0105576339562318,0,-5.57774512744278
0.0949215038932985,0,-5.63463245195058
0.184773763181749,0,-5.68691452603592
0.279616671961974,0,-5.73367904042918
0.37879424771543,0,-5.77415018403682
0.481516814396318,0,-5.8077281368264
0.586896079041127,0,-5.83401890895841
0.693987713189532,0,-5.85285103662854
0.80183725593141,0,-5.864277333398
0.909524753477596,0,-5.86856195252979
1.01620399154481,0,-5.86615493358973
1.12113328605763,0,-5.85765775243179
1.22369623154863,0,-5.8437839580809
1.32341220330865,0,-5.82531880758553
1.41993751025555,0,-5.80308112153386
1.51305879241357,0,-5.77788965402585
1.60268056875378,0,-5.75053533254652
1.68880885717227,0,-5.72175991727321
1.77153261385504,0,-5.69224101181955
1.85100446254395,0,-5.66258292621906
1.92742186610189,0,-5.63331261888333
2.00100957037201,0,-5.60487979281228
2.07200384596031,0,-5.57766016307165
2.14063878265657,0,-5.55196092511126
2.20713466640824,0,-5.52802751930884
2.27168830060701,0,-5.50605089058526
2.33446502887011,0,-5.48617456796579
2.39559217703159,0,-5.4685010232691
2.45515365285909,0,-5.45309689874455
2.51318551222429,0,-5.43999681269182
2.56967240480886,0,-5.42920555756051
2.62454493359724,0,-5.42069859997201
2.67767808353694,0,-5.41442088418089
2.72889098157324,0,-5.41028403960329
2.77794833229016,0,-5.40816220869854
2.82456392370268,0,-5.40788685028892
2.86840661129515,0,-5.40924103693436
2.90910915896307,0,-5.41195394813032
2.94628023219035,0,-5.41569645011839
2.97951968372422,0,-5.42007882281338
3.00843702173653,0,-5.42465180462355
3.03267258373506,0,-5.42891211945066
3.05192045328183,0,-5.43231345614996
3.06595158869908,0,-5.43428342110502
3.07463508296982,0,-5.43424624661504
3.07795510638501,0,-5.43165005880675
3.07602109388493,0,-5.42599645218017
3.06906927779499,0,-5.4168692573063
3.05745474219604,0,-5.40395903280231
3.04163459388362,0,-5.38708017496997
3.02214424478505,0,-5.36617860825678
2.99956978684798,0,-5.34132953054557
2.97451975516547,0,-5.312726214899
2.94759920220478,0,-5.28066201281092
2.91938814981644,0,-5.24550824225424
2.89042545287478,0,-5.2076905851304
2.86119817356814,0,-5.16766613963176
2.8321358902808,0,-5.12590260756976
2.80360898928942,0,-5.08286044313034
2.77592986621391,0,-5.03897826663003
2.74935601698265,0,-4.99466149537571
2.72409414627399,0,-4.95027395062215
2.70030460618005,0,-4.90613212562829
2.67810566368331,0,-4.86250180006193
2.65757726552215,0,-4.81959672147644
2.63876411764421,0,-4.7775791166892
2.62167802322562,0,-4.73656182696871
2.60629952843589,0,-4.69661187289151
2.59257900778992,0,-4.65775524707296
2.58043737881046,0,-4.61998271065218
2.56976666648032,0,-4.58325634062548
2.56043064072126,0,-4.54751654923415
2.55226572680267,0,-4.51268928213222
2.54508234430958,0,-4.47869310508707
2.53866677299328,0,-4.44544591212195
2.53278358281858,0,-4.41287103012657
2.52717860983601,0,-4.38090255144908
2.52158241618472,0,-4.34948978986876
2.51571414546609,0,-4.31860081864107
2.50928567420979,0,-4.28822510451758
2.50200596322425,0,-4.25837529301039
2.49358552399309,0,-4.22908822460166
2.48374092866456,0,-4.20042526892201
2.47219930165458,0,-4.17247205680542
2.45870273212335,0,-4.14533767334796
2.44301253769907,0,-4.11915335473655
2.42491329178051,0,-4.09407071387717
2.40421650323696,0,-4.07025951007877
2.38076381410119,0,-4.04790497968065
2.35442956462409,0,-4.02720475847086
2.32512257204702,0,-4.00836545116515
2.29278698390068,0,-3.99159893375294
2.25740209967521,0,-3.97711850515382
2.21898110378512,0,-3.96513502894622
2.17756871201868,0,-3.95585321846124
2.13323779510453,0,-3.94946821595193
2.08608509819417,0,-3.94616259822786
2.0362262168009,0,-3.94610390917486
1.98379001357816,0,-3.94944277796665
1.92891266506976,0,-3.9563116354552
1.87173151514418,0,-3.9668239948757
1.81237888650196,0,-3.9810742202296
1.75097596896814,0,-3.99913766858665
1.68762686906896,0,-4.02107106162483
1.62241287496879,0,-4.04691291640569
1.55538696864626,0,-4.07668384445553
1.48656860667309,0,-4.1103865104917
1.41593879470054,0,-4.14800502700942
1.34343550060789,0,-4.18950354891558
1.26894948840417,0,-4.23482382539719
1.19232070977793,0,-4.28388146784577
1.1133354618539,0,-4.33656070822189
1.03172460563454,0,-4.39270745853514
0.947163234634246,0,-4.45212054678103
0.859272278947859,0,-4.51454110537224
0.767622614407903,0,-4.57964023087799
0.671742304133181,0,-4.64700522167423
0.571127612898374,0,-4.71612493088214
0.465258385218253,0,-4.78637503762969
0.353618249754868,0,-4.85700432583693
0.235719893764879,0,-4.92712334675486
0.111135335044962,0,-4.99569710636559
-0.0204692976071056,0,-5.0615436364094
-0.159295482715774,0,-5.12334044978523
-0.305372153492689,0,-5.17964090926736
-0.458516032697486,0,-5.22890239334767
-0.618295630447901,0,-5.26952773018334
-0.78400292150575,0,-5.29992055662453
-0.95463742656032,0,-5.31855389523633
-1.12890771056799,0,-5.32404923612955
-1.30525477749797,0,-5.3152608534522
-1.48190008052781,0,-5.29135739434344
-1.65691771072317,0,-5.25189074567106
-1.828326123634,0,-5.1968418173603
-1.99419050696282,0,-5.12663495804693
-2.15272398699755,0,-5.04211724147646
-2.30237551037911,0,-4.94450478456265
-2.44189473330253,0,-4.83530380405766
-2.57036879226848,0,-4.7162176005855
-2.68723088979555,0,-4.58905127648065
-2.79224472601818,0,-4.45562408909222
-2.88547112541756,0,-4.31769601944493
-2.96722372714096,0,-4.17691161896684
-3.0380198386819,0,-4.03476133512668
-3.09853115370267,0,-3.89255864709815
-3.14953753622216,0,-3.75143040618792
-3.19188578166988,0,-3.61231752304334
-3.22645429013457,0,-3.47598329871793
-3.25412391633532,0,-3.34302704296058
-3.27575483020643,0,-3.21390102405146
-3.29216896018514,0,-3.08892918026815
-3.30413744074326,0,-2.96832636683324
-3.31237240738904,0,-2.85221720945697
-3.31752245275849,0,-2.74065389015861
-3.32017106304142,0,-2.63363240785376
-3.32083738655278,0,-2.53110703858697
-3.3199787394126,0,-2.43300287006169
-3.31799432105501,0,-2.33922640341836
-3.31522968866433,0,-2.24967430347033
-3.31198161892658,0,-2.16424043918789
-3.30850306274675,0,-2.08282139246988
-3.30500797002575,0,-2.00532062928831
-3.3016758247643,0,-1.931651527642
-3.29865578449298,0,-1.86173944583417
-3.29607036222801,0,-1.79552299646998
-3.29401862448959,0,-1.73295466963813
-3.29257890652001,0,-1.67400092574375
-3.291811066983,0,-1.61864185635352
-3.29175832034727,0,-1.56687049157089
-3.29244869688995,0,-1.51869181568483
-3.29389618857424,0,-1.47412153950705
-3.29610164446924,0,-1.43318466802192
-3.29905348216769,0,-1.39591389556348
-3.30272828193076,0,-1.36234785738941
-3.30709132807085,0,-1.33252926584459
-3.31209715737169,0,-1.30650296078176
-3.31769016718261,0,-1.28431390695644
-3.32380532634932,0,-1.26600517507824
-3.33036902063724,0,-1.25161594735991
-3.33730005121527,0,-1.2411795919716
-3.34451079073812,0,-1.23472185300112
-3.35190848741686,0,-1.23225920261343
-3.35939669417114,0,-1.23379739950361
-3.36687678856582,0,-1.23933029213092
-3.37424954077332,0,-1.24883889661691
-3.38141668213986,0,-1.26229076801913
-3.3882824266348,0,-1.27963967078609
-3.39475490167601,0,-1.30082554074462
-3.40074745320302,0,-1.32577471835067
-3.40617980156987,0,-1.35440042256665
-3.41097903857685,0,-1.38660342782079
-3.41508047019354,0,-1.42227290390031
-3.41842832257163,0,-1.46128738066261
-3.42097633920575,0,-1.5035158058534
-3.42268830322236,0,-1.54881867429202
-3.42353851977934,0,-1.5970492189128
-3.42351228892477,0,-1.64805466698103
-3.42260638898762,0,-1.70167757635113
-3.42082957519364,0,-1.75775727498183
-3.41820307881494,0,-1.81613143024659
-3.41476107043125,0,-1.87663777141014
-3.41055102898433,0,-1.93911597798917
-3.40563393886062,0,-2.00340972839192
-3.40008422309031,0,-2.06936887796875
-3.39398931469658,0,-2.13685170529327
-3.38744877258479,0,-2.20572713316245
-3.38057286450239,0,-2.27587680047378
-3.3734805675036,0,-2.34719683746985
-3.36629697428181,0,-2.41959918446413
-3.35915013817253,0,-2.49301229693988
-3.35216743556779,0,-2.56738110012087
-3.34547156603354,0,-2.64266609377036
-3.33917634174682,0,-2.71884156053006
-3.33338243419798,0,-2.79589289357725
-3.32817324465918,0,-2.87381312499101
-3.32361104552182,0,-2.95259879749746
-3.3197335047988,0,-3.03224537229355
-3.31655066077452,0,-3.11274239937274
-3.31404236444453,0,-3.19406869184323
-3.31215616108742,0,-3.27618774296355
-3.31080554575209,0,-3.35904360776669
-3.30986850625549,0,-3.44255744603606
-3.30918626566169,0,-3.52662489686441
-3.30856215692012,0,-3.61111443336629
-3.30776060688012,0,-3.69586683383877
-3.30650627563343,0,-3.7806959041989
-3.30448348899986,0,-3.86539059325827
-3.30133621350545,0,-3.94971864990906
-3.29666894666753,0,-4.03343196701535
-3.29004901607282,0,-4.11627372332525
-3.28101087399242,0,-4.19798735156951
-3.2690630039807,0,-4.27832720883206
-3.25369797669037,0,-4.35707059385871
-3.23440595879013,0,-4.43403045462023
-3.21069156488716,0,-4.50906779875112
-3.18209336531963,0,-4.5821025365613
-3.14820470653976,0,-4.65312135520652
-3.10869391796873,0,-4.72218134361839
-3.06332165673415,0,-4.78940851089187
-3.01195323225398,0,-4.85499102355742
-2.95456429774115,0,-4.91916778602002
-2.89123918662545,0,-4.98221370027751
-2.82216218032084,0,-5.04442338048292
-2.74760286251312,0,-5.1060951701703
-2.66789725899803,0,-5.16751703841237
-2.58342662447996,0,-5.22895542994879
-2.49459558190062,0,-5.29064755930758
-2.40181097434649,0,-5.35279709320805
-2.30546238591858,0,-5.41557273202942
-2.20590491978159,0,-5.47910890353201
-2.10344453358022,0,-5.54350761091331
-1.99832603150424,0,-5.60884040778616
-1.89072368863298,0,-5.67514947685847
-1.7807344292136,0,-5.7424468434187
-1.66837350117257,0,-5.81071084599047
-1.55357270013205,0,-5.87987911815301
-1.43618141097073,0,-5.94983753205639
-1.31597104560681,0,-6.02040485838482
-1.19264381561294,0,-6.0913133569361
-1.06584709633608,0,-6.16218615573854
-0.935194790976395,0,-6.23251309157668
-0.800296958953136,0,-6.30162760187646
-0.660798433775306,0,-6.36868815690558
-0.516426182157237,0,-6.43266845253684
-0.367043778207502,0,-6.49236099479245
-0.212709672037497,0,-6.54639865426672
-0.0537340512090344,0,-6.59329809969156
0.109272788722962,0,-6.63152753822777
0.275369222836683,0,-6.6595986403718
0.443277610266219,0,-6.67617869004925
0.611414595356846,0,-6.68021396112855
0.777961370229579,0,-6.67104987048028
0.940972454925166,0,-6.64852934331436
1.09851306313226,0,-6.61305040573784
1.24880703607281,0,-6.56556905593938
1.39037295105033,0,-6.50754359977973
1.52212765228216,0,-6.44082881252377
1.64344377442892,0,-6.36753806373193
1.75415787582336,0,-6.28989559362137
1.85453478668322,0,-6.21009900273755
1.94519919687315,0,-6.13020584916989
2.02704698396509,0,-6.05205103568281
2.10114750586713,0,-5.97719563404713
2.1686456720975,0,-5.90690378787143
2.2306702769383,0,-5.84214217078955
2.28825336771326,0,-5.78359556835239
2.34226432646312,0,-5.73169200629082
2.3933615649896,0,-5.68663125554066
2.44196391424168,0,-5.64841152112485
2.48824267896806,0,-5.61685071606031
2.53213387760961,0,-5.59160081881992
2.57336856243742,0,-5.57215605701605
2.6115176332708,0,-5.55785754618161
2.64604655439971,0,-5.54789810683571
2.6763750599761,0,-5.54133112394506
2.70193725746577,0,-5.53708665813213
2.72223825590309,0,-5.5339969077096
2.73690419278272,0,-5.53083185809417
2.74572302109203,0,-5.52634465573976
2.74867359117059,0,-5.51932484935753
2.74594065805825,0,-5.50865608838459
2.73791389623819,0,-5.49337329870484
2.7251701957957,0,-5.47271320929982
2.70844050087169,0,-5.44615198337519
2.68856480581661,0,-5.41342503263658
2.66644087321519,0,-5.374526754175
2.6429730492986,0,-5.3296912155188
2.61902693655226,0,-5.27935771928962
2.59539392897789,0,-5.22412689680175
2.57276738735341,0,-5.164713244354
2.55173020964728,0,-5.10189910681776
2.53275215626617,0,-5.03649359516085
2.51619461638152,0,-4.96929834448768
2.5023204151521,0,-4.90108072672855
2.4913065393173,0,-4.83255425420868
2.48325809591586,0,-4.76436541702093
2.4782222760071,0,-4.69708598708743
2.47620149857922,0,-4.63120978558695
2.47716523297246,0,-4.56715296243469
2.48106024091883,0,-4.50525692290444
2.48781915223172,0,-4.44579313039097
2.49736740414486,0,-4.38896910659735
2.50962864534749,0,-4.33493504108041
2.52452874265925,0,-4.28379051389827
2.54199854085885,0,-4.23559093010169
2.56197552341003,0,-4.19035336274596
2.58440451142609,0,-4.14806159947963
2.60923752597791,0,-4.10867028257293
2.63643292818452,0,-4.0721081189393
2.66595394346707,0,-4.03828021117774
2.6977666701574,0,-4.00706961992177
2.73183766676545,0,-3.97833831035355
2.76813120524054,0,-3.95192766169837
2.80660626899673,0,-3.92765872936653
2.84721336494736,0,-3.90533244768748
2.88989120988272,0,-3.88472995006512
2.93456334528565,0,-3.86561316622965
2.98113473312022,0,-3.84772583619837
3.02948838980023,0,-3.83079506010574
3.07948212731184,0,-3.81453348390388
3.13094548948024,0,-3.79864220366141
3.1836769971085,0,-3.78281445522247
3.23744184699603,0,-3.76674013950518
3.29197024470342,0,-3.75011121373168
3.34695658632632,0,-3.73262795137794
3.40205973587938,0,-3.71400603400494
3.45690466551685,0,-3.69398438191636
3.51108572675292,0,-3.67233355466881
3.56417179116184,0,-3.64886445682672
3.61571342732344,0,-3.62343697420525
3.66525215811467,0,-3.59596805347104
3.71233166674202,0,-3.56643864354349
3.75651060079535,0,-3.53489886713659
3.79737638592515,0,-3.50147081256829
3.83455924413661,0,-3.46634845010696
3.86774546413685,0,-3.42979438742078
3.89668893655226,0,-3.39213346531532
3.92122006982004,0,-3.353743514299
3.94125143687181,0,-3.31504388632867
3.9567798289303,0,-3.27648258757947
3.96788474798974,0,-3.23852292942334
3.9747236861171,0,-3.20163057822256
3.97752476462423,0,-3.16626174269288
3.97657741419913,0,-3.13285303350761
3.97222177303212,0,-3.10181331181905
3.96483739139983,0,-3.07351765108546
3.95483169637298,0,-3.04830339268437
3.94262852661676,0,-3.02646818454808
3.92865692300771,0,-3.00826984319312
3.91334027201883,0,-2.99392785462893
3.89708584965871,0,-2.98362630900125
3.88027479926814,0,-2.97751803195156
3.86325258646204,0,-2.9757296250034
3.84631999720562,0,-2.97836705969437
3.82972477016401,0,-2.9855213962953
3.81365397520104,0,-2.99727413447732
3.7982272633683,0,-3.01370166869888
3.7834911204586,0,-3.03487833090077
3.76941425872948,0,-3.06087756553095
3.7558842826241,0,-3.09177089546895
3.74270576626731,0,-3.12762449089477
3.72959988393653,0,-3.16849332835682
3.71620573932137,0,-3.21441310356834
3.70208354455659,0,-3.26539022060421
3.68671980521883,0,-3.32139031055434
3.66953467219158,0,-3.38232583131422
3.64989162411139,0,-3.44804337242791
3.62710964119999,0,-3.51831134606613
3.60047801470042,0,-3.59280880071738
3.56927389239067,0,-3.67111615848752
3.53278257042628,0,-3.75270875243752
3.49032038177831,0,-3.83695411605043
3.44125977959106,0,-3.92311402401933
3.38505585814409,0,-4.01035225438054
3.32127310679422,0,-4.0977488745599
3.24961070363481,0,-4.18432148582433
3.16992422325999,0,-4.26905325445582
3.08224139529463,0,-4.35092673328538
2.9867696551944,0,-4.42896153766579
2.88389377864484,0,-4.50225307525624
2.77416288072944,0,-4.57000897568758
2.65826734294293,0,-4.63157982845978
2.5370075359564,0,-4.68648139774094
2.41125722738616,0,-4.7344065496585
2.28192506964641,0,-4.77522645672455
2.14991747840696,0,-4.80898192674351
2.01610563161572,0,-4.83586667913497
1.88129844856193,0,-4.85620492499445
1.74622247699851,0,-4.87042570345051
1.61150880195917,0,-4.87903619081423
1.47768648679401,0,-4.88259577341379
1.34518168179741,0,-4.88169218858279
1.21432135548916,0,-4.87692057906145
1.08534056543922,0,-4.86886591837005
0.958392238673228,0,-4.85808895998911
0.833558537281988,0,-4.84511563472789
0.710863017256445,0,-4.83042965553235
0.590282932069564,0,-4.81446797510155
0.471761177025918,0,-4.79761867018777
0.355217508122471,0,-4.78022079136643
0.240558793201325,0,-4.76256571348039
0.127688157540162,0,-4.74489954469186
0.0165129665309346,0,-4.72742619487019
-0.0930483567464488,0,-4.71031075990515
-0.201060649857985,0,-4.69368294060596
-0.307567424164489,0,-4.67764027740813
-0.412587333354823,0,-4.66225104137605
-0.516111666878986,0,-4.64755667628827
-0.618102848666067,0,-4.6335737360554
-0.718493930678711,0,-4.62029530756026
-0.817189076635043,0,-4.60769195272708
-0.914065033491523,0,-4.59571224630544
-1.00897358761459,0,-4.5842830277353
-1.10174499928388,0,-4.57330952573125
-1.19219240238018,0,-4.56267555101626
-1.28011714327512,0,-4.55224398285131
-1.36531500989318,0,-4.54185779428844
-1.44758326370876,0,-4.53134186359762
-1.52672832987419,0,-4.52050579800665
-1.60257392250982,0,-4.50914794329875
-1.67496928767217,0,-4.49706066300448
-1.74379714745352,0,-4.48403684254923
-1.80898084487438,0,-4.46987741365055
-1.87049014624718,0,-4.45439952036139
-1.92834518083477,0,-4.4374447893918
-1.98261810337305,0,-4.41888705926884
-2.03343225223597,0,-4.398638898498
-2.08095882135681,0,-4.37665632093622
-2.12541132480303,0,-4.35294128253279
-2.16703835823744,0,-4.32754178748446
-2.20611530757449,0,-4.30054969587938
-2.24293569859441,0,-4.27209655767935
-2.27780282472673,0,-4.2423479596635
-2.31102215839322,0,-4.21149694438012
-2.34289488056174,0,-4.17975704753161
-2.37371268960445,0,-4.14735542345216
-2.4037539013263,0,-4.11452641550085
-2.43328074175509,0,-4.08150580594999
-2.46253766607023,0,-4.04852586815534
-2.49175050594674,0,-4.01581125389488
-2.52112624467251,0,-3.98357568468904
-2.55085323497924,0,-3.95201937635009
-2.58110170017187,0,-3.92132710675648
-2.61202438852523,0,-3.89166683268432
-2.64375727989608,0,-3.86318876740198
-2.67642026975701,0,-3.83602484237207
-2.71011777841661,0,-3.81028849049454
-2.74493925192447,0,-3.78607470246009
-2.78095953639891,0,-3.76346032036748
-2.81823911978128,0,-3.74250454277622
-2.85682424480399,0,-3.72324962235777
-2.89674690465996,0,-3.70572174114645
-2.93802473870576,0,-3.6899320493411
-2.98066084962432,0,-3.67587785215328
-3.02464356581314,0,-3.66354392607754
-3.06994617334053,0,-3.65290394202031
-3.11652664065932,0,-3.64392196891967
-3.16432735655306,0,-3.63655402871374
-3.21327489785568,0,-3.63074967257342
-3.26327983886602,0,-3.62645354978748
-3.31423660979039,0,-3.6236069448702
-3.36602340782535,0,-3.62214926531748
-3.41850216251656,0,-3.62201947157512
-3.47151855761559,0,-3.62315745146039
-3.52490211545083,0,-3.62550535245339
-3.5784663571929,0,-3.62900889570107
-3.63200906332542,0,-3.63361870384095
-3.68531267265874,0,-3.63929167943577
-3.7381448743523,0,-3.64599247056459
-3.79025946406508,0,-3.6536950537599
-3.84139755032604,0,-3.66238445118658
-3.89128920768291,0,-3.67205857835234
-3.93965567577692,0,-3.68273019104913
-3.98621219450392,0,-3.69442886691455
-4.03067154126763,0,-3.70720292042729
-4.07274829421245,0,-3.72112111418559
-4.11216378421909,0,-3.73627399921785
-4.14865162019969,0,-3.75277469917753
-4.18196358253172,0,-3.77075895414501
-4.21187558827132,0,-3.79038426482217
-4.23819335267966,0,-3.81182802971805
-4.26075731982167,0,-3.83528464456991
-4.27944642424799,0,-3.86096162730301
-4.29418028437194,0,-3.88907493080667
-4.30491951591678,0,-3.91984369397485
-4.31166398076093,0,-3.9534847432146
-4.31444893440355,0,-3.99020717997926
-4.31333918161316,0,-4.03020736935133
-4.30842147328,0,-4.07366458228857
-4.29979546294814,0,-4.12073744823902
-4.28756358315655,0,-4.17156125759351
-4.27182020361854,0,-4.22624602765106
-4.2526404075406,0,-4.28487512233071
-4.23006868611169,0,-4.34750410269431
-4.2041078230777,0,-4.41415938783167
-4.17470823874957,0,-4.48483622831712
-4.14175809960832,0,-4.55949544323529
-4.10507458423607,0,-4.63805835626716
-4.06439682959462,0,-4.72039940110044
-4.01938125506285,0,-4.80633597087067
-3.96960015464973,0,-4.89561528233104
-3.91454462655207,0,-4.98789833252978
-3.85363302689883,0,-5.08274145405632
-3.78622613490087,0,-5.17957651683381
-3.71165004142015,0,-5.27769144724635
-3.62922737206462,0,-5.37621337690322
-3.5383167986993,0,-5.47409730217361
-3.43835987872644,0,-5.57012351622353
-3.32893312664498,0,-5.6629071359116
-3.20980195121013,0,-5.7509226490677
-3.08097182808599,0,-5.83254542661233
-2.94273104297976,0,-5.90611049522534
-2.79567883786804,0,-5.96998656933029
-2.64073317759683,0,-6.02266060212681
-2.4791139270465,0,-6.06282539790351
-2.3123000623039,0,-6.08946083771141
-2.14196329679808,0,-6.10189878137508
-1.96988439194199,0,-6.09986323568343
-1.79786138782614,0,-6.08348084284446
-1.62762013358161,0,-6.05326136014231
-1.46073649399985,0,-6.01005233156534
-1.29857686468004,0,-5.95497541486658
-1.14226006660563,0,-5.88935317873894
-0.992640320328996,0,-5.8146346837637
-0.850308525037481,0,-5.7323263897552
-0.715607737655123,0,-5.64393264491533
-0.588658432125759,0,-5.55090783279112
-0.469389497888388,0,-5.45462053839772
-0.357571669081146,0,-5.35632894894697
-0.252850901238005,0,-5.25716606712435
-0.154779974187952,0,-5.15813305584636
-0.062847230129736,0,-5.06009901865101
0.023498157821642,0,-4.96380564220114
0.104824633276559,0,-4.86987531406164
0.181700412605931,0,-4.77882153642306
0.2546791668975,0,-4.69106066152877
0.32428893319011,0,-4.60692416611207
0.391023890233634,0,-4.52667085541947
0.455338601277592,0,-4.45049854056004
0.517644320785745,0,-4.37855486542389
0.578306976791332,0,-4.31094707135412
0.637646470096806,0,-4.24775057971393
0.695936970674008,0,-4.18901634554667
0.753407936145092,0,-4.13477699126882
0.810245623593212,0,-4.0850517697605
0.866594911432458,0,-4.03985043356663
0.922561290709268,0,-3.99917610358193
0.978212923778387,0,-3.96302723885816
1.03358270216912,0,-3.93139881120658
1.08867026448016,0,-3.9042827859662
1.14344395949958,0,-3.8816680053113
1.19784275982981,0,-3.86353956413341
1.25177814758276,0,-3.8498777619565
1.30513600666025,0,-3.84065670842425
1.35777856611766,0,-3.83584265531627
1.40954644633389,0,-3.83539212532574
1.46026086418655,0,-3.83924990730169
1.50972605494502,0,-3.84734698946881
1.5577319667166,0,-3.85959850619598
1.60405727741179,0,-3.87590177981892
1.64847277364621,0,-3.896134546113
1.69074511512854,0,-3.92015345917025
1.73064098649214,0,-3.94779297717854
1.76793161126468,0,-3.97886473312671
1.80239757048413,0,-4.01315749177779
1.8338338329924,0,-4.05043778446388
1.86205486829008,0,-4.09045129483101
1.88689967952994,0,-4.13292504091063
1.9082365678672,0,-4.17757036228202
1.92596742412346,0,-4.22408667746969
1.94003134303463,0,-4.27216592937454
1.95040737129798,0,-4.32149758982135
1.95711623325365,0,-4.37177405303598
1.96022092511441,0,-4.42269621653555
1.95982612595833,0,-4.47397902981582
1.95607643563997,0,-4.52535678788411
1.94915351043588,0,-4.57658795761873
1.93927222136506,0,-4.62745934793739
1.92667600394175,0,-4.67778946645924
1.91163159966422,0,-4.72743094211302
1.89442340855319,0,-4.77627193176542
1.87534767945092,0,-4.8242364671162
1.85470676201009,0,-4.87128373457666
1.83280363269378,0,-4.91740631512599
1.80993688757028,0,-4.962627443119
1.78639636764325,0,-5.00699737243114
1.76245954807335,0,-5.05058896451066
1.73838878128273,0,-5.09349263462773
1.71442943652556,0,-5.13581080836489
1.69080892686975,0,-5.17765204879536
1.66773656138294,0,-5.21912501512553
1.64540410904582,0,-5.26033240624757
1.62398691518444,0,-5.3013650294641
1.60364537443345,0,-5.34229611875914
1.58452653916333,0,-5.38317601249798
1.56676563073995,0,-5.42402729176126
1.55048722381912,0,-5.46484048156264
1.53580589126512,0,-5.50557043053584
1.52282612899758,0,-5.54613351081028
1.51164142585073,0,-5.58640581660279
1.50233240325769,0,-5.62622258241653
1.49496402315426,0,-5.66537908140641
1.48958194932939,0,-5.7036332901359
1.48620824543516,0,-5.74071060380036
1.48483669707671,0,-5.77631084093499
1.48542814665484,0,-5.8101176747423
1.48790631360576,0,-5.84181046063598
1.49215462037926,0,-5.87107819796121
1.49801453502254,0,-5.89763508556133
1.50528585735619,0,-5.92123684259752
1.51372921145771,0,-5.94169672162058
1.52307077493483,0,-5.95890000128523
1.53300900892858,0,-5.97281576171671
1.5432229017352,0,-5.9835049361045
1.55338105569017,0,-5.99112397280183
1.56315086828062,0,-5.99592386483777
1.57220709093528,0,-5.99824471559314
1.58023916565236,0,-5.99850632358989
1.58695689104295,0,-5.99719543384376
1.59209410470701,0,-5.99485031571212
1.59541015882631,0,-5.99204323040838
1.59668901716122,0,-5.98936121267696
1.59573585693218,0,-5.98738547599628
1.59237118128145,0,-5.98666970140192
1.58642269328237,0,-5.98771749709792
1.57771557017644,0,-5.99095940391507
1.56606226750432,0,-5.99672994459469
1.55125347612127,0,-6.00524535387668
1.53305220919334,0,-6.01658277829948
1.5111930711699,0,-6.03066190807737
1.48538846753145,0,-6.04723020472876
1.45534285104535,0,-6.06585310702774
1.42077515656379,0,-6.08591080245122
1.3814484988847,0,-6.10660329374892
1.33720514524189,0,-6.12696551431585
1.28800382687673,0,-6.14589408467593
1.23395566592,0,-6.16218686331612
1.1753543885937,0,-6.17459560015505
1.11269615305588,0,-6.1818906104037
1.04668443954891,0,-6.18293438748559
0.978216342210979,0,-6.17675862726693
0.908348551451377,0,-6.16263676388089
0.838244334260993,0,-6.1401426900524
0.769106410565629,0,-6.10918678432853
0.702103782080752,0,-6.07002316785453
0.638302153220262,0,-6.0232268222281
0.578606907980814,0,-5.96964446373757
0.523724871276259,0,-5.91032721635517
0.474147280233096,0,-5.84645499616955
0.430152762971623,0,-5.7792619580737
0.391826567931563,0,-5.70997008552149
0.359091087230802,0,-5.63973509293473
0.331742644777192,0,-5.56960614409634
0.309490128892555,0,-5.50049893256748
0.291991933716956,0,-5.43318050047885
0.278888583775741,0,-5.36826364903888
0.269829254869102,0,-5.30620871437756
0.264491165572152,0,-5.24733066909895
0.262591515031437,0,-5.19180983764731
0.263892284822371,0,-5.13970489783438
0.268198777327404,0,-5.0909672206576
0.275353185873862,0,-5.04545592880861
0.285224743047739,0,-5.0029532983362
0.297698056319377,0,-4.96318027428754
0.312661127786069,0,-4.92581192769874
0.329994307313796,0,-4.89049267323682
0.349561100814065,0,-4.85685102732314
0.371201405030303,0,-4.82451364628081
0.394727415100427,0,-4.79311836319112
0.41992218333893,0,-4.76232594794065
0.446540611140027,0,-4.73183034398845
0.474312528856547,0,-4.70136717893255
0.502947448592504,0,-4.67072039551775
0.53214054549678,0,-4.63972690075877
0.561579419311027,0,-4.60827918345354
0.590951199730444,0,-4.5763259074835
0.619949582786251,0,-4.54387055260038
0.648281421735153,0,-4.5109682455336
0.675672547279863,0,-4.47772099765848
0.701872559461897,0,-4.44427163314588
0.72665841514069,0,-4.41079674426474
0.749836724919518,0,-4.37749904063396
0.771244763575301,0,-4.34459946265214
0.790750279841919,0,-4.31232940650479
0.808250257513905,0,-4.28092336351098
0.823668825695099,0,-4.25061221716208
0.836954540161559,0,-4.22161737486481
0.848077261587661,0,-4.19414584522679
0.857024843144418,0,-4.16838631107378
0.863799814117988,0,-4.14450619656839
0.868416212338993,0,-4.12264968520892
0.870896680623426,0,-4.10293661413305
0.871269904681429,0,-4.08546214815867
0.869568434813337,0,-4.07029712311993
0.865826903130517,0,-4.05748894100341
0.860080623211165,0,-4.04706289794932
0.852364540566152,0,-4.03902382932719
0.842712490029209,0,-4.03335796290375
0.831156709732869,0,-4.03003488076092
0.81772755989083,0,-4.02900950231257
0.802453397179986,0,-4.03022401374002
0.785360561017043,0,-4.03360968271624
0.766473435397828,0,-4.03908851076995
0.74581455826523,0,-4.04657468851026
0.723404758813398,0,-4.05597583078381
0.69926331113569,0,-4.06719397939286
0.673408099789538,0,-4.0801263701287
0.645855798963798,0,-4.09466596855918
0.616622071913057,0,-4.11070178534981
0.585721801190005,0,-4.12811898705947
0.553169363042022,0,-4.14679882256133
0.518978961246602,0,-4.16661838875436
0.483165036744235,0,-4.18745026229542
0.445742769757453,0,-4.20916202695896
0.406728690690577,0,-4.23161572912629
0.366141414959231,0,-4.25466729700227
0.324002514918139,0,-4.27816596257282
0.280337539099637,0,-4.30195372909772
0.235177184854272,0,-4.32586493104351
0.188558624975309,0,-4.34972593765221
0.14052698175601,0,-4.37335505554083
0.0911369329577338,0,-4.39656268941028
0.0404544232108643,0,-4.41915182251663
-0.0114415585945463,0,-4.44091887926226
-0.0644571901699865,0,-4.46165503013814
-0.118482085357696,0,-4.48114799321978
-0.173387709463686,0,-4.4991843753066
-0.229026043511941,0,-4.51555257848593
-0.285228613996215,0,-4.53004627351372
-0.341806013373463,0,-4.54246840954115
-0.398548037787842,0,-4.55263569078689
-0.455224559599853,0,-4.56038340630172
-0.511587230811271,0,-4.56557045191173
-0.567372077903392,0,-4.56808433818024
-0.622302998973746,0,-4.56784594050238
-0.676096112525889,0,-4.56481372368924
-0.728464838471605,0,-4.55898716979637
-0.779125522812474,0,-4.55040915917303
-0.827803356652356,0,-4.53916710254928
-0.874238296511872,0,-4.52539269433972
-0.91819067379486,0,-4.50926024793311
-0.959446191031533,0,-4.49098367266887
-0.997820041261176,0,-4.47081224759003
-1.03315995017356,0,-4.44902542718245
-1.0653480202103,0,-4.42592696983885
-1.09430134143265,0,-4.40183870545867
-1.11997141518307,0,-4.37709425389946
-1.14234250475109,0,-4.35203297477687
-1.16142907674657,0,-4.32699437831368
-1.17727252548409,0,-4.30231316492117
-1.18993738129865,0,-4.2783149961426
-1.19950719556301,0,-4.25531303825589
-1.20608027473918,0,-4.23360526692332
-1.20976540785901,0,-4.21347247933196
-1.21067770078035,0,-4.19517692992278
-1.20893459995996,0,-4.17896148631974
-1.20465216090672,0,-4.1650491918435
-1.19794159358126,0,-4.15364311806323
-1.18890609966273,0,-4.14492639326844
-1.17763800511774,0,-4.13906229882185
-1.16421618578197,0,-4.1361943338002
-1.14870378337585,0,-4.13644615826992
-1.13114621402854,0,-4.13992133658593
-1.11156948038477,0,-4.14670281423589
-1.08997881100027,0,-4.15685207532368
-1.06635766610342,0,-4.17040794342509
-1.04066716579916,0,-4.18738500703138
-1.01284601398192,0,-4.20777167295615
-0.98281100680365,0,-4.23152787762924
-0.950458226313274,0,-4.25858251753985
-0.915665025295245,0,-4.28883069609959
-0.878292905627658,0,-4.32213092400172
-0.838191376927666,0,-4.35830245193957
-0.795202852516362,0,-4.39712295543182
-0.749168594317703,0,-4.43832682752404
-0.699935657030889,0,-4.48160436141938
-0.647364706384266,0,-4.52660211620449
-0.591338500188925,0,-4.57292474936895
-0.531770730185515,0,-4.6201385650521
-0.468614835273899,0,-4.66777696374352
-0.401872322141937,0,-4.71534788669706
-0.33160007782666,0,-4.76234322880552
-0.257916140288489,0,-4.80825005283732
-0.181003416034819,0,-4.85256328509594
-0.101110903689548,0,-4.89479942039094
-0.0185521004947177,0,-4.9345106279465
0.0662995688546543,0,-4.9712985459847
0.153018264680915,0,-5.00482699703544
0.241135933839204,0,-5.03483286142191
0.330154733645631,0,-5.06113442029434
0.419561022018106,0,-5.08363662186056
0.50884011592947,0,-5.10233292592749
0.59749094567119,0,-5.11730362443323
0.685039736776984,0,-5.12871079402501
0.771051936598864,0,-5.13679028181352
0.855141759283527,0,-5.14184132875922
0.936978932102451,0,-5.14421457358787
1.01629246159251,0,-5.14429923972034
1.09287147096358,0,-5.14251028578808
1.16656336405457,0,-5.13927620553907
1.23726972539924,0,-5.13502801319152
1.30494045936727,0,-5.13018976904804
1.36956670244799,0,-5.12517081227152
1.4311730190375,0,-5.12035969534088
1.48980932657976,0,-5.11611967446839
1.54554290796942,0,-5.11278551171247
1.59845077530908,0,-5.11066129011002
1.64861256451193,0,-5.11001892942852
1.69610407566877,0,-5.11109710966702
1.74099153524923,0,-5.11410035293326
1.78332664363829,0,-5.11919807262047
1.8231424812942,0,-5.12652346426159
1.86045037161566,0,-5.13617217976466
1.89523782900592,0,-5.14820079304472
1.92746774644339,0,-5.16262512940617
1.95707898844347,0,-5.17941859332269
1.98398854445086,0,-5.19851068911911
2.00809535849767,0,-5.21978598454989
2.02928588019609,0,-5.24308381398859
2.04744127972649,0,-5.26819904863148
2.06244613892982,0,-5.29488426602061
2.0741982796395,0,-5.32285361929668
2.08261923166677,0,-5.35178862789033
2.08766469446752,0,-5.38134597996584
2.08933423142596,0,-5.41116725468123
2.08767937937272,0,-5.44089025198693
2.0828093817971,0,-5.47016138437862
2.07489387700094,0,-5.49864837445708
2.06416209162973,0,-5.52605235483399
2.05089838546523,0,-5.55211841889306
2.03543432612947,0,-5.57664374352736
2.01813779172461,0,-5.59948259733118
1.99939985469706,0,-5.62054783512364
1.9796203533682,0,-5.6398088191543
1.95919309242342,0,-5.65728604846907
1.9384915382148,0,-5.67304307482892
1.9178557167856,0,-5.68717650382196
1.89758082061304,0,-5.69980500780556
1.87790782364575,0,-5.71105831242933
1.85901622569288,0,-5.72106707014214
1.84101891736156,0,-5.72995441645701
1.82395908323698,0,-5.7378298331226
1.8078090394779,0,-5.74478573168266
1.79247091852572,0,-5.75089693604588
1.77777914819282,0,-5.75622299916835
1.76350470298129,0,-5.76081305332685
1.74936111222575,0,-5.76471268270765
1.73501217858244,0,-5.76797213707916
1.72008128600575,0,-5.77065508930741
1.704162062691,0,-5.77284708634677
1.68683002452274,0,-5.77466285704402
1.66765467842087,0,-5.77625171945067
1.64621143695887,0,-5.77780046910391
1.6220926108653,0,-5.77953331663898
1.59491672660071,0,-5.78170866178967
1.56433547722017,0,-5.78461272035059
1.53003776092753,0,-5.78855023702343
1.49175048560325,0,-5.79383269641025
1.44923609985956,0,-5.80076456748441
1.40228712379304,0,-5.8096281734574
1.35071826359359,0,-5.82066777100361
1.29435697286576,0,-5.83407336481449
1.23303354455618,0,-5.8499647000185
1.16657196247586,0,-5.86837579596534
1.09478279891682,0,-5.88924033947243
1.0174594080372,0,-5.9123782668637
0.934378529738448,0,-5.93748394431536
0.845306183792491,0,-5.96411650390611
0.750009399055367,0,-5.99169309230007
0.64827389094146,0,-6.01948600941359
0.539927280260676,0,-6.04662491158068
0.424866854279544,0,-6.07210537244576
0.30309023443635,0,-6.09480507262544
0.174726679379319,0,-6.11350866246681
0.040066184474809,0,-6.12694185620184
-0.100416866013664,0,-6.13381454017056
-0.246048861660215,0,-6.13287162847463
-0.395954026633374,0,-6.12294916292712
-0.549065667239031,0,-6.10303190498145
-0.704152565293162,0,-6.07230766280049
-0.859859714250995,0,-6.03021313324858
-1.01476065814929,0,-5.97646636601828
-1.16741696351127,0,-5.91108217145657
-1.31643923872985,0,-5.83436875776002
-1.46054390799884,0,-5.74690622647032
-1.59860071080981,0,-5.64950977415053
-1.72966743350743,0,-5.54318207264943
-1.85301029735421,0,-5.42906004823667
-1.96811029227039,0,-5.30836112736363
-2.07465721412549,0,-5.18233316290567
-2.17253406422511,0,-5.05221101412136
-2.26179480131939,0,-4.91918143897893
-2.34263831474748,0,-4.78435679984461
-2.41538107527433,0,-4.64875720491958
-2.48043037294621,0,-4.51330013571914
-2.53825948652429,0,-4.37879631117098
-2.58938561988256,0,-4.24595044912333
-2.63435102238496,0,-4.11536563958735
-2.67370739152392,0,-3.98755018326841
-2.7080034304537,0,-3.86292593002627
-2.73777528672552,0,-3.74183734451101
-2.76353951568261,0,-3.62456071101365
-2.78578817738366,0,-3.51131305542426
-2.8049856762203,0,-3.40226050360608
-2.82156697640264,0,-3.29752591068249
-2.83593686518394,0,-3.19719568534486
-2.848469982028,0,-3.10132579939449
-2.8595113805683,0,-3.00994701826859
-2.86937743733815,0,-2.92306941662454
-2.87835696431138,0,-2.8406862575902
-2.88671241977382,0,-2.76277731835738
-2.89468114328516,0,-2.68931174143419
-2.90247656545958,0,-2.6202504827031
-2.91028936242765,0,-2.55554841667141
-2.91828853886553,0,-2.49515614765371
-2.92662243326806,0,-2.43902156435896
-2.9354196456197,0,-2.38709116531484
-2.94478989165516,0,-2.33931117423481
-2.95482479027296,0,-2.29562845801882
-2.96559859200256,0,-2.25599125554435
-2.97716885721967,0,-2.22034972260947
-2.9895770933897,0,-2.18865629706574
-3.00284936120428,0,-2.1608658880601
-3.01699686015619,0,-2.13693589411937
-3.03201650487986,0,-2.11682605630795
-3.04789150441431,0,-2.10049815466256
-3.06459195733022,0,-2.08791555839507
-3.08207547628941,0,-2.07904264281251
-3.10028785596402,0,-2.07384408845182
-3.11916379822729,0,-2.07228408045724
-3.13862770805776,0,-2.07432542868221
-3.15859457261489,0,-2.07992863130653
-3.17897093441329,0,-2.08905090685462
-3.19965596743672,0,-2.1016452213204
-3.22054266240332,0,-2.11765933858126
-3.24151912424795,0,-2.13703492336023
-3.26246998126311,0,-2.15970672659918
-3.28327790127971,0,-2.18560188318242
-3.30382520581986,0,-2.21463935142378
-3.32399556836578,0,-2.24672952252082
-3.34367577782382,0,-2.28177402620197
-3.36275754299951,0,-2.31966575591866
-3.38113930855205,0,-2.36028913306921
-3.3987280476232,0,-2.40352062471074
-3.41544099135801,0,-2.44922952292186
-3.43120725114386,0,-2.49727898630675
-3.44596928595456,0,-2.54752733503912
-3.4596841651233,0,-2.59982958037981
-3.47232457664406,0,-2.65403915795282
-3.48387953317418,0,-2.71000982156345
-3.49435473267303,0,-2.76759764152212
-3.50377253832952,0,-2.82666303899026
-3.51217155316029,0,-2.88707277667086
-3.5196057781887,0,-2.94870181718672
-3.52614335890725,0,-3.01143495472842
-3.53186494190733,0,-3.07516812393759
-3.53686168093712,0,-3.13980929326472
-3.5412329477771,0,-3.20527885865841
-3.54508381663532,0,-3.27150946745377
-3.54852239970671,0,-3.338445221404
-3.55165711477849,0,-3.406040231125
-3.55459396234548,0,-3.47425652067072
-3.55743387924064,0,-3.54306130910632
-3.56027021857688,0,-3.61242372433135
-3.56318638288766,0,-3.68231103160359
-3.56625361052569,0,-3.75268448415088
-3.56952888709808,0,-3.82349492524508
-3.57305292696961,0,-3.89467829009608
-3.57684814801109,0,-3.96615117243461
-3.58091654932798,0,-4.03780663584104
-3.58523740019049,0,-4.10951046531459
-3.58976466214933,0,-4.18109807201146
-3.5944240984403,0,-4.25237228489905
-3.59911007788036,0,-4.32310228769742
-3.60368215645584,0,-4.393023986299
-3.60796161924494,0,-4.46184211610185
-3.61172828616956,0,-4.5292344110148
-3.61471802068735,0,-4.59485814121596
-3.61662151679763,0,-4.65835926400405
-3.61708505191302,0,-4.71938429617138
-3.61571394399937,0,-4.77759478372567
-3.61207939317759,0,-4.83268390418463
-3.60572917182923,0,-4.88439430400812
-3.59620222199368,0,-4.93253580727519
-3.58304663708285,0,-4.97700123781643
-3.56583982600766,0,-5.01777841484345
-3.54420903055723,0,-5.0549565407456
-3.51784997698044,0,-5.08872575664749
-3.48654144586132,0,-5.1193695314397
-3.45015399247766,0,-5.14725058108524
-3.40865185308065,0,-5.17279192660564
-3.36208802632366,0,-5.19645526207997
-3.31059338569115,0,-5.21871890777611
-3.25436127864266,0,-5.24005730518811
-3.19362933275442,0,-5.26092341696933
-3.1286601569487,0,-5.2817347089003
-3.05972239842812,0,-5.30286276733476
-2.98707330493247,0,-5.32462613623303
-2.91094363289723,0,-5.34728567350742
-2.83152548114994,0,-5.3710416149739
-2.74896342864933,0,-5.39603156291737
-2.66334920381573,0,-5.42232874703337
-2.57471999446962,0,-5.44994010251011
-2.48306040466229,0,-5.47880394190846
-2.38830796654446,0,-5.50878723734678
-2.29036201644581,0,-5.53968275465669
-2.18909564299045,0,-5.5712064736528
-2.08437031127028,0,-5.60299587560302
-1.97605266059957,0,-5.63460977250009
-1.86403286336539,0,-5.66553038897871
-1.74824381836752,0,-5.69516838531934
-1.62868033482375,0,-5.72287142835965
-1.50541734710078,0,-5.74793677519599
-1.3786260940561,0,-5.76962813006608
-1.2485871154636,0,-5.78719676491974
-1.11569888328572,0,-5.79990655764602
-0.980480926931654,0,-5.80706220345149
-0.843570463971161,0,-5.8080394119004
-0.705711845243555,0,-5.80231545246305
-0.567738587669969,0,-5.78949801860796
-0.430548392438371,0,-5.76935013147927
-0.295072279365845,0,-5.74180879455845
-0.162239708439134,0,-5.70699541627071
-0.03294216694714,0,-5.66521665952454
0.0920019688124621,0,-5.61695529563982
0.211878535834711,0,-5.56285169196909
0.326102332654965,0,-5.50367755327013
0.434233954691875,0,-5.44030427720746
0.535988077686554,0,-5.37366864835376
0.631233449866837,0,-5.30473855448034
0.719985580726278,0,-5.23448103016791
0.802393582305209,0,-5.16383434255244
0.878722813943615,0,-5.09368517307205
0.949334946977246,0,-5.02485133353656
1.01466687435796,0,-4.95806995664549
1.07520961745592,0,-4.89399074705233
1.13148809019042,0,-4.83317366205715
1.18404231034061,0,-4.77609028478017
1.23341042087712,0,-4.7231281249983
1.28011370701866,0,-4.67459710408748
1.32464366484309,0,-4.63073752795124
1.36745108766776,0,-4.5917289105242
1.408937078929,0,-4.55769907247285
1.449445867484,0,-4.52873300240017
1.48925928704843,0,-4.50488103185149
1.52859278115446,0,-4.48616594302529
1.56759280487622,0,-4.4725887017326
1.6063355115332,0,-4.46413258927129
1.64482663384461,0,-4.46076559520938
1.68300249193139,0,-4.46244102633094
1.72073208277479,0,-4.4690963810701
1.75782022537007,0,-4.48065062841398
1.79401175176164,0,-4.49700011009745
1.82899674621725,0,-4.51801335058686
1.86241684357105,0,-4.54352510856729
1.89387260413145,0,-4.57333003681025
1.92293198696362,0,-4.60717633756074
1.94913994494287,0,-4.64475981312301
1.97202916071667,0,-4.6857187219924
1.99113192698996,0,-4.72962986429877
2.00599313934184,0,-4.77600633768948
2.01618430572429,0,-4.82429742193239
2.02131837542265,0,-4.8738910563866
2.02106504734732,0,-4.92411935107262
2.01516603737324,0,-4.97426749631663
2.00344958414585,0,-5.02358628451363
1.98584328483243,0,-5.07130821470026
1.96238422320663,0,-5.11666681807943
1.93322533502935,0,-5.15891844863108
1.89863709458479,0,-5.19736538575627
1.85900391953531,0,-5.2313787769269
1.81481515495692,0,-5.26041979278368
1.76665104143741,0,-5.28405743643185
1.7151645937722,0,-5.3019817546759
1.66106070973996,0,-5.31401169273221
1.60507401636519,0,-5.32009741701973
1.54794692153665,0,-5.32031748488242
1.49040910682192,0,-5.31487166448178
1.43315934836873,0,-5.30407044581186
1.3768501751803,0,-5.28832233075256
1.32207554245021,0,-5.268119884913
1.26936145735789,0,-5.24402533760316
1.21915935886431,0,-5.21665629071224
1.17184200919912,0,-5.18667189111118
1.12770167585174,0,-5.15475966300625
1.08695043775759,0,-5.12162309559477
1.04972251016323,0,-5.087970031751
1.01607852889769,0,-5.05450189086271
0.986011754403797,0,-5.02190376574839
0.959456144264041,0,-4.99083544340641
0.936296200952927,0,-4.96192339974613
0.916378433471097,0,-4.93575380230462
0.899524183562276,0,-4.91286652062037
0.88554346673554,0,-4.89375009456983
0.874249373862324,0,-4.87883755339793
0.86547248085927,0,-4.86850292147005
0.859074633850795,0,-4.86305820090796
0.854961428191391,0,-4.86275059559286
0.853092693800697,0,-4.86775974296148
0.853490344488509,0,-4.87819475380692
0.856243046533518,0,-4.89409092614024
0.86150730444521,0,-4.9154060930768
0.869504734488921,0,-4.94201667914202
0.880515479491911,0,-4.97371366475684
0.894867892261807,0,-5.01019878515804
0.91292476554542,0,-5.05108140931605
0.93506650866375,0,-5.09587665042361
0.961671769729982,0,-5.14400534782415
0.993096091396966,0,-5.19479662614592
1.02964928627897,0,-5.24749377290745
1.07157234440613,0,-5.30126416648729
1.1190148515986,0,-5.35521390888221
1.17201410281881,0,-5.40840764074312
1.23047731529834,0,-5.45989370544561
1.29416853279498,0,-5.50873435857114
1.36270188893739,0,-5.55404008908586
1.43554277354526,0,-5.59500637389028
1.51201803983938,0,-5.63095043196244
1.59133566582091,0,-5.66134493590396
1.67261328197773,0,-5.68584535876735
1.75491383699141,0,-5.70430783247815
1.83728560702822,0,-5.71679512750244
1.91880299825146,0,-5.72356955530726
1.99860433171334,0,-5.7250730436118
2.07592311094385,0,-5.7218960680023
2.15011010318446,0,-5.71473828236607
2.22064475907491,0,-5.70436439597603
2.28713584206313,0,-5.69155903115811
2.34931242310105,0,-5.67708400205495
2.4070074351692,0,-5.66164079629376
2.46013664519986,0,-5.64584017007155
2.50867612240799,0,-5.63017984332616
2.55264106848155,0,-5.61503044729325
2.59206830343057,0,-5.60062923519506
2.62700390177876,0,-5.5870806685136
2.65749660051556,0,-5.57436283048029
2.68359679231961,0,-5.562338642523
2.70536027202721,0,-5.55077098858925
2.72285546464551,0,-5.53934100190711
2.736172627254,0,-5.52766886864824
2.74543345685508,0,-5.51533650980449
2.75079961872777,0,-5.50191140597707
2.75247891070635,0,-5.48697065320906
2.75072808368115,0,-5.47012413506453
2.74585173432765,0,-5.45103554051891
2.73819714745575,0,-5.42943992505491
2.72814544610309,0,-5.40515665931744
2.71609984176365,0,-5.37809694919571
2.70247209408354,0,-5.3482656037395
2.68766843487175,0,-5.31575728794101
2.6720761671036,0,-5.28074802070451
2.65605194004601,0,-5.24348307091575
2.63991238490362,0,-5.20426261124265
2.62392744409214,0,-5.16342650302327
2.60831640739369,0,-5.12133943956699
2.5932464246396,0,-5.07837742462385
2.57883311594752,0,-5.03491626533671
2.56514284298166,0,-4.9913224611825
2.55219621920375,0,-4.94794660223578
2.53997249768978,0,-4.90511916644942
2.52841455544205,0,-4.86314843118304
2.51743427083168,0,-4.82232008860443
2.50691815000517,0,-4.78289807645715
2.49673309071067,0,-4.7451261043103
2.48673217792068,0,-4.70922937053819
2.47676039171865,0,-4.6754160256226
2.46666008595172,0,-4.64387803854731
2.45627607968722,0,-4.61479125600354
2.44546020427933,0,-4.58831459459579
2.43407517345622,0,-4.56458845597489
2.42199769175923,0,-4.543732584216
2.40912078023452,0,-4.52584367655507
2.39535536480689,0,-4.51099310148493
2.38063122819969,0,-4.49922506921111
2.36489745921723,0,-4.49055554428418
2.34812253804733,0,-4.48497210142534
2.33029417430316,0,-4.48243481930279
2.31141897323994,0,-4.4828781992941
2.29152195605377,0,-4.48621400003531
2.27064591416479,0,-4.49233480218266
2.24885054465401,0,-4.50111806518215
2.22621130055385,0,-4.51243040946524
2.20281789706582,0,-4.52613185194609
2.17877244042069,0,-4.54207973780979
2.15418718418916,0,-4.56013214488952
2.12918196062959,0,-4.58015058556418
2.10388137389071,0,-4.60200189135086
2.07841187037602,0,-4.62555923231561
2.05289881444272,0,-4.65070229111336
2.02746369311661,0,-4.67731667352675
2.00222155323293,0,-4.70529268807569
1.97727874270961,0,-4.73452366258584
1.95273099053715,0,-4.76490398391383
1.92866182385675,0,-4.79632704922263
1.90514129060185,0,-4.82868330617884
1.8822249362515,0,-4.86185853919721
1.8599529748757,0,-4.89573253346481
1.83834959752976,0,-4.93017822124047
1.81742237342179,0,-4.96506138791692
1.79716171849421,0,-5.00024098926249
1.7775404291052,0,-5.03557010573408
1.75851330231844,0,-5.07089753368089
1.7400168860409,0,-5.10606998539352
1.72196941930903,0,-5.14093483938499
1.70427103320278,0,-5.17534334887336
1.6868042844276,0,-5.20915418109684
1.66943508545643,0,-5.24223712493526
1.65201407705039,0,-5.27447677254829
1.634378461869,0,-5.30577595633286
1.61635428389069,0,-5.33605870963049
1.59775910090663,0,-5.36527252189775
1.57840496084078,0,-5.3933896788063
1.55810156200802,0,-5.42040751530442
1.53665945737549,0,-5.44634746310393
1.51389315719015,0,-5.4712528392847
1.48962399510195,0,-5.4951853941251
1.46368265021193,0,-5.51822070774558
1.43591125925098,0,-5.54044259111508
1.40616510539803,0,-5.56193670334056
1.37431392769759,0,-5.58278364189001
1.34024295136852,0,-5.60305179547378
1.30385378786332,0,-5.62279027224499
1.26506538776105,0,-5.64202223096715
1.22381524337476,0,-5.66073895166293
1.18006102623712,0,-5.67889498553198
1.13378280398199,0,-5.6964047201626
1.08498591067695,0,-5.71314068160719
1.03370444695577,0,-5.72893386420167
0.980005268164699,0,-5.74357632550544
0.923992191548497,0,-5.75682620121185
0.865810032768365,0,-5.76841517922519
0.805647986069835,0,-5.77805832318582
0.743741810039297,0,-5.78546595906121
0.680374288511591,0,-5.79035714627251
0.615873514477497,0,-5.79247406635384
0.550608695541647,0,-5.79159650215247
0.484983393072483,0,-5.78755547656953
0.419426362055602,0,-5.78024509725089
0.354380422656122,0,-5.76963172988694
0.290290029288817,0,-5.75575980135824
0.227588371029994,0,-5.73875380056948
0.166684909849346,0,-5.71881636746291
0.107954227743103,0,-5.69622269477867
0.0517269172727067,0,-5.67131176459926
-0.00171696291714313,0,-5.64447516182197
-0.0521515987947311,0,-5.61614432474799
-0.0994062823890819,0,-5.58677710437541
-0.143363629049939,0,-5.55684442274395
-0.183955521551707,0,-5.52681767347782
-0.221157255211663,0,-5.49715732610918
-0.254980401929979,0,-5.46830300930584
-0.285464906638825,0,-5.44066517947771
-0.312670891732596,0,-5.41461834454133
-0.336670588042437,0,-5.39049571399583
-0.357540746610839,0,-5.36858508582489
-0.375355822050597,0,-5.34912575409594
-0.390182160114098,0,-5.33230622254363
-0.402073370680073,0,-5.31826253244286
-0.411067021927026,0,-5.30707705155918
-0.417182749986148,0,-5.2987776193975
-0.420421838365006,0,-5.2933369975238
