-4.95813587974964,0,0.144836957231611
-4.95843997619143,0,0.142943280920347
-4.95904806962768,0,0.139154732419472
-4.95995996908874,0,0.133468850716535
-4.96117536768184,0,0.12588202158703
-4.96269384107748,0,0.116389426124577
-4.96451483374204,0,0.104985043635271
-4.96663764369995,0,0.0916616401637824
-4.96906140271932,0,0.0764107602965655
-4.97178505255046,0,0.0592227154222293
-4.97480731655756,0,0.0400865704881359
-4.97812666638598,0,0.018990127789231
-4.98174128307616,0,-0.00408009223434869
-4.98564901201579,0,-0.0291388737628583
-4.98984731100943,0,-0.056202332412616
-4.99433319063154,0,-0.0852879465649375
-4.99910314593048,0,-0.116414593815069
-5.00415307840408,0,-0.149602593062566
-5.00947820702519,0,-0.184873752809499
-5.01507296693656,0,-0.222251426276952
-5.0209308942344,0,-0.261760573853547
-5.02704449506096,0,-0.303427833439848
-5.03340509697611,0,-0.347281599119206
-5.0400026803129,0,-0.393352108522847
-5.04682568692404,0,-0.441671539166385
-5.05386080337586,0,-0.492274113776095
-5.06109271527621,0,-0.545196214441566
-5.06850382900712,0,-0.60047650514122
-5.0760739566634,0,-0.658156061707946
-5.08377995951328,0,-0.718278507896223
-5.09159534475559,0,-0.780890155523701
-5.0994898097898,0,-0.846040145912126
-5.10742872763461,0,-0.913780588887736
-5.11537256655133,0,-0.984166694434287
-5.1232762363749,0,-1.05725689069344
-5.13108835356034,0,-1.1331129203263
-5.1387504165592,0,-1.21179990520528
-5.14619588292153,0,-1.29338636707874
-5.15334913953782,0,-1.37794418903836
-5.16012435780794,0,-1.46554849944286
-5.16642422636446,0,-1.55627745624648
-5.17213855545346,0,-1.6502119055821
-5.17714274936289,0,-1.74743488381198
-5.18129614662245,0,-1.8480309272861
-5.18444023233108,0,-1.95208514872734
-5.18639673319952,0,-2.05968203371625
-5.18696561404972,0,-2.17090390539357
-5.18592300493933,0,-2.2858290006464
-5.18301910112731,0,-2.40452909708594
-5.17797609409472,0,-2.52706662792123
-5.17048621104996,0,-2.65349122195423
-5.16020996291906,0,-2.78383560984114
-5.14677472671159,0,-2.91811084639503
-5.12977381699178,0,-3.05630081407146
-5.10876623220317,0,-3.19835599636825
-5.08327729336418,0,-3.34418654406366
-5.05280042298965,0,-3.49365470376488
-5.01680033762961,0,-3.64656673961985
-4.97471794362399,0,-3.80266455614273
-4.92597722623374,0,-3.96161732405517
-4.8699943995217,0,-4.12301351976307
-4.80618952869285,0,-4.28635390900559
-4.73400073812305,0,-4.45104612703522
-4.65290096700023,0,-4.61640161857956
-4.56241702439401,0,-4.78163577884068
-4.46215042576945,0,-4.94587215724383
-4.35179917607113,0,-5.10815151455849
-4.23117932545934,0,-5.2674463343817
-4.10024481092399,0,-5.42268105518721
-3.95910386891407,0,-5.57275781302852
-3.80803023801445,0,-5.71658688886679
-3.64746752345628,0,-5.85312041430263
-3.4780255139036,0,-5.98138729492063
-3.30046789792759,0,-6.10052689530958
-3.11569166956066,0,-6.20981888520247
-2.92469938661283,0,-6.30870685745104
-2.72856623353538,0,-6.39681386467667
-2.52840435861234,0,-6.47394883146178
-2.32532716942326,0,-6.54010371016636
-2.12041609794677,0,-6.59544214556402
-1.91469192160131,0,-6.6402811118213
-1.70909206422052,0,-6.6750674585821
-1.50445461743155,0,-6.70035145485659
-1.30150913347214,0,-6.71675937032395
-1.10087370202118,0,-6.72496682607847
-0.903057428300854,0,-6.7256743181798
-0.708467179325583,0,-6.7195858154252
-0.517417433417562,0,-6.70739102358484
-0.330142017689271,0,-6.6897514042982
-0.146806778641061,0,-6.6672899399473
0.0324777911221865,0,-6.64058417982223
0.207644490078949,0,-6.61016229100685
0.37865856630884,0,-6.57650138742193
0.545508177298717,0,-6.54002786913356
0.708196546310134,0,-6.50111900342248
0.866735574747005,0,-6.46010563301878
1.02114113645382,0,-6.41727533257388
1.17142965016482,0,-6.37287606817791
1.31761605402428,0,-6.32711983319038
1.45971275030729,0,-6.28018642132607
1.59772957243558,0,-6.23222697739147
1.73167439772846,0,-6.1833675100577
1.86155439701744,0,-6.13371215413521
1.98737762970047,0,-6.08334633033819
2.10915492673675,0,-6.03233969386297
2.22690185002995,0,-5.98074895950071
2.34064064449754,0,-5.92862054956802
2.45040203593781,0,-5.87599309613493
2.55622679383252,0,-5.82289976238548
2.65816696823173,0,-5.76937037677449
2.75628674944278,0,-5.71543334863976
2.85066291447064,0,-5.66111734409815
2.94138485399418,0,-5.60645269797132
3.02855419539402,0,-5.55147254652765
3.11228405955302,0,-5.4962136734784
3.19269800547412,0,-5.44071707271637
3.26992872824943,0,-5.38502824174255
3.34411658127524,0,-5.32919722942283
3.41540799345105,0,-5.27327846917101
3.48395384712703,0,-5.21733043341055
3.54990787403478,0,-5.16141514698082
3.61342511574331,0,-5.10559759622831
3.6746604836518,0,-5.04994506739786
3.73376744232202,0,-4.99452644327126
3.79089682987399,0,-4.93941148157091
3.8461958207419,0,-4.88467009311123
3.89980702950359,0,-4.83037163260766
3.95186774970844,0,-4.77658421083956
4.00250931844104,0,-4.72337403369307
4.05185659545871,0,-4.67080477155876
4.10002754482149,0,-4.61893696151759
4.14713290668516,0,-4.56782744455699
4.1932759471142,0,-4.51752884046679
4.23855227420131,0,-4.46808906384154
4.28304970935607,0,-4.41955088548508
4.32684820327185,0,-4.3719515443076
4.37001978679984,0,-4.32532241533284
4.41262854775663,0,-4.27968873960709
4.45473062559137,0,-4.23506942158721
4.49637421686433,0,-4.19147689898556
4.53759958565576,0,-4.14891708912174
4.57843907432658,0,-4.10738941467252
4.61891711147705,0,-4.06688691042577
4.65905021547245,0,-4.0273964113304
4.6988469934886,0,-3.98889882089773
4.73830813763872,0,-3.95136945792693
4.77742642134162,0,-3.91477847864958
4.81618670065489,0,-3.87909137071479
4.8545659267908,0,-3.84426951498681
4.89253317744628,0,-3.8102708108285
4.93004971588413,0,-3.77705036035292
4.96706908787998,0,-3.74456120695118
5.00353726766649,0,-3.7127551231493
5.03939286481105,0,-3.68158344242825
5.07456740449403,0,-3.65099792895366
5.10898569382042,0,-3.62095167813389
5.14256628648758,0,-3.59140003950475
5.17522205721963,0,-3.56230155159836
5.20686089572199,0,-3.53361887622902
5.2373865273808,0,-3.5053197170851
5.26669946441826,0,-3.47737770481736
5.29469808666725,0,-3.44977322815507
5.32127984557046,0,-3.42249418825868
5.34634257857766,0,-3.39553665186047
5.36978591408393,0,-3.36890537810044
5.39151273982863,0,-3.34261419469586
5.41143070080173,0,-3.31668620146478
5.42945368681698,0,-3.29115378342143
5.4455032656746,0,-3.26605842166875
5.4595100158626,0,-3.24145029791571
5.47141471349527,0,-3.21738769722431
5.48116933189218,0,-3.19393622290939
5.48873781878802,0,-3.17116784663013
5.4940966252392,0,-3.14915982483803
5.49723497118498,0,-3.12799351914433
5.49815484443672,0,-3.10775316228169
5.49687074162345,0,-3.08852461285334
5.49340917037506,0,-3.07039414092392
5.48780794097658,0,-3.05344728296046
5.48011528233218,0,-3.03776779911946
5.47038882106877,0,-3.02343675899939
5.45869446400336,0,-3.01053177438624
5.4451052232498,0,-2.99912638983379
5.42970002036628,0,-2.98928963468084
5.41256250166056,0,-2.98108573369041
5.39377989159107,0,-2.97457396817233
5.37344190561353,0,-2.96980867530942
5.35163973821176,0,-2.9668393704646
5.3284651365134,0,-2.96571097539737
5.30400956500865,0,-2.9664641344401
5.27836346255823,0,-2.96913560060496
5.25161558911323,0,-2.97375867415754
5.22385245634359,0,-2.9803636772462
5.19515783362075,0,-2.98897844958328
5.16561231845273,0,-2.99962885181855
5.13529295846249,0,-3.01233926501287
5.10427291028159,0,-3.02713307641552
5.07262111928212,0,-3.04403314345807
5.04040200289226,0,-3.06306222939077
5.00767511937156,0,-3.08424340517815
4.97449480342086,0,-3.10760041300694
4.9409097499619,0,-3.13315798688187
4.90696252794368,0,-3.16094212518765
4.87268900724998,0,-3.19098030863966
4.83811768383334,0,-3.22330165465773
4.80326889122615,0,-3.25793699588789
4.76815389073398,0,-3.29491886639706
4.73277383801986,0,-3.33428137419583
4.69711863054519,0,-3.37605993347321
4.66116564847514,0,-3.42029082471077
4.62487841112855,0,-3.46701054624574
4.58820518167349,0,-3.51625491753553
4.55107756419499,0,-3.56805789309007
4.51340914897279,0,-3.62245004750398
4.47509427311127,0,-3.67945669686959
4.43600697373972,0,-3.73909563049538
4.39600021895985,0,-3.80137443943843
4.35490550673896,0,-3.86628744461615
4.31253292339507,0,-3.9338122465725
4.26867175088218,0,-4.00390594037485
4.22309170586693,0,-4.07650106146643
4.17554488412454,0,-4.15150135050848
4.12576847197606,0,-4.22877744647231
4.07348827340159,0,-4.30816263718943
4.01842308803639,0,-4.38944881562173
3.96028996195764,0,-4.47238280932615
3.89881031960079,0,-4.5566632715813
3.83371696971357,0,-4.64193834716135
3.76476195795039,0,-4.72780435503344
3.69172520903023,0,-4.8138057642727
3.61442385666298,0,-4.89943677570826
3.53272209354712,0,-4.98414485417746
3.44654128144187,0,-5.06733657405098
3.35586994053413,0,-5.1483861279634
3.26077309207509,0,-5.22664678504373
3.16140027215215,0,-5.30146544823684
3.05799139351997,0,-5.37220023237647
2.95087954552023,0,-5.4382406601856
2.84048983673321,0,-5.49902967027515
2.72733354621672,0,-5.55408619920444
2.61199718273392,0,-5.60302672084329
2.49512654495308,0,-5.64558390232287
2.3774064672281,0,-5.68162056044049
2.25953751827377,0,-5.71113742545131
2.14221136726158,0,-5.73427381808224
2.02608673700568,0,-5.75130111947238
1.91176777798919,0,-5.76260970883865
1.79978634606008,0,-5.76869070143402
1.69058914053312,0,-5.77011422599183
1.58453007802457,0,-5.76750609653215
1.48186775115198,0,-5.7615245914114
1.38276742331775,0,-5.75283873407154
1.2873067677906,0,-5.74210907044756
1.19548445918393,0,-5.72997153902659
1.10723073380768,0,-5.71702468463829
1.02241911178863,0,-5.70382020025761
0.940878583271947,0,-5.69085659395191
0.862405679106411,0,-5.67857565905858
0.786775960047996,0,-5.66736135862286
0.713754563292449,0,-5.65754070490348
0.643105541893461,0,-5.64938620982624
0.57459982399976,0,-5.64311949506789
0.508021706783545,0,-5.63891567634957
0.443173884201553,0,-5.63690817232805
0.379881085623362,0,-5.63719363116907
0.317992469323151,0,-5.63983671395361
0.257382965628791,0,-5.64487451956477
0.197953794572614,0,-5.65232047697829
0.139632389338794,0,-5.66216756548708
0.0823719391621504,0,-5.67439075085442
0.0261507256085511,0,-5.68894854748315
-0.0290286313993985,0,-5.70578363710217
-0.0831399708913363,0,-5.72482249793322
-0.136134458825782,0,-5.7459740294473
-0.187941625631524,0,-5.76912720005939
-0.238470733808059,0,-5.7941477998719
-0.287612681267382,0,-5.820874447062
-0.335242669778444,0,-5.8491140719481
-0.381223866603074,0,-5.87863718308903
-0.425412259424912,0,-5.90917330037198
-0.467662849610402,0,-5.94040701631782
-0.507837247162176,0,-5.97197521420831
-0.54581262305709,0,-6.00346602484005
-0.581491841414584,0,-6.03442013522639
-0.614814435737829,0,-6.06433506060536
-0.645767912956458,0,-6.09267293774485
-0.674398674398977,0,-6.11887226839932
-0.700821652828665,0,-6.14236380925723
-0.72522761308257,0,-6.16259044645959
-0.74788700065429,0,-6.17903040615854
-0.76914930735135,0,-6.19122257250186
-0.789437207698796,0,-6.19879209679282
-0.809235221361588,0,-6.20147402100447
-0.829073331956977,0,-6.19913246033395
-0.849506726665047,0,-6.19177311456034
-0.87109344914138,0,-6.1795475337523
-0.894372117246934,0,-6.16274854762336
-0.919841848781995,0,-6.14179736462761
-0.947946170885613,0,-6.11722380091786
-0.979062072359075,0,-6.08964170613379
-1.01349465765007,0,-6.05972182612389
-1.0514772314403,0,-6.02816412457279
-1.0931761799748,0,-5.99567110751636
-1.13869974167695,0,-5.96292311557531
-1.18810963815136,0,-5.93055600292915
-1.24143450078521,0,-5.89914119501708
-1.29868401122359,0,-5.8691678456884
-1.35986263057785,0,-5.84102670247703
-1.42498170940833,0,-5.81499532289738
-1.49406867115119,0,-5.79122444723485
-1.56717190064714,0,-5.76972560409221
-1.64436002255654,0,-5.75036037675684
-1.72571449862137,0,-5.73283214888873
-1.81131495925695,0,-5.71668151432931
-1.90121741238601,0,-5.70128679903384
-1.99542637073303,0,-5.68587122455668
-2.09386287648528,0,-5.66951808850635
-2.19633122011989,0,-5.65119494064456
-2.30248771100207,0,-5.62978713662277
-2.41181508749242,0,-5.60414042642315
-2.52360605338299,0,-5.57311144381237
-2.63695903592504,0,-5.53562412757572
-2.75078860097138,0,-5.49072920639377
-2.86385199035221,0,-5.43766290942712
-2.97479186722348,0,-5.37590011348903
-3.08219350188682,0,-5.30519646336664
-3.18465241646243,0,-5.22561401634724
-3.28084633475121,0,-5.1375260766539
-3.36960380833562,0,-5.04159924820861
-3.4499617705787,0,-4.93875400428077
-3.52120580811663,0,-4.83010842616109
-3.5828898339357,0,-4.71691220497027
-3.63483526941343,0,-4.6004788299979
-3.67711281637239,0,-4.48212301621371
-3.71001172887868,0,-4.36310835430294
-3.73400199241437,0,-4.24460767718847
-3.74969424665571,0,-4.12767641836588
-3.75780112125828,0,-4.01323767895948
-3.75910234462939,0,-3.90207689550999
-3.75441483670191,0,-3.79484377488787
-3.74456814259855,0,-3.69205932523222
-3.73038501459881,0,-3.59412616632544
-3.71266664893757,0,-3.5013407089686
-3.69218195592072,0,-3.41390617010408
-3.66966021782367,0,-3.33194570417665
-3.64578651785395,0,-3.25551517581323
-3.62119937257653,0,-3.18461528284318
-3.59649005229521,0,-3.11920287490748
-3.57220312211563,0,-3.059201413252
-3.54883778002582,0,-3.00451059015676
-3.52684960925425,0,-2.95501517643943
-3.5066524028263,0,-2.9105931942357
-3.4886197604527,0,-2.87112351977634
-3.47308620262023,0,-2.83649300684322
-3.46034759442243,0,-2.80660318650729
-3.45066072253557,0,-2.78137654486439
-3.44424192320027,0,-2.76076231222426
-3.44126471756407,0,-2.74474162137053
-3.44185647343207,0,-2.73333181803752
-3.44609417872836,0,-2.72658964398826
-3.45399947997047,0,-2.72461297259
-3.46553320568631,0,-2.72754076766183
-3.48058965581711,0,-2.73555096448724
-3.49899098916425,0,-2.74885603844083
-3.52048207753496,0,-2.7676961275099
-3.54472621402567,0,-2.79232970099269
-3.57130206185361,0,-2.82302190517309
-3.59970220898448,0,-2.86003085368486
-3.62933365404271,0,-2.90359225221504
-3.65952049415463,0,-2.95390284352451
-3.68950902099868,0,-3.01110322300934
-3.71847536471918,0,-3.07526060585689
-3.74553576477622,0,-3.1463521284549
-3.76975950003507,0,-3.22424924879203
-3.79018448254607,0,-3.30870378763685
-3.80583551028593,0,-3.3993361420103
-3.81574517529038,0,-3.49562622313524
-3.81897741644931,0,-3.59690773727866
-3.81465366087298,0,-3.70236654505775
-3.80198137463393,0,-3.81104399180552
-3.78028459932129,0,-3.92184626333729
-3.74903564935806,0,-4.03356092254454
-3.70788657702898,0,-4.14488172698535
-3.6566983191609,0,-4.25444250212909
-3.5955647367358,0,-4.36086014796746
-3.52482824255536,0,-4.46278575049063
-3.44508363160828,0,-4.5589613380837
-3.35716731197247,0,-4.648278309413
-3.26213047922188,0,-4.72983234376704
-3.16119675677979,0,-4.80296909949096
-3.05570706572221,0,-4.8673154939065
-2.94705646944713,0,-4.92279284933453
-2.83662897731189,0,-4.96961038744934
-2.72573651782084,0,-5.00823996000057
-2.61556752788637,0,-5.03937501027578
-2.50714910629461,0,-5.06387821811012
-2.40132480431619,0,-5.0827229678751
-2.29874820988021,0,-5.09693375353881
-2.19989077730133,0,-5.10753005262161
-2.10506103276744,0,-5.11547723890362
-2.01443145415843,0,-5.12164693065247
-1.92806903412262,0,-5.12678794560565
-1.8459657733896,0,-5.13150790608031
-1.76806602578962,0,-5.1362646364031
-1.69428856846519,0,-5.14136590514908
-1.62454230887361,0,-5.1469758084475
-1.55873548873311,0,-5.15312612589556
-1.49677898447669,0,-5.15973121934489
-1.43858478729621,0,-5.16660538071826
-1.38406099053205,0,-5.17348186969524
-1.33310467317147,0,-5.18003314166388
-1.28559400972702,0,-5.18589190749577
-1.24138080968384,0,-5.19067267641046
-1.20028452113016,0,-5.19399332593436
-1.16208852766057,0,-5.1954960579128
-1.1265393173269,0,-5.19486689633632
-1.09334880173285,0,-5.19185273274883
-1.06219972254361,0,-5.18627489612653
-1.03275373434988,0,-5.17803836104073
-1.00466144784451,0,-5.16713601448481
-0.977573510134027,0,-5.15364783434334
-0.951151728677979,0,-5.13773531015639
-0.925079320404555,0,-5.119631865975
-0.899069562742618,0,-5.09963034858913
-0.87287238880365,0,-5.07806878276871
-0.846278747079493,0,-5.05531557182111
-0.819122787736777,0,-5.03175517307146
-0.791282112449444,0,-5.00777505501274
-0.762676422813831,0,-4.98375449464356
-0.733264930251582,0,-4.96005553553746
-0.70304286435087,0,-4.93701621909849
-0.672037357133983,0,-4.91494602983232
-0.64030290775092,0,-4.89412335940389
-0.60791656277687,0,-4.87479469074978
-0.574972894645939,0,-4.85717513094004
-0.541578832691353,0,-4.84144988072843
-0.50784839999159,0,-4.82777622229478
-0.473897431186452,0,-4.8162856364831
-0.439838383140052,0,-4.80708572569359
-0.405775390261424,0,-4.8002617124158
-0.371799747559871,0,-4.7958773947795
-0.337986017698895,0,-4.79397555408019
-0.304388948616682,0,-4.79457790855124
-0.271041356281161,0,-4.79768477881018
-0.237953078014503,0,-4.80327466534635
-0.205111043337803,0,-4.81130393671526
-0.172480449491249,0,-4.82170679572995
-0.140006974069674,0,-4.83439564200733
-0.107619911392881,0,-4.84926189651282
-0.0752360836492542,0,-4.86617730914634
-0.0427643521183932,0,-4.88499574122362
-0.0101105366712564,0,-4.90555540248289
0.0228174580996513,0,-4.92768152320771
0.0561045154754173,0,-4.95118944874227
0.0898233815631301,0,-4.97588814727254
0.124030139272674,0,-5.00158411445961
0.158760265350451,0,-5.02808563556813
0.194025435146615,0,-5.05520732663455
0.229811212256341,0,-5.08277482511058
0.266075723124351,0,-5.11062944547776
0.30274936970183,0,-5.13863256730637
0.339735577570808,0,-5.16666949322853
0.376912516070599,0,-5.19465251132041
0.414135666439511,0,-5.22252292506974
0.451241060672846,0,-5.25025187328988
0.488048974485522,0,-5.2778398449435
0.524367837670251,0,-5.30531488815785
0.559998126707008,0,-5.33272960490978
0.59473602688816,0,-5.36015709990657
0.628376690719571,0,-5.38768610452923
0.66071697025501,0,-5.41541551985023
0.691557557027758,0,-5.44344861756804
0.720704518706041,0,-5.47188710953858
0.747970272354318,0,-5.50082525353424
0.773174077885685,0,-5.53034411398562
0.796142171271906,0,-5.56050605022546
0.816707685847877,0,-5.59134946806546
0.834710532643911,0,-5.62288384833734
0.849997427993555,0,-5.65508506131495
0.862422268830171,0,-5.68789099004514
0.871847062021928,0,-5.72119751847258
0.87814361122295,0,-5.75485499048452
0.881196148906042,0,-5.78866531082998
0.880905067059151,0,-5.82237993364479
0.877191841378075,0,-5.85569906193832
0.870005155045012,0,-5.8882724516214
0.859328105853788,0,-5.91970226264226
0.845186225360867,0,-5.94954841028021
0.827655858546229,0,-5.97733682220285
0.806872263873281,0,-6.00257088285221
0.783036623639701,0,-6.02474613296519
0.756421039345265,0,-6.04336798747077
0.727370567405841,0,-6.0579718575678
0.696301463846383,0,-6.06814465446072
0.663695073362371,0,-6.07354627882751
0.630087210202373,0,-6.07392944254611
0.596053390452101,0,-6.06915610542754
0.562190807114186,0,-6.05920899038911
0.529098390633408,0,-6.04419706695612
0.497356574275295,0,-6.02435450731484
0.467508426802415,0,-6.00003331393805
0.44004361872955,0,-5.97169046427072
0.415386302477074,0,-5.93987090236382
0.393887498031127,0,-5.90518796120426
0.375822081289704,0,-5.86830281230548
0.361390052685176,0,-5.82990435118834
0.350721466933638,0,-5.79069060904882
0.343884243520559,0,-5.75135240859807
0.340894036595984,0,-5.71255961972807
0.341725391365315,0,-5.67495006057121
0.346323516563775,0,-5.63912085168153
0.354616127546778,0,-5.605621867972
0.366524937710317,0,-5.57495083642159
0.381976481260934,0,-5.54754958449791
0.400912028611382,0,-5.52380094160476
0.423296402929018,0,-5.50402582295153
0.449125522332836,0,-5.48848007491244
0.478432479331355,0,-5.47735072975432
0.511291932043281,0,-5.47075140537552
0.547822527693395,0,-5.46871669462731
0.588187017774399,0,-5.47119552232754
0.632589669217386,0,-5.47804360944875
0.68127054320923,0,-5.48901537442207
0.734496221810583,0,-5.50375581842103
0.792546632271458,0,-5.52179317650429
0.855697768710339,0,-5.54253335398974
0.924200355123252,0,-5.5652573836795
0.998254839303744,0,-5.58912330278089
1.07798354979681,0,-5.61317391957372
1.16340136862564,0,-5.6363518745359
1.25438683442427,0,-5.65752315134397
1.35065613497283,0,-5.67550971442805
1.45174288981344,0,-5.68913120733611
1.5569868491574,0,-5.69725463367439
1.66553450934008,0,-5.69884970631427
1.77635403366158,0,-5.69304621844681
1.88826568366665,0,-5.67918858766544
1.99998723257282,0,-5.65688195950437
2.11019173777963,0,-5.62602425240586
2.21757295689924,0,-5.5868195044369
2.32091207377707,0,-5.53976984338045
2.41913869781104,0,-5.4856460601764
2.51137955944868,0,-5.42543959680996
2.59698990151135,0,-5.36030115669154
2.67556493295255,0,-5.29147261414972
2.74693137542185,0,-5.22021920205733
2.81112158830198,0,-5.14776814806754
2.8683346118778,0,-5.07525829672807
2.91888950127733,0,-5.00370320365697
2.96317649374899,0,-4.93396813685029
3.00161096663514,0,-4.86675971458251
3.03459401802591,0,-4.80262576999186
3.06248210610703,0,-4.7419625332243
3.08556678298205,0,-4.68502629973971
3.10406436457952,0,-4.63194724667565
3.11811451076503,0,-4.58274376515379
3.12778617428906,0,-4.53733640624215
3.13308916402325,0,-4.49556115449426
3.13398956697539,0,-4.45718217195142
3.13042738948618,0,-4.42190437912835
3.12233493595838,0,-4.38938627707022
3.10965460184554,0,-4.35925330489113
3.0923549087087,0,-4.33111181708586
3.07044377058113,0,-4.3045635042659
3.04397818133994,0,-4.2792198213591
3.01306977546275,0,-4.25471577949651
2.97788604286651,0,-4.23072234571747
2.93864734897369,0,-4.20695670601841
2.89562027655147,0,-4.1831897850826
2.84910810879275,0,-4.15925065513912
2.79943946428475,0,-4.13502775921406
2.74695614865427,0,-4.11046716354782
2.6920012100906,0,-4.08556828956332
2.63490800820924,0,-4.0603777254044
2.57599087349486,0,-4.03498177194317
2.51553769366393,0,-4.00949834968837
2.45380454908553,0,-3.98406880509478
2.39101235215122,0,-3.95885003504552
2.32734533100513,0,-3.93400722157117
2.26295113161744,0,-3.90970735361718
2.19794228337068,0,-3.88611362006484
2.1323987700904,0,-3.86338069300541
2.06637145988421,0,-3.84165088217175
1.99988616484892,0,-3.82105112650735
1.93294812010571,0,-3.80169079067182
1.8655466877573,0,-3.78366024498845
1.7976601043497,0,-3.76703021872722
1.72926010092157,0,-3.75185192134423
1.66031623448222,0,-3.73815791904866
1.59079978117601,0,-3.72596373256912
1.52068705715513,0,-3.7152700874429
1.44996205579729,0,-3.70606570509506
1.37861832118659,0,-3.69833047842469
1.30666001832106,0,-3.69203883770082
1.23410220922575,0,-3.68716308908266
1.16097039802577,0,-3.68367650501322
1.0872994621791,0,-3.68155596631749
1.01313213513766,0,-3.68078399991566
0.938517240661942,0,-3.68135011997761
0.863507894248769,0,-3.68325145710363
0.78815987778927,0,-3.68649274000109
0.712530357987623,0,-3.69108576561106
0.636677059950695,0,-3.69704854492666
0.560657932367524,0,-3.70440433274498
0.484531261935232,0,-3.71318073430898
0.408356126814231,0,-3.72340903043688
0.332193035999047,0,-3.73512378291078
0.256104593373524,0,-3.7483626880035
0.180156054216284,0,-3.76316655666532
0.104415701476442,0,-3.77957923360824
0.0289550448779903,0,-3.7976472380734
-0.0461510808761935,0,-3.81741892183565
-0.120824390047521,0,-3.83894299066008
-0.194982844485333,0,-3.86226631151402
-0.268540049375361,0,-3.88743101240346
-0.34140427316694,0,-3.91447095800305
-0.413477097066003,0,-3.94340773980958
-0.484651786763822,0,-3.9742463486223
-0.554811560382671,0,-4.00697070110971
-0.623827989934982,0,-4.04153917817321
-0.691559811590151,0,-4.0778803111965
-0.757852430498229,0,-4.11588873414322
-0.822538390856675,0,-4.15542151430031
-0.885439045917003,0,-4.19629498859706
-0.946367610811244,0,-4.23828226829245
-1.00513371705952,0,-4.28111163066268
-1.06154951209682,0,-4.32446608594935
-1.11543725734511,0,-4.36798448022734
-1.16663826873867,0,-4.41126455352734
-1.21502290834336,0,-4.45386839505918
-1.26050117274472,0,-4.49533069625593
-1.30303324045198,0,-4.53517006871697
-1.34263915862107,0,-4.57290344557593
-1.37940670828102,0,-4.6080632177178
-1.413496440039,0,-4.64021629960465
-1.44514297291492,0,-4.66898384381429
-1.47465193096436,0,-4.6940599361726
-1.502392345558,0,-4.71522742389315
-1.52878490927696,0,-4.73236914690365
-1.55428701731553,0,-4.74547327451862
-1.57937594762543,0,-4.75463212018802
-1.60453171648902,0,-4.7600345662459
-1.63022107137553,0,-4.76195290620743
-1.65688378819339,0,-4.76072537066285
-1.68492201339823,0,-4.75673578945894
-1.71469293105847,0,-4.75039178571463
-1.74650461719759,0,-4.74210268071281
-1.78061460844244,0,-4.73225801537155
-1.81723046682833,0,-4.72120735247009
-1.85651145821612,0,-4.70924187141464
-1.8985703693327,0,-4.69657822595469
-1.94347447207599,0,-4.68334519471643
-1.99124472394199,0,-4.66957377820127
-2.04185250014367,0,-4.6551915275425
-2.09521350923199,0,-4.64002196170092
-2.15117904514779,0,-4.62378987365406
-2.2095253254475,0,-4.6061330931725
-2.2699422614904,0,-4.58662085069803
-2.33202347564184,0,-4.56477830832531
-2.39525960282176,0,-4.54011617102802
-2.45903681422762,0,-4.51216367370072
-2.52264207650988,0,-4.48050276638416
-2.58527597874481,0,-4.44480107053705
-2.64607313854644,0,-4.40484118554804
-2.70412936551888,0,-4.36054417212917
-2.75853402372761,0,-4.31198548142881
-2.80840547012742,0,-4.25940217809446
-2.85292709688592,0,-4.20319096825826
-2.89138139560853,0,-4.14389724250427
-2.92317960075628,0,-4.08219603213383
-2.94788485270508,0,-4.01886639819253
-2.96522741689494,0,-3.95476126008223
-2.97511123866444,0,-3.89077495837675
-2.97761190563752,0,-3.82781089005554
-2.97296681810207,0,-3.76675134914533
-2.96155893232405,0,-3.70843129381121
-2.94389577949534,0,-3.6536172211568
-2.92058556141244,0,-3.60299175689963
-2.89231201615102,0,-3.55714404233179
-2.85980949489089,0,-3.51656558207074
-2.82383936449592,0,-3.48165092672019
-2.78516851008252,0,-3.45270240027859
-2.7445503997909,0,-3.42993802071024
-2.70270891258834,0,-3.41350177442808
-2.6603249253468,0,-3.403475463726
-2.61802550354065,0,-3.39989142837392
-2.57637543189446,0,-3.4027455333751
-2.53587074770699,0,-3.4120099047878
-2.49693389253655,0,-3.42764497891774
-2.45991007205608,0,-3.44961050356199
-2.42506440615129,0,-3.47787519054153
-2.39257946063032,0,-3.51242476393734
-2.36255277853247,0,-3.55326817589095
-2.33499407430311,0,-3.6004417699945
-2.30982182019079,0,-3.65401116110685
-2.28685904389298,0,-3.71407057222905
-2.26582827278699,0,-3.78073932927971
-2.24634570574872,0,-3.85415517226219
-2.22791486996646,0,-3.93446400916368
-2.20992022603587,0,-4.02180573289335
-2.1916214147129,0,-4.11629575958191
-2.17214908273907,0,-4.21800204665007
-2.15050346774503,0,-4.32691752697584
-2.12555714396905,0,-4.44292816274804
-2.09606351019889,0,-4.56577718552769
-2.06067271837165,0,-4.69502655035016
-2.01795677615186,0,-4.8300171945071
-1.96644548664728,0,-4.96983036508641
-1.90467467434781,0,-5.11325308123795
-1.83124771196903,0,-5.2587517457837
-1.74491056842908,0,-5.40445900414846
-1.64463922685522,0,-5.5481800593102
-1.52973611029535,0,-5.68742548699759
-1.39992891589979,0,-5.81947755489794
-1.2554611414311,0,-5.94149521973559
-1.0971594158884,0,-6.05065836364956
-0.926460253715408,0,-6.14434398627728
-0.745380394832079,0,-6.22031699620164
-0.556422295369515,0,-6.27690900610668
-0.362419176875383,0,-6.31315458132013
-0.166338667472212,0,-6.32885923150215
0.0289252354025838,0,-6.32458688349173
0.220739945299407,0,-6.30157199668577
0.406876697522506,0,-6.26157625220189
0.585594756179976,0,-6.20671711406004
0.75566722519633,0,-6.13929483259069
0.916357546939133,0,-6.06163822610038
1.06736047276815,0,-5.97598137546133
1.20872211784842,0,-5.88437584340762
1.34075207966251,0,-5.78863740675827
1.46393778054869,0,-5.69032273294776
1.57886804927992,0,-5.59072962330558
1.68616998934196,0,-5.49091395369267
1.78646067374838,0,-5.39171686938905
1.88031330260801,0,-5.29379679019302
1.96823620092057,0,-5.19766205769988
2.05066237234221,0,-5.10370136976707
2.12794714619606,0,-5.01221032622339
2.20037161305343,0,-4.92341335838021
2.26814989244813,0,-4.8374810025027
2.33143869304465,0,-4.75454292135493
2.39034802524925,0,-4.67469732144746
2.44495225960958,0,-4.59801750775026
2.49530097239941,0,-4.52455630947732
2.54142918523562,0,-4.45434903786483
2.58336670464156,0,-4.38741552726088
2.62114632301641,0,-4.32376168360216
2.65481067851869,0,-4.26338083310393
2.68441760872756,0,-4.20625503915432
2.71004388589218,0,-4.15235644562148
2.73178729587657,0,-4.10164861733486
2.74976711556507,0,-4.05408778875935
2.76412314444742,0,-4.00962390246141
2.77501354152318,0,-3.96820131904976
2.78261179490652,0,-3.92975910570693
2.78710319856093,0,-3.89423085462158
2.78868122400723,0,-3.86154403796313
2.7875441557636,0,-3.83161896543686
2.78389231285723,0,-3.80436746835465
2.7779261118348,0,-3.77969148678772
2.76984514560653,0,-3.75748178125097
2.75984836165488,0,-3.73761702516597
2.7481353251086,0,-3.71996355572647
2.73490844847807,0,-3.70437606349806
2.72037596295975,0,-3.69069947792239
2.70475530171249,0,-3.67877224872337
2.68827647364064,0,-3.66843112530604
2.67118494219541,0,-3.65951739558514
2.65374350582962,0,-3.65188436852861
2.63623272222516,0,-3.64540568792745
2.61894953747024,0,-3.63998387577684
2.60220397131255,0,-3.63555835582397
2.5863139513429,0,-3.63211213391068
2.57159864791315,0,-3.62967633423884
2.55837089388522,0,-3.62833191468707
2.54692943553396,0,-3.62820809487567
2.53755182033842,0,-3.62947729658481
2.53048866895943,0,-3.63234667880142
2.52595990699034,0,-3.63704661385789
2.52415326841187,0,-3.64381667324799
2.52522506008041,0,-3.65288986264928
2.52930283526086,0,-3.66447596741261
2.5364893092655,0,-3.67874494743262
2.54686661005247,0,-3.69581135357026
2.56049983867941,0,-3.71572071594665
2.57743895559394,0,-3.73843875859681
2.59771821987401,0,-3.76384410846053
2.62135276104408,0,-3.79172488951781
2.64833228612459,0,-3.82177925337044
2.67861232129539,0,-3.85361955278364
2.71210366734268,0,-3.88677958671256
2.74866086052925,0,-3.92072419837079
2.78807038424741,0,-3.95486052706415
2.83003923399801,0,-3.98855039613633
2.87418429060262,0,-4.02112362536283
2.9200228961084,0,-4.05189242672544
2.96696512346094,0,-4.08016740781713
3.01430851939503,0,-4.10527599056947
3.06123656974082,0,-4.12658416580697
3.10682271607328,0,-4.14352233806276
3.15004228453145,0,-4.15561544763749
3.18979490428926,0,-4.16251648872595
3.22493953135375,0,-4.16404098324027
3.25434269793009,0,-4.16019816191867
3.27693795938056,0,-4.15121311475985
3.29179111732003,0,-4.13753382294154
3.29816272979091,0,-4.11981850054779
3.2955581165925,0,-4.0989021438858
3.28375656565472,0,-4.07574569425196
3.26281558285297,0,-4.05137510797129
3.23305132218082,0,-4.02681937429048
3.19500078214217,0,-4.00305563299579
3.14937356215451,0,-3.98096674393933
3.09700075494161,0,-3.96131330385417
3.03878669821497,0,-3.94471936455549
2.97566691161377,0,-3.93166951983623
2.90857343610605,0,-3.92251453569378
2.8384073582181,0,-3.91748292705876
2.76601756526632,0,-3.91669642216525
2.6921845797897,0,-3.92018779852876
2.61760845563968,0,-3.92791995910283
2.5429000048241,0,-3.93980530095234
2.46857493121744,0,-3.95572445456348
2.39505068955577,0,-3.97554343312037
2.32264602165631,0,-3.99912823593135
2.2515831381775,0,-4.02635608438705
2.18199243441765,0,-4.05712276396084
2.11391949246168,0,-4.09134596663612
2.04733397405745,0,-4.12896498716359
1.98213988488703,0,-4.16993751925638
1.91818661083805,0,-4.21423454202564
1.85528009361121,0,-4.26183434674833
1.79319351976276,0,-4.31271664147727
1.73167693569769,0,-4.36685743068342
1.67046526716843,0,-4.42422505597123
1.60928431745661,0,-4.48477745545346
1.54785444918967,0,-4.54846039639799
1.48589182527789,0,-4.6152061893003
1.42310729381109,0,-4.6849322227352
1.35920324059286,0,-4.75753858024423
1.2938689833792,0,-4.8329040187697
1.22677551964933,0,-4.91087970100971
1.15757063848868,0,-4.99128027264323
1.08587554280872,0,-5.07387214466869
1.01128418262111,0,-5.15835916211502
0.933366463781817,0,-5.24436619294096
0.851676368760525,0,-5.33142153703338
0.765765812802176,0,-5.4189394226077
0.675204768581032,0,-5.50620422235852
0.579607826718004,0,-5.59235838953221
0.478666901899094,0,-5.67639649207872
0.372189199944219,0,-5.75716810317269
0.260138755912485,0,-5.83339263270841
0.142678755692023,0,-5.90368930809516
0.0202104349197912,0,-5.96662515103604
-0.106597259718544,0,-6.02078253561141
-0.236794441090179,0,-6.06484531722203
-0.369161053184843,0,-6.09769841788057
-0.502247603249589,0,-6.11853064700201
-0.634447535529219,0,-6.12692592941539
-0.764096328415013,0,-6.12292626935917
-0.889585314749787,0,-6.10705265821848
-1.00947348606256,0,-6.08027788668745
-1.12258043019934,0,-6.04395547225957
-1.22804826703723,0,-5.99971777462952
-1.32536788778218,0,-5.94936069227035
-1.41437193047304,0,-5.8947313927822
-1.49520152470225,0,-5.8376309512109
-1.56825536901551,0,-5.77973807774738
-1.63412895009203,0,-5.72255528251412
-1.69354992301747,0,-5.66737568534008
-1.7473138787237,0,-5.61526713474428
-1.7962234831056,0,-5.56706982493664
-1.84103340073894,0,-5.52340365073167
-1.88240334027827,0,-5.48468177400783
-1.9208616516129,0,-5.45112718815285
-1.9567818051324,0,-5.42278953097894
-1.99037350681133,0,-5.39956013496891
-2.02168904628395,0,-5.38118435218131
-2.05064387656038,0,-5.36727140944663
-2.07704873346346,0,-5.35730314067982
-2.10064925654035,0,-5.35064358408331
-2.12116842195214,0,-5.34655144068085
-2.13834727267584,0,-5.34419682187582
-2.151980308978,0,-5.34268282334089
-2.1619431749967,0,-5.34107157000352
-2.16821158255151,0,-5.33841371686626
-2.17087145959844,0,-5.3337800334849
-2.17012095761766,0,-5.32629356833902
-2.16626522485281,0,-5.31516084035224
-2.15970489819245,0,-5.29970042990894
-2.15091927580548,0,-5.27936723350087
-2.14044525182178,0,-5.25377060528825
-2.12885336316076,0,-5.22268478897922
-2.11672263602862,0,-5.18605055935518
-2.10461616657056,0,-5.14396783852168
-2.09305937133801,0,-5.09668007558916
-2.08252252680776,0,-5.04455213330363
-2.07340863052151,0,-4.9880440718552
-2.06604690101774,0,-4.92768342311304
-2.06069155963937,0,-4.86403831632813
-2.05752503658959,0,-4.79769327425888
-2.05666447478486,0,-4.72922882174429
-2.05817035540583,0,-4.6592053952061
-2.06205618117877,0,-4.58815151413794
-2.06829835643222,0,-4.51655581516852
-2.07684563502178,0,-4.44486234931001
-2.08762772567671,0,-4.37346847119959
-2.10056282628002,0,-4.30272466551503
-2.11556399631896,0,-4.2329357239902
-2.13254437199664,0,-4.16436277880417
-2.15142128772505,0,-4.09722579604207
-2.17211939884552,0,-4.03170622556667
-2.19457291103826,0,-3.96794958577057
-2.21872701849569,0,-3.90606783168019
-2.24453864080696,0,-3.84614141326999
-2.27197653178392,0,-3.78822097918312
-2.30102081544207,0,-3.73232872124129
-2.33166198768043,0,-3.67845938897513
-2.36389940906535,0,-3.62658103228671
-2.39773930629323,0,-3.57663555506802
-2.4331922987493,0,-3.52853918322422
-2.47027047292057,0,-3.48218296648213
-2.50898404140247,0,-3.43743344335937
-2.54933764411571,0,-3.39413360114472
-2.59132637538609,0,-3.35210425602328
-2.63493164896949,0,-3.31114596132136
-2.68011704030514,0,-3.27104152382659
-2.72682426713003,0,-3.23155917011241
-2.77496948202857,0,-3.19245635913204
-2.82444005022831,0,-3.15348418788841
-2.87509197112995,0,-3.11439228878083
-2.92674807282704,0,-3.07493407581608
-2.97919706760798,0,-3.03487216746598
-3.03219350759224,0,-2.99398380051269
-3.08545862918139,0,-2.95206605365035
-3.13868202944417,0,-2.90894072132625
-3.191524082994,0,-2.86445871419572
-3.24361898901184,0,-2.81850390742479
-3.29457833730687,0,-2.77099640533158
-3.34399509961411,0,-2.72189523352447
-3.39144798503089,0,-2.67120050123465
-3.43650614153892,0,-2.61895509167876
-3.47873423190405,0,-2.56524593357994
-3.51769795331246,0,-2.51020488126298
-3.55297009632541,0,-2.45400918555854
-3.58413724032003,0,-2.39688147777959
-3.61080715072405,0,-2.33908912246944
-3.63261687209067,0,-2.2809427333647
-3.64924139985662,0,-2.22279360615458
-3.66040267023277,0,-2.16502981759391
-3.66587845029596,0,-2.10807078778147
-3.66551056759487,0,-2.05236020851574
-3.65921182567665,0,-1.99835740112309
-3.64697094263589,0,-1.94652736235157
-3.62885494546639,0,-1.8973299529949
-3.60500865269966,0,-1.85120883965934
-3.5756511539814,0,-1.80858087832037
-3.54106949850065,0,-1.76982660780247
-3.50161007662451,0,-1.73528240442545
-3.45766837112193,0,-1.70523466124482
-3.40967783836884,0,-1.67991613674785
-3.35809865547655,0,-1.65950441078602
-3.3034069589536,0,-1.64412222290584
-3.24608503956338,0,-1.63383936726489
-3.18661278294629,0,-1.62867578021611
-3.12546048542576,0,-1.62860547074216
-3.06308304698774,0,-1.63356099364354
-2.99991545535159,0,-1.6434382334725
-2.93636942450524,0,-1.65810133920315
-2.87283103116298,0,-1.67738771529754
-2.80965919436693,0,-1.70111302817803
-2.74718485796602,0,-1.72907622558628
-2.68571075524193,0,-1.76106458976038
-2.62551165347073,0,-1.79685885517141
-2.56683498943845,0,-1.83623841991376
-2.50990181226989,0,-1.87898666928823
-2.45490794630334,0,-1.92489641322507
-2.40202527444771,0,-1.97377541835752
-2.35140302300533,0,-2.02545199273911
-2.30316890487556,0,-2.07978055778384
-2.25742995270336,0,-2.13664711862437
-2.2142728507348,0,-2.19597452054375
-2.1737635579226,0,-2.25772735451984
-2.13594600915802,0,-2.32191634784199
-2.10083969008265,0,-2.38860204473654
-2.06843590706691,0,-2.45789754608729
-2.03869262046136,0,-2.52997003692362
-2.01152777837154,0,-2.60504078757374
-1.98681118132224,0,-2.68338327380067
-1.96435502518002,0,-2.76531903009688
-1.94390340823631,0,-2.85121083827369
-1.92512124274124,0,-2.94145287168359
-1.90758317148718,0,-3.03645747489627
-1.89076324164709,0,-3.13663836767742
-1.87402621240261,0,-3.2423902232826
-1.85662144980693,0,-3.35406477831158
-1.83768037433571,0,-3.47194386830933
-1.81621836448033,0,-3.59621002405656
-1.79114188826258,0,-3.72691547705508
-1.76126145598694,0,-3.86395058107762
-1.72531080100209,0,-4.00701274587565
-1.68197254975059,0,-4.15557701054634
-1.62991058341136,0,-4.30886940270053
-1.56780934381365,0,-4.46584431572133
-1.49442047371087,0,-4.62516739756093
-1.40861731500437,0,-4.78520599419929
-1.30945773756616,0,-4.94403010923314
-1.19625525543673,0,-5.09942810947315
-1.06865704659735,0,-5.24894280890359
-0.926724980514939,0,-5.38993456449313
-0.771011959626962,0,-5.5196776773754
-0.6026212817084,0,-5.63549346932627
-0.423232805752838,0,-5.73491685774528
-0.235078950009609,0,-5.81588325124679
-0.0408585944326251,0,-5.87691160127428
0.156411366789567,0,-5.91725229228636
0.353591597269143,0,-5.93697029646659
0.54763468564543,0,-5.93694628773404
0.735785406583356,0,-5.91879711828737
0.915739840024754,0,-5.88473431034325
1.08574901597588,0,-5.83738834624147
1.24466602182926,0,-5.77962597228411
1.39194451761567,0,-5.71438067348794
1.5275999999824,0,-5.64450775019926
1.65214438291574,0,-5.57266855153046
1.76650194363903,0,-5.5012446074454
1.87191239603167,0,-5.43228108299445
1.96982577979626,0,-5.36745880381706
2.06179401144975,0,-5.30809376186439
2.14936471169696,0,-5.25516173565899
2.23398345291966,0,-5.20934342723814
2.31691019031129,0,-5.17108297454322
2.39915414889711,0,-5.1406508237753
2.48142915957714,0,-5.11820157836146
2.5641290252653,0,-5.10381887152263
2.64732061407333,0,-5.09754215978549
2.73075141570257,0,-5.0993737616578
2.81386830092002,0,-5.10926755924164
2.89584497058303,0,-5.12710293175757
2.97561675313375,0,-5.1526485590211
3.05192272316969,0,-5.1855209942238
3.12335634605815,0,-5.22514285682873
3.18842678401246,0,-5.27070564191418
3.24563330761596,0,-5.32114280216303
3.29355445289154,0,-5.37511989999845
3.33095104546163,0,-5.43104969992141
3.35687757931853,0,-5.48713991949364
3.37079010887019,0,-5.54147843616057
3.37263270919667,0,-5.59215393004474
3.36288209598324,0,-5.63739987444953
3.3425345481626,0,-5.67573985154213
3.31303138273952,0,-5.70610754746274
3.27613479844864,0,-5.72791915776775
3.233777943479,0,-5.74108824117716
3.18791633286474,0,-5.74598762777488
3.14040218882456,0,-5.74337346673807
3.09289320876373,0,-5.73428989621049
3.04679769627578,0,-5.71997029279741
3.00325176398964,0,-5.70174581149424
2.96312168863445,0,-5.68096677589942
2.927024300431,0,-5.65893879042786
2.89535918146581,0,-5.63687333858297
2.86834754924607,0,-5.61585162643298
2.84607365443453,0,-5.59679998705313
2.82852529994149,0,-5.580474926789
2.81563077988404,0,-5.56745573739633
2.80729020394822,0,-5.55814253708333
2.80339981042815,0,-5.55275770466292
2.80386843292087,0,-5.5513489757167
2.80862573190585,0,-5.55379296359705
2.81762213552241,0,-5.55979848859353
2.83082070038185,0,-5.56890976116693
2.8481813705054,0,-5.58051009165637
2.86963843787099,0,-5.5938273367588
2.89507242141754,0,-5.60794272208943
2.92427808941662,0,-5.62180500451347
2.9569309563623,0,-5.6342521626865
2.9925553050958,0,-5.64404289456982
3.03049762860332,0,-5.64990003148248
3.06991029481902,0,-5.6505672953698
3.10975097305221,0,-5.64487926518404
3.14880340159674,0,-5.63184164973788
3.18572364617365,0,-5.61071501238164
3.21911238109418,0,-5.58109075754958
3.24760791428182,0,-5.54294525162216
3.26998805140448,0,-5.49665866556173
3.28526417329569,0,-5.44299082745062
3.29275084421959,0,-5.3830159663923
3.29209969849384,0,-5.31802809329101
3.28329519883865,0,-5.24943472167142
3.26661834785549,0,-5.17865660422344
3.2425894905152,0,-5.10704621829553
3.21190215165133,0,-5.03583085671202
3.17535758468634,0,-4.96608017034217
3.13380623505969,0,-4.89869425125825
3.08809910179497,0,-4.8344068456229
3.03904968949053,0,-4.77379834661881
2.9874059413534,0,-4.71731406400593
2.93383099309978,0,-4.66528434583686
2.87889148799236,0,-4.61794415064966
2.82305229888206,0,-4.57545053328907
2.76667665091663,0,-4.53789720747141
2.71003074040314,0,-4.5053259049437
2.65329196997893,0,-4.47773468026014
2.596559876969,0,-4.4550836121081
2.53986875617302,0,-4.4372985180286
2.48320091924725,0,-4.42427332480739
2.42649953950119,0,-4.41587163406989
2.36968014018686,0,-4.4119278268827
2.31264001049565,0,-4.41224781766241
2.25526516269365,0,-4.41660936048165
2.19743483541433,0,-4.42476168759462
2.13902394280057,0,-4.4364242576839
2.07990420253217,0,-4.45128451811911
2.01994489273319,0,-4.4689948208864
1.95901425352638,0,-4.489168933888
1.89698245307661,0,-4.51137890538853
1.83372679126237,0,-4.53515331517051
1.7691394422369,0,-4.55997812973124
1.70313757449989,0,-4.58530142107524
1.63567517599797,0,-4.61054306060438
1.56675540740737,0,-4.63511011722374
1.49644188486569,0,-4.65841804743898
1.42486705236533,0,-4.67991688692637
1.35223585134997,0,-4.6991206379706
1.27882331212942,0,-4.71563709019899
1.20496548288596,0,-4.72919467873057
1.13104416247906,0,-4.73966293127779
1.05746698021017,0,-4.74706371723176
0.984645183489615,0,-4.75157180351685
0.912971824485329,0,-4.75350483840909
0.842802805927562,0,-4.75330440519247
0.774442562760986,0,-4.75151084485982
0.708135251659731,0,-4.74873496017186
0.644061444388316,0,-4.74562952069388
0.582339652977023,0,-4.74286288167641
0.523031627991567,0,-4.74109624672058
0.466150248640298,0,-4.74096534196937
0.41166889763319,0,-4.74306664526435
0.359531405238459,0,-4.7479478683333
0.309661888106836,0,-4.75610211298292
0.261974051254309,0,-4.76796497785441
0.216379736759874,0,-4.78391383972543
0.172796674238802,0,-4.80426853776569
0.131155507959558,0,-4.82929272617712
0.0914062396993741,0,-4.85919521631513
0.0535242335638988,0,-4.89413069763457
0.0175158798970441,0,-4.93419930605928
-0.016576085589775,0,-4.97944459873074
-0.0486677552528482,0,-5.02984959612753
-0.0786300361260227,0,-5.0853306678586
-0.10628595391815,0,-5.14572917118279
-0.131409952711951,0,-5.21080090958362
-0.153730013200889,0,-5.28020367497941
-0.17293350899715,0,-5.35348338764972
-0.188677752674482,0,-5.43005967193301
-0.200606132093682,0,-5.50921212414429
-0.208370575080399,0,-5.59006906144718
-0.211660757953695,0,-5.67160119473714
-0.210239910152584,0,-5.75262341785375
-0.2039861497504,0,-5.83180864173314
-0.192936895330843,0,-5.90771807040841
-0.177332002407879,0,-5.97885205291005
-0.157649070976,0,-6.04372399691247
-0.134622498133775,0,-6.10095616671871
-0.109237433850442,0,-6.14939041126715
-0.0826921415806907,0,-6.18820007837854
-0.0563279965506887,0,-6.21698416026106
-0.0315344132755758,0,-6.23582432439248
-0.00964343056222472,0,-6.24529174646077
0.00816796469424413,0,-6.246402084094
0.020952106967853,0,-6.2405289308754
0.0280326849389462,0,-6.22929375306169
0.0290136188607568,0,-6.21445141349155
0.0237597718530161,0,-6.19778617437824
0.0123571452956789,0,-6.18102662473788
-0.00493984194042429,0,-6.16578205440874
-0.0277678292057182,0,-6.15349873418736
-0.0557162183286968,0,-6.14543241616526
-0.0883877431855986,0,-6.14263256970687
-0.125455060848845,0,-6.14593379369492
-0.166710532194946,0,-6.15595010102074
-0.212106127368328,0,-6.17306823403044
-0.26178018767605,0,-6.19743689916084
-0.316067817341564,0,-6.22894991364448
-0.375492097166482,0,-6.26722277424847
-0.440734141854688,0,-6.31156398894788
-0.512581203681543,0,-6.36094443705286
-0.591853424790482,0,-6.41396978831552
-0.679311307795295,0,-6.46886245224242
-0.775547437680333,0,-6.52346065469719
-0.880867580283446,0,-6.57524320385379
-0.995168436373332,0,-6.6213894013302
-1.11782271737142,0,-6.65888399865419
-1.24758734068857,0,-6.68467575260682
-1.38255686523139,0,-6.69589247030776
-1.52018893139144,0,-6.69010256885311
-1.6574257208749,0,-6.66559256566941
-1.79091905455444,0,-6.62160741063466
-1.91733617722786,0,-6.55848977070277
-2.03368989622987,0,-6.47766956876986
-2.13762055095715,0,-6.38149703990084
-2.22757148355095,0,-6.27296163162878
-2.30283714604636,0,-6.15536816638975
-2.36350160498798,0,-6.0320385025706
-2.4103066799967,0,-5.90608111102476
-2.4444902397365,0,-5.78024140007357
-2.46762449417486,0,-5.65682517364063
-2.48147107189338,0,-5.53767884484314
-2.48785966267625,0,-5.42420937186057
-2.48859118343388,0,-5.31742979660569
-2.48536377364278,0,-5.21801973711306
-2.47971901409473,0,-5.12639294090677
-2.47300553718081,0,-5.04276587898188
-2.46635712502952,0,-4.96722263302461
-2.46068232730408,0,-4.89977234058834
-2.45666262598904,0,-4.84039643207756
-2.45475632954377,0,-4.78908388770838
-2.45520575040478,0,-4.74585372413378
-2.45804579327894,0,-4.71076480894364
-2.46311278356661,0,-4.68391382639162
-2.47005309611615,0,-4.66542274574465
-2.4783318116259,0,-4.65541748103217
-2.48724216691753,0,-4.65399961380378
-2.49591694687249,0,-4.66121313042241
-2.50334319126946,0,-4.67700815834333
-2.50838167798677,0,-4.70120372563891
-2.50979261508298,0,-4.73345166367236
-2.50626883152088,0,-4.7732039646902
-2.49647746967508,0,-4.81968621676946
-2.47911067722248,0,-4.87188015275244
-2.45294495438294,0,-4.92851878169709
-2.41690750775459,0,-4.98809782579371
-2.3701461359199,0,-5.04890693683467
-2.31209696190572,0,-5.10908299891451
-2.24254219966681,0,-5.16668538904515
-2.16164892261095,0,-5.21978936100357
-2.06998046602349,0,-5.26658937418345
-1.96847525971851,0,-5.3055005370397
-1.85839323072222,0,-5.33524497213829
-1.74123597630452,0,-5.35491185785185
-1.61865161624752,0,-5.36398484984864
-1.49233697854941,0,-5.36233687134083
-1.36394826174404,0,-5.35019771877871
-1.23502760242352,0,-5.32810301325408
-1.10694871545643,0,-5.29683342124283
-0.980881341916192,0,-5.25735150286784
-0.857772256744092,0,-5.21074116289773
-0.738339964578597,0,-5.15815244521242
-0.623080465889405,0,-5.10075284676064
-0.512282056724563,0,-5.0396855252067
-0.406047616326627,0,-4.97603455215131
-0.304323024559457,0,-4.9107974263587
-0.206930217032491,0,-4.84486512891047
-0.113603053344241,0,-4.77900988777068
-0.024023836176339,0,-4.7138804637765
0.0621418365394646,0,-4.65000423680238
0.145214059318091,0,-4.58779480506072
0.225473160574495,0,-4.52756337736153
0.303140825771845,0,-4.46953206030146
0.378368067761265,0,-4.41384726008514
0.451229628863703,0,-4.36059178573483
0.521723915560812,0,-4.3097947521264
0.589777327741685,0,-4.26143891776503
0.655251831642289,0,-4.21546555675383
0.71795477606094,0,-4.17177730346755
0.777650186011946,0,-4.13023961153415
0.834071013651224,0,-4.09068155504911
0.886932028066209,0,-4.05289670074136
0.93594314915792,0,-4.01664472350676
0.980823060831952,0,-3.98165434129003
1.02131287567674,0,-3.94762801210353
1.05718948343329,0,-3.91424865962269
1.08827803188684,0,-3.88118846642499
1.1144628115181,0,-3.84811949721269
1.13569570679442,0,-3.81472560985869
1.15200139876566,0,-3.78071482592132
1.16347869503207,0,-3.74583112888297
1.17029772011241,0,-3.70986460195111
1.17269316414081,0,-3.67265894575705
1.1709542604827,0,-3.63411572006392
1.16541253227633,0,-3.59419507150086
1.15642853152131,0,-3.55291314711423
1.14437876582964,0,-3.51033675643373
1.12964380053382,0,-3.46657606868526
1.11259821030851,0,-3.42177619851599
1.09360271689391,0,-3.37610846641751
1.07299855361441,0,-3.32976196627832
1.05110388002056,0,-3.28293588359995
1.02821193984947,0,-3.23583282511796
1.00459060166966,0,-3.18865326900516
0.980482923770933,0,-3.14159113437494
0.956108421599184,0,-3.09483039840847
0.93166476936072,0,-3.0485426520247
0.907329724576836,0,-3.00288547153831
0.883263117621035,0,-2.95800148554797
0.859608793805392,0,-2.91401802634628
0.836496432245052,0,-2.87104726839936
0.814043193953565,0,-2.82918676960262
0.792355172606543,0,-2.78852034228851
0.771528636628785,0,-2.7491191895714
0.751651062138145,0,-2.71104324855477
0.732801964052603,0,-2.67434268564984
0.715053538316067,0,-2.63905949146011
0.69847113243338,0,-2.60522912419521
0.683113564798352,0,-2.57288215213851
0.669033315906069,0,-2.54204584797429
0.656276616559501,0,-2.51274569122726
0.644883459590876,0,-2.48500673991601
0.634887562339415,0,-2.45885483876058
0.626316307060795,0,-2.43431763869637
0.619190685518676,0,-2.41142541063667
0.613525272204501,0,-2.39021164490482
0.60932824799911,0,-2.37071343597598
0.606601492741552,0,-2.35297165964933
0.605340761277425,0,-2.33703095609024
0.605535953318879,0,-2.32293953707651
0.607171483065865,0,-2.31074883911838
0.6102267501961,0,-2.30051304592221
0.614676709674952,0,-2.29228850407372
0.620492533963371,0,-2.28613305506661
0.627642357663314,0,-2.28210530517741
0.63609209144976,0,-2.2802638525
0.6458062892909,0,-2.28066648798683
0.656749050448489,0,-2.28336938483973
0.668884935592433,0,-2.28842628824971
0.682179874608347,0,-2.2958877154137
0.696602042417219,0,-2.30580017401497
0.712122678497371,0,-2.31820540594251
0.72871682596439,0,-2.3331396618711
0.746363967190386,0,-2.3506330113387
0.765048535165957,0,-2.37070869201001
0.784760283191289,0,-2.39338250078348
0.805494499986796,0,-2.41866222814686
0.82725206276162,0,-2.44654713562784
0.85003932684708,0,-2.47702747427625
0.873867856737622,0,-2.51008403984032
0.898754009230743,0,-2.54568775773954
0.924718384230473,0,-2.58379928821354
0.951785162123979,0,-2.62436863930716
0.979981348012263,0,-2.66733477284995
1.00933594219837,0,-2.71262518652088
1.03987905314002,0,-2.76015545365542
1.07164096369362,0,-2.80982870183472
1.10465115422707,0,-2.86153501164428
1.13893727750755,0,-2.91515071838919
1.17452407067784,0,-2.97053760214467
1.21143217964108,0,-3.02754195540815
1.24967686125722,0,-3.0859935230436
1.28926651936061,0,-3.14570431651621
1.33020102217822,0,-3.20646731417604
1.37246974178057,0,-3.26805507238078
1.41604925146082,0,-3.33021828967811
1.46090061553061,0,-3.39268438954288
1.5069662096908,0,-3.45515621798714
1.55416602152591,0,-3.51731099258235
1.6023934036217,0,-3.57879969065943
1.65151029156693,0,-3.63924712745564
1.7013419623438,0,-3.69825304854399
1.75167150291151,0,-3.75539464010267
1.80223429112264,0,-3.81023093439533
1.85271296475893,0,-3.86230963605128
1.90273356365358,0,-3.9111768855182
1.9518637521045,0,-3.95639036571587
1.99961421642316,0,-3.99753589645098
2.04544440764624,0,-4.03424720783805
2.08877366047028,0,-4.06622793513142
2.12899826800816,0,-4.0932741020434
2.16551428493115,0,-4.11529462604518
2.19774474472549,0,-4.13232694307333
2.22516884276488,0,-4.14454497843558
2.24734980921,0,-4.15225753399732
2.26395801875156,0,-4.15589662257624
2.27478651756763,0,-4.15599699263008
2.27975745369806,0,-4.15316954156641
2.27891948037238,0,-4.14807209040039
2.27243759173049,0,-4.14138093322434
2.26057770711318,0,-4.13376583401755
2.24368854477578,0,-4.12587005845329
2.22218303397225,0,-4.11829594912245
2.1965209263845,0,-4.11159571604576
2.16719359885074,0,-4.10626661120482
2.13471143670124,0,-4.10274946430376
2.09959372064001,0,-4.10142959896009
2.06236062285914,0,-4.10263933488649
2.02352673323096,0,-4.1066615355265
1.98359545859664,0,-4.11373392294721
1.94305364385471,0,-4.1240541077271
1.90236583353414,0,-4.13778543582723
1.8619677101146,0,-4.15506380982821
1.82225839420934,0,-4.17600558194061
1.78359145565747,0,-4.20071644012314
1.74626464952511,0,-4.22930093638227
1.71050854797869,0,-4.2618719801182
1.67647438550695,0,-4.29855930031333
1.64422157344211,0,-4.33951563920436
1.61370547255989,0,-4.38491934342648
1.58476613619246,0,-4.43497211270766
1.55711883782016,0,-4.4898909624458
1.53034725601298,0,-4.54989392353913
1.50390018534087,0,-4.61517956938921
1.4770925643116,0,-4.685901030414
1.44911146909952,0,-4.76213563545563
1.41902754410141,0,-4.84385163887958
1.38581217147191,0,-4.93087363004387
1.34836056952604,0,-5.02284820935023
1.30552099200403,0,-5.11921143082544
1.25613029134233,0,-5.21915946797326
1.19905628769564,0,-5.32162408973055
1.13324757694796,0,-5.42525497244736
1.05779146407712,0,-5.52841173622204
0.971980366672677,0,-5.62916992104212
0.875385921269866,0,-5.72534677535814
0.767937695719673,0,-5.81455423732294
0.649999546149437,0,-5.89428682875945
0.522431508108666,0,-5.96204975453887
0.386620123457171,0,-6.01552559195725
0.244458274677109,0,-6.05276607269748
0.0982606454666954,0,-6.07238124156599
-0.0493853596449395,0,-6.07368828880869
-0.195814355910769,0,-6.05678439341413
-0.338488746168105,0,-6.02252493752886
-0.475177223703271,0,-5.97241419474809
-0.60407822489567,0,-5.90843766183984
-0.723878879630974,0,-5.83287396215102
-0.833756736092672,0,-5.74811896875885
-0.933340727992391,0,-5.65654188465857
-1.02264918575121,0,-5.56037993298439
-1.10201921409648,0,-5.46166930444519
-1.17203681326626,0,-5.36220573048232
-1.23347278442966,0,-5.26352720359787
-1.28722646497913,0,-5.16691231339821
-1.33427761688547,0,-5.07338920079113
-1.37564597934679,0,-4.98375159775929
-1.41235772616638,0,-4.89857956235871
-1.44541806471733,0,-4.81826330474324
-1.47578930636694,0,-4.7430289894117
-1.50437383571215,0,-4.6729656741049
-1.53200146678991,0,-4.60805268263043
-1.55942068805188,0,-4.54818676692711
-1.58729327152066,0,-4.49320843532637
-1.61619167207392,0,-4.4429268365131
-1.64659859124569,0,-4.39714260716354
-1.67890804690672,0,-4.35566812211113
-1.71342729226976,0,-4.31834463134321
-1.7503789748657,0,-4.28505582998742
-1.78990302055754,0,-4.25573748947095
-1.83205786333488,0,-4.23038288558552
-1.87682080536829,0,-4.20904389610899
-1.9240874651151,0,-4.19182780485605
-1.97367043353424,0,-4.17889002909638
-2.02529739117287,0,-4.17042316213137
-2.07860903020126,0,-4.16664286592031
-2.13315717384367,0,-4.16777123553334
-2.1884035011141,0,-4.17401827374977
-2.24371928732933,0,-4.18556206240776
-2.29838658649749,0,-4.2025281171465
-2.35160133695842,0,-4.22496829946407
-2.40247898816475,0,-4.25283958128292
-2.45006343475726,0,-4.28598296620548
-2.49334029556808,0,-4.32410302571577
-2.53125585008197,0,-4.36674886369582
-2.5627431543389,0,-4.41329792081129
-2.58675684408894,0,-4.46294487105552
-2.60231765835226,0,-4.51469885062454
-2.608566496976,0,-4.5673931324281
-2.60482564435563,0,-4.61971163366281
-2.5906617256239,0,-4.67023565602919
-2.56594166431727,0,-4.71751142225714
-2.53087072675097,0,-4.76013427865728
-2.48600232786596,0,-4.79683996157839
-2.432213624554,0,-4.82658924248315
-2.37064827424652,0,-4.84863186857674
-2.30263544077162,0,-4.86253988094048
-2.22959899669138,0,-4.86820767627479
-2.15297113647076,0,-4.86582355207444
-2.07412088898402,0,-4.8558222003126
-1.99430253660727,0,-4.83882869415257
-1.9146239991239,0,-4.81560272414692
-1.83603208066486,0,-4.78698875545254
-1.7593102242939,0,-4.75387475954239
-1.6850845343093,0,-4.71715994176308
-1.61383464132899,0,-4.6777305811187
-1.54590698746664,0,-4.63644254560778
-1.48152900916959,0,-4.59410898108966
-1.42082337946375,0,-4.55149186330419
-1.3638219278752,0,-4.5092963919636
-1.3104791197535,0,-4.46816749898172
-1.260685095086,0,-4.42868799249594
-1.21427828670453,0,-4.39137804534236
-1.17105759926968,0,-4.35669585807186
-1.13079406674835,0,-4.32503938840032
-1.09324184350607,0,-4.29674905240977
-1.05814834161662,0,-4.27211128226032
-1.02526331567514,0,-4.2513627864213
-0.994346719197533,0,-4.23469531663688
-0.965175208938856,0,-4.22226071347736
-0.937547244855363,0,-4.21417598750492
-0.911286810907051,0,-4.21052819881815
-0.886245852799411,0,-4.21137892232633
-0.862305583419146,0,-4.21676812443961
-0.839376839833886,0,-4.22671732225848
-0.81739968648229,0,-4.24123194224681
-0.796342450310362,0,-4.26030283659818
-0.776200349950775,0,-4.28390694881884
-0.756993848064649,0,-4.31200714417599
-0.738766818628068,0,-4.34455123588455
-0.721584583005715,0,-4.38147024557925
-0.705531832443756,0,-4.42267593862994
-0.690710421134932,0,-4.46805767333332
-0.67723698326234,0,-4.51747860004769
-0.665240298786232,0,-4.57077124399715
-0.654858305315636,0,-4.62773250579043
-0.646234626318541,0,-4.68811811887548
-0.639514458460585,0,-4.75163661581937
-0.634839632628909,0,-4.81794287904762
-0.632342634406935,0,-4.8866313917721
-0.632139341924817,0,-4.95722936919034
-0.63432021631029,0,-5.0291900502013
-0.638939671651308,0,-5.10188658167043
-0.646003375280282,0,-5.1746071501321
-0.655453316156737,0,-5.24655232941729
-0.667150677389046,0,-5.31683602806793
-0.680856925305099,0,-5.38449192199622
-0.696214159033761,0,-5.44848777258588
-0.712726709553521,0,-5.50775038438816
-0.729747211299907,0,-5.56120383327726
-0.746471682446259,0,-5.60782253925551
-0.761949034965415,0,-5.6466982981791
-0.775110077174893,0,-5.67711636872477
-0.78481860668438,0,-5.69863078794497
-0.789942341555846,0,-5.71112505312204
-0.789435247593436,0,-5.71484367736329
-0.782417774551783,0,-5.71038468198179
-0.768240382535733,0,-5.69865212964952
-0.746519628984757,0,-5.68077781899654
-0.717143377338372,0,-5.65802789738394
-0.680249039788716,0,-5.6317110261142
-0.636183345480042,0,-5.60310066388911
-0.585453086390902,0,-5.57337783869603
-0.528674580986049,0,-5.54359518516853
-0.466526795131229,0,-5.51465942330755
-0.399710424299956,0,-5.48732790675165
-0.328913370816656,0,-5.46221475005191
-0.254782031150361,0,-5.43980263796298
-0.177897476844669,0,-5.42045720905216
-0.0987557457200646,0,-5.40444162417599
-0.0177518609467845,0,-5.39192950152801
0.0648322929286691,0,-5.38301486037707
0.148835619080034,0,-5.37771814903108
0.234220020052355,0,-5.37598792051496
0.321066114801507,0,-5.37769830296853
0.409561628203553,0,-5.38264306610512
0.499982166815647,0,-5.39052771566704
0.592664883983408,0,-5.40096151458701
0.68797641231451,0,-5.41345149613702
0.786277203171436,0,-5.42740032504041
0.887884875443076,0,-5.4421093023973
0.993039222875538,0,-5.45678702882715
1.1018711502271,0,-5.47056343523573
1.21437710409448,0,-5.48250826615174
1.3303997179321,0,-5.49165280354068
1.44961461771138,0,-5.49701369720288
1.57152282501513,0,-5.49761816178346
1.69544806880115,0,-5.49253036602801
1.82053860463308,0,-5.48087938816944
1.94577377714264,0,-5.46188944737629
2.06997640055955,0,-5.43491307323127
2.1918328501788,0,-5.39946731634701
2.30992326073629,0,-5.35527198144509
2.42276407192749,0,-5.30228725638919
2.52886402498432,0,-5.24074629726949
2.62679245139081,0,-5.17117684556604
2.71525554686952,0,-5.09440552637722
2.79317306632022,0,-5.01153977241857
2.85974570682966,0,-4.92392552751578
2.91450350962282,0,-4.83308338080764
2.95732833032203,0,-4.74063019019153
2.98844810362683,0,-4.64819602482311
3.00840569887016,0,-4.5573464786746
3.01800899020296,0,-4.46951825270041
3.01827042703277,0,-4.38597242522549
3.01034394595161,0,-4.30776631516019
2.99546525761121,0,-4.23574221081115
2.97489927591275,0,-4.17052981303498
2.94989641090915,0,-4.11255887377053
2.92165794634736,0,-4.06207883020104
2.89130980596728,0,-4.01918286850255
2.85988356189515,0,-3.98383452928772
2.82830339178505,0,-3.95589553782305
2.79737770673926,0,-3.93515394468752
2.76779425163976,0,-3.92135188946245
2.7401175710259,0,-3.91421236985002
2.71478782216734,0,-3.91346434041517
2.69212001472936,0,-3.91886531410014
2.67230289224581,0,-3.93022043916661
2.6553968786726,0,-3.94739683022897
2.64133081996585,0,-3.97033181440707
2.62989765992509,0,-3.99903379003162
2.6207496703027,0,-4.03357465506921
2.61339433604185,0,-4.0740732814855
2.60719237530312,0,-4.12067026701774
2.60135954451643,0,-4.17349509076503
2.59497376990131,0,-4.23262767389657
2.58698875920832,0,-4.29805701825545
2.57625466832378,0,-4.36963991684363
2.56154578231541,0,-4.44706264921389
2.54159469132976,0,-4.52980816548186
2.5151322204242,0,-4.61713071109727
2.48093242523497,0,-4.70803939337844
2.43786217729739,0,-4.80129205908297
2.38493499791871,0,-4.89540115160879
2.32136854494132,0,-4.98865387801311
2.24664420175273,0,-5.07914973487035
2.16056538150707,0,-5.1648586561195
2.06330857858177,0,-5.2437020051649
1.95545853652533,0,-5.3136556475937
1.83801741844007,0,-5.37286926301572
1.71237910314229,0,-5.41978985133583
1.58026465778029,0,-5.45327233130324
1.44362300526983,0,-5.47265903871278
1.30450919769404,0,-5.47781449578659
1.16495803996931,0,-5.4691110768823
1.02687080553473,0,-5.4473716434847
0.891927815352606,0,-5.41378284146559
0.761532299512574,0,-5.36979532363566
0.636784241829594,0,-5.31702509183752
0.518478669452616,0,-5.25716554939202
0.407121356643133,0,-5.19191496286019
0.302955399460338,0,-5.12292025066535
0.205993562600374,0,-5.05173575804137
0.116052907505441,0,-4.97979471911731
0.0327895529238628,0,-4.90839099397388
-0.0442676404335656,0,-4.83866897631631
-0.115685098344503,0,-4.77161999935519
-0.182094611405696,0,-4.70808395833941
-0.244165665661251,0,-4.64875515024451
-0.302580176149306,0,-4.59419149632732
-0.358009749720548,0,-4.54482638373589
-0.411095577785152,0,-4.50098237114014
-0.462431023264606,0,-4.46288598331962
-0.512546922124829,0,-4.43068279836413
-0.561899577305187,0,-4.40445202928506
-0.610861390744487,0,-4.38421983354269
-0.659714063084071,0,-4.36997065789343
-0.708644290405964,0,-4.36165604575575
-0.75774189701926,0,-4.35920049858649
-0.807000352333061,0,-4.36250418411239
-0.856319616248552,0,-4.37144250830251
-0.905511231790171,0,-4.38586279342225
-0.954305533033246,0,-4.40557850537016
-1.00236076740562,0,-4.43036162357024
-1.04927386050696,0,-4.45993382615721
-1.09459250170831,0,-4.49395716532942
-1.13782822358617,0,-4.5320248436156
-1.17847020454799,0,-4.57365260085337
-1.21599964527859,0,-4.61827112760408
-1.24990474188007,0,-4.66521988342916
-1.27969646917202,0,-4.71374276394503
-1.30492554616187,0,-4.76298626004563
-1.32520101565921,0,-4.81200109035623
-1.34021075172909,0,-4.85974872564226
-1.34974382794699,0,-4.90511466049453
-1.35371397042245,0,-4.94693053815959
-1.35218228233041,0,-4.98400702505509
-1.34537619988452,0,-5.01517834516833
-1.33370057116986,0,-5.03935739700122
-1.31773639316822,0,-5.05559748697694
-1.29822368903333,0,-5.06315357521734
-1.27602752326555,0,-5.06153374622244
-1.25208979649725,0,-5.05053170071833
-1.22737303117108,0,-5.03023403429434
-1.20280439697563,0,-5.0010012199136
-1.17922785973682,0,-4.9634266891481
-1.15736982512446,0,-4.91828220456886
-1.13782016133818,0,-4.8664587749788
-1.12102736021945,0,-4.80891095549324
-1.10730466045554,0,-4.74660962523207
-1.09684333357173,0,-4.68050545852826
-1.0897296717918,0,-4.61150307621181
-1.08596303134743,0,-4.54044452677854
-1.08547318676082,0,-4.46810018981734
-1.08813602159659,0,-4.39516516270486
-1.09378714212522,0,-4.3222594403695
-1.10223335991231,0,-4.2499305493223
-1.11326219067647,0,-4.17865764703207
-1.12664960868874,0,-4.10885639734285
-1.14216631970804,0,-4.04088416729549
-1.15958280098823,0,-3.97504526331279
-1.17867332416487,0,-3.91159604525883
-1.1992191381076,0,-3.85074983696736
-1.22101095115176,0,-3.79268160201595
-1.24385081919078,0,-3.73753238249849
-1.26755351953349,0,-3.68541351306969
-1.29194747057216,0,-3.63641062765157
-1.31687524378815,0,-3.59058747558589
-1.34219370666234,0,-3.54798956024153
-1.36777383167597,0,-3.50864760789895
-1.39350020677975,0,-3.47258086922682
-1.41927028553821,0,-3.43980025050579
-1.44499341982867,0,-3.4103112673105
-1.47058972385317,0,-3.38411680983735
-1.49598882482499,0,-3.36121970657079
-1.52112856263527,0,-3.34162507159234
-1.54595370776265,0,-3.32534242057138
-1.57041477332262,0,-3.3123875412763
-1.59446700307329,0,-3.30278410610716
-1.61806962191276,0,-3.29656501631366
-1.64118543833623,0,-3.29377346961015
-1.66378088876603,0,-3.2944637440178
-1.68582661082286,0,-3.29870168993283
-1.70729862557647,0,-3.30656491849693
-1.72818019661172,0,-3.3181426662051
-1.74846441530398,0,-3.33353530236691
-1.76815753586525,0,-3.35285342701334
-1.78728304930083,0,-3.37621648229053
-1.80588644122451,0,-3.4037507715935
-1.82404052356226,0,-3.43558675038883
-1.84185116415712,0,-3.47185542536907
-1.85946316198967,0,-3.51268368066139
-1.87706593202279,0,-3.55818834924671
-1.8948985784622,0,-3.60846887318592
-1.91325385823751,0,-3.6635984553421
-1.93248048145328,0,-3.72361370225507
-1.95298317893647,0,-3.78850289058605
-1.97522000512296,0,-3.85819314721002
-1.99969644865741,0,-3.93253699492077
-2.0269560936791,0,-4.01129885314588
-2.05756779648297,0,-4.09414216485249
-2.09210958236003,0,-4.18061782184369
-2.13114967966901,0,-4.27015447186172
-2.17522524254688,0,-4.36205112724371
-2.22481933007053,0,-4.45547229792984
-2.28033659184696,0,-4.54944570560487
-2.34207787527716,0,-4.64286257778088
-2.41021367324938,0,-4.73448064855069
-2.48475606581237,0,-4.82293037359156
-2.56552870659804,0,-4.9067255452563
-2.65213463665453,0,-4.98428047229843
-2.74392248919302,0,-5.05393708973496
-2.83995321289517,0,-5.11400655133648
-2.93897195468066,0,-5.16283052047301
-3.03939308731464,0,-5.19886662656854
-3.13930977599907,0,-5.22079919160405
-3.23654116699646,0,-5.22766934918174
-3.32872756470149,0,-5.21900844495081
-3.41347457134143,0,-5.19494828750719
-3.48853183862569,0,-5.15627748703245
-3.55197658668956,0,-5.10442066637361
-3.60236527817425,0,-5.04133695370667
-3.63882442447996,0,-4.96935761082841
-3.6610702974912,0,-4.89099793839056
-3.66936721950601,0,-4.80877903896587
-3.66444589161425,0,-4.72508349195935
-3.6474044095194,0,-4.64205392854234
-3.61960873197161,0,-4.56153201459254
-3.58260158434733,0,-4.48502995520826
-3.53802262423947,0,-4.41372615231391
-3.48753934784655,0,-4.34847861865079
-3.43278729973024,0,-4.289852079917
-3.37531868075955,0,-4.23815619441933
-3.3165594304984,0,-4.19349264498581
-3.25777555133264,0,-4.15580826768076
-3.2000494710738,0,-4.12495045497146
-3.14426661385872,0,-4.10072043077867
-3.09111135711942,0,-4.0829200650509
-3.04107060059994,0,-4.0713887622003
-2.99444259446454,0,-4.06602838817944
-2.95134860807874,0,-4.06681579331278
-2.91174540762557,0,-4.07380385899607
-2.87543716244794,0,-4.08711291236104
-2.84208610721979,0,-4.10691476281408
-2.81122189285378,0,-4.13341160439945
-2.78224998731298,0,-4.16681174769293
-2.75445973248976,0,-4.20730374341331
-2.72703276215322,0,-4.25503005066294
-2.69905249132829,0,-4.31006105509497
-2.66951534910683,0,-4.37236998933802
-2.63734438244355,0,-4.44180915996683
-2.6014058303367,0,-4.51808784288121
-2.56052926202033,0,-4.60075227249311
-2.51353187753315,0,-4.68916832344038
-2.45924755126559,0,-4.7825077713672
-2.39656110106691,0,-4.87973941766992
-2.32444800428551,0,-4.97962684192631
-2.24201925857405,0,-5.0807350253341
-2.14857021095783,0,-5.18144841635789
-2.0436309278429,0,-5.28000295274751
-1.92701416273676,0,-5.37453383122745
-1.79885551611046,0,-5.46313919813951
-1.6596395063073,0,-5.54395741046216
-1.51020560209601,0,-5.61525246946693
-1.35173022761209,0,-5.67549948439218
-1.18568421913692,0,-5.72346063581928
-1.01376936580096,0,-5.75824288395449
-0.837841202097199,0,-5.77933165814218
-0.659826947114549,0,-5.78659910431465
-0.48164691765868,0,-5.78028973188979
-0.305145308236601,0,-5.76098918772422
-0.132032980636942,0,-5.72958276580101
0.0361580300517592,0,-5.68720931192178
0.198110432253588,0,-5.63521411390146
0.352750642506807,0,-5.57510203907828
0.499272702191118,0,-5.50849031539351
0.63715754321347,0,-5.43705941566488
0.766186252877537,0,-5.36250068661051
0.886444576150072,0,-5.28646058486219
0.998315312772227,0,-5.21048330172159
1.10245581362276,0,-5.13595561932285
1.19975943832555,0,-5.06405938377466
1.29130223574587,0,-4.99573743152135
1.37827861981758,0,-4.93167787133391
1.46193174560518,0,-4.87231941107889
1.54348513249332,0,-4.81787740130322
1.62408165993799,0,-4.76838713747643
1.70473456564745,0,-4.7237584166775
1.78629295244148,0,-4.68383390842793
1.86942209192411,0,-4.64844382393571
1.95459696187996,0,-4.6174505976436
2.04210625521091,0,-4.59077949415861
2.13206362601478,0,-4.56843368807202
2.22442308578896,0,-4.55049483700594
2.318996012944,0,-4.53711198509057
2.41546795366073,0,-4.52848253647863
2.51341408385189,0,-4.52482904634388
2.61231276701576,0,-4.52637492639877
2.71155705633387,0,-4.53332118197547
2.81046427729671,0,-4.54582528883447
2.90828403497133,0,-4.56398248258007
3.00420516194957,0,-4.58780916471577
3.09736229264614,0,-4.61722783803431
3.18684293795337,0,-4.65205294035428
3.27169614892203,0,-4.69197711350525
3.3509440893505,0,-4.73655780183229
3.42359804817802,0,-4.78520461713071
3.48868053487711,0,-4.8371686356908
3.54525497914673,0,-4.89153568269215
3.59246400515975,0,-4.9472266074036
3.62957605067836,0,-5.00300831942185
3.6560381113631,0,-5.05751952499939
3.67152973248396,0,-5.10931413279081
3.67601063553771,0,-5.15692274950716
3.66975266971598,0,-5.19892861837711
3.65334741799262,0,-5.23404970918139
3.62768447943111,0,-5.26121522767791
3.5939015285708,0,-5.2796244222219
3.55331361134832,0,-5.28877894433729
3.50733325312084,0,-5.28848605559155
3.45739337968356,0,-5.27883625508672
3.40488217118803,0,-5.26016315339496
3.35109449250261,0,-5.23299467647957
3.29720032876305,0,-5.19800343155552
3.24422781745082,0,-5.15596153509693
3.19305721643481,0,-5.10770255826299
3.14442211113046,0,-5.05409117506132
3.09891480754151,0,-4.99599980669585
3.05699373700339,0,-4.93429094663223
3.01899153964072,0,-4.86980372099796
2.98512317135033,0,-4.80334339040271
2.95549386120174,0,-4.73567278498169
2.93010704592339,0,-4.66750499026577
2.90887255530436,0,-4.59949691247019
2.89161534907222,0,-4.53224361721381
2.87808504284152,0,-4.46627353804705
2.86796633782511,0,-4.40204478078855
2.86089031602132,0,-4.33994280336386
2.85644640901228,0,-4.28027973273377
2.85419472087867,0,-4.22329550281259
2.85367830393928,0,-4.1691608793633
2.85443496002648,0,-4.1179823031825
2.85600816866884,0,-4.06980835452449
2.85795681612285,0,-4.02463753798022
2.85986349899729,0,-3.98242701866785
2.86134128517059,0,-3.94310191020414
2.86203891721149,0,-3.90656471851419
2.86164452883681,0,-3.87270457511208
2.85988800775733,0,-3.84140593991482
2.85654217791065,0,-3.8125565087466
2.85142299306906,0,-3.78605411833502
2.84438893621385,0,-3.76181249800155
2.83533980929621,0,-3.73976577049029
2.82421508001125,0,-3.71987165378605
2.81099192919137,0,-3.70211336125265
2.79568311683666,0,-3.68650023897463
2.77833475854033,0,-3.67306721662585
2.75902407866874,0,-3.66187318104728
2.737857183404,0,-3.65299840926822
2.71496687673413,0,-3.64654121904611
2.69051052648478,0,-3.64261400924263
2.66466797599911,0,-3.64133886876775
2.63763949014073,0,-3.642842931071
2.60964372155716,0,-3.64725364143093
2.58091568388021,0,-3.65469408738082
2.55170472177794,0,-3.66527851990405
2.52227247243264,0,-3.67910816634549
2.49289081803711,0,-3.6962674073627
2.46383983335318,0,-3.71682036167437
2.43540573552241,0,-3.74080789562293
2.40787884465106,0,-3.76824505100029
2.38155156290202,0,-3.799118865113
2.35671637680162,0,-3.83338654216986
2.33366388223301,0,-3.87097392494185
2.31268082428696,0,-3.91177421022693
2.29404813500084,0,-3.95564685085395
2.27803894134369,0,-4.00241659070095
2.26491650397947,0,-4.05187258755924
2.2549320348511,0,-4.10376759189596
2.2483223291306,0,-4.1578171681588
2.24530713549414,0,-4.21369896994162
2.24608617933081,0,-4.27105211198098
2.25083574828925,0,-4.3294767214828
2.25970475120992,0,-4.38853379931394
2.27281017366247,0,-4.44774557799616
2.29023188074453,0,-4.50659662654362
2.31200676611147,0,-4.56453601776044
2.33812232121385,0,-4.62098093354162
2.36850980499327,0,-4.67532212475383
2.40303733268032,0,-4.72693164525579
2.44150336643298,0,-4.77517322035749
2.48363126259199,0,-4.8194154628409
2.52906567808274,0,-4.8590478950521
2.57737171567078,0,-4.89349937172812
2.62803764109415,0,-4.92225805437472
2.6804817899042,0,-4.94489163335032
2.73406388433837,0,-4.96106613394045
2.78810043848738,0,-4.97056149669743
2.841883339388,0,-4.97328228200167
2.89470018852687,0,-4.96926233436425
2.9458547063088,0,-4.9586629770968
2.99468552226307,0,-4.94176513329306
3.04058199097441,0,-4.91895649398417
3.08299619884682,0,-4.89071532359599
3.12145092311189,0,-4.85759263566156
3.15554383795067,0,-4.82019431210474
3.18494864164657,0,-4.77916436959991
3.20941396920947,0,-4.73517011356448
3.22876097175431,0,-4.68888946763627
3.24288033020623,0,-4.64100039313447
3.25172927729916,0,-4.59217205142001
3.2553289728737,0,-4.54305721683588
3.25376234631585,0,-4.49428540786034
3.24717230928072,0,-4.44645625214277
3.23576006751322,0,-4.4001327194927
3.21978313545352,0,-4.35583402846337
3.19955259317257,0,-4.31402823861336
3.17542913223151,0,-4.27512476000859
3.14781752120058,0,-4.23946721719259
3.11715928037932,0,-4.20732726579405
3.08392357433306,0,-4.17890004516955
3.04859658246743,0,-4.1543019355222
3.01166985335344,0,-4.13357116227736
2.97362834487451,0,-4.11667156332105
2.93493896151969,0,-4.10349953630178
2.89604039890441,0,-4.09389386060812
2.85733499149889,0,-4.08764779606606
2.81918305220465,0,-4.08452264707156
2.7818999284288,0,-4.0842618798584
2.74575572292665,0,-4.08660490220754
2.71097738037566,0,-4.09129974609842
2.67775265261359,0,-4.09811410337543
2.64623534134351,0,-4.10684441168302
2.61655117615764,0,-4.11732293164618
2.58880370566065,0,-4.12942296260889
2.56307964187631,0,-4.14306249063175
2.53945318387546,0,-4.1582066386316
2.51798893985695,0,-4.17486929496884
2.49874315745211,0,-4.193114241745
2.48176305546857,0,-4.21305600062726
2.46708412744562,0,-4.23486047759966
2.45472536260546,0,-4.25874533490304
2.44468240901229,0,-4.28497986491845
2.43691879254435,0,-4.31388400300267
2.4313554068567,0,-4.34582600979241
2.42785860310851,0,-4.38121829218764
2.42622732809819,0,-4.42051082676025
2.42617987489009,0,-4.46418170474172
2.4273409069243,0,-4.51272443105553
2.42922948067931,0,-4.5666317685688
2.43124881323117,0,-4.62637610128244
2.43267851866454,0,-4.6923864692335
2.43266998308716,0,-4.76502257639582
2.43024548750811,0,-4.84454617211946
2.42430165778621,0,-4.93109025460709
2.41361786322274,0,-5.02462656334508
2.39687033850174,0,-5.12493186670624
2.3726530903422,0,-5.23155369253665
2.33950706105525,0,-5.34377650504076
2.2959594898637,0,-5.46059003500514
2.24057577918224,0,-5.58066265549412
2.17202613660285,0,-5.70232443394613
2.08916834923469,0,-5.8235666748341
1.99114564599277,0,-5.9420669099706
1.87749419587192,0,-6.05524932478939
1.7482484632253,0,-6.16038884597077
1.60402582202202,0,-6.25476079710853
1.44606770448691,0,-6.3358266820381
1.27621718446942,0,-6.40143283105178
1.09682450471946,0,-6.44998832846685
0.910590002970945,0,-6.48058850736652
0.720370566567448,0,-6.49306265190963
0.528983109346838,0,-6.48794437820274
0.339033923762976,0,-6.46638106249878
0.152790290972906,0,-6.43000741987813
-0.0279023793201451,0,-6.38080697217442
-0.201663152029993,0,-6.32097780007775
-0.367585981346723,0,-6.25281083290502
-0.52522480625901,0,-6.17858330290928
-0.674557630034797,0,-6.1004677104855
-0.815932025699346,0,-6.02045684813135
-0.949994340587978,0,-5.94030657986521
-1.07760631821267,0,-5.86149873308765
-1.19975505870878,0,-5.78522577729183
-1.31746401550141,0,-5.71239689108653
-1.43171309039967,0,-5.64366224201687
-1.54337448153531,0,-5.57944986882595
-1.65316814337916,0,-5.52000834878065
-1.76163742413758,0,-5.46544878267732
-1.86914259843074,0,-5.41578124001108
-1.97586822694168,0,-5.37094299702004
-2.08183968872916,0,-5.33081797062554
-2.18694460741531,0,-5.29524824613887
-2.29095582520135,0,-5.26403938044366
-2.39355368767146,0,-5.23696134343627
-2.49434642808953,0,-5.21374675899021
-2.59288825632872,0,-5.19408774437435
-2.68869533663289,0,-5.17763228847301
-2.78126020365463,0,-5.16398084766807
-2.87006535585576,0,-5.15268370713594
-2.95459681021538,0,-5.14323964574861
-3.03435831679312,0,-5.13509651831099
-3.10888671536106,0,-5.12765447351964
-3.17776856249113,0,-5.12027258800731
-3.24065767069865,0,-5.11227963357661
-3.29729261953729,0,-5.10298942640796
-3.34751271417161,0,-5.09172068380614
-3.39127043136362,0,-5.07782055445166
-3.42863828885184,0,-5.06069011287378
-3.45980844873824,0,-5.03980934169835
-3.48508424244377,0,-5.01475873584766
-3.50486402617351,0,-4.98523485680695
-3.51961902564176,0,-4.95105797043946
-3.52986774887486,0,-4.9121711263225
-3.53614988892207,0,-4.86863133576565
-3.53900236795688,0,-4.82059453033491
-3.53893945626109,0,-4.76829651830038
-3.53643800192478,0,-4.71203217968989
-3.53192797946345,0,-4.65213478125621
-3.5257879617508,0,-4.58895674496889
-3.51834478303792,0,-4.52285264495499
-3.50987655372414,0,-4.45416475525299
-3.50061823374281,0,-4.38321117624003
-3.49076908974697,0,-4.31027643433489
-3.48050148356223,0,-4.23560445235645
-3.46997051621003,0,-4.15939388722078
-3.45932405312229,0,-4.08179597876585
-3.44871257268665,0,-4.00291518959552
-3.43829812901273,0,-3.92281297096549
-3.42826155195524,0,-3.84151488996715
-3.41880691094974,0,-3.75902104323055
-3.41016235423147,0,-3.67531916333824
-3.40257679224514,0,-3.59039919221985
-3.39631253285941,0,-3.50426754863588
-3.39163477483098,0,-3.41695909727323
-3.38879958295901,0,-3.32854510716537
-3.38804233514695,0,-3.23913625351166
-3.38956849059968,0,-3.14888074233203
-3.39354792435065,0,-3.05795857991306
-3.4001132306608,0,-2.96657358058086
-3.4093616003275,0,-2.87494479862854
-3.42135933527666,0,-2.78329876617352
-3.43614785005679,0,-2.69186340817869
-3.45375007466082,0,-2.60086397962053
-3.47417640753098,0,-2.51052095272973
-3.4974296623204,0,-2.42104952075754
-3.52350872961319,0,-2.33266026809911
-3.55241089572078,0,-2.24556054715682
-3.58413291425075,0,-2.15995615808111
-3.61867101836626,0,-2.07605301416432
-3.65602010526812,0,-1.99405856956003
-3.69617233297339,0,-1.9141828732746
-3.73911535463591,0,-1.83663918701123
-3.78483038658484,0,-1.76164416188775
-3.83329026971494,0,-1.68941761038912
-3.88445764476491,0,-1.62018193647599
-3.93828332384574,0,-1.55416130072414
-3.99470490574714,0,-1.49158060104084
-4.05364565260854,0,-1.43266434533736
-4.11501362134519,0,-1.37763548282334
-4.17870102503863,0,-1.32671424742089
-4.24458378714489,0,-1.28011705193723
-4.31252124430903,0,-1.23805545647918
-4.38235595105839,0,-1.2007352201909
-4.45391354083776,0,-1.16835543241816
-4.52700260191753,0,-1.14110770818607
-4.60141453291012,0,-1.119175423575
-4.67692335036946,0,-1.10273295908247
-4.75328542979696,0,-1.09194491321842
-4.83023917108758,0,-1.0869652442095
-4.90750458993535,0,-1.08793629456213
-4.98478284804163,0,-1.09498765128642
-5.06175574730108,0,-1.10823479383595
-5.13808522670265,0,-1.12777748243818
-5.21341291570717,0,-1.15369784188173
-5.28735981449577,0,-1.18605810057847
-5.35952618969613,0,-1.22489795269504
-5.42949179364888,0,-1.27023152340138
-5.49681653517315,0,-1.32204393509102
-5.56104174868348,0,-1.38028749706743
-5.62169222413944,0,-1.44487757390873
-5.67827916945416,0,-1.5156882291951
-5.73030427546516,0,-1.59254779141492
-5.77726503642176,0,-1.67523454600797
-5.8186614409739,0,-1.76347281806868
-5.85400408537831,0,-1.85692976806947
-5.88282366970292,0,-1.95521326937153
-5.90468172064154,0,-2.0578712604778
-5.91918224796755,0,-2.16439295561588
-5.92598389875418,0,-2.27421224475616
-5.92481204308081,0,-2.38671351397015
-5.91547012902975,0,-2.50123997226357
-5.89784960405015,0,-2.61710439431238
-5.87193772807712,0,-2.73360200111299
-5.83782270328621,0,-2.85002502858007
-5.79569570430748,0,-2.96567840249103
-5.74584958741,0,-3.07989586398463
-5.68867425777112,0,-3.1920558775727
-5.62464885263463,0,-3.30159669411509
-5.55433103654511,0,-3.40803001499806
-5.47834379831463,0,-3.51095278749072
-5.39736019681508,0,-3.61005673523201
-5.31208654202946,0,-3.70513528185046
-5.22324453903839,0,-3.79608756191839
-5.13155298041707,0,-3.88291924526738
-5.03770965041706,0,-3.96573994872342
-4.94237419180057,0,-4.04475709513688
-4.84615275954232,0,-4.12026621860664
-4.74958531225712,0,-4.19263791033505
-4.65313633858447,0,-4.26230183871194
-4.55718965699834,0,-4.32972853081197
-4.46204765718187,0,-4.39540982895829
-4.3679349879867,0,-4.45983908999207
-4.27500628613086,0,-4.52349223820227
-4.1833571457947,0,-4.58681069563391
-4.09303722228285,0,-4.65018700148283
-4.00406420044021,0,-4.71395362761488
-3.91643736888767,0,-4.77837515156293
-3.83014971500491,0,-4.84364361972063
-3.7451977486508,0,-4.90987667226092
-3.66158860937157,0,-4.97711783888358
-3.5793443444995,0,-5.04533835910342
-3.49850351129169,0,-5.11443992048172
-3.41912042727004,0,-5.18425781875685
-3.3412624673145,0,-5.25456419775189
-3.26500580188029,0,-5.32507120058963
-3.19042991695896,0,-5.39543404069033
-3.11761118473723,0,-5.46525417182388
-3.04661569304931,0,-5.53408289582819
-2.9774915147679,0,-5.60142588875209
-2.91026062169718,0,-5.66674924010004
-2.84491073014429,0,-5.72948766477553
-2.78138750582973,0,-5.78905553039414
-2.71958773806441,0,-5.84486120110543
-2.65935428069269,0,-5.89632488993127
-2.60047369023778,0,-5.94289971142975
-2.54267749203463,0,-5.98409495935258
-2.48564779684253,0,-6.01949989810267
-2.42902753436122,0,-6.04880573072183
-2.37243490295254,0,-6.07182311344061
-2.31548088846573,0,-6.08849281466787
-2.25778808119387,0,-6.09888791557385
-2.19900871782606,0,-6.10320717396057
-2.13884000228288,0,-6.10176050971302
-2.07703527796098,0,-6.09494865897597
-2.01341036894781,0,-6.08323962627509
-1.94784516344888,0,-6.06714457138647
-1.8802811014648,0,-6.04719531608151
-1.8107155643384,0,-6.02392495938178
-1.73919425260232,0,-5.99785236303372
-1.66580254604282,0,-5.96947066041563
-1.59065664907962,0,-5.93923951785435
-1.51389510629858,0,-5.90758063702406
-1.43567107332298,0,-5.87487589349745
-1.35614556882924,0,-5.8414675111935
-1.27548181830308,0,-5.80765973171181
-1.19384072289258,0,-5.77372151907511
-1.11137743724547,0,-5.73988992396627
-1.02823900820168,0,-5.70637380673221
-0.944563003246855,0,-5.67335768162667
-0.860477038000869,0,-5.64100549645429
-0.776099092694414,0,-5.60946420447912
-0.691538487857171,0,-5.57886702217946
-0.60689737026061,0,-5.54933629986037
-0.522272543436821,0,-5.52098596399068
-0.43775746495658,0,-5.49392352102043
-0.353444226786947,0,-5.46825164185663
-0.269425336258258,0,-5.44406937273151
-0.18579512317763,0,-5.42147303997106
-0.102650612220594,0,-5.40055693108447
-0.0200917172064923,0,-5.38141384074775
0.0617793663298628,0,-5.36413556614063
0.142859672358535,0,-5.34881342071616
0.223047957355505,0,-5.33553880831399
0.302248223517799,0,-5.32440386064479
0.380374280912616,0,-5.31550209143761
0.457355301631761,0,-5.30892896214042
0.533142242207222,0,-5.30478219132123
0.607714910347669,0,-5.30316158023226
0.681089332323049,0,-5.30416808129832
0.753324950616989,0,-5.30790181847063
0.824531069980797,0,-5.31445879277613
0.894871903014075,0,-5.3239260832934
0.964569573302135,0,-5.33637548370255
1.03390453422741,0,-5.35185568375595
1.10321305373367,0,-5.37038328506085
1.17288167294305,0,-5.39193309408782
1.24333882146041,0,-5.41642822713133
1.31504400789787,0,-5.44373057127501
1.38847515298785,0,-5.47363207387172
1.4641146700804,0,-5.50584720431661
1.54243482748512,0,-5.5400067837168
1.62388277602524,0,-5.57565325070561
1.70886543276736,0,-5.61223735810619
1.79773421886727,0,-5.64911629651096
1.89076949088135,0,-5.68555332691213
1.98816440918026,0,-5.72071917720617
2.09000798000935,0,-5.75369571357288
2.19626711847064,0,-5.78348272817554
2.30676784587168,0,-5.80900906682295
2.42117620190415,0,-5.82914970299688
2.538980160706,0,-5.84275064559377
2.65947479392915,0,-5.84866356939043
2.78175403290037,0,-5.84579151977635
2.90471338510671,0,-5.83314566807967
3.02706837301035,0,-5.80991068162858
3.1473926315912,0,-5.77551297135742
3.26417696620758,0,-5.72968265298662
3.37590624961514,0,-5.67249792933978
3.481145859471,0,-5.60440137728673
3.57862540142386,0,-5.52618208933431
3.66730674404904,0,-5.43892482493818
3.7464266527475,0,-5.3439346687457
3.81551034902249,0,-5.24265029005179
3.87435866204063,0,-5.13655928430027
3.92301582703027,0,-5.0271258712659
3.96172650345207,0,-4.91573637946441
3.99088970033698,0,-4.80366343059415
4.01101514463192,0,-4.69204666693562
4.02268527757549,0,-4.58188641461179
4.02652414838045,0,-4.47404645992913
4.02317319876845,0,-4.36926260102836
4.01327323586434,0,-4.26815438623251
3.99745161191856,0,-4.17123819556218
3.976313602146,0,-4.07894043882602
3.95043706991817,0,-3.99161010080813
3.92036964916868,0,-3.90953017701875
3.88662781063134,0,-3.8329277462392
3.84969728996311,0,-3.76198255546612
3.81003443680339,0,-3.69683408148431
3.7680680998005,0,-3.6375871065745
3.72420170558474,0,-3.58431592026029
3.67881523474807,0,-3.53706734072865
3.6322668595886,0,-3.49586283392965
3.58489409603792,0,-3.46070008094471
3.53701443586631,0,-3.43155438477232
3.48892555358936,0,-3.4083802967928
3.44090530420403,0,-3.39111377000889
3.39321181731986,0,-3.37967501438809
3.34608402842154,0,-3.37397205870607
3.29974295792797,0,-3.37390484394823
3.25439395708547,0,-3.37936951898646
3.21023000340404,0,-3.39026250679835
3.16743597176449,0,-3.4064838732461
3.12619365568515,0,-3.42793956096718
3.08668718718957,0,-3.45454213822612
3.04910841710685,0,-3.486209841022
3.01366177800858,0,-3.52286383943153
2.98056816232349,0,-3.56442382008232
2.95006740821538,0,-3.61080213073801
2.92241909202476,0,-3.66189686520784
2.89790147028748,0,-3.71758436183248
2.87680858218684,0,-3.77771163231303
2.85944569388571,0,-3.84208921943613
2.84612341421282,0,-3.91048490014732
2.83715091153729,0,-3.98261851323808
2.83282869542788,0,-4.0581580185998
2.83344138627199,0,-4.13671671540331
2.83925078742712,0,-4.21785138944291
2.85048941558209,0,-4.30106105033618
2.86735446053354,0,-4.38578587303979
2.89000196074324,0,-4.47140598036093
2.91854081626598,0,-4.55723979087846
2.95302612929687,0,-4.64254180398084
2.99345127239395,0,-4.7264998973192
3.03973804221146,0,-4.80823247595526
3.09172427570967,0,-4.88678614998718
3.14914841527203,0,-4.96113504805949
3.21163076293513,0,-5.03018341410086
3.27865164742505,0,-5.09277377554383
3.34952755354517,0,-5.14770364216875
3.42338754120534,0,-5.19375420456185
3.49915403709677,0,-5.22973447465694
3.57553410805263,0,-5.25454316627675
3.65102898343041,0,-5.26724768851146
3.72396970919108,0,-5.26717458285991
3.7925839445865,0,-5.25399926325194
3.85509225041401,0,-5.22781732070952
3.90982291651875,0,-5.1891784681071
3.95532610581296,0,-5.13907017538794
3.99046549572091,0,-5.07885042319365
4.01447099255381,0,-5.01014274922418
4.02694724082766,0,-4.93471545074845
4.02784412076293,0,-4.85436706076819
4.01740245637972,0,-4.77083358474805
3.99608934560013,0,-4.68572392200196
3.96453452845775,0,-4.6004823853223
3.9234746874699,0,-4.51637299300188
3.8737085109774,0,-4.4344789659275
3.81606258157782,0,-4.35571148861711
3.75136667872474,0,-4.280823194346
3.68043655179704,0,-4.21042330797404
3.60406223743844,0,-4.14499260093502
3.52300027012956,0,-4.08489719861927
3.43796848946678,0,-4.0304008646147
3.34964248992007,0,-3.98167573949252
3.25865305080772,0,-3.93881170372373
3.16558411602158,0,-3.90182462073619
3.07097106771487,0,-3.87066373789669
2.97529916369301,0,-3.84521850903436
2.8790020940488,0,-3.82532507195581
2.78246066836172,0,-3.81077258177328
2.686001680168,0,-3.8013095741108
2.58989701956515,0,-3.79665051488227
2.49436312567539,0,-3.79648268414642
2.39956089385947,0,-3.8004735350319
2.30559618022446,0,-3.80827865619176
2.21252107623563,0,-3.81955043774625
2.12033615344374,0,-3.83394748747116
2.02899389424857,0,-3.85114476103098
1.93840352045717,0,-3.87084425762876
1.84843739988893,0,-3.89278599658932
1.75893914803268,0,-3.91675884204489
1.66973344549188,0,-3.94261059656763
1.58063746401739,0,-3.97025665772395
1.49147363828142,0,-3.99968644513467
1.40208334548018,0,-4.03096678545961
1.31234087664926,0,-4.06424151808166
1.22216693006991,0,-4.09972678108982
1.13154076717471,0,-4.13770176431942
1.04051018635408,0,-4.17849514921549
0.949198617838916,0,-4.22246792741154
0.857808919857309,0,-4.26999370122345
0.76662381886431,0,-4.32143781606769
0.676003309289094,0,-4.37713668873939
0.586379627741223,0,-4.43737847189855
0.498250580841546,0,-4.50238579487932
0.412172012360306,0,-4.57230084474311
0.328750061768729,0,-4.64717260183564
0.248633635051212,0,-4.72694569461782
0.172507226069555,0,-4.81145012249427
0.10108392673875,0,-4.90039101308712
0.0350981606983203,0,-4.99333761729706
-0.0247026364487757,0,-5.08971089206113
-0.0775685020039997,0,-5.18876928941767
-0.122761078641901,0,-5.28959280818901
-0.159573275280954,0,-5.39106606010966
-0.187356702071083,0,-5.49186218410434
-0.205559296028897,0,-5.59043105238186
-0.213775207977979,0,-5.68499742298003
-0.211807627175299,0,-5.77357732667547
-0.199742093865961,0,-5.85402328936473
-0.178022491609631,0,-5.92410932795423
-0.147514788804241,0,-5.98166245106946
-0.109537216468393,0,-6.02473627393462
-0.0658347661773075,0,-6.05180485971238
-0.0184856028197756,0,-6.06193743903112
0.0302527886927275,0,-6.05490861355838
0.0781276952632096,0,-6.0312125468119
0.12306428951961,0,-5.99197960305654
0.163293304456802,0,-5.93882385428763
0.197418214648438,0,-5.87366418084722
0.224426791720225,0,-5.79855694811945
0.243663469656716,0,-5.71556262405753
0.254780946551713,0,-5.62665269238473
0.257685556729636,0,-5.53365267215948
0.252485377755814,0,-5.43821260555277
0.239445293826983,0,-5.34179606616718
0.218950099750979,0,-5.24568037357523
0.191475030073553,0,-5.15096280630672
0.157562378134866,0,-5.05856947871115
0.117802710445884,0,-4.96926497143594
0.0728192973623325,0,-4.88366179986453
0.0232546116318546,0,-4.80222946490938
-0.0302419809469563,0,-4.72530324963429
-0.087025924509611,0,-4.65309316659366
-0.146468856235407,0,-4.58569355547559
-0.20796966126588,0,-4.52309379006509
-0.270964930623537,0,-4.465190389563
-0.33493836926878,0,-4.41180057217283
-0.399428632428857,0,-4.36267699400508
-0.464035130145594,0,-4.31752315465014
-0.528421514165271,0,-4.2760087867897
-0.592316799049059,0,-4.23778451679131
-0.655514308925881,0,-4.20249518274174
-0.717868829024484,0,-4.16979138851252
-0.779292446388666,0,-4.13933910353959
-0.839749582725911,0,-4.11082733728299
-0.899251669930489,0,-4.08397408993149
-0.957851820722842,0,-4.05853089165906
-1.0156397283049,0,-4.03428629276572
-1.07273690941686,0,-4.01106866710894
-1.12929229660508,0,-3.98874865517602
-1.1854780931872,0,-3.96724151321891
-1.24148572934389,0,-3.9465095594443
-1.2975216992261,0,-3.92656482138431
-1.35380301663637,0,-3.90747189088823
-1.41055200253223,0,-3.88935088356323
-1.46799011623836,0,-3.87238027744315
-1.52633057203551,0,-3.85679927408573
-1.58576955406516,0,-3.84290919354395
-1.64647596491476,0,-3.83107330107887
-1.70857982092094,0,-3.82171439617911
-1.77215963223077,0,-3.8153095082574
-1.83722935195541,0,-3.81238117136356
-1.90372570001635,0,-3.81348500947688
-1.97149680308531,0,-3.81919373912741
-2.04029308472955,0,-3.8300781287301
-2.10976115930551,0,-3.84668584691269
-2.17944114853283,0,-3.86951937502456
-2.24876742510401,0,-3.89901416949734
-2.31707240246975,0,-3.93551802095842
-2.38359273980701,0,-3.97927213045557
-2.44747727963717,0,-4.03039392627498
-2.50779618681028,0,-4.08886120502277
-2.56355106887911,0,-4.15449689192136
-2.61368627105782,0,-4.22695362090769
-2.65710201047197,0,-4.30569744195301
-2.69267052737713,0,-4.3899902757636
-2.71925698266972,0,-4.47887129254963
-2.73574739694845,0,-4.57113828276416
-2.74108640431368,0,-4.66533144784545
-2.73432773030694,0,-4.75972398604504
-2.71469962019933,0,-4.85232634141072
-2.68168523249098,0,-4.94091356562008
-2.63511353761237,0,-5.02308670711057
-2.57524937468249,0,-5.09637738195933
-2.50286349344889,0,-5.15839727996422
-2.41925854013495,0,-5.20702051287066
-2.32623037620703,0,-5.24056993683244
-2.22595877695763,0,-5.25796745497779
-2.12084336738328,0,-5.25881197067576
-2.01331874950416,0,-5.24336869711359
-1.90568697950009,0,-5.21248037637538
-1.79999465933925,0,-5.16743057450312
-1.69796390071576,0,-5.10979382053793
-1.60097107130282,0,-5.04129936902041
-1.51005949542673,0,-4.96372257251429
-1.42597154514716,0,-4.87880682564599
-1.34918867739708,0,-4.7882124273296
-1.27997206630384,0,-4.69348613174648
-1.21839996201881,0,-4.59604512530791
-1.16440029755314,0,-4.49717028947897
-1.11777846379665,0,-4.39800501028248
-1.07824086452223,0,-4.29955705442645
-1.04541511942968,0,-4.20270201422167
-1.01886780069975,0,-4.10818753260899
-0.998120487938377,0,-4.01663800938465
-0.982664771559069,0,-3.92855981892629
-0.971976652404084,0,-3.84434728337068
-0.965530582585791,0,-3.76428976857954
-0.962813169957916,0,-3.68858031000844
-0.963336332590046,0,-3.61732612582133
-0.966649459961123,0,-3.55056122712152
-0.972349949889083,0,-3.4882610927674
-0.980091389708392,0,-3.43035906413392
-0.989588677503118,0,-3.37676378525225
-1.00061955242535,0,-3.32737673662958
-1.01302230471548,0,-3.28210875661858
-1.02668981203057,0,-3.24089445791472
-1.04156042276943,0,-3.20370363264118
-1.05760650384133,0,-3.17054905838896
-1.07482163731849,0,-3.14149050111206
-1.0932074701019,0,-3.11663508355763
-1.11276110935715,0,-3.09613448823024
-1.13346375333627,0,-3.08017965563301
-1.15527100055842,0,-3.06899371303593
-1.17810503527544,0,-3.0628238396854
-1.20184867798035,0,-3.06193266809526
-1.22634113683931,0,-3.06658966987076
-1.25137520631803,0,-3.07706280893095
-1.27669562905499,0,-3.09361058978821
-1.30199835502845,0,-3.11647450066751
-1.32693048345009,0,-3.14587175958334
-1.35109074226466,0,-3.18198821782444
-1.374030434111,0,-3.22497125601224
-1.39525484576774,0,-3.27492251588497
-1.41422517392726,0,-3.33189033737358
-1.43036106090151,0,-3.39586180628842
-1.44304386034917,0,-3.46675435485614
-1.45162076909726,0,-3.54440688907168
-1.45540997277326,0,-3.62857043952812
-1.45370696819897,0,-3.71889834547814
-1.44579225335616,0,-3.81493598873959
-1.43094062557109,0,-3.91611010301235
-1.4084324089837,0,-4.02171770979818
-1.37756704948893,0,-4.13091479701647
-1.33767966974088,0,-4.2427049934646
-1.28816135807544,0,-4.35592874676346
-1.22848414252166,0,-4.46925394243964
-1.15823170837204,0,-4.58116957291492
-1.07713683325985,0,-4.68998503171991
-0.985126038756208,0,-4.79383886816621
-0.882370812713162,0,-4.8907222459212
-0.769342634357815,0,-4.97852348493746
-0.646865771855876,0,-5.0551000984305
-0.516157747249063,0,-5.11838242806902
-0.378843737155116,0,-5.16650710364799
-0.236930362744553,0,-5.19796894186445
-0.0927290171087273,0,-5.21176883928664
0.0512699344424437,0,-5.20752787677082
0.19255602663793,0,-5.18554007506451
0.328763051985343,0,-5.14674996610069
0.45780942604899,0,-5.09266131957865
0.577993997815478,0,-5.02520042203336
0.688041331952701,0,-4.94656387449795
0.787103447783937,0,-4.85907640747926
0.874731806110972,0,-4.76507370199661
0.950833821618849,0,-4.66681456300926
1.0156248026242,0,-4.56641949796718
1.06958169262598,0,-4.46582944548437
1.11340103796024,0,-4.36677810774487
1.14796091029384,0,-4.27077274524405
1.17428511297737,0,-4.17908034726405
1.19350768603441,0,-4.09271812820348
1.20683622764439,0,-4.01244892137837
1.21551358797449,0,-3.93878300905131
1.22077875259184,0,-3.87198811786372
1.22382887766273,0,-3.81210873661242
1.22578514941393,0,-3.75899475864379
1.22766520502458,0,-3.71233804637027
1.23036424376406,0,-3.6717142632175
1.23464584771932,0,-3.63662656513537
1.24114222928596,0,-3.60654766633298
1.25036245786988,0,-3.58095735415458
1.26270643185931,0,-3.55937351442773
1.27848204674307,0,-3.54137585404299
1.29792311863354,0,-3.52662251215788
1.32120601994728,0,-3.51486046864543
1.34846351452404,0,-3.5059310304115
1.37979481453949,0,-3.49977173164599
1.41527134297215,0,-3.49641580051551
1.45493804491891,0,-3.49599001457165
1.4988103571335,0,-3.49871137546046
1.54686714545941,0,-3.50488264923689
1.59904008564533,0,-3.51488649318909
1.655200117838,0,-3.52917765976472
1.715141757841,0,-3.54827265540815
1.77856619179927,0,-3.57273624483453
1.84506419512512,0,-3.60316432059031
1.91409997584268,0,-3.6401628760281
1.98499702753035,0,-3.68432308204042
2.05692698540849,0,-3.73619271844621
2.12890233427321,0,-3.79624439601806
2.19977367027551,0,-3.86484108877333
2.2682321439585,0,-3.94219947603309
2.33281779387779,0,-4.02835151411616
2.3919347955497,0,-4.12310461743459
2.44387524480302,0,-4.22600098613743
2.4868539451402,0,-4.33627718721654
2.5190576249495,0,-4.45282633126461
2.53871270299107,0,-4.57416731453479
2.54417545626498,0,-4.69842865382087
2.53404617564302,0,-4.82335796974909
2.50730347172757,0,-4.94637079448592
2.46344587915585,0,-5.06465157263404
2.40261697680517,0,-5.1753124830308
2.32568227775548,0,-5.27560074490969
2.23422804242148,0,-5.3631258919485
2.13046806023457,0,-5.43606424459484
2.01707012960667,0,-5.493298470224
1.89693710838063,0,-5.53446808897671
1.77298598755809,0,-5.55993320961074
1.64796001703059,0,-5.57067494259613
1.5242912148919,0,-5.56816353917152
1.40401401747694,0,-5.55422053372221
1.28872137874338,0,-5.53089073488534
1.17955255543167,0,-5.50033015647383
1.07720421368268,0,-5.46471001574352
0.981960119668559,0,-5.42613495135535
0.893737325379602,0,-5.38657432038519
0.812147489992837,0,-5.34780714878636
0.736570888988624,0,-5.31138261131613
0.666238573968977,0,-5.27859795142461
0.600316190812616,0,-5.25049437723701
0.537982139467937,0,-5.22786920311132
0.4784935341947,0,-5.21130023495963
0.421235591690677,0,-5.20117695379184
0.365752922115476,0,-5.19773285573902
0.311763874196023,0,-5.20107425516366
0.259160959511216,0,-5.21120247612329
0.208001213011286,0,-5.22802807873262
0.158490250260699,0,-5.2513771641005
0.11096306481111,0,-5.28099068728162
0.0658636080669966,0,-5.31651810717772
0.0237241689623234,0,-5.35750676453488
-0.0148553279626517,0,-5.40338829029569
-0.0492287021503499,0,-5.45346327637058
-0.0787266958921121,0,-5.50688552392048
-0.102683413760046,0,-5.56264752042359
-0.120467607695447,0,-5.61956945137996
-0.131520202247578,0,-5.67629503492079
-0.135398762324716,0,-5.73129867185631
-0.131828157196848,0,-5.78290950464179
-0.12075425641501,0,-5.82935831600253
-0.102394184217164,0,-5.86885176034484
-0.0772731923348143,0,-5.89967414235252
-0.0462362179023014,0,-5.92030951332716
-0.010423837471318,0,-5.92956777097479
0.0287910348204057,0,-5.92669155939925
0.0698989496165914,0,-5.91142075246208
0.111365545398002,0,-5.88400032217362
0.151737919626333,0,-5.84513244469274
0.189728040669921,0,-5.79588787252312
0.224264391454411,0,-5.73759877271563
0.25451273028579,0,-5.67175388466547
0.27987347201093,0,-5.59990990064718
0.29996550513882,0,-5.52362472747526
0.314605177467694,0,-5.44441179401117
0.323786330028425,0,-5.36371088758639
0.327663979676755,0,-5.28286985205439
0.326541345649364,0,-5.20313210275172
0.3208577987815,0,-5.12562656518282
0.311174207004824,0,-5.05135870692412
0.298152159554148,0,-4.98120326342397
0.282524614156942,0,-4.91590056593477
0.265057347576452,0,-4.85605869552771
0.24650272933454,0,-4.80216289740382
0.227549245329117,0,-4.75459202442319
0.208771438724466,0,-4.71363977664035
0.190585294971306,0,-4.67953684459039
0.173213595356293,0,-4.65246933310268
0.156664587630002,0,-4.63258932121235
0.140725744560185,0,-4.62001498185767
0.124972691743341,0,-4.61481986997911
0.108791853735106,0,-4.61701314670916
0.0914142083470132,0,-4.62651406703686
0.0719568828137666,0,-4.64312470589111
0.0494691957220389,0,-4.6665046448563
0.0229800681008273,0,-4.6961504524179
-0.0084556461206351,0,-4.73138163271278
-0.0457135850935626,0,-4.77133362442438
-0.0895599481987923,0,-4.81495762471246
-0.140615399252763,0,-4.86102659575478
-0.1993224479599,0,-4.90814680037262
-0.265915615777342,0,-4.9547745790019
-0.34039362978754,0,-4.9992387700625
-0.422493199722124,0,-5.03977010635743
-0.51166474731876,0,-5.07453993866913
-0.607051893661082,0,-5.10171145439335
-0.707478579321937,0,-5.11950667526212
-0.811450111148891,0,-5.12629121748986
-0.917176394289846,0,-5.12067532896904
-1.02262569613057,0,-5.10162381544816
-1.12561383362499,0,-5.0685601635379
-1.22392588375275,0,-5.02144436166154
-1.3154569498319,0,-4.96080367154246
-1.39834953471878,0,-4.8877036125128
-1.47110281934769,0,-4.80366109928048
-1.53263581576744,0,-4.71051686604088
-1.58229906271141,0,-4.61029302187766
-1.61984218268463,0,-4.50506076457026
-1.64535222580356,0,-4.39683526516462
-1.65917903715915,0,-4.28750456980085
-1.66186081100105,0,-4.17879118732499
-1.65405836761061,0,-4.07224041760921
-1.63650255173058,0,-3.96922793687925
-1.60995631111926,0,-3.87097939670763
-1.57519137431234,0,-3.77859564455524
-1.53297850306515,0,-3.693077968141
-1.48408949159864,0,-3.61534835526876
-1.42930803205702,0,-3.54626040092375
-1.36944519044697,0,-3.48659767088703
-1.30535388548901,0,-3.43705850557923
-1.23793616843171,0,-3.39822950387259
-1.16813810223581,0,-3.37055365982587
-1.09693003868205,0,-3.354302034669
-1.02527455916157,0,-3.34955844765709
-0.954088785301092,0,-3.35622417441508
-0.884210394806442,0,-3.37404460996475
-0.816376412243072,0,-3.40265403491386
-0.751220877305971,0,-3.44163001868101
-0.689293039354065,0,-3.49054683793171
-0.631093221791754,0,-3.54901766600505
-0.57711991110449,0,-3.61671750226311
-0.527919298514237,0,-3.69338204719875
-0.4841274664322,0,-3.77878149997591
-0.446495778793331,0,-3.87267236348145
-0.415892131577683,0,-3.97473450674908
-0.39327480320523,0,-4.08450419742923
-0.379641334064453,0,-4.20131532793678
-0.375960751161073,0,-4.32425945177603
-0.383101389191861,0,-4.45217035993793
-0.401766716319552,0,-4.58363216446689
-0.432447634894609,0,-4.7170037419831
-0.475393237832707,0,-4.85044925798637
-0.530595508695145,0,-4.98196525925394
-0.597779111570283,0,-5.10939876014602
-0.676386103515887,0,-5.23045629784543
-0.765546858013318,0,-5.34270976619799
-0.86403214715015,0,-5.44361040711499
-0.970187164434178,0,-5.53052757415991
-1.08185707153608,0,-5.60083318220199
-1.1963262914167,0,-5.65205352303646
-1.31030891000461,0,-5.68210165614776
-1.42003799633424,0,-5.68957855557808
-1.52149269533136,0,-5.67408822952411
-1.61075953271706,0,-5.63646823975454
-1.68445622867438,0,-5.57883005951597
-1.74009496568387,0,-5.50436213200457
-1.77627535448389,0,-5.41694841777605
-1.79267351796001,0,-5.32072692673481
-1.7898760590126,0,-5.2197095549361
-1.76914415926917,0,-5.1175262141424
-1.73218021317711,0,-5.01729449515569
-1.68093580053978,0,-4.92158234088753
-1.61747065169384,0,-4.83242532705755
-1.54385614530899,0,-4.75136865705999
-1.46211153317258,0,-4.67951552323169
-1.37416161277341,0,-4.61757281920556
-1.28180729544235,0,-4.56589120692278
-1.18670352059083,0,-4.52449982805557
-1.09034147526035,0,-4.49313740522726
-0.994033888977348,0,-4.47128186005752
-0.89890331890018,0,-4.45818042337076
-0.805873948022904,0,-4.4528818753233
-0.715667652621644,0,-4.45427219399915
-0.628805097623394,0,-4.46111449856808
-0.545612462779222,0,-4.47209361346692
-0.466234077169692,0,-4.48586471980523
-0.390650704684757,0,-4.50110441623878
-0.318702509783982,0,-4.51656133276292
-0.250115007605855,0,-4.53110264012677
-0.184525822773478,0,-4.54375274811345
-0.12151005392696,0,-4.55372130636095
-0.0606024903742056,0,-4.56041909728553
-0.00131568018849318,0,-4.56346210191459
0.0568463546666396,0,-4.56266546704092
0.114378327076723,0,-4.55802999925273
0.171766996918333,0,-4.54972406648182
0.229486590718191,0,-4.53806349547786
0.287995307809758,0,-4.52349142356769
0.347731963562726,0,-4.50655933788543
0.409111958061928,0,-4.48790991476828
0.472521938578324,0,-4.46826185924159
0.538312712850528,0,-4.44839673097471
0.606790128148382,0,-4.42914763619793
0.678203734366043,0,-4.41138954275558
0.752733112525617,0,-4.39603074450387
0.830471831880917,0,-4.38400463978703
0.911409181561725,0,-4.37626056225682
0.995410169471192,0,-4.37375205021133
1.08219478828234,0,-4.37742083482369
1.17131811588736,0,-4.38817510916864
1.2621532592087,0,-4.40686134739234
1.35387925331946,0,-4.43422995864653
1.44547565181377,0,-4.47089610691724
1.53572471703443,0,-4.51729774539959
1.62322107502322,0,-4.5736529985201
1.70638782851233,0,-4.63991837427526
1.7834978365744,0,-4.71574808178347
1.8526994794033,0,-4.800453392167
1.91204786326621,0,-4.89296009886435
1.95954504437785,0,-4.99176237303995
1.99319624387346,0,-5.09487343736592
2.01109262393127,0,-5.19977842044078
2.01153359150567,0,-5.30340342936184
1.99319974759907,0,-5.40212731185774
1.9553764040891,0,-5.49187558257948
1.89820191048005,0,-5.56833980684759
1.82287705006629,0,-5.62734377933129
1.73174168028523,0,-5.66531833203937
1.62813901144967,0,-5.67976788996807
1.51606554372529,0,-5.66957253926934
1.39970617996298,0,-5.63502168539081
1.28300177454856,0,-5.57759509087392
1.16935679685113,0,-5.49960475642315
1.06151195108738,0,-5.40382711183195
0.961543732637681,0,-5.29320788696846
0.87093348790425,0,-5.1706640321621
0.790658898330726,0,-5.03896996108125
0.721280056933197,0,-4.90070203988584
0.663008663687065,0,-4.75821613496381
0.61575942307859,0,-4.61363934656349
0.579188467048894,0,-4.46886418379306
0.552726063428014,0,-4.32553979479922
0.535610921182165,0,-4.18506009110521
0.526931499215263,0,-4.04855244593102
0.525676317576145,0,-3.91687265416653
0.530791228083259,0,-3.79061162436133
0.541238183896429,0,-3.67011695112787
0.556048427799049,0,-3.55552895541232
0.574363686854132,0,-3.44682733272838
0.595461461522764,0,-3.34388242863082
0.618763717503763,0,-3.24650488241697
0.643831072399149,0,-3.15448864778519
0.670346226491391,0,-3.06764443228129
0.698090830648966,0,-2.98582260208976
0.726919546303346,0,-2.90892608138815
0.756734193550308,0,-2.83691460190897
0.78745998116558,0,-2.76980194413588
0.819025078573158,0,-2.70764777220384
0.851344284373219,0,-2.65054550560611
0.88430722893686,0,-2.59860753500691
0.917771332982118,0,-2.55194904448967
0.951559536635883,0,-2.51067174762298
0.985462543444711,0,-2.47484892387659
1.01924496461362,0,-2.44451316271502
1.05265433223921,0,-2.41964808377235
1.08543156599769,0,-2.40018493051845
1.11732124934263,0,-2.38600432855429
1.14808010974934,0,-2.3769427473058
1.17748244657428,0,-2.37280247338149
1.20532185202943,0,-2.37336338618129
1.23140927754339,0,-2.3783946591476
1.25556812680495,0,-2.38766472021438
1.27762746320056,0,-2.40094830212608
1.29741454583142,0,-2.41803003535116
1.3147477899535,0,-2.43870461861371
1.32943097850594,0,-2.46277403238283
1.34124923725162,0,-2.49004249954858
1.34996700858757,0,-2.52030996629839
1.35532806086786,0,-2.553364829062
1.35705745791055,0,-2.58897653030158
1.35486537035814,0,-2.62688853529544
1.34845260891981,0,-2.66681211391937
1.3375177697032,0,-2.70842129766325
1.32176587779324,0,-2.75134935981207
1.30091837707026,0,-2.79518716196825
1.27472423026759,0,-2.83948370136117
1.24297176236831,0,-2.88374915513689
1.20550071513925,0,-2.9274606253218
1.16221380905182,0,-2.97007062432415
1.113086973545,0,-3.01101810457585
1.05817735719174,0,-3.04974154934837
0.997628308806224,0,-3.08569335214692
0.93167074767388,0,-3.11835448429626
0.86062069640136,0,-3.14724834916054
0.784873173190349,0,-3.17195278851183
0.704893044753928,0,-3.19210944175849
0.621203739854338,0,-3.20743001603258
0.534374858296282,0,-3.21769942636803
0.445009668521474,0,-3.2227761260311
0.353733300673219,0,-3.2225902029193
0.261182171221077,0,-3.21713993934501
0.167994885865954,0,-3.20648752549298
0.0748046128849632,0,-3.19075451216663
-0.0177672687613102,0,-3.17011742684578
-0.109116552761634,0,-3.14480379683762
-0.198660964723705,0,-3.11508865334565
-0.285844621542303,0,-3.08129144852028
-0.370142452372315,0,-3.04377321263603
-0.451064753262551,0,-3.0029337128568
-0.528161944639615,0,-2.95920834741585
-0.601029495798405,0,-2.91306451658006
-0.669312883007933,0,-2.86499725057605
-0.732712366301051,0,-2.81552393987112
-0.790987311908422,0,-2.76517809857873
-0.843959758487139,0,-2.71450218946112
-0.891516929281474,0,-2.66403963959196
-0.933612429408464,0,-2.61432626889152
-0.970265934070758,0,-2.56588142932713
-1.00156126240779,0,-2.51919920211425
-1.02764283268897,0,-2.47474001833029
-1.04871059590042,0,-2.43292305357718
-1.06501363506393,0,-2.39411970258902
-1.07684268754953,0,-2.35864837163894
-1.08452189137385,0,-2.32677074446275
-1.08840007229913,0,-2.29868959126133
-1.08884187866706,0,-2.2745481095061
-1.08621904051801,0,-2.2544307169399
-1.08090198548701,0,-2.23836516568742
-1.07325199320754,0,-2.22632581320457
-1.06361401840184,0,-2.21823787002327
-1.05231026465622,0,-2.21398244370127
-1.0396345484346,0,-2.21340221060127
-1.02584745726603,0,-2.21630757020648
-1.01117227792,0,-2.22248316960213
-0.995791650898848,0,-2.23169472814939
-0.979844898996641,0,-2.24369614385934
-0.963425983644482,0,-2.25823692217484
-0.946582068118783,0,-2.27507003147236
-0.929312716883939,0,-2.29396035144583
-0.911569840516362,0,-2.31469393082771
-0.893258609343526,0,-2.33708829563693
-0.874239706155419,0,-2.36100402964546
-0.854333462896458,0,-2.38635776191186
-0.83332661188481,0,-2.41313651591552
-0.810982547922747,0,-2.44141307580044
-0.787056093635107,0,-2.4713615907981
-0.761313715527987,0,-2.5032720732646
-0.733559865335573,0,-2.53756179058883
-0.703669532653533,0,-2.57478090274174
-0.671626133708634,0,-2.61560921645107
-0.637562545919743,0,-2.66084083158167
-0.601801571384533,0,-2.71135398154971
-0.564890672884056,0,-2.76806469830731
-0.527624911595316,0,-2.83186508744449
-0.491052114095007,0,-2.90354974778413
-0.456455773683118,0,-2.98373667798623
-0.425314079996053,0,-3.07279111163537
-0.399237311279542,0,-3.17076132562518
-0.379889682134147,0,-3.27733409380475
-0.368904478354658,0,-3.39181422502421
-0.367802034263411,0,-3.51312831557402
-0.377918562698495,0,-3.63984866279649
-0.400350531292108,0,-3.77023038325908
-0.435915192916902,0,-3.90225383717944
-0.485124090838524,0,-4.0336655427152
-0.548163643887181,0,-4.16201347686136
-0.624875653629357,0,-4.2846764782078
-0.714730911951131,0,-4.39889198543058
-0.816791234514704,0,-4.50179129410907
-0.929659714002269,0,-4.59045643445145
-1.05142650404746,0,-4.66201632675404
-1.17962816272122,0,-4.71379900059794
-1.31125026499474,0,-4.74354648978024
-1.44280885601708,0,-4.74967541032952
-1.57053570808122,0,-4.73153245619046
-1.69065872618773,0,-4.68956741398813
-1.79972284421342,0,-4.6253526569988
-1.89486787152363,0,-4.54142782293374
-1.9739931070477,0,-4.44101617827676
-2.03578713705116,0,-4.32770067591079
-2.07965113863105,0,-4.20514113294999
-2.10556760424853,0,-4.07687555593278
-2.11396189847246,0,-3.94620881712608
-2.10558598796112,0,-3.8161683449694
-2.08143567819366,0,-3.68949981207485
-2.04270045733332,0,-3.56867895365311
-1.99073845717749,0,-3.45592224795206
-1.92706606980994,0,-3.35318604867667
-1.8533508155284,0,-3.26215010011368
-1.77139662954103,0,-3.18418734098491
-1.68311311885773,0,-3.12032745656533
-1.59046495137363,0,-3.07122593825913
-1.49540408767551,0,-3.03715195107747
-1.39979452859125,0,-3.01800571376755
-1.30534412367488,0,-3.0133692542602
-1.21355844775754,0,-3.02258515361158
-1.12572709570672,0,-3.04484950245354
-1.04294447497297,0,-3.07930087095357
-0.966158242352986,0,-3.12508801037279
-0.896231778052826,0,-3.18140447496783
-0.834004080025146,0,-3.24748626710466
-0.780331354977131,0,-3.32257677074555
-0.736098758086751,0,-3.40587007058143
-0.702197371381471,0,-3.49644821987204
-0.679469618363811,0,-3.59322924483092
-0.668634325543881,0,-3.6949399223218
-0.670208257618512,0,-3.80012065391761
-0.684441830899098,0,-3.90716062399056
-0.711281918279983,0,-4.0143529425475
-0.750365772384835,0,-4.11995492082163
-0.801040711493158,0,-4.22223959847941
-0.862397963077322,0,-4.31953008040039
-0.933307613972676,0,-4.41021531039769
-1.01244423988989,0,-4.49275186623478
-1.09829746270895,0,-4.56565990884248
-1.18916661982816,0,-4.62752276706324
-1.28314317434808,0,-4.67699966092703
-1.37808863885276,0,-4.71286035658403
-1.47162009199789,0,-4.73404883752483
-1.5611196679056,0,-4.73977912664644
-1.64378698398121,0,-4.72965848874338
-1.71675070360262,0,-4.70382068959026
-1.77724308705861,0,-4.6630375722299
-1.82281881176609,0,-4.6087688443012
-1.85157440287127,0,-4.54311771412594
-1.86231282681642,0,-4.46868704396875
-1.8546110738777,0,-4.38836564515216
-1.82878214835308,0,-4.3050968559332
-1.78575699483038,0,-4.22167922588643
-1.72692854092051,0,-4.14062752396844
-1.65399626313323,0,-4.06409721630341
-1.56883474278396,0,-3.99385908705963
-1.47339426853602,0,-3.93130533705284
-1.36963121292812,0,-3.87747066223382
-1.25946118268479,0,-3.83305691043035
-1.1447270717702,0,-3.79845501547357
-1.02717524045223,0,-3.7737618899321
-0.908434857392921,0,-3.75879275416823
-0.789997377030722,0,-3.75309130194466
-0.673194988123358,0,-3.75594145544872
-0.559178633800255,0,-3.76638536467452
-0.448897823714455,0,-3.78325262187375
-0.34308574165258,0,-3.80520501501334
-0.242253707451508,0,-3.83079907264998
-0.146698405598473,0,-3.85856495755623
-0.0565232045204141,0,-3.88709546702838
0.0283282525887987,0,-3.91513445439884
0.108031085188029,0,-3.94165187587613
0.182837397790041,0,-3.96589429588842
0.253039733498655,0,-3.98740483432149
0.318943522744513,0,-4.00601327848131
0.380849458327254,0,-4.0218028426101
0.439044536950037,0,-4.0350630487052
0.493799485313382,0,-4.04623813320715
0.545370269004242,0,-4.05587818227513
0.594001881695589,0,-4.06459720862294
0.639933200271803,0,-4.07303968110346
0.683402143958492,0,-4.08185513802254
0.724650645714456,0,-4.09167952092304
0.763929074103902,0,-4.1031215647431
0.801499794883471,0,-4.11675271407692
0.837639584273914,0,-4.13309938676366
0.872640637883133,0,-4.15263683284769
0.906809992094493,0,-4.17578426025581
0.940467319038661,0,-4.20290127549398
0.973941299106198,0,-4.23428598431453
1.00756512905973,0,-4.27017526999286
1.04167217073784,0,-4.31074775626932
1.07659321776375,0,-4.35612970172415
1.11265722815224,0,-4.40640351185813
1.15019745615907,0,-4.46161769463799
1.18956450725806,0,-4.52179601480706
1.23114675864316,0,-4.58694253350915
1.2753967806608,0,-4.65703849234698
1.32286004244257,0,-4.73202703853569
1.3741997912569,0,-4.81178297521929
1.43021037114232,0,-4.89606719399811
1.4918112862554,0,-4.98446885595696
1.56001653721684,0,-5.07634180850643
1.63587782137748,0,-5.17074391829556
1.72040477326664,0,-5.26638803393201
1.81446877969695,0,-5.36161118674926
1.91869780952884,0,-5.4543655235107
2.03336816830038,0,-5.54223207482138
2.15829640464436,0,-5.62245832312677
2.2927327945703,0,-5.69202336094
2.43525916269642,0,-5.74773984129344
2.58370034549983,0,-5.78640806881119
2.73507148318764,0,-5.80504029064353
2.88560046660239,0,-5.80116520612692
3.0308770617611,0,-5.77319525935145
3.16616934792271,0,-5.72079105079216
3.28689696488429,0,-5.64510865349961
3.38916893406271,0,-5.54881112752134
3.47023403999541,0,-5.43579785402221
3.52871239763369,0,-5.31072370713381
3.56457349295121,0,-5.17846030018839
3.57892640964795,0,-5.04364064870527
3.57372864268267,0,-4.91035491659365
3.55149980669093,0,-4.78199218838995
3.51508320864415,0,-4.66118698874529
3.4674627343219,0,-4.54982664776344
3.41162431897817,0,-4.44908910406308
3.35044690665124,0,-4.35949668181746
3.28661103871218,0,-4.2809835734256
3.22251948158186,0,-4.21298147786866
3.16023082992181,0,-4.15452888141048
3.10141183811146,0,-4.10440512950505
3.04731569127805,0,-4.06128206557974
2.99879066259215,0,-4.02387679989715
2.95631747812648,0,-3.9910837639956
2.92006702521524,0,-3.96206630856285
2.88996614371682,0,-3.93629759288592
2.86575984046442,0,-3.91355299008708
2.84706243458978,0,-3.89386600210011
2.83339535979695,0,-3.87746354392791
2.82421339071181,0,-3.86469497035311
2.81892300796178,0,-3.85596507392041
2.81689668983038,0,-3.85167703063811
2.81748581321121,0,-3.85218815510618
2.82003326419653,0,-3.85777939518445
2.82388535662705,0,-3.86863823532437
2.82840165044414,0,-3.88485359558775
2.83296100677821,0,-3.90642023517442
2.83696274618464,0,-3.93324925216916
2.83982286373985,0,-3.9651808260694
2.84096648560316,0,-4.00199560033263
2.83981869862796,0,-4.04342202659488
2.83579628705858,0,-4.08913832807321
2.8283027524212,0,-4.13876912557108
2.81672844758446,0,-4.19187791192593
2.80045695496648,0,-4.24795732658657
2.77887815313285,0,-4.30641958854065
2.75140780355809,0,-4.36658958478074
2.71751290918974,0,-4.42770306360908
2.67674146419125,0,-4.48891216038106
2.62875447173298,0,-4.54930002073454
2.5733572878414,0,-4.60790547020859
2.51052662227328,0,-4.66375742821091
2.44042918528335,0,-4.7159171312161
2.36342834070417,0,-4.7635244831189
2.2800764089218,0,-4.80584346520054
2.19109235062453,0,-4.84230104703303
2.09732697946375,0,-4.87251477641447
1.99971990131961,0,-4.89630610313086
1.89925344389505,0,-4.91369897718604
1.79690867673975,0,-4.92490560999495
1.69362743770347,0,-4.93030287269532
1.59028258788454,0,-4.93040336725675
1.48765705979408,0,-4.92582486402491
1.38643101644585,0,-4.91726090235624
1.28717573669945,0,-4.90545427955442
1.1903526301781,0,-4.89117418822411
1.09631591602166,0,-4.87519704578872
1.00531781363139,0,-4.85829062131569
0.917515461460372,0,-4.84120086658663
0.832979115652711,0,-4.82464083731027
0.751701435025485,0,-4.80928118211727
0.67360781043775,0,-4.79574182652648
0.59856774112661,0,-4.78458464321871
0.526407207554632,0,-4.77630704643136
0.456921860441085,0,-4.77133655491635
0.389890669883556,0,-4.77002642265606
0.325089495886873,0,-4.77265243801479
0.262303895004377,0,-4.77941094924271
0.201340406744265,0,-4.79041810460425
0.142035595789156,0,-4.80571022023506
0.0842622703047606,0,-4.82524512768369
0.0279325371133182,0,-4.84890431824655
-0.0270023470729543,0,-4.87649569482265
-0.0805550665271322,0,-4.90775675731947
-0.132707767557642,0,-4.9423580738683
-0.183419346103467,0,-4.97990691908664
-0.232633808449635,0,-5.01995099197104
-0.280289099118575,0,-5.06198216841175
-0.326325963519198,0,-5.10544031122753
-0.37069662259131,0,-5.1497172677254
-0.413373225433641,0,-5.19416133673057
-0.454356161365976,0,-5.23808267549868
-0.493682316611337,0,-5.28076031599227
-0.531433234348482,0,-5.32145162454243
-0.567742885947856,0,-5.35940510494344
-0.602804419969479,0,-5.3938773342083
-0.636874892202445,0,-5.42415445315819
-0.670276699926847,0,-5.4495779586743
-0.703394380226001,0,-5.46957358059821
-0.736665715090061,0,-5.48368091399699
-0.770566780907173,0,-5.49158049713015
-0.805591619304534,0,-5.49311454725357
-0.842228355581345,0,-5.48829791157144
-0.880934498287432,0,-5.47731704913753
-0.922114489800332,0,-5.46051677528966
-0.966102200631927,0,-5.43837652936466
-1.01315009503078,0,-5.41147946710785
-1.06342557310826,0,-5.38047834080018
-1.11701388711055,0,-5.34606187565621
-1.17392629131386,0,-5.30892444504295
-1.23411178727241,0,-5.26974067853273
-1.29747088871326,0,-5.22914554333015
-1.36387010352681,0,-5.1877196160444
-1.43315616870735,0,-5.14597875950808
-1.50516937628242,0,-5.10436719591194
-1.57975554345817,0,-5.06325294312546
-1.65677629722909,0,-5.02292467834078
-1.73611737567845,0,-4.98358925604396
-1.81769462046021,0,-4.94536930412908
-1.90145727805099,0,-4.90830054024088
-1.98738817393403,0,-4.87232868814131
-2.07550030716407,0,-4.83730613048694
-2.16582946448174,0,-4.80298870294156
-2.25842259932177,0,-4.76903329632133
-2.35332197549043,0,-4.73499715655041
-2.45054543209057,0,-4.70033991502965
-2.5500635544299,0,-4.66442940264044
-2.65177497933665,0,-4.62655216965398
-2.75548145070331,0,-4.5859293474192
-2.86086450126218,0,-4.54173807479214
-2.96746572002013,0,-4.49313823149013
-3.07467245957995,0,-4.43930374559484
-3.18171057398566,0,-4.37945733967012
-3.28764541675088,0,-4.3129072863672
-3.39139193737951,0,-4.23908455500104
-3.49173433595728,0,-4.15757860213419
-3.58735536418589,0,-4.06816993134805
-3.67687493744222,0,-3.97085737736518
-3.75889714966114,0,-3.86587787080175
-3.83206397561813,0,-3.75371630874605
-3.89511289739769,0,-3.63510327021808
-3.94693454192035,0,-3.5109988814091
-3.98662546807747,0,-3.3825622906407
-4.01353089789337,0,-3.25110790750467
-4.02727278665941,0,-3.11805149103876
-4.02776025534601,0,-2.98485083404026
-4.01518177806336,0,-2.85294666634444
-3.98998103802238,0,-2.72370919162391
-3.95282037928979,0,-2.59839444843417
-3.90453683501193,0,-2.4781128435512
-3.84609571017177,0,-2.36381027802564
-3.7785458690785,0,-2.25626072349349
-3.70297962025775,0,-2.15606814021078
-3.62049878681922,0,-2.06367526582561
-3.53218745810094,0,-1.97937690447566
-3.43909115036179,0,-1.90333571893362
-3.34220165834549,0,-1.83559900479211
-3.24244669116442,0,-1.7761153886722
-3.14068337213824,0,-1.72475078036364
-3.03769476795267,0,-1.68130320128454
-2.93418874166141,0,-1.64551631343081
-2.83079856038629,0,-1.61709160054285
-2.72808481203923,0,-1.59569922609094
-2.62653828733552,0,-1.58098762875012
-2.52658356220906,0,-1.57259192963913
-2.42858307374531,0,-1.5701412271579
-2.33284152387707,0,-1.57326485173134
-2.23961047367766,0,-1.58159764834637
-2.14909301110812,0,-1.59478435158947
-2.06144838979485,0,-1.61248311669969
-1.97679654828013,0,-1.63436827081796
-1.89522242986004,0,-1.66013235053972
-1.81678003358855,0,-1.68948749428475
-1.741496137745,0,-1.72216626015786
-1.66937364812187,0,-1.75792194126652
-1.60039453476215,0,-1.7965284505047
-1.53452233202626,0,-1.83777984539604
-1.47170418786911,0,-1.88148956071066
-1.41187245878577,0,-1.92748941234313
-1.35494585697263,0,-1.97562843058183
-1.30083016588693,0,-2.0257715746495
-1.24941854971158,0,-2.07779837350649
-1.20059149145042,0,-2.13160153059694
-1.15421640372896,0,-2.1870855226786
-1.11014696606206,0,-2.24416521526321
-1.06822225247743,0,-2.30276450964476
-1.02826572388325,0,-2.3628150292069
-0.990084170086233,0,-2.42425484587784
-0.953466696203352,0,-2.48702724162253
-0.91818385622875,0,-2.55107949519682
-0.883987041154273,0,-2.61636168167855
-0.850608228408104,0,-2.68282547229048
-0.817760191529111,0,-2.7504229254974
-0.785137252423025,0,-2.81910526791303
-0.752416632829618,0,-2.88882167542856
-0.71926042818128,0,-2.9595180808766
-0.685318189664131,0,-3.03113605351905
-0.650230065278996,0,-3.1036118162419
-0.613630425992464,0,-3.17687548696358
-0.575151896464725,0,-3.25085065020748
-0.534429726247807,0,-3.32545438257651
-0.491106475711642,0,-3.40059787209525
-0.444837041828505,0,-3.47618778558981
-0.395294093920214,0,-3.55212854746038
-0.342174003666927,0,-3.62832568964413
-0.28520331209757,0,-3.70469040294236
-0.224145663958481,0,-3.78114534755496
-0.158808963937914,0,-3.85763165268493
-0.0890523087388015,0,-3.93411685291341
-0.0147920954843083,0,-4.01060329859676
0.0639933108929707,0,-4.08713639027513
0.147260778005389,0,-4.16381188480721
0.234901486613334,0,-4.24078154492526
0.326741338615136,0,-4.31825654262428
0.422541579221539,0,-4.39650820611969
0.521998159173049,0,-4.47586581199696
0.624738362986773,0,-4.55671108533553
0.730313655492458,0,-4.63946887759742
0.838188490965147,0,-4.72459323729748
0.947725814811638,0,-4.81254792323747
1.05817092952643,0,-4.90378047268723
1.16863605719386,0,-4.99868927942086
1.27808814755552,0,-5.09758368470802
1.38534223582029,0,-5.20063765353246
1.48906211644528,0,-5.30783798110894
1.58776960717555,0,-5.41892802289845
1.67986365906113,0,-5.53334775232609
1.76365140987456,0,-5.65017091985963
1.83739517876925,0,-5.76804096061681
1.89938218180331,0,-5.88511015876474
1.94802652905458,0,-5.99899270089388
1.98201367313369,0,-6.1067525072254
2.00049181399319,0,-6.20495989498337
2.00329731705635,0,-6.28986066421032
1.99116948232307,0,-6.35769242372869
1.96587451490526,0,-6.40513813307449
1.93014992766827,0,-6.42982698181228
1.8874317433457,0,-6.43072362313341
1.84142656282176,0,-6.40825974143864
1.79566764067627,0,-6.36417351234927
1.75318478920646,0,-6.30115257217505
1.71633915998304,0,-6.22242914699582
1.68679568575078,0,-6.13143939796594
1.66557261777245,0,-6.03158891452753
1.6531148011526,0,-5.92611344058499
1.64936140607375,0,-5.81800217599399
1.65380244895934,0,-5.70995177625074
1.6655345275742,0,-5.60433080098528
1.68333277895119,0,-5.50314877522076
1.7057529566179,0,-5.40803580217669
1.73126653770653,0,-5.32024370156782
1.75841765001873,0,-5.24067611325841
1.78597979492275,0,-5.16994501394387
1.81308763213262,0,-5.10844028507278
1.83932486521548,0,-5.0563932954049
1.86475976308655,0,-5.01391755720553
1.88993010290864,0,-4.98101762933984
1.91578607709752,0,-4.9575673492492
1.94360239728245,0,-4.94326631031397
1.97487065365392,0,-4.93758739025475
2.01118153389858,0,-4.93972819528904
2.05410486917558,0,-4.94857672284555
2.105074089865,0,-4.9626977673649
2.16528051866246,0,-4.98034269882928
2.23558179793782,0,-4.99948191477294
2.31642746266839,0,-5.01785686703489
2.40780320230236,0,-5.03304727114033
2.5091938830835,0,-5.04254897552685
2.61956429249889,0,-5.04385892023117
2.73735628429222,0,-5.03456537102307
2.86050196232465,0,-5.01244363021557
2.98645491151902,0,-4.9755588488056
3.1122449120752,0,-4.92237727067621
3.23456485787981,0,-4.85188404566068
3.34989947148835,0,-4.76369902524949
3.45470091153334,0,-4.65817273807851
3.54560452290014,0,-4.53643684701788
3.61966062059923,0,-4.4003830102827
3.67454281089881,0,-4.25255625121158
3.70869028640991,0,-4.09597209549818
3.72135620731564,0,-3.93389062474216
3.71256101151681,0,-3.76959235269217
3.68297460900255,0,-3.60619488031947
3.63376363594827,0,-3.44653113164595
3.56643755181939,0,-3.29309044068844
3.48271639345178,0,-3.14801075698685
3.38443085760745,0,-3.01310548786755
3.27345648110346,0,-2.88990952247745
3.15167896898686,0,-2.77973237215307
3.02098614721806,0,-2.68370964090653
2.88328199108742,0,-2.60284601264692
2.7405182323184,0,-2.53804336719153
2.5947379776674,0,-2.49010695120301
2.44812272503223,0,-2.45972185920969
2.30302902696676,0,-2.44739340627035
2.16199535584338,0,-2.45335091725486
2.02769755193001,0,-2.47742680576372
1.90283847709266,0,-2.51893946394002
1.7899774914291,0,-2.57662088367966
1.69133236281622,0,-2.64862604181674
1.60860438011369,0,-2.73263599384949
1.54287214283894,0,-2.82603171861533
1.4945723642152,0,-2.92609241900627
1.46355502638266,0,-3.03017277655587
1.44918299007377,0,-3.1358324983439
1.45044636216957,0,-3.24091287878888
1.46607171213802,0,-3.3435684187349
1.49461652160767,0,-3.44226563354672
1.53454576687288,0,-3.53575998852034
1.58429037123662,0,-3.62305933970475
1.64228814957027,0,-3.70338022202249
1.70700823563052,0,-3.77610208373985
1.77696045318166,0,-3.84072376529596
1.85069171558661,0,-3.89682584169191
1.92677218528542,0,-3.94404179007698
2.0037745254956,0,-3.98204034599749
2.08025018094695,0,-4.01052090420844
2.15470733369536,0,-4.02922331638566
2.22559601753956,0,-4.03795268741137
2.29130663180033,0,-4.03661838887406
2.35018820068673,0,-4.02528411843582
2.40059125144663,0,-4.00422237980934
2.44093619272963,0,-3.97396292841573
2.46980140672689,0,-3.93532221704451
2.48601748999028,0,-3.88940194528744
2.48874860385694,0,-3.8375508489346
2.47754237136257,0,-3.78129365843972
2.4523372674609,0,-3.72224071944669
2.4134280162427,0,-3.6619966046215
2.3613998125572,0,-3.60208428287433
2.29704719673273,0,-3.54389488179578
2.22129261851122,0,-3.48866550858273
2.13511542570148,0,-3.43748194735104
2.0394970941693,0,-3.39130024994492
1.93538483145081,0,-3.35098057042474
1.82367369917622,0,-3.31732675819454
1.70520658659363,0,-3.29112514509706
1.58079073296264,0,-3.27317520614207
1.45122798425387,0,-3.26430377201057
1.31735293172286,0,-3.26535460590164
1.18006895956181,0,-3.27714843107675
1.04036915900566,0,-3.30041630153319
0.89933042988655,0,-3.33572030138463
0.758077193876308,0,-3.38338484806267
0.617724056065733,0,-3.44346249588304
0.47931772878215,0,-3.51574685173504
0.343800282896862,0,-3.59982654442883
0.212006477812166,0,-3.69515816517372
0.0846928295077761,0,-3.80113099002563
-0.0374165605797276,0,-3.91710328741074
-0.153586893923381,0,-4.0424039045939
-0.2630474081232,0,-4.17630634290589
-0.364989287869916,0,-4.31799011440136
-0.458582119716413,0,-4.46650382641753
-0.542998678872472,0,-4.62073796376254
-0.617438364940112,0,-4.77940700322915
-0.681144633586284,0,-4.94103451044439
-0.733418001395398,0,-5.1039331862485
-0.773631002210177,0,-5.26617386299862
-0.801254097817115,0,-5.42554155243134
-0.815902642609115,0,-5.57948182682771
-0.81741526878171,0,-5.72504754244116
-0.805972918362492,0,-5.85886580602133
-0.782262313578673,0,-5.97715948033553
-0.747672370914354,0,-6.07587419619887
-0.704481126310811,0,-6.1509691443891
-0.655947601991639,0,-6.1989023466577
-0.606196493526837,0,-6.21725202858971
-0.559827159702627,0,-6.20528420793893
-0.521314241452403,0,-6.16420859369741
-0.494409965968404,0,-6.09697590769638
-0.48176780343478,0,-6.00771054088574
-0.484866997469174,0,-5.90103618218378
-0.504163403795752,0,-5.78152240137783
-0.539335759264212,0,-5.6533424252269
-0.58952722511942,0,-5.5201189502792
-0.653536300691947,0,-5.38489189044089
-0.729950138565165,0,-5.2501467106342
-0.81723139745038,0,-5.11786238469874
-0.913774721308999,0,-4.98955717823209
-1.01794808533491,0,-4.86632419220295
-1.12813127365466,0,-4.74885776171657
-1.2427595939804,0,-4.63747767485721
-1.36037557796461,0,-4.53216091278924
-1.47968537995518,0,-4.43258957228408
-1.59961153789668,0,-4.33821873715827
-1.71933181961323,0,-4.24836098059169
-1.8382960446823,0,-4.16227802245526
-1.95621791693582,0,-4.07926756337635
-2.07304443733854,0,-3.9987350298795
-2.18890911491684,0,-3.92024421743179
-2.3040762480304,0,-3.8435452302081
-2.41888276462891,0,-3.76858119749059
-2.53368272052252,0,-3.69547689756564
-2.64879835431202,0,-3.62451337785726
-2.76448062128886,0,-3.55609358008753
-2.8808809279296,0,-3.49070480231097
-2.99803403906969,0,-3.42888381891551
-3.11585011906783,0,-3.37118893778141
-3.23411241551989,0,-3.31818038975557
-3.35247689549497,0,-3.27040741810344
-3.47047116460973,0,-3.22839862160628
-3.58749153460064,0,-3.19265200491441
-3.70279839757039,0,-3.16362225168417
-3.81551081227954,0,-3.14170400033202
-3.92460158678651,0,-3.12721072180562
-4.02889452419303,0,-3.12034908104949
-4.12706618735631,0,-3.12118870469031
-4.2176556495156,0,-3.12962751424829
-4.29908710708835,0,-3.14535365039499
-4.36971148484299,0,-3.16780686207576
-4.42787333560967,0,-3.19614518955268
-4.47200699073437,0,-3.22922639504643
-4.50075955026194,0,-3.26561642548656
-4.51312765685779,0,-3.30363660618252
-4.50858296166382,0,-3.34145453034307
-4.4871544188896,0,-3.377210508753
-4.44944121064042,0,-3.40915675001907
-4.39654930235924,0,-3.43577860351363
-4.32996876423036,0,-3.45587212087537
-4.25142508168592,0,-3.46856756313553
-4.16273858062484,0,-3.47330536234303
-4.06571496130175,0,-3.46978129917628
-3.96207540184809,0,-3.45787916801731
-3.85342365060138,0,-3.43760494888583
-3.74124215968101,0,-3.40903065238873
-3.62690843336035,0,-3.37225124233672
-3.51172421458467,0,-3.32735522742849
-3.39695219666705,0,-3.27440842297097
-3.2838566555882,0,-3.21345046837713
-3.17374528831854,0,-3.14450446209762
-3.06800932288111,0,-3.06760118119425
-2.96815729303218,0,-2.98282038536945
-2.87583438836491,0,-2.89035187781247
-2.79281421736075,0,-2.79057671865094
-2.72094538297425,0,-2.68416192010094
-2.66203736504665,0,-2.57214882747998
-2.61768703640377,0,-2.45600055807337
-2.58908011958994,0,-2.3375708652998
-2.57683300268516,0,-2.2189804186668
-2.58093790344117,0,-2.10243133222322
-2.60082815704741,0,-1.99002379966198
-2.63552376799923,0,-1.88363119405171
-2.68379353974383,0,-1.78485184384056
-2.74428603943144,0,-1.69502065869084
-2.81561222949738,0,-1.61525123834408
-2.89638476576027,0,-1.54648446302556
-2.98522722234888,0,-1.48953031802071
-3.08076586334417,0,-1.44509815843338
-3.18161291333748,0,-1.41381510777637
-3.2863467989566,0,-1.39623388054204
-3.3934925364705,0,-1.39283143307263
-3.50150429634164,0,-1.4039994320213
-3.60875187661627,0,-1.4300270934604
-3.71351306218183,0,-1.47107674450752
-3.81397437903029,0,-1.52715264698078
-3.90824330511492,0,-1.59806431462546
-3.9943752307958,0,-1.68338681390084
-4.07041793399699,0,-1.7824222865018
-4.13447459471808,0,-1.89416882717295
-4.18478318748097,0,-2.01730419585466
-4.21980579934842,0,-2.15019168150634
-4.23831719848765,0,-2.29091295553616
-4.2394796378764,0,-2.43732793586513
-4.22289203269742,0,-2.58715575752904
-4.18860657704468,0,-2.73806610571613
-4.13711298345101,0,-2.88776844535646
-4.06929710919265,0,-3.03408871144237
-3.98638444618771,0,-3.17502768639946
-3.88987904681241,0,-3.30880050814367
-3.7815057924872,0,-3.43386071282389
-3.66316008258319,0,-3.54891410737077
-3.53686543703473,0,-3.65292773947322
-3.40473694540762,0,-3.74513793002829
-3.26894715119037,0,-3.82505944043213
-3.13169069717132,0,-3.89249586891293
-2.99514464286675,0,-3.94754961342346
-2.86142258384324,0,-3.99062838838137
-2.73252237454683,0,-4.02244448040463
-2.61026919295175,0,-4.04400281055707
-2.49625764072628,0,-4.0565745561072
-2.39179821440742,0,-4.06165461868225
-2.29787441564045,0,-4.06090350191876
-2.21511662086699,0,-4.05607685982311
-2.14379739832804,0,-4.04894856326198
-2.08385034709374,0,-4.04123496495826
-2.034911210213,0,-4.03452857757303
-1.99637672370442,0,-4.03024838968939
-1.96747417352125,0,-4.02961174926396
-1.94733345364646,0,-4.03362974021501
-1.93505362223162,0,-4.04312500257004
-1.92975719329602,0,-4.05876858706969
-1.93062711068838,0,-4.08113092822074
-1.93692300117445,0,-4.1107412204395
-1.94797462363564,0,-4.1481489864811
-1.96315151328634,0,-4.19398098907214
-1.98180909781729,0,-4.24898561540674
-2.0032136525608,0,-4.3140556635039
-2.026451834297,0,-4.39021986811119
-2.05033504331782,0,-4.47859477352059
-2.073313350095,0,-4.58029283662445
-2.09341610419157,0,-4.69629001018704
-2.10823455332203,0,-4.82726477003007
-2.11495527747327,0,-4.97342733391783
-2.11044386851462,0,-5.13435951631174
-2.09136975688061,0,-5.30888125534494
-2.05435897457785,0,-5.49495126283827
-1.99616361110856,0,-5.68960036268304
-1.91384408763389,0,-5.88889098473278
-1.80497079766976,0,-6.08789823983988
-1.66786163348258,0,-6.28071956344856
-1.50187596680415,0,-6.46054302650585
-1.30777422490184,0,-6.61983811609869
-1.0881110840361,0,-6.75076528190383
-0.847550282996101,0,-6.84589629482604
-0.592896544557922,0,-6.89923835307029
-0.332629699145451,0,-6.90733910517769
-0.0759078829942443,0,-6.87004235955451
0.168674899973084,0,-6.7905132998109
0.394116547726203,0,-6.6745213550535
0.595516553322787,0,-6.52934822341607
0.770081569939325,0,-6.36275543317401
0.91683389780112,0,-6.18224652711443
1.03622950245881,0,-5.99464014370458
1.12980291337659,0,-5.80586498642347
1.19987515479345,0,-5.62087922857034
1.24931716902606,0,-5.44364780672436
1.28134721598031,0,-5.27714503864303
1.2993427650893,0,-5.12337483612629
1.30665642195982,0,-4.98341538039609
1.30643683255241,0,-4.85750090934164
1.30146646670207,0,-4.74515124085895
1.29403586123575,0,-4.64535065507458
1.28587517010649,0,-4.55676395249726
1.27815672686034,0,-4.47796359255269
1.27156809970131,0,-4.40763412504918
1.26643915506287,0,-4.34472319212782
1.26289577782271,0,-4.28852144882365
1.26101116837175,0,-4.23867084378665
1.26093204972405,0,-4.19511466534442
1.26296724981469,0,-4.15800962880838
1.26763554943356,0,-4.12762040610182
1.27567612022611,0,-4.10421313403634
1.28802815327472,0,-4.08795937212737
1.30578726844836,0,-4.07885739910814
1.33014599145242,0,-4.07667426277324
1.36232473178773,0,-4.08090964941285
1.40349875526645,0,-4.0907811879294
1.45472586569644,0,-4.10522994169819
1.51687895906669,0,-4.12294425871704
1.59058720782559,0,-4.14239960080726
1.67618919501737,0,-4.16191133175061
1.77370065862865,0,-4.17969673985573
1.88279851185928,0,-4.19394195761003
2.00282149506643,0,-4.20286913143581
2.13278634865466,0,-4.20479936593873
2.27141702392051,0,-4.19820768860239
2.41718343456615,0,-4.18176748090499
2.56834579259213,0,-4.15438330558763
2.72300074752144,0,-4.11521256601211
2.87912630764225,0,-4.06367770329086
3.03462371401234,0,-3.99947146905766
3.18735585160815,0,-3.92255808869672
3.33518318598244,0,-3.83317281430764
3.47599937304203,0,-3.73182148510027
3.60776936069554,0,-3.61928034869903
3.72857272775624,0,-3.4965947118927
3.83665395129754,0,-3.36507327520058
3.9304791527747,0,-3.2262737292833
4.00879585899747,0,-3.08197496115306
4.0706891363443,0,-2.93413258594812
4.11562529535162,0,-2.78481761679023
4.14347445900805,0,-2.63614227631267
4.15450622567905,0,-2.4901808461324
4.14935778800544,0,-2.34889546047777
4.12897942839011,0,-2.21407597833509
4.09456630947889,0,-2.08729985547986
4.04748675488876,0,-1.96991363896419
3.98921590315287,0,-1.86303387763001
3.92128078599159,0,-1.76756287065151
3.84521979588574,0,-1.68421392568006
3.76255705517853,0,-1.61354123791154
3.67479071893776,0,-1.55597049918271
3.58339365244437,0,-1.51182735474523
3.48982491832197,0,-1.48136148445635
3.39555070527481,0,-1.46476420081168
3.30207330273533,0,-1.46217695310486
3.21096596235411,0,-1.47368705733771
3.1239093625012,0,-1.49930564970916
3.0427213063728,0,-1.5389221661703
2.96936526112975,0,-1.59223140021316
2.90591734020157,0,-1.65863608845467
2.8544707694758,0,-1.73714196440013
2.8169699252897,0,-1.82628031698274
2.79499661304703,0,-1.92410320222909
2.78956737174707,0,-2.02828187120814
2.80101360350189,0,-2.13629673085379
2.82898621933191,0,-2.24566239006099
2.87257043104991,0,-2.35411884660232
2.93045595863492,0,-2.45974659029193
3.00110582021511,0,-2.5610030231592
3.08289043995943,0,-2.65670253563038
3.17417887303801,0,-2.74596686729419
3.27339299067855,0,-2.82816536440903
3.37903421227901,0,-2.90285621505077
3.48969108264305,0,-2.9697338915444
3.60403362622938,0,-3.02858498921364
3.72079857193161,0,-3.07925331173994
3.83876845283788,0,-3.12161450983253
3.95674704066447,0,-3.1555603832645
4.07353339289233,0,-3.18099293808384
4.18789690851053,0,-3.19782836402873
4.29855620662084,0,-3.20601114429053
4.40416533365935,0,-3.20553833928107
4.50331161022696,0,-3.1964934357105
4.59452995158211,0,-3.17908775005239
4.67633804985129,0,-3.15370509714003
4.7472945344602,0,-3.12094257337586
4.80607755912115,0,-3.08163784441391
4.85157468838226,0,-3.03687291003823
4.88296863515471,0,-2.98794751856619
4.89980070212368,0,-2.9363223871838
4.90199730275175,0,-2.88354095120484
4.88985419426337,0,-2.83114468873113
4.86398412976946,0,-2.78059813752079
4.82524165735162,0,-2.73323546146124
4.77464112429556,0,-2.69023349483888
4.71328129768662,0,-2.65260984691963
4.64228505696881,0,-2.62124075705102
4.56275788713972,0,-2.59689199517533
4.47576566948907,0,-2.58025617272858
4.38233053628701,0,-2.57199020187872
4.2834426004401,0,-2.5727466075503
4.18008425990637,0,-2.58319194174693
4.07326180468641,0,-2.60400542411364
3.96403619940763,0,-2.63585253141483
3.8535423030385,0,-2.67933302880183
3.7429857312716,0,-2.7349111041146
3.63361146501586,0,-2.80284440535025
3.52664834791034,0,-2.88313379480159
3.42324494990851,0,-2.97551158560235
3.32441828799194,0,-3.07947258107877
3.23103285094653,0,-3.19433550234285
3.14381459218897,0,-3.31931132838758
3.06338987251411,0,-3.45355521942365
2.99033034987186,0,-3.5961888227873
2.92518527875035,0,-3.74629365449193
2.86849113092063,0,-3.90288694495093
2.82075975632579,0,-4.06489461073549
2.7824546479647,0,-4.23113186723859
2.75396677480259,0,-4.40029402275989
2.73559734093735,0,-4.57095294244004
2.7275481158055,0,-4.74155161680733
2.72991431597851,0,-4.91039037448
2.74267215941492,0,-5.07560176015214
2.76565281007726,0,-5.23511514039626
2.79849526267302,0,-5.38661609439503
2.84057205534064,0,-5.52751031214876
2.89088415753587,0,-5.65490848705312
2.94792732934021,0,-5.76565858547953
3.00954568897614,0,-5.85646343470225
3.07281279195708,0,-5.92412702089105
3.13401276273219,0,-5.96595451151118
3.18881188397213,0,-5.98026719311325
3.23267254587758,0,-5.9668890109553
3.26144399396151,0,-5.92738707757185
3.27193146092384,0,-5.86491031391702
3.26222589689325,0,-5.78367098877032
3.23171017011285,0,-5.68829257567538
3.1808237208224,0,-5.58325764987646
3.1107361560524,0,-5.47256756382037
3.02304629337077,0,-5.35960234262834
2.91955717616201,0,-5.2471137906108
2.80212998154791,0,-5.13728506527709
2.672599256827,0,-5.0318113459656
2.53272849590332,0,-4.93197727803822
2.38418842871126,0,-4.83872129695217
2.22854509733601,0,-4.75268551668115
2.06724911768098,0,-4.6742548442684
1.90162153469928,0,-4.60359180962231
1.73283578785281,0,-4.5406745287864
1.56189940286243,0,-4.48534376085477
1.38964215910874,0,-4.43736089092336
1.21671825139601,0,-4.39647272195718
1.04362751614893,0,-4.36247331924204
0.870755643884361,0,-4.3352503065462
0.698427275312635,0,-4.31480446251985
0.526961228220845,0,-4.30123706111838
0.35671561002909,0,-4.29470762451079
0.188113117574934,0,-4.29537324669202
0.0216430989281307,0,-4.3033264810263
-0.142154974199841,0,-4.31854912497752
-0.302715517160439,0,-4.34089294477256
-0.459465682560542,0,-4.37008769290587
-0.611830556107443,0,-4.405766766143
-0.759223401272946,0,-4.44749623683079
-0.901025826449823,0,-4.49479487587444
-1.03656536700886,0,-4.54713854769432
-1.16509725880027,0,-4.6039482755304
-1.28579498887943,0,-4.66456508666945
-1.39775232251128,0,-4.72821626915923
-1.49999872820514,0,-4.79397795097236
-1.59153032067403,0,-4.8607391738643
-1.67135889846638,0,-4.92717367971837
-1.73858131816111,0,-4.99172759574897
-1.79246908751891,0,-5.05263338184001
-1.83257263464888,0,-5.10796101068862
-1.8588263171305,0,-5.15571372061067
-1.87163147263669,0,-5.19396558288221
-1.8718912081409,0,-5.2210225146001
-1.86097801897676,0,-5.23557365904785
-1.84063428375701,0,-5.2367960487218
-1.81282798400831,0,-5.22438778212654
-1.77959920848901,0,-5.19852845870875
-1.74293044607993,0,-5.15978734902187
-1.70465935053459,0,-5.10900936614119
-1.66643629648622,0,-5.04720546038113
-1.62971799641418,0,-4.97546375217053
-1.59578440438883,0,-4.89488727989678
-1.56576699325256,0,-4.80655715053978
-1.54067942000471,0,-4.71151646585499
-1.52144467108642,0,-4.6107695078718
-1.50891520774036,0,-4.50529102230372
-1.50388433366904,0,-4.39604116484419
-1.50708820656762,0,-4.28398235192378
-1.51919888004222,0,-4.17009478272699
-1.54080968461236,0,-4.05538785332357
-1.57241520617583,0,-3.94090522607014
-1.61438903970512,0,-3.827722112965
-1.66696321186506,0,-3.71693449369939
-1.73021340724523,0,-3.60964152459297
-1.80405354936751,0,-3.50692412670358
-1.88824153610308,0,-3.40982419655059
-1.98239496398971,0,-3.31932924489433
-2.08601226118996,0,-3.23636570876663
-2.19849254359884,0,-3.16180074525245
-2.31914843792809,0,-3.09644864607813
-2.4472098918409,0,-3.04107650542448
-2.5818210975098,0,-2.99640534384354
-2.72203446945674,0,-2.96310597896242
-2.86680474613265,0,-2.94179118427114
-3.01498427912344,0,-2.93300608064369
-3.16531902666591,0,-2.93721782269099
-3.31644423272162,0,-2.95480446917626
-3.46687901605646,0,-2.98604204557233
-3.61501972235406,0,-3.03108831594953
-3.75913268719634,0,-3.0899615682254
-3.89734800447153,0,-3.16251268479849
-4.02765709932307,0,-3.24838894233078
-4.1479184943265,0,-3.34698853964135
-4.25587816396232,0,-3.4574061463103
-4.34921304739675,0,-3.5783723097464
-4.42560781581685,0,-3.70819388133506
-4.48287416456742,0,-3.84470882390836
-4.51911614714286,0,-3.98527565755793
-4.53293203802729,0,-4.12682190120637
-4.52362360882666,0,-4.26597144106074
-4.49136473268915,0,-4.39925293887298
-4.43727623892494,0,-4.52336248369328
-4.36337366762179,0,-4.63542713887033
-4.27239450147415,0,-4.73320975098819
-4.16755020255886,0,-4.81521612156865
-4.05226409659868,0,-4.88070099877852
-3.92994451647384,0,-4.92959844686386
-3.80381688201002,0,-4.96241287459179
-3.67681489473044,0,-4.98010149335637
-3.55151797034641,0,-4.98396645244573
-3.43011899607962,0,-4.97556315689014
-3.31440936375309,0,-4.95662365293257
-3.20577314278911,0,-4.92899053243724
-3.10518694608694,0,-4.89455636432496
-3.01322554595438,0,-4.85520496708289
-2.93007536015299,0,-4.81275297628979
-2.85555857608366,0,-4.76889249871888
-2.78917005960257,0,-4.72513768686823
-2.73012756464108,0,-4.68277939244554
-2.67743353829042,0,-4.64285234078599
-2.62994457212665,0,-4.60611838399599
-2.58644290212888,0,-4.57306750558036
-2.54570379019372,0,-4.54393583171653
-2.50655329837526,0,-4.51873759785302
-2.46791267386803,0,-4.49730641857599
-2.42882778481101,0,-4.47934064600955
-2.38848418833185,0,-4.46444805663187
-2.34621001302528,0,-4.45218627184701
-2.30146969455195,0,-4.44209676891837
-2.25385175916028,0,-4.43373169971677
-2.20305350289521,0,-4.42667377361743
-2.14886480311174,0,-4.42055010239621
-2.09115262503172,0,-4.41504118675051
-2.02984717969682,0,-4.40988623885089
-1.96493021179141,0,-4.4048858848165
-1.89642555730058,0,-4.39990306023863
-1.82439189426463,0,-4.39486266114845
-1.74891748610617,0,-4.38975027997316
-1.67011665665921,0,-4.38461016268675
-1.58812771452489,0,-4.3795423811018
-1.50311204407311,0,-4.37469912863383
-1.4152540907397,0,-4.37028002005561
-1.3247619847961,0,-4.36652630208011
-1.23186857044884,0,-4.3637139522669
-1.13683263801087,0,-4.36214574201966
-1.03994019751869,0,-4.36214244284454
-0.941505681386626,0,-4.36403343896609
-0.841873016543147,0,-4.36814705278598
-0.741416554845826,0,-4.37480088074434
-0.640541885230943,0,-4.38429237679344
-0.539686564439762,0,-4.39688982201884
-0.439320791339588,0,-4.41282370285993
-0.339948012915443,0,-4.43227840941567
-0.242105390788517,0,-4.45538407817568
-0.146363979020055,0,-4.48220835241486
-0.0533283689331518,0,-4.5127478249763
0.0363645555994634,0,-4.54691896636869
0.122048240206317,0,-4.58454843206198
0.203031097564245,0,-4.62536279812152
0.278603961321886,0,-4.66897801264772
0.34805131078124,0,-4.71488919556617
0.410667317963911,0,-4.76246189137186
0.46577772591214,0,-4.81092647692772
0.512768258132787,0,-4.85937809473001
0.55111952893019,0,-4.90678507151333
0.580447142257915,0,-4.95200901143961
0.600543836409366,0,-4.9938392198479
0.611418443631606,0,-5.03104241262871
0.613324770867662,0,-5.06242565764624
0.606773244227278,0,-5.08690664487776
0.592520118736554,0,-5.10358192235966
0.571533252041229,0,-5.11178230694071
0.544938691278987,0,-5.11110643060431
0.513956627326711,0,-5.10142806657256
0.479836917149337,0,-5.08287875951912
0.443802950736098,0,-5.05581209870868
0.407009147299468,0,-5.02075821926582
0.370513440804311,0,-4.97837667841284
0.33526307226847,0,-4.9294136708055
0.302090378880995,0,-4.8746668358452
0.27171491823361,0,-4.81495856013853
0.24474873890579,0,-4.75111707667414
0.221702451007841,0,-4.68396381243439
0.202990644354519,0,-4.61430516040292
0.188935979728227,0,-4.54292694220249
0.179771877595635,0,-4.47059011694481
0.175644142038149,0,-4.39802666893389
0.176612101143819,0,-4.32593500412413
0.182649940253226,0,-4.25497456154331
0.193648874480511,0,-4.18575967323733
0.209420677996194,0,-4.11885296327804
0.229702890664766,0,-4.05475874746158
0.254165793386384,0,-3.9939169732021
0.282421018853496,0,-3.93669822740388
0.314031477312588,0,-3.88340025396665
0.3485221505613,0,-3.83424628654338
0.385391251671679,0,-3.78938534498196
0.42412125883839,0,-3.74889449246958
0.46418939446297,0,-3.71278292462278
0.505077214625841,0,-3.68099767166516
0.546279079037216,0,-3.65343064093227
0.587309371422356,0,-3.62992670298901
0.627708425671319,0,-3.61029252151927
0.667047180861774,0,-3.59430583642134
0.704930639766913,0,-3.58172492562331
0.74100024397885,0,-3.57229799167907
0.774935307498236,0,-3.56577224412604
0.806453671513609,0,-3.56190247837669
0.835311756693687,0,-3.56045898619588
0.861304195436022,0,-3.56123466953502
0.884263224960628,0,-3.56405126514839
0.904058013365071,0,-3.56876461787785
0.920594076027703,0,-3.57526896214961
0.933812920774638,0,-3.58350018185223
0.943692038424392,0,-3.59343801782508
0.950245330853867,0,-3.60510718059434
0.953524039672205,0,-3.61857730554695
0.953618200558016,0,-3.63396166076218
0.950658594846135,0,-3.6514144873937
0.944819094018298,0,-3.6711268239971
0.936319189625337,0,-3.69332064854443
0.925426372648324,0,-3.71824117943041
0.912457885810718,0,-3.74614722910592
0.897781249449369,0,-3.77729962202647
0.881812902978487,0,-3.81194788602584
0.865014367037076,0,-3.85031569593205
0.84788556567014,0,-3.89258584837674
0.830955365475407,0,-3.93888579474407
0.814769932397474,0,-3.98927484554262
0.799880036911963,0,-4.04373398762685
0.786828760382597,0,-4.10215879882489
0.776140996972117,0,-4.16435528884696
0.768315651357315,0,-4.23003783248914
0.76382061915677,0,-4.29882791588209
0.763089757696579,0,-4.37025234269728
0.766520383019347,0,-4.44373985707364
0.774469531020017,0,-4.51861571485277
0.787247296673871,0,-4.59409440708516
0.805105889292403,0,-4.66927139020862
0.828223460174299,0,-4.74311528825304
0.856682188796846,0,-4.81446267931499
0.890440597245363,0,-4.88201837126325
0.929300773942491,0,-4.94436506468783
0.972872392833116,0,-4.99998737645086
1.02053736792092,0,-5.04731591963959
1.07142171706218,0,-5.08479662680681
1.12438418347107,0,-5.11098749818191
1.17803291295946,0,-5.12467834704034
1.23077970573987,0,-5.12501919500398
1.28093408467593,0,-5.11163288986159
1.32682726566374,0,-5.08468323798564
1.36694385162637,0,-5.04487692147267
1.40003375613018,0,-4.99339537067067
1.42518255351237,0,-4.93177352344328
1.44183232065759,0,-4.86175539431863
1.4497594498995,0,-4.78515641622336
1.44902443739401,0,-4.70375266972075
1.43990981077424,0,-4.61920453163059
1.42285866076854,0,-4.53301258099188
1.39842108393507,0,-4.44649865336632
1.36721146115006,0,-4.36080386522658
1.32987664356218,0,-4.27689651999382
1.28707364177918,0,-4.19558464912112
1.23945486148887,0,-4.11752974430139
1.18765888156584,0,-4.04325969347325
1.13230495194297,0,-3.97318000198879
1.07398965200463,0,-3.90758312212344
1.01328443677567,0,-3.84665620627235
0.950733093900999,0,-3.79048790102846
0.886848441609572,0,-3.73907494610503
0.822107917093201,0,-3.69232935095022
0.756948025253428,0,-3.6500868029595
0.69175791422293,0,-3.61211672986124
0.6268725794103,0,-3.57813412710441
0.56256633288386,0,-3.5478129227724
0.499047182911125,0,-3.52080035803795
0.436452649058963,0,-3.49673168003037
0.374847323774241,0,-3.47524442151357
0.314222240414649,0,-3.45599168082991
0.254495887749026,0,-3.43865407384034
0.195516577768319,0,-3.42295033447391
0.137065856738092,0,-3.40864681373928
0.0788627481776581,0,-3.39556630715837
0.0205688056609082,0,-3.38359669437278
-0.0382058073103271,0,-3.37269979679798
-0.0978947505300384,0,-3.36292066459307
-0.158965795910876,0,-3.35439721980016
-0.221908207633222,0,-3.34736984221862
-0.287216473417973,0,-3.34219012817007
-0.35536982929609,0,-3.33932772562946
-0.426807368305175,0,-3.33937390285633
-0.501899015564447,0,-3.34304039195942
-0.580913234864292,0,-3.35115210513654
-0.663982924392788,0,-3.36463257213224
-0.751071464972212,0,-3.38448138807752
-0.841941207744281,0,-3.41174355475327
-0.936126753239283,0,-3.44747127633925
-1.03291513967659,0,-3.49267943451273
-1.1313345353714,0,-3.54829649900105
-1.23015229037302,0,-3.61511290816829
-1.32788238306232,0,-3.69372888625997
-1.42280158994455,0,-3.7845032166021
-1.51297333121345,0,-3.88750372139522
-1.59627831341085,0,-4.00245927540869
