0,0,0,0,0,0,0
-1.29143424845779,-0.769041387880606,-0.342380135033886,-0.0868907606423893,0.0125692790967637,0.0209976903062598,0.00545402416757629
-2.58308456781409,-1.53857594283961,-0.685343200153643,-0.174262061924661,0.0248600548364277,0.0418947075777237,0.0108933525059677
-3.87530671127725,-2.30917942463802,-1.02950839652743,-0.26260341682609,0.0365951848433499,0.0625925088874787,0.0163038252784989
-5.1683123163473,-3.08134056994299,-1.37545515366751,-0.352393752064554,0.0474961493769469,0.0829899331826987,0.0216705670418895
-6.46237404365226,-3.85558266608984,-1.7237767510172,-0.444114774034418,0.0572850601800394,0.102986400422559,0.0269787996277486
-7.7577419105979,-4.63241311035372,-2.07505732039198,-0.5382448517193,0.0656838912585005,0.122480426159882,0.0322134363402978
-9.05467232758325,-5.41234012854148,-2.42987878523076,-0.635260522953555,0.0724147884676852,0.141369962985992,0.0373591509370569
-10.353415059936,-6.19586441662213,-2.78881660517521,-0.73563512472723,0.0772000009860587,0.15955206866873,0.0424002694046245
-11.6542183291331,-6.98348162325579,-3.15244037218964,-0.839838661910703,0.0797619921119922,0.176922874911032,0.0473207396742366
-12.9573255338843,-7.77567983139258,-3.52131216042245,-0.948337081605029,0.0798234885591056,0.193377423220597,0.0521040638229191
-14.2629759346346,-8.57293942933397,-3.89598595297586,-1.06159181484267,0.0771075827105026,0.208809574611622,0.0567332482755748
-15.5714037945393,-9.37573207471417,-4.27700666206676,-1.18005919760296,0.0713378407800284,0.223111902661247,0.0611907472586639
-16.8828378910587,-10.1845198995255,-4.66490926044458,-1.30418990629281,0.0622384340724713,0.236175601468592,0.0654584077240864
-18.1975012950916,-10.9997548987061,-5.06021800154051,-1.43442840333503,0.0495342921502824,0.247890407083122,0.069517415191882
-19.5156106438161,-11.8218780383008,-5.46344551800019,-1.57121233463687,0.0329512754943749,0.258144522112611,0.0733482374483493
-20.837375914364,-12.6513186927286,-5.87509207936016,-1.71497195752958,0.0122163723360965,0.266824558432719,0.0769305700096511
-22.1630000771511,-13.4884940402107,-6.29564484259603,-1.86612955482832,-0.012942083467789,0.273815489500346,0.0802432808615314
-23.4926785105813,-14.3338083457602,-6.72557706410613,-2.02509882600425,-0.0427941726081899,0.279000611756039,0.0832643541207859
-24.8265989029058,-15.1876525757209,-7.16534748302519,-2.19228431915403,-0.0776081291162412,0.282261524772295,0.085970835326409
-26.1649406604269,-16.0504037500333,-7.61539960251365,-2.36808082545444,-0.11765005847341,0.28347811837987,0.0883387748846514
-27.5078747950955,-16.9224246276788,-8.07616115115976,-2.5528728229383,-0.163183637220287,0.282528579200125,0.0903431733601382
-28.8555636622437,-17.8040633450087,-8.5480435509935,-2.74703392146773,-0.214469795404286,0.279289409292476,0.0919579265970574
-30.2081604227713,-18.6956529296226,-9.03144135683585,-2.95092629908914,-0.271766380943242,0.273635457065589,0.0931557707985241
-31.5658091218663,-19.5975112419188,-9.52673193563614,-3.16490021934867,-0.335327814134781,0.265439970057432,0.0939082310174936
-32.9286443876016,-20.5099407333854,-10.0342750986216,-3.3892935431201,-0.405404729037929,0.254574660085729,0.0941855705144731
-34.2967909817438,-21.4332281631101,-10.5544127548006,-3.62443125814901,-0.482243602940706,0.240909785331257,0.0939567429314319
-35.6703640770172,-22.3676448193937,-11.0874688583028,-3.87062512351769,-0.566086388119164,0.22431425713935,0.0931893510164379
-37.0494687530072,-23.3134463087568,-11.6337491950605,-4.12817328047708,-0.657170130593181,0.204655761235385,0.0918496091396114
-38.4342000521839,-24.270872747805,-12.1935414203898,-4.39735997247709,-0.755726594374836,0.181800906051539,0.0899023155048145
-39.8246428035556,-25.2401488633651,-12.7671151075739,-4.67845529689426,-0.861981883203976,0.155615394762267,0.0873108342760816
-41.2208715614257,-26.2214842167728,-13.3547219154708,-4.97171502887677,-0.976156066125691,0.125964226786805,0.0840370915899466
-42.6229506015103,-27.2150735147014,-13.9565958579632,-5.2773805145821,-1.09846280740776,0.0927119321744889,0.0800415888621447
-44.030933846853,-28.2210969219801,-14.5729536315297,-5.59567861904494,-1.22910899726139,0.055722843562811,0.0752834374286449
-45.4448647198502,-29.2397203676417,-15.2039949925851,-5.92682172429248,-1.36829437965252,0.0148614126364164,0.0697204197027885
-46.8647763784376,-30.2710961316666,-15.8499033289468,-6.27100783159638,-1.51621118589661,-0.0300074206106379,0.0633090835444096
-48.2906914594268,-31.3153631409046,-16.5108461224763,-6.62842064659758,-1.67304374158286,-0.0790177969626098,0.0560048752534092
-49.7226222559904,-32.37264755667,-17.186975592863,-6.99922975062065,-1.83896806103731,-0.132302431971189,0.0477623207288809
-51.1605705039376,-33.4430631058634,-17.8784292206983,-7.38359072689662,-2.01415138616095,-0.189992019324799,0.0385352626984437
-52.604527556857,-34.5267116393647,-18.5853303823085,-7.78164531582761,-2.19875167115198,-0.252214525142385,0.0282771653620288
-54.0544740083884,-35.6236832765671,-19.3077887267246,-8.19352142307176,-2.39291694449594,-0.319094346590831,0.0169414972116836
-55.510379743579,-36.7340567399393,-20.0459005777688,-8.61933306147576,-2.59678454007588,-0.39075130775169,0.00448220598018481
-56.9722035200041,-37.8578992439014,-20.7997489709712,-9.05918001940911,-2.81048010208568,-0.467299452110323,-0.00914570045761479
-58.4398925194898,-38.9952661640824,-21.5694033809772,-9.51314721786276,-3.03411630301557,-0.548845587026787,-0.0239854508711361
-59.9133815860221,-40.1462002200447,-22.3549189126913,-9.98130358409168,-3.2677911628069,-0.635487521993559,-0.0400776678166457
-61.3925922368321,-41.3107301277753,-23.1563348293693,-10.4637002922451,-3.51158584821302,-0.727311932553046,-0.057459366342497
-62.8774308586794,-42.4888681990483,-23.9736719989583,-10.9603680684481,-3.76556176426484,-0.824391760473639,-0.0761627737813772
-64.3677868976778,-43.6806072690593,-24.8069293150842,-11.4713134445939,-4.02975679195459,-0.926783060120828,-0.0962139501605994
-65.8635291091411,-44.8859154482302,-25.6560780566854,-11.9965133210423,-4.3041803284683,-1.03452115038911,-0.117631185381903
-67.3645020250428,-46.1047299097606,-26.5210546411428,-12.5359078454507,-4.5888069844161,-1.1476159649694,-0.140423153620381
-68.8705192393567,-47.3369471101963,-27.4017500251358,-13.0893905700276,-4.8835684075978,-1.26604639963648,-0.164586798493254
-70.3813563272335,-48.5824110064394,-28.2979963336805,-13.6567958948609,-5.18834305119098,-1.38975353015919,-0.190104933586061
-71.8967398764525,-49.8408964610701,-29.2095487619881,-14.2378825940604,-5.50294325715914,-1.51863246673441,-0.216943535263909
-73.4163345698955,-51.1120887119083,-30.1360628804799,-14.8323131880021,-5.82709937341391,-1.65252270241167,-0.245048721221309
-74.9397250326245,-52.3955561567067,-31.0770653629143,-15.4396279192907,-6.16044026076566,-1.7911967350545,-0.27434340511099
-76.4663950978505,-53.6907178115255,-32.0319185781969,-16.0592132972669,-6.5024700458161,-1.93434690837543,-0.304723649127347
-77.9956991588822,-54.9968012953586,-32.9997763144601,-16.6902636961793,-6.85254046956288,-2.08157032403744,-0.336054732634983
-79.5268305767549,-56.3127944974409,-33.9795323557383,-17.3317368268101,-7.20981922053445,-2.2323520461837,-0.368167021907332
-81.0587806367483,-57.6373862753009,-34.9697592220261,-17.9823019207674,-7.57325402297833,-2.3860467403882,-0.4008517276214
-82.5902941648362,-58.9689007491913,-35.9686402266206,-18.6402827058815,-7.94153380308832,-2.5418594833215,-0.433856746103632
-84.1198155791913,-60.3052215764983,-36.9738935698427,-19.3035954217316,-8.31304781606737,-2.69882650953657,-0.46688280312869
-85.6454357358265,-61.643715068972,-37.982695365453,-19.9696868375474,-8.68584596738271,-2.85579758395523,-0.499580291543035
-87.1648291350556,-62.9811470820879,-38.9916007671243,-20.6354738507342,-9.05760254722071,-3.01142156446607,-0.531547193058011
-88.6752044060545,-64.3136135230277,-39.9964784550335,-21.2972952768586,-9.42558989675483,-3.16413829097076,-0.562328764319657
-90.1732468630491,-65.6364736841286,-40.9924557132471,-21.9508775778428,-9.78666503334848,-3.31217892269313,-0.591419507197384
-91.6550974500919,-66.944323800372,-41.9739017272707,-22.5913327030479,-10.1372796092262,-3.45357928916881,-0.618268379463871
-93.1163250815768,-68.2309855126011,-42.9344380003807,-23.2131856394317,-10.47351435704,-3.58620758010206,-0.642287622042124
-94.5519708447644,-69.4895719155372,-43.8670191229141,-23.8104576597483,-10.7911511809626,-3.70781134248844,-0.662866194181294
-95.9565757432754,-70.7125709144372,-44.7640487433295,-24.3767877880813,-11.0857754710199,-3.81608110976927,-0.679387382032163
-97.3243279664564,-71.8920470455946,-45.6175944559051,-24.9056260952764,-11.3529224996886,-3.90873433071315,-0.691251173653577
-98.6491480632518,-73.0198259925698,-46.4196126016611,-25.3904468717327,-11.5882410411419,-3.98360828097957,-0.697899183888653
-99.9249576910246,-74.0878357032768,-47.1622857414293,-25.8250308055359,-11.7876910849405,-4.03876464274123,-0.698842229438574
-101.145768180547,-75.0883239241397,-47.8382843533846,-26.2037040122292,-11.9477175771105,-4.07258203872796,-0.693685832809496
-102.306059670843,-76.0142852964474,-48.4411512423448,-26.521631550344,-12.0654369988148,-4.08384521799176,-0.682154470064035
-103.400746512355,-76.8595601650751,-48.9654534660956,-26.7749609209609,-12.138736778578,-4.07179346052111,-0.664107363647222
-104.42565973568,-77.6192812308653,-49.4071212016546,-26.961037108592,-12.1663836179839,-4.03615882584073,-0.63955026948589
-105.377206550643,-78.2896640665748,-49.7633285614465,-27.0783331738222,-12.147977874604,-3.97713922271576,-0.608633597103996
-106.253033873947,-78.8684951189782,-50.0327772353115,-27.1265676573703,-12.0839693322568,-3.89537996610427,-0.571648499054394
-107.051162848762,-79.3544410837738,-50.2151964621499,-27.1063689907468,-11.9754521592106,-3.79187412076545,-0.529006956777504
-107.771083562935,-79.7477782348208,-50.3117182983541,-27.0193970232097,-11.8241536623289,-3.66792103669745,-0.481227396684536
-108.412076968035,-80.0490469585059,-50.3239276221006,-26.8677423432031,-11.632101594542,-3.52498247456019,-0.428903282649119
-108.975205208584,-80.2604126393406,-50.2546186831657,-26.6542460413343,-11.4017005788123,-3.36467026797135,-0.372687783183391
-109.460378487025,-80.3833970423468,-50.1062787392086,-26.3816161989787,-11.135297105063,-3.18858442422612,-0.313259069517612
-109.869915863908,-80.4214056929723,-49.8825918439897,-26.053164842413,-10.8354544292667,-2.99837110597849,-0.251311370619876
-110.203689247857,-80.3760916244918,-49.5861170298612,-25.6715455151779,-10.5043950626297,-2.79554801964553,-0.18752309459162
-110.465093171855,-80.2516656566344,-49.2209196590624,-25.2401017607682,-10.1445493036127,-2.58164847824646,-0.122555786083696
-110.653419541424,-80.0493035930776,-48.7891027760972,-24.7610644667199,-9.75781828152923,-2.35802387110389,-0.0570296423110277
-110.773099092531,-79.773832383374,-48.2948961026289,-24.2376504123745,-9.34642635719178,-2.1260646662051,0.00847407660603173
-110.822515182838,-79.4256340849251,-47.7397280861435,-23.6715752543283,-8.91195636879589,-1.88697347881424,0.0734247260584525
-110.807109955139,-79.0100763367823,-47.1279412613477,-23.0659393525269,-8.45648262679763,-1.64203329842531,0.137345104649008
-110.724305265007,-78.5267146125492,-46.4603190539098,-22.4220391936603,-7.98138891142374,-1.39236443998873,0.199803424322948
-110.580375075629,-77.9813256062013,-45.741278660938,-21.7429121445167,-7.48869177359596,-1.13919422333894,0.260431232823354
-110.372046396687,-77.3728695322592,-44.9711738975782,-21.0296396944081,-6.97973741953241,-0.88363267824897,0.318889874005665
-110.105996153487,-76.7072496927227,-44.1543868179874,-20.2852207430144,-6.45655895874401,-0.626891735124501,0.374910009617988
-109.778806929149,-75.9832677091688,-43.2911746464868,-19.5107676823742,-5.92061589852612,-0.370121226447866,0.428232406438292
-109.39694584357,-75.2065604078272,-42.3857176720963,-18.7092316265608,-5.37400064664358,-0.114537691469283,0.478667829633157
-108.95751774304,-74.3762782510292,-41.4385306896859,-17.8819794360899,-4.81838931409089,0.138654628240191,0.526020583063634
-108.466198334291,-73.4974389818981,-40.4534541409418,-17.0319062240559,-4.25595220637944,0.38823503943702,0.570158890994719
-107.921146359288,-72.5699402503688,-39.4315257362628,-16.1607769978624,-3.68861553279958,0.632968024444069,0.610936240578928
-107.32693230226,-71.5980258462285,-38.3762183567576,-15.271452993826,-3.1186267470448,0.871650355134438,0.648258115148083
-106.682974145822,-70.5825006409644,-37.2891972211546,-14.3661305735426,-2.54812167233451,1.1030697634171,0.682016181494477
-105.992785634368,-69.5269244255781,-36.1736601325161,-13.4476807419213,-1.97939604517499,1.32608587408946,0.712140194386337
-105.256911837673,-68.4329275383061,-35.0318459220453,-12.5186611294235,-1.41469316496258,1.53958474524172,0.738553306434274
-104.478114671286,-67.303626875404,-33.8668197065547,-11.5819755722596,-0.856285751629037,1.74255710179699,0.761205600550126
-103.657745178644,-66.141254994592,-32.6812389213451,-10.6404007277886,-0.306381249994545,1.9340711689045,0.780049985841324
-102.798166234569,-64.9487225093854,-31.4781333015292,-9.69683440751006,0.232887418759461,2.11333009065328,0.795060593370603
-101.90119850746,-63.7286107896076,-30.2603831379195,-8.75409030445042,0.759511078073907,2.27966424566408,0.806223064377209
-100.969045652394,-62.483746200875,-29.0309795533739,-7.81494972786662,1.27164117079289,2.43256520038163,0.813543463388796
-100.003736481355,-61.2168315003232,-27.7928225821318,-6.88206753558901,1.76762377163382,2.57168655098589,0.817045856124794
-99.0073993104542,-59.9305972693434,-26.5487672561573,-5.95795343821762,2.24603297533653,2.69685771526324,0.816776130522696
-97.9820854070182,-58.6276720149716,-25.3015382384402,-5.04491996991278,2.70569302368408,2.80808161055804,0.812801740474943
-96.9298183131722,-57.3105915624897,-24.0537106574773,-4.14505292107453,3.14569530628006,2.90553182447462,0.805212622426543
-95.8525345608267,-55.9817440217298,-22.8076657018639,-3.26018259056479,3.56540371642945,2.98954085900393,0.794120452740964
-94.7520751876378,-54.6433484167776,-21.5655660263025,-2.39186742355859,3.96445126969694,3.06058416247917,0.779657520543048
-93.6301595840505,-53.2974269475671,-20.3293344242321,-1.54138709116186,4.34272654010182,3.11925890038924,0.761974688935513
-92.4883722335541,-51.9457897889844,-19.1006442336495,-0.709746473979853,4.70035182378566,3.16625955925658,0.74123880812728
-91.3281512391861,-50.5900262631945,-17.8809188717025,0.102310592505207,5.03765420074322,3.20235144024373,0.717629650475994
-90.1507837189297,-49.2315052727335,-16.6713411213845,0.894279028173009,5.35513164960342,3.22834366230819,0.691336603986266
-88.9574064230806,-47.8713836039783,-15.4728706884534,1.66586356225489,5.65341629337435,3.24506300528167,0.662555313748858
-87.7490113805956,-46.5106212484602,-14.2862684870951,2.41694524526053,5.93323689862309,3.25332978270675,0.631484460329535
-86.526456181454,-45.1500025514195,-13.1121258213721,3.14754561533437,6.1953825613654,3.25393666504458,0.598322832377493
-85.2904774717885,-43.7901613364609,-11.9508963910596,3.85779057631567,6.44066913057704,3.24763103530156,0.563266802152795
-84.0417072539946,-42.4316086867343,-10.8029293067019,4.54787581003742,6.66990959603608,3.23510119670202,0.526508274665116
-82.7806903842657,-41.0747615039505,-9.66850130978912,5.21803515759826,6.88388916900331,3.21696643765871,0.488233128239132
-81.5079026644921,-39.7199706245569,-8.54784682339594,5.86851304679667,7.08334545979664,3.1937707778899,0.448620132750476
-80.2237686787917,-38.3675473017483,-7.44118471763324,6.49954165271009,7.26895379691987,3.16598005016656,0.407840299200677
-78.92867837898,-37.0177869776702,-6.34874097787413,7.11132310294963,7.44131743787669,3.13398186447218,0.36605659265578
-77.6230022588579,-35.6709898559437,-5.27076684200095,7.70401679066128,7.60096228672418,3.0980879845456,0.32342393339346
-76.3071043365665,-34.3274776503821,-4.20755216806841,8.27773156035807,7.74833553780939,3.0585386139997,0.280089404020223
-74.9813529593385,-32.9876064135794,-3.15943408604374,8.83252240217704,7.88380765474957,3.01550814258968,0.236192587461792
-73.6461290737963,-31.6517753031545,-2.12680113777143,9.3683911141607,8.00767702219963,2.96911192910061,0.191865966960122
-72.3018321589451,-30.3204315036736,-1.11009328746949,9.88529035200742,8.1201766620133,2.91941377021933,0.147235332811004
-70.9488835414232,-28.9940714047578,-0.1097982796741,10.3831303670394,8.22148237811265,2.86643373889798,0.10242015239246
-69.5877277180658,-27.6732385981162,0.873555070131908,10.8617878199578,8.31172183468131,2.81015616425682,0.0575338764083424
-68.2188314249858,-26.3585189376382,1.83940603086977,11.3211159389864,8.39098402744835,2.75053753637734,0.012684165606866
-66.842681035387,-25.0505333022053,2.78717289248258,11.7609554282046,8.45932876473574,2.68751419569215,-0.0320269634393515
-65.4597785740564,-23.7499285953324,3.71626502866521,12.1811455417376,8.51679581176212,2.62100969096045,-0.0765030653632781
-64.0706365542394,-22.4573674958326,4.62609544437535,12.5815347859223,8.56341341218131,2.55094171796565,-0.120653249013831
-62.6757720768933,-21.173517552704,5.51609322124857,12.9619908332091,8.59920600462177,2.47722858789579,-0.164392193556575
-61.27570060377,-19.8990401710159,6.38571535226905,13.3224093288574,8.62420102530474,2.39979519674623,-0.207640171760991
-59.8709296683083,-18.6345799370422,7.23445753883181,13.6627213501264,8.63843474132244,2.31857848166875,-0.250323053483991
-58.4619527485573,-17.3807546635668,8.06186361868267,13.9828993762265,8.64195712053587,2.23353236645262,-0.292372263289201
-57.0492436930389,-16.1381465186435,8.86753342762211,14.2829617752946,8.63483582904492,2.14463221947527,-0.333724670154607
-55.6332518455709,-14.9072944444668,9.65112899030003,14.5629758649129,8.61715946353855,2.05187884877133,-0.374322391473138
-54.214397976457,-13.688687989792,10.412379035129,14.8230596793837,8.589040157477,1.95530206489439,-0.414112499065029
-52.7930710394587,-12.482762587863,11.1510819065823,15.0633826228048,8.55061571036659,1.85496384232558,-0.453046620636718
-51.3696260162414,-11.2898963067731,11.8671070791152,15.2841653068373,8.50205143923707,1.75096111745977,-0.491080438775057
-49.944382549775,-10.1104079065433,12.5603954286123,15.4856787471887,8.44354185860901,1.64342823446002,-0.52817309177886
-48.5176245321137,-8.94455611526891,13.2309585457253,15.6682432289338,8.37531235361849,1.53253905671838,-0.564286489938831
-47.0896004522888,-7.792539927042,13.8788773159883,15.8322270360389,8.29762092504956,1.41850873360576,-0.599384563084679
-45.6605244319038,-6.65449974574778,14.504300009947,15.978045244429,8.21076006828208,1.30159509823679,-0.633432460398975
-44.230577923249,-5.53051920492272,15.1074401232333,16.1061587535153,8.11505881409325,1.18209965159936,-0.666395727925
-42.7999118522413,-4.42062747714773,15.6885741106796,16.2170736107997,8.01088487681583,1.06036805940249,-0.698239489520036
-41.3686491961095,-3.32480194146643,16.2480391735216,16.3113406940979,7.89864684238783,0.936790071116345,-0.728927661828843
-39.9368878990402,-2.24297108816256,16.7862311808205,16.3895557231164,7.77879626331189,0.811798745829438,-0.75842223452053
-38.5047040136537,-1.17501757217567,17.303602739,16.4523594989877,7.65182947625458,0.685868851306708,-0.786682647603109
-37.0721550723336,-0.120781364789259,17.8006614134429,16.5004382552202,7.51828893784301,0.559514293235342,-0.813665300082027
-35.6392835436192,0.919937024518751,18.2779679872934,16.5345238846736,7.37876380990105,0.433284425593212,-0.839323220786363
-34.2061204325931,1.94737325244382,18.7361346865143,16.5553938477203,7.2338895432065,0.307759106172256,-0.863605934492772
-32.772688873417,2.96179574907385,19.1758231599154,16.5638704380685,7.08434615777848,0.183542381976843,-0.886459548465204
-31.3390077626165,3.96350219279228,19.5977420761134,16.5608191571729,6.93085497130699,0.0612547343083141,-0.907827083464534
-29.9050953283366,4.95281580578778,20.0026441070825,16.5471458787987,6.77417353002517,-0.0584761275710588,-0.927649061585244
-28.4709725484238,5.9300814148793,20.3913220715934,16.5237925150877,6.61508856054259,-0.175025853473378,-0.945864352288885
-27.0366664466191,6.89566125131698,20.7646041148017,16.4917310146905,6.45440687696108,-0.28778525220934,-0.96241126804346
-25.6022131273952,7.84993045418609,21.123347733207,16.4519555120399,6.29294425393549,-0.396173028069432,-0.977228879999386
-24.1676604953868,8.7932722738229,21.4684325680467,16.4054725976422,6.13151243144347,-0.499649064683884,-0.990258509135392
-22.7330705900443,9.72607299541781,21.8007519561757,16.3532897956788,5.97090456110452,-0.597727762640952,-1.00144533045237
-21.2985214802551,10.6487166344999,22.1212033241184,16.2964024789077,5.81187955399275,-0.689990853653431,-1.01074001271192
-19.8641086835629,11.5615794903516,22.4306776169285,16.2357795973635,5.65514592510566,-0.776099064881641,-1.01810030534136
-18.4299460475512,12.4650246431463,22.7300479960831,16.1723486867607,5.50134581780739,-0.855802001414153,-1.02349247657215
-16.9961661364622,13.359396540193,23.0201582056676,16.1069807829563,5.35103996810336,-0.92894566662189,-1.02689251308852
-15.5629201446401,14.2450158073307,23.3018110177938,16.0404758894681,5.20469435088318,-0.995477142926957,-1.02828700006093
-14.1303773701409,15.1221743994497,23.5757571626826,15.9735496273958,5.0626691757751,-1.05544610645482,-1.02767361769184
-12.6987243640317,15.9911312381015,23.8426852172167,15.9068216992929,4.92521079010389,-1.10900304038959,-1.02506121897162
-11.2681638604213,16.8521084510418,24.1032128519931,15.8408066724599,4.79244686117637,-1.15639421646255,-1.02046948106628
-9.83891356432146,17.7052882411196,24.3578796755049,15.7759073855593,4.66438498572598,-1.19795371065047,-1.01392814900349
-8.41120495310098,18.5508104799762,24.6071419631508,15.7124112102715,4.5409146895917,-1.23409290111297,-1.00547592408317
-6.98528216783738,19.388770993459,24.8513693062462,15.6504891277093,4.42181255074785,-1.2652880219861,-0.995159065408618
-5.56140108994188,20.2192205229265,25.090843175002,15.5901974602208,4.30675002729134,-1.29206642794544,-0.983029790555549
-4.13982866353421,21.0421643004771,25.3257572597241,15.5314819419518,4.19530344864561,-1.31499224375809,-0.969144566465768
-2.72084250009112,21.8575621545039,25.5562193709651,15.4741837107694,4.08696556563671,-1.3346520401589,-0.953562379798245
-1.30473077990519,22.6653290810822,25.7822546585687,15.4180467695938,3.98115805265364,-1.35164110293568,-0.936343068640724
0.108207568239438,23.4653361321032,26.0038097854799,15.3627263947565,3.8772443791722,-1.36655075070677,-0.917545780282332
1.51766243400499,24.2574116010141,26.2207578355078,15.3077980825518,3.7745425669914,-1.37995704255379,-0.897227608756995
2.9233118875306,25.0413423602166,26.4329035966889,15.2527665857123,3.67233742409448,-1.39241108432806,-0.875442442859297
4.32482139336417,25.816875348058,26.6399890425485,15.1970747519925,3.56989197787134,-1.40443103473165,-0.852240044274912
5.72184293194481,26.5837191016633,26.8416987512403,15.1401118861247,3.46645792108532,-1.41649580632274,-0.82766535687764
7.1140140973878,27.3415453616938,27.0376651736934,15.0812215122333,3.36128500168271,-1.42904038405992,-0.80175804109741
8.50095722509034,28.0899906988321,27.2274736167163,15.0197084400079,3.253629360782,-1.44245262125577,-0.774552215959553
9.88227861793892,28.8286582160866,27.4106669461925,14.9548451621863,3.14276090449457,-1.45707134006326,-0.7460763891282
11.2575679207427,29.5571193295971,27.5867499939592,14.8858776360716,3.02796983837936,-1.47318553994945,-0.716353550706983
12.6263977017614,30.2749156928625,27.7551937392864,14.8120305793265,2.90857253389581,-1.49103451400048,-0.685401407577735
13.9883232931504,30.9815613254783,27.9154393526685,14.7325124398726,2.78391691294064,-1.51080867628683,-0.653232735636655
15.3428829321787,31.6765450045548,28.0669022042134,14.646520220652,2.65338754038081,-1.53265091427318,-0.619855829143589
16.6895982658778,32.3593330366457,28.2089760042203,14.5532443798503,2.51641061170557,-1.55665829854815,-0.585275030148347
18.0279752421797,33.029372452987,28.3410371827835,14.4518739932729,2.37245899746548,-1.58288399630318,-0.549491322100394
19.3575054490737,33.6860947584881,28.4624496949113,14.341602398357,2.22105748566579,-1.61133925802145,-0.512502976333047
20.6776679265145,34.3289202938999,28.5725703716149,14.2216334889829,2.06178832086521,-1.64199536229623,-0.474306241347225
21.9879314809387,34.9572632841898,28.6707549419765,14.091188810112,1.89429709639607,-1.67478542295821,-0.434896067651266
23.2877574781148,35.5705375578141,28.7563647658124,13.9495155293827,1.71829900121519,-1.70960597673416,-0.394266862037487
24.5766031945063,36.1681630809156,28.8287744291799,13.7958953814967,1.53358537645261,-1.74631829545844,-0.352413269135802
25.8539256061887,36.7495731245291,28.8873800656865,13.6296544962427,1.34003046023097,-1.78474936994502,-0.30933097541694
27.1191856023448,37.3142220471575,28.9316083761698,13.4501740277076,1.13759814978966,-1.82469253990311,-0.265017534239909
28.3718526014507,37.8615936310921,28.9609262485481,13.2569014134341,0.926348546768495,-1.86590776337532,-0.219473209618167
29.6114093111814,38.3912095665048,28.9748505787001,13.0493618971399,0.706443986721294,-1.90812152555195,-0.172701832946913
30.8373566512825,38.9026380358435,28.9729581352184,12.8271700069977,0.478154220251917,-1.95102642962071,-0.124711667581414
32.0492184818211,39.3955018218443,28.9548948696489,12.5900404282762,0.241860366481013,-1.99428051438536,-0.075516269014687
33.2465460152034,39.8694856520735,28.9203842635214,12.3377977553099,-0.00194274615187246,-2.03750638730638,-0.02513532539905
34.4289215932912,40.3243422163328,28.8692340696213,12.0703844749127,-0.252646233154818,-2.08029027910178,0.026404544517553
35.5959614945272,40.759896267039,28.8013407751938,11.7878665151345,-0.509529143294204,-2.12218115531181,0.0790690652739383
36.7473175329501,41.1760463219191,28.7166911948649,11.4904357450263,-0.771763058332437,-2.16269005453538,0.132815686059237
37.8826770787132,41.5727633431175,28.6153605186538,11.1784088244887,-1.03841947773477,-2.20128984009738,0.187593110028777
39.0017612123133,41.9500858975401,28.4975062814643,10.8522219446369,-1.30848003351285,-2.23741557635962,0.243341013096029
40.1043207400292,42.3081113768155,28.3633578447813,10.5124211642283,-1.58084942979388,-2.2704657542367,0.299989989795303
41.1901300364923,42.6469831896978,28.2132013053069,10.1596483146288,-1.8543708504856,-2.29980460864322,0.357461754733285
42.2589785233198,42.9668737713578,28.0473598135741,9.79462262990525,-2.12784342346617,-2.32476575893763,0.41566960920519
43.3106599748125,43.267963775092,27.8661697598867,9.41811859506116,-2.40004122240651,-2.3446574168948,0.474519159026472
44.3449598220505,43.5504179073094,27.6699534641112,9.030940706798,-2.66973321918067,-2.35876939569952,0.533909237309383
45.361640844553,43.8143582010325,27.458989322411,8.63389605002849,-2.93570361086583,-2.36638215821344,0.593732950903532
46.3604278326233,44.0598357989075,27.2334805995068,8.22776570665828,-3.19677204035747,-2.36677815271291,0.653878734016058
47.3409916484424,44.2868022200646,26.9935240081764,7.81327596182162,-3.45181338412766,-2.35925568579939,0.714231256303668
48.3029334628772,44.4950814350499,26.7390793996529,7.39107022028199,-3.69977703472698,-2.34314561954818,0.774672010351217
49.2457698546933,44.6843439490328,26.4699417222454,6.96168231720835,-3.93970587707079,-2.31783119783791,0.835079388164149
50.1689193089385,44.854083895775,26.1857161713125,6.52551163193998,-4.17075542368673,-2.28277131450798,0.895328053758158
51.071690925492,45.0036003215253,25.8857974378714,6.08280020172918,-4.39221382947653,-2.23752753598634,0.955287439765775
51.9532758960137,45.1319835411872,25.5693536894553,5.63361180056173,-4.6035236273461,-2.18179510852569,1.01481922637949
52.8127423715313,45.238107487249,25.2353159082927,5.17781289470965,-4.80430602126542,-2.11543801987293,1.07377371393197
53.6490347790487,45.3206293841918,24.882373501909,4.71505554680747,-4.99438840555661,-2.03852790057076,1.13198508099199
54.4609782101346,45.3779978130963,24.5089771217664,4.24476263361153,-5.17383528881718,-1.95138604051684,1.18926560600932
55.2472894059377,45.4084711856832,24.113350454696,3.76611642492561,-5.34298214475634,-1.85462710697891,1.24539906903321
56.0065957412852,45.4101487563079,23.6935132062518,3.27805237942054,-5.50247065908551,-1.74920214817523,1.30013370098748
56.737463719075,45.3810166072936,23.2473181270021,2.77926103908219,-5.65328250844479,-1.63643721090618,1.3531752366862
57.4384389763845,45.3190115409097,22.7725056222058,2.2682019970737,-5.79676728697535,-1.51806245841173,1.40418085726151
58.1080990733166,45.2221050670811,22.2667793378484,1.74313475561628,-5.93465850141488,-1.39622516784724,1.45275502560123
58.745119522775,45.0884084853675,21.7279053748513,1.20217165089498,-6.06907010304572,-1.2734787792333,1.49844841201823
59.3483523452827,44.9162980204808,21.1538359973383,0.643357443309213,-6.20246526190408,-1.15273972600099,1.54076121035877
59.9169135059319,44.7045549364165,20.5428551215005,0.0647781907812188,-6.33758947308919,-1.03720467825588,1.57915203486377
60.450273249811,44.4525114254706,19.8937383708372,-0.535301589238014,-6.47736246756985,-0.93022373576783,1.61305322529362
60.9483397670079,44.1601877563023,19.2059147196396,-1.15827971058027,-6.62472797783506,-0.835130326046643,1.64189265236496
61.4115244430987,43.8284023239435,18.4796115536826,-1.80504750055404,-6.78246729132495,-0.755035930447961,1.66512107013787
61.8407759316887,43.458834514869,17.7159615795326,-2.47582964441445,-6.95299068025011,-0.692606188596876,1.68224281792456
62.2375722224506,43.0540228467816,16.9170505202682,-3.17005457781891,-7.13812851452111,-0.649842477496889,1.69284653569818
62.6038645465501,42.6172879266922,16.0858899498045,-3.88627688700174,-7.33894870141617,-0.627897260312647,1.69663187395378
62.9419744837688,42.1525811298795,15.226309964317,-4.62216774705851,-7.55562696293543,-0.626950257608467,1.69342829377529
63.2544537722992,41.6642726958433,14.3427795200261,-5.37457952796268,-7.78739033446938,-0.646165067498263,1.68320307441024
63.5439233968263,41.1569041321543,13.4401750011278,-6.13967856681365,-8.03254315456012,-0.683733526104039,1.66605741408387
63.8129120830943,40.634935911654,12.5235262444795,-6.9131289507966,-8.28857141414161,-0.737000910253788,1.64221156469346
64.0637140995578,40.1025212393617,11.597771632211,-7.69030306127712,-8.5523093160279,-0.802652806121516,1.61198174089948
64.2982812361963,39.563329695345,10.6675493941895,-8.4664930933679,-8.82014409968115,-0.876937089629356,1.57575259851548
64.5181572062119,39.0204342160837,9.73704310101446,-9.23710165707517,-9.08823318692157,-0.955893200088102,1.53394924635947
64.7244552978899,38.4762634402298,8.8098881384297,-9.99779696594887,-9.35271082340624,-1.035564950049,1.48701212103605
64.917873755034,37.9326117192585,7.8891356916106,-10.7446265553062,-9.60986776475864,-1.11218041108718,1.4353769314354
65.098739729247,37.3906930377265,6.97726347634233,-11.4740908874227,-9.85629500405612,-1.18229055361619,1.37946064314414
65.2670706352308,36.8512222579258,6.07621866455092,-12.1831831134938,-10.0889890153184,-1.24286538469757,1.31965337581588
65.4226427434072,36.3145079786216,5.18747811083281,-12.8694035957522,-10.3054207056092,-1.29135133422596,1.25631532360112
65.5650576882489,35.7805434247106,4.31211294462271,-13.5307574813019,-10.503572618935,-1.32569636104238,1.18977735940911
65.6938007815924,35.2490860054898,3.45084821164893,-14.1657419354599,-10.6819497344329,-1.34435011221583,1.12034387366128
65.8082870169204,34.7197199457159,2.60411231441329,-14.7733268728621,-10.8395686080836,-1.34624602636444,1.04829648732844
65.9078933818647,34.1919004633419,1.77207505338915,-15.3529303355306,-10.9759286320486,-1.33077117807227,0.973897538732513
65.9919784971368,33.664981463314,0.954676465241689,-15.9043875402406,-11.090968260137,-1.29772838343257,0.897392588142219
66.059892056459,33.138231129251,0.151650997236153,-16.4279113623223,-11.1850084583559,-1.24729392469657,0.819011553669539
66.110977886022,32.6108414103189,-0.637447380451809,-16.924042063181,-11.2586856967313,-1.17997336914058,0.738968456101015
66.1445748437658,32.0819376780856,-1.41321389375605,-17.3935852186824,-11.3128773353837,-1.09655735429168,0.657460055375054
66.16001951057,31.5505939166995,-2.17635197352705,-17.8375388543928,-11.3486231130667,-0.998078826597295,0.57466387876094
66.1566533379094,31.0158566825977,-2.92762166774359,-18.257013147214,-11.3670472435277,-0.885772942141039,0.490736244496438
66.1338355428023,30.4767784751413,-3.66777963880924,-18.653148302196,-11.3692861734103,-0.761040579715572,0.405810878869859
66.090961152093,29.9324582821722,-4.39751572073313,-19.0270375924678,-11.3564269825686,-0.625416099420334,0.319998616474525
66.0274819539084,29.3820847101684,-5.11739286880496,-19.3796627361296,-11.3294606599947,-0.480539594173769,0.233388500334919
65.9429270190142,28.8249757835118,-5.82779778305831,-19.7118476101041,-11.2892530873195,-0.32813345214324,0.146050401424925
65.8369192295044,28.2606095555612,-6.52890835724442,-20.0242339319928,-11.2365346791533,-0.169982626689787,0.0580390957801377
65.709184695157,27.6886410245272,-7.22068154222196,-20.3172792966793,-11.1719074632095,-0.00791764798683623,-0.0306003995942106
65.5595535307528,27.1089034784412,-7.90286174676412,-20.5912745815882,-11.0958663145727,0.156200856497797,-0.11982650867407
65.3879519732996,26.5213953744784,-8.57500612500231,-20.8463745582606,-11.0088291903554,0.320497538684522,-0.209594096409676
65.1943879823056,25.9262570331679,-9.23651986283397,-21.0826334427846,-10.9111699570698,0.483099109211155,-0.299847068259325
64.9789340652464,25.3237438061018,-9.88669244483362,-21.300036197949,-10.8032467771454,0.642154094624886,-0.390510811019765
64.7417118990274,24.7142035397575,-10.5247252678108,-21.4985168296246,-10.6854191268932,0.795857214974064,-0.481484669447737
64.4828834954899,24.0980659932421,-11.1497420268225,-21.6779567053933,-10.5580474149881,0.942480095788683,-0.572634608112157
64.2026531798759,23.4758504010581,-11.7607758796747,-21.8381588035032,-10.4214707974767,1.08041007364432,-0.663786169004393
63.9012828076001,22.8481945572519,-12.3567309539593,-21.9787971130815,-10.2759608876303,1.20819878330557,-0.754717793306536
63.5791211355949,22.2159056051842,-12.936320025082,-22.0993442407824,-10.1216517272872,1.32462192998094,-0.845154541419019
63.2366460171504,21.5800290759665,-13.4979844487109,-22.1989838452456,-9.95844923728123,1.42875100183983,-0.934762220759168
62.8745160137205,20.9419292719027,-14.039806366023,-22.2765177837884,-9.78592636302907,1.52003653049513,-1.02314194246912
62.493626258596,20.3033710902734,-14.5594265311856,-22.3302806413376,-9.60321314776688,1.59840073835795,-1.10982521113024
62.0951618394165,19.6665909185104,-15.0539835845682,-22.3580764046938,-9.40889384630219,1.66433493870988,-1.19426983793603
61.6806405663018,19.0343424316211,-15.5200919581064,-22.357153217563,-9.20092575763131,1.71899389015282,-1.27585727394769
61.2519363896224,18.4099023970805,-15.9538756134387,-22.324232237772,-8.97659647537158,1.76427565911997,-1.35389237934893
60.8112741781612,17.7970220755882,-16.3510726528039,-22.2556046759765,-8.73253701824535,1.80287186764998,-1.42760708722028
60.3611876480801,17.1998125692095,-16.7072209761583,-22.1473067403892,-8.46480710757659,1.83827040890647,-1.49616976623489
59.9044342615958,16.6225579517288,-17.0179264636052,-21.9953741770364,-8.16906439948526,1.87469207648744,-1.55870210727877
59.4438654568406,16.0694591498298,-17.2792025639582,-21.7961663798533,-7.84082088647856,1.91694567923588,-1.61430484789018
58.9822568951777,15.5443238759695,-17.4878542679815,-21.5467350485091,-7.47577652697461,1.97019442586545,-1.66209242233943
58.5221120326568,15.0502321519322,-17.6418632020472,-21.2451969553205,-7.07020381641267,2.03964001230823,-1.70123473528697
58.0654601425416,14.5892193899989,-17.7407181250629,-20.8910582883698,-6.62134056840399,2.13014827124687,-1.73100198939747
57.6136763704632,14.1620256553139,-17.7856324555834,-20.4854351627949,-6.12773694597011,2.24585756502005,-1.75080654582888
57.1673518016231,13.7679559831144,-17.7796011198745,-20.0311244827123,-5.58950178695775,2.38982267291063,-1.76023490498348
56.7262359990873,13.404881383728,-17.7272737259595,-19.5325023590979,-5.00840573690277,2.56374760624406,-1.75906373225826
56.2892622349985,13.069385681868,-17.6346543148258,-18.9952585271479,-4.38782301155761,2.76784833188308,-1.74725645874238
55.8546506541959,12.7570363243962,-17.5086707736575,-18.4260063160084,-3.7325236123325,3.00086332790233,-1.7249407643297
55.4200707525947,12.4627355561688,-17.3566795132671,-17.8318292559616,-3.04835459763203,3.2602028652324,-1.69237106095432
54.9828357620555,12.1810979151166,-17.1859771970252,-17.2198315782194,-2.34186491803564,3.54220493349776,-1.64988280014838
54.5401002138518,11.9068026248702,-17.0033813616134,-16.5967507560051,-1.61993005315369,3.84245280331728,-1.59784639049333
54.0890363469995,11.6348821576807,-16.8149206276596,-15.9686704053268,-0.889421958604271,4.15610803991928,-1.53662772145182
53.6269740169884,11.3609260221763,-16.6256507735891,-15.3408488001286,-0.156951960041159,4.47822112075927,-1.4665603558051
53.1514979780553,11.081196123591,-16.4395912005773,-14.717657588095,0.571304903964072,4.80399504991889,-1.38793207491951
52.6605047708382,10.7926636169171,-16.2597611555118,-14.1026107941552,1.28971142904119,5.12899103811291,-1.30098627627426
52.1522267690471,10.4929855162738,-16.0882867744071,-13.4984562039171,1.99321336009825,5.44927623919122,-1.20593700373746
51.6252337395812,10.1804429097526,-15.9265475656201,-12.9072988968779,2.67735022749284,5.76152042252514,-1.10299518594329
51.0784223849071,9.85386236121135,-15.7753325092874,-12.3307284115111,3.33825335782287,6.06305134002113,-0.992402826717755
50.5110024892983,9.51253896534127,-15.6349803430727,-11.7699257856091,3.97264759975585,6.3518782542588,-0.874471299326074
49.9224848489439,9.15617414593743,-15.5054853330784,-11.2257341180543,4.57786513171579,6.62669067153721,-0.74961948271972
49.3126718274159,8.78483407170651,-15.386558982834,-10.6986863599874,5.151869396803,6.8868358012868,-0.618407311296063
48.6816465702918,8.39892602119156,-15.277649497913,-10.1889963253776,5.69327634726137,7.13227450832324,-0.481560548964692
48.0297530347175,7.99918138855545,-15.1779335002847,-9.69653207258281,6.20135120613436,7.36351240609496,-0.33998343567941
47.3575570005833,7.58662713251377,-15.0863060603543,-9.22080197272901,6.67595480210303,7.58150097482734,-0.194757373616552
46.6657791931493,7.16252462226057,-15.0014022171595,-8.76098922987316,7.11741682818334,7.78750375852487,-0.0471259047799013
45.9551963741245,6.72825794522421,-14.9216825940819,-8.31606708816681,7.52632523990124,7.98292513465321,0.10153149262425
45.2265138164093,6.28516321756027,-14.8456056221679,-7.88501304842129,7.90323993221547,8.16910366225802,0.249732380594004
44.4802215671385,5.83430485186079,-14.7718902594831,-7.46711792015362,8.24836079811002,8.34707808432875,0.395925826503263
43.7164549579041,5.37622096965306,-14.699849510918,-7.06235901279553,8.56119982723167,8.5173409183695,0.53852362290912
42.9348849798462,4.91067453457692,-14.6297516372787,-6.67178214729752,8.84031910428638,8.67960153709552,0.675925542254969
42.1346651619837,4.4364562216589,-14.56314761532,-6.29781980418001,9.0831983650458,8.8325871524246,0.80653898273412
41.314457752547,3.95128749218723,-14.503093720911,-5.94446632057183,9.2862861252338,8.97391533956514,0.92879671125902
40.4725534860336,3.45186661523558,-14.4541996214373,-5.61723806355996,9.4452675241823,9.10007411661614,1.04117901208194
39.6070860842263,2.93408538871341,-14.4224472665419,-5.3228689084084,9.55555039927217,9.20654227460192,1.14224733555045
38.7163251102346,2.39341921961977,-14.4147561143466,-5.06873054049374,9.61292999814278,9.28806989284305,1.23069463975118
37.7990111676485,1.82545901688965,-14.4383160547577,-4.86202172429777,9.61434675706298,9.33911423855536,1.30541277160794
36.8546796260407,1.226515222416,-14.4997651181217,-4.70883247482544,9.55861095201,9.35439096606144,1.36557024653055
35.8839103858083,0.594193183586317,-14.6043409717188,-4.61324081187182,9.44694877140423,9.32946312587735,1.41068682864708
34.8884480476622,-0.0721709953424625,-14.7551629079122,-4.57661875260433,9.28324187897254,9.26126520309473,1.44068742996413
33.8711616269248,-0.771303792871858,-14.9527869305043,-4.59729349876825,9.07389162445876,9.1484606146502,1.455919601206
32.8358497543639,-1.50005579244999,-15.1951176404788,-4.67063122907108,8.82732575138857,8.99156413281638,1.45712662195293
31.7869334863547,-2.25370637039749,-15.477674695818,-4.78950950460395,8.55324986808857,8.79281627406198,1.44537930113124
30.7291013248613,-3.02643275161259,-15.7941303882804,-4.9450574932079,8.26179692376646,8.55585423716041,1.42197965906293
29.6669725556378,-3.8118394212463,-16.1369867797169,-5.12750082015534,7.96272973762446,8.28526246945744,1.38835486609857
28.6048287009797,-4.60345133333726,-16.4982571884818,-5.32695737007766,7.66481135584831,7.98609524249909,1.34595898326167
27.5464377955199,-5.39510472469531,-16.8700486629949,-5.53407697919535,7.37539797969611,7.66344722829289,1.29619473304961
26.4949723389581,-6.18120693294298,-17.2449896475633,-5.74047696046109,7.10025318370852,7.32211826340604,1.24036061218957
25.4530055314279,-6.95686842737094,-17.6164916570118,-5.9389759314784,6.84354471004716,6.96638824352858,1.17962267937437
24.4225629462358,-7.71793007615186,-17.9788646660181,-6.12366026131667,6.60796918982417,6.59989551322425,1.11500656987
23.4052065691268,-8.46091664433437,-18.3273213079681,-6.28983050369171,6.39495094550511,6.22559967229204,1.0474037785872
22.4021317053384,-9.18294697796706,-18.6579079753444,-6.43387462604244,6.20487104837125,5.84580572366136,0.97758637503576
21.4142623603543,-9.88162638542373,-18.9673967546254,-6.5531070940156,6.03729580051598,5.462227960292,0.906225322884674
20.4423354632776,-10.5549404015475,-19.253164927295,-6.64560282003535,5.89118578903917,5.07607597249205,0.83390886316141
19.4869681027705,-11.2011631858593,-19.5130812833179,-6.7100455301492,5.76507594570271,4.68814968745473,0.761158635709515
18.548704745405,-11.8187889611046,-19.7454120345146,-6.74560242997719,5.65722341060701,4.29893438533056,0.688442213785715
17.6280433594503,-12.4064911245922,-19.9487539224754,-6.7518312447738,5.56572389513912,3.90868977948155,0.616181488804306
16.7254407960684,-12.963110682426,-20.1219980029129,-6.72862139114553,5.48859935046312,3.51752952907739,0.544756905077575
15.8412989880956,-13.4876731821864,-20.2643242731133,-6.67616774466455,5.42386071165076,3.12548916802161,0.474507959110146
14.975934627514,-13.9794311198703,-20.3752244840709,-6.5949728120762,5.36954976765873,2.73258158613616,0.405730680415331
14.1295359802702,-14.4379267607997,-20.45454795956,-6.48587089191494,5.32376410915134,2.33884004476042,0.338673019292205
13.3021114073567,-14.8630685426342,-20.5025631213319,-6.35006603049152,5.28466884354109,1.94434935792267,0.27352918811187
12.4934348736454,-15.2552128616658,-20.5200258149347,-6.18917437302045,5.25049844292055,1.54926634389998,0.210434032508078
11.7029940269331,-15.6152421089921,-20.5082444359325,-6.0052609995849,5.21955170912136,1.15383092386532,0.149458444702437
10.929946445707,-15.9446296697422,-20.4691317315797,-5.80086178779325,5.19018249399408,0.758369336481575,0.0906066866274889
10.1730891498893,-16.2454830931246,-20.4052338044255,-5.57898226152134,5.16078841738035,0.363290823919567,0.0338162786972759
9.43084557001862,-16.5205579384346,-20.3197284868529,-5.34306781169144,5.12979941107423,-0.0309210972997883,-0.021039139812188
8.70127289754519,-16.7732368890806,-20.2163878472996,-5.09694296063485,5.09566746743116,-0.423721953657484,-0.0741438356683853
7.98209109560892,-17.0074714388617,-20.099502880623,-4.844721163666,5.05685845144307,-0.814523614981251,-0.125731003583502
7.27073302604454,-17.227686817726,-19.9737723908814,-4.5906906250906,5.01184631466174,-1.2027150290632,-0.176071130035532
6.56441317082267,-17.4386543664246,-19.8441620489992,-4.33918513641171,4.9591095074581,-1.58768568542353,-0.225458248909244
5.86021060696135,-17.6453390898087,-19.7157433158699,-4.09445149174355,4.89712895520023,-1.96885075137517,-0.274194810328856
5.15516042225192,-17.8527329592696,-19.5935245875848,-3.86052602791642,4.82438668677146,-2.34567636601258,-0.322576013040233
4.44634692498219,-18.0656861718431,-19.4822880093663,-3.64113196718262,4.73936416414734,-2.71770314328889,-0.370874521205449
3.73099203401515,-18.2887486725039,-19.3864446616939,-3.43960654620857,4.6405396237063,-3.08456567503019,-0.419326480909915
3.00653316508937,-18.5260325754489,-19.3099181508762,-3.25886277952199,4.52638426266174,-3.44600583468878,-0.468119653238293
2.27068664901252,-18.781102975697,-19.2560625317955,-3.10138587407898,4.39535783093796,-3.80187800029133,-0.517384285896618
1.52149491513197,-19.0569005642337,-19.2276156701189,-2.96925965300702,4.2459049910957,-4.15214488949377,-0.567187066699941
0.757357949313922,-19.3556952853051,-19.2266845719921,-2.86421466518029,4.07645456650446,-4.49686343603983,-0.617528172746469
-0.0229485297241158,-19.6790665920063,-19.2547554856503,-2.78768743819756,3.88542435451792,-4.83616086907543,-0.668341087700707
-0.820264410992467,-20.0279034710612,-19.3127194614112,-2.74087975032707,3.67123452366244,-5.17020181778719,-0.719494559385077
-1.635041729638,-20.4024162408254,-19.4009033484469,-2.72480758703206,3.43233265164272,-5.49914771765729,-0.770795841367017
-2.46734225411025,-20.8021524596749,-19.5190970532012,-2.74033122044801,3.1672332936431,-5.8231101072636,-0.821994242023519
-3.31683272759096,-21.226010528665,-19.6665695920399,-2.78816006180372,2.87457457300991,-6.14209955375667,-0.872783994641089
-4.18277551709857,-21.6722465744545,-19.8420688100312,-2.86882820385379,2.55319372592635,-6.45597206112623,-0.922805567461963
-5.0640138239186,-22.1384726717659,-20.043802302438,-2.98263866983091,2.20222277749864,-6.76437502068562,-0.971644747904504
-5.95895212708199,-22.6216469938056,-20.2693997064138,-3.12957628792975,1.82120444506859,-7.06669510276002,-1.01882914313306
-6.86553420809438,-23.118059362535,-20.5158594804715,-3.30919107017182,1.41022681525072,-7.36201115558737,-1.06382214949423
-7.78122291086129,-23.6233185991568,-20.779486402276,-3.52045632133406,0.970073011359368,-7.64905612755874,-1.10601494220839
-8.70298777667561,-24.1323512626884,-21.0558296472953,-3.76160890439135,0.502378703050038,-7.92619329182623,-1.14471763003642
-9.62730872172434,-24.6394244764482,-21.3396353268981,-4.02998349178766,0.0097857087145452,-8.19141341483879,-1.1791513823152
-10.5502057905908,-25.1382083719506,-21.6248316850307,-4.32185836779443,-0.503925778845635,-8.4423607096195,-1.20844402662854
-11.4673059103507,-25.6218946937734,-21.9045683925995,-4.63233684943133,-1.03374999826656,-8.67639566480844,-1.23163219012319
-12.373956747724,-26.083386440063,-22.171332457762,-4.95529436300963,-1.57344220679403,-8.89070149486034,-1.2476733424986
-13.2653939057154,-26.5155668302848,-22.4171595461544,-5.28342410512887,-2.11560931011982,-9.08243693121345,-1.25547079385278
-14.1369599321655,-26.9116433042652,-22.6339489340355,-5.6084107124304,-2.65192952132449,-9.24893081516512,-1.25391352992552
-14.9843619223037,-27.2655438111369,-22.813871759301,-5.92124819926154,-3.17351115055506,-9.38790370886304,-1.24193057388394
-15.8039405381059,-27.5723211702895,-22.9498372382633,-6.21269422426138,-3.67137546186998,-9.49769024184149,-1.21855651301981
-16.592911019499,-27.8285032179265,-23.0359558661574,-6.4738202943461,-4.13701661387957,-9.57742669960583,-1.18300157490426
-17.349531219651,-28.0323194763432,-23.0679209436308,-6.69658468815725,-4.56296145900267,-9.62716562972824,-1.1347172175736
-18.0731578530751,-28.1837467281054,-23.0432301627745,-6.87433363579743,-4.94323511522964,-9.647886636345,-1.07344775934597
-18.7641709311045,-28.2843469068242,-22.9611921864282,-7.00213759187706,-5.2736446936758,-9.64139012746152,-0.999260681552543
-19.4237741337957,-28.3369148481357,-22.8227062845542,-7.07689774771399,-5.55182610319026,-9.6100847023047,-0.912552500811277
-20.0537072565128,-28.3449972142172,-22.6298539849062,-7.0972071836138,-5.77704984067482,-9.55670186033542,-0.814032111868124
-20.6559264437572,-28.3123727353666,-22.3853839976264,-7.06300636479412,-5.94983553880721,-9.48398645955338,-0.704687448028576
-21.2323125427765,-28.242588804564,-22.0921921978973,-6.97511678403561,-6.0714650734862,-9.39441387257935,-0.585742896399379
-21.7844568253331,-28.1386300155581,-21.7528921492353,-6.83475706441033,-6.14349932743489,-9.28997571250289,-0.45861392380567
-22.3135510606856,-28.0027581108601,-21.3695428016756,-6.64313938928765,-6.16739257095541,-9.17205961843509,-0.324862681016556
-22.8203826358879,-27.8365214040713,-20.9435588114631,-6.40121570323641,-6.14426704918993,-9.04143025354653,-0.186155357283933
-23.3054123067595,-27.6408961093664,-20.4757872333933,-6.1096026003067,-6.07486907495841,-8.89830266011665,-0.0442200204216356
-23.7688973785697,-27.4164998237711,-19.9667019619701,-5.7686721537202,-5.9596874290699,-8.74248768691187,0.0991967410973538
-24.2110195609441,-27.1638126304044,-19.4166508576601,-5.37876279193278,-5.79918410714247,-8.57358310302899,0.242374936856192
-24.6319836450475,-26.8833525620133,-18.8260915693471,-4.94044611140208,-5.59407197657149,-8.39118269917393,0.383666633597212
-25.0320679752637,-26.5757752691206,-18.195768590039,-4.45478479424739,-5.34557547946671,-8.19507846132671,0.521538419471646
-25.4116253218962,-26.2418949000322,-17.5268095657601,-3.92353130017043,-5.0556263451278,-7.98543645483986,0.654606521980955
-25.7710479646686,-25.882646480509,-16.8207451316881,-3.34924056414232,-4.72697005063684,-7.76293386697911,0.781660529069297
-26.1107196418064,-25.4990235787847,-16.0794761052042,-2.7352945139511,-4.36318268179393,-7.52885112437039,0.901673187111275
-26.4309780104878,-25.0920265943088,-15.305220341877,-2.08585474632208,-3.96861528582783,-7.28511780747771,1.01379599288295
-26.7321056987401,-24.6626485806916,-14.5004688390201,-1.40576835656699,-3.54829046562099,-7.03431363034157,1.11734259947519
-27.0143586107154,-24.2119113070177,-13.6679698314475,-0.700450773559627,-3.1077742542263,-6.77962617847142,1.21176385049788
-27.2780300083178,-23.7409490577473,-12.8107453478624,0.0242384243075282,-2.65303841733902,-6.52476626609746,1.29661922685354
-27.5235405505351,-23.2511252082216,-11.9321313689098,0.762121079235599,-2.1903184768849,-6.27384094640592,1.37154959222622
-27.7515387537133,-22.7441583997668,-11.0358230507462,1.50683072423022,-1.72596459147853,-6.03118450891636,1.4362554675348
-27.962993839866,-22.2222319154307,-10.1259020114143,2.25195579314616,-1.26627842259938,-5.80115021550335,1.49048385879023
-28.1592632685906,-21.6880611414288,-9.20682358093129,2.99120381551156,-0.817330150978377,-5.5878703164081,1.53402509581181
-28.3421201189135,-21.144899310024,-8.28334780455384,3.71858955800287,-0.384755468233063,-5.39499855970113,1.56671939811551
-28.5137308946209,-20.5964706884639,-7.36040802510656,4.4286415259163,0.0264589049270638,-5.22545662051173,1.58847119421142
-28.676581536529,-20.0468318427178,-6.44292336030555,5.11661153518619,0.412183313606961,-5.08121143004806,1.59926782546057
-28.8333577920476,-19.5001741396735,-5.53557408073989,5.77866409438162,0.769322031430749,-4.96311197846566,1.59919846291235
-28.9867940626786,-18.9605918024874,-4.64256885136407,6.41201883356277,1.09593203679137,-4.87081006295055,1.58846907962317
-29.1395106062921,-18.4318469285039,-3.76743729808138,7.01502189410186,1.39126126589287,-4.80277944953298,1.56741021085926
-29.2938610766416,-17.9171639576405,-2.91287885348812,7.5871310211673,1.65569430869666,-4.75643378294983,1.53647582156363
-29.4518099280887,-17.4190804696977,-2.08068963898339,8.12881202434761,1.89060749733596,-4.7283285939351,1.49623346111403
-29.6148532250812,-16.9393705623701,-1.27177564724834,8.64135807434091,2.09814934319155,-4.71442074385727,1.44734753980555
-29.7839880406147,-16.4790439450509,-0.486246131513439,9.12665443674778,2.28097283225596,-4.71035233037094,1.39055856962897
-29.9597274822923,-16.0384118259589,0.276430638655016,9.58691746255233,2.4419510639108,-4.71172643317578,1.32666141983635
-30.1421520271385,-15.6172020656493,1.01723404976433,10.024437260906,2.58390680438722,-4.71434800480509,1.25648512265122
-30.3309845185155,-15.2147022197962,1.73738664368195,10.4413494714384,2.70938100513543,-4.71441242364113,1.18087581845268
-30.5256755805884,-14.8299095538223,2.43816197091097,10.839454626892,2.82045722528809,-4.70863409918289,1.10068337410379
-30.7254882178246,-14.461670951272,3.12072263222423,11.2200958234659,2.91865024060898,-4.69431613115124,1.01675134152604
-30.9295734287556,-14.1088009788081,3.78599956701558,11.5840980570269,3.00485931282293,-4.66936820604272,0.929909370908951
-31.1370321974566,-13.7701719777909,4.43461719602998,11.9317665793485,3.07938042360676,-4.63228350477577,0.840966995911179
-31.3469623026246,-13.4447747691382,5.06686380000906,12.2629372000214,3.14196745745989,-4.58208670435778,0.750707793071658
-31.5584904863838,-13.1317517556694,5.68270291946031,12.5770685233788,3.19192976562533,-4.51826475293385,0.659883177118774
-31.7707914296005,-12.8304056845427,6.28181960554054,12.8733644290077,3.22825256136707,-4.44069055958921,0.569205423171021
-31.983095002634,-12.5401873705309,6.86369480629595,13.1509145132889,3.2497269839924,-4.34954758713555,0.47933983405089
-32.1946823888302,-12.2606646239929,7.42770149767727,13.4088403330249,3.25507814306439,-4.24526089018123,0.390896246775368
-32.4048706025085,-11.9914732723363,7.97321677232193,13.6464359875025,3.24308173958937,-4.12843771163011,0.304420294150649
-32.6129842535775,-11.7322503119259,8.49974437787633,13.8632926946355,3.21266261525006,-3.99981856199369,0.220385012031154
-32.8183134368491,-11.4825494869075,9.00704163489299,14.0593983752795,3.16297141073262,-3.86023790309131,0.139183514230493
-33.0200579743713,-11.2417414759602,9.4952431897488,14.2352049919091,3.09343811286093,-3.71059231434527,0.0611235431900614
-33.2172606152437,-11.0089041909126,9.96497188909655,14.3916584556996,3.00380335992022,-3.551813375815,-0.0135752820585633
-33.4087350253062,-10.7827129161664,10.4174249561611,14.5301885082746,2.89412985662923,-3.38484249389835,-0.0847807882776119
-33.5929976879065,-10.5613440466849,10.8544225573376,14.652659088688,2.76479712695951,-3.21060544234169,-0.152443627023809
-33.7682151195416,-10.3424086912513,11.278406644146,14.7612830786864,2.61648319678216,-3.02998532728485,-0.216588543658798
-33.9321785579635,-10.1229323926239,11.6923812910395,14.8585087456619,2.45013682731562,-2.8437938344924,-0.277301808807639
-34.0823166643151,-9.89939399044582,12.0997914542112,14.946888009844,2.26694372285089,-2.65274171091411,-0.334715545619553
-34.215752863895,-9.66783042452178,12.5043444099475,15.0289383579384,2.06828981595774,-2.45741027462737,-0.388990080072892
-34.3294086369203,-9.42400607994505,12.9097859614014,15.1070106172863,1.85572435448215,-2.25822622527256,-0.44029569390753
-34.4201476703094,-9.16363636454844,13.3196501764431,15.1831735531581,1.63092503038901,-2.0554420439922,-0.488795219933169
-34.4849500007295,-8.88264733738129,13.7370059185912,15.2591238778314,1.39566683556536,-1.84912393403924,-0.534628790502349
-34.521100708411,-8.57744758454209,14.1642248774203,15.3361270702223,1.15179567791293,-1.63914865280461,-0.577901769484529
-34.5263752237611,-8.24518604224717,14.602794109781,15.4149910403344,0.901207087517484,-1.42520989122861,-0.618676533695502
-34.4992031162146,-7.88397031202711,15.053191632385,15.4960716003479,0.645829644412727,-1.20683419679087,-0.65696839108936
-34.4387940989602,-7.49302386761503,15.5148370371088,15.5793061781981,0.387612145705301,-0.983405888480271,-0.692745581565582
-34.3452138479182,-7.07276682129971,15.9861214891952,15.6642705132648,0.128513097883446,-0.754200009119557,-0.725933035943987
-34.2194021949405,-6.62481262530125,16.4645136189804,15.7502520471991,-0.129509070599198,-0.518422047423545,-0.756419366497383
-34.0631318588757,-6.15188131993619,16.9467306675675,15.8363333597751,-0.384506581922733,-0.275252882768239,-0.784066415824845
-33.878911478201,-5.65763777968277,17.4289585183622,15.9214791867674,-0.634554789301267,-0.0238970956332374,-0.808720579655299
-33.669841749002,-5.14647004685389,17.9071004906072,16.0046212031735,-0.877767079544584,0.236367581444785,-0.830225030732757
-33.439437256666,-4.62322761790356,18.3770331826776,16.0847356624424,-1.11231197745455,0.506142292977318,-0.848431901079652
-33.1914292303533,-4.09294214090788,18.8348485050714,16.1609102563289,-1.33643151290855,0.785863520276243,-0.863213455717736
-32.929565159574,-3.56055315935126,19.2770637910747,16.2323977838347,-1.54845934392244,1.07576705867138,-0.874471324380113
-32.6574206455965,-3.03065954266906,19.7007863745208,16.2986555455768,-1.74683684925676,1.37586240970599,-0.882142989678424
-32.3782366194503,-2.50731337938556,20.1038243113182,16.3593703861686,-1.93012547230646,1.68591988112085,-0.886204958825105
-32.0947919174537,-1.99386801364035,20.4847405061047,16.4144700909913,-2.09701403021591,2.0054716727031,-0.886672372055068
-31.8093173410568,-1.49288621959606,20.8428525685288,16.4641222394663,-2.24632041924356,2.33382690664854,-0.883595182343487
-31.5234532357539,-1.00610892032889,21.1781847426593,16.5087216714622,-2.37698801312807,2.67009913212496,-0.877051422691678
-31.2382489082801,-0.534479968366692,21.4913810211508,16.548867623351,-2.48807791211785,3.01324354997003,-0.86713840113832
-30.9541990559118,-0.0782187322204591,21.7835898938223,16.5853313857295,-2.57875889168365,3.36210028336609,-0.853962871920824
-30.6713101848139,0.363070179377766,22.0563313032558,16.6190152163928,-2.6482973200794,3.71543961846619,-0.837631297487175
-30.3891887575215,0.790261748824892,22.3113554974798,16.650903234435,-2.69604941327573,4.07200528116156,-0.818241237742662
-30.1071426065215,1.20456141130946,22.5505019914461,16.6820051895486,-2.72145800819841,4.4305524322863,-0.795874710633266
-29.8242877512621,1.60735223578193,22.7755650522926,16.7132942558005,-2.72405563123397,4.78987798739633,-0.770594105202313
-29.5396538780233,2.000046893991,22.9881702410973,16.7456402329972,-2.70347511331102,5.14884189597106,-0.742440943585553
-29.252283321012,2.38395078285229,23.1896649220005,16.7797397836761,-2.65946846987447,5.50637900163595,-0.711437530393759
-28.9613199457361,2.7601405733265,23.3810242444749,16.8160454192489,-2.59193427441242,5.86150189638415,-0.677591318738111
-28.6660857304052,3.1293606000325,23.5627730026339,16.8546948911799,-2.50095334853094,6.21329571416667,-0.640901674871949
-28.3661441931784,3.49193805254769,23.7349232039005,16.8954426276949,-2.38683229599281,6.56090613305656,-0.601368640863886
-28.0613505843716,3.84771691332579,23.8969267545429,16.9375946788955,-2.25015415110312,6.90352192468871,-0.55900325184453
-27.7518893350348,4.19601004607561,24.0476426769342,16.9799485933049,-2.09183518454181,7.24035333823729,-0.513838953086146
-27.4382994793054,4.53556872782256,24.1853185481838,17.0207397253847,-1.91318663733921,7.57060748031243,-0.465943659542494
-27.1214886376093,4.86456916535178,24.3075863030101,17.0575956915822,-1.71597976995938,7.8934617039467,-0.415431990265985
-26.8027359033269,5.18061609578055,24.4114732949818,17.0875012066144,-1.50251207184798,8.20803595872578,-0.362477185233318
-26.4836834226959,5.48076432037222,24.4934302886236,17.1067762041949,-1.27567170084768,8.51336506647981,-0.307322162439981
-26.1663159543066,5.76155991197288,24.5493790462991,17.1110711394795,-1.03899619264933,8.8083720892479,-0.250289104365561
-25.8529270473325,6.01910370090267,24.574783027242,17.0953844485588,-0.796720167042122,9.09184429356596,-0.191786876653308
-25.5460699436238,6.24914033355876,24.5647453893377,17.0541082499014,-0.553805223753495,9.36241371587996,-0.132315494061757
-25.2484910964828,6.44717649148526,24.5141387815185,16.9811093041974,-0.315943615883766,9.61854497243087,-0.0724667795080485
-24.9630442453051,6.60863137708887,24.4177707357831,16.8698524431788,-0.0895259029798878,9.8585335290815,-0.0129203381252058
-24.692583764203,6.72902099370268,24.2705866191439,16.7135727671875,0.118437881051795,10.0805180404175,0.0455659689775253
-24.439837683458,6.80417471761647,24.0679086486745,16.5055002733356,0.300453302324874,10.2825103137604,0.10217167384849
-24.2072633573854,6.83047796739119,23.8057040772274,16.2391356202279,0.448739775279357,10.4624456073534,0.156035729856047
-23.9968923037179,6.80512867498175,23.4808687291268,15.9085684341177,0.555493364561807,10.6182541594044,0.206284607042428
-23.8101748127042,6.72638854001162,23.0915044753595,15.5088204257156,0.613207119222974,10.7479520015005,0.252065387311826
-23.6478386368848,6.593804132559,22.6371625654832,15.0361860097256,0.61503138393264,10.8497454632486,0.292581925136442
-23.50977839823,6.40836975040251,22.1190212486456,14.48853547411,0.5551456422763,10.9221400083011,0.327131313125404
-23.3949920169211,6.17260537639494,21.5399678117996,13.8655426670157,0.429104882544223,10.964041064996,0.355137315235817
-23.3015769385888,5.89053025014055,20.9045634195096,13.1688030071286,0.23412016762365,10.9748334565023,0.376177320861434
-23.2267920245352,5.56752493997805,20.2188831329636,12.4018188767377,-0.0307628519600587,10.9544274851827,0.389999865594991
-23.1671820982726,5.21009025713771,19.490240963477,11.5698467716065,-0.364612047466373,10.9032638621215,0.396530848706916
-23.118753150199,4.82552636984167,18.72682669111,10.6796202491168,-0.76469083408455,10.8222756641137,0.395868058552073
-23.0771792556548,4.42156640922029,17.9372933487378,9.73898010553256,-1.2266624487618,10.7128119407755,0.388265167316729
-23.0380189732008,4.00600320528608,17.1303389519718,8.75645429042338,-1.74488866617406,10.576532932943,0.374107622688332
-22.9969199011159,3.58634502061877,16.314322725872,7.74083277132885,-2.3127852325653,10.4152899598961,0.353883589465317
-22.9497944242368,3.16952769194411,15.4969463601339,6.70077726593656,-2.9231940649051,10.2310034404007,0.328153192821049
-22.8929560128858,2.76169914709219,14.685017804895,5.64449489225458,-3.56873689874859,10.0255506007788,0.297518877930767
-22.8232121441103,2.36808073298666,13.8843021137112,4.57949167463038,-4.2421242421217,9.80067110088894,0.262598933881927
-22.7379155827175,1.992900351442,13.0994532496678,3.51240947301325,-4.93640436648907,9.55789504236854,0.224005363763195
-22.6349796827099,1.63938617062598,12.3340138467385,2.44894029202149,-5.64514722161881,9.29849444849951,0.182326506208845
-22.5128653917202,1.30980673967148,11.5904667107131,1.39380586282764,-6.36256608052204,9.02345679209287,0.13811423576354
-22.3705481284064,1.00554308029172,10.8703216867434,0.350787695182527,-7.08358486658861,8.73347766908907,0.0918752225728063
-22.207472052599,0.727179852960563,10.1742233288599,-0.677207308702239,-7.80386164331135,8.42896912585281,0.044065590677316
-22.0234979529192,0.474605126293291,9.50206759551217,-1.68805901741557,-8.51977921467581,8.11008021800034,-0.0049116732904806
-21.8188495421935,0.247110942287079,8.85311884948842,-2.6803349394872,-9.22841290837797,7.77672689209152,-0.0547071006853021
-21.594061557878,0.0434893260051507,8.22612122552573,-3.65318810731716,-9.92748399618987,7.4286289758005,-0.105023297638071
-21.3499317888386,-0.137879566654508,7.6194007005641,-4.60625780798541,-10.6153052798133,7.06535274889478,-0.155611905257494
-21.0874782092896,-0.298948865854143,7.03095600357032,-5.53957684035439,-11.2907235133774,6.68635820060182,-0.206269049068293
-20.8079015584759,-0.441936441789486,6.45853783215497,-6.45348714944702,-11.9530616292228,6.29105051310007,-0.25682925582317
-20.5125530223752,-0.569265870865623,5.89971691876087,-7.3485641189492,-12.6020622923806,5.87883556070132,-0.307157750100014
-20.2029060433156,-0.683515476557103,5.35194246967485,-8.22554839015503,-13.2378331243051,5.44917925456403,-0.35714102387903
-19.8805305931202,-0.787373045859893,4.81259353027819,-9.08528271338529,-13.8607929475758,5.00167038687111,-0.406675600039364
-19.5470675648275,-0.883592734406005,4.27902704072991,-9.92865002827335,-14.4716176342458,4.53608629087091,-0.455654985211052
-19.2042002020341,-0.974949468248439,3.7486277080698,-10.7565077547818,-15.0711835222509,4.05246014577155,-0.503954923314809
-18.8536188922284,-1.06418495944412,3.21886622397509,-11.5696123953971,-15.6605059793305,3.55114820049118,-0.551417212861633
-18.4969752420338,-1.1539385407019,2.68737346671212,-12.3685282639787,-16.2406705022098,3.03289459546669,-0.597832526128301
-18.1358215864396,-1.24665580512345,2.1520387187378,-13.1535150153941,-16.8127540071677,2.49889093184109,-0.642922862200869
-17.7715329718392,-1.34446900169586,1.61113895742658,-13.9243909693384,-17.377734630178,1.95082724388042,-0.686324465567223
-17.40521072835,-1.44904580587218,1.06350337313829,-14.6803735396495,-17.9363898003975,1.39093062941767,-0.727572255628043
-17.0375698871094,-1.56140782666958,0.508711907630338,-15.4199043411078,-18.489184491007,0.821987398106686,-0.76608703967526
-16.6688170197476,-1.68172711325795,-0.0526813116745135,-16.1404745254519,-19.0361545870881,0.247344212679828,-0.801167035808889
-16.2985301547842,-1.8091175694349,-0.618918801117696,-16.8384746132796,-19.5767940720735,-0.3291166592508,-0.83198550486441
-15.9255574307365,-1.94144747242064,-1.18683485193794,-17.5091007629488,-20.109958710688,-0.903033010349139,-0.85759653197194
-15.547955027047,-2.0752073350809,-1.75171447021764,-18.1463537352142,-20.6338024029547,-1.46965382121331,-0.876951105329187
-15.1629860399071,-2.20547147504906,-2.30726052472247,-18.7431647993164,-21.1457640237858,-2.02396868830839,-0.888925428414363
-14.7671986783291,-2.32598876858912,-2.84571012971083,-19.2916717518418,-21.6426207147178,-2.56087479873341,-0.89236265182337
-14.3565933470812,-2.42942553772153,-3.35812653118059,-19.7836469111692,-22.1206169665176,-3.07537490687223,-0.886127760697581
-13.9268736723957,-2.50776051587583,-3.83486568632529,-20.211048766023,-22.5756666533892,-3.56279222196035,-0.869173210465012
-13.4737584509169,-2.55280098830379,-4.26618050525497,-20.5666356743451,-23.0036089008246,-4.01898040972867,-0.840610404164971
-12.9933142543728,-2.5567574398617,-4.64288864263264,-20.8445532656765,-23.4004820587032,-4.44050169210608,-0.799779916628484
-12.482257861776,-2.51279156980854,-4.95700386206315,-21.0407979592331,-23.7627686902156,-4.82474616325514,-0.746312316883774
-11.9381791697288,-2.41544937381873,-5.20222809314842,-21.1534751295577,-24.0875641776843,-5.16997270368844,-0.680172145167366
-11.3596505295816,-2.26091200778028,-5.37422687128655,-21.1828113583329,-24.3726350676842,-5.47526560745796,-0.601680086359967
-10.7462142474821,-2.04703836564635,-5.4706599471417,-21.1309353795442,-24.6163586688451,-5.74041790413327,-0.511511938646161
-10.0982681032578,-1.7732221318668,-5.49099639407825,-21.0014938785999,-24.8175652907,-5.96576731057628,-0.410676411778989
-9.41688998123357,-1.44012626078514,-5.43619040800443,-20.7991994324969,-24.9753298394238,-6.1520193395969,-0.300476035762389
-8.70365000997053,-1.04937634727972,-5.30831492722756,-20.5294087554189,-25.0887716036807,-6.30009193800901,-0.182456058728189
-7.96045085119031,-0.603286873832388,-5.11024044958341,-20.1978026227051,-25.156916824012,-6.41100791640873,-0.0583455310074758
-7.1894181227225,-0.10466621786965,-4.84541252797259,-19.8101960343686,-25.1786597228275,-6.48584831131674,0.070006330330884
-6.39284107370846,0.44329037991581,-4.51773766029341,-19.3724642417975,-25.1528303696836,-6.52576559750357,0.200696076588832
-5.57314643208323,1.03704251304977,-4.13154946230428,-18.8905409179925,-25.0783505091554,-6.53204389163704,0.331831703042908
-4.73288086676983,1.67272074098468,-3.69160652583273,-18.3704356422294,-24.9544386029889,-6.50618613887959,0.461594766523857
-3.8746808147376,2.34615616963568,-3.20307401114812,-17.8182281904154,-24.7808179821006,-6.45000655741113,0.588294927162749
-3.00121932477833,3.0529474658146,-2.67145843581591,-17.2400189003986,-24.5578870467647,-6.3657093952331,0.710412843097959
-2.11513288196256,3.78856808670378,-2.10248998126166,-16.6418379735529,-24.2868248813524,-6.25594066540808,0.826628297567568
-1.21894159472027,4.54849787138852,-1.50196868839892,-16.0295332092057,-23.969623162096,-6.1238057348314,0.935832268570518
-0.31498054008293,5.32835307070476,-0.875603210750895,-15.4086614193696,-23.6090501957505,-5.97285075225409,1.03712388255684
0.594641912642834,6.12398905338126,-0.228871421803033,-14.7844045159272,-23.2085618574369,-5.80700909034118,1.12979524071425
1.50804955032644,6.93155805542818,0.43307639152733,-14.1615207364782,-22.7721760220249,-5.6305152358003,1.21330848822523
2.42356666740483,7.74751636060048,1.10546397795449,-13.5443298429563,-22.3043240047448,-5.44778879910449,1.28727001067649
3.33965617257558,8.56858707065556,1.78389012591707,-12.9367220125088,-21.8096872100112,-5.26329152797613,1.35140630483328
4.25483975357227,9.39169330439181,2.46429830265018,-12.3421755679983,-21.293022550094,-5.08136134271324,1.40554506370286
5.16761494770432,10.2138809920328,3.14293325758505,-11.7637689796153,-20.7589782486996,-4.90602996617247,1.44960358340661
6.07638363791208,11.0322503187206,3.81630230929271,-11.204176759374,-20.2119029586821,-4.7408345214717,1.48358498118186
6.97940369773328,11.8439110021509,4.48115452825583,-10.6656454709331,-19.6556551245604,-4.58863769503687,1.50758114251931
7.87477090496108,12.6459701467745,5.13448410581515,-10.1499534002872,-19.0934247744996,-4.45147438707009,1.52178002749227
8.76043259209495,13.4355536946766,5.77355653007967,-9.65836361095399,-18.5275841714673,-4.33044363140977,1.52647416117371
9.63422887558899,14.2098551910772,6.39594954476009,-9.19158379540108,-17.9595852891754,-4.22566188111224,1.52206698724961
10.4939526621542,14.9662000151717,6.99959664479073,-8.7497464498023,-17.3899193799179,-4.13628722910057,1.509074292924
11.3374170093913,15.7021107134091,7.58281999640433,-8.33241960442109,-16.8181473506716,-4.06061483874509,1.48811901852223
12.162518148092,16.4153597717465,8.14434204197386,-7.93865241915054,-16.2430003318166,-3.99623375897788,1.45991914338996
12.9672846033906,17.1039998642265,8.68326986564276,-7.56705325471421,-15.6625403546786,-3.94022690393985,1.42526966742449
13.7499064010588,17.7663667521579,9.19905199187101,-7.21589195788149,-15.0743633820211,-3.8893911455383,1.38502063526965
14.5087426395907,18.4010555981781,9.69141235482864,-6.8832146847063,-14.4758231926093,-3.8404541547373,1.34005355364269
15.2423093881443,19.0068757425078,10.1602693772878,-6.5669588776985,-13.8642546619615,-3.79026823477868,1.29125839155323
15.9492526338279,19.5827917392909,10.6056492762461,-6.26505788750937,-13.2371785188659,-3.73596760356576,1.23951282275024
16.6283124093947,20.1278593013159,11.0276019997798,-5.97552810490693,-12.5924749685938,-3.67508256665102,1.18566465928145
17.2782845845646,20.6411643341833,11.4261263674759,-5.69653533182497,-11.928519322588,-3.60561030273041,1.13051775022846
17.8979864473484,21.1217720320775,11.8011087976411,-5.42644054628082,-11.2442777844166,-3.52604662288878,1.07482110937177
18.4862313988418,21.568691468485,12.1522779993543,-5.16382763078721,-10.5393651453257,-3.43538574604812,1.01926073427261
19.0418171225615,21.9808596235655,12.4791765438442,-4.90751689969029,-9.8140682983137,-3.33309605957816,0.964453479497676
19.5635304505664,22.357147311941,12.7811492990221,-4.65656847045334,-9.06934036778777,-3.21907944400694,0.910942394719342
20.0501707898903,22.6963879243681,13.0573481753407,-4.41027896530389,-8.30677027494339,-3.09362056443486,0.859193078277709
20.5005922061,22.9974280160846,13.306752202206,-4.16817401113332,-7.52853206317192,-2.95733102135904,0.8095907737546
20.9137621295206,23.2591965800907,13.5282014768035,-3.92999785739767,-6.73731765570909,-2.81109177385602,0.762438118720847
21.2888322306883,23.4807873980839,13.7204428743674,-3.69570038948369,-5.9362561046174,-2.65599600887956,0.71795361399325
21.6252147347559,23.6615466312076,13.8821846978322,-3.46542107530371,-5.1288219891118,-2.49329374983889,0.67627100660525
21.9226555966006,23.8011561006365,14.0121567252117,-3.23946900766037,-4.31873543333334,-2.32433896056702,0.637439851361841
22.181295318364,23.8997023482125,14.1091717829046,-3.0182982674412,-3.50985633443041,-2.15053968816868,0.601427535516958
22.4017087821587,23.9577225407031,14.1721849963656,-2.80247821944118,-2.70607567325515,-1.97331175975008,0.568123001743928
22.5849177741167,23.9762210532407,14.2003475644334,-2.5926590140945,-1.9112072269845,-1.794036638449,0.537342301630774
22.7323733217959,23.9566544524483,14.1930529942547,-2.38953329531485,-1.12888339837798,-1.6140241133172,0.508835957871092
22.8459090300082,23.9008869824593,14.1499750389899,-2.19379575736056,-0.362459117964715,-1.43448048549722,0.482297934828366
22.9276708533636,23.8111230444805,14.0710980154935,-2.00610264486704,0.385072247003671,-1.25648281202332,0.457375852183826
22.9800317412673,23.6898260274018,13.9567410221202,-1.8270333884115,1.1111474549668,-1.08095953784581,0.433681940379678
23.005501443552,23.5396343534425,13.8075780286009,-1.65705638330493,1.81368363858171,-0.908677588437682,0.410804171676137
23.0066416963621,23.3632850060899,13.6246554531462,-1.49650045545338,2.49110848699647,-0.740235733277387,0.388317007934598
22.9859953227658,23.1635525183675,13.4094078590919,-1.34553295352118,3.14236979798632,-0.576063842159026,0.365791289810428
22.9460346859291,22.9432077292288,13.1636708797546,-1.20414477843497,3.76692503043999,-0.416427571796434,0.342802933399265
22.8891313471925,22.70499659942,12.8896889283125,-1.07214214650172,4.36471259841892,-0.261438054208228,0.318940279956815
22.8175448931836,22.4516352865459,12.5901137793995,-0.949144521228871,4.93610753773889,-0.111066260783362,0.293810123165077
22.7334258411029,22.1858147146637,12.2679894190481,-0.834587991396983,5.48186484823014,0.0348381616423478,0.267042594395872
22.6388253786552,21.910206125529,11.9267187289216,-0.727733360119123,6.00305418944847,0.176523733279089,0.238295186545038
22.5357041070905,21.6274591951881,11.5700089603324,-0.627678296027586,6.50098973145285,0.314309891409415,0.207256230046461
22.4259327732769,21.3401859890502,11.2017953413919,-0.533373001816983,6.97715879873964,0.448556126695434,0.173648093294032
22.3112801407387,21.0509270978345,10.8261452385755,-0.443638935684544,7.43315253084278,0.579628387476766,0.137230276852781
22.1933861129581,20.7621000166858,10.4471483794689,-0.357190164100135,7.87060112233241,0.707864114086507,0.0978024306956746
22.0737215519479,20.4759335828169,10.0688010980939,-0.27265696004343,8.29111542177601,0.833537706410298,0.0552071827913994
21.9535390562444,20.1943950971756,9.69489365892743,-0.188611323651606,8.69623581010147,0.956828494698035,0.00933256010151166
21.8338208441028,19.9191181853291,9.32890921110714,-0.103594218779132,9.08738850798311,1.0777932743365,-0.0398862609449563
21.7152306184478,19.6513393985538,8.97394099043891,-0.0161444655002339,9.46584895446574,1.19634515177192,-0.0924661073618824
21.5980755786248,19.3918499596653,8.63263143286229,0.0751706743661588,9.83271162906204,1.31223986947344,-0.148376003974832
21.4822833975297,19.1409669170498,8.30713388559557,0.17172323913835,10.1888658921996,1.42507008202111,-0.207538413890932
21.3673968421723,18.8985253678471,7.99909508809242,0.274790972173234,10.5349777985415,1.53426737853394,-0.269831392646953
21.2525868049579,18.6638914071122,7.70965527811375,0.385523334469202,10.8714785152606,1.63911136958252,-0.335091416282074
21.1366827590737,18.4359939920241,7.43946260751771,0.504908922146509,11.1985606241858,1.73874495829438,-0.403116586779253
21.0182184241354,18.2133732047261,7.18869937606847,0.633747033297598,11.5161841271237,1.83219502932984,-0.473669917359377
20.8954896468742,17.9942422089034,6.9571189054681,0.772626955682825,11.8240942294391,1.91839815762559,-0.54648244355984
20.766621090773,17.7765602751885,6.74409315307412,0.921919019339282,12.1218528604246,1.99623145176426,-0.621255971321926
20.629638257052,17.5581144254705,6.54867198540683,1.08178138333142,12.4088854166,2.06454917569537,-0.697665336830627
20.4825414077092,17.3366072486298,6.36965508642832,1.2521857875493,12.6845433445804,2.12222619179918,-0.775360090441889
20.3233782837043,17.1097483974314,6.20567677461063,1.43296410347153,12.9481821091606,2.16820944704144,-0.853965523556803
20.150312877583,16.8753470490644,6.05530260560832,1.6238755619584,13.1992528042426,2.201578586813,-0.933082931382676
19.9616880787055,16.6314024224189,5.91713484497939,1.82469221994856,13.4374043552575,2.22161630008949,-1.01228896894827
19.7560806986351,16.3761893452251,5.78992199295969,2.0352977898918,13.6625919920273,2.22788815091458,-1.09113394349442
19.5323479608178,16.1083357414457,5.67266575285219,2.25579261148881,13.8751863399896,2.22033039861152,-1.16913892035273
19.289665175065,15.8268889665352,5.56471743928195,2.48659550427261,14.0760762311064,2.19934266344297,-1.24579164735984
19.0275546737517,15.5313678998059,5.46585488532248,2.72853162841231,14.2667569775889,2.165880215414,-1.32054153960124
18.7459059656986,15.2217974592638,5.37633048705468,2.98289440230883,14.4493942940829,2.12153816365007,-1.39279430684626
18.4449867929897,14.8987220236264,5.29688133535024,3.25146920045094,14.6268527138958,2.06861708128712,-1.46190725003732
18.1254438725575,14.5631938005353,5.22869349343075,3.53650723329182,14.802676236705,2.01015690052645,-1.52718670635631
17.7882910096424,14.2167319584536,5.17331480397382,3.84064020509089,14.9810089779344,1.94992394847531,-1.5878894891532
17.4348812889294,13.8612487652766,5.13251457203485,4.16673067297937,15.1664457799436,1.89233578400173,-1.64323029688028
17.066859464364,13.4989404387783,5.10809432810796,4.51765996468006,15.3638080429818,1.84231128346528,-1.69239676250113
16.6860910475267,13.132143389559,5.10166149226726,4.89606503310677,15.5778491596383,1.80504036104705,-1.73457293500594
16.294566574388,12.7631612656605,5.11438623161674,5.30404676422583,15.8129067276917,1.78567921065344,-1.76897051982996
15.8942827494111,12.3940737567067,5.14676903839388,5.74288256007322,16.0725327588315,1.788991862301,-1.79486529457872
15.487106730324,12.0265435945171,5.19845004238953,6.21278222920768,16.3591451518814,1.81897417539052,-1.81163425658115
15.0746342673373,11.6616414543233,5.26808823972575,6.71272483583151,16.6737487880047,1.87850750182874,-1.81878784113047
14.6580556048919,11.2997080700636,5.35332879400203,7.24040350320437,17.0157693360091,1.96909150760924,-1.81599159917854
14.2380435291957,10.940268016888,5.45086084731805,7.79228648362502,17.3830263858841,2.09069644285324,-1.80307328324187
13.8146755066845,10.5820014238006,5.556550999634,8.3637808263522,17.7718486447519,2.2417557776353,-1.78001411651092
13.3873968375326,10.2227704704576,5.66562381402373,8.94946597850628,18.1773090092815,2.41929566480521,-1.74692629423711
12.9550259381402,9.85968993727219,5.77285456472932,9.54335431515574,18.5935388989207,2.61917524487992,-1.70402154067062
12.515797932168,9.48922739257989,5.87274233592285,10.1391363233777,19.0140739217657,2.83639737913771,-1.65157704806107
12.0674400566608,9.10731956514564,5.95964196646828,10.7303787220177,19.4321874929138,3.06544567893227,-1.58990511815598
11.6072720721855,8.70949599999776,6.02784762456242,11.3106600601643,19.8411819695234,3.30060949103339,-1.51933154057508
11.132326485279,8.29100747598627,6.07163523317975,11.8736457839655,20.2346235255392,3.53627011175565,-1.44018575398836
10.6394854413283,7.84696247341145,6.08528243589957,12.4131194210547,20.6065222160766,3.76713453801624,-1.35280366438151
10.1256323261812,7.37247834670766,6.06309147338901,12.9229961293873,20.9514692972038,3.98841412629646,-1.25754202715276
9.58781532006951,6.8628534153661,5.99944126706463,13.3973482793199,21.2647483462629,4.19595281250327,-1.1548017007185
9.0234168697848,6.31376131091702,5.88888969598185,13.8304695021641,21.5424349320552,4.38631270650963,-1.04505588050476
8.43031768383883,5.72145999648986,5.72633552043209,14.216993718908,21.7814924638405,4.55682458184308,-0.928878644800142
7.80703786153378,5.082996609342,5.50723266633494,14.5520698600361,21.9798613141079,4.70560824680399,-0.806968873830957
7.1528334590941,4.39637877183743,5.22783033498997,14.8315735397377,22.1365270516244,4.83156440491303,-0.680164980434187
6.46772691913587,3.66067745496938,4.8853954163434,15.0523181827576,22.2515451517861,4.93433678782976,-0.549447041161777
5.7524564154025,2.87602983964814,4.47836502946296,15.2122159502226,22.3259974049902,5.01424222565886,-0.415924817817934
5.0083424388295,2.04352480163771,4.00638194837354,15.3103389743978,22.3618616460215,5.07216751994597,-0.280812536293571
4.23708735969249,1.16497683680426,3.47018590575585,15.3468467419309,22.3617910534763,5.10943535144253,-0.145393621133772
3.44054041730043,0.242620643459383,2.87136555360704,15.3227736906414,22.3288185880235,5.12764602115537,-0.0109802451274798
2.62047120846941,-0.721219835780393,2.21201051631005,15.2397048816039,22.2660205997903,5.12850618509519,0.121126940880516
1.77839543271123,-1.7244244790379,1.49432989146685,15.0993968277133,22.176185423603,5.11365854012732,0.249674316526545
0.915486842966919,-2.76527431450082,0.720314498211426,14.9034163942819,22.0615344027464,5.08452693197736,0.373483237309019
0.0325918309647051,-3.84251441649404,-0.108487668815732,14.6528690743061,21.9235343916786,5.04218974759597,0.491469797670281
-0.869657430412104,-4.95527087289311,-0.991036961383837,14.3482701230448,21.7628251083839,4.987291397049,0.602657718317964
-1.79065397107471,-6.10283869636512,-1.92669530371961,13.9895836082928,21.5792661178105,4.91999805920646,0.706186835555386
-2.72958696830361,-7.28438111817232,-2.91496743676227,13.5764225034895,21.3720906648407,4.84000022097581,0.80131988163614
-3.68521441789268,-8.49859558359461,-3.95513846393461,13.1083739617178,21.1401395986222,4.74656098845198,0.887449580554168
-4.65567779657442,-9.74340628857119,-5.04587384854781,12.5853926907635,20.8821395965358,4.63860555877332,0.964106844455483
-5.63839093376205,-11.0157373584198,-6.18485350837649,12.0081948665614,20.5969862919746,4.51484354387987,1.03096945434603
-6.63002233900897,-12.3114061862456,-7.36850446550732,11.3785864178715,20.2839946488711,4.37391227518367,1.08786945538834
-7.62657459683835,-13.6251557090293,-8.59187827502066,10.6996722651117,19.9430857273276,4.21452647336839,1.1347969163606
-8.62354887903125,-14.9508212535154,-9.84869373655845,9.97591467673631,19.5748898939624,4.0356185811661,1.171897846842
-9.61616998144479,-16.2816064151961,-11.1315373415781,9.21303499968133,19.1807598578849,3.83645526535812,1.19946487598674
-10.5996398728322,-17.6104273031669,-12.4321892552632,8.41777824004412,18.762700297645,3.61671915062792,1.21792052053124
-11.5693866235755,-18.9302779783896,-13.7420261613323,7.59757922157134,18.3232317663533,3.37655009273627,1.22779414278772
-12.5212803278957,-20.2345724674485,-15.0524465408859,6.76017904140141,17.8652131925108,3.11654607833481,1.22969467860591
-13.4517964244151,-21.5174284925791,-16.3552685075753,5.91324056068541,17.3916488799107,2.83772888699621,1.22428168047268
-14.3581172347834,-22.7738718495401,-17.6430624350009,5.06400356154838,16.9055031033274,2.54148305738144,1.21223714081532
-15.2381721279705,-23.9999544828288,-18.9093961481289,4.21900727331346,16.4095395302833,2.22947808410861,1.19424004649699
-16.0906240625583,-25.1927912784258,-20.1489858013743,3.38389393975122,15.9061958295936,1.90358338708221,1.17094489228889
-16.9148145418409,-26.3505286435017,-21.3577578399671,2.5632947127314,15.3974972460471,1.56578395905574,1.14296464006589
-17.7106806056223,-27.4722621459589,-22.5328356669667,1.76079007708169,14.8850078386803,1.21810240982128,1.11085801931715
-18.4786568740055,-28.5579212202019,-23.6724686548288,0.978931554501512,14.3698146594943,0.862530913599072,1.07512068097481
-19.21957383405,-29.6081375102909,-24.7759219700875,0.219309191198604,13.8525384614366,0.500974708995178,1.03617955528702
-19.9345610843152,-30.624110611279,-25.8433442112107,-0.517350571327762,13.3333640541737,0.135207427746455,0.994389770791684
-20.6249617318741,-31.6074817440558,-26.8756272124443,-1.23107047008078,12.8120838357268,-0.233162353782973,0.950033609919468
-21.2922617909645,-32.5602226638561,-27.8742691949937,-1.92250294684952,12.288148868936,-0.60271443436292,0.903321141240004
-21.9380365105969,-33.4845443158471,-28.8412493839665,-2.5928145753639,11.7607229381896,-0.972231484820809,0.85439233585901
-22.5639138858304,-34.38282720977,-29.7789192518201,-3.24358083768139,11.2287360023669,-1.34070607368803,0.803320603940903
-23.1715544718492,-35.2575736757542,-30.6899132132413,-3.87669544126603,10.6909344488612,-1.70734153578728,0.750117774821008
-23.7626456311722,-36.1113805176748,-31.5770794542132,-4.49429640676333,10.1459263018413,-2.07154791991078,0.694740571719215
-24.3389078813385,-36.9469296954152,-32.4434301697446,-5.09870956605307,9.59222027135429,-2.43293416637541,0.637098622177804
-24.902110581952,-37.766993806445,-33.2921091835259,-5.69240883544065,9.02825803214114,-2.79129754846,0.577063991773695
-25.454094288541,-38.5744530435132,-34.1263743736184,-6.27799173484688,8.45243966883406,-3.14661128194791,0.514482161904439
-25.996797161487,-39.372320158502,-34.9495918069647,-6.85816798900863,7.86314262569259,-3.49901101020713,0.449184288633994
-26.5322831716103,-40.1637702569366,-35.7652384067264,-7.43575867162936,7.25873497030075,-3.84878061710808,0.381000502021827
-27.0627702884653,-40.9521726845458,-36.576910059992,-8.01370313201939,6.63758430289255,-4.19633748982984,0.309773938075939
-27.5906571180148,-41.7411224697037,-37.3883319620178,-8.59507070798482,5.99806423488964,-4.54221691589875,0.235375145107846
-28.1185467569396,-42.5344690434114,-38.2033679281605,-9.18307391666844,5.33856117119578,-4.8870547924226,0.157716486893932
-28.6492665627024,-43.3363396988756,-39.0260248742291,-9.78107921715777,4.65748512268124,-5.23156722707326,0.0767661807090012
-29.1858819702151,-44.1511542974388,-39.8604475234333,-10.3926104104035,3.9532894950114,-5.57652492654515,-0.00743832760954363
-29.7317015567194,-44.9836263107949,-40.7108968937526,-11.0213382732758,3.22450627793028,-5.92271956737482,-0.0947778236155132
-30.2902687597686,-45.8387426697347,-41.5817036511871,-11.6710479461269,2.46980463275177,-6.27091858931957,-0.185039596339995
-30.8653334659879,-46.7217118109378,-42.4771847387755,-12.3455731366963,1.68808246192219,-6.62180418683549,-0.277906229711961
-31.4607937376555,-47.6378652291351,-43.4015084254361,-13.0486834119007,0.878601774340686,-6.97589171835391,-0.372944289138942
-32.0805950909192,-48.5924940687447,-44.3584903889792,-13.7839083519481,0.0411791275380282,-7.33342261316367,-0.469591928533875
-32.7285718524906,-49.5905986428765,-45.351301657516,-14.5542806101393,-0.82355865927749,-7.69422734061504,-0.567144157161931
-33.408213444152,-50.6365271500506,-46.3820701273427,-15.3619802604044,-1.71384700667551,-8.05755574456896,-0.66473443269099
-34.1223388781794,-51.7334816570605,-47.4513624837867,-16.2078668729105,-2.62638563232891,-8.42187578223526,-0.761311607521942
-34.872667506975,-52.8828779782031,-48.557545988228,-17.0908963355346,-3.55588561076721,-8.78464861459789,-0.855612354205317
-35.6592852919688,-54.0835645258206,-49.6960526683013,-18.0074398428609,-4.49459949510804,-9.14209914831503,-0.946131359390059
-36.4800277643665,-55.3309395696572,-50.858606928717,-18.9505569229708,-5.4319051523529,-9.48901747080067,-1.03109507340657
-37.3298356998212,-56.6160592343058,-52.0325320286667,-19.9093245099291,-6.35405472336463,-9.8186470088073,-1.10844952332883
-38.2001878240706,-57.9248993823399,-53.2003167899119,-20.8683858974795,-7.24424020096973,-10.1227351611535,-1.17587776262663
-39.0787675220749,-59.2380077944353,-54.3396809889828,-21.807939406961,-8.08314624173396,-10.3918309202042,-1.23086572708987
-39.9495561014224,-60.5308251519307,-55.4243887584087,-22.7044020995932,-8.85012736949916,-10.6158954757439,-1.27083300921028
-40.7935277466573,-61.7749110727241,-56.4259732086536,-23.5319114784545,-9.52502875456915,-10.7852299361628,-1.29333349403593
-41.5900166139711,-62.9401383911137,-57.3163197435764,-24.2646348575555,-10.0904627577511,-10.8916179448795,-1.29630887360925
-42.3186315848817,-63.9976199546322,-58.0707406595518,-24.8795665018229,-10.534113080787,-10.929460120384,-1.27835133667168
-42.9613691111624,-64.9228071274549,-58.6708843831965,-25.3592189769352,-10.8504850358405,-10.8966045005588,-1.23891325553361
-43.5044335439908,-65.6980207317156,-59.1067346873823,-25.6935206864489,-11.0415799895623,-10.7946156575676,-1.17840568646717
-43.9393189086497,-66.3137835526051,-59.3771749261249,-25.8804202336292,-11.116272841933,-10.6283855852905,-1.0981578861238
-44.2629396972177,-66.7687032061452,-59.489048348503,-25.9251110002665,-11.0885885171323,-10.4052037064812,-1.00025386244114
-44.476906613399,-67.0681185593492,-59.4551119299164,-25.8382212443473,-10.9753974275894,-10.1335630466812,-0.887296680168099
-44.5862737940252,-67.2220446887164,-59.2915360454828,-25.6335589930424,-10.794134912471,-9.8220134540222,-0.762161032009335
-44.5981495498784,-67.2430150338837,-59.0155725483792,-25.3259846686238,-10.5610033314804,-9.47828970588706,-0.627780351917577
-44.5204816332528,-67.1442697133358,-58.6437894067112,-24.929785676972,-10.2898609139945,-9.10880881268664,-0.486989775345618
-44.3611790709518,-66.9385023182707,-58.1909995903619,-24.4576820225317,-9.99177112832853,-8.71851424013598,-0.342424494168338
-44.1275942374521,-66.6371705230177,-57.6698079526064,-23.9204036798945,-9.67505090076848,-8.31097883210212,-0.196461393309294
-43.826300115882,-66.2502509983343,-57.0905984312853,-23.3266841278394,-9.34561791930919,-7.88866144065545,-0.0511897396162803
-43.4630637225562,-65.7862780537411,-56.4617702885167,-22.6834973644367,-9.00746384816363,-7.45322677054604,0.0915999747338051
-43.0429218455155,-65.2525211183941,-55.7900696463057,-21.9963957563424,-8.66313413616973,-7.0058647271354,0.230415266940912
-42.5702905497297,-64.6551988839367,-55.080918306375,-21.2698537953212,-8.31414979852295,-6.54757213640623,0.364051662400807
-42.0490697666777,-63.999674691173,-54.338693718728,-20.5075685896628,-7.96134866183375,-6.07938026417174,0.491574460823215
-41.4827288239829,-63.2906146884335,-53.5669508798561,-19.7127018565745,-7.60514936655518,-5.60252476768094,0.612293110366408
-40.8743743962363,-62.5321130399237,-52.7685972146125,-18.8880681593219,-7.24575299439839,-5.11856167534551,0.725729645820108
-40.2268091042465,-61.7277977653356,-51.9460379336393,-18.0362821386795,-6.88329888354648,-4.62943555216892,0.831583365893377
-39.542589100104,-60.8809303568622,-51.1013067944472,-17.1598773875039,-6.51798757088431,-4.13750601291572,0.929694339183771
-38.8240859040552,-59.9945074186016,-50.2361910923259,-16.2614056257903,-6.1501785413885,-3.6455377241538,1.02000832034764
-38.0735534953746,-59.071366103522,-49.3523529167367,-15.3435197668405,-5.7804656987284,-3.15665790371037,1.1025452823322
-37.2931983994159,-58.114290294279,-48.451443950636,-14.4090404308204,-5.40973030181143,-2.67428470340653,1.1773731821737
-36.48524818221,-57.126111063531,-47.5352080174332,-13.4610028943544,-5.03916957631222,-2.20202989049217,1.24458790271495
-35.652013124195,-56.1097940976406,-46.6055649669671,-12.5026807407827,-4.67029916932398,-1.7435800091116,1.30429966936673
-34.7959358823095,-55.0685069163612,-45.6646698964053,-11.5375830078385,-4.30492856751355,-1.30256150219602,1.35662566433366
-33.9196248089646,-54.0056601170592,-44.7149432562585,-10.5694232492053,-3.94511026546651,-0.882396916933613,1.40168808133794
-33.0258678211189,-52.9249188179615,-43.7590694713941,-9.60206118941903,-3.59306551763094,-0.486160954882754,1.43961648057852
-32.1176253060163,-51.8301829654496,-42.799964269238,-8.63942027428648,-3.25109167556566,-0.116446367599417,1.47055302779671
-31.1980021938347,-50.7255376666278,-41.8407134473286,-7.68538698159625,-2.92145807473426,0.224749888746322,1.4946590395268
-30.270201332678,-49.6151776733564,-40.8844886300472,-6.74370000203884,-2.60629890592394,0.536110586225035,1.51212125024113
-29.3374620500632,-48.5033125771587,-39.9344477376561,-5.81783878722547,-2.30751210399671,0.817044711219431,1.52315636825081
-28.4029894152646,-47.3940614241149,-38.9936295509236,-4.9109212633562,-2.02667281384645,1.06769233447516,1.52801281406987
-27.4698805606169,-46.2913463095668,-38.0648520385523,-4.02561945185956,-1.76496835318333,1.28888788330893,1.52696898941226
-26.5410546473817,-45.198794439056,-37.1506233759999,-3.1640994953258,-1.52315900176052,1.48208617352911,1.52032796353472
-25.6191922965044,-44.1196566221243,-36.253072502022,-2.32798943156153,-1.3015657849035,1.64925928460922,1.50840898807602
-24.7066886738428,-43.0567474528782,-35.3739029918997,-1.51837456556165,-1.10008323492435,1.79277481760735,1.49153667708083
-23.8056225197178,-42.0124095317663,-34.5143709486621,-0.735817102959969,-0.918212460351067,1.91526692256012,1.47002897232897
-22.9177410969803,-40.9885006751327,-33.6752843698733,0.0196057197540824,-0.755108095523323,2.01951070303559,1.44418510069265
-22.0444591471323,-39.9864004801086,-32.8570191842764,0.748252072125289,-0.609632047771979,2.10830856508051,1.41427466150197
-21.1868685272783,-39.0070308245228,-32.0595458242472,1.45086175032568,-0.480407339222274,2.18439430624311,1.38052878726202
-20.3457542792807,-38.0508838226952,-31.2824596975611,2.12850453506396,-0.365866538571889,2.25035779959782,1.34313404670092
-19.5216128141773,-37.1180510194387,-30.5250096539113,2.78253544009462,-0.264291011040083,2.30859052759183,1.30222947673696
-18.7146682429159,-36.2082483943633,-29.7861197833445,3.4145595805777,-0.173839180091046,2.36125023352315,1.25790685069722
-17.924883767858,-35.3208333003428,-29.0644017678644,4.02640722474344,-0.092563967412747,2.41024172267005,1.2102140450283
-17.1519661655035,-34.4548112448031,-28.3581570544928,4.6201174900183,-0.0184213901883559,2.4572103045944,1.15916114544577
-16.3953628178264,-33.6088326256177,-27.6653704423146,5.19792730016756,0.0507261629340761,2.50354440866456,1.1047287443549
-15.6542522141498,-32.7811816637939,-26.983698831903,5.76226075140702,0.117107277969356,2.55038432288192,1.04687771169445
-14.9275303675325,-31.9697619051291,-26.3104608804541,6.31571310251656,0.183034066799707,2.5986346285156,0.985559589594883
-14.2137969466095,-31.1720844071638,-25.6426347639279,6.86102332376442,0.250884355501955,2.64897854933798,0.920726684288652
-13.5113460401366,-30.3852660308927,-24.9768720710425,7.40102965476084,0.323068452657468,2.70189298709447,0.85234094517776
-12.8181670494211,-29.6060456347318,-24.3095356213465,7.93860393175056,0.401976651085543,2.7576633713231,0.780380854271552
-12.1319612089491,-28.8308255107677,-23.636767810125,8.47656252424074,0.489905465212688,2.81639760368393,0.704845823596574
-11.4501784571327,-28.0557437900663,-22.9545937558101,9.01755429207824,0.588962902367544,2.87803832855622,0.625757991116957
-10.7700779280951,-27.2767810678231,-22.259060427363,9.56392873116246,0.700955518822569,2.94237260279939,0.54316177268571
-10.0888133588179,-26.4899014288812,-21.5464094120263,10.1175900579534,0.827262302524251,3.0090378799258,0.457121986426379
-9.40354241032855,-25.6912246689008,-20.8132773697033,10.6798450922,0.968702313302992,3.07752318337115,0.367721719677052
-8.71155658410658,-24.8772232759609,-20.056914913522,11.251254413593,1.12540443131914,3.14716454954239,0.275061274347988
-8.01042613506412,-24.0449346255959,-19.2754115771463,11.8314974769971,1.29668862935636,3.21713433655853,0.179259441975066
-7.29815214580631,-23.1921758537849,-18.4679116100787,12.4192634529079,1.48096911686506,3.2864248608159,0.0804580071115094
-6.57331553869471,-22.3177456659522,-17.6348022977244,13.0121806054484,1.67569064238675,3.35382799689623,-0.0211702265681234
-5.83521019550705,-21.4215939475489,-16.777853507205,13.6067978758639,1.87731004204996,3.41791376882906,-0.125410394364387
-5.08394465492692,-20.5049366953989,-15.9002847589543,14.198632198043,2.0813351735406,3.47701235508347,-0.231992929870895
-4.32049481358738,-19.5702918023419,-15.0067359003437,14.7822928046476,2.28243164247767,3.52920504495794,-0.34058162339035
-3.54668992302657,-18.6214124457481,-14.1031214030913,15.351688030805,2.47460301872208,3.57233011985438,-0.450765335960396
-2.76511755059593,-17.6631013571986,-13.1963582907656,15.9003100663711,2.65144180471035,3.60400897237696,-0.562056515528386
-1.97894137286866,-16.7009027556763,-12.2939745379498,16.4215796702425,2.80643677798361,3.62169582714325,-0.673899148385579
-1.19163854101126,-15.7406880579822,-11.4036261559704,16.9092185054753,2.93330971579186,3.62275124233884,-0.785687428337835
-0.406678804012487,-14.7881732410709,-10.5325722998692,17.3576063385904,3.02634485445404,3.6045358600737,-0.896794355762764
0.372818681982666,-13.8484231959205,-9.6871712718702,17.7620784009459,3.080671942148,3.56451765016513,-1.00660710192778
1.14440776765374,-12.9254049974223,-8.87246016201881,18.1191275762188,3.09247101673728,3.50038435450363,-1.11456395047007
1.90657663660897,-12.0216438710641,-8.09186499826605,18.4264954869452,3.05908328200776,3.41015373102794,-1.220186623251
2.65892029120266,-11.138014221009,-7.34706053212404,18.6831605682565,2.97903325369114,3.29227741048449,-1.32310217733752
3.40221479980623,-10.2736701957463,-6.63796781412764,18.8892526357299,2.85198644893398,3.14573877590657,-1.42305031069833
4.13840194699911,-9.42609487852558,-5.96285300671356,19.0459361941188,2.67867889507254,2.97014978822782,-1.51987427485215
4.8705051359345,-8.59123174683577,-5.3184789118723,19.1553064849484,2.46085722338227,2.76585472029693,-1.61349593947038
5.60250089058687,-7.7636596053712,-4.70026279727398,19.2203343197679,2.20126189770303,2.53404930938053,-1.70387731030697
6.3391654151561,-6.93678154558389,-4.10240748012584,19.2448817594877,1.90367393616539,2.27692135605685,-1.79097179082181
7.08590490317316,-6.10301558488253,-3.51799257358148,19.2337939852681,1.57302996429959,1.99781288740326,-1.87466891286182
7.84856500832807,-5.25399485512861,-2.93903511621211,19.1930549315476,1.21559289322707,1.70139421257304,-1.95473662246991
8.63320252034459,-4.38080444342034,-2.35655071270814,19.1299754720333,0.839145817884821,1.39382611208766,-2.03076604846442
9.4457941311734,-3.47429625718704,-1.76066567797867,19.0533622305587,0.453154401850936,1.08286823426551,-2.10212535182323
10.2918572017526,-2.52552793279892,-1.14084441629673,18.9735935096139,0.0688194669802558,0.777871850569126,-2.16793171075857
11.1759699974366,-1.52636041603331,-0.486298371344342,18.902510929811,-0.301077417819759,0.489579612766449,-2.22705289952349
12.1012078609943,-0.470214794616428,0.213375698718787,18.8530323880245,-0.64263459471997,0.229655206019738,-2.2781505470168
13.0685564040984,0.6470702231411,0.967328622877654,18.8384192357403,-0.941664589619915,0.00989642688088477,-2.31977349623939
14.0764128694319,1.82641343914245,1.78244201906027,18.8712016269462,-1.18488998629974,-0.158843322715049,-2.3504997019771
15.1203195805694,3.06489457968495,2.66233202642852,18.9618770954141,-1.36136718080025,-0.267894770626673,-2.36910928056461
16.1930605532874,4.35559107831811,3.60660745858131,19.1176156864038,-1.46387784534878,-0.311939084887121,-2.37475472480587
17.2851779851897,5.68797859216467,4.61060552973248,19.3412712625537,-1.48996147370263,-0.289819303457143,-2.36708577731784
18.3858463303195,7.04887572604996,5.66572220918994,19.6309594180865,-1.44231257081448,-0.204771947524662,-2.34629375009739
19.4839285272088,8.42374778403621,6.76028521781995,19.9803134357946,-1.32843408338363,-0.064008856636125,-2.31306310027538
20.5689877552905,9.79808247126372,7.8807619946689,20.3793326693871,-1.15965432073528,0.122232986846383,-2.26844687061253
21.6320615849169,11.1585585678996,9.01302459850121,20.8155848560228,-0.949776982502185,0.341923003447823,-2.21370331583292
22.6660988065007,12.4938299384175,10.1434289627334,21.2754767557623,-0.713678495119578,0.582472553997484,-2.15013535821201
23.6660621819345,13.7948812287203,11.2595708360542,21.7453633933918,-0.466100284008959,0.831764811818388,-2.07896415668569
24.6287715869073,15.055018861366,12.3506961561565,22.212374547868,-0.220762864803874,1.07887857008409,-2.00125129872991
25.5525885946375,16.2696144141665,13.4078263841426,22.6649420954023,0.0101851952742615,1.31450352285169,-1.91786915885259
26.4370358649981,17.4357226773234,14.4236965602874,23.093080944501,0.216443299747579,1.53110407320303,-1.82950987014544
27.2824207917594,18.5516740480705,15.3926043644955,23.4885039574979,0.389647481122199,1.72290893999568,-1.73672002330139
28.0895077749483,19.6167100703176,16.310248407826,23.8446480633215,0.523354428135491,1.8857975243285,-1.63994859557817
28.859263708327,20.63070254587,17.1736059506022,24.1566679826111,0.612981489691223,2.01713555726287,-1.53959755431864
29.5926878946653,21.5939740428114,17.9808715767138,24.4214268223958,0.655735799374338,2.11559231698277,-1.43606683378466
30.2907279215713,22.5072193924738,18.7314521373155,24.6374862239241,0.650540196555328,2.18095515284036,-1.32978755234757
30.9542741890417,23.371511926337,19.4259916152979,24.8050776890134,0.597944507875529,2.21394621627412,-1.22123956783552
31.5842168437247,24.1883647929102,20.066385518853,24.9260253786537,0.500000798393446,2.216041263593,-1.11095200730202
32.1815402137658,24.9598083458725,20.6557409726967,25.0035912319332,0.360081774241558,2.18929008274496,-0.999488194676006
32.7474243872905,25.6884426888402,21.1982479772738,25.0422259488992,0.182631820918097,2.1361407834677,-0.88741904533104
33.2833238797801,26.3774318989819,21.6989476733237,25.047230318583,-0.0271434006256913,2.05927375365976,-0.775290844672711
33.7910002323486,27.0304220628421,22.1634090452067,25.0243535084087,-0.263626029273167,1.9614535420645,-0.663593820125283
34.272497857203,27.6513851769881,22.5973486483028,24.979371179218,-0.521139531374745,1.84540708539521,-0.552736924258756
34.7300662704292,28.244408840998,23.0062413033251,24.9176912588409,-0.794269931213044,1.7137343899037,-0.443032125869564
35.1660435551787,28.8134630737568,23.3949706439974,24.8440288742755,-1.07812428941432,1.56885390206629,-0.334688994459255
35.5827225183327,29.3621783523605,23.7675584805304,24.762177703454,-1.36850795797001,1.41298066717895,-0.227818200987624
35.9822220625778,29.8936643271078,24.1269960371079,24.6748883484057,-1.66201547693425,1.24813214702444,-0.122441237829705
36.3663825904253,30.4103892768459,24.4751833039086,24.5838496917072,-1.9560410607565,1.07615483870473,-0.0185033086789902
36.7366983759933,30.9141299484286,24.8129692240936,24.4897595360264,-2.24872168644488,0.898764630566259,0.0841132107678122
37.0942928145713,31.40599159237,25.1402762172794,24.3924657997542,-2.5388288296675,0.717594697665221,0.18557641777103
37.4399362060949,31.8864903994757,25.4562877906291,24.2911583446849,-2.82562505604714,0.534246142859357,0.286094244860912
37.774100545225,32.3556850501224,25.7596762692879,24.1845921494359,-3.10870041527804,0.350338000158234,0.385905217665167
38.0970419620531,32.8133404962615,26.0488477144898,24.0713235833265,-3.3878021116828,0.167554267499948,0.485269656982889
38.4088990307031,33.2591051119824,26.3221819657897,23.949942165952,-3.66266992420259,-0.0123138842470911,0.58446012883787
38.7097942080808,33.6926818860204,26.5782471049083,23.8192803518014,-3.93288948181683,-0.187332742544078,0.6837500836459
38.9999259429809,34.1139751994113,26.8159694123328,23.678583858989,-4.19777549117445,-0.355400303941669,0.78340006577316
39.2796405996643,34.5231971189535,27.0347425251227,23.5276257149695,-4.45629688973801,-0.51423413910179,0.883641480158853
39.5494758110926,34.9209207541739,27.2344631939653,23.3667491037943,-4.70705511371356,-0.661378310169839,0.984658490640256
39.8101699875049,35.3080729158223,27.4154860641642,23.1968278366264,-4.94832484403458,-0.794236171219261,1.08656901183853
40.0626360555671,35.6858636633362,27.5784962200262,23.0191389150359,-5.1781635960963,-0.910136938723279,1.18940580194124
40.3079000703143,36.0556552582934,27.7243050601853,22.8351484770868,-5.39459242304956,-1.00644436165136,1.29309829605364
40.5470077096375,36.4187778351577,27.8535824808608,22.6462202196115,-5.59584524571411,-1.0807154223344,1.39745512693841
40.7809026295446,36.7763024994425,27.9665450525209,22.4532627928736,-5.78067905167577,-1.13091545281405,1.50214643208102
41.0102816741635,37.128785821281,28.0626265546285,22.2563400517499,-5.94873147375519,-1.15569289669309,1.60668439009768
41.2354327213551,37.4760027619345,28.1401636604984,22.0542753645412,-6.10090518079699,-1.15471127621646,1.71040032817919
41.4560634429077,37.8166900897003,28.1961372918352,21.8442902323772,-6.23974873759771,-1.12902632687282,1.81241763174078
41.6711339011326,38.1483300429353,28.226019437107,21.6217293188411,-6.36978930513487,-1.08148088295846,1.91162188842725
41.8787142085152,38.4670155507584,28.2237857736416,21.3799391889119,-6.49775319527462,-1.01706751393797,2.00663338564623
42.075899107198,38.7674510551876,28.1821614414371,21.1103827015846,-6.63258835016546,-0.94317988756959,2.0957919148268
42.2588221325499,39.0431516177428,28.0931620628717,20.803076064159,-6.78518707272134,-0.869644388305955,2.17716869809613
42.4228161502639,39.2868962449427,27.9489605609911,20.4474147897303,-6.96771408237882,-0.808407880301668,2.24862274641672
42.5627555134817,39.4914562556971,27.7430403167638,20.0333905936614,-7.19249518604517,-0.772778080978649,2.30791561492537
42.6735795669445,39.6505484288842,27.4714880527903,19.5530871067553,-7.4705290349294,-0.776192020274874,2.35288616768376
42.7509388677364,39.7598668400566,27.1341654754117,19.0022015610149,-7.80983469608305,-0.830628395902179,2.38166577537015
42.7918420394597,39.8179644999968,26.7354372083225,18.3812341092178,-8.21398490584714,-0.944943398747094,2.39289094835069
42.7951457185085,39.8267399721293,26.2841872017413,17.6959945720115,-8.6812144927836,-1.12351742651614,2.38585730499399
42.761753157421,39.7913699941865,25.7930418772636,16.9572377184791,-9.20437614902595,-1.36557145877331,2.36056756523126
42.6944696910993,39.7196947453262,25.2769679085113,16.1795031029621,-9.77176636977136,-1.66532947891735,2.31765746470267
42.5975699365256,39.6212318856814,24.7516051759877,15.3794795578526,-10.3685769264128,-2.01294427560783,2.25822317691131
42.4762092095448,39.5060855758856,24.2317378834657,14.5743190445385,-10.9785717500573,-2.39589469809876,2.1836021368641
42.3358289068531,39.3839963593738,23.7301982078239,13.7802589782258,-11.5856029303285,-2.80049136275394,2.09516444153611
42.1816672313446,39.2636781266495,23.2573142163258,13.0117392738828,-12.1747208080508,-3.21319439269834,1.9941570696056
42.0184240011918,39.152470951171,22.8208485712554,12.2810172896555,-12.7328106298139,-3.62158406894407,1.88162001476267
41.8500715497102,39.0562500900234,22.4262769393666,11.5981572976187,-13.2488267051679,-4.0149583502043,1.75837326396029
41.6797700507033,38.9794892786169,22.0772276794278,10.971218505938,-13.7137660734961,-4.38461774221662,1.62506138966772
41.5098353855555,38.9253730827782,21.7759232372325,10.4064711771344,-14.1205349775425,-4.72393208658823,1.48223755009891
41.3417159837376,38.8958755389832,21.5235051773177,9.90851174361091,-14.4638340152294,-5.02827997300102,1.33046781309001
41.1759542961007,38.8917587752388,21.3201752963638,9.48020908180867,-14.7401389627122,-5.29492772348984,1.17043725137617
41.0121332232538,38.9124890773248,21.1651411558347,9.12248658620245,-14.9477948355828,-5.52288510128333,1.00304026552197
40.8488314291886,38.9561116669129,21.0564129294324,8.83401887809112,-15.0871793717668,-5.71274760849814,0.829439658193444
40.6836277087951,39.0191599323548,20.9905516426565,8.6109815208097,-15.1608414639768,-5.86651584563096,0.651083359387872
40.5131956937412,39.0966865840814,20.9625001907411,8.44701408987992,-15.1734965531696,-5.98737414043105,0.469674990286746
40.33351350821,39.1824845052597,20.9656212749121,8.33352345333643,-15.1317788804597,-6.0794145650695,0.287103755580631
40.140181749146,39.26951521238,20.9920143881653,8.26036647559407,-15.043710077632,-6.14730587529589,0.105347929448184
39.9288092091782,39.3504997156425,21.0331015409538,8.21683752732321,-14.9179262691749,-6.19592374880464,-0.0736285906247738
39.6954029143045,39.4185748159357,21.0803890492299,8.19279011135994,-14.7627799530936,-6.22997160570192,-0.247967471943279
39.4366964604681,39.4678976769077,21.1262619586477,8.17968069464856,-14.5854701915844,-6.253625351489,-0.415981144058277
39.150367748801,39.4940976955918,21.1646641195,8.17134709404786,-14.391345015031,-6.27023047467752,-0.576186576837239
38.8351250290477,39.4945159252841,21.1915540621675,8.16440538176612,-14.1834742973719,-6.28207010320401,-0.727310352910417
38.4906677360195,39.4682202763352,21.2050839527972,8.15823588651976,-13.9625322106082,-6.29021327435708,-0.8682734821855
38.1175474231225,39.4158231802271,21.2055037539813,8.15460200430439,-13.7269759936322,-6.2944472882457,-0.998166894675883
37.716962735949,39.3391512605316,21.1948324466234,8.1569917602722,-13.4734728023964,-6.29329711370175,-1.11622815976868
37.2905222350911,39.2408242900835,21.1763597896984,8.16979207831729,-13.1975082027175,-6.28413585611336,-1.22182758395738
36.8400046415141,39.1237995408508,21.1540504546948,8.19740816205649,-12.894102402228,-6.2633896705745,-1.31446829307915
36.3671406269494,38.9909325081491,21.1319233209364,8.24343376007738,-12.5585569626803,-6.22683487090637,-1.39380082935831
35.8734354496994,38.8445990077553,21.1134761476235,8.30996653883722,-12.1871529109046,-6.16997316552942,-1.45964873289644
35.3600469367032,38.6864161185745,21.1012194876656,8.39714528318842,-11.7777228496141,-6.08845472237485,-1.51203817013874
34.8277276221112,38.5170885893547,21.0963710999376,8.50295901180117,-11.3300299457875,-5.9785030662549,-1.55122272509189
34.2768324270693,38.3363916497016,21.0987409964518,8.6233411619962,-10.8459095968758,-5.83728709410167,-1.57769469284209
33.707384804505,38.1432819842975,21.1068088511319,8.75251902303962,-10.329164509434,-5.6631889864142,-1.59217682195545
33.1191858145749,37.9361090245692,21.1179647504162,8.88354890624315,-9.78524368993628,-5.45593340287811,-1.59559279575105
32.5119454573492,37.7128850362496,21.128859758247,9.00894236665095,-9.22076993779541,-5.21656901421286,-1.58901953994545
31.8854143640125,37.4715675753606,21.1358006948449,9.12128492573201,-8.64299875372645,-4.94732010364662,-1.57362814546671
31.2394973313415,37.2103131596686,21.1351266435591,9.21376587108433,-8.0592902925892,-4.65134588744622,-1.55062181102712
30.5743365108285,36.9276734998913,21.123519971816,9.28056836227329,-7.47665807613733,-4.33245375882994,-1.52117858843402
29.8903593676096,36.622721011958,21.0982259321228,9.31710287551731,-6.90143156880725,-3.9948099276482,-1.48640450455502
29.1882926070231,36.2951039261992,21.0571754193674,9.32009499675369,-6.33904299166959,-3.64268041085471,-1.44729981242541
28.4691476296415,35.945041179322,20.9990210975917,9.28755623020678,-5.79392819841892,-3.28022186524837,-1.40473859186593
27.7341847888979,35.5732718436283,20.9231057158079,9.21867329721817,-5.26951929664105,-2.91132919293452,-1.35946013375125
26.9848640707157,35.1809749194449,20.8293842597508,9.11365012509509,-4.76830253067308,-2.53953753662321,-1.31206964539967
26.2227887987121,34.7696734703884,20.7183199879016,8.97353060763064,-4.29191632212552,-2.16797068225436,-1.26304561525952
25.449647714766,34.3411343136755,20.590770722126,8.8000224469929,-3.84126885609091,-1.79932554513116,-1.21275144114234
24.6671592423906,33.8972711697688,20.4478772050224,8.59533484445828,-3.41666005570098,-1.43588231707847,-1.16144939264628
23.8770207328539,33.4400566819583,20.2909613387074,8.36203674081544,-3.01789800700408,-1.07953109260998,-1.10931550196298
23.080864335045,32.9714462510507,20.1214385453908,8.10293776921986,-2.64440410903973,-0.73180756046488,-1.05645442296397
22.2802206035958,32.49331527996,19.940746098943,7.82099123430798,-2.29530438803136,-0.393932227166664,-1.00291366587556
21.476490314856,32.0074101466178,19.7502874280305,7.5192167325916,-1.96950650078764,-0.0668493167130995,-0.948696866577721
20.670924654308,31.5153126096878,19.5513913638544,7.20063932584351,-1.66576323393664,0.248737108377463,-0.893775925031388
19.8646136052185,31.0184168442161,19.3452846708089,6.86824206374963,-1.3827239507625,0.552331173085912,-0.83810195127357
19.0584820857718,30.5179179649283,19.1330759040701,6.52492892945751,-1.11897565866008,0.843617922541888,-0.78161501480317
18.2532932112971,30.0148107916118,18.915748653286,6.17349580530764,-0.873075326267427,1.12244075098718,-0.724252723034449
17.4496577366243,29.5098973031239,18.6941622203813,5.81660761159397,-0.643574869670961,1.38878313412019,-0.665957657635522
16.6480486218679,29.0038012558617,18.4690580308047,5.45678039461417,-0.429039967745176,1.64275404316486,-0.606683698133372
15.8488194036346,28.4969882158756,18.2410701814182,5.09636763940784,-0.2280635945564,1.88457629914977,-0.546401250193812
15.0522249411714,27.9897892296082,18.0107387400844,4.73755051096807,-0.0392749387304959,2.11457709503117,-0.485101388024902
14.2584429547838,27.4824262007613,17.7785244953266,4.38233198516163,0.138655764045269,2.33317993437988,-0.422798911210823
13.4675948387567,26.9750371920889,17.5448240740168,4.03253497922059,0.307016005045639,2.54089731328083,-0.359534317059616
12.6797641973614,26.4676997415551,17.3099843133259,3.68980452311981,0.467052853938638,2.73832354973564,-0.295374690188964
11.8950118126127,25.9604505966934,17.0743149545527,3.35561386615726,0.61997722159033,2.92612727720857,-0.230413526180194
11.1133859803948,25.4533004251335,16.8380987409579,3.03127411480966,0.766969674594665,3.10504321179842,-0.164769524930173
10.3349275633825,24.9462424935661,16.601598151688,2.71794666723734,0.909186730424266,3.27586290392711,-0.0985844191115348
9.55966954430533,24.4392547422242,16.3650581333106,2.4166573616375,1.04776637988242,3.43942427022489,-0.032019938468866
8.7876313251442,23.9322951590855,16.1287043543744,2.12831096456968,1.18383147543407,3.59659977185047,0.0347459486345117
8.01880852059829,23.4252910020663,15.8927368202486,1.85370445978945,1.31848963626245,3.74828318827776,0.101523332338189
7.25315933269161,22.9181227855211,15.6573188733107,1.59353755581427,1.45282845989631,3.89537497926144,0.168114973937563
6.49058890140334,22.4106044311569,15.4225619421473,1.34841897305248,1.58790510849398,4.03876629146866,0.234320978364718
5.73093315200094,21.9024612403737,15.1885066657464,1.11886735382828,1.72472972006072,4.17932171137566,0.2999432513949
4.97394363054346,21.3933074212195,14.9551012218556,0.905306034867684,1.86424253480775,4.31786089666142,0.364789462994286
4.21927467345108,20.8826248879261,14.7221778721494,0.708051381873452,2.00728507547051,4.45513924972459,0.42867625434596
3.46647399256623,20.3697448368062,14.4894287989781,0.527294841706644,2.15456611659424,4.59182780616034,0.491431461296936
2.71497745799167,19.8538333534798,14.2563823352276,0.363079274572748,2.30662349202565,4.7284925227669,0.552895180618282
1.96410856242572,19.3338819979281,14.0223806425993,0.215270450416234,2.46378300384389,4.86557315679027,0.612919573011035
1.21308282012318,18.8087040994723,13.7865598737248,0.0835248286188617,2.62611583594658,5.0033619655542,0.671367375733045
0.461017206950561,18.2769372803569,13.547833797078,-0.032745089980513,2.79339597003186,5.14198250967429,0.7281091800244
-0.293055275838842,17.7370527545167,13.304881959738,-0.134406393524135,2.96505923743466,5.28136898731503,0.783019616824121
-1.05016577144186,17.1873720137695,13.0561435913008,-0.222640724258883,3.14016586368462,5.42124673628585,0.835972681839293
-1.81138420617519,16.626091691794,12.7998186931751,-0.298976617595127,3.31736874063271,5.5611148555578,0.886836520151441
-2.57778801863313,16.051317622698,12.533878089311,-0.36531678837988,3.494890222819,5.70023232494465,0.935468082484966
-3.35042458212854,15.4611092441912,12.2560845429351,-0.42395731343474,3.67051095905295,5.83760950967383,0.981708157014951
-4.13026708320159,14.853535373014,11.9640272322501,-0.477594931662347,3.84157502644352,5.97200745341816,1.02537736309381
-4.91816406686873,14.2267419562723,11.6551718480976,-0.529317992813886,4.00501625884201,6.10194781731289,1.06627375779162
-5.71478366500345,13.5790314585562,11.3269280793863,-0.582576162806101,4.15741085222422,6.22573653060542,1.10417272535422
-6.52055467160416,12.9089519467799,10.9767350562205,-0.64112414953703,4.29506070245314,6.34150394999963,1.13882975569656
-7.33560808951884,12.2153918878815,10.6021634438425,-0.708935807874706,4.41411016295385,6.4472634388658,1.16998654741183
-8.15972428508445,11.4976742246305,10.2010302165058,-0.790087298735547,4.51069571341984,6.54098855680161,1.19738055565576
-8.99229209390244,10.755640949043,9.77151900911295,-0.888611601301031,4.58112345878891,6.62070651869301,1.22075764850226
-9.83228673365407,9.98971787823354,9.31229598180721,-1.00833133647737,4.6220639602574,6.68460254741904,1.23988699058723
-10.6782726492426,9.20094918897407,8.82260898174735,-1.1526818014953,4.63074858258847,6.73112666160374,1.25457671995721
-11.5284353108935,8.39099321339929,8.30235745377347,-1.32454020967101,4.60514778054588,6.7590921849931,1.26468857920443
-12.3806425770404,7.56207503924413,7.75212254893272,-1.52607908809336,4.54411091152546,6.76775459305602,1.27014954028082
-13.2325320255001,6.71689704350473,7.17315121731514,-1.75866062382472,4.44745011312125,6.75686072917008,1.27095871306804
-14.0816167199655,5.85851460157918,6.56729417319885,-2.02278425764903,4.3159574751225,6.72666200404603,1.26718846353058
-14.9253990239123,4.99018927360372,5.93690404094678,-2.31809273627978,4.1513538350467,6.67789016312988,1.25897954549204
-15.7614811700986,4.11523463885219,5.28470532516095,-2.64343374704648,3.95617701662245,6.61169951012164,1.2465309791884
-16.5876623497744,3.23686993326341,4.61365081066575,-2.99696703284109,3.73362495478167,6.52958378415694,1.23008615082454
-17.402014993625,2.35809406388616,3.92677922242985,-3.37630210925284,3.4873734189844,6.43327842856973,1.20991702575948
-18.2029364161655,1.48158818525777,3.22708661266469,-3.7786500345021,3.22138835337617,6.32465925472969,1.1863083770702
-18.9891757133976,0.609650180273781,2.51742009308675,-4.20097400212675,2.9397499367771,6.20564702619787,1.15954363517266
-19.7598385183644,-0.255839947783635,1.80039814275256,-4.64012686109025,2.6465004934626,6.0781247569995,1.12989345354656
-20.5143740147579,-1.11342782572333,1.07835786276016,-5.09296794740233,2.34552289879415,5.94387150734889,1.09760753779898
-21.2525491704968,-1.96207128164379,0.353326708678607,-5.55645575114985,2.04045121227854,5.80451370509762,1.06290979233845
-21.9744149288995,-2.80111175069998,-0.37298538531477,-6.02771630950269,1.73461163659141,5.66149297843408,1.02599647846601
-22.6802682325243,-3.63023594856223,-1.09917812776835,-6.50408948193909,1.43098969675526,5.51604820842185,0.987036853593967
-23.3706127674887,-4.44943217112463,-1.82414164125357,-6.98315650061344,1.13221861858188,5.36920897530281,0.946175665887714
-24.0461202588875,-5.25894435052547,-2.54702960726562,-7.46275255747735,0.840583900552722,5.22179754602603,0.90353686807354
-24.7075933168028,-6.05922587190291,-3.26722765565007,-7.94096800112023,0.558039662738652,5.0744368727248,0.859227961213145
-25.3559302250381,-6.85089426611147,-3.98431905046466,-8.41614121328016,0.286233190872173,4.92756254846682,0.813344452197482
-25.9920916582118,-7.63468727935049,-4.69804905019596,-8.88684561119065,0.0265349405498201,4.78143716611471,0.765973989026652
-26.6170691709246,-8.41142049441238,-5.4082888549089,-9.35187264619986,-0.219928016949641,4.63616598847073,0.717199820339387
-27.2318552728835,-9.18194657288818,-6.1149997888545,-9.81021218884505,-0.45223661384261,4.49171319941649,0.667103304180415
-27.8374150652135,-9.94711628028909,-6.81819829940185,-10.261031382209,-0.66964368159384,4.34791827879238,0.615765271612584
-28.434659525033,-10.7077416244603,-7.51792240131396,-10.7036528411946,-0.871538230549737,4.20451219859648,0.563266130809208
-29.0244207868074,-11.4645616963947,-8.21420035412455,-11.1375330331773,-1.05741125659686,4.06113323300391,0.509684685574738
-29.6074299082336,-12.218212022203,-8.90702252626931,-11.5622416710078,-1.22682432731559,3.91734218815929,0.455095732162048
-30.1842977448363,-12.9691984186788,-9.59631755015694,-11.9774429837661,-1.37938231556878,3.7726368365595,0.399566591407636
-30.7554996786835,-13.7178764732035,-10.2819339743752,-12.3828797602358,-1.51471171245078,3.62646530150463,0.343152823886873
-31.3213649930426,-14.4644378100129,-10.9636286315945,-12.7783610249015,-1.63244591761695,3.47823808694111,0.285893456463605
-31.8820715659351,-15.2089042126146,-11.6410628130688,-13.1637540410877,-1.73221874328194,3.32733839093242,0.227806112476103
-32.437646732882,-15.9511306642241,-12.313807230492,-13.5389812182419,-1.81366710120962,3.17313033730133,0.168882483597276
-32.9879748639978,-16.6908181010495,-12.9813563974529,-13.9040221251607,-1.876443449261,3.01496472366069,0.109084595445966
-33.5328123755222,-17.4275365936056,-13.6431528216214,-14.2589205949742,-1.92023813531821,2.85218193054262,0.0483423083039213
-34.071810540737,-18.160759301209,-14.298620918656,-14.6037964766175,-1.94481127415859,2.68411166285547,-0.0134475522622116
-34.6045465039987,-18.8899073210829,-14.9472101942587,-14.9388613677589,-1.95003330925178,2.51006930891625,-0.0764201161204195
-35.1305625527368,-19.6144050800444,-15.5884467098018,-15.264437371156,-1.93593292550661,2.32934883940861,-0.140739232386662
-35.6494132004623,-20.3337452824939,-16.2219912347866,-15.5809776706964,-1.90275051558535,2.14121237727295,-0.206592006847897
-36.1607194245683,-21.0475618881925,-16.8477020152601,-15.8890877267577,-1.85099498968513,1.94487689193689,-0.274181208008643
-36.6642283392219,-21.7557085217929,-17.4656992612801,-16.1895456241751,-1.78150129016983,1.73949883928444,-0.343715813358036
-37.1598761477725,-22.4583389641576,-18.0764279473162,-16.4833201644874,-1.69548561201133,1.52415808954567,-0.415400142133021
-37.6478512898421,-23.1559853666668,-18.6807148521327,-16.7715851195999,-1.59459497682057,1.29784306725376,-0.489422166746627
-38.1286540654888,-23.8496290590088,-19.2798153010611,-17.0557279146472,-1.48094751261791,1.05943969697139,-0.565941683734313
-38.6031484120211,-24.5407581763711,-19.8754446833439,-17.3373506784441,-1.35715954132492,0.807727447900986,-0.645079022142563
-39.0726013606074,-25.2314060947275,-20.4697896813991,-17.6182612106422,-1.22635537884315,0.541386466807661,-0.7269048485222
-39.5387054999917,-25.9241644955586,-21.0654939549474,-17.9004506973805,-1.09215554794667,0.259020411943521,-0.811431369774321
-40.003580093437,-26.6221650716471,-21.665612980603,-18.1860542243913,-0.958638842000576,-0.0407998791800963,-0.898604848743105
-40.4697463042608,-27.3290236679096,-22.2735322453254,-18.4772888952372,-0.830273215837512,-0.359466401971199,-0.988298843504386
-40.9400723888831,-28.0487406276623,-22.892842575932,-18.7763633121441,-0.711809738203384,-0.69823204602534,-1.08030703494544
-41.4176836151427,-28.7855498259824,-23.5271649935462,-19.0853506176523,-0.608132688666112,-1.0580712613583,-1.17433395464982
-41.9058308032904,-29.5437075023582,-24.1799162832598,-19.4060164102252,-0.524057448349996,-1.43949861771996,-1.26998149863083
-42.4077096740056,-30.3272101006785,-24.8540054163541,-19.7395927286632,-0.464066458301736,-1.84234230921822,-1.36672891409517
-42.9262214079182,-31.1394290176132,-25.551451426055,-20.0864911655881,-0.431973124037682,-2.26547329334136,-1.46390414915478
-43.4636645029272,-31.98265162714,-26.2729176751079,-20.4459539158609,-0.430505859989062,-2.70649763890078,-1.56064531772042
-44.0213510093406,-32.8575252108812,-27.0171687702271,-20.8156535148738,-0.46081229784116,-3.16143164449673,-1.65585289900068
-44.5991500163931,-33.7624181982546,-27.7804789756634,-21.1912731432285,-0.521900921297988,-3.62439830156836,-1.74813660131347
-45.1949816264601,-34.6927462812311,-28.5560585086535,-21.5661315691845,-0.610068164903954,-4.08741038848806,-1.83576590404274
-45.8043191610246,-35.6403626277793,-29.3336169600776,-21.9309585412979,-0.718405111178603,-4.54033676910784,-1.9166399692517
-46.4198038583122,-36.5931758936223,-30.0992413563216,-22.2739671646173,-0.836533579515792,-4.9711734677064,-1.98829935736052
-47.0311240780375,-37.5352167432984,-30.8358045703718,-22.5813864759756,-0.950766404094749,-5.36673847910428,-2.04800519758759
-47.6253316967333,-38.4473802932392,-31.5240927716812,-22.8385738050002,-1.04488285773395,-5.71385026507919,-2.09290541805015
-48.1877243099204,-39.3089762175637,-32.1447022810272,-23.0316914034554,-1.10161224825523,-6.00091525427872,-2.12028715679208
-48.7032854173954,-40.0999931951007,-32.6804988926583,-23.1497126455391,-1.10470864157714,-6.21965928854672,-2.12788046431818
-49.1584663167543,-40.803680489053,-33.1191350613471,-23.1862993699132,-1.04123182762991,-6.36657262051826,-2.11414341194255
-49.5429033083202,-41.4088130406206,-33.4549461034602,-23.1410011182899,-0.903460080453148,-6.44361460097364,-2.07844473333773
-49.8506131467591,-41.9110054996058,-33.6896476806128,-23.0193742352396,-0.689893253428856,-6.45791082400157,-2.02108397239881
-50.0803581398438,-42.3127268811311,-33.8316344948254,-22.8319696940651,-0.405088729798699,-6.42050982762824,-1.94314497895714
-50.2351528930596,-42.6221040816564,-33.8941455772422,-22.5925127113093,-0.0584672420783718,-6.34457413100515,-1.8462371790725
-50.321146338515,-42.8509559759029,-33.8928690715842,-22.3157984625535,0.337482158628872,-6.24350260355905,-1.73220898978136
-50.3462333749667,-43.0126152063376,-33.8435882968777,-22.0157885591282,0.769102914743664,-6.12938967318385,-1.60290894946278
-50.318715955308,-43.1199868354143,-33.7602849232182,-21.7041958382537,1.22321115676452,-6.01201903313803,-1.46003664350576
-50.2462140690401,-43.1840868495588,-33.6538684341399,-21.389628856434,1.68830923169658,-5.89839102834668,-1.30508940574039
-50.1349043041718,-43.2131200539513,-33.5315147881757,-21.0772251043601,2.15536915843745,-5.79266555507216,-1.13938632897045
-49.9890843053805,-43.2120523987216,-33.3965110619043,-20.7686525551002,2.61826291403334,-5.69637092218953,-0.964140936159742
-49.811027749761,-43.1825990576952,-33.2484922529077,-20.4623725283966,3.07392483028289,-5.60875214151278,-0.780553628479126
-49.6010883064552,-43.1235522747245,-33.0839772731805,-20.1540922284381,3.52230169780344,-5.52717488945269,-0.589899530606369
-49.358009449119,-43.0313771650209,-32.8971262650143,-19.8373612652995,3.96611187006141,-5.44754093228268,-0.393593300778971
-49.0793863612861,-42.9009909756163,-32.6806340443618,-19.504268974081,4.41041822710582,-5.36469727874234,-0.193218754126914
-48.7622060070088,-42.7266135115508,-32.4266492887813,-19.1461810727709,4.86202984991935,-5.27283376942475,0.00948219814595965
-48.4033716158247,-42.5025505308055,-32.1275855745602,-18.7544301304877,5.32877810214248,-5.16586592479846,0.212659668905177
-48.0001140434767,-42.2237715109312,-31.7766932395164,-18.3208650857295,5.81874778780282,-5.03779729356863,0.414436236515188
-47.5502155410186,-41.8861833646863,-31.3683051653454,-17.8381859827193,6.33956245738529,-4.88305357556178,0.613003032006785
-47.0520196896023,-41.4865779956719,-30.8977493081874,-17.3000418950749,6.89781053434722,-4.69678272491867,0.806713457877317
-46.5042599895219,-41.0223201131517,-30.3610106746283,-16.7009368220959,7.49865634809896,-4.47512146836615,0.994156783613597
-45.9057874225669,-40.4909100554358,-29.7542922495494,-16.0360451526867,8.14562304784515,-4.21543689413592,1.17419771113607
-45.2552983127563,-39.8895818115441,-29.0736457988714,-15.301064839859,8.84048491216594,-3.91655847881999,1.34597429576366
-44.5511553738762,-39.2150771436714,-28.3148189300923,-14.4922273367693,9.58318179974784,-3.57901802084705,1.50885352846278
-43.7913665133202,-38.4636891195677,-27.4734121540989,-13.6065479835755,10.371673418677,-3.20531046244928,1.66234974712969
-42.9737525842173,-37.6316153452417,-26.545382329507,-12.6423544146376,11.2016804011692,-2.80017638237442,1.80601504789609
-42.0963074496016,-36.7156180496201,-25.5278813399342,-11.6000843093248,12.0663040655057,-2.37088588755722,1.93931338341212
-41.1577335950676,-35.7139563041589,-24.4203805979694,-10.4832973933028,12.9555714805328,-1.92747249607689,2.06149237010033
-40.1581179231686,-34.627523558313,-23.2259891876096,-9.29979042718725,13.8560156659447,-1.48282469577619,2.17147050970159
-39.09968371115,-33.4610730350729,-21.9528070484715,-8.06262652782267,14.7504699856851,-1.05249813411869,2.2677631724539
-37.9875078217589,-32.2243326127031,-20.615055437699,-6.79079263878589,15.6183175105458,-0.654080718653655,2.34847669876834
-36.8300299446034,-30.9327088678277,-19.2336135788165,-5.50911189839023,16.4364544508531,-0.305960136719976,2.41140128620017
-35.6391292060308,-29.6072055634105,-17.8355277413017,-4.24703301347994,17.1811443536989,-0.0254511165607836,2.45422191444596
-34.4295542861215,-28.2732226811982,-16.452151387472,-3.03609143344769,17.830706916978,0.173540564631794,2.47483580599212
-33.2176194433887,-26.9581410962928,-15.1159063176373,-1.9062341644692,18.3686228612171,0.2828578054042,2.47171837095679
-32.0193224806152,-25.6880227186726,-13.8561797911017,-0.881720542292074,18.7862916153417,0.301775399128519,2.44423798147541
-30.848306667624,-24.4841897833892,-12.6953528527755,0.0223187052804938,19.0845865789936,0.237424478469501,2.3928143754178
-29.7142154081271,-23.3606164863247,-11.646067805773,0.801652762889647,19.2736636814298,0.103730484536839,2.31886289345727
-28.6218706682488,-22.3228145910679,-10.7104452578624,1.46259790929764,19.3710837228469,-0.0808371298912718,2.22454769933501
-27.5713991570746,-21.3683451926743,-9.88125627891293,2.01983290871257,19.398874297904,-0.296023322322194,2.11243496384543
-26.5591138234509,-20.4885598236869,-9.14444501427964,2.49319732226381,19.3803841371105,-0.52232824186047,1.98515525289738
-25.5787897883108,-19.6709209889174,-8.48216159825296,2.90437502011596,19.3376281099026,-0.742850249287647,1.84515377989726
-24.6229843145778,-18.9013053560047,-7.87559684671975,3.27411019710429,19.2894691430787,-0.944290057960188,1.69455661287921
-23.6841670785132,-18.1659131911813,-7.30721417712564,3.62024200215316,19.2506548559541,-1.11723161382106,1.53513944631248
-22.7555583268303,-17.4526373394227,-6.76225866455557,3.95656070137847,19.2315368726042,-1.25592824335768,1.36836536992022
-21.8316659169302,-16.7519001881181,-6.22959936419394,4.29234292176974,19.2382488584779,-1.35782175861557,1.19545627240367
-20.9085589716068,-16.0570392156869,-5.70203187219393,4.63238812196895,19.2731499101181,-1.42296638883739,1.01747057122934
-19.9839300210283,-15.3643389548471,-5.17617488570796,4.97739932893169,19.3353977036516,-1.45346414344436,0.835370620623037
-19.0569965223404,-14.6728005146021,-4.65207685525449,5.32458644645474,19.421567976226,-1.45296551570701,0.650072464950289
-18.1282877344292,-13.983728318617,-4.13262934667898,5.66839950450005,19.5262719422637,-1.42625418673107,0.462477148402921
-17.199358424231,-13.3002042702288,-3.62286942655483,6.00131801949332,19.6427426649882,-1.37891351200661,0.273486506234031
-16.2724668467164,-12.6265116319476,-3.12924245042134,6.31463526388704,19.7633717998066,-1.31706124283213,0.0840077787300388
-15.350249213144,-11.9675616040329,-2.65888502219767,6.59918797296962,19.88018539059,-1.24713330315241,-0.105048742272714
-14.4354160403807,-11.328363734949,-2.21897353833126,6.84599589710169,19.9852552862354,-1.17569528862193,-0.292775692183267
-13.5304876983192,-10.7135675516355,-1.81616730289588,7.04679135494285,20.0710513663701,-1.10926058729056,-0.478275829058694
-12.6375786693624,-10.1270895117722,-1.4561592463725,7.19443441060454,20.1307476569329,-1.05409612612464,-0.660668597598329
-11.7582336952816,-9.57182860844542,-1.14333427005671,7.28322207584417,20.1585003639118,-1.01600029466177,-0.839094254479543
-10.8933148290571,-9.04946676475544,-0.880526337150611,7.30910888548419,20.1497167995523,-1.00004214239698,-1.01271337785929
-10.0429360335018,-8.56034603657487,-0.668860253781849,7.26986135170636,20.1013308304256,-1.01025611547979,-1.1806990890078
-9.20644097350728,-8.10341281057423,-0.507661674841676,7.16517091298311,20.0120938446098,-1.04929245703682,-1.34221911320027
-8.38241951214843,-7.67621905099363,-0.394418925631197,6.99674881894944,19.8828803543043,-1.11803076004036,-1.49640536251135
-7.56875956925122,-7.27497302744265,-0.324783967241758,6.76842034302021,19.7169935467101,-1.21517490414189,-1.64231051235876
-6.76273412874394,-6.89463835719604,-0.29260958404649,6.48622183943772,19.5204362547519,-1.33686440902024,-1.77885445986782
-5.96112855557602,-6.52909154159202,-0.290037506889222,6.15847966992949,19.302084978205,-1.47636245577991,-1.90476874811849
-5.16041987113553,-6.17136297256384,-0.307676638552845,5.79581502269379,19.0736705153572,-1.62391393119273,-2.01855365976812
-4.35702359797695,-5.81399870332523,-0.334935077718059,5.41097948342496,18.8494379519621,-1.76690021529398,-2.11846928678225
-3.54761931788446,-5.44957935453572,-0.360580020932664,5.01839921390163,18.6453524987356,-1.89043203884232,-2.20258532412563
-2.72954713246533,-5.07140550225926,-0.373575928303531,4.63331749462503,18.4777672142364,-1.97848731773172,-2.26890975459362
-1.90123235678254,-4.67429877695677,-0.364177309969888,4.27050422449499,18.361599613289,-2.01558815247266,-2.31559925215795
-1.06255470682801,-4.25538627909574,-0.325133659172307,3.94265321427803,18.308266972056,-1.98882039703915,-2.3412240714933
-0.21505347974799,-3.81467031318613,-0.252744462412609,3.65877025737137,18.3238308787359,-1.88979096618352,-2.34502720086124
0.638122702947047,-3.3551868917156,-0.147456679102667,3.42297074995696,18.4078755128385,-1.71600968629625,-2.32710059803534
1.49254667547261,-2.88265245345197,-0.0137843574887242,3.23405741950003,18.5534945300545,-1.47127983580484,-2.28841723000743
2.34305904601806,-2.40465780749876,0.140465829129639,3.08602192193887,18.7484174302776,-1.16498092340331,-2.2307050290835
3.18439804736666,-1.92961089907013,0.305457544804129,2.96931368358183,18.9769356809069,-0.810486623092605,-2.15620406458349
4.01177104358513,-1.46568231610286,0.470746284053371,2.87250261117697,19.2220838934158,-0.423193749464172,-2.0673814699566
4.82127014056219,-1.01995660150559,0.626549170007355,2.78392241549344,19.4675678295998,-0.0186510312676074,-1.96667655261806
5.61010061648869,-0.597885071647598,0.764674182321048,2.69299447813746,19.6991353627711,0.388883492393598,-1.85632055681286
6.37664526834365,-0.203033619624124,0.879061111794496,2.59110347787365,19.9053217501959,0.787339347808843,-1.73824194543637
7.12041447044175,0.16294169679542,0.96598684722475,2.47203862737892,20.0776666800424,1.16723173089948,-1.61404402467218
7.84193335279381,0.500174475820098,1.02402996775179,2.33209155744988,20.2105705281135,1.5216887990355,-1.48503151429294
8.54260493449736,0.810393222148376,1.05388765613054,2.16992024774873,20.3009545330589,1.84624831755765,-1.35226289871481
9.22457151567109,1.09669750808316,1.05811407335841,1.98627234618399,20.3478510101407,2.13853861925814,-1.21661067217619
9.8905821622639,1.36332666520356,1.0408212451764,1.78363348111989,20.3520032694168,2.39792258825933,-1.07881784888086
10.5438641076433,1.61542508967771,1.00736087933801,1.56584075213069,20.315515174455,2.62515085314525,-0.939544380010607
11.1879907315792,1.8587985013555,0.963991790225062,1.33768432891671,20.2415620499424,2.8220468379282,-0.799400923611304
11.8267378035111,2.09965290411248,0.917532550261564,1.10451154217263,20.1341573179281,2.99123169763335,-0.658969928367918
12.4639220871017,2.34431099066566,0.875000639343702,0.871845890275434,19.9979608556219,3.13588934570268,-0.518815569612888
13.1032210343358,2.59890726307163,0.843244933623065,0.645034815197758,19.8381130388367,3.25956830853197,-0.379484968406003
13.7479779475472,2.86907096951535,0.828584947397348,0.428941810785741,19.6600805202642,3.36601601200321,-0.241503494092593
14.4010023864588,3.15961300263023,0.836475341222928,0.227698138133612,19.4695038757702,3.45904093001876,-0.105366905884119
15.0643796714609,3.47423760702291,0.8712162890263,0.0445261497687168,19.2720416149827,3.5423980277121,0.0284672518285121
15.7393055922103,3.8153013608772,0.935728947207461,-0.118359705625393,19.0732088116338,3.6196928670904,0.15958708335535
16.4259623058334,4.18364032484827,1.0314110073345,-0.259775459298352,18.8782108824286,3.69429956203552,0.287631214251052
17.1234494341713,4.57848206676333,1.15808123741743,-0.379522155040288,18.6917745867086,3.76928774456245,0.412290170393103
17.8297804213252,4.99745307058294,1.31401512872478,-0.478286222528955,18.517979129821,3.84735391810117,0.533303697321586
18.541948892919,5.43668457177337,1.4960671649832,-0.557502633668622,18.3600912428643,3.93075319129725,0.650453746325735
19.2560636015002,5.89101182269346,1.69986938294529,-0.619198213783733,18.2204097392576,4.02122846252855,0.763553128789616
19.9675439865873,6.35425383680247,1.92009110617213,-0.665830636786934,18.1001272137297,4.1199356247537,0.87243013751027
20.6713624484566,6.81955363752237,2.1507412301684,-0.700135227672907,17.9992192479007,4.22736532942979,0.976909780540363
21.3623145475686,7.27975361498748,2.38549233465604,-0.724987549582019,17.9163737746706,4.34326419826516,1.07679265414091
22.0352954589101,7.72777749640265,2.618005300714,-0.743285661416189,17.8489747242704,4.46656114080665,1.17183289405798
22.6855603034243,8.15698995539511,2.84223397039476,-0.757852507870608,17.7931539069684,4.59530751568554,1.26171707775369
23.308947436666,8.56150700217365,3.05269153845765,-0.771356524565659,17.7439229197994,4.72664309148102,1.34604640135791
23.9020473920499,8.93643479586768,3.24466359270855,-0.786247342535625,17.695392893622,4.85680281134139,1.42432491702732
24.462305031666,9.27802073572832,3.41435668257098,-0.804703355993854,17.6410839239893,4.98118144204975,1.49595697117408
24.9880487058512,9.58370825684425,3.55897579024749,-0.828588683295071,17.5743186280159,5.09447321097219,1.5602570544255
25.4784463769214,9.85209467035706,3.67672868570855,-0.859418426434769,17.4886844187746,5.19089958548789,1.61647466936384
25.933395046669,10.0827992732326,3.76675967775657,-0.898332916855905,17.378537001989,5.26452877042014,1.66383522379926
26.3533552527929,10.2762559441457,3.82901944338798,-0.946083519824626,17.2395031632769,5.30967428484283,1.70159515029448
26.739147122736,10.4334504046048,3.86408157239984,-1.00303409792793,17.0689271755372,5.32133885837565,1.72910577480768
27.0917278495699,10.5556270261904,3.87292048944829,-1.06918263670045,16.8661972756964,5.29564894193791,1.74587683604883
27.4119730181709,10.6439938127125,3.85666994431021,-1.14420601163713,16.6328939350386,5.23021256077457,1.75162847820027
27.7004850449259,10.699456467449,3.8163859495898,-1.22752705081939,16.3727240093276,5.12433669373595,1.74632128843684
27.9574511006465,10.7224125904727,3.75284169235052,-1.31839763460412,16.0912422116101,4.97906279441556,1.7301579559118
28.1825691049858,10.7126335332827,3.66638241466052,-1.41598636827488,15.7954029191108,4.79701522893014,1.7035563439038
28.3750537791739,10.6692534672334,3.55686377172642,-1.51945659346357,15.493016838306,4.58209553526825,1.66710010916904
28.5337255503038,10.5908729753683,3.42368730955719,-1.62802159899548,15.1921971503541,4.33908253780224,1.62147727879645
28.6571749464645,10.4757698356736,3.26593305702198,-1.74096870464595,14.9008665352143,4.07320684326339,1.56741823862329
28.7439855476447,10.3221952464727,3.08257472070277,-1.85765074706963,14.6263672969081,3.78975858267346,1.5056426093565
28.7929913628981,10.1287222852759,2.87275076194254,-1.97745013821555,14.3751842291612,3.49376647194026,1.43682074777351
28.8035403192347,9.89460653232914,2.63605688643041,-2.09972526335268,14.1527648408782,3.1897632860953,1.36155158364512
28.7757348559029,9.62011717544005,2.3728230000814,-2.22375082409771,13.9634099723917,2.88163464556552,1.28035529917937
28.7106227542129,9.30679993549101,2.08433995811659,-2.34866314008718,13.8102091072311,2.57253758423692,1.19367742614415
28.6103157883003,8.95763980430807,1.77300727452284,-2.4734193771268,13.6950042347769,2.26487224743489,1.10190022818595
28.4780199709002,8.57710080472643,1.44238110140124,-2.59677718789842,13.6183778950197,1.96029178747724,1.00535742315533
28.3179687512447,8.17103107223524,1.09711136212745,-2.71729897051012,13.5796700107793,1.6597392359172,0.904349004428815
28.1352594290125,7.74643421182535,0.742767535301219,-2.83338298764506,13.5770316215131,1.36350367198039,0.799153846776153
27.9356030005683,7.31112172321299,0.385563981659389,-2.94332166325751,13.6075214494192,1.07129028867124,0.690038750728767
27.7250079928195,6.87327535739121,0.0320072523648178,-3.04538512397107,13.6672450439143,0.7822998841661,0.577263506754091
27.5094279934729,6.44096061274126,-0.31150186330493,-3.13792530778432,13.7515285825228,0.495313382124084,0.461082399143349
27.2944085808047,6.02164061273228,-0.639071667097978,-3.2194929167343,13.855112857751,0.208776936159821,0.341743273419405
27.0847704619265,5.62174098550137,-0.945686337782565,-3.28895664087226,13.9723495816644,-0.0791163804913978,0.21948579432982
26.8843609153208,5.24631004195977,-1.22749822441652,-3.34561197102944,14.0973828392577,-0.370351024271651,0.094540749331587
26.6958960532122,4.8988056233922,-1.48201699547747,-3.3892659326592,14.2243033490634,-0.667020159936323,-0.0328678315788619
26.520903943962,4.58102337010217,-1.70817940695308,-3.42028420490727,14.3472710340874,-0.97126139195479,-0.162516341855492
26.3597663601653,4.29316474446522,-1.90629602617228,-3.43958807811274,14.460610805444,-1.28519182770483,-0.29417020849596
26.2118471738853,4.03403023237,-2.07788136067599,-3.4485901454981,14.5588956000344,-1.61083431645078,-0.427567186709425
26.0756898252313,3.80131556588447,-2.22538013175274,-3.44905934245539,14.6370382433794,-1.95002424856674,-0.562395519347446
25.9492645890332,3.59198636497139,-2.35180508411589,-3.4429080768288,14.6904184376529,-2.30428466297214,-0.698267314467084
25.8302476564475,3.40270762356647,-2.46030227272178,-3.43189739190421,14.7150725089295,-2.67465704492475,-0.834687374562329
25.7163163914702,3.23030640237321,-2.55366049140401,-3.41726140886892,14.7079706938397,-3.06147677064839,-0.971017404854503
25.6054469214003,3.07224632406616,-2.63378494127928,-3.39926118536318,14.667398793062,-3.46408679055844,-1.10643531484645
25.4961996661662,2.92708866230809,-2.7011637258563,-3.37669230857138,14.593446057095,-3.88049250585398,-1.23988965470011
25.3879746251718,2.79490537619302,-2.75437119216036,-3.34639177887042,14.488576714164,-4.30697712439879,-1.3700507048928
25.2812107424459,2.67759393497542,-2.78967510883099,-3.30281883580187,14.3582257178994,-4.73772223621626,-1.49526299123979
25.1774933911552,2.57902425392741,-2.80084274700106,-3.23781911102757,14.2113092038103,-5.16451327436437,-1.61350935527204
25.0795242555927,2.50493118761308,-2.77926559956076,-3.14071299829809,14.0604824132014,-5.57664902441563,-1.72240357456483
24.9909059872511,2.46246529302368,-2.71452608900926,-2.99885807581079,13.9219314462459,-5.96120373798739,-1.8192345503312
24.9157101247966,2.4593493606835,-2.59548601537903,-2.79879206226209,13.8144864191688,-6.30378246402744,-1.90108554805314
24.8578409122611,2.50267527518642,-2.41186234680648,-2.52793900385701,13.7579394683493,-6.58983198257797,-1.96504089771507
24.8202786976161,2.59751038525194,-2.15607566783692,-2.17665860579326,13.7706686757933,-6.80640536394765,-2.00846654520095
24.8043618663757,2.74561914674273,-1.82496933442358,-1.7401998679763,13.8669681288107,-6.94406314678663,-2.02931526630835
24.8093024777885,2.94466246928781,-1.4209127358568,-1.22000866622034,14.0547317961763,-6.99842989065587,-2.02637931574591
24.8320888960566,3.18814430779664,-0.951916527739687,-0.623949145703814,14.3341626554468,-6.97093414424462,-1.99941413967106
24.8678099767521,3.46614334210569,-0.430692054285307,0.0346697310819248,14.697899119412,-6.86848855425075,-1.94909481794774
24.9102955255627,3.76660669233896,0.127061626686254,0.738972579834409,15.1324814743256,-6.70221882339011,-1.87682565201307
24.9528799718182,4.07682962043421,0.70464642280438,1.47075533551033,15.6206681090224,-6.48564017598074,-1.78447069890873
24.9890977260492,4.38476269305949,1.28614624568591,2.21253297622846,16.1439517786383,-6.23277158862348,-1.67408588391974
25.0131893535425,4.67993036886535,1.85770079905412,2.94904180085584,16.6847371806344,-5.95657240319979,-1.54771265294838
25.0203864798625,4.95391411820234,2.40819684641845,3.66808973842569,17.2278927757151,-5.66788751232491,-1.40725771189447
25.0070088527111,5.20047340836249,2.92946445822232,4.36083496216485,17.7616314347543,-5.37490760633072,-1.2544525735865
24.9704357485789,5.41542746086162,3.41613588231155,5.02165892890668,18.2778249206035,-5.08304554564601,-1.09086955816704
24.9090131067811,5.59641655849917,3.86532351276636,5.64780600055054,18.7719115018848,-4.7950974231327,-0.917966892227825
24.8219420469,5.74263160488782,4.27623736616443,6.23892784234027,19.2425484823486,-4.51156966415011,-0.737139692131918
24.7091748150818,5.85456529566035,4.64981895805797,6.79662744251139,19.6911286106623,-4.23108369518464,-0.549761079077881
24.5713268330421,5.93380747383157,4.98843031763674,7.32405909066034,20.1212444024776,-3.95080030647769,-0.357205447248835
24.4095999828753,5.98288300515256,5.29560632735045,7.82560900003279,20.5381557251127,-3.66683022843176,-0.160852531876125
24.2257025433045,6.00511169090989,5.57585360209846,8.30665348901512,20.9482931529685,-3.37461534686974,0.0379241456453033
24.0217446561389,6.00445517367316,5.83445789244554,8.77336512258587,21.3588088857512,-3.06927839099058,0.237777758321536
23.8000850888094,5.98530586010368,6.07724503269117,9.23251251387875,21.7771661539398,-2.74594987891595,0.437409405553433
23.5631057409193,5.95216919396208,6.31023036921212,9.6911801075982,22.2107372715174,-2.40009056717065,0.635581709356399
23.3128955482742,5.90919519758295,6.53909179311122,10.1563250676459,22.6663627775483,-2.02783549318395,0.83111692775199
23.050835784282,5.85952957721834,6.76841464386116,10.6340934859058,23.1498135785235,-1.62639081302504,1.02287259890942
22.7770945856782,5.80447970321147,7.00068436064598,11.1288399133122,23.6650986130127,-1.19451485954249,1.20968880906715
22.4900608809722,5.74252782281116,7.23504665395931,11.6418348328982,24.213576634733,-0.733106473475562,1.39030296458874
22.1857789333128,5.66827659870245,7.46591980703179,12.1697091741326,24.7928685138749,-0.245900434632784,1.56323171080116
21.8574877571478,5.57148698623906,7.68163851246329,12.7027842192946,25.395636660393,0.25977754728298,1.726627453144
21.4954256506452,5.4364702242926,7.86344209014177,13.2235832166932,26.0084142534132,0.772325374102958,1.87813119913063
21.0871185499662,5.24221244210963,7.98528275760031,13.7060179299821,26.6108333961099,1.27549481121027,2.01476513581247
20.6183958603147,4.9636876546801,8.0150606289133,14.1159383109714,27.175784612748,1.74870819633591,2.13293316832676
20.0752982999582,4.57473386035312,7.91784410610368,14.4137777986586,27.6711282066985,2.16848038503619,2.2286105725245
19.4467801179321,4.05247509788858,7.66120018527785,14.559678936921,28.0633739463145,2.51119640334027,2.29777839976646
18.7276642494941,3.38252764207697,7.22184313478976,14.5205698365808,28.32307970212,2.75700202480063,2.33707151559877
17.9208819427021,2.56341645864005,6.59171709842336,14.2774035772793,28.4307134088219,2.89385549523478,2.34447795174434
17.0379878167472,1.60837852291471,5.78114221473999,13.8299672359953,28.3809705630073,2.92030427567812,2.31983227231926
16.0975229591848,0.543541258149922,4.81748927777836,13.1972078699498,28.1837896376945,2.84580727964661,2.26488597774151
15.1217460283057,-0.596961359154397,3.739767451157,12.4129057229895,27.8616737244936,2.68844989830281,2.18292306338484
14.1329248929673,-1.77708462540822,2.59124930006161,11.5185390268968,27.4445409091402,2.47103520386743,2.07809637050512
13.1503512378532,-2.9641658071638,1.41267285784578,10.5559827573879,26.9640955150322,2.21701222345721,1.954745965259
12.1886700366435,-4.13222743414363,0.237670226515986,9.56203019666196,26.4493413376959,1.94736287788656,1.81689543684392
11.2574897424102,-5.26315578914286,-0.909218245057051,8.56544431776238,25.9239158945597,1.67886090400008,1.66799092414267
10.3618878895999,-6.34628318333192,-2.01247469938282,7.58622748958017,25.4051139792641,1.42354295138263,1.51084476909589
9.50337284601197,-7.37707230490246,-3.06429727755555,6.63636842475222,24.9040889642351,1.18898661174115,1.34770483582307
8.68096758317697,-8.35547340465538,-4.06276689334493,5.72134166379535,24.4266951697317,0.978998074633296,1.18037599264928
7.89221628013226,-9.28431696454593,-5.00996078625384,4.84183601964735,23.9745719650613,0.794427238782688,1.01034425417424
7.13401781563464,-10.1679314138441,-5.91027420258336,3.99539840500811,23.5462286012795,0.633949414828827,0.838878141651219
6.40325239401252,-11.0110648351037,-6.76906932705898,3.17783265809872,23.1380089422273,0.494740692658839,0.667099042054015
5.69720035037213,-11.818127919207,-7.5916881777751,2.38428750801134,22.7448893708652,0.373025871438231,0.496022371039227
5.01376936366248,-12.5927419803042,-8.38282032224718,1.61002267830039,22.3611034098306,0.264503817625853,0.326576027021844
4.35155648276474,-13.3375557539089,-9.14618886151665,0.850874959845134,21.9806063513771,0.16466604527617,0.159603887869519
3.7097783025559,-14.0542814018871,-9.88450022485093,0.103467236348352,21.5974025829642,0.0690277340995351,-0.00413855901261877
3.08810674330095,-14.74389181748,-10.5995921151042,-0.634783217826413,21.2057621015285,-0.0267095053071174,-0.163990930940716
2.48644883636423,-15.4069185499385,-11.2927096388468,-1.36579458729175,20.8003536602361,-0.126545071471089,-0.319393252281114
1.90470649438501,-16.0437924850843,-11.9648422708466,-2.09102667341012,20.3763207749088,-0.234100798554235,-0.469887622578241
1.3425470928665,-16.6551770458401,-12.6170628986738,-2.81170836693453,19.9293241967123,-0.35256223234193,-0.61511512394417
0.79920899386715,-17.2422541176612,-13.250822514503,-3.52904248653541,19.4555708109815,-0.484627783170666,-0.754807482294399
0.273359306236499,-17.8069340389442,-13.8681675855676,-4.24435682415582,18.951845000196,-0.632455905834759,-0.888773290658225
-0.23698468534472,-18.3519708678565,-14.4718593358501,-4.9591824555803,18.4155547114782,-0.797602488589173,-1.01687870625439
-0.734463276765711,-18.8809716056275,-15.0653835835484,-5.67525038588454,17.8448009866731,-0.980942665469,-1.13902259291734
-1.22230687726997,-19.3982931876746,-15.6528461815052,-6.39440483015583,17.2384765814175,-1.18257359072571,-1.25510622209675
-1.70419067926278,-19.9088243439185,-16.2387529994758,-7.11843620715838,16.5963956482295,-1.40169780813915,-1.36499793932728
-2.18401061792615,-20.4176526695909,-16.8276765999937,-7.84884055193885,15.9194517118454,-1.63649136524062,-1.46849373752482
-2.6655828246977,-20.9296221026006,-17.4238162619349,-8.58651624719123,15.2097939781187,-1.88396743274355,-1.56527552636333
-3.15227444310698,-21.4487947454255,-18.0304663562656,-9.33141574613844,14.4710015949286,-2.13985537324949,-1.65487015299011
-3.64658322503328,-21.977845456033,-18.6494224661983,-10.0821809530694,13.7082214520561,-2.39852677314277,-1.73661396364433
-4.14969757863845,-22.5174390254417,-19.28037641252,-10.8358067327214,12.9282188008914,-2.65301234508536,-1.80962979300917
-4.66108727414704,-23.0656672045703,-19.9203795461056,-11.5873959771906,12.1392755594543,-2.89516298782247,-1.8728252798545
-5.17819481261028,-23.6176512416473,-20.5634827437469,-12.3300862480465,11.3508664746684,-3.11600791459055,-1.92492233642972
-5.6963115971148,-24.1654340855974,-21.2006797176766,-13.0552321467992,10.5730595686203,-3.30634384063423,-1.96452593462639
-6.20872054513807,-24.6982782611643,-21.8202697487121,-13.7529060712525,9.81563486658444,-3.45754455953802,-1.99023454286505
-6.70715602290228,-25.2034338881425,-22.4086995081954,-14.4127229822044,9.08699564110739,-3.56251125284165,-2.00078408710186
-7.18256848520882,-25.667341639475,-22.9518373974353,-15.0249059440646,8.39304178416725,-3.61660789335721,-1.99520428771927
-7.62609686253928,-26.0771083775407,-23.4365013704594,-15.5814143173938,7.73624661546037,-3.61837665680645,-1.97295579290076
-8.03007710974635,-26.4219868379155,-23.8519543702006,-16.0768990608889,7.11518070217622,-3.56984118744273,-1.93401507873831
-8.38888738195831,-26.6945601164905,-24.1910577166518,-16.5092683980416,6.52463629481403,-3.47629413443709,-1.87888513679514
-8.69946891909352,-26.8914027624117,-24.4508565223156,-16.8797468554125,5.95634836067183,-3.34560254531209,-1.80853054266591
-8.96145303878934,-27.0131367738749,-24.6325310579589,-17.1924518284871,5.40014878113303,-3.18719261787094,-1.72425679117002
-9.17692735083468,-27.0639568396691,-24.7408121428219,-17.4536321752465,4.84529700641303,-3.01093987722711,-1.62756643694229
-9.34994623761532,-27.0508017360239,-24.783061029029,-17.6707672794941,4.28173219821766,-2.82617445414667,-1.52002454419534
-9.48591263745386,-26.9823723843174,-24.7682306772557,-17.8517066019761,3.70106762610914,-2.64093713894174,-1.40315596159691
-9.59093890114099,-26.8681589657993,-24.7058768794005,-18.0039667015837,3.09725025866417,-2.46153243800573,-1.27838342539878
-9.6712568838654,-26.7175764298646,-24.6053149693537,-18.1342314540072,2.46689458201683,-2.29235416432213,-1.1470041001233
-9.7327128143483,-26.5392524146956,-24.4749556928945,-18.2480474748697,1.80934969067606,-2.13592108708352,-1.01019551157585
-9.78036144251912,-26.3404790440203,-24.3218177405349,-18.3496788314197,1.12657352904054,-1.99305147086365,-0.869039678277156
-9.81816669291385,-26.1268295808676,-24.1512034585728,-18.4420790328907,0.422879519178837,-1.86311489760934,-0.724555037123242
-9.84881657118782,-25.9019429015245,-23.9665282511323,-18.5269450528127,-0.295398151120333,-1.74431661646695,-0.577727859367101
-9.87366095510793,-25.6674818280303,-23.7693013536358,-18.6048291354711,-1.02029353487018,-1.63398637032494,-0.429537198995182
-9.89277657794178,-25.4232671566093,-23.5592570509856,-18.6752934624326,-1.74263863031596,-1.52885651194364,-0.280969569327253
-9.90515207109255,-25.1675748431765,-23.3346271832368,-18.7370976672928,-2.45252529932248,-1.42532223682374,-0.1330214857682
-9.90896945063973,-24.8975620620868,-23.0925294037265,-18.7884095412106,-3.139788080614,-1.31968047780231,0.0133101353711298
-9.90194208464688,-24.6097659713789,-22.8294269407921,-18.8270268034151,-3.79448867934581,-1.20834478603775,0.157047923845448
-9.88165910196851,-24.3006055888938,-22.5416021862607,-18.8505951045947,-4.407374522006,-1.08803299906503,0.297260925407442
-9.8458868276975,-23.9668184206497,-22.2255844727257,-18.8568068262443,-4.97027962171319,-0.955924135441798,0.433093825893403
-9.79278979084655,-23.6057803077374,-21.8784838701709,-18.8435678975417,-5.47643914293843,-0.80978166845222,0.563793599266059
-9.72105370571067,-23.2156847212633,-21.4982048046181,-18.8091255678831,-5.92069957339907,-0.648042271964645,0.688729220699983
-9.62991425400529,-22.7955874724115,-21.083538574616,-18.7521568454353,-6.29962128782714,-0.469871736932592,0.807401460782397
-9.51911259828862,-22.3453465022618,-20.6341554094686,-18.6718233459661,-6.61148509248766,-0.275192163721915,0.919441596229288
-9.38880768132542,-21.8654989733852,-20.150529541926,-18.5678019591924,-6.85622502979462,-0.0646859380028362,1.02459968728357
-9.23947595258656,-21.357118379307,-19.6338332420601,-18.4403010967754,-7.03531401075717,0.160218025379008,1.12272448984849
-9.07182359984144,-20.8216863994126,-19.0858303803371,-18.2900701827615,-7.15162693416223,0.39737168488627,1.21373792112736
-8.88672763338152,-20.2610017869763,-18.5087900389788,-18.1184061566878,-7.20929941344295,0.643947260035534,1.29760728702628
-8.68521306001702,-19.6771356402703,-17.9054294497606,-17.9271562260454,-7.21359132835521,0.896489866557327,1.37431835689823
-8.46846561817268,-19.0724314809348,-17.278885558364,-17.7187119688695,-7.17075526511802,1.15098752326831,1.44385203318339
-8.2378735597543,-18.4495402200097,-16.6327066513207,-17.495986580955,-7.08790196170395,1.40296486953944,1.5061669372479
-7.99508777316769,-17.8114745670331,-15.9708503233511,-17.2623654204137,-6.97284936140192,1.64760788317468,1.56118979291908
-7.74208664122038,-17.1616639730511,-15.2976712548749,-17.0216201876886,-6.83393955325952,1.87992589110212,1.60881496932389
-7.48123039536595,-16.5039899084117,-14.6178821324569,-16.7777797920235,-6.6798096376171,2.09495361123459,1.64891385239111
-7.21528958429905,-15.842782404727,-13.9364738213662,-16.534956445853,-6.51910897201686,2.28798956675428,1.6813537367485
-6.94743413677313,-15.1827628283104,-13.258586781666,-16.2971334709509,-6.36016621622086,2.4548583865754,1.70602462365308
-6.68117404905862,-14.5289254753706,-12.5893347405139,-16.0679308424229,-6.21062387882858,2.59217477978451,1.72287082806086
-6.42024990988293,-13.8863611085457,-11.933592370692,-15.850373198398,-6.07707258074216,2.69757893197592,1.7319229339448
-6.1684805777413,-13.2600376503657,-11.2957691457661,-15.6466903902719,-5.96472780998833,2.76990993049156,1.73332488534191
-5.92958430425507,-12.6545637788852,-10.6795983878359,-15.4581797977123,-5.87719406827357,2.80928806938428,1.72735126423211
-5.70699596961034,-12.0739669677666,-10.0879712164143,-15.2851516042891,-5.81635253700914,2.81708898175617,1.71441126186875
-5.50370477796368,-11.5215164594815,-9.52283878939713,-15.1269645766456,-5.78238981236863,2.79581014726504,1.69503826960232
-5.32213284419144,-10.9996133547067,-8.98519407169922,-14.9821438653507,-5.77396147665807,2.74884864433259,1.66986671760985
-5.16406688192271,-10.5097571823471,-8.47513017113058,-14.8485589288383,-5.78846223708532,2.68022290543793,1.63960003991376
-5.03064509988081,-10.0525845829537,-7.99195992264335,-14.7236321508629,-5.82235998838393,2.59427705329313,1.60497480906407
-4.92239235505987,-9.62796491417321,-7.53437400357363,-14.6045484320825,-5.87154740331165,2.49540355789074,1.56672599481557
-4.83929068086291,-9.23513187907048,-7.10061341177026,-14.4884417864332,-5.93167066255168,2.38781065903457,1.5255572099009
-4.78087017164584,-8.87282982241143,-6.68863557948021,-14.3725439310967,-5.99840708624673,2.27534887383577,1.48211820332882
-4.7463063220918,-8.53945683096514,-6.29625963403416,-14.2542891447304,-6.06767736950004,2.16139943936234,1.43699026495208
-4.73451303541116,-8.23319222118961,-5.92128312925035,-14.1313771482322,-6.13579033573761,2.04881895983114,1.39067896219765
-4.74422434049754,-7.95210166635815,-5.56156840395827,-14.0018005755479,-6.19952675841154,1.93992959515545,1.34361288540439
-4.7740613959907,-7.69421791573191,-5.21510079533174,-13.8638457478734,-6.25617350692926,1.83654244737614,1.29614679153553
-4.82258407138728,-7.45759829583966,-4.88002317454506,-13.7160755147353,-6.3035206853975,1.74000242123712,1.2485675787733
-4.88832824310071,-7.24036213833178,-4.55465213058828,-13.5573019342845,-6.3398337331362,1.65124476633341,1.20110178007531
-4.96983088985618,-7.04071200135815,-4.2374809206414,-13.3865548021056,-6.36381048878687,1.57085586236689,1.15392357241589
-5.06564545985934,-6.85694262238538,-3.9271736263832,-13.2030503566079,-6.37453092865861,1.49913310356136,1.1071626188132
-5.1743499555267,-6.68744115904094,-3.62255405020835,-13.0061629509508,-6.37140507525407,1.43614066297892,1.06091132856521
-5.29454989787177,-6.53068166169456,-3.32259195930304,-12.7954011546088,-6.35412265425426,1.38175938032819,1.01523131997593
-5.42487803423904,-6.38521618310241,-3.0263885340955,-12.5703889449907,-6.3226066812289,1.33573007264513,0.970159025730541
-5.56399223882408,-6.24966431091012,-2.73316220737705,-12.3308518804148,-6.27697204736993,1.29769023369289,0.925710463486039
-5.71057274070615,-6.1227024722216,-2.44223561991618,-12.0766077948739,-6.21748949271756,1.26720450443472,0.881885253102762
-5.86331950089271,-6.00305395979667,-2.15302406400976,-11.8075612789749,-6.14455489029326,1.24378950817835,0.838669982942071
-6.02095030054591,-5.88948032150748,-1.86502554717371,-11.5237010860013,-6.05866350043399,1.22693373032289,0.79604103110836
-6.18219990705507,-5.78077453188318,-1.57781245628721,-11.2250996078344,-5.96038874082413,1.21611313411998,0.753966941400877
-6.34582047295447,-5.67575613815291,-1.29102469109533,-10.9119135296106,-5.85036493076223,1.21080315907877,0.71241043329843
-6.51058322559083,-5.57326846513805,-1.00436409183935,-10.5843849374017,-5.72927351083235,1.21048769885115,0.671330113779486
-6.67528135608688,-5.47217780561996,-0.717589944681271,-10.2428421919418,-5.59783222490347,1.21466558003261,0.630681936322383
-6.83873395357026,-5.3713744467293,-0.430515343810092,-9.88770004861056,-5.45678680518266,1.22285499997565,0.590420440494065
-6.99979076096557,-5.26977529895149,-0.143004189565583,-9.51945861991025,-5.30690472565716,1.2345963153595,0.550499792952594
-7.15733750403703,-5.16632784941199,0.145031385137377,-9.13870092529435,-5.14897063001062,1.24945351632521,0.510874644410329
-7.31030152247801,-5.06001512051159,0.433633349940222,-8.74608888263971,-4.98378306116135,1.26701466613374,0.471500812757734
-7.45765744994105,-4.9498613106854,0.722800039982181,-8.34235772078962,-4.81215215510187,1.28689154103514,0.432335803423636
-7.59843268940501,-4.83493778365979,1.01248848466758,-7.92830885624041,-4.63489797228397,1.30871865904054,0.393339178930713
-7.73171250747865,-4.71436912234567,1.30261691515013,-7.50480139666601,-4.45284919495754,1.33215185679293,0.354472796223108
-7.85664456123555,-4.58733896223554,1.59306752981908,-7.0727424243669,-4.2668419138561,1.35686653263335,0.31570093135098
-7.97244276402981,-4.45309539112923,1.88368957471234,-6.63307629504273,-4.07771828931807,1.38255565489931,0.27699031780653
-8.07839040154754,-4.31095572257319,2.17430276414239,-6.18677316276269,-3.88632488358297,1.4089276049071,0.238310125403474
-8.17384247730411,-4.1603105114579,2.46470104918765,-5.7348169734102,-3.69351051554125,1.43570391057494,0.199631909071522
-8.25822727669634,-4.00062670714031,2.75465671781988,-5.27819314718357,-3.50012351895838,1.46261690843512,0.160929555173635
-8.33104717033788,-3.83144987682286,3.04392479658389,-4.81787617492137,-3.30700833480221,1.48940736259644,0.122179250646707
-8.3918786716146,-3.65240544664259,3.3322477048109,-4.35481734008547,-3.11500140858557,1.51582205839796,0.0833594953868468
-8.44037178412485,-3.4631989312615,3.61936010774317,-3.88993279397596,-2.92492642256918,1.54161138679489,0.0444511726906228
-8.47624864040247,-3.26361511677415,3.9049938953002,-3.42409220619385,-2.73758893555865,1.56652692777639,0.0054376847726536
-8.49930142704696,-3.05351616730539,4.18888320502275,-2.9581082359826,-2.55377056290769,1.59031904125404,-0.0336948474272891
-8.50938958792743,-2.83283862999173,4.47076940452,-2.49272709616278,-2.3742228899282,1.612734476851,-0.0729573296921577
-8.50643624908674,-2.60158930316272,4.75040592335348,-2.02862049184139,-2.19966135692642,1.63351401003222,-0.112357403600697
-8.49042382743542,-2.35983995252776,5.02756282769718,-1.56637924646358,-2.03075941324397,1.65239012082715,-0.151899145822235
-8.46138877642386,-2.10772087578808,5.30203102004898,-1.10650893090108,-1.8681432743292,1.6690847348945,-0.191582791831116
-8.41941541369895,-1.84541334359568,5.57362592823994,-0.649427799214886,-1.71238763568704,1.68330704883342,-0.231404523535932
-8.36462884060171,-1.57314100176022,5.84219056984571,-0.195467308204308,-1.56401270918337,1.69475147603793,-0.271356364252678
-8.29718697673912,-1.29116037066183,6.10759786726902,0.255124569850648,-1.42348291647425,1.70309575099095,-0.311426224347466
-8.21727181126874,-0.999750651101529,6.36975211757573,0.702177122175181,-1.29120752556328,1.70799924094176,-0.351598137909513
-8.1250800071377,-0.699203112515425,6.62858952106598,1.14558775829593,-1.16754342799634,1.70910151234366,-0.391852722020809
-8.02081310899718,-0.389810413650297,6.88407773660842,1.58531010289201,-1.05280015212138,1.70602121076015,-0.432167879723256
-7.90466764475258,-0.0718562535864921,7.13621445240401,2.02133961324053,-0.947247074384427,1.69835530597142,-0.472519751319795
-7.77682544619463,0.254394217509881,7.38502498681503,2.45369715604635,-0.851122652243723,1.68567874439544,-0.5128838986708
-7.63744458830521,0.588702796985132,7.6305590153105,2.88241111420444,-0.764645375484434,1.66754455042469,-0.553236689261233
-7.48665131191826,0.93086504554538,7.8728865301353,3.30749867971424,-0.688026014515767,1.64348439753812,-0.593556825523627
-7.32453326179569,1.28071519918256,8.11209317055916,3.72894703132698,-0.621480661306373,1.61300965586246,-0.633826947433591
-7.15113432860573,1.63812896600694,8.34827511078151,4.14669510004317,-0.565244015373361,1.57561291568767,-0.674035225658848
-6.96645126112914,2.00302412931962,8.58153368337542,4.56061656166578,-0.519582360540147,1.53076997364416,-0.714176854468034
-6.7704321005387,2.37535902768652,8.81196992735003,4.97050460150044,-0.484805711104986,1.4779422709498,-0.754255354155699
-6.56297636982229,2.75512914129943,9.03967926899001,5.376058886897,-0.461278666624387,1.41657978953026,-0.794283601182225
-6.34393680457231,3.14236215726254,9.26474652926317,5.77687505199406,-0.449429586997669,1.34612443628231,-0.834284515541096
-6.11312227511619,3.53711200331638,9.48724143331485,6.1724368733747,-0.449757769393639,1.26601398639712,-0.874291348431389
-5.87030150079553,3.93945246385461,9.70721488758432,6.56211128488834,-0.462838363969184,1.17568672820351,-0.914347536482251
-5.61520700792371,4.34947102293821,9.92469620769583,6.94514627934518,-0.489324781521962,1.07458701135484,-0.954506093581146
-5.34753880660264,4.76726365022765,10.1396916241425,7.32067183141234,-0.529948327036984,0.962172006014413,-0.994828529668122
-5.0669672040361,5.19293122722036,10.3521843836463,7.68770401149719,-0.585514718866938,0.837920074944602,-1.03538328210455
-4.7731342138905,5.62657831001272,10.5621368826221,8.04515262769237,-0.656897029660041,0.701341281476808,-1.07624364262156
-4.46565305426627,6.06831487813885,10.7694953411716,8.39183291447996,-0.745024406263187,0.551990678650421,-1.11748514513624
-4.14410530893577,6.51826167384916,10.9741976505269,8.72648205156695,-0.850865697000562,0.389485156882236,-1.15918235643071
-3.80803542722542,6.97655966462851,11.1761851374235,9.04778159693278,-0.975406839044177,0.213524755806287,-1.20140497818861
-3.45694237558928,7.44338406162957,11.3754190902062,9.35438725797807,-1.11962054549556,0.0239194611344142,-1.24421312847794
-3.09026845919316,7.91896321994893,11.5719030221748,9.64496783691285,-1.28442650566795,-0.17937741217553,-1.28765163318207
-2.70738557740012,8.40360251559858,11.7657116323936,9.91825552389098,-1.47063999814193,-0.396228144736936,-1.33174311351644
-2.30757956071752,8.89771301595529,11.9570274083832,10.1731100757029,-1.67890659192189,-0.626260864981407,-1.37647963409026
-1.89003373784764,9.40184425543685,12.1461855361651,10.4085995540434,-1.9096205704502,-0.86881049829494,-1.42181267150152
-1.45381359080502,9.91671972423781,12.3337272938215,10.6241001727583,-2.16282504139266,-1.12285048647569,-1.46764121520767
-0.997855278757563,10.4432726034013,12.5204611382282,10.8194170594284,-2.43809263663919,-1.38691658248915,-1.51379793868005
-0.520961973574436,10.9826777765519,12.7075291169859,10.9949260452446,-2.73438761111208,-1.6590259871169,-1.56003362538567
-0.0218132953637546,11.5363742515802,12.896473948504,11.1517335652234,-3.04991345607858,-1.93659799508821,-1.60600045878407
0.501005542685396,12.106069842716,13.0892988980425,11.2918467937621,-3.38195525792735,-2.21638625496198,-1.65123541924295
1.04894735572093,12.6937176338586,13.288508564264,11.4183389452592,-3.72673317214669,-2.49443755130229,-1.69514588787032
1.62341201849452,13.301452227827,13.4971145708881,11.5354855533089,-4.07929225725097,-2.76609704041156,-1.73700059545952
2.22561573623891,13.9314739935693,13.7185868220662,11.6488374459842,-4.43346308080961,-3.02608359334796,-1.7759300383309
2.8564206009015,14.5858732554955,13.9567306839234,11.765188090425,-4.78193409176777,-3.26865892321079,-1.81094105482212
3.51613334609453,15.2663950276582,14.2154756397456,11.8923914891258,-5.11647613230992,-3.48790737633421,-1.84094982824715
4.20429412664282,15.9741588787363,14.4985737962707,12.0389974643153,-5.42834625215496,-3.67812693392749,-1.86483552996443
4.91948857054938,16.7093663098955,14.809227637814,12.2136985318481,-5.70886866340824,-3.83430592876433,-1.8815128635329
5.65922446533168,17.4710443443376,15.14969172343,12.424625551848,-5.95014702075215,-3.95262869660454,-1.89001633286623
6.41991270121552,18.2568817448956,15.5209147562047,12.6785788287304,-6.14581475836624,-4.03092706860714,-1.88958369849747
7.19697687483318,19.0632060812526,15.9222956723928,12.9803193643888,-6.29169677696959,-4.06898620795612,-1.87972306869516
7.98508919325201,19.8851243197617,16.3516127474362,13.3320525858607,-6.386254713132,-4.06863221918657,-1.8602494777785
8.77850003104157,20.7168126623333,16.8051488541358,13.7332039896813,-6.43072678214727,-4.03357364643819,-1.83128298846094
9.57140618669524,21.5519064851488,17.2779908003651,14.1805210566535,-6.42894159846593,-3.96902527378404,-1.79320946565358
10.3582969985037,22.3839212471337,17.7644426634252,14.6684618950592,-6.38685842820496,-3.88118968299513,-1.7466137391649
11.1342291831023,23.206636660372,18.2584757040784,15.1897755716182,-6.31193767314016,-3.77669360457089,-1.6921998244732
11.8950040120318,24.0143955579023,18.7541436479004,15.7361580768722,-6.21246063773013,-3.66206843645871,-1.63071299875362
12.6372447028474,24.8022960678573,19.2459150569235,16.2988808735018,-6.09689958801944,-3.54333601353002,-1.56287485258864
13.3583899890081,25.5662805773877,19.7289027344396,16.8693228610613,-5.9734021824827,-3.42572580754692,-1.48933713698961
14.0566285924582,26.3031411880783,20.1989938517594,17.4393750646143,-5.84941490727545,-3.31352006637125,-1.41065534511989
14.7307999156719,27.010467973437,20.6528992104352,18.0017187685288,-5.73143944656026,-3.21000480779195,-1.32727966387609
15.3802817877388,27.6865655214873,21.08814562485,18.5499972325734,-5.62489801227552,-3.11749717328247,-1.23955937135732
16.0048796177925,28.3303581077938,21.5030341544121,19.0789089242702,-5.53407730097524,-3.03742035131947,-1.1477565189697
16.604725232911,28.9412975689966,21.8965821154759,19.5842497287764,-5.46212247860385,-2.97040242015216,-1.05206525710121
17.1801890017316,29.5192820844253,22.268460727842,20.0629262175048,-5.41105871894753,-2.91638204430958,-0.952633939258806
17.7318057510708,30.0645892583094,22.6189343226421,20.5129544416483,-5.38182557396057,-2.87471018322184,-0.849587867994162
18.260213478656,30.5778236204902,22.9488023167815,20.9334509401443,-5.37431718140969,-2.84424206204766,-0.743051111871295
18.7661033274179,31.0598763324958,23.2593416633074,21.3246155558895,-5.38742793896187,-2.82341737725833,-0.633166194156383
19.2501794641674,31.5118935317983,23.5522455633496,21.6877001824998,-5.41910822478729,-2.81032919900674,-0.520110686850118
19.713128075062,31.9352492309594,23.8295539719671,22.0249543620553,-5.46643755199613,-2.80278348882239,-0.404109898709893
20.1555953806157,32.3315189248378,24.0935728562168,22.3395382471419,-5.52572282918321,-2.79835176817756,-0.285444978205138
20.5781752043962,32.7024510531992,24.3467821645718,22.6353961676832,-5.59262698932323,-2.79441942141773,-0.164455905287766
20.9814071204885,33.0499352602124,24.5917367257624,22.917089857161,-5.66232837007792,-2.78823156261292,-0.0415390498184045
21.365786380635,33.3759686895577,24.8309689794838,23.1895984361948,-5.72970463891202,-2.77693751237707,0.0828607522322056
21.7317864396057,33.6826237177099,25.0669062585767,23.4581007954024,-5.78952811546963,-2.7576339266577,0.208263296291055
22.0798940446484,33.9720221960054,25.3018171626772,23.7277630354676,-5.83665394280392,-2.72740578868941,0.334170526413166
22.4106553217234,34.2463214298743,25.5378000046245,24.003556537487,-5.86618050554048,-2.68336406911395,0.460087210284106
22.7247292884459,34.5077154117614,25.7768210015672,24.2901294370601,-5.87356406446122,-2.6226791097873,0.58554299779585
23.0229432545372,34.758451535639,26.0208016399123,24.5917456972582,-5.85467690123011,-2.54260980658982,0.710113674802844
23.3063427946593,35.0008583373886,26.2717448274682,24.9122928577585,-5.80580894087698,-2.44053033505325,0.833439215878852
23.5762281169372,35.2373752585885,26.5318806711388,25.2553452076163,-5.72362450652809,-2.31395827005794,0.955236324768293
23.8341686448032,35.4705717288902,26.8038066952802,25.6242567253174,-5.60509581018985,-2.16059013505461,1.07530352981365
24.0819884759469,35.7031408905103,27.0905951333773,26.0222503496362,-5.44744104045629,-1.97835238555901,1.19351748102006
24.3217166469723,35.9378530629022,27.3958411235198,26.4524678062262,-5.24809682548313,-1.76547738169315,1.30981970072293
24.5554973945099,36.177455184644,27.7236287841822,26.9179464674486,-5.0047531734512,-1.52061494820768,1.42419348007589
24.785456549763,36.4245043359003,28.0783954127691,27.4214946162008,-4.71547524078637,-1.24299056632329,1.53663075671666
25.0135209063991,36.6811257251327,28.464676137314,27.9654421747891,-4.37893184274418,-0.932620791100096,1.64708865513177
25.2411882954541,36.9486884249676,28.8867120104393,28.5512496341544,-3.99474581199272,-0.590594327684565,1.7554350915991
25.4692485151844,37.2273973730044,29.3479055798874,29.1789651148668,-3.5639746875824,-0.219421671837962,1.86138284027839
25.6974609534121,37.5158103364225,29.8501131596205,29.8465320437203,-3.08971793327417,0.176555536806482,1.96441235108588
25.9242065878982,37.8103082423033,30.3927793603903,30.5489749334276,-2.57782268184963,0.590726311878532,2.06368629919202
26.1461530665565,38.1045814121848,30.9719565166985,31.2775371236865,-2.03761604350811,1.0138106195778,2.15796434490498
26.3580032575395,38.3892453512787,31.5793194313179,32.0189192360211,-1.4825225976389,1.43361765993386,2.2455355425472
26.5524360703049,38.6517615771611,32.2013870806568,32.7548667827179,-0.930335932541584,1.83514070815415,2.32419738519014
26.7203776323217,38.8768861152558,32.8192773585601,33.4624492205261,-0.402833100126035,2.20120513462045,2.39132030675107
26.8517297050709,39.0478502554868,33.4093876138566,34.115389457241,0.075582325203797,2.51385100816004,2.44403543683883
26.936591533046,39.1483321307232,33.9453101054489,34.6866409360081,0.480358176124851,2.75646399122986,2.47955962187949
26.9668273694119,39.1649813404014,34.4009677640129,35.152006973426,0.790160393466934,2.91635698548329,2.49562001631491
26.9376115296841,39.0899036696152,34.7544288039603,35.4940477648022,0.9903961737052,2.98715876017514,2.49087655703115
26.8484614451153,38.9223173367879,34.9913781469122,35.7051263912977,1.075828959907,2.97021327205145,2.46520418719018
26.7033773328274,38.6687666321534,35.1071479544663,35.7885543497585,1.05136703068971,2.87443088320592,2.41972696122734
26.5100334734643,38.3418052654232,35.1066975760814,35.7574715957203,0.930763688603708,2.7146063033551,2.35659033244843
26.2783262063764,37.9576425596968,35.0027320427109,35.6319656182064,0.733767868485788,2.50879754716452,2.27856102488057
26.0187639217564,37.5335359203519,34.8127714671087,35.4354761279301,0.482728603138919,2.27560226386491,2.18859289816893
25.7411186802346,37.0856065563238,34.5561241660711,35.1915097504506,0.199591571685619,2.03200001250745,2.0894744598191
25.4535506806168,36.6274186245348,34.2514426951695,34.9212746294144,-0.0961862028729019,1.79205120083234,1.98361144182118
25.1622123421529,36.1693318525567,33.9151312357394,34.6423702950793,-0.388721274154372,1.56640453355541,1.87293979793518
24.8712207180861,35.7184472972303,33.5605540754974,34.3683552874741,-0.66598468514232,1.36238777099331,1.75893331606157
24.5828570418157,35.2789179238216,33.1978421000053,34.1089017361331,-0.919564768450937,1.1844289374546,1.6426645221912
24.297874287791,34.8524316596463,32.8340718707818,33.8702661599024,-1.14416680294749,1.03460804867771,1.52488607625038
24.0158324288845,34.4387374279538,32.4736351127475,33.6558798442794,-1.33702884848988,0.913212401365343,1.4061119879152
23.7354161129806,34.0361413801866,32.1186756816521,33.4669387640944,-1.49735914086772,0.819229785400419,1.28668819120214
23.4547143806861,33.6419407705123,31.7695225003015,33.3029318128714,-1.62584586595285,0.750754913295645,1.16684881217307
23.1714567579377,33.2527867047777,31.425083022274,33.1620837471865,-1.7242560714933,0.705307429348091,1.04675824483607
22.8832076804076,32.8649793305521,31.0831843207016,33.0417107252644,-1.7951219270508,0.680070752645356,0.926540905809048
22.5875241987082,32.4747039656658,30.7408612944288,32.9384968298794,-1.8415038540296,0.672064792875798,0.806301112559905
22.2820825556761,32.0782178308415,30.394597667465,32.8487043716268,-1.86681694098251,0.678265757702646,0.686135522883741
21.9647784813708,31.6719960492589,30.0405276100711,32.7683315651457,-1.87470679533218,0.695684895683771,0.566140306461659
21.6338049484895,31.2528439807052,29.6746059949415,32.6932305053805,-1.86896207240023,0.721416179072241,0.44641487029
21.2877096699243,30.8179808021735,29.292753970157,32.619196583872,-1.85345258060032,0.75266111662773,0.327063577278845
20.9254332429648,30.3650971658456,28.8909845672963,32.5420383704986,-1.83208376623319,0.786737301268164,0.208196509735134
20.5463276282125,29.8923878579456,28.4655107508573,32.4576346990475,-1.80876038651083,0.821075988631796,0.0899299384159301
20.1501536232699,29.3985586667181,28.012835790492,32.3619832175748,-1.7873542087075,0.85321295072985,-0.0276132239957004
19.7370554345644,28.882805528239,27.5298235480968,32.2512423000535,-1.77167257593886,0.880776016044847,-0.144303045437575
19.3075106291842,28.3447638187992,27.0137446633787,32.121766248515,-1.76542656292075,0.901472051587523,-0.260002589308483
18.8622546767763,27.7844264229964,26.4622938802983,31.9701321215541,-1.77219903160033,0.913075619807613,-0.37456876547061
18.4021812707606,27.202031407763,25.8735746020933,31.793155966059,-1.79541398922636,0.913421142892949,-0.487854426907635
17.9282223325413,26.5979234093035,25.2460491886116,31.5878966931153,-1.83830900495613,0.900400121405359,-0.599711921359022
17.4412146728123,25.9723967785632,24.5784574522216,31.3516474899545,-1.90391190259704,0.871964799980986,-0.709997973364964
16.9417630161954,25.3255322677759,23.869710634465,31.0819172537594,-1.99502152081439,0.826139669193988,-0.818579373827404
16.4301108223973,24.6570417104192,23.1187729569745,30.7764076809157,-2.11419024970338,0.761042355658815,-0.925338584925075
15.9060304160895,23.9661358195579,22.3245463771601,30.4329944554258,-2.26370371603551,0.674915769896148,-1.03017810863248
15.3687424073738,23.2514288591205,21.4857757994651,30.0497230320813,-2.44555090030868,0.566173829418031,-1.13302237025376
14.8168716696619,22.5108909506774,20.6009914563373,29.6248304194117,-2.66137653757152,0.433463595860495,-1.23381593457138
14.2484438941473,21.7418548671765,19.66850267291,29.1568037564515,-2.91240706407425,0.275747169178904,-1.33251703778989
13.6609242860823,20.9410810733274,18.686454202985,28.6444853171052,-3.19934168529353,0.0924070599587272,-1.42908563544707
13.051298717866,20.1048829282099,17.6529532569334,28.0872314678792,-3.52220123672046,-0.116621209815279,-1.52346535545753
12.4161983478394,19.2293143846138,16.5662733770303,27.4851308433057,-3.88012953235846,-0.350686192481392,-1.61555893244815
11.7520710123483,18.3104246498109,15.4251400731921,26.839283758038,-4.2711453143685,-0.608226183277133,-1.70519695399673
11.055405959417,17.34458714618,14.2291016170834,26.1521396254082,-4.69184885290723,-0.886546624071729,-1.79210025631874
10.3230212866981,16.3289116324059,12.9789843053409,25.4278798853461,-5.13709746369349,-1.18158025747307,-1.87583733714477
9.55242341700978,15.2617451801119,11.6774213158008,24.6728179368549,-5.59968080510968,-1.48765399314359,-1.95578001744256
8.74224185879318,14.1432555807882,10.3294239639822,23.8957627325769,-6.07005131471249,-1.79730538512825,-2.03106354297998
7.89272627718633,12.9760648290737,8.94293037066011,23.108258999259,-6.53619637422838,-2.10121531942454,-2.10056129147854
7.00626335591552,11.7658580077025,7.52922032441355,22.3245806652826,-6.98376971799583,-2.3883461681451,-2.16288843276642
6.08782896923049,10.5218384205094,6.10303694406486,21.5613309754777,-7.39661384062884,-2.64638341132657,-2.21645123400467
5.14524703075905,9.25685069821396,4.68223054261987,20.8365200484501,-7.75777702158352,-2.86255395332639,-2.25955587312341
4.18910334353236,7.98698347911046,3.28677521119033,20.1680783007345,-8.05103263455418,-3.02481746933313,-2.29057918138662
3.23219245860434,6.73053163904596,1.93713585459768,19.5719317965392,-8.26274202856892,-3.12329805870123,-2.30818306328815
2.2884787876131,5.50636170867309,0.652175038032976,19.0599729504298,-8.38371221036004,-3.15168040738303,-2.31153026518962
1.37171197744756,4.33194210942099,-0.552990018571352,18.6384084412939,-8.41058342132732,-3.10821340387061,-2.30044425828786
0.49398317428005,3.22146980667191,-1.66866280811117,18.3069449789388,-8.34633796299003,-2.99601802462221,-2.27546308204277
-0.335441783410548,2.18453884318652,-2.69135585328663,18.0590474463997,-8.19976679642819,-2.82259277891049,-2.23776813492495
-1.1107633379513,1.22562562989038,-3.6235513370348,17.883165628687,-7.98405911856704,-2.59866335904363,-2.18901018977584
-1.82969461994419,0.344396312503893,-4.47261316305198,17.7645456328468,-7.71492693802971,-2.33670569583411,-2.13108493759339
-2.49302230747506,-0.46338862047709,-5.24923476549253,17.6871460531526,-7.40873403095148,-2.04950484692909,-2.0659157630894
-3.10388884278858,-1.20469538228447,-5.9658316879846,17.6352705240548,-7.08098122173671,-1.74901285966117,-1.99528503064908
-3.66700484716462,-1.88805162991593,-6.63517514552438,17.5947153505021,-6.74530665202721,-1.44561618386859,-1.92073024282706
-4.18794067406298,-2.52257643021306,-7.26940427621853,17.5534090285947,-6.41299012144985,-1.14779364388133,-1.84350069382111
-4.67257063879457,-3.1172751960572,-7.8794238888722,17.5016323603794,-6.09285296782777,-0.862074300824968,-1.76455924704805
-5.12668334949046,-3.6805898398672,-8.47461961352703,17.4319485539023,-5.79141695047347,-0.593186769920247,-1.68461166123345
-5.55573660627256,-4.22015427729201,-9.06279765512302,17.3389655184219,-5.51320123700043,-0.3443064434706,-1.60414880882901
-5.96472182636982,-4.7426950554816,-9.65026253814442,17.2190237718188,-5.26106927827384,-0.117333930630848,-1.52349170943516
-6.3581029269768,-5.25402314465106,-10.2419656374304,17.0698715886328,-5.03657025000867,0.0868359409299881,-1.44283353284363
-6.73980082152757,-5.75907553414182,-10.8416784977426,16.890362689439,-4.8402453847629,0.268075329532215,-1.36227580733643
-7.11320265877116,-6.26197838783782,-11.4521629108039,16.6801934355103,-4.67188675819076,0.426822491301138,-1.28185799847455
-7.48118227205448,-6.76611452329857,-12.0753229539302,16.4396849840728,-4.53074633334935,0.563918952982447,-1.20158065024287
-7.84612419659737,-7.27418628200964,-12.712333210309,16.169609397639,-4.41569850359766,0.680481136580117,-1.12142273343514
-8.20994790493521,-7.78827064319863,-13.3637431239633,15.871055406789,-4.32536186139275,0.777801378750394,-1.04135397764052
-8.57413177834308,-8.30986716263945,-14.0295608410775,15.5453281045805,-4.25818679477588,0.857273118003069,-0.961342953857375
-8.93973797133737,-8.83994139114469,-14.7093215876765,15.1938764146883,-4.21251556571217,0.92033547845034,-0.881361626213368
-9.30743998559983,-9.37896721508859,-15.4021461261982,14.8182423356464,-4.18662118907534,0.96843318920855,-0.801387058084681
-9.67755460807175,-9.92697129959507,-16.1067943325168,14.4200264095765,-4.17873085139926,1.00298853957999,-0.721400944545287
-10.0500791797895,-10.4835818534803,-16.8217177990563,14.0008646147927,-4.18703886718173,1.02538278705772,-0.641387644053025
-10.4247341539908,-11.0480825417958,-17.5451137867705,13.5624127804284,-4.20971326097613,1.03694505493375,-0.561331368307424
-10.8010098889368,-11.6194709313706,-18.2749811995603,13.106335663147,-4.24489905107788,1.03894726208123,-0.481213143678209
-11.1782158075164,-12.1965196444467,-19.0091777831208,12.6342988536916,-4.29072026228543,1.03260401134981,-0.401008066887318
-11.5555296311332,-12.7778376678114,-19.7454767372836,12.1479626188778,-4.34528172994798,1.01907663475336,-0.32068324722755
-11.9320443969314,-13.3619290947757,-20.4816204654372,11.6489775072826,-4.40667096916724,0.99948076750491,-0.240196671597955
-12.3068113531784,-13.9472469304806,-21.2153692665186,11.1389820072766,-4.47295984344924,0.97489692129508,-0.159497069575168
-12.6788774792569,-14.5322403288553,-21.9445432941755,10.6196027426075,-4.54220549883603,0.946383573253493,-0.0785247151781425
-13.0473171237817,-15.1153945403961,-22.6670568578774,10.0924576470664,-4.61245000122845,0.914992299111274,0.00278700466652049
-13.4112579876883,-15.6952637845058,-23.3809449967948,9.55916237082114,-4.68171828172738,0.8817844732901,0.0845094898201794
-13.7699022388351,-16.2704980116416,-24.0843829741716,9.0213398566979,-4.7480142687362,0.847849036702684,0.166716553948826
-14.1225439507609,-16.8398650931034,-24.7756999549436,8.48063270255075,-4.80931543106629,0.814320799783018,0.249482027087763
-14.4685842034605,-17.402270233602,-25.4533884367952,7.93871755724801,-4.86356629420441,0.782398691158922,0.332877544188685
-14.8075452654757,-17.9567745712382,-26.1161113195722,7.39732051091051,-4.90867185930855,0.753363283262604,0.41697067529701
-15.1390850852778,-18.5026147630908,-26.7627084194613,6.85823207246633,-4.94249216079499,0.728592799100474,0.50182348496537
-15.4630132309909,-19.0392253021973,-27.3922043916035,6.32332006484128,-4.96283956587571,0.709576636823303,0.587491536406948
-15.7793091449435,-19.5662650345927,-28.0038198897225,5.79453840698624,-4.96748075337744,0.697925209647229,0.674023276137248
-16.0881434337054,-20.0836492205013,-28.5969878971635,5.27392943246362,-4.95414572396538,0.695374589645319,0.76145965285196
-16.3899026989984,-20.5915882764111,-29.1713771596675,4.76361700019103,-4.92054663745826,0.703784038497342,0.849833732540482
-16.6852182663591,-21.0906342117333,-29.7269247865441,4.26578723927725,-4.86440980774899,0.725123995201439,0.939169969894676
-16.9749989975599,-21.5817356256624,-30.263880227087,3.78265329079709,-4.78352480157063,0.761451446398076,1.02948267640837
-17.2604681292304,-22.0663018891947,-30.7828629176732,3.31639985459613,-4.67581528658547,0.814868809734818,1.12077308051559
-17.5432037399734,-22.5462767642377,-31.2849359352016,2.86910272823146,-4.53943705283356,0.887461506615011,1.21302420169327
-17.8251819011222,-23.024221045784,-31.7716978400718,2.44261786456247,-4.37290941538309,0.981208308338662,1.30619255927731
-18.1088205820734,-23.5034025149912,-32.2453941845081,2.03843388333176,-4.17528679521334,1.0978573976029,1.40019551483276
-18.3970208760735,-23.987889369489,-32.709048768457,1.65748176379434,-3.94637732350763,1.23876013884506,1.49489284893972
-18.6931995670479,-24.4826395382753,-33.1666116462663,1.29989616649886,-3.68701403612298,1.40465428590409,1.59006106115398
-19.0013033811163,-24.9935725439717,-33.6231156918233,0.964725548492569,-3.39938043455103,1.59538972531395,1.68535901886835
-19.3257898051117,-25.5276016673761,-34.0848244070955,0.649594556186441,-3.08738386670502,1.80959441596065,1.7802841842213
-19.6715526294345,-26.0925923758432,-34.5593402769104,0.350334451165607,-2.75705481356423,2.04428833369356,1.87412012625298
-20.0437629468084,-26.6971986867366,-35.0556242296663,0.0606181278165838,-2.4169248860237,2.29447191155518,1.96587882409002
-20.4475913042565,-27.3505164333331,-35.5838552773244,-0.228332703961278,-2.07829989362992,2.55274528674079,2.05424584775508
-20.8877794181885,-28.0614893357601,-36.1550418696341,-0.527861522732823,-1.7553002666549,2.80905524269059,2.13754284349655
-21.368048305148,-28.8380236766774,-36.7802967154175,-0.851668890805266,-1.46450302789655,3.05071009403262,2.21372861028759
-21.8903724794557,-29.6858267499926,-37.4697264015895,-1.21512803086432,-1.22401578679738,3.26282805260989,2.28046414983325
-22.4542181664485,-30.6070909855963,-38.2309854458421,-1.63401935017965,-1.05188369862899,3.42935714502212,2.33526282610505
-23.0559205422227,-31.5992811174442,-39.0676992510788,-2.1227186282842,-0.96390542146691,3.53468908975215,2.37572849793365
-23.6884204603573,-32.6543862734583,-39.9781239377031,-2.69209320328666,-0.971194242193041,3.56568236361301,2.39985186079474
-24.3415431964975,-33.758983526941,-40.9544846991951,-3.34757880471526,-1.078062020924,3.51367663047749,2.40629916459725
-25.0028584862122,-34.8952679659793,-41.9833222543757,-4.08798932076372,-1.2808647931914,3.37595355432535,2.39460945497907
-25.6589587042548,-36.0428844303867,-43.0468739696611,-4.90544986021451,-1.56822173243168,3.15619683523931,2.36523503854822
-26.2968355679777,-37.1811057499873,-44.1251558305764,-5.78647895312179,-1.92257000732875,2.86382176615473,2.31941237218708
-26.905015918346,-38.2908054069734,-45.1981896481833,-6.71386466406642,-2.32257832148303,2.51242314384795,2.2589097345868
-27.4742376166039,-39.3558103356108,-46.247846712119,-7.66878194859291,-2.74574101327326,2.1178290886634,2.18573166314972
-27.9976261224052,-40.3634870686915,-47.259001741632,-8.63265106913451,-3.17057125937792,1.6962541333354,2.10185562806304
-28.4704756884693,-41.3046588137645,-48.219959597676,-9.58845122333208,-3.57808566348548,1.26287594211258,2.00904590796798
-28.8898004828392,-42.1730807467524,-49.1223064628039,-10.5214370136137,-3.95255088530659,0.830945212777586,1.90875500510132
-29.2538113452275,-42.9647147468605,-49.960408844009,-11.4193628063713,-4.28163974874649,0.411377052173287,1.80209930843548
-29.561429489024,-43.6769917756936,-50.7307671785512,-12.2723819289154,-4.55620513098862,0.0126955616022615,1.68988636875465
-29.8119006417083,-44.3081803735441,-51.4313750919735,-13.0727813505864,-4.7698629400493,-0.358805982599984,1.57267191542968
-30.0045372340687,-44.8569221210021,-52.06117709705,-13.8146745562284,-4.91852582164483,-0.698801118120528,1.45082992286601
-30.1385939030204,-45.3219563648851,-52.6196722265548,-14.4937312334789,-4.99997679679121,-1.00463847955541,1.32462458968407
-30.2132684168769,-45.7020328527133,-53.1066804806047,-15.1069839411313,-5.01352951600504,-1.27506658370157,1.19427724208709
-30.2278103990765,-45.9959940757943,-53.5222676804184,-15.6527215848366,-4.95979088697477,-1.50999561619009,1.06002365884637
-30.1817103625528,-46.202993262602,-53.8668070487343,-16.1304563189748,-4.84051984442811,-1.71030103612428,0.92215865637027
-30.0749308507402,-46.3227970603686,-54.1411395559494,-16.5409334371193,-4.65856019773437,-1.8776644637755,0.781065668057117
-29.9081323406454,-46.3561066819868,-54.3467806913036,-16.8861435348454,-4.41781478469393,-2.01444262836233,0.637230075059787
-29.6828431161318,-46.3048232738113,-54.4861124450065,-17.1692944110529,-4.12322328493347,-2.1235539072301,0.491236456926445
-29.4015286721478,-46.172188726649,-54.5625008281623,-17.3947081983554,-3.780708339405,-2.2083732862329,0.343751649607234
-29.0675334053308,-45.962754461554,-54.580293402911,-17.5676260444719,-3.39706432115104,-2.27262950807576,0.195497164983387
-28.6848926123705,-45.6821649672234,-54.5446765876482,-17.6939244429199,-2.9797783072679,-2.32030171643923,0.0472157071767963
-28.2580394213552,-45.3367810955272,-54.4614024072445,-17.7797678423361,-2.53678945404974,-2.35551593429634,-0.100363097730789
-27.7914517227248,-44.9331996400092,-54.3364207094409,-17.8312355686845,-2.076206342166,-2.38244336507644,-0.246553105854648
-27.2892927835381,-44.4777417123293,-54.175468235332,-17.8539638520528,-1.60600836678843,-2.40520238611814,-0.390734638244143
-26.755094910781,-43.9759802330548,-53.9836675164243,-17.8528362533916,-1.13375591841136,-2.42776444270992,-0.532367861069137
-26.1915211149782,-43.4323594437448,-53.7651777103895,-17.8317414339665,-0.666326577987074,-2.45386149647674,-0.67099568940808
-25.60022116185,-42.8499346619362,-53.5229220555552,-17.7934012683146,-0.209684172511641,-2.486890102599,-0.80623636766717
-24.9817811284203,-42.2302361459061,-53.2583981882925,-17.7392592207932,0.23132215574935,-2.5298053201178,-0.937766563581778
-24.3357541401289,-41.5732438234437,-52.9715641155899,-17.6694120368637,0.653137947717559,-2.58499711568318,-1.0652962259634
-23.6607558844289,-40.877452506587,-52.660786789107,-17.5825681932868,1.05367283988729,-2.65414312966912,-1.1885367376225
-22.9546114151318,-40.1400102509186,-52.3228430478878,-17.4760239183482,1.4324655799724,-2.73803507583774,-1.30716422151514
-22.2145473622126,-39.3569229560744,-51.9529726516074,-17.3456603504041,1.79084151244713,-2.83638212016165,-1.42078040310334
-21.4374329451484,-38.5233323233656,-51.5449978766558,-17.1859814473277,2.13204564217996,-2.94760384744264,-1.52887435528333
-20.6200803683891,-37.6338866431511,-51.0915395657367,-16.9902285067151,2.46131757525549,-3.06863804199125,-1.63078982206233
-19.7596163039216,-36.6832287755955,-50.5843702962788,-16.7506193266605,2.78585751857196,-3.19480362367455,-1.72570450810201
-18.8539274853164,-35.6666170830028,-50.0149447820524,-16.4587621423986,3.11462022596543,-3.31977376998057,-1.81262926209572
-17.9021624106551,-34.5806679242547,-49.3751282749805,-16.1062791065408,3.45787441424598,-3.43572255292341,-1.89043552662857
-16.9052386363478,-33.4241616374439,-48.6581000437964,-15.6856347942322,3.82648856700901,-3.53370144516703,-1.95791742586353
-15.866268632718,-32.1987960841853,-47.8593436777454,-15.1911020807429,4.23095723235163,-3.60427082027672,-2.01388920605533
-14.7907917061221,-30.9097229833339,-46.9775646561086,-14.6197234816399,4.68026122339112,-3.63835312636016,-2.05730934269296
-13.686704657114,-29.5656922036954,-46.0153293510148,-13.9720691519175,5.1807391384232,-3.62819948125073,-2.08741166561318
-12.5638328389672,-28.1786824421166,-44.9792328275187,-13.2525887204331,5.73519884086834,-3.56829708053749,-2.10381587201811
-11.4331702507158,-26.7630130845406,-43.8794925759629,-12.4694251896015,6.3424792348444,-3.45602530439663,-2.10658989459065
-10.3059121406459,-25.3340744621848,-42.7290103745005,-11.6336921727091,6.99757468058452,-3.29191463457382,-2.09624697285303
-9.19246484413674,-23.9069221431521,-41.5420883000064,-10.7583603713047,7.69228850816435,-3.07946365821424,-2.07367780968454
-8.10161709362003,-22.4950068664405,-40.3330656152091,-9.85699360639006,8.4162488899172,-2.82458442371542,-2.04003548961334
-7.03999809157727,-21.1092488176562,-39.1151314094191,-8.94258321853914,9.15805328389987,-2.5348276001265,-1.99660066337547
-6.01186118062207,-19.7575501741595,-37.8994818481132,-8.02666177536338,9.90632265518893,-2.21856022782205,-1.94465410573907
-5.01915504346159,-18.4447258855844,-36.6948781430396,-7.11877447472101,10.6505196613584,-1.88423628280801,-1.8853755919322
-4.06180001372996,-17.1727574954294,-35.5075674827833,-6.22629400348341,11.3814745025228,-1.53984054679136,-1.81977721124038
-3.13807788331213,-15.9412484458352,-34.3414766739985,-5.35450727797955,12.0916345679331,-1.19252741153843,-1.74867014078969
-2.24505857990252,-14.7479703843024,-33.1985760169324,-4.506883066616,12.775095264225,-0.848434862401438,-1.67265856346331
-1.37901198855895,-13.5894194963902,-32.0793246427207,-3.68543668479383,13.4274818919761,-0.512633499162388,-1.59215267845107
-0.53577733824928,-12.4613341062915,-30.9831328075469,-2.89112751203881,14.0457464082903,-0.18916650237788,-1.50739342469599
0.288919395593543,-11.3591506509976,-29.9088002294927,-2.12424608395669,14.6279287618499,0.118858020761713,-1.41848329756909
1.09919889995783,-10.2783917814036,-28.8549073105943,-1.38476415161422,15.1729175542513,0.409151711338368,-1.32541956557417
1.89880720319114,-9.21498823396282,-27.8201464914214,-0.67263155481032,15.6802325910195,0.680127877158327,-1.22812777829234
2.69093437899737,-8.16553738538031,-26.8035853237625,0.0119913033618873,16.1498434968146,0.930793337175014,-1.12649453696016
3.4780713319258,-7.127498364046,-25.8048531038627,0.668575351012504,16.5820333865797,1.16065734825931,-1.02039907348468
4.26190749352928,-6.09931851196112,-24.82424138588,1.29614921187677,16.9773132380235,1.36966096233626,-0.909743326888229
5.0432770610709,-5.08048123342791,-23.8627082353698,1.89331919990964,17.3363898196734,1.5581275441467,-0.794480040203175
5.82216466638673,-4.07146297258252,-22.9217786756988,2.45838788064156,17.6601862850818,1.72673320200974,-0.674638030486248
6.59778152762259,-3.07358938720503,-22.0033414693629,2.98956712506569,17.9499092113446,1.87649413855774,-0.550343360052459
7.36871895071011,-2.08878904331944,-21.109355565159,3.48526769498352,18.2071489204456,2.00876621085893,-0.421834806673463
8.13317703945724,-1.11925700757811,-20.2414965644644,3.94443051455047,18.4339922487956,2.12525032109077,-0.289471948278698
8.88925375904122,-0.16705841675465,-19.4007910501025,4.36684896871187,18.6331207684411,2.22799593116971,-0.15373448940812
9.63526562443278,0.766280906864266,-18.5872987940817,4.75342209747445,18.8078648250214,2.31939435591077,-0.0152122176499912
10.3700602099607,1.68013878119456,-17.7999047720004,5.10628027141041,18.9621867375897,2.40215388125914,0.125413842205434
11.0932761627451,2.5750576057886,-17.0362714372076,5.42873985598572,19.1005752393079,2.47925020420522,0.267397088263186
11.8055107484689,3.45285557480262,-16.2929782403493,5.725069278859,19.2278461412502,2.55384787379736,0.409954447955096
12.5083675688388,4.31656371804349,-15.5658453552666,6.00007945347994,19.3488577807798,2.62919065288408,0.552294548123123
13.2043747183472,5.17019035680224,-14.8504101034931,6.25857858581352,19.4681604917134,2.70846031956908,0.693640180532904
13.8967813386234,6.01833771845727,-14.1425046997621,6.50474833738848,19.5896044951978,2.79460395330699,0.833240656721476
14.5892538437857,6.86571039135845,-13.4388761471566,6.74150278897766,19.7159302348389,2.89012939174689,0.970370705951219
15.2854996030412,7.71656030425322,-12.737791730867,6.96988632319736,19.8483615807825,2.99686818348729,1.10431416266782
15.9888461547627,8.57411038381998,-12.0395810214048,7.18855789846629,19.9862197027144,3.11570656479336,1.23433265848419
16.7018011836368,9.43999432466634,-11.3470703662906,7.39340472785528,20.1265782823514,3.24628978139286,1.35962184197117
17.4256170047994,10.3137492574418,-10.6658625817629,7.57733364361461,20.26399252053,3.38671559778261,1.4792604160886
18.1598876211197,11.1924064470361,-10.0044010836431,7.73030430737528,20.390355925291,3.53325064037089,1.59216067685244
18.9022191655607,12.0702436210045,-9.37373861395499,7.83968868636085,20.494966284022,3.68012783774548,1.69703316667495
19.6480343667035,12.9387857591161,-8.78691914131864,7.89105064920326,20.5649045846028,3.8195098151949,1.79238168718356
20.3905908246111,13.7871549433202,-8.25789901136433,7.86941451889509,20.5858285069264,3.94171988159117,1.87654619902782
21.1212961010215,14.6028517939956,-7.80000412247506,7.76100721565859,20.5432310936783,4.03583025596314,1.94780687744968
21.8303708701795,15.3729790254012,-7.42405456828353,7.5553073523857,20.4240993868518,4.09063682413905,2.00454984361036
22.5078329307899,16.0857881218575,-7.13646083080482,7.24704963290045,20.2187415756346,4.09593654667002,2.04547407586261
23.1446633987816,16.732279215652,-6.93773121988608,6.83769992511023,19.9223974546375,4.04388725794321,2.0697962773141
23.7339176322467,17.3074872737273,-6.82182949019774,6.33594125333807,19.5362005417455,3.93013543109069,2.07739824909969
24.2715179947474,17.8111208713996,-6.77663020835258,5.75694304220744,19.0671891780734,3.75441436953037,2.06887065840638
24.756545226905,18.2473975781961,-6.78539313986102,5.12055161451455,18.5273412187836,3.52046060334927,2.04543804521902
25.1910002090797,18.6241664119381,-6.82886984929991,4.44886543605513,17.9319049667739,3.23530813433558,2.00878833134943
25.5791621234039,18.9516022840356,-6.88751550304904,3.76378623910983,17.2974723970646,2.90819383853122,1.96085658665714
25.9267524526559,19.2408180354817,-6.94334889206118,3.08503385364236,16.6402262857697,2.54936844461843,1.90361643656321
26.2401081202143,19.5026712801716,-6.9812075536866,2.42887345583199,15.9746391050754,2.16905556143143,1.83891682754451
26.5255010923764,19.74691182505,-6.98936226977686,1.80756352448928,15.3127109433599,1.7766910279722,1.76837907882243
26.7886617398033,19.9816915285367,-6.95960275182395,1.22937817054611,14.6636885733755,1.38046773849954,1.69335033414875
27.034501542453,20.2133799445411,-6.88696440040352,0.699003911794974,14.0341371600814,0.987141367511779,1.61489945987851
27.2669976701861,20.4465989525066,-6.76925821739753,0.218128199848464,13.4282272158335,0.602024154877995,1.53383927858246
27.489192370591,20.6843921377729,-6.60652686032098,-0.213914609338947,12.8481242571289,0.229094669087231,1.45076154152688
27.7032644643118,20.9284625085565,-6.40050579880613,-0.599523120468852,12.2944035597067,-0.128833813819597,1.36607522416392
27.9106398479758,21.1794326353241,-6.15413269802487,-0.942277747691116,11.766443677261,-0.469925858346988,1.28004270226204
28.1121178874251,21.4370985909695,-5.87112400409326,-1.24647531398859,11.262775194832,-0.793141495079245,1.19281138287361
28.307998526862,21.7006612929619,-5.55562364245971,-1.51675124092127,10.7813754853744,-1.09807185018317,1.10444031044441
28.498200662711,21.9689267077905,-5.21192173682202,-1.75778401704626,10.3199081572979,-1.38479840540693,1.01492234159123
28.6823661615851,22.2404710822303,-4.84423843285677,-1.97407401996989,9.87590964818625,-1.65377719646964,0.924202927119674
28.8599463431099,22.5137700621975,-4.45656718316283,-2.16978841442336,9.44692682472254,-1.90574691947435,0.832196573964756
29.0302695382683,22.7872923214832,-4.05257198298001,-2.34866440036409,9.03060981924257,-2.14165877519825,0.738801859506936
29.1925898007104,23.0595596993082,-3.63553333325913,-2.51396381393267,8.62476441133238,-2.36262540292557,0.643915552985354
29.3461180034262,23.3291769956576,-3.20833778101095,-2.66847261435761,8.22736842314601,-2.56988608592712,0.547446042953594
29.4900377889987,23.5948358690107,-2.77350563716471,-2.81453896888246,7.83655716054396,-2.76478537373234,0.449325943536758
29.6235098569673,23.8552984988568,-2.33325079336044,-2.95414337233391,7.4505838646807,-2.94876224082791,0.349523484918229
29.7456689283858,24.1093678356563,-1.88956548127384,-3.08899350324843,7.06776242029068,-3.12334684823721,0.248052113629469
29.8556181847887,24.3558521044894,-1.44432143270777,-3.22063539449475,6.68640096960788,-3.29016187414991,0.144977648767007
29.9524261211763,24.5935317191377,-0.999377446773707,-3.35057121023586,6.30473634955403,-3.45092527387084,0.0404223741265689
30.0351301797096,24.8211364450597,-0.556682176988397,-3.4803727793378,5.92087994792929,-3.60745123172302,-0.0654344036400502
30.1027506184479,25.0373396990297,-0.118360455062488,-3.61177949340736,5.53278539158929,-3.7616460748806,-0.172359529670313
30.1543164802868,25.2407749298964,0.313227976017671,-3.74676958105623,5.13824710162073,-3.91549603530663,-0.280072729570855
30.1889038818373,25.4300766020976,0.73546662729296,-3.88759538676318,4.73493627523799,-4.0710440356097,-0.3882562576192
30.2056850811738,25.6039454689457,1.14550366152796,-4.03677601236361,4.32047751238987,-4.23035306731567,-0.496566350384808
30.2039854521055,25.7612352455116,1.54031915751118,-4.19704415174043,3.89256571389499,-4.39545416946187,-0.604644939184426
30.1833447375817,25.9010558603632,1.91683713687459,-4.37124749750962,3.44911969822609,-4.56827737815184,-0.71212976614239
30.1435789396745,26.0228875494888,2.27207821596147,-4.56220799966236,2.9884667958566,-4.75056422041149,-0.818660927602486
30.0848396949381,26.1267000617787,2.60334695107036,-4.77254393692736,2.50955169165868,-4.94376034256633,-0.923881966950929
30.0076689135917,26.2130720377019,2.90844751576515,-5.00446011101282,2.01216274379912,-5.14888687766968,-1.02743396503383
29.9130470451633,26.2833062488561,3.1859218046143,-5.25951086057076,1.49716904548487,-5.36638948249913,-1.12894161057006
29.802433320221,26.3395361846363,3.43530438086413,-5.5383400540083,0.966760367747648,-5.59596526905464,-1.22799098128944
29.6777951485374,26.3848174343449,3.6573873739587,-5.84040325507544,0.424678282938811,-5.83637098582596,-1.32409977491603
29.541621153504,26.4231926269818,3.85448373941032,-6.16368166635928,-0.123581226094429,-6.08522181650071,-1.41668210170199
29.3969083076626,26.4597113007507,4.03066766800711,-6.50440703776428,-0.670626316521496,-6.3388000719045,-1.50501183372802
29.2471087510405,26.5003766661388,4.19195568799909,-6.85683244160649,-1.20713878890019,-6.59190711605278,-1.58819096134177
29.0960178293727,26.5519825796935,4.34637266983709,-7.21310461968645,-1.72202191221158,-6.83780861236017,-1.66513222725084
28.9475845452014,26.6218013935495,4.50382896566225,-7.56331451369468,-2.20280364611187,-7.06833781131315,-1.73456771954118
28.8056324931422,26.7170939549353,4.67572901457023,-7.89581285799592,-2.63636094001973,-7.274224803614,-1.79509551614906
28.6734975346642,26.8444449858897,4.87425306562038,-8.19786171663936,-3.00998351738342,-7.44569897061994,-1.84527272853093
28.5536175951362,27.0089817527503,5.11131511183802,-8.4566355790394,-3.31270543849468,-7.57335695915,-1.88375358271944
28.4471433013139,27.2136000346443,5.39730014785433,-8.66048576247749,-3.53671458471179,-7.6492023084571,-1.90945606446736
28.3536607387892,27.4583709667072,5.73979403338217,-8.80026532868384,-3.67854910941093,-7.66767132287731,-1.92172482979245
28.2711113457697,27.7402998233213,6.14258602145645,-8.87043192490258,-3.73976853976801,-7.62640884826829,-1.92044973496542
28.1959515025964,28.0535348566976,6.60519588857875,-8.86965884700623,-3.72688726781589,-7.52658940042079,-1.9061058079102
28.1235278437106,28.3900000358339,7.12304529247834,-8.80080634738328,-3.65055873112728,-7.37269740500629,-1.87970199405988
28.0485830037242,28.7403041519492,7.68820846534587,-8.6702892127347,-3.52421382842873,-7.17183723904579,-1.84265353368255
27.9657788895144,29.0947165657209,8.29052581958774,-8.48703792887442,-3.36248768930447,-6.93276652464426,-1.7966132936632
27.8701385903733,29.4440171712244,8.91880753864045,-8.26132164556713,-3.17976720981851,-6.6648848713682,-1.74330239590232
27.7573503370822,29.7801027476684,9.5618967608381,-8.0036712309278,-2.9890850196035,-6.37736634205859,-1.68437113460874
27.6239233879945,30.0963194321695,10.2094598899147,-7.72404918563472,-2.8014431189826,-6.07853693691595,-1.62130508612071
27.4672193453797,30.3875572457777,10.8524719935419,-7.43131323692638,-2.62553322418005,-5.77551370209598,-1.55537661263558
27.2853970226483,30.6501741252106,11.4834348179018,-7.1329473521548,-2.46775781983503,-5.47406595852757,-1.48763292024599
27.0773088562065,30.8818198382126,12.0963966261025,-6.83499769926065,-2.33244157332291,-5.17863587121114,-1.41890873647984
26.8423786254914,31.0812167350565,12.6868458478541,-6.54214427570017,-2.22213823698948,-4.89245606345909,-1.34985257565868
26.5804800869755,31.2479360399424,13.2515379462479,-6.25784883420009,-2.13796496084404,-4.61771446217451,-1.28095826487393
26.2918272779849,31.382191873415,13.7882976335528,-5.98453555993404,-2.07992212716632,-4.35573204455026,-1.2125963465654
25.9768809495432,31.4846630763978,14.2958227263947,-5.72377628209742,-2.04717716475703,-4.10713280709767,-1.14504239523804
25.6362716660378,31.5563451616492,14.7735038381007,-5.47646408385246,-2.03830439515262,-3.8719953814152,-1.07850097542736
25.2707381888563,31.5984306451013,15.2212660631849,-5.24296758786488,-2.05148094432351,-3.64998236635131,-1.01312501293049
24.8810788312319,31.6122140194858,15.6394338770064,-5.02326341827483,-2.08464274779938,-3.44044731826452,-0.949030905530882
24.4681134536997,31.5990172990067,16.0286179441538,-4.81704732008648,-2.13560620770115,-3.24252136281348,-0.886309950536358
24.0326539692898,31.5601323024662,16.3896213949649,-4.62382585187699,-2.20216119466582,-3.05518221253019,-0.825036727120928
23.5754816182391,31.4967764613089,16.72336288516,-4.44299109395614,-2.28214055959893,-2.87730853213088,-0.765275037041921
23.0973296572598,31.4100596028107,17.0308139462142,-4.27388082056532,-2.3734705491343,-2.70772240403428,-0.707081927285604
22.5988704804359,31.3009598092117,17.3129485425721,-4.11582633910684,-2.47420573815727,-2.54522231339755,-0.650510224334143
22.0807065265558,31.1703070453305,17.5707032359231,-3.96818985342878,-2.58255141021807,-2.38860870224817,-0.595609917228379
21.5433644781776,31.0187735573864,17.8049467211415,-3.83039281891013,-2.69687575057593,-2.2367037728062,-0.542428638841982
20.9872925939143,30.8468705911066,18.0164579896926,-3.70193643521625,-2.81571380516493,-2.08836691474711,-0.491011426215976
20.4128609955203,30.6549510032204,18.2059125539836,-3.58241508567539,-2.93776482072186,-1.94250683128104,-0.441399876833255
19.8203649167121,30.4432176333778,18.3738764576587,-3.47152329212921,-3.06188435361164,-1.79809120594757,-0.393630775730877
19.2100309140173,30.2117373047964,18.5208078836424,-3.36905654075468,-3.18707234668973,-1.65415453469839,-0.34773423694534
18.5820260535158,29.9604603317695,18.6470662194779,-3.27490619196515,-3.31245822907218,-1.50980456589879,-0.30373138796193
17.9364700318103,29.6892452999193,18.752928369566,-3.18904860652361,-3.43728396632608,-1.36422763223676,-0.261631624424302
17.2734501465106,29.3978887797959,18.8386119926381,-3.11152862336611,-3.56088588229863,-1.21669303006292,-0.221429474369627
16.593038879366,29.0861593445528,18.9043050700195,-3.04243759820936,-3.68267596277806,-1.06655649352988,-0.183101132116158
15.8953137261194,28.7538350024948,18.9502009094673,-2.98188638277338,-3.80212325582873,-0.913262735586897,-0.146600751167831
15.1803787353688,28.4007428304144,18.9765373084412,-2.92997387604469,-3.91873589364875,-0.756346978278808,-0.111856618300658
14.4483870774998,28.0267993444257,18.9836382427176,-2.88675210999872,-4.0320441934102,-0.595435372139182,-0.0787673647410316
13.6995637106777,27.6320497136793,18.9719559563703,-2.85218918644657,-4.14158521198995,-0.430244194630912,-0.0471984007189168
12.9342271389257,27.2167038591955,18.9421110968545,-2.82613177361195,-4.24688910019088,-0.260577729169197,-0.0169787868652046
12.1528090932274,26.7811672822366,18.894928257798,-2.80826919351736,-4.34746754926743,-0.0863247326981306,0.0121012247470552
11.3558709331541,26.3260645400034,18.8314642630883,-2.79810136423348,-4.44280458645547,0.0925465941726791,0.040291734923748
10.5441156197724,25.8522535481296,18.7530267259618,-2.79491293111491,-4.53234992907106,0.275995225229156,0.0678835791942438
9.71839423473781,25.3608292695163,18.6611808187076,-2.79775576205306,-4.61551501427356,0.463915620393958,0.0952073071333958
8.87970631657855,24.8531160472713,18.5577429493103,-2.8054415712662,-4.69167169580066,0.656147855172872,0.122630539863022
8.02919365807371,24.3306486094917,18.4447609844222,-2.81654573157272,-4.7601533835346,0.852489703933409,0.150553522844998
7.1681277522613,23.7951428438334,18.3244819333636,-2.82942238371576,-4.82025813497994,1.05271080859205,0.179402747132823
6.29789162073562,23.2484583762458,18.1993092546471,-2.84222977517368,-4.87125282707485,1.25656902330301,0.209622589474504
5.41995739988833,22.6925561150074,18.0717533498301,-2.85296351858969,-4.91237714657584,1.46382894769736,0.24166502352401
4.53586159511085,22.1294547759607,17.9443799496743,-2.85949426959684,-4.94284572353218,1.67428253611759,0.275977579214162
3.64718030217584,21.5611909984525,17.8197619004432,-2.85960538687581,-4.96184639574574,1.88777150200596,0.312989872372928
2.75550684423068,20.9897878875654,17.7004401725126,-2.85102564892769,-4.96853243533677,2.10421103697342,0.353099186600844
1.86243408662914,20.417236484775,17.5888995351308,-2.83145221708283,-4.96200668053863,2.32361413869874,0.396655754499276
0.969543151829655,19.8454938142378,17.4875632819203,-2.79855987205793,-4.94129602184906,2.5461156087926,0.443948544384844
0.0783993584916491,19.2764996124727,17.3988095299276,-2.74999410767258,-4.90531562684942,2.77199453425191,0.495192491801806
-0.80944494060908,18.7122118465079,17.325009185937,-2.68334786769291,-4.85282370115966,3.00169382265485,0.550518200271956
-1.69244222576641,18.1546587702307,17.2685828585424,-2.59612434477182,-4.78236938963962,3.2358351316975,0.609965141365997
-2.56903919590199,17.6060026464982,17.2320709546833,-2.48569098214818,-4.69223839383915,3.47522730686105,0.673479268175002
-3.4376674273224,17.0686079941381,17.2182085902358,-2.34923228113336,-4.58040280550781,3.72086628109346,0.740915690044191
-4.29673953810319,16.5451053166398,17.2299948427986,-2.18371077378817,-4.44448309101817,3.97392426303783,0.812046608000525
-5.14465505358103,16.0384404754109,17.2707450174569,-1.98584633046858,-4.28173090735173,4.23572602470336,0.886574101497415
-5.97981959832781,15.5518999662954,17.3441147502052,-1.75212368728662,-4.08904122783216,4.50771009560362,0.964146624869306
-6.800680163952,15.0891035644235,17.4540860895843,-1.47883695474639,-3.86300131199704,4.79137265761283,1.04437731887554
-7.60577829309881,14.6539575332826,17.6049074973197,-1.16217841023266,-3.59998276366064,5.08819175217646,1.12686157712882
-8.39382246920222,14.2505632648303,17.8009813208681,-0.798377850943379,-3.29628200750585,5.39952894498971,1.21119084000615
-9.16378099528131,13.8830768055208,18.0466925819172,-0.383898936799364,-2.94831467269932,5.72650468028247,1.29695936585641
-9.91499736665241,13.5555137685225,18.3461714495043,0.084299197501859,-2.55287118333855,6.06984230960075,1.38376076426722
-10.6473312465408,13.2714911698072,18.7029781027088,0.608423377291673,-2.10744421764297,6.42967444926445,1.47117131125594
-11.36132898382,13.0338933359379,19.1196936520022,1.18941529893265,-1.6106426685271,6.80530469408358,1.55871748192335
-12.0584269652161,12.844444897723,19.5973965537248,1.82641048810085,-1.06270899732774,7.19491928450707,1.64582583598102
-12.7411869855566,12.7031732691198,20.1350045983107,2.51607458170736,-0.466153142220187,7.59524953815687,1.73175471355202
-13.4135525230133,12.6077516046549,20.7284750937842,3.25182266354934,0.173500389630391,8.00120037985497,1.81550983480307
-14.0810951385752,12.5527395031037,21.3698905844686,4.02296942069001,0.846894362604798,8.40548759692595,1.89575087929869
-14.7511889232075,12.5287927415432,22.0465261381647,4.81393347558183,1.54006239963795,8.79836966987594,1.97070447519274
-15.4330104679356,12.5220014712109,22.7401033900865,5.60373028548754,2.23391217411654,9.16761588365972,2.03811077918099
-16.1372258004974,12.5136284282216,23.4265712333277,6.36611153559367,2.90430465550995,9.49890213337541,2.09524306104494
-16.8752249986535,12.4806089151127,24.07685401604,7.07077609704598,3.52313367751003,9.77682668330522,2.13904436832252
-17.6578432885448,12.3971502295504,24.658960760794,7.6859708540554,4.0607159023431,9.98662953620336,2.16640951997082
-18.4936915307031,12.237524648517,25.1415290801125,8.18241146174483,4.4894409905403,10.1164444855474,2.17459420775504
-19.3874658958459,11.9796715248958,25.4982792382937,8.53782191179761,4.78803741330075,10.1595735245999,2.16166401468483
-20.3387758253244,11.6087015557083,25.712227512921,8.74081880095562,4.94526149538577,10.116046019086,2.12684198803615
-21.3419551681416,11.1191898550682,25.7782977812422,8.7928028271013,4.96174371442227,9.99283735954529,2.0706227743517
-22.3869753343357,10.5155033363131,25.7034607718659,8.70717830687692,4.84933458872779,9.80260693313313,1.99460840068152
-23.4611494640989,9.81017769594877,25.5044992741289,8.50627053259481,4.62827821549251,9.5614041179053,1.90113735885521
-24.5510688623922,9.02106030419172,25.20434120025,8.21709749057143,4.32328946850035,9.28611540316836,1.79285001905145
-25.6442597578706,8.168181030653,24.8281619989519,7.86727062921172,3.95973206859734,8.99233921982445,1.67232454407305
-26.7302859885776,7.27109948088465,24.4001573015588,7.48186884872369,3.5606958757104,8.69303236885394,1.54185443137614
-27.8012697370542,6.34707305895828,23.9413729022454,7.08155523715411,3.14523204365754,8.39792897886198,1.40337139325611
-28.8519475714329,5.41005391001695,23.4685678719974,6.6817993271407,2.72761984627333,8.11353894726674,1.25847650876157
-29.8794164207209,4.47035334797275,22.9938895107364,6.29290627153912,2.31738458309449,7.84349198611967,1.10853109505377
-30.8826998728744,3.53477988457821,22.525110311773,5.92056271238191,1.91979254451686,7.58903923928721,0.954764847878289
-31.8622266379581,2.60709001358247,22.0662260844675,5.56668239112132,1.53661838479151,7.34959296381978,0.798370933577481
-32.8192847845776,1.68863280704579,21.6182707544661,5.23040273704778,1.16704647542289,7.12324084057643,0.640569743861882
-33.7555031604407,0.779094218678981,21.1802368289247,4.90912138779162,0.808606194602368,6.90720573049101,0.482633341810276
-34.6724079069841,-0.122746575367747,20.7500000115853,4.5994736125404,0.458055060611705,6.69823783889478,0.325871329116483
-35.5710973783813,-1.0183361378407,20.3251476170138,4.29815650531372,0.112129308668448,6.4929324434572,0.171585956339162
-36.4520651826531,-1.90881960345513,19.903620654661,4.00252151271458,-0.231904968999527,6.28796957562462,0.0210091220687716
-37.3151780229638,-2.79472069967063,19.4841087193287,3.71089128424537,-0.575938140946935,6.08027638158042,-0.124764327462216
-38.1597883892525,-3.6758432508177,19.0661821872455,3.42260455977601,-0.920938657808088,5.86711891974078,-0.26483408615865
-38.9849401447131,-4.55136687831222,18.650194330851,3.13783933327525,-1.26706831709273,5.64613612317763,-0.398533747385774
-39.7896151979941,-5.42007851813228,18.2370220752549,2.85729523192066,-1.61392317655979,5.41533257660518,-0.525448140576485
-40.572972889249,-6.28066870879594,17.8277287312079,2.58182355599168,-1.96082534921497,5.17304741929087,-0.6454092960333
-41.3345468600312,-7.13202726677167,17.4232252687972,2.31208013462925,-2.3071018586703,4.91791442575785,-0.758474787377841
-42.0743814156307,-7.97349074624325,17.0239860957626,2.04825104250076,-2.65230793217413,4.648824505532,-0.86489362317882
-42.7931045098098,-8.80501559868278,16.629850212414,1.78987438392593,-2.99637492750789,4.36489785009262,-0.965064909105853
-43.4919448861151,-9.6272696828495,16.2399169522636,1.53576005426347,-3.33968134208433,4.06546978363345,-1.05949371762046
-44.1727054078682,-10.4416473314358,15.8525308326972,1.28399652088125,-3.68305643079711,3.75009229035005,-1.14874746284288
-44.8377048186209,-11.2502193445866,15.4653428527206,1.03202869417067,-4.02773028531277,3.4185520861715,-1.23341491926019
-45.4896975768351,-12.0556304704393,15.0754340308613,0.776791508258193,-4.37524374232866,3.07090554920232,-1.31406900593815
-46.1317776448663,-12.8609551365035,14.6794887585179,0.514887246306589,-4.72732843995326,2.70753041607623,-1.39123364141033
-46.7672685848222,-13.6695192316826,14.2740087071669,0.242798801847181,-5.08576358958626,2.32919356655298,-1.46535437864456
-47.3995993774586,-14.4846927778194,13.8555610422904,-0.0428654332453235,-5.45221277820505,1.93713315087337,-1.53677215524823
-48.0321631731765,-15.3096561028664,13.4210566171218,-0.3450973352117,-5.82804207022454,1.53315151410213,-1.60569935790438
-48.668155507018,-16.1471413890625,12.9680541808962,-0.666187748965517,-6.21412038001319,1.11971262517448,-1.67219756524495
-49.3103885154522,-16.9991524641104,12.49508446512,-1.00740300413417,-6.61060483760325,0.700033765171601,-1.73615682406295
-49.9610797759029,-17.8666693885732,12.0019828706478,-1.36865000504705,-7.01671821090562,0.278156086022289,-1.79727721071474
-50.6216187222855,-18.7493513487494,11.4902105508916,-1.74815044318427,-7.43053268465581,-0.141027335919086,-1.85505472560023
-51.2923206509782,-19.6452618748139,10.9631308503151,-2.14215841601428,-7.84878428222886,-0.551812991137188,-1.9087751479285
-51.9721892025151,-20.55065406403,10.4261928940117,-2.54477196655752,-8.26675384264303,-0.947828034331293,-1.95752105423273
-52.6587208673419,-21.459867163957,9.88696031406653,-2.94790363014052,-8.67826047809657,-1.32229786128956,-2.0001981287492
-53.3477972882836,-22.3653942355549,9.35491803283241,-3.34148050602407,-9.07581651916898,-1.66845343983826,-2.03558629944382
-54.033716977168,-23.2581754458592,8.84100310610352,-3.71393076319767,-9.45098212321138,-1.98006482911538,-2.06241816926998
-54.7094106163873,-24.1281450257519,8.35684488552809,-4.05297254330581,-9.79492749801466,-2.2520489816958,-2.07948126970061
-55.3668574832552,-24.9650095533355,7.9137649201434,-4.34665312396764,-10.0991618383575,-2.48105941637518,-2.08573268426559
-55.9976770640995,-25.7591706471141,7.52166361472757,-4.58450633046669,-10.3563324152751,-2.66593945091663,-2.08040717937748
-56.5938203518148,-26.5026481718696,7.18797976923416,-4.75863455204329,-10.5609564066438,-2.80792718998399,-2.06309676019387
-57.1482496491182,-27.1898380115021,6.91691962032147,-4.86451094754177,-10.7099447571993,-2.91054704799676,-2.03378340884363
-57.6554911890125,-27.8179675619978,6.70909939867092,-4.90135247038374,-10.8028207104895,-2.97919782499353,-1.99281749613584
-58.1119764179373,-28.3871853425761,6.56164529716909,-4.87201889038862,-10.8416123065183,-3.02052308844514,-1.94084820056275
-58.5161431470401,-28.9003095718919,6.46868701371016,-4.7825054190724,-10.8304774575968,-3.04169570041564,-1.87872365836341
-58.8683231047794,-29.3623289979386,6.42210714087308,-4.64117337664574,-10.7751713760269,-3.04974968920003,-1.80738332102624
-59.1704785565526,-29.7797769331917,6.41238942297005,-4.45788304126446,-10.6824751669767,-3.05105607578608,-1.72776252378742
-59.4258596626391,-30.160086745443,6.42943747381145,-4.24316242129141,-10.559677689488,-3.05098575551886,-1.6407220946264
-59.6386410299502,-30.5110002327403,6.46328804955868,-4.00749006362186,-10.4141588384495,-3.05375375950784,-1.54700757055214
-59.8135726302608,-30.8400595935491,6.50469445145964,-3.76071529669169,-10.2530800075036,-3.06240783611482,-1.44723599105442
-59.9556575114546,-31.1541830690247,6.54559037729137,-3.51160187474439,-10.0831580185682,-3.07891226169256,-1.34190439241294
-60.0698535392114,-31.4593095324118,6.57945818497894,-3.26746559804089,-9.91048557986722,-3.10428033348803,-1.23141283541072
-60.1607911879531,-31.7600973351315,6.60162164088912,-3.03387972327214,-9.740362333199,-3.13871939828319,-1.1160952782076
-60.2325028412301,-32.0596727872676,6.6094688665474,-2.81443677487507,-9.57711151366485,-3.18176496490565,-0.996253023390842
-60.288167877099,-32.3594377904103,6.60259382239773,-2.61057420211516,-9.42387372363591,-3.23239207464824,-0.872187183406046
-60.3298888461162,-32.6589592347914,6.58283058085253,-2.42148788782607,-9.28238758910832,-3.28910128029587,-0.744228197615445
-60.3585231227628,-32.9559702674365,6.55414815962308,-2.24416719153702,-9.15278388151167,-3.34998308231289,-0.612761592285942
-60.3735991761085,-33.246512957261,6.52237732605453,-2.07358526582267,-9.03343252765049,-3.4127688277423,-0.478249733358836
-60.373344100679,-33.5252413534526,6.49475522777365,-1.90306757366519,-8.92088830967596,-3.47487815971561,-0.34124921985928
-60.3548400488985,-33.7858843993339,6.4792985343769,-1.72483999210844,-8.80997895437425,-3.53347330155105,-0.202422935066887
-60.3143100450179,-34.0218401711452,6.4840485723218,-1.53072704227649,-8.69406629551586,-3.58552855287945,-0.062544870570891
-60.2475117903172,-34.2268412914817,6.51626809919739,-1.31293458748449,-8.56548639938264,-3.62791938902176,0.0775048963766468
-60.1501939466712,-34.3956024725627,6.5817002228541,-1.06481732917242,-8.4161394736377,-3.65752976901802,0.216757793769112
-60.018549480732,-34.5243452508594,6.68401360007773,-0.781511077851234,-8.23816159688879,-3.6713698051315,0.354188697747373
-59.8495924435819,-34.6111024150465,6.82454264725412,-0.460315492364413,-8.02457940233532,-3.66669069088274,0.488761900369032
-59.6413940447993,-34.6557405236216,7.00238224503006,-0.100751755775595,-7.76983920669655,-3.64108176194612,0.619487799606074
-59.393141582174,-34.6596975845177,7.21482193334805,0.295713767371819,-7.47012220594138,-3.59253696514615,0.745483955246486
-59.10502386826,-34.6254978344522,7.45802745444255,0.726213730684757,-7.12340465578866,-3.51948441173258,0.866032095626169
-58.7779846467413,-34.556153085448,7.72782500737133,1.18716831063428,-6.72928108304795,-3.42078080092815,0.980622479327116
-58.4134099110819,-34.4545746775956,8.02043449700428,1.67497497890571,-6.28861888357347,-3.2956795920635,1.08897899283781
-58.0128181527662,-34.3230988407334,8.33303203240244,2.18657849612167,-5.80313786616041,-3.14378575061343,1.19106193550933
-57.5776073884838,-34.1631840592659,8.66408125730152,2.71984979406781,-5.27500455841518,-2.96501031081155,1.28704946549103
-57.1088882471171,-33.9752909466616,9.01343333935977,3.27375782019855,-4.70650643934678,-2.75953588972599,1.37730194388257
-56.6074083279016,-33.7589188798462,9.38223777915395,3.84836083854277,-4.09983926787893,-2.5278011929336,1.46231513861236
-56.0735564433258,-33.5127562394638,9.77272376813939,4.44466468655228,-3.45701311887759,-2.27050971912713,1.542668311938
-55.5074277333506,-33.2349005870534,10.1879082379121,5.06439667809304,-2.77986551055506,-1.98866582422163,1.61897201067676
-54.9089307961295,-32.9231154637841,10.6312708710645,5.70973241085504,-2.07016335334763,-1.68363999618475,1.69181856007422
-54.2779221274765,-32.5751045448669,11.1064167959487,6.38299652108178,-1.32977615110839,-1.35726414107727,1.76173641977869
-53.6143587572588,-32.1887969510507,11.6167304989842,7.08634328051476,-0.560906881479095,-1.01195627419171,1.8291481301136
-52.9184646077422,-31.7626467025314,12.1650126356799,7.82141211302531,0.233629359999911,-0.650871472178182,1.89433079243395
-52.1909084677147,-31.2959533328738,12.7530861212084,8.58894820807201,1.05008831753754,-0.278071384603262,1.95737801599979
-51.4329908267542,-30.7892088097734,13.3813599505867,9.38838053235179,1.88345520285337,0.101302938692465,2.01816312480559
-50.6468323332611,-30.244467019163,14.0483499184872,10.2173601090023,2.72710470881659,0.480881453483845,2.07630524246706
-49.8355479633071,-29.6657149674649,14.7501767061476,11.0712822720944,3.57250755646231,0.852980278096392,2.13114269625843
-49.0033782461166,-29.0591989816351,15.4800949500719,11.9428486849072,4.40905457343063,1.20863954120687,2.18172176351475
-48.1557341638189,-28.4336270644862,16.2281497072775,12.821765579592,5.22409558903344,1.53785376767079,2.22681228780337
-47.2991013485248,-27.8001391798528,16.9810992766186,13.694713624215,6.0033040571044,1.83006127196587,2.26496336405271
-46.4407507901677,-27.1719276608257,17.7227640230554,14.5457406412321,6.73145901395312,2.07492649854566,2.29460945999121
-45.5882291381359,-26.563423718137,18.4349293696492,15.3571919947891,7.3936635168271,2.26337792303268,2.31422753416635
-44.7486567757439,-25.9890593265217,19.0988224862168,16.111182512793,7.97688938432783,2.38876144570604,2.3225288373506
-43.9279362845997,-25.4617559898019,19.6970039898255,16.7914389984486,8.4715845579589,2.44787063194231,2.31865003221922
-43.1300367354858,-24.9914308914588,20.2153285586918,17.3851655252051,8.87297354186312,2.4415777345254,2.30229678320051
-42.3565315508871,-24.5838695274298,20.644530501987,17.8845008334697,9.18170072754399,2.37485886390546,2.27379870092975
-41.6065086563535,-24.2402388372072,20.9810579567992,18.2872174924,9.40363452179045,2.25617492707876,2.23405897524294
-40.8768617793541,-23.9573262130142,21.2270006689238,18.5965372988605,9.54890172484768,2.09636463852734,2.18441490386405
-40.1628629104953,-23.7283768996202,21.3892261021825,18.8201994967449,9.63043599060654,1.90733313094581,2.12645054290574
-39.4588576627291,-23.5442641678134,21.4780302303142,18.9690954620675,9.66240809238689,1.70082844536887,2.06180905366113
-38.7589318714872,-23.394706591156,21.505657326325,19.0558174011945,9.65884928894611,1.48750802237965,1.99204098494993
-38.0574487807084,-23.2693198065092,21.4849687800615,19.0933860659657,9.63264351103635,1.27637114009053,1.91850528871027
-37.3494179820874,-23.1583978418018,21.4284136543226,19.0942937091419,9.59492576899997,1.07452920049416,1.84232238808
-36.6307046663895,-23.053411568268,21.3473366525285,19.0698846526297,9.55483017726015,0.887229711748612,1.764368260011
-35.8981128057158,-22.9472676560085,21.2515837657461,19.0300252660466,9.51949057447075,0.718037772722907,1.68529533532855
-35.1493820920976,-22.8343922232411,21.1493335181614,18.9829871618016,9.49419586675618,0.569093383936626,1.60556750628716
-34.3831334839149,-22.7107011344546,21.0470793296934,18.9354680117587,9.48262146440899,0.441387026000891,1.52549991693686
-33.5987889864694,-22.5735059672916,20.9497012930172,18.8926887890191,9.48708264818297,0.335019013369977,1.44529767477827
-32.7964823017461,-22.4213895946323,20.8605831067109,18.8585242770025,9.50877741565851,0.249425684095464,1.36509035098073
-31.9769694202785,-22.2540719222005,20.7817458446541,18.8356396642796,9.5480023377123,0.183566947143637,1.28496093938547
-31.1415432307385,-22.0722764738468,20.7139829333999,18.8256185107178,9.60433550224429,0.136076250248888,1.20496900637917
-30.2919529138154,-21.8776017662634,20.6569895441841,18.8290759825836,9.67678679070338,0.105377189417794,1.12516829188169
-29.4303271283981,-21.6723973690522,20.6094853580607,18.8457568916909,9.76391898754301,0.0897720904141217,1.04561924450909
-28.5590992327732,-21.4596424437756,20.5693329881099,18.8746214562909,9.86394464282919,0.0875078951846112,0.966397042305838
-27.680932683464,-21.2428238322847,20.5336558780716,18.9139234655901,9.97480396043782,0.0968241751601915,0.887595664292331
-26.7986451398537,-21.0258110359556,20.4989597654077,18.9612861545112,10.0942287558903,0.115987402670452,0.809328592057895
-25.9151303696855,-20.8127262673637,20.4612610692793,19.0137807904478,10.219796934047,0.143314908295408,0.731726747731015
-25.0332778954963,-20.6078090742874,20.4162243193602,19.0680121251225,10.3489812055604,0.177191308194465,0.654934316746626
-24.1558910524693,-20.4152763874362,20.3593090497554,19.1202134894718,10.4791948837801,0.216079621901003,0.579103133096941
-23.2856048910059,-20.2391802189409,20.285924868473,19.166352772823,10.6078367381211,0.258528816667626,0.504386309496492
-22.4248059759815,-20.0832664136404,20.1915917854214,19.2022489309974,10.7323360423241,0.303179096764683,0.430931757740872
-21.5755565675442,-19.9508387386021,20.0721014451803,19.2236971252368,10.8501981727911,0.348765889280942,0.358876163565881
-20.7395261217219,-19.844633356224,19.9236739126483,19.226599361705,10.9590504986409,0.394123150772784,0.288339867762621
-19.9179331070115,-19.7667089915631,19.7431037417689,19.2070962548643,11.0566876593823,0.438186317886356,0.21942296670874
-19.111500317104,-19.7183583440155,19.5278887292277,19.1616947581348,11.1411148993128,0.479994956325548,0.152202807990094
-18.3204266203077,-19.7000459917819,19.2763345965943,19.0873859839945,11.2105876763317,0.51869492832336,0.0867329229770712
-17.5443776734316,-19.7113773859224,18.9876292303412,18.9817469186148,11.2636454655149,0.553539718942852,0.0230433236926127
-16.7824974635788,-19.7511024409828,18.6618811373235,18.8430200344896,11.2991375904206,0.583890456701377,-0.038858002063076
-16.0334414006633,-19.8171554373121,18.3001182878223,18.6701654075459,11.3162389673358,0.609214143791982,-0.098982634902249
-15.2954303986493,-19.9067308207669,17.904245807962,18.4628813166293,11.3144540596234,0.629079689109021,-0.157358591645183
-14.5663238697623,-20.016391982627,17.476963688053,18.2215912012294,11.2936079944303,0.643151500077181,-0.214026824302953
-13.8437080611036,-20.1422075767158,17.0216485924754,17.9473971953298,11.2538246822917,0.651180614682615,-0.269037655867443
-13.1249948886166,-20.2799077127859,16.5422066214831,17.6420029746906,11.1954927950508,0.652993607049499,-0.322447431336433
-12.4075255823723,-20.4250508134793,16.0429061319966,17.3076110565483,11.119221479174,0.648479738109399,-0.37431561254912
-11.6886731453936,-20.5731912261173,15.5282011066617,16.9468016029107,11.0257885347979,0.637577007345405,-0.42470247746569
-10.9659378851758,-20.7200379165348,15.0025558673159,16.5624009304672,10.916084341804,0.62025786410543,-0.473667505257498
-10.2370311471164,-20.8615958469056,14.47028126491,16.1573483222516,10.7910550776267,0.596515351537401,-0.521268450990167
-9.49994356935721,-20.9942834764182,13.9353907598393,15.7345691305982,10.6516485787879,0.5663503796749,-0.567561042617903
-8.7529957050204,-21.115022286181,13.4014825729535,15.2968609819521,10.498765783511,0.529760687350185,-0.612599183550936
-7.99487035344131,-21.2212966841124,12.8716514250262,14.8467980980392,10.333219971333,0.486731873483745,-0.656435514807789
-7.22462733399451,-21.3111849781489,12.3484307724275,14.3866567547133,10.1557051972811,0.437230692272805,-0.699122185570793
-6.44170258433264,-21.3833641078952,11.8337641726495,13.9183629692743,9.96677451824212,0.381200638869407,-0.740711697815984
-5.64589421491093,-21.4370921379528,11.3290025455987,13.4434617010672,9.76682781600552,0.31855971477075,-0.781257716188841
-4.83733859532259,-21.472173401084,10.8349229324753,12.9631055360358,9.55610845572309,0.249200171496618,-0.820815769955987
-4.01647960278746,-21.4889113427644,10.3517637053926,12.4780598477398,9.33470755814349,0.172989981018356,-0.859443802206629
-3.18403398813173,-21.4880539872323,9.87927117455983,11.9887210116391,9.10257447605266,0.0897757736230641,-0.897202548684053
-2.3409553960775,-21.4707362620464,9.41675285398805,11.4951441026597,8.85953195880064,-0.000612994899783448,-0.934155738445964
-1.48839908976331,-21.4384227346334,8.96313336536977,10.9970768053694,8.60529462377247,-0.098358837082256,-0.970370116695518
-0.627688873793975,-21.392853367009,8.51700975201638,10.4939966806588,8.33948951963187,-0.203650116502493,-1.00591528381997
0.239712806074146,-21.335994107579,8.07670388812814,9.98514956142624,8.06167786788804,-0.316674073672986,-1.04086333994144
1.11223107946365,-21.2699932947432,7.64031048825535,9.46958745530729,7.77137735125952,-0.437608970312857,-1.0752883119844
1.9882010667289,-21.1971442376338,7.205740008949,8.94620499311743,7.46808465643996,-0.566615246794827,-1.10926533377061
2.86588668939133,-21.1198537383733,6.77075636658753,8.41377401821092,7.15129825834107,-0.703825507806053,-1.14286953920735
3.74349632280084,-21.040615944671,6.33300996019697,7.87097645364659,6.82054172475501,-0.849333078431705,-1.17617462530442
4.61919592761829,-20.9619905146469,5.89006691139343,7.31643599683847,6.47538802622543,-1.00317880712492,-1.20925103340353
5.49112046695754,-20.8865838506265,5.43943582209167,6.7487495829482,6.11548553507483,-1.16533574474228,-1.24216369559678
6.35738455231705,-20.8170318522167,4.97859364789027,6.16651983671539,5.74058649988647,-1.33569130163751,-1.27496928628416
7.21609341373635,-20.7559824368378,4.50501257936823,5.56838998641686,5.35057884825826,-1.51402649670076,-1.30771291843753
8.06535543983669,-20.7060758119506,4.01619007848638,4.95308288148062,4.94552213330361,-1.69999197556586,-1.34042422426813
8.90329769867533,-20.6699202300496,3.50968445586123,4.31944585236047,4.52568829679817,-1.89308061713059,-1.373112768639
9.72808601668454,-20.6500607034545,2.98315856688798,3.66650313415055,4.09160762492821,-2.09259679993287,-1.4057627650032
10.5379513313613,-20.6489379336346,2.4344343004446,2.99351738597393,3.64411976526735,-2.29762280286463,-1.43832710514685
11.3312241227861,-20.6688346449231,1.86156045229979,2.30006139705505,3.18442889712504,-2.50698342021734,-1.4707207887845
12.1063786268435,-20.7118065905656,1.26289616222341,1.58610023492996,2.71416100156388,-2.71921070981722,-1.50281394853825
12.8620882465326,-20.7795961231655,0.637211196103368,0.852082757586132,2.23541964726289,-2.93251191504541,-1.53442483543805
13.597292787725,-20.8735272946389,-0.0161972902616574,0.0990393931860707,1.75083472872002,-3.14474495072097,-1.56531334134764
14.3112769122878,-20.9943836163366,-0.697374446334465,-0.671319649785652,1.26359632636975,-3.3534073584718,-1.59517590774018
15.0037571486679,-21.1422726911679,-1.40557051334598,-1.45651502882621,0.777463524255342,-3.55564602720136,-1.62364294742343
15.6749720753236,-21.3164863051842,-2.13910804904827,-2.25323086856807,0.296736201961902,-3.74829585428392,-1.65028014980848
16.3257668856863,-21.5153697161593,-2.8952702195426,-3.05728588702922,-0.173822683129489,-3.92795524510701,-1.67459513466335
16.957660188741,-21.7362193500412,-3.67023162376894,-3.86366159863953,-0.629124924310573,-4.09110424986063,-1.69605076234987
17.5728781337616,-21.9752319958438,-4.45905582174653,-4.66660507172437,-1.06396034549891,-4.23426652617231,-1.7140858344661
18.1743404772816,-22.2275295098863,-5.25578230764191,-5.45981813753842,-1.47326173078089,-4.3542091624922,-1.72814290406796
18.7655859086596,-22.4872784641951,-6.05361823689845,-6.23673403004089,-1.85241523063657,-4.44816536071199,-1.73770148130929
19.3506308758278,-22.7479133426956,-6.84523624353371,-6.99086702730918,-2.19758671474651,-4.51405602100674,-1.74231335743187
19.9337667063339,-23.0024553787351,-7.62316080975548,-7.71620368060711,-2.50602393454943,-4.55068017909188,-1.7416355071954
20.5193119769656,-23.243900216215,-8.38020610004659,-8.40759039866517,-2.77629070651458,-4.55784388516165,-1.73545557759567
21.1113474874926,-23.4656314454206,-9.10991378249139,-9.06106655335997,-3.00839552686116,-4.53640406700011,-1.72370568076201
21.7134664915737,-23.6618092320451,-9.80693545516995,-9.67409808641908,-3.20379295479703,-4.48821739860903,-1.70646207699747
22.3285707160494,-23.8276866172024,-10.467312982201,-10.2456831386962,-3.36525795568212,-4.41600078307873,-1.68393088504519
22.9587338595921,-23.9598202322701,-11.0886292279442,-10.7763240892394,-3.49665504212765,-4.3231250804186,-1.65642247272198
23.6051412333915,-24.0561624587247,-11.6700254408623,-11.2678828186745,-3.60263940959927,-4.21337296129594,-1.62431892186442
24.2681010919178,-24.1160425176821,-12.2121030523767,-11.7233520735522,-3.68833288875811,-4.09069338555332,-1.58803954400872
24.947113334182,-24.1400592356516,-12.716741722564,-12.1465823871836,-3.7590135604163,-3.95897999333893,-1.54800888327244
25.6409763693833,-24.129915658195,-13.1868702119632,-12.5420015132277,-3.81984732143869,-3.82189138360773,-1.50463036250663
26.3479129486094,-24.0882255714986,-13.6262233736833,-12.9143546696701,-3.8756766974834,-3.68272105721583,-1.45826721063814
27.065699218002,-24.0183165042145,-14.0391102678601,-13.2684827450053,-3.93087032861335,-3.54431620226725,-1.40923096321679
27.7917862420769,-23.9240456497617,-14.4302083315423,-13.6091450159222,-3.98922787749197,-3.4090387307341,-1.35777687461721
28.5234085331996,-23.8096370282028,-14.8043893312847,-13.9408848240344,-4.05393023283771,-3.27875918501247,-1.30410507547402
29.2576784193713,-23.6795413158565,-15.1665756890384,-14.2679314925514,-4.12752326728071,-3.15487367720966,-1.24836615316381
29.9916680725299,-23.5383148676434,-15.5216211625509,-14.5941293421565,-4.2119241216394,-3.03833508366983,-1.19066990530187
30.7224828020182,-23.3905117176223,-15.8742076770753,-14.9228844433001,-4.30844106586912,-2.92969153707003,-1.13109619837659
31.4473296816073,-23.2405813311361,-16.2287498021169,-15.2571209337531,-4.41780061234008,-2.82912724840413,-1.06970705195754
32.1635851789858,-23.0927655024667,-16.589299647684,-15.5992409132536,-4.54017823714838,-2.73650254502611,-1.00655922068442
32.8688642079788,-22.9509896205328,-16.9594473699313,-15.9510846147105,-4.67523145253104,-2.65139154805527,-0.941716632402788
33.5610912390578,-22.8187464013442,-17.3422157845505,-16.3138905031567,-4.82213589644593,-2.57311709659245,-0.875262070340766
34.2385719178969,-22.698973761503,-17.739951425088,-16.6882578569367,-4.97962642922691,-2.50078335608119,-0.807307478061068
34.9000613785636,-22.5939324220792,-18.1542183560266,-17.0741169512615,-5.14604586342184,-2.43330705426256,-0.738002250652891
35.5448233789734,-22.5050924901057,-18.5857045559968,-17.4707137834672,-5.31940382061801,-2.36944849277221,-0.667538886468841
36.1726730940743,-22.4330410746711,-19.0341531164026,-17.8766170196552,-5.49744731003466,-2.30784342344204,-0.596155444501911
36.783996100632,-22.3774241014785,-19.4983310621175,-18.289754067373,-5.67774300389686,-2.24703657519869,-0.524134397994417
37.3797372948605,-22.3369344260978,-19.9760468721692,-18.7074808284969,-5.85776907849,-2.18551713544114,-0.451797702316305
37.9613559992539,-22.3093546685581,-20.4642234554051,-19.1266857629515,-6.03501219894899,-2.12175588514489,-0.37949818206425
38.5307475620842,-22.291657419898,-20.9590270378775,-19.5439241348668,-6.20706327126547,-2.05424308701635,-0.307607660060111
39.0901360625414,-22.2801580118441,-21.4560447360008,-19.9555732220705,-6.3717043335574,-1.98152570016686,-0.236502542628859
39.6419472274914,-22.2707076414621,-21.9504963152049,-20.3579952472901,-6.52697890502569,-1.90224219115542,-0.166547804621938
40.1886737579589,-22.2589084296914,-22.437459959473,-20.7476924686512,-6.67123931724762,-1.81515315928273,-0.0980804405940026
40.7327466803372,-22.2403286027401,-22.9120893523758,-21.1214391210042,-6.80316697308188,-1.71916623418829,-0.0313934569679713
41.2764253775371,-22.2106960649646,-23.3698005068179,-21.4763776716451,-6.92176465817181,-1.61335416794499,0.0332786187580299
41.8217159382709,-22.166052346877,-23.8064115410641,-21.8100717592589,-7.02632340123007,-1.49696563805302,0.0957719096913559
42.3703229332716,-22.1028554790998,-24.2182260027749,-22.1205142358658,-7.1163692893344,-1.36942886733965,0.156002449446477
42.9236345825813,-22.018028390858,-24.6020588651508,-22.4060947263925,-7.19159756334732,-1.23034862919236,0.213972143288061
43.482736598262,-21.9089573922187,-24.9552123261797,-22.6655359834399,-7.25180197420525,-1.07949746576129,0.269771218225335
44.048446527565,-21.7734516677188,-25.2754145505681,-22.8978112153682,-7.29680676011865,-0.91680198289667,0.323577082971968
44.621358888803,-21.6096785859983,-25.5607377227671,-23.1020552891443,-7.32640699097617,-0.742324949058886,0.375649617900023
45.2018914497935,-21.4160904109655,-25.8095117417047,-23.2774811764745,-7.34032075063794,-0.556243694269005,0.4263229960291
45.7903250579361,-21.1913562283717,-26.0202473317036,-23.423310077218,-7.33815424824053,-0.358825101354004,0.475994225524237
46.3868322440275,-20.934308886292,-26.1915776541438,-23.5387196458982,-7.31937874163129,-0.150397379882318,0.525108717481558
46.991493323489,-20.6439116913191,-26.3222220152678,-23.6228107039555,-7.28331650635774,0.0686811146643069,0.574143334219962
47.6043019868401,-20.3192443457792,-26.4109698366156,-23.6745892554094,-7.22913211791032,0.298055500853589,0.623587558886044
48.2251649221388,-19.9595030611586,-26.4566785903012,-23.6929580655391,-7.15582510641886,0.537409506692027,0.673923630280664
48.8539016961088,-19.5640066955389,-26.4582766502022,-23.6767109242916,-7.06222059939215,0.78650069684203,0.725606680626325
49.4902513925061,-19.1321993594607,-26.4147610870036,-23.6245229044612,-6.94695573159253,1.04519385583023,0.779046054768156
50.1338916556185,-18.6636404131434,-26.3251814900792,-23.5349314579518,-6.80846124988002,1.31349014395858,0.834589036379978
50.7844741972427,-18.1579749878631,-26.1886037293854,-23.4063058529067,-6.64493967863434,1.59154933297159,0.892508124405017
51.4416781421805,-17.6148813951181,-26.0040512796692,-23.2368054733344,-6.45434328732297,1.87970228060255,0.952992754164951
52.105279961837,-17.0339957474696,-25.7704260604626,-23.0243307449296,-6.23435677488835,2.17845082700218,1.01614594797748
52.7752363194398,-16.4148180665166,-25.4864148852332,-22.766473321386,-5.98239081916718,2.4884524557551,1.08198583019618
53.4517738298117,-15.7566074342647,-25.1503908232119,-22.4604741632202,-5.695593306764,2.81048726259371,1.15045129442547
54.1354785518311,-15.0582763113689,-24.7603212005974,-22.1031995579239,-5.37088534851053,3.14540494349112,1.22141045488411
54.8273772235543,-14.3182956858984,-24.3136952604519,-21.6911458009478,-5.00502924640418,3.49404951986712,1.2946699170495
55.5290020393205,-13.5346236218139,-23.8074852460287,-21.2204837912697,-4.59473582199731,3.85715929904538,1.3699824424061
56.2424306216686,-12.7046705001985,-23.2381554151316,-20.687155672998,-4.13681928057319,4.23523912154324,1.44705030045025
56.9702922261507,-11.8253154296251,-22.601734932454,-20.087037360515,-3.62840925578709,4.62840142230189,1.52552151368583
57.7157296879795,-10.8929905612644,-21.8939733089861,-19.4161835339337,-3.06723166393001,5.03617242968095,1.60497631544249
58.4823035771422,-9.90385361012996,-21.1106010368751,-18.6711749505628,-2.45197162693894,5.45726068784939,1.68490148532828
59.2738209941071,-8.85407342245668,-20.2477226070702,-17.8495903218497,-1.78273117661935,5.88928833571458,1.76465094307354
60.0940665656477,-7.74025705930921,-19.3023713990253,-16.9506230873492,-1.06158841418331,6.32849308627211,1.84339234037621
60.9464107615549,-6.56004591472898,-18.273251342754,-15.9758519390253,-0.293248312219039,6.76942323283561,1.92004191989861
61.8332741649719,-5.31289584210725,-17.1616700999712,-14.9301443963916,0.514258094037221,7.20467165359192,1.99319424281396
62.7554439988938,-4.00102238181027,-15.9726219604266,-13.8226159892951,1.34892552456682,7.6247283219173,2.06106007178668
63.7112791844886,-2.63042641647464,-14.7158952288639,-12.6674780505253,2.19435497674738,8.01806892611489,2.12143436275101
64.6959089083491,-1.21181514248508,-13.4069600244546,-11.4844951747385,3.02982365509795,8.37162338056848,2.17172451982782
65.7006189410527,0.238882023933535,-12.0672685015939,-10.2986812593583,3.83114664253755,8.67175099798303,2.20907101299987
66.7126957776307,1.70077452068088,-10.723546119585,-9.1388736938565,4.57255867842566,8.90575086331094,2.23057971025492
67.7159958251018,3.14935614004474,-9.4057767094471,-8.03503495610271,5.22958819566535,9.06374068389548,2.23365170402076
68.6923612366626,4.55896970046242,-8.14395283255812,-7.01456637337516,5.78247704471099,9.14049625155119,2.21634776253738
69.6237158486092,5.90598823951646,-6.96419170777133,-6.09843667647513,6.21929341173563,9.13669104668132,2.17768466755573
70.4943641644631,7.17191750231018,-5.88523224969246,-5.29822194253899,6.53777234016405,9.05906075737528,2.11776181071048
71.2928742322652,8.3455453344778,-4.91632363255884,-4.61495797055195,6.74526968465011,8.91936581037544,2.03767161605241
72.0130660369625,9.42359735372219,-4.05702479849403,-4.04006081981044,6.85689219739959,8.73246553623827,1.93923078543299
72.65397173188,10.4099160470955,-3.29873625133452,-3.55784410935141,6.89248144523403,8.51409513282995,1.82463176367134
73.2189744504051,11.3136347593032,-2.62728154655221,-3.14875401079728,6.87335907745378,8.2789193107498,1.69612310013168
73.7145020585578,12.146968019334,-2.02575051030572,-2.79248171151635,6.81956178556057,8.03919974133363,1.55579078197287
74.1486303397833,12.9231181996753,-1.47702493307924,-2.47043249209847,6.74792266447032,7.80413581433606,1.40546146240882
74.5298257740573,13.6545696675894,-0.965712067702399,-2.16737997103652,6.67102675756914,7.57975273770383,1.24670955324667
74.8659293771489,14.3518488136874,-0.479443759944046,-1.87236043698118,6.59689120468708,7.36914769100621,1.08093197008724
75.1634041750762,15.022728249163,-0.00960745050139433,-1.57894488621781,6.52918057449976,7.17292571604276,0.909452181705051
75.4268419457843,15.6718314378911,0.448410064328626,-1.28501934846915,6.46779884414637,6.98971033428899,0.733621021715813
75.6587286957769,16.3006073671582,0.895407165098719,-0.992172998019752,6.40973987894911,6.81666409123984,0.554890105179587
75.8594727569282,16.9076527596806,1.32893248431386,-0.70478206488187,6.35009532568305,6.64998628953585,0.374842739003263
76.0276873076522,17.4893401870379,1.7441612305931,-0.428898238081911,6.2831098463258,6.48536901165259,0.195176862684739
76.1606860464085,18.040665664515,2.13496534656452,-0.17108801455641,6.20315649330688,6.318395060795,0.0176445211675803
76.2551080825913,18.5561802533206,2.49501265130969,0.06260602610181,6.10550481024011,6.1448613552758,-0.156038732429183
76.3075591589092,19.0308463982646,2.81871569684532,0.267426819905207,5.9867877596225,5.9610152554763,-0.324295413994985
76.3151552472709,19.4606794745645,3.10188719765983,0.440294745246627,5.84513776864413,5.76370079694731,-0.485778752149118
76.2758872167615,19.8430958134708,3.34203701016822,0.579827533348818,5.68003581019626,5.55042430247905,-0.639440549922571
76.1887777382629,20.1769665892567,3.53833582461317,0.686069503963061,5.4919729351846,5.3193593820853,-0.784565636490636
76.0538531735797,20.4624427340489,3.69133966120114,0.760059623221015,5.28204335343197,5.0693161956947,-0.920772036826917
75.8719873146834,20.7006498740704,3.80259784821832,0.803370924405538,5.05157211810677,4.79969839606432,-1.0479820386661
75.644684603371,20.8933516652143,3.87425663423419,0.817722202932111,4.80184288488592,4.51046538615008,-1.16637261454676
75.373861016591,21.0426554311642,3.90873617258625,0.804716834502791,4.53395006407473,4.20211026765553,-1.27631426409867
75.061661278606,21.1508011112959,3.90851855288728,0.765721374581656,4.24876807566642,3.87565744318948,-1.37830610658972
74.7103313452438,21.2200454755812,3.87605177537182,0.701868175558897,3.94701319384187,3.53267922953567,-1.47291297997546
74.3221478780275,21.2526333201675,3.81375400376347,0.61415292159175,3.62936865065567,3.17532768973435,-1.56070813077491
73.8993970824393,21.2508373012734,3.72409335357173,0.503595946394641,3.29664665260976,2.80637568521599,-1.64222334278163
73.444390198444,21.2170448213503,3.60971692575281,0.371440061927593,2.94996664834375,2.42925896016645,-1.71790721375633
72.9595014265164,21.1538709460315,3.4736047092183,0.219362807389156,2.59093413845819,2.04810848695679,-1.78809178910153
72.4472144480466,21.064277985675,3.31922621836221,0.0496845604837781,2.22180669570452,1.66775923523603,-1.85296782949871
71.9101647459705,20.9516834551426,3.15067856622526,-0.134445512564679,1.84563319789549,1.29371837111485,-1.91256949084427
71.3511652309838,20.8200378313053,2.97278369916057,-0.328906130783878,1.46634913695238,0.932073611752954,-1.96676990449674
70.7732036210269,20.673852749569,2.79112071208174,-0.528527810748693,1.08880682538122,0.58932272676903,-2.01528980150264
70.1794015864189,20.5181602990632,2.61196856036314,-0.727112055484697,0.718716754609224,0.272110085533068,-2.05772151527491
69.5729286487851,20.3583870193732,2.44213802093885,-0.917573049036399,0.36247840651325,-0.0131322619289964,-2.09356995908883
68.9568702294655,20.2001346696011,2.2886824817726,-1.09222021700793,0.026888631976953,-0.26062244235403,-2.1223101719682
68.3340579836118,20.048874658706,2.15849655394842,-1.2431805184277,-0.281265107940603,-0.465704631042762,-2.14345770586012
67.7068813335576,19.9095831295206,2.05783781967898,-1.36293021289969,-0.555692609727046,-0.625298281672391,-2.15664412234737
67.0771086945717,19.7863641642205,1.99183381053476,-1.4448734625866,-0.791108201856925,-0.738242297521738,-2.16168647734633
66.4457509705416,19.6821217787358,1.96405356597554,-1.48388062428319,-0.983677420919403,-0.80546107574769,-2.15863852646076
65.8129956428159,19.5983401854805,1.9762214034278,-1.47669425309552,-1.13132401362341,-0.829907488224549,-2.14781366003346
65.1782268385449,19.5350135506837,2.02812643115922,-1.42213166613359,-1.23384204007599,-0.816282971003595,-2.12977512792875
64.5401286358586,19.4907356361192,2.11774087403123,-1.32105489062048,-1.29279862191838,-0.770582576215455,-2.10529624648263
63.8968519117282,19.4629266542292,2.24151700880097,-1.17612794027858,-1.31125678957882,-0.699546578504177,-2.07529948553699
63.2462146148647,19.4481503500143,2.39480086878162,-0.991420924897391,-1.29338014457123,-0.61010964953575,-2.0407865411048
62.5859038177782,19.4424652001642,2.57228926242811,-0.771939316703308,-1.24399304078627,-0.508924029049323,-2.00277107803488
61.9136544518858,19.4417595165836,2.76846452225897,-0.523153343546382,-1.16816222314125,-0.402003721585417,-1.96222266518266
61.2273896846407,19.4420354323787,2.97796149529479,-0.250583636391142,-1.07084565473269,-0.294504622605815,-1.9200261362322
60.5253182161721,19.4396245009744,3.19584452941287,0.0405252715753237,-0.956630844625865,-0.190629948916168,-1.87695672801761
59.8059912339729,19.4313324657311,3.41779164867301,0.345434070684449,-0.829565342613397,-0.0936354209239039,-1.83366871209829
59.0683258623794,19.4145202742217,3.64019554498289,0.660046197389881,-0.693069403569787,-0.00590371257837119,-1.79069401352743
58.3116028600951,19.3871324837922,3.86019639191125,0.98096733163614,-0.549915123928558,0.0709402992225278,-1.74844721199144
57.5354454219409,19.3476842559822,4.07566155029502,1.30550225483092,-0.402255847084002,0.135896429827902,-1.70723392911541
56.7397833261221,19.2952155606227,4.28512415186449,1.63160254088617,-0.251692075807531,0.188454810183542,-1.66726051743409
55.924804995193,19.2292181826541,4.48768846956311,1.95777516598285,-0.099363573933839,0.228471200616097,-1.62864398242576
55.0908977694816,19.1495382403531,4.68290643815697,2.28295906680337,0.0539396967741013,0.256058708795958,-1.59142197368025
54.2385762791277,19.056255899292,4.87062812134805,2.60637537788099,0.207653621520988,0.271499735651996,-1.55556343726136
53.3683995548755,18.949545280398,5.05083026141659,2.92735845972337,0.361309195391797,0.275180059831422,-1.52098099613119
52.4808803262673,18.8295218368875,5.22343178268614,3.24517916817058,0.514403594635044,0.267545491771147,-1.48754621292178
51.5763936824186,18.6960909019999,5.38811254004677,3.55887822142199,0.66628517328051,0.249079955133185,-1.45510843417364
50.6550972523611,18.5488182738166,5.54415957134537,3.86713371653933,0.816067554038213,0.220301884708409,-1.42351691094375
49.7168776634861,18.3868476748121,5.69036957736575,4.16818909369191,0.962588245010245,0.181773562164049,-1.3926444478751
48.7613371449819,18.2088873629177,5.82503309112216,4.45986253724418,1.1044226299054,0.134116049856884,-1.362409429687
47.7878280673391,18.0132769590657,5.94601252896694,4.73964457749044,1.23995435532617,0.0780216431684112,-1.33279234468965
46.7955325773198,17.7981274927171,6.05090530741218,5.00487045786353,1.36749038776985,0.0142569807777261,-1.30384340622793
45.7835733387907,17.5615090653718,6.13726166890198,5.25293477124848,1.4853979450769,-0.056346879527394,-1.27567964588616
44.7511335297182,17.3016487246252,6.20281351228775,5.4815057505053,1.59223575523834,-0.132916969987219,-1.24847231236771
43.6975633443469,17.0171011288538,6.24567089073779,5.68869960262992,1.68685564048973,-0.21456945359855,-1.22242759588515
42.6224562816111,16.7068655992899,6.26445586273589,5.87318940076479,1.76846039668388,-0.300443310128775,-1.19776478862504
41.5256877548275,16.3704394058283,6.25836244199646,6.03424158521471,1.83661588003729,-0.389731037318601,-1.17469573728027
40.4074180556725,16.0078123290143,6.22714888300146,6.17168907493936,1.89122481529623,-0.481702489148028,-1.15340825384454
39.2680674168183,15.6194168538613,6.17107930936248,6.2858590529809,1.93247480447923,-0.575720210547112,-1.13405464927434
38.1082737623637,15.2060515871823,6.09083509201671,6.3774755954001,1.96077356567815,-0.6712465241329,-1.1167453365386
36.9288423466799,14.7687934612556,5.98741409173583,6.44755434353952,1.97668204942,-0.767843766400845,-1.10154669650447
35.7306947526823,14.308910432771,5.86203115423014,6.49730152717633,1.98085267042019,-0.865169499073006,-1.0884821561729
34.5148215644963,13.8277817967098,5.71602804975753,6.52802457297167,1.97397661922906,-0.962968433125466,-1.07753546448431
33.2822414727671,13.3268299188374,5.55079699711197,6.54105772041915,1.95674179022685,-1.06106249331531,-1.06865536234496
32.0339673448462,12.8074644660166,5.3677189572671,6.5377033165627,1.92980123561544,-1.15934005851283,-1.06176103460695
30.7709796325118,12.2710390602753,5.168116319012,6.51918807364324,1.89375121847188,-1.25774510461795,-1.05674792959116
29.4942062925006,11.7188192408055,4.95321861252192,6.48663266301274,1.84911749683669,-1.35626670935004,-1.05349363010342
28.2045085992145,11.1519604515319,4.72413958547261,6.44103278023283,1.79634837941246,-1.45492921915556,-1.05186355041156
26.9026722542315,10.5714947004698,4.48186389104903,6.38324977152585,1.73581313550817,-1.55378327524876,-1.05171628793391
25.5894025483252,9.97832427961465,4.22724155700618,6.31400881375617,1.66780440771222,-1.65289778829336,-1.05290847098817
24.2653232634499,9.37322133808474,3.9609886452649,6.23390296077709,1.59254347501866,-1.75235294223716,-1.05529901061611
22.9309782372939,8.75683185893445,3.68369249991549,6.14340133327768,1.51018731873433,-1.85223422264623,-1.05875266743805
21.5868350519222,8.12968287913595,3.39582021051952,6.04286002622373,1.42083664075922,-1.95262745286213,-1.06314289799611
20.2332901400748,7.49219182402462,3.0977290507118,5.93253445739194,1.32454413749728,-2.05361477247572,-1.06835396981519
18.8706748051106,6.84467702063158,2.78967786375391,5.81259213891398,1.22132250901546,-2.15527147115527,-1.0742823714454
17.499261628846,6.187368576396,2.47183855413987,5.68312505703951,1.11115183685775,-2.25766355541987,-1.08083756459727
16.1192708870266,5.52041900369161,2.14430706220011,5.54416108954794,0.993986116484066,-2.36084590857474,-1.08794214673239
14.7308767517843,4.84391316700595,1.80711341014043,5.3956741304638,0.869758865985944,-2.46486090001783,-1.09553150849912
13.3342130415658,4.15787725624255,1.46023057917033,5.23759275049691,0.738387836066372,-2.56973728002088,-1.10355306796616
11.9293784102691,3.46228665915648,1.10358215087724,5.06980739917759,0.599778938913705,-2.67548919796984,-1.11196516296345
10.5164410313408,2.75707276350046,0.737048793971683,4.89217632602869,0.453829586085617,-2.78211520605728,-1.12073568320132
9.09544273018583,2.04212877762448,0.360473771530323,4.70453043253386,0.300431663774592,-2.88959708675347,-1.12984049813936
7.66640274731014,1.31731479854537,-0.0263322513290944,4.50667741619165,0.13947441603484,-2.99789839238261,-1.13926173879435
6.22932125556473,0.582462391972528,-0.423586767249599,4.2984055792618,-0.0291524817404849,-3.10696258349792,-1.14898596931794
4.78418277992051,-0.162620993414368,-0.83153096868264,4.07948769405468,-0.205555366051333,-3.21671065819344,-1.1590022655894
3.33095978251263,-0.918147402090132,-1.25042485386939,3.84968539420045,-0.389832248629009,-3.32703822353212,-1.1693002195181
1.86961661678731,-1.68434314912269,-1.68054145665401,3.60875452834259,-0.582067411795992,-3.43781195947461,-1.17986786648734
0.400114092599186,-2.46144257484171,-2.12215973585213,3.3564519223462,-0.782324655797441,-3.54886545516156,-1.19068952514828
-1.07758507892114,-3.24968034366408,-2.57555565800766,3.0925440189943,-0.990638939905261,-3.65999445707056,-1.2017435411123
-2.56350970340233,-4.04928183744106,-3.0409909980011,2.81681782804229,-1.20700618863919,-3.77095159627236,-1.21299991727068
-4.0576721274812,-4.8604512106983,-3.5186994075938,2.52909461165278,-1.43137108807624,-3.88144074295122,-1.22441782294304
-5.56005862256254,-5.68335668199874,-4.00886932807487,2.22924665958199,-1.66361276921,-3.99111119446191,-1.23594297557984
-7.0706179315234,-6.51811271468995,-4.5116234178873,1.91721743369471,-1.9035283951184,-4.09955202074238,-1.24750490983873
-8.58924781832125,-7.364758812782,-5.02699427834282,1.59304519694792,-2.15081482279682,-4.20628698275742,-1.25901416249822
-10.1157796337695,-8.22323489145572,-5.55489651551037,1.25689003858706,-2.40504875164571,-4.31077061382498,-1.27035944332661
-11.649960966771,-9.09335334888634,-6.0950954264844,0.909063857842143,-2.66566603998435,-4.41238614295397,-1.28140488237058
-13.1914368013725,-9.97476844065791,-6.64717310272713,0.550062460697604,-2.93194126902709,-4.5104461457205,-1.29198750816394
-14.7397297603789,-10.8669439351846,-7.21049323329446,0.180598346416187,-3.2029690379248,-4.60419687038362,-1.30191514424498
-16.2942205133402,-11.7691207360193,-7.78416664412217,-0.198367889420366,-3.47764897415698,-4.69282730250317,-1.31096497706543
-17.8541297261472,-12.6802867631044,-8.36702032200645,-0.585600348659308,-3.75467687616385,-4.77548395485887,-1.31888307911488
-19.4185034350891,-13.599152162872,-8.9575734839098,-0.979568340907227,-4.03254477738737,-4.85129221086287,-1.32538520216951
-20.9862040236264,-14.5241334969619,-9.55402486246638,-1.37843868841533,-4.3095528443711,-4.91938464436581,-1.33015913946802
-22.5559092742974,-15.4533510017302,-10.154255746436,-1.78008412946746,-4.58383581984079,-4.97893614212625,-1.33286890256769
-24.126121799699,-16.3846428807335,-10.755853067147,-2.18211180423846,-4.85340599142143,-5.02920477811017,-1.33316083176681
-25.6951908633338,-17.3156000106067,-11.3561559566013,-2.58191477483885,-5.11621340854526,-5.06957639796927,-1.33067158491474
-27.2613475426829,-18.243622888912,-11.9523273417761,-2.97674765223266,-5.3702221812057,-5.09960976612909,-1.32503770409288
-28.8227529909456,-19.166000550705,-12.5414495851365,-3.36382477381728,-5.61349944864318,-5.11907824247313,-1.31590620971346
-30.3775577760799,-20.0800083335629,-13.1206399322958,-3.74043622530459,-5.84431121058897,-5.12800340752705,-1.30294543185567
-31.9239686017502,-20.9830184664589,-13.6871782491447,-4.10407384841745,-6.06121720054465,-5.12667615513645,-1.2858551402129
-33.4603170006481,-21.8726147263051,-14.2386366500411,-4.45255679395917,-6.26315574382415,-5.11566156070859,-1.26437500657268
-34.9851237244387,-22.7467007812099,-14.7729990091423,-4.78414483376012,-6.44950956927029,-5.09578537706203,-1.23829058213674
-36.4971523791857,-23.6035914872107,-15.2887582902472,-5.09762789638815,-6.62014489781882,-5.06810201745419,-1.20743626983578
-37.9954463883153,-24.4420774389306,-15.7849812135947,-5.39238217525796,-6.77541862820022,-5.03384599131003,-1.17169517290956
-39.4793452996096,-25.261455825121,-16.2613330516731,-5.66838644506457,-6.9161517611986,-4.99437065674461,-1.13099615592851
-40.9484780427524,-26.0615236807611,-16.7180590939112,-5.9261960767533,-7.04357046042544,-4.95107928542114,-1.08530882777861
-42.4027332744343,-26.8425333960693,-17.1559234872216,-6.16687614489755,-7.15921903896129,-4.90535384883952,-1.03463743495086
-43.842208796037,-27.6051134412661,-17.576109571854,-6.39189819120669,-7.26485106203197,-4.85848647404017,-0.979014757103245
-45.2671434263291,-28.3501596251405,-17.9800883074352,-6.60300738091633,-7.36230564569557,-4.81161745706509,-0.918497043592013
-46.6778360924085,-29.0787040524888,-18.3694630832666,-6.80206805986504,-7.45337616646636,-4.76568242314175,-0.853160858059777
-48.0745571935505,-29.7917697174458,-18.7457999131408,-6.99089621561745,-7.53967814279446,-4.72136987089213,-0.783102423182773
-49.457458259573,-30.490219668398,-19.1104527499342,-7.17108771510821,-7.62252266854352,-4.67908936150348,-0.708439754913776
-50.826485645477,-31.1746098963127,-19.4643939566264,-7.34385151179443,-7.70280144736156,-4.63894993540417,-0.62931753063412
-52.1813051623301,-31.8450562936112,-19.8080610313439,-7.50985785050604,-7.78088973169482,-4.60074825012045,-0.545914311222907
-53.5212440845709,-32.501126259768,-20.1412312342823,-7.66911232141354,-7.85657373396181,-4.56396606091564,-0.458451388395734
-54.8452574634192,-33.1417661452332,-20.4629364536411,-7.82086741235582,-7.92900943994842,-4.52777712913773,-0.367202212131495
-56.1519241551194,-33.7652745396816,-20.7714297934426,-7.9635829305388,-7.99671930826539,-4.49106400002269,-0.272501058902449
-57.4394765599504,-34.3693292840833,-21.0642131323936,-8.09494487485063,-8.0576318971514,-4.45244535327828,-0.174749408622554
-58.7058641859013,-34.9510711183582,-21.3381298171283,-8.21194806288682,-8.10916626353861,-4.41031441278178,-0.0744184519232083
-59.9488471028942,-35.5072404102518,-21.5895194780258,-8.31104120183921,-8.14835830836973,-4.36288829658715,0.027953657358801
-61.1661101755769,-36.0343552767176,-21.8144228979843,-8.38832454920949,-8.17202040234751,-4.30826710756017,0.131770719169372
-62.3553842902001,-36.5289115248496,-22.0088158472393,-8.43978145472149,-8.17691984416248,-4.24450026444764,0.236393738564418
-63.5145591436596,-36.9875799936965,-22.1688445792397,-8.46151827826661,-8.15995768184546,-4.16965647393422,0.341161740164997
-64.6417709999866,-37.4073748682093,-22.2910332212411,-8.44998418077093,-8.11832815865083,-4.08189297463273,0.445416413046501
-65.7354544369301,-37.7857718160642,-22.3724379389015,-8.402145291011,-8.04964211432192,-3.97951994352022,0.548528091611825
-66.7943514696262,-38.1207624950646,-22.4107314828115,-8.31559562877632,-7.9520038078031,-3.86105680960158,0.649920187805295
-67.8174804731358,-38.4108443795347,-22.4042149864674,-8.1885990848661,-7.82403934808784,-3.7252789736806,0.749089302151254
-68.8040734179323,-38.6549557316626,-22.3517664882851,-8.02006901998644,-7.66488337370921,-3.57125530673702,0.845618808597929
-69.7534947287201,-38.8523740811998,-22.2527456298465,-7.80950207776667,-7.47413719255812,-3.39837854188562,0.939184598126606
-70.6651564106305,-39.0026003856488,-22.1068789366389,-7.55688841009537,-7.25181485291347,-3.20639182415584,1.02955265616522
-71.5384433320389,-39.1052506985816,-21.9141501263627,-7.26262131484515,-6.9982935167852,-2.99541511014704,1.11656904271282
-72.3726588430786,-39.1599728332737,-21.6747155870953,-6.92742594986347,-6.71428158375434,-2.76597471914479,1.20014347729354
-73.1669971419788,-39.1663998784934,-21.3888589470767,-6.55232114515154,-6.40081363521187,-2.51903832875533,1.28022807599086
-73.9205458662857,-39.1241470252485,-21.0569922343327,-6.13862199485056,-6.059276496541,-2.25605618126427,1.35679289264501
-74.632318943487,-39.0328529877784,-20.6797050939332,-5.68798482630966,-5.69146605628401,-1.97900722000508,1.42979985054459
-75.3013187862218,-38.8922642120787,-20.2578591345735,-5.20249102413919,-5.29967038558545,-1.69044642402678,1.49917658542999
-75.9266256663318,-38.7023573611908,-19.7927206374953,-4.68476158820477,-4.88677070116816,-1.39354662807558,1.56479173019348
-76.5075111228704,-38.4634931297437,-19.2861212026828,-4.13808980599284,-4.45634753465767,-1.092124710165,1.62643334813654
-77.0435710055512,-38.1765914605212,-18.7406316569621,-3.56657448735205,-4.01277484910719,-0.790638483919511,1.68379258234302
-77.5348703059549,-37.8433133770053,-18.1597289001667,-2.97523064471634,-3.56127990365997,-0.4941376271381,1.73645503069072
-77.9820879456567,-37.4662287964454,-17.5479291019878,-2.3700491107905,-3.10794252116143,-0.208150804835942,1.78390273097069
-78.3866445286743,-37.0489431623409,-16.9108548783451,-1.75797304468245,-2.65960590771244,0.0615064592282462,1.82552962644735
-78.7507896649083,-36.5961500214165,-16.2552011875604,-1.146760421855,-2.22367500169223,0.309010730218072,1.86067256853177
-79.0776235760833,-36.1135767390377,-15.5885691300502,-0.544710859314527,-1.80779037506781,0.528889473652151,1.88865805693688
-79.3710297179304,-35.6077983232387,-14.9191511131185,0.0397454163901845,-1.41938697411008,0.716432565523033,1.90886190168405
-79.6355048290764,-35.0859127196637,-14.2552762137363,0.59856986524308,-1.06517525928787,0.868107562474384,1.9207753231208
-79.875891493195,-34.5550989900646,-13.6048574707484,1.12469039383794,-0.750610661082213,0.981913774297626,1.92406779815222
-80.0970400444876,-34.0221098537378,-12.9748136922155,1.61254459674654,-0.479435256444678,1.05760810517669,1.91863556757473
-80.3034464843646,-33.4927727368937,-12.3705557254418,2.05850060084218,-0.25337355120605,1.09675246696993,1.90462627467914
-80.4989222567124,-32.9715784658432,-11.7956216965791,2.4610823227393,-0.0720387768854751,1.10256614732839,1.88243472149083
-80.6863465895434,-32.4614205470049,-11.2515168290986,2.82096491539304,0.0669365879600434,1.07960695723897,1.85267093355717
-80.8675329056605,-31.9635149604301,-10.7377699752942,3.14075385168108,0.167578293086341,1.03333869900888,1.81610746850772
-81.0432152689316,-31.4774924460094,-10.2521759137103,3.42460156175451,0.235122044695824,0.969658827736398,1.77361630668241
-81.2131384547043,-31.0016250140155,-9.79116312308149,3.67773723547561,0.275518818771474,0.894456214502022,1.72610595753
-81.3762192984439,-30.5331322073328,-9.3502167713443,3.90598542259766,0.294965343730059,0.813249627370546,1.67446706201241
-81.5307440912756,-30.0685129976637,-8.92429453813134,4.1153328971818,0.299510059629579,0.730932098039363,1.61953119746296
-81.6745705037015,-29.6038598056998,-8.50819085907527,4.31157974278626,0.294759575072685,0.65162312565524,1.56204405354269
-81.8053112091346,-29.1351265905723,-8.09682570812768,4.50008798109387,0.28568884690349,0.578614608144036,1.50265156482544
-81.9204864289254,-28.6583380259969,-7.68545154297007,4.68562411714178,0.276543651453577,0.514388484238736,1.44189621509364
-82.017640481599,-28.1697381337186,-7.26978396477617,4.87228195416169,0.270816636788535,0.46068273586937,1.38022037187508
-82.0944230790067,-27.6658839738495,-6.84606810273268,5.06346798708567,0.271276652998231,0.418585147266547,1.31797382816756
-82.1486396357425,-27.1436936581667,-6.41109499658272,5.26193169814844,0.280032919553322,0.388638751766126,1.25542336776099
-82.1782759913256,-26.6004588736367,-5.96218183189361,5.46982521991815,0.298618987101277,0.370947634443539,1.19276286136866
-82.18150377856,-26.0338318389872,-5.49712824224793,5.68877979438739,0.328085105552765,0.365275860246035,1.13012301978543
-82.156671850964,-25.4417953305033,-5.01415877206161,5.91998929182939,0.369090828703802,0.371135450322142,1.06758038508169
-82.102288691898,-24.8226231512065,-4.51185962304691,6.16429347992238,0.421992227065173,0.387861562049004,1.00516545045291
-82.0170004852405,-24.1748373014712,-3.98911613360092,6.42225566077392,0.486919955003961,0.414674500599456,0.942869976012113
-81.8995678516929,-23.497166684613,-3.44505598147753,6.69423066121559,0.563845747401204,0.450729090428429,0.880653621495064
-81.7488449395325,-22.7885115881528,-2.87900200149913,6.98042038092765,0.652635884859199,0.495152456540287,0.818450028847528
-81.5637626845591,-22.0479168865441,-2.29043740962536,7.28091493301488,0.753090878009342,0.547071515864579,0.756172427996813
-81.3433183412129,-21.2745563030664,-1.67898531037038,7.59571830295224,0.864971207378262,0.605631573627943,0.693718793189879
-81.0865725556197,-20.4677291461587,-1.04440342871596,7.92475820225615,0.988009451961559,0.670007399681329,0.630976526324944
-80.7926546181148,-19.6268701101799,-0.38659412974311,8.26788050634153,1.12190957429155,0.739408067980067,0.567826619253835
-80.4607763279362,-18.7515720620601,0.294371020641123,8.62482935543755,1.26633450686785,0.8130767062521,0.50414725628461
-80.0902543593517,-17.8416210352248,0.99821364008258,8.99521457452431,1.42088349236669,0.89028613723323,0.439816853772254
-79.6805406416967,-16.8970420629524,1.724399992712,9.3784685729962,1.58506087731127,0.970331220529902,0.374716594355223
-79.2312600338324,-15.918153968452,2.47208425161854,9.7737953443298,1.75823827077035,1.05251854660959,0.308732587289091
-78.7422543371694,-14.9056306991021,3.24004687034449,10.1801146432265,1.93961219908171,1.13615401226526,0.241757858771305
-78.2136308606657,-13.8605660708648,4.02663201190772,10.5960048708703,2.1281596570315,1.2205287320331,0.173694431484138
-77.6458137698316,-12.7845380996862,4.82968878699034,11.0196488964496,2.32259436175065,1.30490374878335,0.104455782801771
-77.0395953219006,-11.6796679850516,5.64652199665271,11.4487877774883,2.52132704582238,1.38849408522873,0.0339699538932001
-76.3961830433261,-10.5486675803748,6.47385910776747,11.8806881959758,2.72243377559436,1.47045284045577,-0.0378164881005615
-75.7172378474421,-9.39486793809929,7.30784111629034,12.3121302128958,2.92363693784251,1.54985626640051,-0.110933567515362
-75.0048971135667,-8.22222055322419,8.14404540097452,12.739422325929,3.12230398349877,1.62569102115076,-0.185382234768564
-74.2617755093364,-7.03526268556407,8.97754802416521,13.1584502117961,3.31546889752258,1.69684501051874,-0.26112832116665
-73.4909368072905,-5.83903946029491,9.80303071886741,13.5647636577497,3.49988034969503,1.76210333645474,-0.338096817161515
-72.6958309649014,-4.63897870789607,10.6149333852136,13.9537023642725,3.67207818181495,1.82015073597306,-0.416167458252927
-71.8801943831493,-3.44072019197494,11.4076464293225,14.3205557799206,3.82849627050214,1.8695814676593,-0.495172788376761
-71.0479156199785,-2.24990844666152,12.175729172751,14.6607451763283,3.96558511276706,1.90891681632373,-0.57489986026406
-70.2028756980749,-1.0719668418621,12.9141327543047,14.9700096083111,4.07994269694816,1.93662937771234,-0.655096455533732
-69.3487777704111,0.0881225698260101,13.6184004106984,15.2445727565012,4.1684385583164,1.95117220213085,-0.735482126033923
-68.4889854073539,1.22600569066479,14.2848173598319,15.4812672609183,4.2283148910943,1.95101006452558,-0.815763545465642
-67.626389637944,2.33808426083905,14.9104879927317,15.6775980148737,4.25725109486781,1.93464987146638,-0.895652778925196
-66.7633209081167,3.42156817549175,15.4933291437665,15.8317354574142,4.25338405573086,1.90066768163552,-0.974886350910794
-65.9015151252557,4.4744480937645,16.0319826229811,15.9424422947044,4.21528459530006,1.84773100970986,-1.05324265013514
-65.042133145577,5.49539782680373,16.525663867,16.0089487078904,4.14189867087428,1.77461670403043,-1.1305553471192
-64.1858244369597,6.4836270124001,16.9739732363337,16.0307992857636,4.03246807649511,1.68022640090395,-1.20672109265514
-63.3328195740377,7.43871046631564,17.3766999891923,16.007697821959,3.88644824568006,1.56360298357164,-1.28170061874295
-62.4830338424743,8.36042070322476,17.7336464611719,15.9393739539371,3.70344022246316,1.42395240433057,-1.35551322566195
-61.6361656108378,9.24858567756422,18.0444934937364,15.8254901638535,3.48315092726258,1.26067564717903,-1.42822529138587
-60.7917769010926,10.1029870345328,18.3087203144532,15.6656011420194,3.22539190787866,1.07341561609939,-1.49993375604013
-59.9493482276955,10.9233073349536,18.5255852042593,15.4591718645935,2.93012309572645,0.862123462452405,-1.57074550874069
-59.1083042864736,11.7091294245429,18.6941688188543,15.2056570794801,2.59754539227271,0.627148364468553,-1.64075333486841
-58.268010198447,12.4599878507025,18.8134800254744,14.9046431410197,2.22824415740403,0.369353901685843,-1.71000870257788
-57.4277410421849,13.1754709716459,18.8826243326984,14.556052870702,1.82338428131303,0.0902625731125068,-1.77849138803382
-56.5866285639329,13.8553718441536,18.9010354422476,14.1604133894768,1.38495520599194,-0.207773003067838,-1.84607589028044
-55.7435912190637,14.4998852390387,18.8687700829569,13.7191843831603,0.91605951831259,-0.52137900869002,-1.91249503665665
-54.8972560447332,15.1098452614829,18.7868623207759,13.2351372565562,0.421229557536154,-0.845965065828958,-1.97730230663831
-54.045884581927,15.6869914062619,18.6577236457069,12.7127618124215,-0.0932589175353646,-1.17555332960762,-2.03983642654241
-53.1873201938835,16.2342389412536,18.4855569474065,12.1586545986355,-0.619129323120936,-1.50267798826179,-2.09919476025539
-52.3189796426918,16.7559119767094,18.2767252403282,11.5818125066323,-1.14598351507831,-1.81841955929985,-2.15422557407098
-51.4379151502681,17.2578771292479,18.0399832758348,10.9937227304104,-1.66142196149257,-2.1126506085051,-2.20355223546493
-50.5409705816077,17.747500259338,17.7864534578411,10.4081207652662,-2.15151386162871,-2.37456280044396,-2.24564264381823
-49.6250413087086,18.2333516215401,17.5292269326348,9.84030501008719,-2.60169050175798,-2.59350431026474,-2.27893178513498
-48.6874198541921,18.7246210910293,17.2825203735262,9.30597306911762,-2.99804229061604,-2.76007359764996,-2.30199228047182
-47.7261729689861,19.2302803669544,17.0604296081602,8.81968408183889,-3.32885784212457,-2.86730426880172,-2.31372873948267
-46.7404652698806,19.7581258481631,16.87546952888,8.39321494556762,-3.58610078547085,-2.9116809094664,-2.31355385293225
-45.7307394657321,20.3139108121336,16.7372113701331,8.03418666213882,-3.76645618740368,-2.8937086480452,-2.3014983813763
-44.6986955124499,20.9007802047251,16.6513476933372,7.7453115955728,-3.8716563616963,-2.81785675537,-2.27822114943075
-43.6470708551891,21.5191383493415,16.6194003994118,7.5244383446348,-3.90800416525343,-2.69188158445631,-2.24491546710188
-42.5792836794614,22.1669444720618,16.6390855785112,7.36532458414493,-3.88525581021256,-2.52572021996432,-2.20314069514595
-41.4990324152151,22.8403099074397,16.7051607534483,7.25887015015162,-3.81518695937308,-2.33024453365347,-2.1546260615901
-40.4099377970151,23.534216068255,16.8104871435193,7.19447419487318,-3.7101852105794,-2.11614476829862,-2.10109194071848
-39.3152806357852,24.2431907388452,16.9470578820534,7.16123905424584,-3.58211471447326,-1.89310890212171,-2.04411727131029
-38.2178499514922,24.9618418889678,17.1068307201966,7.14886709081127,-3.44155844271172,-1.66934400769553,-1.98506172295974
-37.1198879279041,25.6852150201179,17.2823036422747,7.14821713720152,-3.29742619810299,-1.45139748430584,-1.92503622376006
-36.0231047121218,26.4089878130893,17.4668460537303,7.15156634614427,-3.15685039197149,-1.24419474055459,-1.86490835617856
-34.9287350852363,27.1295392875305,17.654836569732,7.15265660645779,-3.025273061763,-1.05120635903096,-1.80532844955567
-33.8376142405178,27.8439349551578,17.8416677359287,7.14660537907796,-2.90663839472837,-0.874674494482061,-1.74676494895532
-32.7502572410678,28.5498634780739,18.023670893901,7.12974538016946,-2.80362754333007,-0.715850741316776,-1.68954137267189
-31.666933179039,29.2455507229714,18.198001018112,7.09943796008943,-2.71789541307605,-0.575217743849058,-1.6338704748096
-30.5877298207773,29.9296678788349,18.3625079351183,7.05388768959725,-2.6502873314957,-0.452681476961962,-1.57988362535424
-29.5126077335965,30.6012432582,18.5156096617917,6.99197280867519,-2.60102603036825,-0.347730433785316,-1.52765493413408
-28.4414443727344,31.2595822838155,18.6561759273936,6.91309766159817,-2.56986696232259,-0.259563118886623,-1.47722046033839
-27.3740695767005,31.9041973935947,18.7834253512729,6.81706831325285,-2.55622404252977,-0.187187643936686,-1.42859323898388
-26.3102939711838,32.5347479972557,18.8968371247242,6.70399001536542,-2.55926962779598,-0.129497955292257,-1.38177496234179
-25.2499315765379,33.1509901186172,18.9960769688346,6.5741842826032,-2.57801289588874,-0.0853310774214726,-1.33676512002349
-24.1928175424926,33.7527355317742,19.0809370171083,6.42812336565585,-2.6113604073331,-0.0535092209524946,-1.29356829088574
-23.1388214108224,34.3398205848561,19.151289557123,6.26638034697384,-2.65816193872468,-0.0328699658400498,-1.25220012206127
-22.0878558874191,34.9120853851844,19.2070549658132,6.08959359580798,-2.7172439712577,-0.0222871422119936,-1.2126923502819
-21.0398808181178,35.4693642461895,19.2481843047114,5.89844460102407,-2.78743268396264,-0.0206845594598717,-1.17509702735574
-19.994901940734,36.0114879499498,19.2746566061211,5.69364805469205,-2.86756804004039,-0.0270443895906322,-1.13948991990552
-18.9529642892462,36.5382976944408,19.2864899716788,5.47595249649765,-2.9565106179226,-0.0404117695918519,-1.10597290038213
-17.9141405953559,37.049669267531,19.2837641234388,5.24614889118933,-3.05314313092558,-0.0598970049609561,-1.07467504736917
-16.878515736216,37.5455445258076,19.2666504436439,5.00508349949186,-3.15636897378637,-0.0846765855832744,-1.04575216052206
-15.8461689531084,38.0259658534227,19.2354441458122,4.75367062002317,-3.26511042934575,-0.113994029920625,-1.01938446969893
-14.8171561405924,38.4911085411103,19.1905925620899,4.49290055410886,-3.37830921634365,-0.147161341865034,-0.995772469385733
-13.7914946468611,38.9413057841184,19.1327136317631,4.22383857311489,-3.49493173687575,-0.183561607674082,-0.97513099076337
-12.7691529095436,39.3770617913697,19.0625997841545,3.94761177670773,-3.61398075084887,-0.222653007178023,-0.957681805719499
-11.7500467386497,39.799049735332,18.9812040727613,3.66538225476286,-3.73451433923669,-0.263974292466497,-0.943645192165062
-10.7340433545104,40.2080928291902,18.8896073698686,3.37830664611667,-3.85567208033799,-0.30715161614426,-0.933230966306874
-9.72097357266365,40.6051285829418,18.7889674190488,3.08748377965765,-3.97670750306126,-0.351906471176785,-0.926629513111049
-8.71065176625383,40.9911575878079,18.6804521217807,2.79389337942,-4.09702513395152,-0.398064417549428,-0.924003328189093
-7.70290263994162,41.3671794303948,18.5651607710101,2.49832980718899,-4.21621989102012,-0.445564200235542,-0.925479555837347
-6.69759334116402,41.7341193236603,18.4440379469323,2.20133548101799,-4.33411617349482,-0.494466793460632,-0.931143975796337
-5.69466898967209,42.0927496639197,18.3177854458929,1.9031389519883,-4.45080373792073,-0.544963835075465,-0.941036851399425
-4.69418939929178,42.4436113874023,18.1867781025899,1.60360264680997,-4.56666740352563,-0.597384859100081,-0.955150998940923
-3.69636454012476,42.7869402170885,18.0509894207174,1.3021849002342,-4.68240780008521,-0.652202711923954,-0.973432342789799
-2.70158625880329,43.1226028725482,17.9099325726182,0.997920066188938,-4.79905084032653,-0.710036572275076,-0.995783074719353
-1.71045396886843,43.4500477865122,17.7626213867996,0.689419191401347,-4.91794435959251,-0.771652093959963,-1.02206733419138
-0.723792482621574,43.7682737391323,17.6075543877598,0.374892061426068,-5.04074135036181,-0.837958340237767,-1.0521190860052
0.257339130336756,44.0758182652968,17.4427229726782,0.0521896160669701,-5.16937029526236,-0.910001345639043,-1.08575163098189
1.23164790280471,44.3707658441829,17.2656426651921,-0.281135904933673,-5.30599405472223,-0.988954270917826,-1.12276798662477
2.19761591057098,44.650774041483,17.073404463661,-0.627756846631905,-5.45295937245951,-1.07610414981177,-1.16297125587734
3.15351642910674,44.9131143164507,16.8627420014251,-0.990486158850467,-5.61273915228052,-1.17283511076835,-1.20617408280573
4.09743553324457,45.1547235843853,16.6301099050245,-1.3721871131424,-5.78786917126085,-1.2806076628688,-1.25220637118336
5.02729735082089,45.372262584589,16.3717693219161,-1.77567889920235,-5.98087979877924,-1.40093313900376,-1.30092057212901
5.94089161983865,45.5621782659665,16.0838782542454,-2.20363826718132,-6.19422176673909,-1.53534170593546,-1.35219399748323
6.83590303712804,45.7207691511259,15.7625866839292,-2.65849498678982,-6.43018317069846,-1.68534147699007,-1.40592772331507
7.70994305069817,45.8442548886992,15.404139297877,-3.14231637065427,-6.69079282915712,-1.85236520731585,-1.4620416733021
8.56058626593632,45.9288543161075,15.0049918709255,-3.65667371788493,-6.97770310079238,-2.03769985135312,-1.52046540877738
9.38541531044231,45.9708791188927,14.5619504621028,-4.20248144282919,-7.29204326895172,-2.2423929349564,-1.58112396982384
10.1820800393259,45.9668539373233,14.0723458151024,-4.77979826083491,-7.63423312120629,-2.46712844104855,-1.64391788422243
10.9483790771369,45.9136769540037,13.5342578608741,-5.3875796134794,-8.00374572794123,-2.71206402480102,-1.70869621691875
11.6823738773916,45.8088382305707,12.9468065662613,-6.02337269578264,-8.39880985801623,-2.9766216074226,-1.77522144104225
12.3825470724331,45.6507145575242,12.3105237266312,-6.68295184390329,-8.81604769652205,-3.25922599568272,-1.84312518566666
13.0480168701375,45.4389577352504,11.6278130184787,-7.35990561961194,-9.25005552145195,-3.55699323787296,-1.91185495476581
13.6788153980514,45.1749836828182,10.9034882103195,-8.04521137289463,-9.69295749437913,-3.86538482666551,-1.9806142339548
14.2762281167072,44.8625477025229,10.1453466707764,-8.72687178924376,-10.1339995559204,-4.17786876714902,-2.04830263173506
14.8431696671976,44.5083501029343,9.36468296512065,-9.38974043044054,-10.5593019914059,-4.48566526476769,-2.11346913229614
15.3845364576554,44.1225544309943,8.5765784699801,-10.0157190980381,-10.9519467926038,-4.7776986894704,-2.17429943238172
15.9074313336712,43.7190268008385,7.79973681086712,-10.5845402858955,-11.292612996983,-5.0409115511586,-2.22866467819534
16.4211174635803,43.315052444021,7.05561615731958,-11.0753043236198,-11.5609426495136,-5.26108759370957,-2.27425777419543
16.9365588497395,42.9303104777378,6.36670086462283,-11.4687714135948,-11.7376687110208,-5.4242392404873,-2.30882730226473
17.4654805068224,42.5850477135392,5.75399963543157,-11.7501088450568,-11.8072520795594,-5.51842290697301,-2.33048485646654
18.0190405951214,42.2976844942129,5.23420999490736,-11.9114637558993,-11.7604461499931,-5.53560601904767,-2.33801876910533
18.6063947106549,42.0823956531281,4.81727858766381,-11.9535762757437,-11.5960288369157,-5.47305481757528,-2.33112027585418
19.2335380704162,41.947340903776,4.50509477768405,-11.8858468540435,-11.3210983317712,-5.33378239188573,-2.31044261753083
19.9027449497728,41.8940392495494,4.29169944346873,-11.7247959440376,-10.9498123120999,-5.12590852107782,-2.27747143006144
20.6127061964561,41.917963719098,4.16484405029603,-11.4914260324455,-10.5010071679197,-4.86117587044835,-2.2342552336392
21.3592218292499,42.0100180924773,4.10830980275429,-11.208292852696,-9.99544878684804,-4.55311684894215,-2.18308679195937
22.1361670570385,42.1583612490664,4.10429495899109,-10.8970028883684,-9.45341319325476,-4.21536391090556,-2.1262215642763
22.9364558240883,42.3501047217707,4.13536459267683,-10.5765215777212,-8.8929953402324,-3.86040954205606,-2.06568283869274
23.7528241312152,42.572610458098,4.18575021146686,-10.2623305738776,-8.32921438128695,-3.49889655857913,-2.00316204601366
24.5783688163434,42.8143198215323,4.24202541107647,-9.96625685853793,-7.77376822734541,-3.13936130475304,-1.93999593070774
25.4068579758615,43.065176085314,4.29330649288715,-9.69672938382807,-7.23521454650809,-2.78828820154972,-1.87719306726783
26.2328664972644,43.3167538706093,4.33115138954376,-9.45924772023083,-6.71937422385972,-2.45033787103791,-1.81548483639967
27.0517959413444,43.5622072602687,4.34930120966766,-9.25691231261498,-6.22981079287432,-2.12864550508031,-1.75538328851158
27.8598279554332,43.7961232389413,4.34336362164874,-9.09092951634587,-5.76829841382879,-1.82512487467253,-1.69723566145581
28.6538459322342,44.0143381446933,4.31049647922049,-8.96105156852103,-5.33523594416838,-1.54074425554046,-1.64127078968963
29.4313464361942,44.2137506382502,4.24912044433612,-8.86594069110467,-4.92999323768546,-1.27576096451225,-1.58763603364338
30.1903522274496,44.3921479653078,4.15867077053994,-8.80346182898464,-4.55119143385828,-1.02991287752278,-1.53642516759735
30.9293322344485,44.5480517448286,4.03938816974044,-8.77091488026695,-4.19692598617664,-0.802570962984097,-1.4876984542082
31.6471300401864,44.6805837679076,3.89214396936472,-8.76521861143625,-3.86494317933768,-0.592858927500772,-1.44149637343363
32.34290041479,44.7893495165948,3.71829331501584,-8.78305729131263,-3.55278031856993,-0.399746210442412,-1.39784845043382
33.0160526848186,44.8743363598158,3.51955048353885,-8.82099901193841,-3.25787814617048,-0.222119829926459,-1.35677851427216
33.6661996207889,44.9358235451494,3.29788145439396,-8.8755924789341,-2.97767214153751,-0.0588395588789903,-1.31830758224734
34.2931109066234,44.9743018854988,3.0554101853652,-8.94344722015164,-2.70966763060041,0.0912200932023405,-1.28245543271607
34.8966708302418,44.9904019697347,2.79433620764323,-9.02130082708051,-2.45150223336769,0.229138461954667,-1.24924178991705
35.4768404645311,44.9848306039649,2.516862028311,-9.10607602623482,-2.20099815508038,0.35592587842109,-1.2186878781389
36.0336251677528,44.9583158662316,2.22512935614146,-9.19492997776644,-1.95620612741583,0.472507819281906,-1.19081888886482
36.5670486201245,44.9115615463878,1.92116339686422,-9.28529803349906,-1.71544232579138,0.579714731526394,-1.16566763096375
37.0771349620571,44.8452120731594,1.60682452740961,-9.37493407825426,-1.47731920160833,0.678276312500269,-1.14327930960367
37.563900406693,44.759828757211,1.28376668616715,-9.46194917506937,-1.24077071531109,0.768819044460882,-1.12371701043614
38.0273555147159,44.6558780684971,0.953402000829959,-9.54484949761287,-1.00507187932608,0.851865777487254,-1.10706711204986
38.4675185957979,44.5337321011041,0.616871583733261,-9.62257324943306,-0.76985177635158,0.927836176887407,-1.09344355213926
38.8844398544771,44.3936808823152,0.275023072867134,-9.69452462718295,-0.535098422124269,0.997046954661317,-1.0829897123148
39.2782345559682,44.2359552700324,-0.071603762812269,-9.76060104698683,-0.301153181643905,1.05971101071726,-1.07587671666264
39.6491221051911,44.0607582862775,-0.422781440238454,-9.8212083366234,-0.0686922167635262,1.11593492886284,-1.07229721959496
39.9974662665601,43.8683014182592,-0.778587155117513,-9.87725780768285,0.161307082042264,1.16571466989593,-1.07245429251285
40.3238102058822,43.6588409783071,-1.13938170158482,-9.93013957131248,0.387615343047871,1.20892972982783,-1.07654577834605
40.6288989260642,43.4327082493071,-1.50577493011013,-9.98166844063154,0.608814510605972,1.24533641734426,-1.08474537899
40.9136812816733,43.1903260838373,-1.87857996995362,-10.0340022384316,0.823370633333522,1.27456117762852,-1.0971826253615
41.1792846826336,42.9322045328069,-2.25876101570256,-10.0895369444468,1.02970858737292,1.29609499668174,-1.11392456723248
41.4269581988239,42.6589094844931,-2.64738175258954,-10.1507880624691,1.22627893070712,1.30928982969829,-1.13496230051048
41.6579841455733,42.371001561416,-3.04556268537438,-10.2202717072105,1.4116064682351,1.31335771166684,-1.16020514247862
41.8735636740252,42.0689472826716,-3.45445504779591,-10.3004008575155,1.58431177414893,1.30737276498337,-1.18948428325969
42.0746876536149,41.7530102957624,-3.87523636500607,-10.393411065866,1.74310096714892,1.2902758198974,-1.22256619000923
42.2620080628707,41.4231352720441,-4.3091284796664,-10.5013252560523,1.88672473767858,1.26088092393013,-1.25917421450855
42.4357261519263,41.0788396805408,-4.75743400845808,-10.6259600200484,2.01391356284803,1.21788279940945,-1.29901524033188
42.595510739104,40.7191276623561,-5.2215830997172,-10.7689677546815,2.12330052080031,1.15986442340224,-1.3418072705342
42.7404541794837,40.3424361477181,-5.70318016213011,-10.9319023190417,2.21334492246581,1.08530440920627,-1.38730389355742
42.8690663676847,39.9466173402816,-6.20404029285632,-11.116292228847,2.28226888448294,0.992584701279974,-1.43531251487721
42.9793008512132,39.5289558024946,-6.72620697597804,-11.3237052062396,2.3280158109812,0.88000012438578,-1.48570473723433
43.068603564566,39.0862145320593,-7.27194523523641,-11.5557904403623,2.34823599246188,0.745772407534768,-1.53841880353242
43.1339739800454,38.6147030867698,-7.84370664012063,-11.8142885584957,2.34030155213289,0.588072331868563,-1.59345512502922
43.1720307470293,38.1103624382108,-8.44406369482882,-12.1010026637336,2.30135169755295,0.405054654583423,-1.65086639611474
43.1790772339034,37.5688642493128,-9.07561072499703,-12.4177255434012,2.22836988267412,0.194911533648246,-1.71074362022566
43.151166890217,36.9857268161731,-9.74082664601407,-12.7661181356557,2.11829692654973,-0.044048488001351,-1.77319873400532
43.0841726813237,36.3564547265593,-10.4418920952591,-13.1475324684287,1.96818795384686,-0.313287149957736,-1.83834359317056
42.9738691220372,35.6767143336839,-11.1804497394411,-13.5627690915988,1.77542581908245,-0.613877833309095,-1.90626404747778
42.8160404017793,34.9425628005078,-11.9572928420787,-14.0117555136757,1.53800896695943,-0.946288268967201,-1.97698682877136
42.6066332406308,34.1507537958315,-12.7719643231157,-14.4931295222545,1.25493649768598,-1.31008940479522,-2.0504360985124
42.3419794241973,33.2991477552832,-13.6222490025412,-15.003712367001,0.92671562826701,-1.70357561015646,-2.12637602215055
42.0191184893335,32.3872554913812,-14.5035493900622,-15.5378658266619,0.556012734825352,-2.12328723171644,-2.20433610171697
41.6362535505624,31.4169359235853,-15.4081574248775,-16.0867517260156,0.148451535138534,-2.56344337535796,-2.2835181578173
41.1933659863134,30.3932418123494,-16.3244808999917,-16.6375625756346,-0.286480530530338,-3.01532872770688,-2.36268926430725
40.6929863564613,29.325347892636,-17.2363642145994,-17.1728775058106,-0.734537515995426,-3.46674178036296,-2.4400753808525
40.141055646017,28.2273919634283,-18.1227602497304,-17.6704183102756,-1.17607794230923,-3.9017047707467,-2.51328687489951
39.5477025859275,27.1189156652724,-18.9581359711612,-18.1036042814282,-1.5860838283775,-4.30073715588436,-2.57932680758039
38.9276267956733,26.0244589078949,-19.714047441295,-18.4433436844452,-1.9353347277928,-4.64204036872161,-2.63474527730308
38.2996840080191,24.9718592125849,-20.3621617241678,-18.6613106883,-2.19313681395097,-4.90382161937712,-2.67598830097036
37.6853464975259,23.9890899585104,-20.8785165768956,-18.7344278248218,-2.33155625909168,-5.06760294080882,-2.6999280476148
37.1060628049916,23.1000851835872,-21.2480754002775,-18.6495116252395,-2.3303334380633,-5.12177990011044,-2.70445924611727
36.5800891322163,22.3206929772694,-21.4680697097474,-18.4064930748292,-2.1809512484535,-5.06424073713659,-2.68896007893282
36.1197787188344,21.6561610596238,-21.5487717365154,-18.0188544859309,-1.88830306683167,-4.90296960934594,-2.6544255732744
35.7302308360354,21.1010373296361,-21.5113363116406,-17.5110206743251,-1.4693075302469,-4.65434583032285,-2.60321318757476
35.4096040618448,20.6413235787862,-21.3836022780976,-16.9137435894809,-0.949135358523624,-4.33984485028336,-2.53851425158016
35.1506996361219,20.2578601191392,-21.1954121623055,-16.2591552312949,-0.356558371061042,-3.98237679781676,-2.463760685699
34.9430628445818,19.929734217018,-20.9747891396603,-15.576861719201,0.280131294011762,-3.60332004500223,-2.38214750534922
34.7749326986635,19.6369013497778,-20.7455832746695,-14.8916524989867,0.935854145436257,-3.22072579613789,-2.29635119838111
34.6346820595809,19.3617635002116,-20.5265234017438,-14.222693994925,1.59005915254682,-2.84863250534657,-2.20843166654372
34.5116857800295,19.0898398501427,-20.3312670701028,-13.5837407957557,2.2269620281765,-2.4971589472114,-2.11986019961914
34.3967219997282,18.8098176889946,-20.1689983895787,-12.9838776705535,2.83514204078726,-2.1730154501449,-2.03161248853329
34.2820601752656,18.5132606189559,-20.0452318184759,-12.4284353078359,3.40685393899245,-1.88016250665839,-1.94428210064602
34.1613717903005,18.1941750850601,-19.9626164871563,-11.9198729390075,3.93728385072193,-1.62045640766529,-1.85818900983557
34.0295603722728,17.8485562509352,-19.9216430840998,-11.4585349566028,4.42386872936345,-1.39420739862275,-1.7734721339998
33.8825704328418,17.4739743510546,-19.9212225524822,-11.0432576554625,4.86572640975237,-1.2006287730604,-1.69016330344738
33.7172078829834,17.0692252388592,-19.9591409174618,-10.6718367222746,5.26320300843178,-1.03818233285297,-1.60824409484517
33.5309870626632,16.6340484141658,-20.0324090918499,-10.3413792214101,5.61752566301347,-0.904836460815807,-1.52768827649413
33.3220095313652,16.1689062790395,-20.1375299838556,-10.0485657407098,5.9305422440725,-0.798255270808145,-1.44849257104112
33.088874147155,15.6748147870087,-20.2707033154071,-9.78984515628805,6.20452941282667,-0.71593564899831,-1.37069785326821
32.8306147138499,15.153214993637,-20.4279845046812,-9.56157955465516,6.44205259736154,-0.655306040307013,-1.29440222335405
32.5466596110377,14.605875706445,-20.6054095695313,-9.3601519919279,6.64586429552044,-0.613797765228729,-1.21976688316248
32.2368065152069,14.0348185219639,-20.7990939220963,-9.1820456908954,6.81882974183471,-0.588896916020644,-1.14701549930292
31.9012049104795,13.4422579223293,-21.0053098197208,-9.0239004141877,6.96387128074844,-0.578182588476453,-1.07642780287006
31.5403393171618,12.830550545061,-21.2205450394671,-8.88254998578664,7.08392477501376,-0.579355329789552,-1.00832847010197
31.1550076225305,12.2021494445007,-21.4415443558149,-8.75504418422661,7.18190327449498,-0.590258212122671,-0.943072727220891
30.7462912036078,11.5595609241315,-21.6653353093257,-8.63865807705536,7.26066496795476,-0.608891874549729,-0.881030436952409
30.3155160183276,10.9053030481956,-21.8892400955822,-8.53089188075828,7.32298397580237,-0.633424217029637,-0.822570497550958
29.8642064367115,10.241866204613,-22.1108761927594,-8.42946448924577,7.37152375740635,-0.662195160477459,-0.768047171893656
29.3940350497585,9.57167664527163,-22.3281487844426,-8.33230358127444,7.4088135065465,-0.693716908070771,-0.717789487195252
28.906772375731,8.89706399842434,-22.5392383390744,-8.2375348561929,7.4372280305057,-0.726670336997429,-0.672094248476148
28.404239941776,8.22023332512595,-22.7425865168037,-8.14347240495302,7.45897129553971,-0.759898374031282,-0.631222623880384
27.8882692161992,7.54324170321106,-22.936883109138,-8.0486116533837,7.4760633492457,-0.792397366139769,-0.595399806630284
27.3606676462915,6.86797877056092,-23.1210560551972,-7.95162577029048,7.49032989353039,-0.823307500342072,-0.564816986126874
26.8231919239655,6.19615028544624,-23.2942658299682,-7.8513659484528,7.50339350706764,-0.851903257079155,-0.539634762493767
26.2775277198342,5.52926361494636,-23.4559047438376,-7.74686555166661,7.51666543776165,-0.877584731205951,-0.519987171746925
25.7252746947488,4.86861415530927,-23.6056011219251,-7.637347821602,7.5313370175077,-0.899870472836723,-0.505985601822903
25.1679353640747,4.21527190584013,-23.7432277984667,-7.52223658867431,7.54836997514936,-0.918392318607521,-0.497722021469611
24.606906417868,3.57006773281281,-23.8689139881104,-7.40116926619626,7.56848521593368,-0.932892530657861,-0.495271086514427
24.0434712342645,2.93357920370336,-23.9830593047315,-7.27401129528601,7.59214993355979,-0.943223442424897,-0.498690815498536
23.4787924860294,2.30611621868912,-24.0863484456675,-7.14087113135502,7.61956320100945,-0.949349721757301,-0.508021638844289
22.9139038995678,1.68770701492909,-24.1797648161089,-7.00211480622007,7.65064045438603,-0.951353288110436,-0.523283732556064
22.3497003956968,1.07808548062293,-24.2646011353976,-6.85837905374594,7.68499756764394,-0.949440841345527,-0.544472665052906
21.7869259808906,0.476681093855342,-24.342464782409,-6.71058192307685,7.72193551976244,-0.943953848672032,-0.571553530040988
21.2261589318295,-0.11738680459479,-24.4152753599507,-6.55992973341026,7.76042699784183,-0.93538067274771,-0.604453923543668
20.6677941710444,-0.705308327921022,-24.4852518869756,-6.4079192017149,7.79910667699681,-0.924370299157902,-0.643056356134348
20.1120230706076,-1.28857362609818,-24.5548870296465,-6.25633357107449,7.83626722243351,-0.911746828410293,-0.687190952566325
19.5588116235834,-1.86895241867597,-24.6269064370082,-6.10723175724315,7.86986328751056,-0.898523580143891,-0.736629551145937
19.007878602806,-2.44846058261789,-24.7042122995322,-5.96292986093565,7.89752566137285,-0.885915357156957,-0.791082497193404
18.4586761063614,-3.02931285233621,-24.7898119948247,-5.82597495211641,7.91658719885088,-0.875347225049728,-0.85019944350004
17.910375545163,-3.61386217808278,-24.8867349156139,-5.69911174579791,7.92412118656609,-0.86845816222869,-0.91357523431302
17.3618623044626,-4.20452808758371,-24.9979426778234,-5.58524345593045,7.91699142791408,-0.867098169770584,-0.980761399991489
16.8117420029673,-4.80371810092755,-25.1262394770084,-5.48738856275769,7.89191197062959,-0.873317887090499,-1.05128296638465
16.2583601539105,-5.41374724456129,-25.2741893634257,-5.40863514696695,7.84551341291452,-0.889350302142771,-1.1246593151386
15.6998354763125,-6.03676052745873,-25.4440455336432,-5.35209378085962,7.77441266313529,-0.917584576153793,-1.20042695752547
15.1341053831867,-6.67466165160349,-25.6376933589728,-5.32084873673329,7.67528409219131,-0.960532083157376,-1.27816154146917
14.558980847192,-7.32904845064002,-25.85660451301,-5.31790567547853,7.54493213115656,-1.02078431708783,-1.3574963480776
13.972207452753,-8.00115218428312,-26.1017952867222,-5.34613222882201,7.38036817936967,-1.10096128115887,-1.43813493222685
13.3715302703788,-8.6917745832365,-26.3737788955915,-5.4081860624991,7.17889775298661,-1.20364739302531,-1.51985623601302
12.7547621034116,-9.40121396031134,-26.6724995661546,-5.50642297405387,6.9382267610261,-1.33130991173615,-1.60251117469672
12.1198573567643,-10.1291700634342,-26.9972354017926,-5.64277517009818,6.6565985596401,-1.48619251974405,-1.68601012050348
11.4649967615927,-10.8746167227688,-27.3464571393618,-5.81858701982388,6.33297598880757,-1.6701740739245,-1.77030076081311
10.7886909727252,-11.6356319014339,-27.7176308713764,-6.03439258364964,5.96728473787102,-1.88457988174382,-1.85533550198412
10.0899131337242,-12.4091770486479,-28.1069551958107,-6.28961693138549,5.56073531151723,-2.1299307082978,-1.94102708152781
9.36827133070202,-13.1908231129943,-28.509028990185,-6.58218355418626,5.1162387574843,-2.40561436532516,-2.02719065593197
8.6242302283133,-13.9744316102632,-28.916458082839,-6.90801632353672,4.638922599184,-2.70946871705655,-2.11347084566985
7.85938508585672,-14.7518195092211,-29.3194323883424,-7.26044196997467,4.1367323814779,-3.03727770628119,-2.19925386491683
7.07677737710147,-15.5124705229764,-29.7053449001414,-7.62953571297111,3.62106301165171,-3.38221009918841,-2.28356911000168
6.28121526371092,-16.2434047523464,-30.0585835800811,-8.0015167630597,3.10729520484047,-3.73428138982403,-2.36499278638404
5.47952165601933,-16.929377065995,-30.3606999887494,-8.35839392434032,2.61501629684702,-4.07999550444235,-2.44157894826935
4.68058274369459,-17.5536173467533,-30.591216161948,-8.67816592327571,2.1676051744292,-4.40241132721619,-2.51085861190784
3.89503249270779,-18.0993007073678,-30.729311583428,-8.93593779130051,1.79082348546889,-4.68193385923034,-2.56995752569584
3.13442747966492,-18.5517751009755,-30.7564512912773,-9.1062204397349,1.51018714444404,-4.89806704547239,-2.61587304039511
2.4098909403757,-18.9012468555946,-30.659629977197,-9.16633629196662,1.34728442640732,-5.03209966224945,-2.64590517434681
1.73043911044028,-19.1452285305737,-30.4344213454625,-9.10028917899136,1.31580184320201,-5.07024115572162,-2.65815891559257
1.1014472885298,-19.2898462774318,-30.0867420787359,-8.90194609183341,1.41850391128033,-5.0062940032184,-2.65196200507252
0.523785310928965,-19.3493524064966,-29.6324976311758,-8.57634611156388,1.64635099538426,-4.84288908100083,-2.62803585978302
-0.00606378086953541,-19.3438762235795,-29.0950788008678,-8.13859695272925,1.98017611034476,-4.59080016368662,-2.58834640080173
-0.494992093743587,-19.2961712156401,-28.5015614243982,-7.61081173855035,2.39428616856445,-4.26664697227717,-2.53569927085422
-0.95178380538213,-19.2284103861878,-27.8788555561808,-7.01823691953827,2.86068883631176,-3.88987921769253,-2.47323852642023
-1.38565370131541,-19.1598299819228,-27.250789904829,-6.38575159363497,3.35271473146544,-3.47998826864153,-2.40400741673589
-1.8051410824221,-19.1055040116249,-26.6365145786537,-5.73543705764216,3.84737789581409,-3.0545272277593,-2.33065958543587
-2.21746400852534,-19.0760984143843,-26.0500797900034,-5.0853431892079,4.32643164448938,-2.62806582830167,-2.25532980774261
-2.62827296416886,-19.0782615052683,-25.5008009718929,-4.44921007794627,4.7764394696364,-2.21190553998406,-2.17962553901726
-3.0416762864568,-19.1153156633758,-24.9940149799528,-3.83678796003033,5.18826806719697,-1.81427926583817,-2.10468849784643
-3.46041374951677,-19.1880144757593,-24.5319414426534,-3.2544438510417,5.55633584260238,-1.44078962539805,-2.0312846357896
-3.88608848134365,-19.2952360772163,-24.1144873597111,-2.7058444022383,5.8778299526898,-1.09491702990139,-1.95989613256117
-4.31940349717765,-19.4345612379133,-23.7399262940528,-2.19259892668222,6.15200097149238,-0.778502866952744,-1.8908022343563
-4.76037636517023,-19.6027299087451,-23.4054391302404,-1.71481265251836,6.37957519111648,-0.492165879127728,-1.82414444628972
-5.2085224126832,-19.7959908202249,-23.1075301352463,-1.2715385995131,6.56228663147488,-0.235640991362956,-1.75997631301075
-5.66300578695855,-20.0103651984304,-22.84234120293,-0.861134931393264,6.7025140382004,-0.00804535017717778,-1.6983000902224
-6.12276150133592,-20.2418449503081,-22.6058872251069,-0.481541136939435,6.80300348036967,0.191917648409822,-1.63909317428305
-6.58659257099731,-20.4865420025306,-22.3942316406028,-0.130486684858166,6.86665843243778,0.365804533388139,-1.5823269658201
-7.05324600790439,-20.7408012482716,-22.203616376045,0.194356522078695,6.89638288660039,0.515317490287339,-1.52798033313391
-7.52147062738186,-21.0012855288323,-22.0305557051229,0.495269454220187,6.89496711383019,0.642220843771384,-1.47604920324322
-7.99005882391725,-21.2650376703575,-21.8718996903039,0.77442289191884,6.86500924796538,0.748281262959347,-1.42655315573195
-8.45787394642373,-21.5295218860662,-21.7248700679251,1.03385099628527,6.80886843621501,0.835226096506333,-1.37953930058185
-8.92386479182199,-21.7926450140198,-21.5870699503886,1.27545626440316,6.72864668407001,0.904715307218396,-1.33508327550611
-9.38706894746493,-22.0527569698745,-21.4564683933181,1.50103910084422,6.6261965728419,0.958323247931479,-1.2932869786734
-9.84660725308076,-22.3086298926147,-21.3313619812336,1.71234298320099,6.50315095944246,0.997527148115741,-1.25427275641166
-10.3016722598249,-22.5594166198621,-21.2103176558151,1.91110409285427,6.3609689067336,1.02369978880484,-1.21817419222979
-10.7515139998709,-22.8045912082449,-21.0921035011212,2.09909338328839,6.20099011844466,1.03810450847755,-1.18512430464013
-11.1954264057838,-23.0438767042151,-20.9756162606112,2.27814024086047,6.02448888738745,1.04189140111808,-1.15524265686368
-11.6327371674358,-23.2771674429364,-20.8598150680588,2.45013042350928,5.8327187058027,1.03609425732075,-1.12862335474576
-12.0628027779785,-23.5044541543602,-20.7436698061432,2.61697628149014,5.62694056223429,1.02162834576245,-1.10532595692329
-12.4850091900144,-23.7257595607493,-20.6261296688265,2.78056307014258,5.40843124006964,0.999289429029995,-1.08537086845422
-12.8987772135614,-23.9410900446226,-20.5061136086234,2.94267990807903,5.17847182550912,0.969754417379096,-1.06873994207372
-13.3035709340055,-24.1504060718342,-20.3825205751514,3.10494643174845,4.93832013858283,0.933583839499086,-1.05538201591711
-13.6989070878723,-24.3536109778395,-20.2542545880779,3.26874600039274,4.68917303643733,0.891225953133968,-1.04522223748614
-14.0843635746785,-24.550555334091,-20.1202584124448,3.43517383713228,4.43212517403322,0.843021969116617,-1.03817347553185
-14.459585913376,-24.7410527522158,-19.979549873454,3.60500471565033,4.16812997914833,0.789211624910003,-1.03414798429333
-14.8242911948495,-24.9249026202058,-19.8312561888656,3.77868081887397,3.89796680883152,0.729938270797221,-1.03306771309746
-15.1782698070473,-25.1019158123931,-19.674643634027,3.95631712235785,3.62221616664976,0.665252727302392,-1.03487213054695
-15.521385619394,-25.2719402527126,-19.5091416136061,4.13771954699982,3.34124296989084,0.595115384415124,-1.03952299470868
-15.8535755630773,-25.4348843522781,-19.334361697739,4.32241032147397,3.05518655413787,0.51939629181316,-1.04700603345811
-16.1748494320196,-25.5907371648073,-19.150112923135,4.50965522924802,2.76395543075289,0.437873265032496,-1.05732990247805
-16.4852905084829,-25.7395847917825,-18.9564149238563,4.69848838019475,2.46722475198804,0.350228275045059,-1.07052304120517
-16.7850572716901,-25.8816229327967,-18.7535102379717,4.88773145034929,2.16443479824331,0.256042575248739,-1.08662914888363
-17.0743860956794,-26.0171656265993,-18.5418766574605,5.07600569009147,1.85478940835337,0.154791154379548,-1.10570198751174
-17.3535945325042,-26.1466502225885,-18.322239895524,5.26173621883878,1.53725396603886,0.0458372003736739,-1.12780012480934
-17.6230844843531,-26.2706384469693,-18.0955861958487,5.44314909674146,1.21055322023532,-0.0715726611648749,-1.15298209125689
-17.8833444016656,-26.3898132885652,-17.8631739815597,5.61826240692271,0.873169810778707,-0.198311506825781,-1.18130227434816
-18.1349495319656,-26.5049712554765,-17.6265431889299,5.78487311294582,0.523344868800707,-0.335372681604184,-1.21280772280371
-18.3785591378814,-26.6170093134028,-17.3875205212705,5.94054182434414,0.159082483966603,-0.483866694689002,-1.24753588856348
-18.6149095435432,-26.7269055994845,-17.1482185316965,6.08257789638682,-0.221839772892856,-0.645013145307768,-1.28551319891964
-18.8448018878029,-26.8356928732414,-16.9110262021123,6.20802760246296,-0.621851661080971,-0.820126102318846,-1.32675422496561
-19.0690832964776,-26.9444232515034,-16.6785882504709,6.31366844967605,-1.04355928966445,-1.01059098018913,-1.37126107279554
-19.2886201513877,-27.0541225470109,-16.4537700227142,6.39601325903552,-1.48969852673506,-1.21783044652047,-1.41902248517691
-19.504261934526,-27.1657320700822,-16.2396041700865,6.45132841430868,-1.96306803456852,-1.4432562259367,-1.47001197633618
-19.7167938794246,-27.2800352426884,-16.0392144203783,6.47567185562012,-2.46643589019911,-1.68820280761564,-1.52418413007023
-19.9268764042973,-27.3975658773945,-15.855710575617,6.46495808537215,-3.00241210870976,-1.95383802201563,-1.58146796620636
-20.1349690332905,-27.5184945148943,-15.6920473545454,6.41505974394854,-3.57327742112366,-2.24104428611235,-1.64175601797266
-20.3412364500852,-27.6424891362726,-15.5508380378071,6.32195823325019,-4.18075660420856,-2.55026322518061,-1.70488748591415
-20.5454347502686,-27.7685473218351,-15.4341124591083,6.18195919435632,-4.82572310234807,-2.88129580910023,-1.77062359766984
-20.7467774234713,-27.8947993939845,-15.3430086469074,5.99199169500091,-5.5078218500281,-3.23305097766484,-1.83861323864019
-20.943783926897,-28.0182875467416,-15.2773900668238,5.75001115144918,-6.22500134824893,-3.60323953436805,-1.90834727659766
-21.1341202500681,-28.1347364611699,-15.2353889592398,5.45552225264937,-6.97295792560624,-3.98801936981052,-1.97910123061794
-21.3144518755246,-28.2383483302463,-15.2128948795182,5.11022424621964,-7.74452003239552,-4.38161621877908,-2.04986866921774
-21.4803460898549,-28.3216810029034,-15.2030413237425,4.71874963961105,-8.52904439330885,-4.77597466306394,-2.11929274593538
-21.6262814077011,-28.3756997458522,-15.1957951708635,4.28941117620146,-9.3119619024879,-5.16053787222502,-2.18561105673824
-21.7458406901288,-28.3901206974451,-15.1778182798406,3.83478936188787,-10.0746913452428,-5.52230448529819,-2.2466387267297
-21.8321671780276,-28.3541649529057,-15.132824825772,3.37190023905446,-10.7952025277691,-5.84634431960215,-2.29982272694113
-21.8787275207439,-28.2577829927996,-15.0426537591933,2.92162860389175,-11.4494953487213,-6.11692908655683,-2.3423994391439
-21.8803348493917,-28.0932633001285,-14.8891510470654,2.50717473195295,-12.0140906015737,-6.31930187575207,-2.37166792445376
-21.8342475698153,-27.8569246384183,-14.6566815349151,2.1515125921078,-12.4692700622019,-6.44185871091327,-2.38534911020795
-21.7410355410992,-27.5504049940055,-14.3347385538869,1.87426841805009,-12.802359394575,-6.47822902955183,-2.38194847864136
-21.6048903927068,-27.1810507156084,-13.9198892850459,1.68881326362544,-13.0100751781096,-6.4285985140423,-2.36100830197708
-21.4332097271152,-26.7611626711302,-13.4163967068247,1.60044731436591,-13.0991199243887,-6.29978002266996,-2.32315674747732
-21.2355510912839,-26.3062776485315,-12.8353166804936,1.60620216244935,-13.0848173587213,-6.10398288307797,-2.2699353298705
-21.0222781632384,-25.8330096837232,-12.1924347116612,1.69617339085636,-12.9883049006269,-5.85671166142618,-2.20347164097785
-20.8032795909818,-25.3570505711291,-11.5057495348856,1.85578617515967,-12.8332180768226,-5.57446294666316,-2.12610991939061
-20.5870280851054,-24.8917376316243,-10.7931850159349,2.06824559967174,-12.6427416626521,-5.27279674281591,-2.04009970334919
-20.3800659189568,-24.4473063323365,-10.0709317274124,2.31660622575031,-12.4375249869799,-4.96507293986527,-1.94739476874817
-20.1868588254883,-24.0307212294352,-9.35250180521841,2.58521007907721,-12.2345466890719,-4.66186076773749,-1.84956568968036
-20.0098964644474,-23.6458843051334,-8.64837110792145,2.86050401728149,-12.0467500197884,-4.37086381625824,-1.74780029274306
-19.8499201619784,-23.2940291431313,-7.9660081666816,3.1313840859494,-11.8831814241229,-4.09716067228942,-1.64295837663917
-19.7061931211248,-22.9741668785592,-7.31010672718149,3.38924330336207,-11.7493927178272,-3.84359282191143,-1.53565188585397
-19.5767675195636,-22.683512731975,-6.68289437633764,3.62786825184695,-11.6479404902668,-3.61118761887149,-1.42633060769564
-19.4587334154705,-22.4178699672759,-6.08444825115333,3.84327907848632,-11.5788901408149,-3.39955559829726,-1.31536138707423
-19.3484528020772,-22.1719769343798,-5.51299441656258,4.03355938849899,-11.5402872379711,-3.20723780915613,-1.2030941999615
-19.2417897671544,-21.9398351204759,-4.96519646643238,4.19868593584332,-11.5285925461799,-3.03200017730801,-1.08991147470712
-19.1343468057027,-21.7150358064292,-4.43645232443526,4.34034509741823,-11.5390921954862,-2.87108185218914,-0.976258730100699
-19.0217106246226,-21.4910941551444,-3.92121855329954,4.46171367326493,-11.5662958453061,-2.72140702262754,-0.862655844596274
-18.8997009893841,-21.2617861912361,-3.41337162309796,4.56718443865136,-11.6043279916276,-2.57976796358346,-0.749689672164664
-18.7646064222519,-21.0214703648221,-2.90659944811691,4.662029687016,-11.6473055148671,-2.44298344945215,-0.637990436178067
-18.6133841827407,-20.76536564805,-2.39479926589488,4.7520144896929,-11.6896830287611,-2.30803292006891,-0.528196127193976
-18.4438014150885,-20.4897558342995,-1.87244530007685,4.84298962651081,-11.7265408608066,-2.17216417703248,-0.420910523777662
-18.2545004554772,-20.1920962785714,-1.33488618141358,4.94050602142574,-11.7537912790771,-2.03297162049978,-0.316660984974644
-18.0449825167792,-19.8710130743563,-0.77853939858019,5.04949391407528,-11.7682869138367,-1.88844312208754,-0.215861614131762
-17.8155171300876,-19.5262016507684,-0.200966024611861,5.17404044647539,-11.7678286830139,-1.73697598694597,-0.118785920443984
-17.5669959429196,-19.15824694117,0.39917135446519,5.31728208111751,-11.7510847079788,-1.57736514437405,-0.0255511483174261
-17.3007559351623,-18.7683967067098,1.02224695637583,5.48140879826161,-11.7174426906333,-1.4087688379232,0.0638854582612311
-17.0183977272228,-18.358321539814,1.66787464126292,5.66776077197046,-11.6668235122206,-1.23065812233266,0.149719627823677
-16.7216200970052,-17.9298901107851,2.33514057048387,5.87698865975687,-11.599482985663,-1.04275634079253,0.23228424394698
-16.4120842437474,-17.484978924016,3.02283530257038,6.10924665781605,-11.5158232924303,-0.844973780910641,0.312026940226712
-16.0913128872509,-17.0253250033514,3.72966395337396,6.36439165109228,-11.4162278859643,-0.637341362488185,0.389483168045035
-15.76062181944,-16.5524200260465,4.45442363172974,6.6421695399937,-11.3009257983664,-0.419945950931658,0.465246514277805
-15.4210763021832,-16.0674372414833,5.19614690442916,6.94237850272703,-11.1698850855353,-0.192869023128011,0.539937798846284
-15.0734619986265,-15.571178576586,5.95421682855171,7.26500639192898,-11.0227313241291,0.0438699642010592,0.614174355274118
-14.7182598365513,-15.0640286260531,6.72846241483363,7.61034444089224,-10.8586857690495,0.290364084094405,0.688540890134281
-14.3556158703276,-14.5459042174617,7.51924336448586,7.979081581147,-10.6765185964128,0.546861534584177,0.763563366653027
-13.985300227593,-14.0161921529188,8.32753021749946,8.37238322716188,-10.4745149140615,0.813798027676775,0.839687368354288
-13.6066529513828,-13.4736726884443,9.15498163194122,8.7919560695907,-10.2504541320766,1.09181621398449,0.917262270000206
-13.2185184226723,-12.91643151781,10.0040155068069,9.24009718675965,-10.0016061531022,1.38176906909432,0.996532199662033
-12.8191734900139,-12.3417676591095,10.8778661037637,9.71972254311427,-9.72475006469079,1.68470405519103,1.07763418185041
-12.406256958132,-11.7461080330741,11.7806159956456,10.2343673836864,-9.41622224589885,2.00182493161031,1.16060302670476
-11.9767094995688,-11.1249413879608,12.7171900193117,10.7881495473545,-9.07200111007845,2.33442822257182,1.24538156182221
-11.5267333059814,-10.4727845678085,13.6932982607868,11.3856861517984,-8.68783542556376,2.6838113942602,1.33183381741736
-11.0517802201583,-9.78319347097834,14.7153156908852,12.0319538319035,-8.25942291056658,3.05114955649516,1.41975791074039
-10.5465764955978,-9.04883052174797,15.7900863491285,12.7320819441236,-7.78264638620996,3.437336883076,1.50889475909935
-10.0051925953455,-8.26160131386026,16.9246386013435,13.491065944925,-7.25387662480429,3.84278798808034,1.59892843992453
-9.42116867979705,-7.41287665355535,18.1257942029572,14.3133841951072,-6.67035413331515,4.26719363350206,1.6894740404319
-8.78771137271748,-6.49382327287217,19.3996477719926,15.2024963090724,-6.0306653145575,4.70922536273516,1.780049222696
-8.09798514255761,-5.49587663494345,20.750886782691,16.1601972369924,-5.33532907855375,5.16618683366523,1.870026617739
-7.34553084511231,-4.41139989248174,22.1819200813803,17.1858035235664,-4.58750305363521,5.63361881597124,1.95856594385553
-6.52485079823794,-3.23457782601203,23.6917941770485,18.2751653859319,-3.79379623134128,6.10488434926784,2.04452818409148
-5.63219630423315,-1.96258139559917,25.2749155259559,19.4195434879993,-2.96512678293472,6.57079527766596,2.12638038417998
-4.66656637922807,-0.596988429924789,26.9196812698362,20.6044770486115,-2.11748021016013,7.01939346001238,2.20210964356523
-3.63085862002362,0.854662808588936,28.6072635946344,21.8089073153244,-1.27230515361569,7.43606228387046,2.26917837586248
-2.53299300711523,2.3774872481256,30.3109797400853,23.0049847235448,-0.456162828893993,7.80418919291991,2.32456589693287
-1.38667317273448,3.94854320521332,31.996836945674,24.1590986501014,0.300797134417369,8.10657273176835,2.36494390026905
-0.211329298125946,5.53743455425563,33.6258162576925,25.2345779894138,0.967799627003881,8.32760008953742,2.38701067101071
0.969167606503092,7.10871822700577,35.1580757975308,26.1960733527802,1.51764834042716,8.45589143220535,2.3879517200196
2.1291062088748,8.62607135903139,36.558488815197,27.0148754746889,1.93129981966853,8.48672567534071,2.36591733133286
3.24438660386174,10.057370703572,37.8021009190666,27.6737037035523,2.20141740984381,8.42338506491167,2.32035688016675
4.29587819635338,11.3792342082955,38.8777744050541,28.1693634939354,2.33361418412468,8.27681686828738,2.25207737855469
5.27168341236812,12.5796531622793,39.7888614156914,28.5123928546943,2.3449252070677,8.06365693009865,2.16300279069125
6.16776324590399,13.6581289539953,40.5509362333437,28.7240176003001,2.26014777397835,7.80330697645041,2.05573616555877
6.98704561677689,14.623707270147,41.1876651573593,28.8316559898254,2.10736544522848,7.51500411637159,1.93308822461703
7.73759827498062,15.4918869959841,41.726234407544,28.8643838536152,1.91391854454625,7.21559589149005,1.79770911232027
8.43052669648369,16.2813850111952,42.1934223885373,28.8493214025676,1.70353946700715,6.91828907027863,1.6518842526275
9.07806397517772,17.0113829174762,42.6128092524371,28.8092817484491,1.49477971842935,6.63226835607566,1.49748519818149
9.69206251444869,17.6994856074075,43.0031382038447,28.7615749443187,1.30049417367983,6.36290986653673,1.33602928976128
10.2829137597525,18.3603664872339,43.3776128369213,28.7176806081871,1.12804466339506,6.11231134346702,1.16879520755925
10.8588433264124,19.0049814805206,43.7438821838706,28.6835096137253,0.979936927397714,5.8799377773773,0.996950601167991
11.4255237180014,19.6402438419898,44.1045227831164,28.6600572506318,0.854702029989211,5.66326735991616,0.821661079117346
11.9859702558249,20.2690942557858,44.4578898270104,28.644326052586,0.747909414300364,5.45838577873628,0.644161714352054
12.5407026838885,20.8909266370979,44.7992347078292,28.6304302935383,0.653232271754278,5.26051104588656,0.465782239342366
13.0881479606814,21.5023192602403,45.1219705942457,28.6107861801802,0.563484667452801,5.0644432955397,0.287926086709336
13.6252299890256,22.0979793079372,45.4189335593855,28.57726436373,0.471536459515592,4.86493476228018,0.112011581636673
14.1480549126399,22.6717615162802,45.6834675117632,28.5221650681399,0.371010904331775,4.65697378010079,-0.0606100227355389
14.6525774436684,23.2175984980324,45.910183064775,28.438894394259,0.256695722316813,4.43597894271148,-0.228741790464579
15.1351397503913,23.730200268082,46.0953071875062,28.3222768874631,0.124649454368567,4.19790679156172,-0.391416617972518
15.5928108357996,24.2054408942105,46.2366320655819,28.1685172362198,-0.0279555509788618,3.93928616980738,-0.547948462880115
16.0235075109759,24.6404287022542,46.3331548238045,27.9748946704534,-0.203165785524091,3.65720074295768,-0.697953133413487
16.4259283423582,25.0333247134353,46.3845475575,27.7393141037489,-0.402648327469903,3.34924523205753,-0.841338811575945
16.7993637542032,25.383011917935,46.3906002897028,27.4598405809451,-0.628065073670586,3.01348002730293,-0.978271180887811
17.1434538812826,25.6887217871723,46.3507484325437,27.1343169358246,-0.881351458153376,2.64840457280485,-1.10912045921545
17.4579550255333,25.9497027058296,46.2637495122286,26.7601246910632,-1.16486498118461,2.25296440869791,-1.23439794053499
17.7425554249306,26.164982896317,46.12753073717,26.3341113220909,-1.48139585596097,1.82660190136878,-1.35468843851834
17.9967601625251,26.3332500819912,45.9391994422216,25.852681612931,-1.8340476702659,1.36935716603255,-1.47058297577079
18.219849172084,26.452848861044,45.6951954175085,25.3120391144795,-2.22600053857569,0.882023258364183,-1.582613767492
18.4109033934616,26.5218862349282,45.3915646907789,24.7085628214414,-2.66016633739843,0.366357403588869,-1.69119146409979
18.5688914255839,26.5384339268031,45.0243429995461,24.0393089211579,-3.13873993799308,-0.174653672111337,-1.79654311402649
18.6928102564005,26.5008191047535,44.5900478703284,23.3026318342165,-3.6626466976708,-0.736483362325038,-1.89864874991734
18.7818762465274,26.4079985983753,44.0862854601014,22.4989166880998,-4.23088997409243,-1.31273188356165,-1.99717536345606
18.8357633804336,26.2600104686646,43.512475318114,21.6313996039545,-4.83981895494277,-1.89481398780006,-2.09140988721464
18.8548816244374,26.0584853601466,42.8706753408829,20.7070152289792,-5.48237304455779,-2.47174374655236,-2.1801982220859
18.8406758803499,25.8071732806698,42.1664427068597,19.7371476309718,-6.14741877234256,-3.0301323218677,-2.26190545851074
18.7959033750835,25.5123969247471,41.4095906742147,18.7380749411368,-6.81937411185939,-3.55455008112528,-2.33442189257921
18.7248172187089,25.1832880408138,40.6146080980744,17.7308160454977,-7.47838880062569,-4.02840858138284,-2.39524616008237
18.6331577609352,24.8316231068502,39.8004382519444,16.740066852342,-8.10136403394992,-4.435450916146,-2.44167329002825
18.5278541120679,24.4710925698889,38.9893382929562,15.7920350448315,-8.66397752292621,-4.76176802961708,-2.47109329494077
18.4163911393465,24.1159574740781,38.2047328694379,14.9112973566865,-9.14358594577881,-4.99800161752555,-2.48136319747999
18.3059074147628,23.7792665434283,37.4683336267481,14.1172484771547,-9.52246936253941,-5.14115888467803,-2.47116633138474
18.2022176717626,23.4710384873873,36.7971788528605,13.4210642757747,-9.79056759093407,-5.19542262520112,-2.4402478531178
18.1090225426041,23.1969110725648,36.2014119498257,12.824092664428,-9.94688301278456,-5.17160251596312,-2.38944203549603
18.027519454933,22.9576241288006,35.6834039025532,12.318126272322,-9.99915859970184,-5.08535325498084,-2.320481099899
17.9564785155365,22.7493950126697,35.2383243383229,11.8873325483815,-9.962064027909,-4.95471745075844,-2.2356561656135
17.8926838399133,22.5649417389789,34.8557711041288,11.5111072239882,-9.85457941811377,-4.79769678663226,-2.13744178267999
17.8315511170991,22.3947674178366,34.5218355190692,11.1670114174787,-9.69734718696928,-4.63038600267104,-2.02818167968741
17.7677401473109,22.2283650913226,34.221051394091,10.8331928123582,-9.51052992118231,-4.46588488227689,-1.90988655038357
17.6956504277718,22.0551510761239,33.9379145518874,10.4900514992649,-9.31237691139392,-4.31392493738276,-1.78414751079616
17.6097669900199,21.8650871182939,33.6579024058354,10.121197850401,-9.11843956238027,-4.18100309599442,-1.65214048069749
17.504880694462,21.649051927797,33.3680807275773,9.71389198705538,-8.94124815726011,-4.07079418736419,-1.51468856586183
17.3762344071058,21.3990634995573,33.0574458244956,9.25917407038359,-8.79024637668542,-3.98466222034055,-1.37235366637591
17.2196500252152,21.1084513498196,32.7171431091931,8.75184512323612,-8.67182627892018,-3.92215734730923,-1.22553680573657
17.0316796092104,20.7720508367821,32.3406596586604,8.19038443827002,-8.58937483292957,-3.88144346890652,-1.07457420774204
16.8098030755207,20.386452792764,31.9240317030227,7.57681903812965,-8.54331023816927,-3.85964194649682,-0.919821311578327
16.5526690952635,19.9502986679138,31.4660521149767,6.91650744431998,-8.53114041423326,-3.85310083004858,-0.761719909355451
16.2603491933121,19.4645712076367,30.9684182136533,6.21777245786194,-8.54761034904678,-3.8576103287202,-0.600845258217728
15.9345525893332,18.9328009168159,30.4357350186467,5.49132078586722,-8.58501388313213,-3.86858754749181,-0.437931147402639
15.5787374480371,18.3610978483869,29.8752910071067,4.7494223850619,-8.63372549125155,-3.88124941055972,-0.273872019412443
15.1980587942562,17.7579335023279,29.2965558773004,4.00488364233522,-8.68296007204339,-3.8907842056336,-0.109702591802777
14.7991171667437,17.1336402319784,28.7104085598026,3.2699208726018,-8.72170307081488,-3.89252144263545,0.0534429620177913
14.3895124861709,16.4996584687041,28.1281751567199,2.55510045602509,-8.73968806843748,-3.88208953709124,0.214388407443421
13.9772549008114,15.8676285487882,27.5606183844319,1.86853318392377,-8.72825834918415,-3.85554441699639,0.371983712235442
13.5701236048448,15.2484715219133,27.0170484432197,1.21547590998072,-8.68095346894041,-3.80945211927843,0.525176867843778
13.1750809786968,14.6516126844786,26.5047051362853,0.598406711867267,-8.59371718992779,-3.74091536790729,0.673080990697884
12.7978351005075,14.0844662179811,26.0284955947833,0.0175274793817328,-8.46471348375062,-3.64754569469745,0.815028545106655
12.4426031699515,13.552230999559,25.5910838411115,-0.528449308944177,-8.29383031393562,-3.52739452925012,0.950606029044021
12.112076911434,13.0579716764775,25.1932497474312,-1.04142078612991,-8.08201334760703,-3.37886462195562,1.07966527390233
11.8075466836766,12.6029013287865,24.8343905123869,-1.52309994593018,-7.83058577559292,-3.20062506354643,1.20231106482872
11.5291168990822,12.1867577808943,24.5130358059049,-1.97443003611937,-7.54068090812895,-2.99154993682122,1.31886821824538
11.2759438914235,11.808173979369,24.2272778186549,-2.39525661212823,-7.21286159592335,-2.75069485364071,1.42983366432585
11.0464425564861,11.464971901627,23.9750609359068,-2.78424553059285,-6.84694810504774,-2.47731999965461,1.53581993871792
10.8384304457881,11.1543444239684,23.7543158681108,-3.13899948680172,-6.44203935173993,-2.17096442521672,1.63749579388955
10.6491991439663,10.8729192175092,23.5629501060845,-3.45631611843582,-5.99669566385295,-1.83157435022434,1.7355278155754
10.4755185110468,10.6167185163458,23.3987195248535,-3.73253953003416,-5.50925080868257,-1.45968749691956,1.83052464418307
10.3135890732506,10.3810390850169,23.2590084220562,-3.96397457802963,-4.97822963748083,-1.0566746543953,1.92298328262423
10.1589634207171,10.1602816259244,23.1405429637848,-4.14735137832442,-4.40285815648605,-0.625037223803044,2.01323552905147
10.0064617531731,9.94776280859072,23.039061403737,-4.28034076236137,-3.78365911282634,-0.168753340034007,2.10139219483285
9.85011238592307,9.73555024715082,22.9489681907139,-4.3621258146929,-3.12312301941942,0.306347322433643,2.18728383285624
9.68315674298205,9.51437389327928,22.8630118935255,-4.39402622081521,-2.42642664165669,0.792221732716559,2.27039966570621
9.49816952191786,9.27368634294016,22.7720505355001,-4.38014634767884,-1.70213318723184,1.27833938836213,2.349831701191
9.28735391063372,9.00196411695475,22.6650002422281,-4.32797113547769,-0.962748755677084,1.75161264744331,2.42423865920705
9.04306893531837,8.68734822852922,22.5290935468354,-4.24876849530903,-0.224936104774858,2.19668734152445,2.4918529634323
8.75861572510554,8.31869182016955,22.350579016985,-4.15759069180209,0.490872003739875,2.59675841588281,2.55055975546771
8.42923703798919,7.88698938266921,22.1159397905839,-4.07264148069179,1.16170660647048,2.93501301245745,2.59807274164071
8.05317162854274,7.38699950182363,21.813566938546,-4.01384991018014,1.76424275732191,3.19663525895935,2.63221022046235
7.63249012077426,6.81868620898841,21.4356090123186,-4.00070675913077,2.27771561589794,3.37104869400363,2.65123495690188
7.1733978504724,6.18800077186326,20.9795214829721,-4.04973597589549,2.68697644395284,3.45382983082242,2.6541776127905
6.68579381211766,5.50662501031183,20.4488014750513,-4.17223796515701,2.98484528457908,3.44767122073108,2.6410431674678
6.1821163398798,4.79061890512032,19.852605212949,-4.37296000592787,3.17302572085766,3.36201741362573,2.61282666007923
5.67576914559142,4.05831374159682,19.2043365688938,-4.65005036303487,3.26132959010206,3.21146212563302,2.57133278858516
5.17955342918395,3.32803964778133,18.5196503502977,-4.99618626375932,3.26556292580222,3.0134243003143,2.5188654582821
4.70446742305064,2.6162448070923,17.8144398254452,-5.40039804001174,3.20480982117795,2.78577999520212,2.45788746892209
4.25904061204481,1.93631700086556,17.1032505530496,-5.85001251567366,3.09886045358747,2.54498223557216,2.39073595883831
3.84917182371596,1.29813022572973,16.3983110289116,-6.33228018934761,2.96626265683197,2.30490367098932,2.31943659469778
3.47832401302971,0.708147406338476,15.7091468212101,-6.83548583050458,2.82314650101896,2.07636888846013,2.2456177619439
3.14790470434178,0.169848961780679,15.042624732154,-7.34953906598547,2.68273410462748,1.86719706508443,2.17050169536138
2.85769461696019,-0.315713281153685,14.4032509163142,-7.86614796462663,2.55534311390792,1.68254597913195,2.09494332707004
2.60623830668065,-0.749372044614776,13.7935798914253,-8.3787064995819,2.44868744931854,1.525385700795,2.0194925659804
2.39115562114568,-1.1333825322462,13.2146401951428,-8.88201111506924,2.36832056053931,1.39698763571335,1.94446438759347
2.20936372283703,-1.47106850442151,12.6663246291937,-9.37189321562575,2.31811598814034,1.29736540537683,1.87000906712832
2.05721794052549,-1.76657448249817,12.1477209889858,-9.84483102584719,2.30071870375194,1.22563958496253,1.79618037946414
1.93059009251809,-2.02470667911766,11.6573733989962,-10.2975920552292,2.3179240487719,1.18031962207754,1.7230023214207
1.82490883451393,-2.25083746800559,11.1934692134783,-10.7269547623508,2.37095274339643,1.15950778363977,1.65053522089501
1.73518963327821,-2.45084459932698,10.7539470624024,-11.1295579015347,2.46059768424827,1.16103605916142,1.57894048324078
1.65608201989468,-2.63105555409735,10.3365238035183,-11.5019191494824,2.58722921361967,1.18255052789263,1.50854051493529
1.58195776613473,-2.79816932659712,9.93864604357326,-11.8406426514766,2.75066576053442,1.22155994412884,1.4398676701933
1.50705504117555,-2.95913298943671,9.55738678290911,-12.1427968210742,2.94994579941767,1.27546605940698,1.37369474948486
1.42568149626991,-3.12095865163529,9.18932562212615,-12.4063977969995,3.18306683128638,1.3415917765113,1.31104060551582
1.33246645735647,-3.29047692782093,8.83046406975829,-12.6308972141196,3.44677494882503,1.41721942593593,1.25314777654397
1.22264253705473,-3.47403386992778,8.47622852214603,-12.8175612868825,3.73648484375586,1.49964620428608,1.2014335699678
1.09233232500151,-3.67714730257299,8.12160036796116,-12.9696463687669,4.04638488457758,1.58625886546421,1.15741982504804
0.938815979064247,-3.90414472036771,7.76138981102339,-13.0923149917911,4.36974508984298,1.67462664221291,1.12264833106839
0.760757462625024,-4.15780972102024,7.39064451726537,-13.1922798851966,4.69941040981498,1.76261041399317,1.09858849254783
0.558366961352516,-4.43907036260924,7.00516053024252,-13.2771993889464,5.02843536249547,1.84848619313021,1.08654247552554
0.333472691848411,-4.74677308478616,6.60204123214306,-13.3548742009065,5.35079816548146,1.93108022157765,1.08755239883098
0.0894689888914559,-5.077598119536,6.18022901666412,-13.4323186571573,5.66211784984148,2.00990985071562,1.10231531823919
-0.168894178208139,-5.42617903001444,5.74091594278155,-13.5148060993853,5.96028351041584,2.08531875905347,1.13111476469795
-0.435903441156013,-5.78547830747129,5.28773268601326,-13.6050156689945,6.24589524090991,2.15858863402073,1.17378094173947
-0.705448206173189,-6.14743290536467,4.82663252030277,-13.7024242150941,6.52242283960255,2.23200547825746,1.22969272465181
-0.971706058569898,-6.50381950020802,4.36543733842032,-13.8030728138015,6.79602263082548,2.3088607206881,1.29783068939662
-1.22984622051596,-6.84721856010272,3.91308909595672,-13.8997803854427,7.07501582363325,2.39337685469256,1.37688067942017
-1.47662822750955,-7.17191230692601,3.47872601654164,-13.982784921538,7.36910660449827,2.49056182104563,1.46537423232913
-1.7107946649057,-7.47456427857613,3.07074269673563,-14.04069831462,7.68847397477963,2.60600941064096,1.56184078500752
-1.93321950858622,-7.75460128162957,2.6959734041974,-14.0616047811281,8.04288024970575,2.74566724810457,1.66494223656912
-2.14685170503676,-8.01432277134791,2.35906500110771,-14.0341413114335,8.4408948211232,2.91558562633586,1.77356508228993
-2.35655262821595,-8.25885170228668,2.06201365580382,-13.9484655434867,8.88925377994342,3.12164129705253,1.88685603070748
-2.56894333782713,-8.49607942447357,1.80376687831802,-13.7971102307391,9.39229643411168,3.36920577983929,2.00419806545159
-2.79235240233538,-8.73673806994652,1.57976249393997,-13.5758077900132,9.95136467288457,3.66270358915614,2.12513047827663
-3.03690161044833,-8.99467140333735,1.38129149061805,-13.2844187865592,10.5640312826983,4.00498609906769,2.24921692819821
-3.31469911054125,-9.28728556230411,1.19462699730367,-12.928103388977,11.2230408696403,4.3964363689057,2.37586210128342
-3.64003027738322,-9.6360461914385,0.999961216464055,-12.5188234666322,11.9149104467797,4.83373078488751,2.50407478496283
-4.02933860073333,-10.0667336671951,0.770358674225612,-12.0771270304141,12.6182737845348,5.3082414542499,2.63218008946506
-4.50067029753723,-10.608963399666,0.471198441985974,-11.6338977016621,13.3023123761052,5.80421596924404,2.75750560715144
-5.07215323119276,-11.2942663298415,0.0609318206333089,-11.2313104649487,13.9260295451434,6.29717195679082,2.87611485755368
-5.75911272559782,-12.1519806101567,-0.505722761513159,-10.9216956654768,14.4396113678029,6.75338872933595,2.98273485264007
-6.56980766794032,-13.2026787973162,-1.27119281450819,-10.7627409402533,14.789317220417,7.13176592163066,3.07108608113277
-7.50066043381076,-14.4501817014815,-2.26531884522684,-10.8081796242873,14.9265699037607,7.38913050329986,3.13478088992783
-8.53297121419141,-15.8750993453778,-3.49505446191085,-11.0953977449055,14.8196802391439,7.48871542497358,3.16871100986277
-9.6334513853149,-17.4337978092919,-4.9382902765063,-11.6344231408596,14.4638204436141,7.40922634208023,3.17045150613717
-10.7594677917167,-19.0648988866968,-6.54589160026442,-12.4038377017644,13.8840602498167,7.15040486274198,3.14098848863644
-11.8672061307801,-20.7012733896781,-8.25191609422384,-13.3561320403537,13.1293948913338,6.7322675525688,3.08435988930568
-12.9192802087651,-22.2823448405449,-9.98736659162513,-14.4297406224256,12.2607481720385,6.18873702393673,3.00643490306049
-13.8891133399734,-23.7621287176321,-11.6917218603093,-15.5619877510329,11.3385811728143,5.55915667091145,2.91348696539437
-14.7616543196592,-25.1116830826184,-13.3191414171536,-16.6983929357964,10.4143261374911,4.88116365757129,2.81112832471823
-15.5316537717426,-26.3174395955625,-14.8396128826899,-17.7970278178692,9.52667585003982,4.18649769244556,2.70379951656171
-16.2010435854609,-27.3776996046844,-16.2370166111782,-18.82901196176,8.70152596837429,3.49953261006368,2.59470701014378
-16.7764555985895,-28.2989943675486,-17.5060544001568,-19.7769150790413,7.9538138264988,2.83755457764779,2.48600592994106
-17.2673032225362,-29.0931090592123,-18.6492375275884,-20.6324561177184,7.28992352377323,2.21185073772009,2.37906176015668
-17.6844584543001,-29.7749347720734,-19.6744201904394,-21.3942656596749,6.70994829528463,1.62900279512764,2.27469649897741
-18.0393948842602,-30.3610156547857,-20.5929410331694,-22.066002634854,6.20955553233475,1.09208824660221,2.17338086960029
-18.3436411827713,-30.8685816670214,-21.4182566392484,-22.6548551599956,5.78144094845134,0.601686391628631,2.07536608488545
-18.6084186850171,-31.3148812958114,-22.1649122407443,-23.1703491692918,5.4164518805157,0.156681621024923,1.98076336726063
-18.8443766489992,-31.7166806598702,-22.8477166913585,-23.6233673761719,5.10447563058019,-0.245108902706549,1.88958522038488
-19.0613708708944,-32.0898421133133,-23.4810265441738,-24.0252968680477,4.83517291070231,-0.606451149736291,1.80176437868411
-19.2682511871196,-32.4489261861707,-24.0780786708063,-24.3872501588299,4.59861300398394,-0.93032755500441,1.71716635230826
-19.4726331547995,-32.806776243702,-24.650337033939,-24.7193295972683,4.38584610798361,-1.21966851430303,1.63560948533441
-19.6806355981257,-33.174054646102,-25.2068410148191,-25.0299265314719,4.18943093731422,-1.47716676929974,1.55690185023498
-19.8965767251133,-33.5587146387478,-25.7535680115942,-25.3250679223454,4.00391832232262,-1.7051602081162,1.4808969762321
-20.1226437448027,-33.9654249708283,-26.292859117202,-25.6078497198952,3.8262693035734,-1.90556811818869,1.40756149955474
-20.3585848404266,-34.395016885115,-26.8230029056815,-25.8780296547034,3.65615760422065,-2.07986682324436,1.33703982226903
-20.6015091320268,-34.844083487842,-27.3381149174891,-26.1318838638532,3.49607782289398,-2.22909473821361,1.26969689667835
-20.8459026534894,-35.3049030510717,-27.828463902795,-26.3624433406426,3.35116734859088,-2.35388369904853,1.20612265111602
-21.0839573936052,-35.7658492161236,-28.2813540051223,-26.560195909914,3.2286696875118,-2.4545197777174,1.14709038503628
-21.3062564772433,-36.2123739649583,-28.6825654346641,-26.7142570071042,3.13702883612187,-2.53103826718896,1.0934738891486
-21.5027703365063,-36.6285136915398,-29.0182058065307,-26.8138918413773,3.08469874289631,-2.58335145976552,1.0461394838212
-21.6640237197125,-36.9987156899295,-29.2766801562912,-26.8501516335549,3.07884848480811,-2.61139591859525,1.0058354261046
-21.7822275036349,-37.3096687328369,-29.4504091353037,-26.817317207129,3.12420273385154,-2.61527415562644,0.973100468337254
-21.8521607989832,-37.5517947166423,-29.5369526842208,-26.7138607231558,3.22224817206695,-2.59536116091687,0.948207008381954
-21.8716444530542,-37.7201336286217,-29.5393298909084,-26.5427433893717,3.37095597680959,-2.55235295677391,0.931145366862663
-21.8415471416515,-37.8145044626608,-29.4655190650075,-26.3110272581771,3.56504531432935,-2.48725012466842,0.921647407123507
-21.7653737758826,-37.8389953685042,-29.3273066895008,-26.0289353392631,3.79668851945431,-2.40128719460481,0.919241898298807
-21.6485667534248,-37.8009693812414,-29.1387700046508,-25.7085945802991,4.05647689811326,-2.29583129647369,0.923331068805286
-21.4976835913293,-37.7098329948543,-28.9147008218064,-25.362718320342,4.33444586249315,-2.17227638474058,0.93327704482463
-21.3196013291458,-37.5758029489681,-28.6692223106097,-25.0034396952023,4.62099183993883,-2.03195339278047,0.948487399033388
-21.120855097717,-37.4088453816688,-28.4147525455032,-24.6414256683513,4.90757708602765,-1.87606588702528,0.96849018462755
-20.9071656098456,-37.2178822133505,-28.1613662134569,-24.285314996823,5.18718655272104,-1.70564987579076,0.992990372595708
-20.6831631637028,-37.0102866651278,-27.9165236889931,-23.9414539460748,5.45455579320295,-1.52154869617884,1.02190161055425
-20.4522818417806,-36.7916364919918,-27.6850846863979,-23.6138600567948,5.70622327838243,-1.32439069394317,1.05534980732812
-20.2167783266238,-36.5656628292096,-27.4695011185427,-23.3043265270279,5.94047452295566,-1.11455841432704,1.09364818394526
-19.9778234668833,-36.3343223149876,-27.2700853430762,-23.0125834935717,6.15724279275019,-0.892142070878849,1.13724687880234
-19.7356187024742,-36.0979261685631,-27.0852692933835,-22.7364520920494,6.35801672860738,-0.65687576631106,1.18666356536259
-19.4895001326736,-35.8552761651253,-26.9117998649246,-22.4719559651418,6.54578357931309,-0.408061050777229,1.24240435374652
-19.2380078778081,-35.6037796307443,-26.7448506965992,-22.2133871387897,6.72501250533766,-0.144488026399389,1.30488607023304
-18.9789141607872,-35.3395378993021,-26.5780634127171,-21.9533520183694,6.90165980945331,0.135631378308145,1.37437137174374
-18.7092176630257,-35.0574208851543,-26.4035568354949,-21.6828428539421,7.08316115869917,0.434700696137956,1.45092666390566
-18.4251217660383,-34.7511510646527,-26.2119558047274,-21.3913859583811,7.27836829129834,0.755729064396676,1.5344092480875
-18.1220184845568,-34.4134215286208,-25.9924895308726,-21.067309064584,7.49739078745437,1.10225832247516,1.62448475493789
-17.7944979398439,-34.0360661420178,-25.7331945729225,-20.6981503106274,7.75131540924895,1.47821448227284,1.72066958222028
-17.4363969645908,-33.6102898098136,-25.4212363405247,-20.2712092619878,8.05179078789665,1.8876741643162,1.8223871147401
-17.0408930957513,-33.1269588935319,-25.0433449058567,-19.7742265075421,8.41047566259865,2.33453727158097,1.92902229619065
-16.6006468210076,-32.5769528031693,-24.5863565410376,-19.1961819064803,8.83834698892679,2.8220931820394,2.03995740235218
-16.1079994265866,-31.951590901569,-24.0378677167009,-18.5282248433341,9.34484594639451,3.3524581643177,2.15457231480113
-15.5552491463183,-31.2431749319581,-23.38704405537,-17.7647879761528,9.93680740204221,3.92584834194716,2.27219420802491
-14.9350547741788,-30.4457220009582,-22.6256759588026,-16.9049749887293,10.6170816071478,4.53964168682965,2.39198348428865
-14.2410505662113,-29.5559973209983,-21.7496198660464,-15.9543283762587,11.382737393705,5.18718858327063,2.51274582088983
-13.468788051832,-28.574966927443,-20.7607766860547,-14.9270319450698,12.2227746854589,5.85638095662512,2.63266830406747
-12.6171223999366,-27.5097345186069,-19.6696753274614,-13.8484143224176,13.1154421211441,6.52812972957931,2.74899947690449
-11.6900767880401,-26.3758267229376,-18.4984474383794,-12.7572037534094,14.0256495774965,7.17518076915866,2.8577407574278
-10.6989643113909,-25.1992644711013,-17.2833954307655,-11.7063071080112,14.9036390137384,7.7621212727877,2.95349606436966
-9.6640725872499,-24.0172285859234,-16.0755226333432,-10.7601762746795,15.6868374171496,8.24780491087791,3.02971112067154
-8.61467674301058,-22.8756598602157,-14.936830728864,-9.98684241440852,16.3069402137287,8.5912359193009,3.07953111933817
-7.58608611894159,-21.8226399844577,-13.9309900943045,-9.44455425279804,16.7026235588906,8.7605409591167,3.09727881631675
-6.61353396667933,-20.8985159195434,-13.1099294740955,-9.16676193517043,16.8345852149833,8.74216214757755,3.08009610241352
-5.72480974356568,-20.1265177628263,-12.5015673455535,-9.15234156661793,16.6962493530098,8.54572468347968,3.0289311635665
-4.93491457483814,-19.5084016831872,-12.1046881290727,-9.36652523015411,16.3143985798185,8.20156917343685,2.94826749319417
-4.24502778080304,-19.0269290170004,-11.893054610816,-9.75188975205019,15.73971972056,7.7522087840005,2.8447501531956
-3.64543407581965,-18.6530137785475,-11.8255072746956,-10.2432810975431,15.0328152248321,7.24220334623746,2.72548383953196
-3.1201936338362,-18.3536212532134,-11.8566839589639,-10.7802062714997,14.2520084077663,6.71055869260158,2.59674281531672
-2.651400292183,-18.0976263121058,-11.9447237372051,-11.3137550020815,13.4461019960529,6.18711158985627,2.46336654574371
-2.22201608856351,-17.8589011006372,-12.0551478286931,-11.8085770410562,12.6518778719949,5.69214268137926,2.32871455748225
-1.8172807381585,-17.6172293812016,-12.1618394820779,-12.2418678155549,11.8946066598624,5.23773885065066,2.19492331554223
-1.42513381507811,-17.3579821790867,-12.2464232640245,-12.6011466674538,11.1898763208161,4.82970870270119,2.06325818849354
-1.03611118259833,-17.0712942442636,-12.2970344030012,-12.8819060302512,10.5456659716162,4.4693913525026,1.93444772847567
-0.643043858174102,-16.751172461075,-12.3070356323483,-13.0855902196399,9.96416990739448,4.15511100796908,1.80895729031445
-0.240745441178655,-16.3947265777988,-12.2739132345727,-13.2179882950301,9.44324254047941,3.88325441100848,1.68719414787785
0.174230857168893,-16.0015666009559,-12.1983930715177,-13.2879524959496,8.97751719750541,3.64903961428974,1.56964787794934
0.603753423110957,-15.5733352836546,-12.0837245522349,-13.3063054979905,8.55931830860106,3.4470648469292,1.45697048044448
1.04822205427946,-15.1133125881306,-11.9350497345969,-13.2848223010277,8.17948615087534,3.27171480313458,1.34999921018999
1.50667785250656,-14.6260276648645,-11.7587848217317,-13.2352338397239,7.82819296297782,3.11747846483838,1.24972618343627
1.97696430135923,-14.1168360511081,-11.5619791135766,-13.1682744814114,7.49576747916021,2.97920720282533,1.15722382649381
2.4559696222778,-13.5914570713001,-11.3516667793619,-13.092857366123,7.17348197905743,2.85232024480284,1.07354236160473
2.93994632223491,-13.0555056648715,-11.1342701913186,-13.0154856964015,6.8542150213573,2.73295129985963,0.999601089434698
3.42487059320637,-12.5140773957234,-10.9151309926563,-12.9399832564111,6.53290036462096,2.61802736764089,0.936095660628597
3.90678628477706,-11.9714450157888,-10.6982294168746,-12.8675650215776,6.20670833039787,2.50527717438005,0.883437796603262
4.38208195839785,-11.4309012079364,-10.4861122405421,-12.7971969551347,5.87496229733164,2.39317741234136,0.841734127751663
4.84767047471099,-10.8947476293607,-10.280004545139,-12.7261426682833,5.53884509738135,2.28085429682533,0.810800878458073
5.30106725373848,-10.3644004329352,-10.0800485388104,-12.6505791488182,5.20097921135811,2.16796212957652,0.790204397546675
5.74038477010188,-9.84056662874579,-9.88560225286331,-12.5661811148127,4.86496612497776,2.05455897975142,0.779315261455436
6.16427162122472,-9.32344540102466,-9.69553956503739,-12.468609275813,4.53495151490369,1.94099421409909,0.777365100890601
6.57182495168549,-8.8129186685393,-9.50851180619575,-12.353875458816,4.21525599869165,1.82781601842753,0.783498636001337
6.96249896030644,-8.3087093601789,-9.32315152811825,-12.2185867514704,3.91008622476835,1.71570132510835,0.796817010959282
7.33602382282314,-7.81049889180557,-9.1382151402343,-12.0600877726157,3.62332340775098,1.60540661137389,0.81641139806447
7.69234162027087,-7.31800465277409,-8.95267109263832,-11.8765262053086,3.35837706627503,1.49773589721036,0.841387680253093
8.03156017367088,-6.83102349587026,-8.76574458535351,-11.6668652105132,3.11808919105172,1.39352151727896,0.870883930757989
8.3539222921768,-6.34944903909084,-8.57693005768308,-11.4308608263743,2.90467602348258,1.29361335172319,0.904082665621685
8.65978645287664,-5.87327019292718,-8.38598074382486,-11.1690157092065,2.7196988317507,1.19887276712887,0.94021971104784
8.94961474436754,-5.40255684452137,-8.19288186807096,-10.8825144621315,2.56405973448482,1.11016829599346,0.978591179113465
9.22396441337476,-4.93743694053314,-7.99781164441493,-10.5731414745452,2.43802234842492,1.02837095061795,1.01855956752107
9.48348023437172,-4.47806800526118,-7.80109291186675,-10.2431804962555,2.34125883826293,0.954347983093458,1.05955944835
9.72888573203098,-4.02460558373612,-7.60313803640458,-9.8952960577191,2.27292418730323,0.888954772550155,1.10110262006386
9.96097215110752,-3.57717128844682,-7.40439063148605,-9.53240015649768,2.23175534127478,0.8330252556103,1.14278208721248
10.1805847543618,-3.13582353844407,-7.20526885575631,-9.15751191669129,2.21618816247267,0.787361737200148,1.18427391176302
10.3886067593927,-2.70053427982472,-7.00611588650456,-8.77362173277292,2.22448057160911,0.752724935661313,1.22533598758825
10.585941836179,-2.2711744760209,-6.80716285426286,-8.38357294188927,2.2548276428231,0.729824715208933,1.26580313890166
10.7734965546042,-1.84750992144272,-6.60850793429553,-7.98997252846177,2.30545499259194,0.719311297585012,1.30557854157507
10.9521642873594,-1.42920727872933,-6.41011277516683,-7.59513799162164,2.37468056150378,0.721766063911285,1.34462210219172
11.1228117951679,-1.01584874516019,-6.21181481588015,-7.20108168823292,2.46094063541415,0.737690595057665,1.3829368919273
11.2862690941693,-0.606952895682233,-6.01335207235751,-6.80952844212992,2.56278187805871,0.767492476594358,1.42055488901435
11.4433223625255,-0.201999201825862,-5.81439606796852,-6.42195833371173,2.67882565695396,0.811466590191122,1.45752312752603
11.5947088751549,0.199545659206675,-5.6145887569488,-6.03966494893333,2.80771327420617,0.869771015137439,1.49389099467604
11.741112396491,0.598200668666889,-5.41358016205965,-5.66381967157964,2.94804097071717,0.942397139207339,1.52969900599497
11.8831572509727,0.994442592476274,-5.2110645865687,-5.295534134969,3.09829247750329,1.02913405817028,1.56496905163407
12.021399354411,1.38867687666457,-5.00681424891429,-4.93591485660927,3.2567752967285,1.12952783257869,1.59969591196602
12.1563128041033,1.78120662964399,-4.80070982562597,-4.58610578189066,3.42156552132534,1.24283674747394,1.63383980827593
12.2882711118437,2.17219921303722,-4.59276759860937,-4.24731565795477,3.59046523612059,1.36798448934386,1.66731986171639
12.4175227591919,2.56165050816806,-4.38316271740241,-3.92082782851016,3.76097645675341,1.5035142002387,1.70000853838139
12.5441615357479,2.94934776598312,-4.17224763710107,-3.60799040586153,3.93029600422762,1.64754772462948,1.73172742694807
12.6680929430756,3.33483299023277,-3.96056415479878,-3.31018509400636,4.09533627423206,1.79775592847985,1.76224495947675
12.7889990278824,3.7173699897204,-3.74884689210711,-3.02877364333436,4.25277710832352,1.95134752532552,1.79127692189654
12.9063051359877,4.09591938406554,-3.53801569867009,-2.76502229503334,4.39915328808505,2.10508495249963,1.81849072258048
13.019153109977,4.46912669704503,-3.32915452066846,-2.52000686494637,4.53097998985856,2.25533590129937,1.84351431971311
13.1263862219582,4.83532890630474,-3.1234750379384,-2.29450434624668,4.64491451020401,2.39816745583558,1.86595039094292
13.2265512010969,5.19258404460474,-2.92226492922178,-2.08888069736365,4.73794671677648,2.52948588124538,1.8853957082864
13.3179217177384,5.53872638116137,-2.72682292276458,-1.90298804056659,4.8076036977531,2.64521881598252,1.90146478502197
13.3985455007705,5.87144638562603,-2.53838551137947,-1.736086695443,4.8521474849556,2.74152864205458,1.9138158373629
13.4663139185604,6.18839049597168,-2.3580527021768,-1.58680708456357,4.87074052621574,2.81503768895543,1.92217618493812
13.5190490530709,6.48727163456579,-2.18672166805985,-1.45316281695542,4.86355385174191,2.86303995408973,1.92636372692362
13.5545998382832,6.765978552209,-2.02503695776147,-1.33261931359459,4.83179867720679,2.88367241295039,1.9263013109135
13.5709367775192,7.0226714495315,-1.87336376638733,-1.22221351276782,4.77767297763816,2.87602303300494,1.92202174338253
13.566234859313,7.25585336675334,-1.7317870588213,-1.11871167921575,4.70422801397338,2.84016187712142,1.91366270915686
13.5389365730461,7.46441108937392,-1.60013500673199,-1.01878643496509,4.61517241489984,2.77709396256514,1.90145257746965
13.4877906455098,7.64762457320543,-1.47802139579632,-0.919192329917151,4.51463990461321,2.68864457716112,1.88568949921964
13.41186644543,7.80514885768881,-1.36489934216629,-0.816921738249066,4.40694937769929,2.57729659274675,1.86671702687313
13.3105475381193,7.93697580579222,-1.2601181603994,-0.709328423422123,4.29638279204221,2.44600318788474,1.84489954926404
13.183510166554,8.04338441893598,-1.16297635676997,-0.594212918433435,4.1869991613394,2.29799835072189,1.82060028408169
13.0306931294052,8.12488799316018,-1.0727658392255,-0.46987011010507,4.08249420364527,2.13662288631538,1.79416365353226
12.8522648906696,8.18218460714323,-0.988804826453044,-0.33510391586575,3.98610717187782,1.96517732638943,1.7659028763035
12.6485924515341,8.21611519316203,-0.91045905273595,-0.189216305791131,3.90057048681018,1.78680691177822,1.73609278362061
12.4202147578162,8.22763115800759,-0.83715237422271,-0.0319783760194583,3.82809434550934,1.60441877984004,1.70496727593427
12.167821876678,8.21777173485628,-0.768368749393865,0.13640969653737,3.77037730984686,1.4206281558354,1.67272052930383
11.8922399402485,8.18765001611691,-0.703647879525799,0.315364563593867,3.72863431381159,1.23772862754895,1.639510966813
11.5944209040912,8.13844585012118,-0.642576716054483,0.503967967169162,3.70363485189842,1.05768111752436,1.60546704451798
11.2754358340052,8.07140361273154,-0.584778756762429,0.701015404485806,3.69574586948649,0.882116562250087,1.57069404342389
10.9364701096188,7.98783278995753,-0.529902659156701,0.905064429837654,3.70497550998881,0.712348101211998,1.53528118353283
10.5788191277021,7.88910962237681,-0.477611313760075,1.11448258490612,3.73101536454237,0.54938954684731,1.49930853551281
10.2038832239422,7.77667832544574,-0.427572159500466,1.32749528229353,3.77327996546291,0.393977800652202,1.46285331682836
9.81316095516242,7.65205084438003,-0.379449224651447,1.54223396933918,3.83094310382533,0.246597639235643,1.42599527890849
9.4082401290995,7.51680438165418,-0.332897122591126,1.75678462600197,3.90297102949349,0.107507847511661,1.3888209665394
8.9907864268491,7.37257634951263,-0.287557034047277,1.96923625056554,3.98815292714925,-0.0232319427934169,1.35142672919157
8.56252971076774,7.22105663801704,-0.243054544407831,2.17772851950329,4.08512917370112,-0.145734139799201,1.31392043625315
8.12524835328174,7.06397731822609,-0.198999079337776,2.38049739312438,4.19241791331785,-0.260256136913375,1.2764219296965
7.6807520565952,6.90310005141299,-0.154984587373027,2.57591714217197,4.30844044759083,-0.367173632213201,1.23906232408163
7.23086370475758,6.74020159457158,-0.11059105285027,2.7625371538119,4.43154588264313,-0.466954657791616,1.20198233693808
6.7774007537707,6.57705784264445,-0.0653863829116665,2.93911194078298,4.56003538642369,-0.560134682028776,1.16532988609226
6.32215666714038,6.41542695309066,-0.0189281980843232,3.10462305328271,4.69218635410926,-0.647293162345172,1.12925723641494
5.86688288715226,6.25703219979279,0.0292349365600763,3.25829202523248,4.82627670898137,-0.729031916331993,1.09391799827576
5.41327184393499,6.10354532177738,0.0795632725789259,3.39958402800223,4.96060947691259,-0.805955639662326,1.05946427489188
4.96294161216122,5.956571319592,0.132527009914423,3.52820253606373,5.09353771224378,-0.87865484044841,1.02604423849095
4.51742288232909,5.81763573919333,0.188609092331829,3.64407590717778,5.22348972743207,-0.947691374472985,0.993800365868581
4.07814899570389,5.68817554120859,0.248309838483234,3.74733734785422,5.34899449451382,-1.01358667045875,0.96286850847741
3.6464497508357,5.56953452606612,0.312153417567329,3.83830016495476,5.46870698553753,-1.07681262319697,0.933377897334261
3.2235495193227,5.46296397631315,0.380695974338644,3.91743046642342,5.58143315073093,-1.1377850110714,0.905452100513843
2.81056989716998,5.36962870355171,0.454534972863536,3.98531955032745,5.68615423405557,-1.19685917307091,0.879210869314671
2.40853664196018,5.29061802741009,0.534319074965427,4.04265805839031,5.78205013770846,-1.25432755527255,0.854772724621654
2.01839011317921,5.22696053054034,0.620757625523173,4.09021364536349,5.86852164080247,-1.31041863474943,0.832258069581176
1.64099786989191,5.17964074019238,0.714628600888533,4.12881341628835,5.94521134074952,-1.36529664773333,0.811792562147839
1.27716760848412,5.14961535050139,0.81678371524266,4.1593318292813,6.01202325562005,-1.41906151628046,0.793510458957981
0.927658282756862,5.13782623503548,0.92814928115528,4.18268417970124,6.06914099724126,-1.4717483811551,0.77755764271717
0.593187096188627,5.14520735663628,1.04972138972688,4.19982523865603,6.11704426577212,-1.52332621186004,0.764094067951396
0.274430113874129,5.17268279028734,1.18255401641033,4.21175216947295,6.15652312235201,-1.5736950799398,0.753295400716126
-0.0279855011775609,5.22115339008536,1.32773876749616,4.21951047332189,6.18868901718288,-1.62268183098528,0.745353672385024
-0.313499169314868,5.2914701240822,1.48637516333647,4.22420139836557,6.21498088757855,-1.67003405583948,0.74047680607713
-0.581645395040975,5.38439285753568,1.65953065663247,4.22698904301548,6.23716396385921,-1.71541245730731,0.738886915371531
-0.832093163543558,5.50053424298492,1.84819001689702,4.22910514921662,6.25731814546159,-1.758381875553,0.740817297335736
-1.0646952903345,5.64028959471877,2.0531943901266,4.23184948143559,6.27781232824125,-1.79840141937354,0.746508080659461
-1.2795455580663,5.80375509762575,2.27517131456703,4.23658365216525,6.30126093837086,-1.83481430418688,0.756200539785527
-1.47704005876316,5.99063852951349,2.51445833194154,4.24471642772259,6.33045952262182,-1.86683813632769,0.770130174662028
-1.65793760300791,6.20016880727206,2.77102460045442,4.25767901111339,6.36829780207518,-1.89355648980827,0.788518791688823
-1.82341249699587,6.43101300323474,3.04439704252963,4.27688968149763,6.4176513577857,-1.91391269219459,0.811566007858624
-1.9750916351066,6.68121169801701,3.33359982344227,4.30370850155154,6.48125705333427,-1.92670673330477,0.839440805177524
-2.11506703355807,6.94814526207143,3.63711799522585,4.33938459272305,6.56158217834714,-1.93059611575131,0.872273932792565
-2.24587497697098,7.22854434322689,3.95289740108525,4.38500053524477,6.66070239549919,-1.9241012283877,0.910151994213454
-2.37043412651401,7.51855694547374,4.27839276972537,4.44142042297815,6.78020775108538,-1.905615384593,0.953113858331878
-2.49193737535442,7.81388179749867,4.61067381982787,4.50924960328084,6.92115799990917,-1.87341902063887,1.00114954547072
-2.61369575664417,8.10997300548884,4.94659468805476,4.5888145792176,7.08410683921875,-1.82569666065223,1.05420099757874
-2.73893715100282,8.40231451094425,5.28302507666691,4.68017069396319,7.26920865401768,-1.76055427493726,1.11216340404287
-2.87056783464098,8.68675452902519,5.61713231713672,4.78314289679407,7.47641091048497,-1.67603382555742,1.17488543239883
-3.01091137743485,8.95987967932509,5.94669255977629,4.89740130423361,7.7057213056656,-1.57012155568214,1.24216726355847
-3.16144737529911,9.21939587974347,6.2703976593597,5.02256880834111,7.95752302859945,-1.44074748030769,1.31375693589695
-3.32258129138332,9.46446962610963,6.588114409811,5.15835312249098,8.23289679126334,-1.28577598206354,1.38934773239778
-3.49348352915272,9.69597342252121,6.90104871477428,5.30469110885605,8.53389857401005,-1.10299138679163,1.46858111992911
-3.67203594560126,9.91657950093338,7.21177361969606,5.46188981920084,8.86374137841556,-0.89008711464223,1.55105971709112
-3.85491304835073,10.1306623666107,7.52409917393508,5.63074743508805,9.22684037378687,-0.644671137860701,1.63637220415954
-4.03780305853752,10.3440025662466,7.84279043238079,5.81263880548291,9.62870211580464,-0.364302696209347,1.72412757457044
-4.21574720609221,10.563321996137,8.17316809907005,6.00955413974049,10.0756632224607,-0.0465751058779875,1.81399146797869
-4.38355452496019,10.7957102768139,8.52064296421955,6.22408398586895,10.5745021702783,0.310741975464381,1.90571452871121
-4.53624281355055,11.0480099201612,8.89023319229783,6.45934644435597,11.1319513865788,0.709488308822312,1.99914272009507
-4.66946664006722,11.3262126078214,9.28609390500585,6.71885161450249,11.7541233269462,1.15081267180996,2.09420169545981
-4.77991523130829,11.6348869851736,9.71105929472001,7.00629242076061,12.4458377803044,1.6347674572272,2.19085003369248
-4.86568796631373,11.9766228783043,10.1661695304081,7.32524081742714,13.2098072087197,2.1597737449876,2.28899799900624
-4.92667386882923,12.3514503351863,10.6501374584102,7.67871592831899,14.0456134931766,2.72193084927027,2.38838916855284
-4.96496627844645,12.7561859259689,11.158712541554,8.06858085739274,14.9484080250554,3.3141571102818,2.48844322837825
-4.98532658509636,13.1836853090262,11.683932496595,8.49472726137491,15.9073101860255,3.92519224242,2.58806266132975
-4.9956612105111,13.6220567930536,12.2133330377184,8.95403939923269,16.9036023657245,4.53858892388244,2.68541897373497
-5.00738345168664,14.0540323714439,12.7293294583938,9.43921914092021,17.9090637366726,5.13199276918238,2.77776091148407
-5.03540039479951,14.4568961144648,13.2091840446328,9.93772467417854,18.8851584878893,5.67724161213543,2.86132857319802
-5.09734512959561,14.8035595068347,13.6261509576093,10.4313107224646,19.7841816386935,6.14199873090877,2.9314984019428
-5.21169517191136,15.0653518881605,13.9523443796425,10.8968311322763,20.5535208969397,6.49351678716192,2.98328193241838
-5.39475136747022,15.2165939506645,14.1633445205049,11.3088167861946,21.1434021151505,6.70440657857434,3.01219621797593
-5.65712263326275,15.2399954347321,14.2435151027876,11.6436510423569,21.5166674450496,6.75898637095539,3.01530468534646
-6.00100369560321,15.1309175435859,14.1900386982175,11.8841344585968,21.6571809603387,6.65769730586665,2.99201663636838
-6.41950497036935,14.8985508074335,14.0137669722121,12.0226403979786,21.5731652828719,6.41737967388475,2.94424803661413
-6.89836317660437,14.5634573016775,13.7364526487755,12.0616143252345,21.2940369261391,6.06716525766814,2.87585827921519
-7.41917477977747,14.1527427201479,13.3857445195592,12.0115594268176,20.8625948618163,5.64194092574022,2.79165988832603
-7.9627730206607,13.6949470119317,12.9900763175385,11.8877659354122,20.326155615245,5.17607421035532,2.69644460936055
-8.51173067994663,13.2162184802515,12.5749762786378,11.7071710350668,19.7295573418319,4.69916968072145,2.59432753567579
-9.05168963915611,12.7382525436276,12.1612065352291,11.4861427734157,19.1111242171708,4.23418968301757,2.48847189913578
-9.57174128793748,12.2776769628106,11.764353911276,11.239313825059,18.5012160218587,3.79734707597439,2.38110034384997
-10.0642522982453,11.8462963826187,11.3952534820034,10.9792147864866,17.9224190205056,3.39895621502753,2.273660689369
-10.5244712092947,11.4516890437418,11.0607292959261,10.7163695345639,17.3905038327709,3.04461041851085,2.16704444996883
-10.9501209938745,11.0978394478657,10.7643381344252,10.4595752953236,16.9155738643191,2.73632578470819,2.06180108591436
-11.3410675476062,10.7856612017816,10.5069731900285,10.2161833067455,16.503108974483,2.47350124226707,1.9583244549659
-11.6990762498742,10.5133797679121,10.2872951599134,9.99227306902529,16.154798634144,2.25366623838949,1.85700585295703
-12.0276223127746,10.2768139163488,10.1020208416553,9.79266742532075,15.8691656041837,2.07304302533195,1.758354296456
-12.3316956982497,10.0696330094943,9.94613285737948,9.62077760332128,15.642035140659,1.92696857621802,1.66308437768344
-12.6175333661038,9.88368301239942,9.81309002266844,9.4783084848224,15.4669295657266,1.81022162371414,1.57216915898773
-12.8922217047274,9.70946679984773,9.69511839247338,9.36489912686429,15.3354749351727,1.71729362340822,1.48685323847814
-13.1631423443885,9.53683006319921,9.58364493647724,9.27781482764201,15.2378963506405,1.64263265818439,1.40862152055597
-13.4372822293566,9.35584439355756,9.46989718697477,9.21182805287034,15.1636486249906,1.58087759601419,1.33912338911952
-13.7204820267126,9.15780727863237,9.34563880323722,9.15940889058869,15.1021814927341,1.5270872258344,1.28005914312571
-14.016737139135,8.93621839019572,9.20395765715424,9.11128597781229,15.0437844204943,1.47695779388596,1.2330431312702
-14.3276766089784,8.68756604947751,9.039988274061,9.05735057102239,14.9804132976973,1.42701517259921,1.19946284311734
-14.6523225160375,8.41177705090843,8.85144643879958,8.98778885343336,14.9063854470059,1.37476655980785,1.18035336461209
-14.9871850837831,8.11223817409882,8.63887968059676,8.8942689747074,14.8188443733909,1.31880044967691,1.17630255142948
-15.3266931196037,7.79536864377007,8.40558211133632,8.77099359720624,14.717933196001,1.25882997443466,1.18739639248821
-15.6639089050299,7.46979096154934,8.15717245786839,8.6154524686387,14.6066614916371,1.19568060506747,1.21320879370385
-15.9914365270005,7.14520449349298,7.90088225340586,8.42876056407086,14.4904932931048,1.13122709262116,1.25283640780454
-16.3024026933841,6.83111132665836,7.64464481055573,8.21553421299888,14.376719865048,1.0682868136505,1.30497631763706
-16.591370486953,6.53557510215677,7.39611215179925,7.98333238326193,14.273708519257,1.01047870279102,1.36804061113033
-16.8550476505131,6.26420039597805,7.16174776052473,7.74176408045329,14.1901352231824,0.962059491269156,1.4402962871261
-17.0926829217405,6.01948652429088,6.94613303879301,7.50141945439488,14.1343059151706,0.927750985627441,1.52001266352832
-17.306110412222,5.80062829196389,6.75157489663617,7.27280108091264,14.1136421221074,0.912571166364798,1.60559462365021
-17.4994878228667,5.6037240082571,6.57801906020847,7.06540014231487,14.1343531564646,0.921675877809123,1.69568162642064
-17.6788477572351,5.42224878666222,6.42318786234027,6.88698854789402,14.2012568271065,0.960207182942888,1.78919985123532
-17.8516116752207,5.24760140364679,6.28280815183774,6.74311222009082,14.3176664660864,1.03313210186936,1.88536514773479
-18.0261932914319,5.06955285663794,6.15079378205213,6.63670661846928,14.4852486117165,1.14504509415667,1.98364302653507
-18.2117587648892,4.87649662299857,6.01929010496652,6.56773121024034,14.7037702921225,1.29990112611859,2.08367561258622
-18.4181427769668,4.6554887171591,5.87855016943491,6.53273200867841,14.9706832412957,1.50064309566821,2.18518417729268
-18.6558635161028,4.39214184928581,5.71667232515746,6.52427755274507,15.2805226386246,1.7486873341317,2.28785192948911
-18.9361402295953,4.07049525907768,5.51928096035675,6.53026589486458,15.6241300315179,2.04323658738493,2.39118834059165
-19.2707873636661,3.67302964121705,5.26928500829489,6.53317315265314,15.9877570328379,2.38040982936067,2.49437635703047
-19.6718328854036,3.181045485908,4.94691453258236,6.50942219339503,16.3521885386816,2.75222772245913,2.59611008250877
-20.1506919788477,2.57566601242092,4.53031240765275,6.42920223325525,16.6921572571608,3.14559024000869,2.69444516967937
-20.7167518173788,1.83972061614581,3.99701056247771,6.25724324087783,16.9764940463312,3.54153812616259,2.78670745059385
-21.3753442519387,0.960627431455501,3.326562631237,5.9551483221226,17.1695966475665,3.91527248869137,2.86953082231286
-22.1253539604292,-0.0659699371799789,2.50431465982927,5.48572529932162,17.2347362941633,4.23750738290786,2.93910416765781
-22.9571037017207,-1.23264336362201,1.52570792261326,4.81912975264324,17.1392455239704,4.47755543570558,2.99166901702638
-23.8514752425875,-2.51808618972565,0.399796232451697,3.93955584111303,16.8606903083563,4.60793892101,3.02420558971475
-24.7811169347772,-3.88788166302798,-0.849666582281284,2.85021944671614,16.3921241518579,4.60941517410446,3.03510809653336
-25.7138546337307,-5.29860926463482,-2.18660653324366,1.57438165773119,15.7442712711533,4.47467989182133,3.02458002073201
-26.6173757557159,-6.70423878767063,-3.5680408830511,0.151618128764751,14.9435452565704,4.20930892128253,2.99456805560671
-27.4636322938488,-8.06266926661073,-4.95067688929799,-1.36932211722499,14.0266750697158,3.82971124969988,2.94826832700605
-28.2316792856544,-9.34042008486602,-6.29652941397832,-2.93841077359474,13.0340773066271,3.35916354712921,2.8894269412497
-28.9085515996079,-10.5146352418619,-7.57624159844566,-4.51061370832773,12.0041363661151,2.82351208010598,2.82169302085429
-29.4885998492158,-11.5727771777295,-8.77001850321856,-6.04948435075396,10.9695558367525,2.24774833598601,2.74818188473415
-29.9720381783062,-12.5109836759036,-9.86688541540028,-7.52828224953314,9.95583271366678,1.65391761866446,2.67127426470398
-30.3633547659791,-13.3320212816063,-10.8631558851994,-8.929442483651,8.98127388171632,1.06023234250774,2.59259467695694
-30.6699615629241,-14.0434281293587,-11.7607781941163,-10.243248743876,8.05785791957131,0.481010961474803,2.51309106635707
-30.9012138927633,-14.6560947128277,-12.5659194963645,-11.4663090162157,7.19240880529028,-0.0729366101574174,2.43315340771449
-31.0677811266509,-15.1833037790387,-13.287904570341,-12.6001476140553,6.38777276810518,-0.593751056921811,2.35273451280833
-31.1812833721894,-15.640137888536,-13.9384835077734,-13.6500171629213,5.6438686706009,-1.07595359678178,2.27145799050972
-31.2540900230055,-16.0431211086154,-14.5313338085937,-14.6239101461762,4.95859356660237,-1.51594022282343,2.18871266611398
-31.2991742821078,-16.4099490200357,-15.0816721330785,-15.5316879229736,4.32862141033801,-1.91156595954276,2.10374078115817
-31.3299178774192,-16.7591556035198,-15.6058358053135,-16.3842217302249,3.75015201363878,-2.26181846093943,2.01573053908493
-31.3597596467305,-17.1095620147317,-16.1206868571455,-17.1924435159158,3.21965951310113,-2.56656811358365,1.92392254556198
-31.4015901473127,-17.4793638057386,-16.6427017851525,-17.9662373365216,2.73465639080246,-2.82637657273479,1.82773390532401
-31.4668310764625,-17.884767241074,-17.1866622376435,-18.7131762429489,2.29442855132385,-3.04234384059947,1.72689275217526
-31.564224503808,-18.3382123069569,-17.7639825489437,-19.4372321605667,1.90061481290955,-3.21597561037004,1.62156145868193
-31.6984964544447,-18.846424774148,-18.3809024996768,-20.1377358665347,1.55742745771515,-3.34905942393599,1.51241408151514
-31.8692160220239,-19.4087676103757,-19.036984971721,-20.8089731025941,1.27129250849088,-3.44355049133566,1.4006313881495
-32.0702606211972,-20.0164888715309,-19.7244707287101,-21.4407709606644,1.04978644405315,-3.50148098320514,1.2877921653441
-32.2902264681519,-20.653352304985,-20.4289295978903,-22.0201906625796,0.899969989459235,-3.52491097490784,1.17567087861255
-32.5138643696059,-21.2977527267876,-21.1312801732932,-22.5340525591169,0.826488153108722,-3.51592833429769,1.06598589115718
-32.7242688053562,-21.9259036082222,-21.8107687562135,-22.9716625797176,0.829969765399496,-3.47668304901618,0.960161136909505
-32.9052799073602,-22.5152998067036,-22.4481496443952,-23.3269952031314,0.90620270463162,-3.4094237445886,0.85915711126963
-33.0435126081783,-23.0476046737775,-23.028277093692,-23.5997906243162,1.04629562625002,-3.31650410965274,0.76339950449963
-33.1296099268706,-23.5103885863761,-23.541595854554,-23.7954253404587,1.23770338070707,-3.20034497033968,0.672801549091027
-33.1586095200434,-23.8975766021109,-23.9844268080039,-23.9238008752718,1.46575588017527,-3.06336131840913,0.586853739250935
-33.1295676806785,-24.2088315292625,-24.3582840089591,-23.9977034908714,1.71527114206516,-2.90787863667225,0.504747395190282
-33.0447173401356,-24.4482836229138,-24.6686201557919,-24.0310887521632,1.97192601949433,-2.73606381240663,0.425503297503936
-32.9084442435299,-24.6230208656821,-24.9233872591386,-24.0376115960219,2.22321710139514,-2.54988655518109,0.348086609057649
-32.7262966245388,-24.7416479639888,-25.1316916724283,-24.0295539194151,2.45898982715887,-2.35111497876948,0.271499037488019
-32.504153448238,-24.8130885413493,-25.3026945619241,-24.0171663291393,2.67160609944476,-2.14133956561896,0.194846051265162
-32.2475994319021,-24.8456938944928,-25.4448062274212,-24.0083621272129,2.85585710127576,-1.9220150749358,0.117380647008542
-31.9615049467919,-24.8466508051615,-25.5651599725802,-24.0086734977604,3.0087254220802,-1.69450946878147,0.0385265270525496
-31.6497833661705,-24.8216461370276,-25.6693227807119,-24.0213836346006,3.12907854790766,-1.46015093312779,-0.0421163698497392
-31.3152898340515,-24.7747355152768,-25.7611937175943,-24.0477668363268,3.21734857071101,-1.22026706166361,-0.124781417463129
-30.9598264862718,-24.7083661975814,-25.8430458813205,-24.0873900693359,3.27522830009704,-0.976213325731402,-0.209557710684972
-30.5842242071972,-24.6235122918677,-25.9156762296185,-24.1384481173958,3.30539453298999,-0.729390645527299,-0.296423207801097
-30.1884774920412,-24.5198898997231,-25.9786362931682,-24.1981186045764,3.31125519299667,-0.481254162243217,-0.385286248393829
-29.7719154491179,-24.3962287067346,-26.0305241350874,-24.2629328446738,3.29670758004523,-0.233317271086114,-0.476032527348638
-29.3333977034009,-24.2505842068086,-26.0693234611219,-24.3291640331362,3.26588939184784,0.0128432850413083,-0.568573730506167
-28.8715288717813,-24.0806808683665,-26.0927795608366,-24.3932361869113,3.22290253980079,0.255573951579176,-0.662892913878689
-28.3848881247395,-23.8842797006108,-26.0988025894357,-24.4521544420117,3.17149284962864,0.493114215819892,-0.759080506018581
-27.8722704337549,-23.6595627090506,-26.0858857607905,-24.5039490675813,3.11467795859658,0.723541567610323,-0.857353927181756
-27.332932528326,-23.4055204718217,-26.0535186129796,-24.5481113904384,3.05433238154437,0.944685516439946,-0.958053934485544
-26.7668289626636,-23.1223173968837,-26.0025641869984,-24.5859810897363,2.99076258274149,1.15400988036107,-1.06161281531476
-26.1748136897184,-22.8115948612204,-25.9355573368073,-24.6210263182775,2.92233242065449,1.34847151610506,-1.16849425745286
-25.558773254746,-22.476660622235,-25.8568752227058,-24.6589494445715,2.84522199006125,1.52437549682655,-1.27911214045307
-24.9216544756516,-22.1225114652614,-25.772737505144,-24.7075624451469,2.75340784270744,1.67725847826821,-1.39374410127712
-24.2673573185494,-21.7556516374487,-25.6910166634374,-24.7764130061585,2.63892760595477,1.80183863646357,-1.51246212029253
-23.6004838790854,-21.3837022792439,-25.6208734335034,-24.8761984145024,2.49243504518012,1.89206720760023,-1.63510216473517
-22.9259619132185,-21.0148368182758,-25.5722641659668,-25.018057031179,2.30397954153641,1.941302340672,-1.76128531263214
-22.2485841910974,-20.6571053486188,-25.5553768381202,-25.2128460869346,2.06389066099102,1.94260655609167,-1.89048538576383
-21.5725111481325,-20.3177110836492,-25.5800302796398,-25.4704815595438,1.7636468766662,1.88915595052079,-2.02211961871746
-20.9007698394819,-20.002271719846,-25.6550238917649,-25.7993402741902,1.39666543411566,1.77475269010495,-2.15562747794705
-20.2347554666708,-19.7140534690178,-25.787373918757,-26.2056395680146,0.959042027252991,1.5944543876462,-2.29050270641564
-19.5737185554883,-19.4531294856882,-25.9813381962805,-26.6926508942367,0.450350877870047,1.3453663573253,-2.42625268657807
-18.914217359129,-19.2154090734694,-26.2371272154964,-27.2595900462369,-0.125348614889049,1.02766974333731,-2.56227121804211
-18.2495436192749,-18.9915262003131,-26.5492358011132,-27.9000655362012,-0.758184658389968,0.645958645200197,-2.69762178371631
-17.5692022268286,-18.7656858292978,-26.9044324446813,-28.6000764157457,-1.43083128345189,0.210900882780684,-2.83074096042896
-16.8586525884742,-18.5147714765288,-27.2796638779323,-29.3357795263701,-2.11680184024241,-0.258928647523437,-2.95909580521271
-16.099695072421,-18.2083266068111,-27.6405274011409,-30.0716569564258,-2.77933286166804,-0.735520045298232,-3.07887784812067
-15.272038391776,-17.8103486929399,-27.9415027476922,-30.7602951177039,-3.37203093740676,-1.18116377814431,-3.18489222640085
-14.3565158235974,-17.2838732921685,-28.1295198617422,-31.3454569865623,-3.84277570512382,-1.55081566658408,-3.27086783909554
-13.3398401784884,-16.5985539665259,-28.1519755651231,-31.7697825670914,-4.14182292235027,-1.7982185196341,-3.33037497610212
-12.2196310525942,-15.7395823537252,-27.96830460619,-31.9865073775099,-4.23301674787544,-1.88536219073368,-3.35827667042064
-11.0073773344489,-14.7142251711741,-27.5611801461183,-31.9714312645868,-4.10412734339953,-1.79228434315753,-3.35220778925479
-9.72728784198059,-13.5521256854841,-26.941886755651,-31.7295014124315,-3.77109387152027,-1.52261709638843,-3.31332393232361
-8.411076607509,-12.298531473522,-26.1468186011518,-31.2924757607699,-3.27359449756991,-1.10190595588757,-3.24586745706242
-7.09107159843037,-11.0036736487305,-25.2271139669563,-30.709217498494,-2.6643415899193,-0.569846447182518,-3.15580492458685
-5.7945621694984,-9.71306752517122,-24.2367414245182,-30.0338174244178,-1.99745965558318,0.0293859840180328,-3.04926432087365
-4.54089929502677,-8.46172850187422,-23.2235785877224,-29.3162979152061,-1.32022969118257,0.654824119367398,-2.93139285607505
-3.34114242417712,-7.27252202595626,-22.22503144398,-28.5977482767737,-0.669431091585833,1.27286276517488,-2.80583395000481
-2.19922417521381,-6.15726704551978,-21.2673715108462,-27.909265080954,-0.0712560282227495,1.85835446164704,-2.67469656432739
-1.11366939614615,-5.11906380232643,-20.3672037765348,-27.2731621684061,0.456857787070326,2.39388282777411,-2.53879727265591
-0.0793133657162821,-4.15485046880421,-19.5337548456251,-26.7050948575576,0.903777092311214,2.86830556267741,-2.3980070433064
0.911176915697153,-3.25774802507475,-18.7712085323361,-26.2162378755071,1.2623509345419,3.27523599079789,-2.25161675225984
1.86598230595633,-2.41908315207348,-18.0807185766791,-25.8150493428434,1.52757066890558,3.61177311067561,-2.09869198271782
2.79297000361499,-1.6300876115223,-17.4619235494074,-25.5083617679888,1.69538554079669,3.87757375007995,-1.93840840241791
3.69869743546369,-0.883237345907969,-16.9138474766424,-25.301642492356,1.76228762576776,4.07425121126425,-1.77035218874919
4.58767690703189,-0.173105247584024,-16.4350967438424,-25.1983769352413,1.72572303812115,4.20503023721819,-1.59474993562224
5.46206104470208,0.503443573606681,-16.0233558099459,-25.1987360026413,1.58523745684596,4.27455545072009,-1.41257789617463
6.32187999281865,1.14779906084752,-15.6743798220922,-25.2979821220324,1.34401007481599,4.2887336700111,-1.22551012427285
7.1658093676103,1.76075106720438,-15.3809124518366,-25.4852977887677,1.01018708430625,4.25450301698123,-1.03570629242402
7.99223686654787,2.34382835507511,-15.1320593677595,-25.7436776564347,0.597391262495119,4.17947477481065,-0.845496652474116
8.80026333771157,2.90032819108195,-14.9134937436058,-26.0511374797778,0.124066794005929,4.07147343257082,-0.657060210446653
9.59032221158266,3.4356870487065,-14.7085123587046,-26.3829512453424,-0.388206730708824,3.93806585193742,-0.472187204002478
10.3642965470079,3.95715401460652,-14.4996159445858,-26.7142577895163,-0.916915233019118,3.78618506167809,-0.29217292834583
11.1252217490896,4.47299530302876,-14.2701505378606,-27.0223658301344,-1.44072345077007,3.62191575325172,-0.117835949636771
11.8767720024291,4.99155205063369,-14.0056391730163,-27.2883516405342,-1.94108010117765,3.45044812486348,0.0503821109719763
12.6227228205142,5.52041043008571,-13.6946333245957,-27.4978677577383,-2.40316858862392,3.27615927459725,0.212286643502713
13.3665133843195,6.06581818559857,-13.3290880227192,-27.6412984274424,-2.81626610302134,3.10276246637025,0.367810562300971
14.1109587450362,6.63237543065142,-12.9043542886226,-27.7134697635347,-3.17366467871982,2.93346980591259,0.516928170370578
14.8581125931804,7.22296865635809,-12.4188986272507,-27.7130974133421,-3.47230812905393,2.77113084810443,0.659609285967124
15.6092578508487,7.83889634198819,-11.8738403599507,-27.6420965596201,-3.71226094262156,2.61832819312532,0.795809338842488
16.3649944943879,8.480132082989,-11.2723757242319,-27.5048308825059,-3.8960880272353,2.47742592396922,0.925484644691945
17.1253923254272,9.14567233908011,-10.6191473456702,-27.3073536408664,-4.02820341162806,2.35057622360025,1.04861940837716
17.8901761270551,9.83391610974508,-9.91961727544545,-27.0566895792732,-4.11423967479159,2.23969375086345,1.16525150774868
18.6589117411382,10.5430254766276,-9.17950225826882,-26.7602075237856,-4.16048795908166,2.14640726071103,1.27548716243139
19.4311655356364,11.2712228488458,-8.40432274014065,-26.425128288944,-4.17345145202633,2.07199499064674,1.37949924306452
20.2066170253274,12.0169940221911,-7.5990997938949,-26.0581963090822,-4.15953944686521,2.01730639797869,1.47750887848607
20.9851137548886,12.7791831511433,-6.76821059086447,-25.6655195534941,-4.1249071763959,1.98266980124265,1.56975384689438
21.7666665273852,13.5569818287706,-5.91539031355012,-25.2525581264124,-4.07542461608768,1.96778467790151,1.65644923175809
22.5513898251093,14.3498261014825,-5.04385223712398,-24.8242241532372,-4.01674079254254,1.97159934043434,1.73774605363322
23.339396152016,15.1572213665487,-4.15648984977746,-24.385046568101,-3.95440100266486,1.99217932542265,1.81369273653483
24.1306550647734,15.9785173893086,-3.25612349487907,-23.9393532014171,-3.89397183593442,2.0265786593053,1.88420321736301
24.9248292892829,16.8126568298892,-2.34575547723552,-23.4914258831999,-3.84113061524378,2.07073456241803,1.94903488925859
25.7211030182844,17.6579231556385,-1.42879885256265,-23.0455896743844,-3.80168011001383,2.11941505188846,2.00777957546718
26.5180219739164,18.511718686705,-0.509245150075442,-22.6062044088492,-3.78145629840543,2.16625626356563,2.05987107883633
27.3133701362537,19.3704094405208,0.408263526445491,-22.1775369081694,-3.7861086275319,2.20392862091308,2.10461285416377
28.1041121803502,20.22927708923,1.31848857472878,-21.7635085664032,-3.82075153743856,2.22446353677546,2.14122817325991
28.8864298234953,21.0826143819065,2.21579348245879,-21.3673370333976,-3.88951419462561,2.21975074244858,2.16893207883178
29.6558710177099,21.9239840662682,3.0944820068366,-20.9911207073031,-3.99504924836711,2.1821797011686,2.18701941530237
30.407611530446,22.7466312446353,3.94923865527853,-20.6354430340858,-4.13809153617357,2.10535301879008,2.19495732774359
31.1368020231661,23.5440007729367,4.77560125068227,-20.2990882313195,-4.31717012054819,1.98475983521852,2.19246605475686
31.8389483463784,24.3102773475385,5.57037530405319,-19.9789495651273,-4.52855980243583,1.81828162179918,2.17957118945246
32.5102591204489,25.0408515077299,6.33190468423163,-19.6701727943279,-4.76650983867425,1.60642497214443,2.15661532779563
33.1479001986049,25.7326290911409,7.06014523211857,-19.366521137449,-5.02372167146658,1.35223384249436,2.12422623501037
33.7501194046403,26.3841411800661,7.75653709300322,-19.0608944563036,-5.29198817969113,1.06090779182952,2.08324904167938
34.3162379116979,26.9954611608003,8.42371897970986,-18.7459044013236,-5.56287632427243,0.739215445889586,2.03465757448645
34.8465338934068,27.5679763326808,9.06515649413653,-18.4144077173923,-5.82834115951487,0.394822685554688,1.97946225039747
35.3420605872677,28.1040814505126,9.68476048403466,-18.0599262947689,-6.08119368399684,0.0356484854763508,1.91862917203205
35.8044423993687,28.6068592709679,10.2865549049445,-17.6769203052357,-6.31539028698415,-0.330671237234538,1.85301930424845
36.2356833251037,29.0797959846824,10.8744276824786,-17.2609155183427,-6.526151158126,-0.697172774216196,1.78335053538709
36.6380078342316,29.5265569764756,11.4519729153231,-16.8085090692383,-6.70994003780272,-1.05780369410434,1.71018084871122
37.0137409757631,29.9508284269822,12.0224145131532,-16.3172881911725,-6.86434732734754,-1.40753218487596,1.63390838012878
37.3652248367743,30.3562166460369,12.5885915260054,-15.7856968539589,-6.98791700319129,-1.74235764894963,1.55478352693282
37.6947626974,30.7461896145038,13.1529823423816,-15.2128800367834,-7.07995026288818,-2.05925461533243,1.47292878815844
38.0045804237875,31.124043307279,13.7177464252697,-14.5985286108411,-7.14030987861624,-2.3560777317849,1.38836303490224
38.2967949803405,31.4928765898811,14.2847659088332,-13.9427414048596,-7.16924130195454,-2.63144923932347,1.30102792997419
38.5733819789721,31.8555618064266,14.8556739503578,-13.2459160664607,-7.16722077713085,-2.88464400426475,1.2108150243048
38.8361369255604,32.21470243704,15.4318614400254,-12.5086765826842,-7.13483700876463,-3.11548185375893,1.11759256284327
39.0866280276284,32.5725740456835,16.0144583869475,-11.7318422485768,-7.07271074325218,-3.32423288183732,1.02123126459845
39.3261418611341,32.9310499235599,16.6042910724302,-10.9164397135663,-6.98145514636407,-3.51153843380707,0.921628369964652
39.5556263550779,33.2915178724549,17.2018207865979,-10.0637557692207,-6.86167820479216,-3.67834833968969,0.818729155333334
39.7756383605207,33.6547992250851,17.8070745189642,-9.1754235698902,-6.71402590238419,-3.82587339457881,0.712545001430854
39.9863049381142,34.0210846617913,18.4195817786477,-8.25352919659294,-6.53926123214453,-3.95555086547685,0.603167048807736
40.1873079610163,34.3899028342487,19.0383339959381,-7.30071976490412,-6.33836933525591,-4.06901984408014,0.490774551527592
40.3779001824122,34.760136377381,19.6617827846507,-6.3202900152088,-6.11267390009075,-4.16810255211394,0.375637287834511
40.5569575543235,35.1300952833428,20.287890139309,-5.31622312469216,-5.86394564025486,-4.2547873159082,0.258111810025602
40.7230676732207,35.4976501699428,20.9142373855452,-4.29316456870618,-5.59448161997313,-4.33120894347627,0.138631874341582
40.874648533306,35.8604188066423,21.5381911623129,-3.25631550738313,-5.30713553264949,-4.39962268531928,0.0176940069684411
41.0100866731105,36.2159903834082,22.1571155821083,-2.21124339590009,-5.00528414958968,-4.46236879658147,-0.104160263566099
41.1278802879644,36.5621652715187,22.7686118857267,-1.16362007135784,-4.6927233001065,-4.52182574948133,-0.226363544196566
41.2267721014386,36.8971852972399,23.3707623497646,-0.118908681518683,-4.37349629840946,-4.58035116497965,-0.348340902921147
41.3058588096473,37.2199313350097,23.9623548707137,0.91797204058367,-4.05166655652941,-4.64021030084427,-0.469525233492055
41.364667870122,37.5300704319106,24.5430681956877,1.94297582391958,-3.73105232707246,-4.70349228289074,-0.589367786036914
41.4031977876001,37.8281425979615,25.1136042479137,2.95322212211805,-3.4149441986897,-4.77201429404131,-0.707342468531021
41.4219227773142,38.1155850426374,25.6757610037147,3.94723409162,-3.1058252362211,-4.84721377576695,-0.822943139595905
41.4217662769225,38.3946976267807,26.2324452298016,4.92510825278968,-2.80511082811309,-4.9300288025388,-0.935673813125639
41.4040491676151,38.6685560074738,26.78762731251,5.88860860519339,-2.51292216813148,-5.02076761386146,-1.04503244121416
41.370418120506,38.9408784996109,27.3462400331857,6.84118034337165,-2.22790573473891,-5.11897041637983,-1.15048973728893
41.3227572559053,39.2158493972512,27.9140196354444,7.78787665630437,-1.94711239992817,-5.22327041842085,-1.25146536008773
41.2630839138352,39.4978976647427,28.4972828595418,8.73518739085019,-1.66595422773671,-5.33126694563933,-1.34730473712425
41.1934269825948,39.791426864894,29.1026296293586,9.69075292593917,-1.37826344704221,-5.4394310005302,-1.43726080269122
41.1156863010264,40.1004935558964,29.7365617038455,10.6629444965592,-1.07648378881613,-5.5430717015609,-1.52048582283861
41.031473682913,40.4284380018515,30.405015145948,11.6602979447872,-0.752024826953591,-5.63639795245065,-1.59603886615113
40.9419420777973,40.7774853804421,31.1128222382771,12.6908062283614,-0.395799727191791,-5.71270970403564,-1.66291382814691
40.8476173422378,41.1483550203589,31.8631450245681,13.7611085085149,0.0010587792322081,-5.76474253064354,-1.72009055770741
40.7482558290974,41.5399353368398,32.6569532165375,14.8756564617714,0.446350718470634,-5.78516490825656,-1.76660726793074
40.6427560970675,41.9490935986027,33.4926421879924,16.0359792976281,0.945925703409179,-5.7671908491026,-1.80164648239145
40.5291512387651,42.3706835913958,34.3658887332127,17.2401893281708,1.50290201450941,-5.70523009624906,-1.82462090970842
40.4046963429551,42.7977843433646,35.2698120884666,18.4828515346347,2.11713794593992,-5.59546881819094,-1.83524228665875
40.2660458857159,43.2221545219502,36.1954475726063,19.7552778767573,2.78507332618912,-5.43627138737516,-1.83355764383
40.1094943903474,43.6348349979766,37.1324672259013,21.0462147774002,3.49998508599807,-5.22832533040958,-1.81994412388716
39.9312385397247,44.0267961689889,38.0700227486387,22.3428021978985,4.25260798968376,-4.97450882622868,-1.79506340698888
39.7276162578239,44.3895212803506,38.9975638039443,23.6316288229115,5.03199411142192,-4.67952255082287,-1.7597862553211
39.4952886717569,44.7154427924868,39.9055056740881,24.8997075249735,5.8264490667726,-4.34937267611957,-1.71510323788945
39.2313482706052,44.9981920657295,40.7856707741473,26.135240948414,6.62439556139473,-3.99080653182418,-1.6620379073732
38.9333549186492,45.2326669613481,41.6314873480995,27.3281152591228,7.41506160474818,-3.61078861131677,-1.60157466304404
38.5993146563327,45.4149536535871,42.437975874661,28.4701244844247,8.18894866804684,-3.21607401628297,-1.53460762881401
38.2276220470326,45.5421529320619,43.2015796031058,29.5549715914998,8.93808443299661,-2.81290296646648,-1.4619113984146
37.8169869806682,45.6121610944716,43.9199019651188,30.5781121699486,9.65609603443717,-2.40681345859282,-1.38413080029604
37.3663631595579,45.6234465227751,44.5914064318521,31.5365069859273,10.3381525358539,-2.00255315616598,-1.30178512137503
36.8748902564318,45.5748508509309,45.2151210824653,32.4283388773489,10.9808247923318,-1.60406524066194,-1.21528205602339
36.3418570454029,45.4654326798122,45.7903768632276,33.2527351243954,11.581903169605,-1.21452330144903,-1.12493737735902
35.7666884442296,45.2943626020689,46.3165970321494,34.0095223679925,12.1402034596605,-0.836394193681935,-1.03099735874114
35.1489564626652,45.0608722156002,46.7931475195894,34.6990301691356,12.6553819247795,-0.471512881916015,-0.933661968908712
34.4884121702982,44.7642547922703,47.2192519797925,35.3219506235989,13.1277725638439,-0.121158202254595,-0.833107599423478
33.7850335660887,44.403911552539,47.5939711576883,35.8792551249164,13.5582537443264,0.213877313929668,-0.729508536476733
33.0390819746877,43.9794337820031,47.9162421746354,36.3721640438887,13.9481466807243,0.533227038701395,-0.623056572691475
32.251157417471,43.4907070855252,48.1849687431981,36.8021600742172,14.2991443085628,0.836900094724995,-0.513978149420681
31.4222418798087,42.938020469846,48.3991483088314,37.1710313128912,14.6132656204135,1.12524018247027,-0.402548334788869
30.5537184642455,42.3221596069284,48.5580162419322,37.4809254554297,14.8928271619093,1.39889047707386,-0.289100878306045
29.6473556404572,41.6444628813205,48.6611828627464,37.7343936440416,15.1404207788787,1.65876049335457,-0.174033660216407
28.7052486669155,40.9068204594745,48.7087362629163,37.9344014877635,15.3588849346106,1.90599012075588,-0.057809122688546
27.7297155609562,40.1116023148563,48.7012850641174,38.0842873344421,15.5512568425286,2.14190592440941,0.0590502421647057
26.723152112679,39.2615106888758,48.6399212348122,38.1876543546048,15.7206946534615,2.36796536399256,0.17597063178507
25.6878579997042,38.3593643644294,48.5260933336156,38.248192577229,15.8703628626021,2.58568576087557,0.292338520411099
24.6258527681357,37.4078345906443,48.3613940211705,38.2694384946954,16.0032795668455,2.79655653179438,0.407513191479385
23.538704977964,36.4091632732329,48.147280317668,38.254491388053,16.1221304382961,3.00193523811863,0.520838097525725
22.4273988668832,35.364900502973,47.8847575529392,38.205714534437,16.2290601071739,3.20293016601353,0.631649128421252
21.2922607763826,34.2757002178427,47.5740669514684,38.1244552234688,16.3254566248098,3.40027441322527,0.739278505172256
20.1329627914223,33.1412097688061,47.2144211464622,38.0108195792893,16.4117485265578,3.59419886920868,0.843054027317142
18.9486144035465,31.9600821965169,46.8038315002823,37.8635369141946,16.4872368494398,3.78431416293493,0.942294647040458
17.7379454810574,30.7301305436705,46.3390670629973,37.6799448991821,16.5499867295455,3.96951471874161,1.03630464783671
16.4995753173534,29.4486315244725,45.8157771244588,37.4561210100248,16.5968045804578,4.14792121670169,1.12436984861698
15.2323526557296,28.112770883496,45.2287970503445,37.1871766567361,16.6233263036175,4.31688016105258,1.20575997669462
13.9357397578177,26.7202036294973,44.5726385486969,36.8677159577237,16.6242372725417,4.47303932383787,1.27974133798594
12.6102001981351,25.2696789300056,43.8421391610249,36.4924393132171,16.5936332489047,4.61251344599115,1.34560283031279
11.2575374734934,23.7616544391913,43.0332123491128,36.0568428344243,16.5255110518976,4.73114387790006,1.40269598232684
9.88112442753482,22.1988048820147,42.1436044350566,35.5579326719234,16.4143497644123,4.82483853505636,1.45048618653291
8.4859679059895,20.586324750673,41.1735386277121,34.9948479380346,16.255713258243,4.88995733717835,1.48860832564576
7.07857341548238,18.9319444064113,40.1261232069986,34.3692800334399,16.0467831918921,4.92368937982886,1.5169168491335
5.6666098433517,17.2456251535527,39.0074301455669,33.6855993139015,15.7867295550241,4.9243594148164,1.53551949507811
4.25841630935189,15.5389632967547,37.8262110097876,32.9506524499267,15.476849757142,4.89160890339413,1.54478619354227
2.86242828638384,13.8243961877825,36.5932927765885,32.1732619483487,15.1204531438497,4.82642103682276,1.54532988051236
1.48661552357783,12.1143429363208,35.3207623415313,31.363520799557,14.7225214453075,4.73099252441154,1.53796232218149
0.13801485373535,10.4204155471906,34.0210829398707,30.5320094501591,14.2892188266062,4.60848617305547,1.52363333785998
-1.17758834369071,8.75280460361346,32.7062797184834,29.6890601735255,13.8273445981298,4.46271721589716,1.50336429045524
-2.45581338962355,7.11989240014077,31.387293712841,28.844161954033,13.3438150393416,4.29782901222087,1.47818601639342
-3.69368813168398,5.52809469511383,30.0735513069385,28.0055528281309,12.8452356873064,4.11800285337333,1.44908836699573
-4.88953940692502,3.98189440726711,28.7727481882577,27.1800029131732,12.3375938666832,3.9272289021872,1.41698470591662
-6.04281281321952,2.48401202775784,27.4908142213536,26.372760890593,11.8260735794556,3.72914760591328,1.38269134933908
-7.15386068068011,1.03565576883108,26.2320103807918,25.5876216659911,11.314976243124,3.52695750658095,1.3469196961749
-8.22372793280796,-0.363196473852431,24.9991083320196,24.8270713775164,10.8077221976272,3.32337773525249,1.31027780111471
-9.25395501445506,-1.713517910213,23.7936108114542,24.0924720184223,10.3069067754723,3.12065076848493,1.27327806986998
-10.2464079256656,-3.01697773718939,22.6159819733041,23.3842574887642,9.81438819093916,2.92057169644582,1.23634824104398
-11.2031387146783,-4.27572077749784,21.4658676751402,22.7021225091846,9.3313898131219,2.72453264720548,1.1998435211011
-12.1262755070164,-5.49218505657645,20.34229436554,22.0451936839255,8.85860471284008,2.53357390311939,1.16405843044331
-13.0179389213038,-6.6689559253831,19.243841628832,21.4121778771548,8.39629494397836,2.34843596249458,1.12923750588237
-13.8801808127257,-7.8086529521646,18.1687874522078,20.8014868009273,7.9443814098039,2.16960898635608,1.09558443755358
-14.7149412633597,-8.91384491433779,17.1152276599353,20.211338984315,7.50252253658863,1.99737769373848,1.06326951906058
-15.5240200925058,-9.98698817600697,16.081172045939,19.6398413569981,7.07018144495395,1.83186086662637,1.03243547350987
-16.3090597392172,-11.0303841631823,15.0646201552413,19.085053132073,6.64668218470813,1.67304533015063,1.00320182505855
-17.0715369447087,-12.0461522395353,14.0636196187579,18.5450346717733,6.23125603005284,1.52081468063882,0.975668033990648
-17.8127611494706,-13.0362148700313,13.0763096739286,18.0178837818722,5.82307898724582,1.37497324232496,0.949915623920059
-18.533877980489,-14.002292523965,12.1009522167998,17.5017616316443,5.42130169415793,1.2352658242461,0.926009522176581
-19.2358765393615,-14.9459062239169,11.1359523976027,16.9949101802121,5.02507281848488,1.10139386084729,0.903998811846637
-19.9195994679471,-15.8683860192712,10.1798704767889,16.4956627029205,4.63355695843403,0.973028493748432,0.883917066173226
-20.5857549880457,-16.7708839729564,9.23142640855034,16.0024487661115,4.24594794148843,0.849821108613632,0.865782407355791
-21.2349303457732,-17.6543905537981,8.28949842207911,15.5137948233272,3.86147832156051,0.731411792932423,0.849597406471624
-21.8676061389978,-18.519753466007,7.35311662261401,15.0283213289885,3.47942575263082,0.617436124823713,0.835348911927189
-22.4841712722345,-19.3676982527669,6.42145251684646,14.5447371996701,3.09911685817552,0.507530661278091,0.823007878911852
-23.0849382844373,-20.1988500936134,5.49380514868667,14.0618322068585,2.71992911230407,0.401337444143378,0.812529251109449
-23.6701590101156,-21.0137564700825,4.56958441340442,13.5784678195189,2.34129119734354,0.298507803303571,0.803851938693877
-24.2400405683859,-21.8129104724133,3.64829194767213,13.093566840296,1.96268222779133,0.198705692541132,0.796898927181369
-24.7947618176239,-22.5967747059201,2.72949987375703,12.60610209983,1.58363018158334,0.101610752902059,0.791577551181112
-25.3344904245055,-23.3658058182341,1.81282755094399,12.1150843424897,1.20370982468446,0.00692125432736512,0.78777996628362
-25.8594008272338,-24.1204798296319,0.897916413411304,11.6195494060317,0.822540382327569,-0.085642977850057,0.785383859502165
-26.3696933512693,-24.8613184618864,-0.0155970859679804,11.1185447240948,0.439783175860272,-0.176337592828994,0.784253444094653
-26.865614793085,-25.5889167325755,-0.928110407615076,10.6111151990766,0.0551394306649494,-0.265390690501335,0.784240795331612
-27.3474807150816,-26.3039720176979,-1.84008566559229,10.0962885121015,-0.331651542497424,-0.35299978248396,0.785187592406968
-27.8156996390109,-27.0073147170581,-2.75208198369256,9.57306004230286,-0.720813571480301,-0.439328822621817,0.786927341892314
-28.2707993079307,-27.6999406076445,-3.66478908255961,9.04037776526962,-1.11253399844541,-0.524505433620878,0.789288168851571
-28.7134547509466,-28.3830444925595,-4.5790613950061,8.49712764690623,-1.50696289680458,-0.608618482749397,0.792096258238718
-29.1445179683933,-29.0580547547096,-5.49595164090222,7.94212048116694,-1.90421076003828,-0.691716177321106,0.795180035723964
-29.5650483737258,-29.7266676583841,-6.41674225921758,7.37408138722814,-2.30434421781804,-0.77380483592688,0.798375153643886
-29.9763428499641,-30.3908798474057,-7.34297252102147,6.791643671391,-2.70737928287663,-0.854848453750929,0.801530323550783
-30.3799636822737,-31.0530167728186,-8.27645849767636,6.19334917932025,-3.1132716149561,-0.93476910504666,0.804513986604986
-30.7777619372913,-31.7157539732875,-9.21930239824638,5.57765763613254,-3.52190333302874,-1.01344811179085,0.807221738945895
-31.1718932543871,-32.382127431273,-10.1738872512115,4.94296773516663,-3.93306606383035,-1.09072776201458,0.809584332957205
-31.5648222646772,-33.0555284259699,-11.1428525292163,4.28765272278589,-4.34644018747705,-1.16641318562023,0.811575950957253
-31.9593114810426,-33.7396779561071,-12.1290463539739,3.6101129152136,-4.76157069200203,-1.2402738207837,0.81322231407895
-32.3583901393106,-34.438575550782,-13.1354503607935,2.90884679308102,-5.1778406245187,-1.31204374235645,0.814608047220923
-32.7652987282608,-35.1564177639823,-14.1650743966212,2.18254109135792,-5.59444385112995,-1.3814200244387,0.81588260402153
-33.1834056134439,-35.8974826354999,-15.2208199172876,1.43017859602822,-6.01035961208949,-1.44805829778566,0.817263978891372
-33.6160934379278,-36.6659780892748,-16.3053132456684,0.651160288543035,-6.4243321036929,-1.51156477254142,0.819039421589628
-34.0666148147713,-37.4658545493552,-17.4207126271192,-0.154563816176502,-6.83485890884389,-1.57148424101466,0.821562436195363
-34.537919431557,-38.3005852188105,-18.5684962767138,-0.986363144540563,-7.24019246027545,-1.62728396197379,0.825245499729898
-35.0324576092445,-39.1729210112413,-19.7492420748936,-1.8428046386841,-7.6383586533289,-1.67833381617953,0.830548158521245
-35.5519690682032,-40.0846316043932,-20.9624134243665,-2.72155277836608,-8.0271961796546,-1.72388369521553,0.837960454690963
-36.0972699166401,-41.0362492924572,-22.2061698809981,-3.61930558899027,-8.40441892253695,-1.76303968446741,0.847981993834552
-36.6680558058515,-42.0268383778807,-23.4772253713769,-4.53178165391396,-8.76770167390981,-1.79474118143865,0.861097411196744
-37.2627440760509,-43.0538188546289,-24.7707801599267,-5.45377269918477,-9.11478622253138,-1.81774157209801,0.877749556455621
-37.8783820970068,-44.1128783328484,-26.0805540111949,-6.37927336965086,-9.44360057022921,-1.83059541086314,0.898312442876283
-38.5106501018995,-45.1980069669779,-27.3989442311442,-7.30169290407862,-9.75237871603798,-1.83165504831183,0.923066854759902
-39.1539824570971,-46.3016836405196,-28.7173209564968,-8.21414151673143,-10.0397630933127,-1.81907919735617,0.952182353615754
-39.8018185125371,-47.4152241123211,-30.0264511435689,-9.10976764979271,-10.3048679007536,-1.79085486242853,0.985709955388478
-40.4469717014143,-48.5292719703851,-31.3170131129838,-9.98210350736969,-10.5472813158959,-1.74483230559968,1.02358950356039
-41.0820768550528,-49.6343759243328,-32.5801316785273,-10.8253611061906,-10.7669899875597,-1.67877044044746,1.06567427670371
-41.7000476212825,-50.7215616018357,-33.8078400246532,-11.6346165383809,-10.9642204700673,-1.59038754934703,1.1117723966458
-42.2944600358298,-51.7827877230338,-34.9933713002024,-12.4058321072127,-11.1392073845397,-1.47741011189399,1.16170047699054
-42.8597849192928,-52.8111882085278,-36.1312084027641,-13.135695088577,-11.2919125860812,-1.33761148082527,1.21534068988319
-43.3914236853794,-53.8010463564341,-37.2168720003977,-13.8212913220064,-11.4217282867797,-1.16883269975651,1.27268952542271
-43.8855515894572,-54.7475138183208,-38.2464900838055,-14.4596694305916,-11.5271969141549,-0.968980206753698,1.33388637342379
-44.3388246975115,-55.6461560809429,-39.2162478872013,-15.0473755385799,-11.6057730134148,-0.735999450721296,1.39921334415756
-44.7480421026428,-56.4924520556474,-40.1218453676176,-15.5800418448247,-11.6536419813896,-0.467828990718593,1.46906386340273
-45.1098641055954,-57.2813867428724,-40.9580852443968,-16.0520976335189,-11.6656031343111,-0.162345701407827,1.54388500484961
-45.4206671281071,-58.007249223823,-41.7186806278499,-16.456644995227,-11.6350232673862,0.18268276737645,1.62410510180855
-45.6765764011297,-58.6636954500886,-42.3963209281052,-16.7855128603635,-11.5538710358136,0.569617991890093,1.7100619801763
-45.8736706680983,-59.2440726346025,-42.9829824154355,-17.0294786673131,-11.4128482986592,1.00092074620848,1.8019468451836
-46.0083131093726,-59.7419473319838,-43.4704289207442,-17.1786314685358,-11.2016380800386,1.4790480422603,1.89977410729061
-46.0775401585423,-60.1517470388228,-43.850828586209,-17.2228463161069,-10.9092887629695,2.00625470202288,2.00337906859197
-46.0794406284662,-60.4694242108822,-44.1174200057727,-17.1523498156855,-10.5247536895966,2.58427625221345,2.11243530285461
-46.013479783288,-60.6930812302279,-44.2651946961552,-16.9583822397026,-10.0376109256419,3.21386618312008,2.22647414128724
-45.8807588680788,-60.823545719008,-44.2916158048806,-16.6340021353866,-9.4390063608155,3.8941529112458,2.34488200695756
-45.6842367181483,-60.8649391372498,-44.1974512007491,-16.1751299569583,-8.72289636572608,4.62177261261291,2.46684845357464
-45.4289631410198,-60.825316584237,-43.9878441425161,-15.581976020229,-7.8877052661469,5.38973292089722,2.59123900504791
-45.1223700693277,-60.717446398074,-43.6737486706815,-14.8610184231227,-6.93852996222529,6.18599098908672,2.71637348324216
-44.7746232838115,-60.5597149871028,-43.2737762426084,-14.0276348237449,-5.88995987137413,6.99182796185559,2.83970749020495
-44.3989393776357,-60.3769476611727,-42.8162647351927,-13.1092512365863,-4.76933169478714,7.78032925482881,2.95745314039402
-44.011612458278,-60.2006079133549,-42.3409137408049,-12.1483241981097,-3.61967631017821,8.51568224030891,3.06424918762063
-43.631307697593,-60.0674442770582,-41.8986490039636,-11.2035781728834,-2.50071046061569,9.15450500229348,3.15309899487703
-43.2771108109654,-60.0155027539275,-41.5478388827215,-10.3470307249665,-1.48536718645714,9.6506313015617,3.21587902681016
-42.9651471763527,-60.0770971319888,-41.3454719143502,-9.6545367249138,-0.649673894912208,9.96392599703884,3.24463270688797
-42.7044740556822,-60.2702062449748,-41.3343295090416,-9.190236378401,-0.0566280301557907,10.0712667574179,3.23345825006485
-42.4939754802245,-60.5919469613941,-41.5308382230261,-8.99000717353141,0.26045832664626,9.97495149821658,3.18021491070649
-42.322061596102,-61.0179382052705,-41.9198727693193,-9.05194225220727,0.306928702370797,9.70353137486393,3.08707429613375
-42.1695260090647,-61.5083109401923,-42.459492349116,-9.33885822569841,0.123282200868987,9.30406977416204,2.95955602150814
-42.0140589671299,-62.0171936058228,-43.0926608921898,-9.79060687891661,-0.228080231175062,8.82999000913151,2.80464984055218
-41.8343303489487,-62.5012787599041,-43.7598618175492,-10.3391836652185,-0.678484423786972,8.33026858533538,2.62902982507982
-41.6124394901926,-62.9249560901804,-44.4081031483517,-10.9206254883802,-1.16493639759833,7.84322799056394,2.43799896965881
-41.3347269525014,-63.2620199443502,-44.9952765387995,-11.4816544246674,-1.63653142963217,7.39486250390516,2.23521957619241
-40.9915664218574,-63.4952440251481,-45.4911160369184,-11.9820529365949,-2.05648837315308,6.99997385366316,2.02296477643878
-40.5767786534239,-63.6151284867168,-45.8764751809973,-12.3946677099094,-2.40179506444824,6.66440623467664,1.80260098552005
-40.0870784646537,-63.618610345883,-46.1421334286839,-12.7045237198356,-2.66194476312133,6.38734261196283,1.57510667224921
-39.5217273427358,-63.5080221923569,-46.2876554430699,-12.9077548291579,-2.83742930102797,6.1632507325983,1.34152232118255
-38.8823911537202,-63.2902554158393,-46.3203076351381,-13.0104139073369,-2.9380286433021,5.98343918578374,1.10327507285307
-38.1730892632169,-62.9759282920613,-46.2537638047365,-13.0268704679425,-2.98064234917197,5.83733344086076,0.862343587155943
-37.4000636078227,-62.578347698513,-46.1063101100842,-12.9774754144711,-2.9864552108329,5.71358812795082,0.621248030589085
-36.571411134473,-62.1121682143935,-45.8984667809905,-12.8854448372104,-2.9775458533914,5.60108242110805,0.382880060100476
-35.6964209688483,-61.5918516325976,-45.6502857955123,-12.7733509148745,-2.97345419784089,5.48975910443318,0.150223975687734
-34.7847043315119,-61.0302173940587,-45.3788756564938,-12.6599585133349,-2.98846747510813,5.37121740661292,-0.0739542481549088
-33.8453230252189,-60.4374360843547,-45.0967573831518,-12.5581753102298,-3.03027771409609,5.23898493011397,-0.28737376460187
-32.8861407427543,-59.8207032104041,-44.811413613448,-12.4745420392968,-3.10023162335818,5.08846428408677,-0.488411442485842
-31.9135325213495,-59.1845999585345,-44.5259865043163,-12.4101643598959,-3.19487059331955,4.91663117338096,-0.676166780304701
-30.9324491591004,-58.5319296785489,-44.2407310684607,-12.3625616539788,-3.30811612628279,4.72160744678926,-0.850434587098892
-29.9467201672749,-57.8647140609327,-43.954691079634,-12.327760066767,-3.43342044098701,4.50222854520389,-1.01161373179454
-28.9594328829704,-57.1850580947409,-43.6671402309618,-12.3020773199314,-3.5654090219372,4.25768561517863,-1.16058002551115
-27.9732435161729,-56.4956974466087,-43.3785228995894,-12.2833001138315,-3.70083069331353,3.98727667556749,-1.29854544970109
-26.9905295029012,-55.8001606001656,-43.0908246988728,-12.2711989332478,-3.83886397441696,3.69026911538816,-1.4269198374901
-26.0133524918045,-55.1025696107067,-42.8074384768297,-12.2674825742898,-3.98094921717764,3.36586269564228,-1.54718617684122
-25.0432499996354,-54.4071565883658,-42.5326554477714,-12.2753574020605,-4.1303365697869,3.0132427415474,-1.66079621123227
-24.0809046952727,-53.7175942466273,-42.2709219441723,-12.298852657461,-4.29150181116439,2.63171921407241,-1.76908829121593
-23.1257538134824,-53.0362388769772,-42.0259838626911,-12.3420371277144,-4.46952474612081,2.22095296717507,-1.87322473212286
-22.1756012627716,-52.3633722601916,-41.8000115016736,-12.4082087448177,-4.66947202103794,1.78127297740079,-1.97414213618272
-21.2262871627441,-51.6965122180126,-41.5927681194103,-12.4991006729306,-4.89578762552476,1.3140865312961,-2.07250607976326
-20.2714613803947,-51.0298483921555,-41.4008651185589,-12.6141226817869,-5.15167221977783,0.822376910682607,-2.16866179848804
-19.3025059682139,-50.3538580633352,-41.2171423595301,-12.7496503760658,-5.43842733676404,0.311266915027129,-2.26257528402404
-18.3086615297203,-49.655174360477,-41.030231526871,-12.8983930525938,-5.75475516650325,-0.21140329079318,-2.35376491195283
-17.2774339008935,-48.9168180028375,-40.8244076399968,-13.0489184339958,-6.09604440933565,-0.734583994276434,-2.44123289754499
-16.1953789899322,-48.1189520299954,-40.5799013457478,-13.1854873676439,-6.45374231349871,-1.24377610352206,-2.52341864762875
-15.0493592876643,-47.2403435933176,-40.2739038363434,-13.2884343131507,-6.81500749826075,-1.72127904634649,-2.59821053121862
-13.8282951604838,-46.2606570206776,-39.8824855245954,-13.3353688296916,-7.16292696407621,-2.14718799883187,-2.6630621649897
-12.5252623693369,-45.1634906620369,-39.3834858459699,-13.3033856929099,-7.47759485583214,-2.50131234975683,-2.71525165832883
-11.139529537583,-43.939694626328,-38.760066286014,-13.1721812555245,-7.73819823691699,-2.76591659024629,-2.75228416826625
-9.67790175488454,-42.5900989218086,-38.0041392656271,-12.9275101566936,-7.92589467422341,-2.92876315785989,-2.77236997808432
-8.15473989804664,-41.126632143757,-37.1185724773266,-12.5640008536351,-8.02681283133142,-2.98556663012319,-2.77484207580392
-6.5903954286148,-39.5711856205062,-36.1172553174503,-12.0863216321407,-8.03424676953269,-2.94095607326123,-2.76036138798626
-5.00841660276839,-37.9524134132125,-35.0228620325038,-11.5082216176181,-7.94930931733717,-2.80753410899924,-2.73082658157814
-3.43237668589635,-36.3014808846298,-33.8630593877171,-10.8498129405141,-7.77991647414845,-2.60338256306763,-2.68902737719216
-1.88323080660675,-34.6480623941358,-32.6664107763373,-10.1340844998932,-7.53861831113895,-2.34891867981651,-2.63817719785407
-0.377742236300481,-33.0175352015528,-31.4590756126684,-9.38370244121193,-7.24008871011955,-2.06405022371707,-2.5814768935735
1.07197411215503,-31.4296628974228,-30.2628303517842,-8.61875474906571,-6.89895871479843,-1.76620878921504,-2.52180661022588
2.45808096254944,-29.8985273912639,-29.0943663297293,-7.85558727463206,-6.528331996881,-1.46937819090851,-2.46156897865304
3.776208478529,-28.4332402213126,-27.9655022624395,-7.10652955599959,-6.13900145318022,-1.18392399164718,-2.40265544088496
5.02452477572702,-27.0389876121273,-26.8838927145354,-6.38018584338977,-5.73921054000477,-0.916925395703436,-2.34648921890597
6.20288500190412,-25.7180995379926,-25.8539036459798,-5.6819986593212,-5.33476262471976,-0.67274423230723,-2.29410280383597
7.31215084130098,-24.4709739804607,-24.8774525567844,-5.01488478814922,-4.92931751714148,-0.453650930261066,-2.24622085047347
8.35370588489629,-23.2967883408863,-23.9547161380228,-4.3798364091205,-4.52477455328032,-0.260409292992325,-2.20333205202112
9.32916077375769,-22.1939870217727,-23.0846780525937,-3.77645015610314,-4.12169759120465,-0.09277985806363,-2.16574267414246
10.2402313130041,-21.1605618890555,-22.2655305939755,-3.20339268907844,-3.71977794110945,0.0500652772602178,-2.13361014049587
11.0887682458446,-20.1941573349394,-21.4949678564258,-2.65883721607616,-3.3183517941087,0.16920915643627,-2.10695885940526
11.8769069208532,-19.292047243168,-20.7704221267072,-2.14091225989196,-2.91698330212438,0.265729656842269,-2.08568392596368
12.6072815923719,-18.4510530255573,-20.0892985757927,-1.64818622078283,-2.51608582696933,0.34050924908554,-2.06955214451079
13.2832160727003,-17.6674928463732,-19.4492463012811,-1.18016193135442,-2.1174833240984,0.394118731573431,-2.05821277659499
13.9087816308152,-16.9372510339562,-18.8484577347624,-0.737682291987158,-1.72474032247323,0.42677943672972,-2.05122902578137
14.4886398714202,-16.2560082532028,-18.2859230842312,-0.323091965585406,-1.34307731483482,0.438396472069669,-2.04813192357096
15.0276827151393,-15.6195775960717,-17.7615225854551,0.0599750470728031,-0.978801833309399,0.428633882755677,-2.04848321749882
15.5306048371607,-15.0241989602501,-17.275864934215,0.407178940419292,-0.638402635624427,0.396987466145004,-2.05192418497833
16.0016043733733,-14.4666313014544,-16.8298801797786,0.71425291556259,-0.327634955041368,0.342820106311645,-2.05819416360451
16.4443426527586,-13.9439777687746,-16.4242870166248,0.977715761486475,-0.0509199168977872,0.26535555558741,-2.06712197687961
16.8621482594548,-13.4533184880581,-16.0591011602363,1.19531866493138,0.188805894454173,0.163655740961019,-2.07860787857851
17.2583357970086,-12.9913092477662,-15.7333117986332,1.36617297784162,0.389871684639096,0.0366140698777929,-2.09261196734589
17.6364915155507,-12.5538901250452,-15.4447695724158,1.49062806530249,0.551473525710562,-0.117014787782369,-2.10915305792388
18.0006354216925,-12.1361723562918,-15.1902568159887,1.57001437579843,0.673267361824939,-0.298544471973182,-2.12831191677355
18.3552443490567,-11.7324927319542,-14.9656734249437,1.60635326925629,0.755051215592587,-0.509251745463872,-2.15023027209321
18.7051728951251,-11.3365754013656,-14.7662646280091,1.60210113990756,0.79656520805504,-0.750244893493959,-2.17510015383916
19.0555299676414,-10.9417252126202,-14.5868263711601,1.55996611983576,0.797400219664121,-1.02231189905319,-2.20314267430468
19.4115650189378,-10.5409852820482,-14.4218401422328,1.48281717448849,0.756995177574522,-1.32575060260845,-2.23457844242028
19.7786007484109,-10.1272136666347,-14.2655075039981,1.37369461256105,0.674706800635763,-1.66017882981987,-2.26959260952317
20.1620271272507,-9.69306115151424,-14.111673187581,1.23592401170818,0.549944488115385,-2.02431907839844,-2.30829660391041
20.5673504286594,-9.23085819905788,-13.9536425656689,1.0733300156257,0.38237172265094,-2.41575102822014,-2.35068692028547
21.0002734569261,-8.73244157549466,-13.7839146508394,0.890540922647339,0.172181511643794,-2.83062761235392,-2.39659994613198
21.4667690167581,-8.18897031499907,-13.5938667894052,0.693367285871655,-0.0795447193401179,-3.26335888612384,-2.4456614880433
21.973096877616,-7.59079880009725,-13.3734452376679,0.489224530608491,-0.370390270910105,-3.70628514949863,-2.49723104167409
22.5257042685702,-6.92749315086421,-13.1109396022573,0.287546879924797,-0.696079511041245,-4.14938912328388,-2.55034438531237
23.1309442361458,-6.18809326008017,-12.7929487039642,0.100105249348341,-1.04991975456014,-4.58013668854796,-2.60366406941003
23.7945527640174,-5.36172606264936,-12.4046728283989,-0.0589014804321142,-1.42230037471719,-4.98358054962057,-2.65545531469607
24.5208578985094,-4.43864571526357,-11.9306724870188,-0.173149098045513,-1.80040266089045,-5.34289266214884,-2.70361247437173
25.3117665151022,-3.41168820634821,-11.3561844471609,-0.225050248655895,-2.16832554622424,-5.64047512031411,-2.74576359523923
26.1656873122388,-2.27796962322335,-10.6689502901989,-0.197259120211863,-2.50782977546612,-5.8596938144806,-2.77947050134418
27.0766704217945,-1.04046117124119,-9.86129360153165,-0.0747114761136967,-2.79979531075766,-5.98706682668452,-2.80251403245081
28.0341019937284,0.291063037984294,-8.93195327557903,0.153168361431273,-3.02625831176553,-6.0144726488315,-2.81321307152655
29.0232063716764,1.70015821480894,-7.88708652856632,0.490669144634863,-3.17261630785714,-5.94076277176136,-2.81069129820191
30.0263629951565,3.1650752057897,-6.74002257973836,0.934970466086499,-3.22941964446956,-5.77222914575438,-2.79500375494728
31.0249430038749,4.6610764114048,-5.50975588199225,1.47657654578856,-3.19324566163101,-5.52172798808091,-2.76707830383367
32.0011823091137,6.16307810209409,-4.21861107349676,2.10084566029874,-3.06647213659028,-5.20673318247819,-2.72849540452447
32.9396420114716,7.64794889588832,-2.88974250530714,2.79010722192717,-2.85615144219125,-4.84692127862461,-2.68118395306819
33.828020257533,9.0960301694975,-1.54505327249671,3.52577459224884,-2.57242780482483,-4.46191971303425,-2.62712339964179
34.6573300413096,10.4917865100149,-0.203838941627499,4.29002273427173,-2.22695352358223,-4.06963290769235,-2.56811639747354
35.4216239611974,11.823759226014,1.11783369685056,5.06685745581761,-1.83161248341819,-3.68527109092486,-2.50565614480663
36.1174961173349,13.0841078550436,2.40718842323411,5.84261582750895,-1.39767361082319,-3.32098978251482,-2.44088093616436
36.7435577716046,14.2680114069015,3.65447514804891,6.60604702699724,-0.935358863079435,-2.98595184532491,-2.37459381076148
37.3000192397748,15.3731284313881,4.85258511044508,7.34814331678041,-0.453742373899932,-2.68662260380924,-2.30732461710888
37.7884481582901,16.3992329037514,5.99669030310905,8.06186273648112,0.0391190407869439,-2.42715331822148,-2.23941815729295
38.211723143175,17.3480712376316,7.08398792499248,8.74184326465017,0.535918141126955,-2.20976229438518,-2.17113931101482
38.574155522459,18.2234221108667,8.11357488994716,9.38417127441335,1.02978166884059,-2.03506818788698,-2.10279046534493
38.8817002914825,19.0312759779364,9.0864286394887,9.98623938531584,1.51400215705427,-1.902362589233,-2.03483632591816
39.1421213431936,19.7799850491644,10.0054268592044,10.5467056474522,1.98192220924697,-1.80983112552705,-1.96802599817948
39.3649355152063,20.4801867284022,10.8753044756033,11.0655383984702,2.4270671455207,-1.75474713080886,-1.9034938741156
39.5609719250018,21.1443106883865,11.7024329258263,11.5440919245469,2.84356471403011,-1.73367011312005,-1.84281367143281
39.7414771250243,21.7855723561841,12.494326915741,11.9851112954602,3.22677547369846,-1.74268089584394,-1.78797980487903
39.9168586469618,22.4165228424982,13.2588421223738,12.392532870812,3.57392094886593,-1.77767452735222,-1.7413009840015
40.0953202018523,23.0474029494044,14.0031130635369,12.770963463234,3.88441702156346,-1.83471264414708,-1.70521056535945
40.2817184426256,23.684654515073,14.7323704340686,13.1248048736987,4.1596652538048,-1.91041548525037,-1.68201915906535
40.4769304385757,24.3299335933051,15.4488452822519,13.4571223051231,4.40222371569031,-2.00235742808917,-1.67364964070775
40.677894736135,24.9798648562746,16.1509930223582,13.768482809656,4.61449775888353,-2.10942127621272,-1.68140072021147
40.8783339344389,25.6266214408845,16.8332414879643,14.0560585267523,4.79726800894243,-2.23206364781265,-1.70578450890582
41.0700202303463,26.2592432821749,17.486378183631,14.3132651981424,4.94844649946064,-2.37244621168602,-1.74647623988441
41.2443259401631,26.8654423673124,18.0985491249841,14.5300844115013,5.0624004457533,-2.53439963036465,-1.80239652647539
41.3937379231407,27.4335263608622,18.6566815463047,14.6940299884795,5.13001890768047,-2.72321321066505,-1.87191639261333
41.5130436863047,27.9540599572879,19.1480312162418,14.7915352532166,5.13947353714674,-2.94527811687228,-1.95314039328741
41.6000279670831,28.4210064627814,19.5615548466284,14.809444764395,5.07743256294345,-3.20763907138908,-2.04419973963644
41.6557004945412,28.8323047524038,19.888925719395,14.7363375218604,4.93041448560343,-3.51751109875793,-2.14348829058384
41.6842251594283,29.1900392607532,20.125187397753,14.5635611124657,4.68604032452802,-3.88178896511034,-2.24979781006337
41.6927779303279,29.5004684783329,20.2691943868005,14.2860380358325,4.33410994127178,-4.30652738463296,-2.36233962806385
41.6915272297017,29.7741753295706,20.3240724903396,13.9030451867849,3.86760717447861,-4.79631530401143,-2.480661089108
41.693843813614,30.0265268816246,20.297944749456,13.4192369038079,3.28387230376389,-5.35341820649083,-2.60446925926139
41.7167419890515,30.2785199253379,20.2051315082544,12.846186231655,2.58625077450622,-5.97652503750633,-2.73336445230355
41.7814282097591,30.5579400438541,20.0679430154347,12.2046530534761,1.78652547506817,-6.65892696351893,-2.86647204228431
41.9136500174837,30.9005203565634,19.9189846978328,11.5275922371332,0.908314640550375,-7.38602288337789,-3.0019574536164
42.1432558443034,31.350369957925,19.8034707159476,10.863448998664,-0.00877476199599769,-8.13230111683955,-3.13643902056636
42.5020198423051,31.9583286265526,19.7802600569049,10.2783689073138,-0.905338313321439,-8.85855425815176,-3.26440919671406
43.0186130556873,32.7763648978375,19.9192790866386,9.85460088767232,-1.7013088875643,-9.5111267438019,-3.3779576816241
43.7102582913506,33.8465573286479,20.2924712286937,9.68142824563761,-2.30210553255572,-10.0260317112997,-3.46729173836451
44.5728252499804,35.185913162866,20.9572157089535,9.83657452694787,-2.61516977567407,-10.3403054438416,-3.52250274987526
45.5743088284147,36.7731922590301,21.9365766250639,10.3621513044547,-2.57476140923726,-10.4091379827108,-3.53637782548816
46.6574777575753,38.5468385669815,23.2067317736671,11.2469387116728,-2.16422048377672,-10.2212613348644,-3.50697102755096
47.7527120927897,40.4182913731375,24.7008477183218,12.4270327969744,-1.42204308515453,-9.80307824487739,-3.43826752726949
48.7946880264446,42.2943199702477,26.3281357645272,13.8053962936434,-0.427733531646011,-9.20875100828701,-3.33847024465624
49.7343936387763,44.0964169710364,27.9968149992393,15.2782332825547,0.722878811892112,-8.50305816885345,-3.21713672071419
50.5427797465771,45.7699385596994,29.6301563090092,16.7550382368279,1.93932392814773,-7.74646044614647,-3.08280855393094
51.2080530840633,47.283739850416,31.1724618911416,18.1674547534311,3.14836819552868,-6.98706563831239,-2.9418828039935
51.7305054722055,48.6249588323121,32.5878607905027,19.469458942107,4.29697525143688,-6.25880821385909,-2.79853433673763
52.1176281532366,49.792980794698,33.8560651046398,20.6334414328853,5.35028062102405,-5.58308023070153,-2.65518026191425
52.3805660385881,50.7945509230005,34.9678712883985,21.6455135632507,6.28793595693058,-4.97148461370668,-2.51309215421278
52.5319149826948,51.6404564493402,35.9215855005621,22.5015765980236,7.10062432827723,-4.42847044793116,-2.37296187869408
52.5844735575216,52.3434883491464,36.7205629450949,23.2045064740184,7.78735229255781,-3.95342546954537,-2.23535822196493
52.5505290491161,52.9172145085286,37.3716290257386,23.7622529666471,8.35348920101172,-3.54221704830073,-2.10106518664581
52.4413620856413,53.3751557017312,37.8840470886522,24.1864805065052,8.8092730725381,-3.18832490716653,-1.97130148521236
52.2667958283083,53.730099570563,38.2687399017605,24.4913988279986,9.16846510688048,-2.88372806858143,-1.84781449417377
52.0347545490863,53.9934504689563,38.5375742320652,24.6925520259507,9.4469208918059,-2.61966938309696,-1.73284034329627
51.7509074660392,54.1746572944574,38.7026397501518,24.8055059852404,9.66100738962686,-2.38735961848013,-1.62893487145957
51.4185241764217,54.2808455806335,38.7755607764169,24.8445430094708,9.82597623993897,-2.17862140158909,-1.53870650579505
51.0386391239867,54.3167757830566,38.766940120879,24.8215750881346,9.95453211256632,-1.98643080694594,-1.46450916945994
50.61053105243,54.2851659386737,38.6860304249888,24.7454794338612,10.0558481466462,-1.80530479367123,-1.40816431334613
50.1324231888202,54.1873063739164,38.5406714014139,24.6219529708267,10.135175419999,-1.63150525524766,-1.37076759432297
49.6022528220016,54.0238153019782,38.3374540705813,24.4538382733465,10.1940323257497,-1.46306827716251,-1.35260449599704
49.0183622226246,53.7953651472961,38.0820116964978,24.241763259681,10.2308272240531,-1.29969822853448,-1.35316723012706
48.3800061978081,53.5032394627281,37.7793126229356,23.9848975095208,10.2417136194824,-1.14257733982078,-1.37124661459103
47.6876231973788,53.1496318609642,37.4338446186955,23.681652161694,10.2214962295191,-0.994133528606793,-1.40507028586223
46.9428580126346,52.7376516959565,37.0496239388005,23.3302079105011,10.1644604962654,-0.857792675892967,-1.45246606212852
46.1483564338447,52.2710538839434,36.6300234407557,22.9288204691533,10.0650511720012,-0.737727149338139,-1.51103741242535
45.3073828889814,51.7537629996867,36.1774776427528,22.475911259292,9.91836246828646,-0.638605762453329,-1.57834082373991
44.4233439134611,51.1893097827205,35.6931711647638,21.9699991361527,9.72042901006288,-0.565350909386789,-1.65205209038146
43.499321572165,50.5803220181634,35.1768295765882,21.4095609220615,9.46833551568912,-0.522911285789565,-1.73010465201943
42.5377137178861,49.9281901918552,34.62669609817,20.7929142496743,9.16019559847818,-0.516057967109515,-1.81078385081628
41.5400367592714,49.232961711571,34.0397063707742,20.1181905022987,8.79507366046376,-0.549205857873896,-1.89276879221592
40.5068876638672,48.4934353641631,33.4118023511278,19.3834187645224,8.37292327840838,-0.626254430388211,-1.97512504195412
39.4380171364984,47.707374543484,32.7382941212944,18.5866995335643,7.8945909418192,-0.750435483075881,-2.05726039274028
38.3324541806933,46.8717546314665,32.0141953391725,17.7264306884878,7.36190201219906,-0.924152946755008,-2.13885829597655
37.1886409874202,45.9829964096153,31.2345054380995,16.8015609580401,6.77782505624031,-1.14879888227544,-2.21980012987705
36.0045670331464,45.0371838384621,30.3944593893659,15.8118731211692,6.14670690907034,-1.42452854148888,-2.30008187602713
34.7779160964963,44.0302991568658,29.4897961162699,14.7583233939928,5.47457662903006,-1.74997563848467,-2.37972609265804
33.5062552332862,42.9585270903116,28.5171091101325,13.6434758512963,4.76952028114013,-2.12188944841726,-2.4586875770316
32.1873026412685,41.8186873865768,27.4743432149431,12.4720683118249,4.04212031421312,-2.53468277592855,-2.53675089561766
30.8193148631027,40.6088549170371,26.3614926425847,11.2517264469545,3.30592610362808,-2.97990083975917,-2.61342026690126
29.4016302623977,39.3292139828921,25.1815298651246,9.99379857985782,2.57787035123592,-3.4456638188222,-2.68780795440886
27.9353866719974,37.9831543616695,23.9415374818634,8.71420388665319,1.87846777592825,-3.91620726736009,-2.75853757163612
26.4243810008785,36.5785286560446,22.6539053472984,7.43406512921736,1.23153939735282,-4.37174221398773,-2.82369339061321
24.8759457211016,35.1288408524238,21.337288896044,6.1797534306856,0.663139560215356,-4.78895196457283,-2.8808619101482
23.3015886244689,33.6539462313292,20.016842697183,4.98187934426893,0.199407889651372,-5.1424627749733,-2.92731639545374
21.7170337338026,32.1797105988245,18.7231672927004,3.87285632123197,-0.136671272949272,-5.40746163124924,-2.96037162980538
20.1413215475582,30.7361712161189,17.4896144361666,2.88307015582938,-0.329114401797817,-5.56321488778615,-2.97787290840848
18.5948789864387,29.3541959645457,16.3481791650289,2.0363726383808,-0.37233456813993,-5.5966708673798,-2.9786964085849
17.0969186134051,28.0613461160944,15.3249694708476,1.3462313323351,-0.272811438204,-5.5049556481555,-2.96308241232582
15.6629240714543,26.8781900648674,14.4366846967881,0.813899493676495,-0.0482294982602305,-5.2957822283412,-2.93265899581235
14.3030151319654,25.8162399383956,13.6892306664056,0.429222329002297,0.275698384734309,-4.98560827914382,-2.89014203595245
13.0215938692949,24.8779707329736,13.0786779508968,0.173595432640896,0.6695715298469,-4.59630172682641,-2.83883663348833
11.8181248826554,24.0585196704683,12.5938502482116,0.02385813347904,1.10440234052031,-4.15151122864321,-2.78212292956273
10.6885478719676,23.3481848381502,12.2194503697733,-0.0441026134206055,1.55451976616859,-3.67372709891732,-2.72306642686101
9.62679114246587,22.7348870477866,11.9388311037418,-0.0527585872609215,1.99901488521168,-3.18246677852335,-2.66420359287739
8.62603756394598,22.206101759154,11.7359746575729,-0.0215052796263491,2.42198337872789,-2.69352622586788,-2.60748045587058
7.67961288038288,21.7501229587207,11.5966409809398,0.0338272960622201,2.81201297546465,-2.2189916631715,-2.55429036651702
6.78151585872122,21.3567418402688,11.5088566577638,0.100847230918554,3.16132429368787,-1.76767593403676,-2.50555844209187
5.9266749978191,21.0175048063627,11.4629687690307,0.170151005209836,3.4648429655109,-1.34572219038426,-2.46183581542926
5.11102421501678,20.7257103580615,11.4514558298848,0.234757586545942,3.71935419934528,-0.957217386428818,-2.42338324090187
4.3314705488835,20.4762639641319,11.4686292155685,0.289548517147405,3.92280415136099,-0.604737823774411,-2.39023544509776
3.58579866978853,20.2654618250533,11.5103017093215,0.330775627725315,4.07376718586321,-0.289799817181212,-2.3622443216696
2.87252623173776,20.0907274434241,11.5734514593028,0.355659396739626,4.17108392200615,-0.0132155824067983,-2.33910221245926
2.19069007793498,19.9502762904654,11.6558647979052,0.362074848914704,4.21368009754964,0.224634625028156,-2.32034807208619
1.53950628635189,19.8426324861715,11.7556957345644,0.348298453034579,4.20058912202413,0.423602583320908,-2.30536174083184
0.917819582569826,19.7658822578824,11.8708428152461,0.312765136907427,4.13120546477244,0.583639822104476,-2.29335756237308
0.323279507752456,19.7165739929219,11.9980565697157,0.253771287758104,4.00576567801108,0.704740268471595,-2.28339963142127
-0.24868314981899,19.6883514194403,12.1318271582951,0.169091728578676,3.82596004091221,0.786974416232103,-2.27447214089044
-0.805730971222304,19.6707719798589,12.2634008716875,0.0555912679979329,3.59542799052254,0.830621810926747,-2.265632439427
-1.35873771241716,19.6491169007733,12.3805805341189,-0.0909335158257427,3.31978926186852,0.83636383766435,-2.25623013083696
-1.92066145325752,19.6058584808637,12.4688758987903,-0.27541749664007,3.00598892295427,0.805436390030366,-2.24610342181048
-2.50437376829307,19.5235443513206,12.5138399768661,-0.502683853728652,2.66112687435575,0.739628724498509,-2.23563311171854
-3.12042028174821,19.3878108919418,12.5035491209444,-0.776470730388247,2.29130596352534,0.64109900221451,-2.22560749778031
-3.77575235293912,19.1891206653258,12.4300563826706,-1.0988282659155,1.90099910592697,0.51209780901245,-2.21697588488436
-4.47375524968069,18.9227578540739,12.2894066480627,-1.47011066876501,1.49304912914996,0.354733758862687,-2.21062145316784
-5.21515223207607,18.5876263167965,12.0806465005334,-1.88941562555232,1.06907026751173,0.170858512780857,-2.20723278359748
-5.99914876761436,18.1847046580141,11.8045364757602,-2.35516809997424,0.629953078131418,-0.0379305654102383,-2.20727365149653
-6.82439293390273,17.7157399250365,11.4624581267501,-2.86561579734641,0.176295164669298,-0.270210658401245,-2.21101006964287
-7.6896141970359,17.1823766823947,11.0556896056546,-3.41914132137805,-0.291286070078027,-0.524615121549976,-2.21855466440699
-8.59397364638374,16.5856831563115,10.5850241956327,-4.01439208998679,-0.771931941039929,-0.79969776715947,-2.22990523772717
-9.53721064170839,15.9259620094573,10.0506407903982,-4.65026581306894,-1.26436929911739,-1.09378631618415,-2.24496883619345
-10.5196606186759,15.2027448049332,9.45214292766641,-5.32578984072497,-1.76675108959969,-1.40482382604531,-2.26357038648921
-11.5421908736101,14.4149063554115,8.78871327307458,-6.03992047191107,-2.27649029824563,-1.73019515042577,-2.28544783514888
-12.6060753313911,13.5608698947838,8.0593590980603,-6.7912763625815,-2.7900804890351,-2.06653799604742,-2.31023636677971
-13.7128110236279,12.6388984496477,7.26324373149625,-7.57781388833759,-3.30290903371478,-2.4095442949259,-2.33744444433037
-14.8638684291772,11.6474810164292,6.40010765423621,-8.39645379240209,-3.80908327417887,-2.75376766312313,-2.36642502101956
-16.0603649058682,10.5858240145169,5.47078008431875,-9.24267898794042,-4.30130669549829,-3.09246699285414,-2.39634672484803
-17.3026563243921,9.45444715551596,4.4777658036719,-10.1101436674368,-4.77086109541208,-3.41753385454845,-2.42617212334765
-18.5898589898162,8.25585569344426,3.42586101757437,-10.9903625741834,-5.20776741866448,-3.71956867412509,-2.4546528877909
-19.9193433303868,6.9952172970682,2.32270792819525,-11.8725801628251,-5.60120297513242,-3.98817941281023,-2.4803536164258
-21.2862796720236,5.68091799641491,1.1791503553554,-12.7439385592465,-5.94023224155328,-4.21256396824481,-2.50171528432908
-22.6833531006984,4.32482653799255,0.00922390623442659,-13.5900495810709,-6.21484909592242,-4.38239043145019,-2.51716348358758
-24.1007780032794,2.9420911587847,-1.17036549020124,-14.3960095662843,-6.41722922768344,-4.48890391429114,-2.52525473173716
-25.5267095713345,1.55035818361072,-2.34132754040477,-15.1477743018208,-6.54297732417565,-4.52608344548038,-2.52483832514396
-26.9480603650729,0.16844381316888,-3.48533247775907,-15.8336685511324,-6.59207725599907,-4.49159272755794,-2.51519801513619
-28.3516071764856,-1.18533269836566,-4.58574137266036,-16.4457070195275,-6.56927257327207,-4.38726842581938,-2.49613559298535
-29.7251706329454,-2.49481579018469,-5.62915531867792,-16.9804161781148,-6.48373922155669,-4.21899417871958,-2.4679719317012
-31.0586216435285,-3.74733092430123,-6.60645845738404,-17.4389820496719,-6.34811545809253,-3.99598377078181,-2.43146588597906
-32.3445321638639,-4.9344231136376,-7.51319239643891,-17.8267492435177,-6.1771319972549,-3.72966273428924,-2.38767600667341
-33.5784084430299,-6.0519751109599,-8.34930183085912,-18.1522666798,-5.98615946234793,-3.432419630839,-2.33780285235766
-34.7585623734441,-7.09982857902009,-9.11844067061547,-18.4261481357682,-5.78994544351642,-3.11647509011821,-2.28304708457508
-35.8857459210319,-8.08111393359162,-9.82707869062031,-18.6599865200886,-5.60169666764083,-2.79302337457669,-2.22450546443923
-36.9626841266099,-9.00149017736513,-10.4836131382553,-18.8654721486665,-5.43253822567359,-2.47169401603197,-2.1631115607712
-37.993612301436,-9.86843858871209,-11.0976119936023,-19.0537693770925,-5.29129575180281,-2.16030137412016,-2.09961661172174
-38.9838780776091,-10.6906832330627,-11.6792371165365,-19.235135179055,-5.18450890628113,-1.86481098230868,-2.03460045726796
-39.9396285260681,-11.4777529848806,-12.2388389087081,-19.418726504296,-5.11658432567228,-1.58944589853324,-1.96850168515554
-40.8675742443902,-12.2396629439658,-12.7866834527564,-19.6125335439668,-5.09001550423782,-1.33686927910014,-1.90165789882116
-41.7748076057059,-12.9866761922449,-13.332763181823,-19.8233827502002,-5.10562168833295,-1.10839847342371,-1.83434954511249
-42.6686475650951,-13.7291037564389,-13.886645014074,-20.0569669173865,-5.16277965777239,-0.904223525679016,-1.76684294256665
-43.5564849112299,-14.4771057466484,-14.457319228398,-20.3178740590253,-5.25963824231252,-0.723616061640863,-1.69942965347388
-44.4456078521637,-15.2404663635794,-15.0530245823072,-20.6095999510951,-5.39331553306693,-0.565122879795673,-1.63246021857361
-45.3429955398949,-16.0283273045474,-15.6810379728502,-20.934539673057,-5.56008380578569,-0.42674305755239,-1.56637068685078
-46.2550768291641,-16.8488773161195,-16.3474298080249,-21.2939618079068,-5.75554846732529,-0.306089287782081,-1.5017006371492
-47.1874614267671,-17.7090090283725,-17.0567981944099,-21.6879748259893,-5.97482579929365,-0.200534532481113,-1.43910168890101
-48.1446608558539,-18.6139669472929,-17.8120055258249,-22.1154991974307,-6.21272110144684,-0.107344727491102,-1.3793360370311
-49.1298237602158,-19.5670198976614,-18.6139478791463,-22.5742598845064,-6.46390492834965,-0.0237976897624463,-1.3232653032152
-50.1445143589921,-20.5691957231201,-19.4613898247302,-23.0608129192548,-6.72308197630789,0.0527120997067765,-1.27183097380526
-51.1885603252059,-21.6191128326975,-20.3508927367036,-23.5706157434945,-6.98514560804129,0.124583364027177,-1.22602861996376
-52.2599887872715,-22.7129327784614,-21.276854457245,-24.0981455041908,-7.24531188785896,0.193932865313055,-1.18687875962971
-53.3550573759497,-23.8444424496245,-22.2316642936812,-24.6370635663136,-7.49923014624837,0.262534859167855,-1.15539733830333
-54.4683744211308,-25.0052580171761,-23.2059636845418,-25.1804198194892,-7.74307164320439,0.331773751012267,-1.13256824277664
-55.5930938548805,-26.185131140334,-24.1889942120151,-25.7208890892913,-7.9736027807266,0.402607225567347,-1.11931911447949
-56.7211666924725,-27.3723337996945,-25.1690126769223,-26.2510336354638,-8.18825291181683,0.475535813485766,-1.1165002006492
-57.8436348465323,-28.5541030896514,-26.133758473794,-26.7635904792983,-8.38518837847099,0.550573844994884,-1.12486449550318
-58.9509610761423,-29.717138281317,-27.0709680679606,-27.2517873896673,-8.56340317086232,0.627216287457345,-1.14504636296469
-60.0334000088005,-30.8481559156779,-27.968941421719,-27.7096952013516,-8.72283271228926,0.704396358469485,-1.17753567079775
-61.0814228936088,-31.9345176229419,-28.8171694046963,-28.1326229955888,-8.86449067973641,0.780430321569004,-1.22264557808442
-62.0862103163482,-32.9649443180816,-29.6070251896033,-28.5175551635706,-8.99062053145455,0.85294878773573,-1.28047486672507
-63.0402170422897,-33.9303131998875,-30.3325021710398,-28.863613925334,-9.10484491282527,0.918818210841878,-1.3508700316024
-63.9377872986599,-34.8244972635971,-30.9909453574906,-29.1725080316426,-9.21228940298135,0.974061572408218,-1.4333973380728
-64.7757622886814,-35.6451572847623,-31.5836808670168,-29.4489042740441,-9.31965485315252,1.01379229089259,-1.52733869857114
-65.5539824196967,-36.3943481276053,-32.1164135651817,-29.7006403927521,-9.43521521795774,1.03217843512518,-1.63172454255714
-66.2755665471898,-37.0787815142054,-32.5992580161455,-29.9386971817466,-9.56872356077441,1.02245437334919,-1.74540976509507
-66.9468657178702,-37.7096162679119,-33.046305171595,-30.176868088687,-9.73121276839152,0.976995007499429,-1.86718612571499
-67.5770436341257,-38.3017243921795,-33.4746997054591,-30.4311011752933,-9.93467501714441,0.887467113360227,-1.99591076084095
-68.1773085597556,-38.8724758221018,-33.9032792561575,-30.7185235375031,-10.191593306425,0.745077408945636,-2.13062173726296
-68.7598783555756,-39.4401511391345,-34.3508691202626,-31.0561722128703,-10.514279988229,0.540951322337817,-2.27061090973095
-69.3367724322696,-40.0220954638104,-34.8343092563974,-31.4594329113025,-10.9139494555546,0.266702000607899,-2.41542941318676
-69.9184872998393,-40.632665831768,-35.3662181412474,-31.9401268978666,-11.3994105293866,-0.0847129958426835,-2.56480611913491
-70.5125449227174,-41.2809267159338,-35.9523994935696,-32.5041016824154,-11.9752077971759,-0.517700917986971,-2.71845936987086
-71.1218399526397,-41.9679653435443,-36.5887274636623,-33.1481121286726,-12.6389890454812,-1.03211459124396,-2.87577701304666
-71.7427042132342,-42.6837115857557,-37.2573983810545,-33.8558121076329,-13.3778934698374,-1.62050636550472,-3.03533680911513
-72.3627374057559,-43.4033953753046,-37.9227818676378,-34.5929880710168,-14.163995258651,-2.26450654933429,-3.19425922561316
-72.9588419968466,-44.0844633835784,-38.5279889126258,-35.3030365806233,-14.9495671365955,-2.93079027161312,-3.34746665865553
-73.4966382376874,-44.6660478248274,-38.9948464131462,-35.9053492031692,-15.6644147841143,-3.56821508781977,-3.48711487797853
-73.9332855582217,-45.0744946886332,-39.2316197494292,-36.3012418074378,-16.2194742614531,-4.10930457418591,-3.60274728237688
-74.2256701392837,-45.2381871250398,-39.1522272846555,-36.3920454333213,-16.5213135433892,-4.47994647383986,-3.68285761660526
-74.3433328051638,-45.1101821961235,-38.7045164315908,-36.1082165410833,-16.4975959516621,-4.61816446201392,-3.71801945809054
-74.2806639826061,-44.6886732669504,-37.8946335837017,-35.4371478088515,-16.1234977248581,-4.49520760186465,-3.7043809607947
-74.0605106715342,-44.0215416561962,-36.790574332928,-34.4315274529575,-15.4325722638018,-4.1263349946465,-3.64530246753257
-73.7262396694538,-43.1905505700941,-35.5004419113418,-33.1911414557413,-14.5039029585182,-3.56377144396968,-3.54990298750608
-73.3275975135573,-42.2855257360738,-34.1393655753005,-31.8303785380676,-13.4347308032516,-2.87736340755468,-3.4296348719836
-72.9084725091156,-41.383133480177,-32.8034448164039,-30.4503629676019,-12.3152295640237,-2.13527259680815,-3.29509725304026
-72.5006507549,-40.537017074355,-31.558531977103,-29.1252209193482,-11.2148914225807,-1.39257444947822,-3.1543580307687
-72.1228846160738,-39.7773807250418,-30.4407973182029,-27.9006535664683,-10.1798811964648,-0.68806401177141,-3.01269246469213
-71.7827946569839,-39.1152077234678,-29.4627452786387,-26.7988140528894,-9.23643670873851,-0.0459279656151952,-2.87307911538969
-71.479589024105,-38.547486181432,-28.6201341249912,-25.8247495840167,-8.39609242822626,0.520874469759383,-2.73690034570733
-71.2065899714299,-38.0617850421139,-27.8978294908752,-24.9721373903041,-7.66054596440301,1.00727314090499,-2.60457296921206
-70.9532812645546,-37.6398168722105,-27.27423628608,-24.2277232769603,-7.02547839987294,1.41342237874196,-2.47603196221432
-70.7069338223425,-37.260175566868,-26.7246022739344,-23.5746086391949,-6.48333514917248,1.74277454995462,-2.35107906454399
-70.4539648408159,-36.9005549803941,-26.2235970360943,-22.9947044842835,-6.02526837377864,2.00075808253404,-2.22963022175118
-70.181161681342,-36.5396806560929,-25.7474566871703,-22.4705980922576,-5.64241531653592,2.19389832180332,-2.11188734709016
-69.8768248957113,-36.1590428444832,-25.2758020034272,-21.9869345223015,-5.32660549672275,2.32924602663117,-1.99844087246148
-69.5317864885554,-35.7443596720023,-24.7930564734497,-21.5312903965035,-5.07054168036898,2.41400954546837,-1.8902921852585
-69.1401696272961,-35.2865722070649,-24.2892681821748,-21.0944676216353,-4.86752605946703,2.45530985819202,-1.78878027160649
-68.6997202365468,-34.782142318143,-23.7601391397257,-20.6701918576746,-4.71089693607732,2.45999706496644,-1.69541248969632
-68.2116013117503,-34.2325387183855,-23.2062197473013,-20.2543455783568,-4.59343984610574,2.43449008032907,-1.61163166297089
-67.6796895036547,-33.6430272533618,-22.6314759519087,-19.8440134346968,-4.50705222949813,2.38462879283659,-1.53858189985659
-67.1095750505383,-33.0211053345457,-22.0416383170987,-19.4366628891147,-4.44282914399564,2.31555121804473,-1.47694135910437
-66.5075420423573,-32.3750004874917,-21.4427672177212,-19.0296844811637,-4.39154896665387,2.23161691933812,-1.42686451998142
-65.8797593109957,-31.7125525655822,-20.8403120132269,-18.6203357084944,-4.34438025429552,2.13639010603469,-1.38803436478148
-65.2317888262336,-31.040600640929,-20.238715747131,-18.2059780103663,-4.29358075308099,2.0326791841359,-1.35978985334966
-64.5683957681931,-30.3648162195336,-19.6414438815446,-17.7844337141292,-4.23301352108515,1.92261500683075,-1.34128031513916
-63.8935731421966,-29.689830854256,-19.0512482062766,-17.3543135283729,-4.15840568439373,1.807744158402,-1.33160483113378
-63.2106768004349,-29.0194954803418,-18.4704946756645,-16.9152290727833,-4.06736483493745,1.689116379607,-1.32991157624927
-62.5225846653326,-28.3571455336106,-17.9014401545753,-16.4678669414504,-3.95921906520378,1.56735316848641,-1.33544984692996
-61.8318234554894,-27.7057952910931,-17.3464009408045,-16.0139404532072,-3.83475937638533,1.44269359874917,-1.34758062860642
-61.1406340979127,-27.0682280719337,-16.8077991800725,-15.5560515492296,-3.69595106053122,1.31502073130586,-1.36575857009801
-60.4509696996876,-26.4469807206183,-16.2881002649166,-15.0974963241323,-3.54565826328091,1.18387647589353,-1.38949994421491
-59.7644350712847,-25.8442409135712,-15.7896682997894,-14.6420415142279,-3.38740358944949,1.04847432053083,-1.41834920827077
-59.0821862780077,-25.2616871094834,-15.31457245299,-14.1936921260176,-3.22516782238977,0.907718687878655,-1.45185289221707
-58.4048133647662,-24.700305403106,-14.8643775201484,-13.7564649272153,-3.06322503200866,0.760237698288205,-1.48954516643803
-57.7322295063376,-24.1602163714801,-14.4399488030807,-13.3341789143404,-2.90600450167311,0.604433636717779,-1.53094555627997
-57.0635868070491,-23.6405396429414,-14.041295473322,-12.9302713708736,-2.75797096727295,0.438553042558523,-1.57556644313787
-56.3972328815896,-23.139315189867,-13.6674683874265,-12.5476454388764,-2.6235164546134,0.26077639681327,-1.62292638394944
-55.7307148916783,-22.6534899284339,-13.3165189104027,-12.1885517397245,-2.50685895052873,0.0693260262995545,-1.67256481788753
-55.0608304165382,-22.1789678777264,-12.9855159916443,-11.8545025720251,-2.41194436758876,-0.137409912286124,-1.72405416206211
-54.3837174934723,-21.7107131301922,-12.6706106832159,-11.5462129272422,-2.34234846878666,-0.360739747522726,-1.77700625557578
-53.694972537318,-21.2428895311318,-12.3671323162359,-11.2635593417649,-2.30117491640931,-0.601519163062321,-1.83107131807885
-52.989783096933,-20.7690192699949,-12.0696990189109,-11.005545813458,-2.29094475333019,-0.859992667736708,-1.8859287143607
-52.2630650463419,-20.2821457101469,-11.7723280168832,-10.770266779516,-2.31347208156032,-1.1356278359929,-1.94126978445666
-51.5095980943895,-19.7749922972181,-11.4685373444967,-10.5548603158795,-2.36972100072289,-1.42694554030193,-1.99677372078484
-50.7241609898527,-19.240119184567,-11.151439989481,-10.3554509163768,-2.45964085302808,-1.73135216125945,-2.05207814239172
-49.9016745179772,-18.6700897108856,-10.8138423342483,-10.1670898689795,-2.58198127056131,-2.04498501748435,-2.1067467302485
-49.0373677560806,-18.057669235165,-10.4483701796867,-9.98371275032625,-2.73409654750968,-2.36259065120291,-2.16023737065092
-48.1269857918193,-17.3960851315393,-10.0476546617216,-9.79814635360658,-2.91176103760178,-2.67746687106499,-2.21187570906513
-47.1670553965018,-16.6793763490051,-9.60461416042526,-9.60220967412913,-3.10903337756683,-2.9815118086039,-2.26084083790138
-46.1552140359464,-15.9028485494123,-9.11286154968044,-9.38696026779004,-3.31822455969768,-3.26543208495984,-2.30617140591769
-45.0905860979459,-15.0636228848175,-8.56724371095907,-9.14313119211675,-3.53003682854478,-3.51915979294947,-2.34680068456052
-43.9741592869964,-14.1612227725588,-7.96447919255717,-8.86177643236904,-3.73393667108474,-3.73250484253204,-2.3816265240646
-42.8090809661073,-13.1980919793771,-7.30380489232231,-8.53508983395132,-3.91879442477636,-3.89601880714806,-2.40961538925872
-41.6007743532006,-12.179899217274,-6.5874908704949,-8.15729159560885,-4.07376045920647,-4.00197347435887,-2.42992905359863
-40.3567855561164,-11.1154864246577,-5.8210618583874,-7.72541157466888,-4.18926488907505,-4.04528436714592,-2.44205101335891
-39.086324912359,-10.0163795423583,-5.01310113906415,-7.23977605120519,-4.25795590437803,-4.02417361077086,-2.44588281480288
-37.7995495849251,-8.89589399426655,-4.17461087382356,-6.7040518191867,-4.2753713069814,-3.94040016682973,-2.44178364974412
-36.5067158694619,-7.76799006950803,-3.31803030380788,-6.12481352580813,-4.2401919955855,-3.79899051624183,-2.43054083647937
-35.2173702663612,-6.64610902743322,-2.45611324664593,-5.51073306753383,-4.15403957706707,-3.6075399183423,-2.41327880498809
-33.9397290702142,-5.5422136280015,-1.60089302978391,-4.87158428959738,-4.02090339536226,-3.37526285265899,-2.39133087383213
-32.6803293259511,-4.46617611487489,-0.762910603189698,-4.21727505856706,-3.84636201801294,-3.11200757448133,-2.36610441023723
-31.4439546925981,-3.42554706031681,0.0492156512018083,-3.55706758064167,-3.63677654129288,-2.82741206243528,-2.33896516504019
-30.2337798117721,-2.42564757564489,0.828894780970316,-2.89906308735685,-3.39859040331429,-2.53029954880581,-2.31115526163755
-29.0516510967264,-1.46988060483853,1.5714197539503,-2.24994861406572,-3.13780504948708,-2.22833174701587,-2.28374759441481
-27.8984255157165,-0.56015274903832,2.27367230330784,-1.61495413562096,-2.85964212341413,-1.92788269798245,-2.25763120196634
-26.7743085370899,0.30268028305368,2.93376304058601,-0.997950380501756,-2.56836561526497,-1.63407183535383,-2.23351848046237
-25.6791551389232,1.11840202767093,3.55067069095624,-0.401622007673261,-2.26722260812315,-1.35089429169535,-2.21196482918159
-24.6127152425159,1.8870897342601,4.1239207301682,0.172334013012889,-1.95846291302552,-1.08139866046336,-2.19339275189262
-23.5748148903018,2.60885189272242,4.65332643354612,0.723017307426788,-1.64340928249518,-0.82787855770195,-2.17811426408116
-22.5654658943461,3.28366082993562,5.13880608564171,1.2501564917003,-1.32256639087749,-0.592059179730781,-2.16634681255786
-21.5848921427993,3.91129595553364,5.58028763920417,1.7539665218486,-0.995776445411141,-0.375271570489102,-2.15821871291585
-20.6334525392521,4.49142105956224,5.97771275533289,2.23501749051648,-0.662450834501114,-0.178614798674858,-2.15376069652815
-19.7114351825393,5.02382306134747,6.33114971704782,2.69408451582348,-0.321926571344462,-0.00310910653070207,-2.15288170764908
-18.8187057316248,5.50882515479801,6.6410096093242,3.13193205492335,0.0259992421517914,0.150160188716377,-2.15533148659956
-17.9542319974453,5.94783455484729,6.90832251449021,3.54898269893438,0.380340188780591,0.279919544259436,-2.16066175412097
-17.1155880987103,6.34388326789331,7.13497100596286,3.94485618679389,0.738089163369432,0.384634324063928,-2.16821107127903
-16.2986450544991,6.70190396065487,7.32372922281946,4.31786417145986,1.09355743218636,0.462529529386213,-2.17714703865759
-15.4976971601527,7.02846273540911,7.47798719897539,4.66468721090365,1.43830347906974,0.511734433147124,-2.18658637803239
-14.7061404298425,7.33087657913262,7.60120491872768,4.98052604809407,1.76197899713545,0.530526410568723,-2.19576984327336
-13.9175056791634,7.61603495121715,7.69636247119708,5.2598639323201,2.05398164986369,0.517579667121015,-2.2042207261457
-13.1263800305545,7.8895053393981,7.76573839127565,5.49762683354205,2.30527827090861,0.472107099096599,-2.21181397984728
-12.3288070026969,8.15532834727365,7.81113666195934,5.69025878219137,2.50962965538994,0.393848634326501,-2.21874004817552
-11.5221114906088,8.41643243987194,7.83437045216893,5.83628965391575,2.66385040998036,0.282950168151675,-2.22540893943771
-10.7044183933237,8.67526702853292,7.83768474740511,5.93628840126416,2.76728441048643,0.139816770651403,-2.23235256128139
-9.87418521832345,8.93428509009246,7.82392078993591,5.99238391891028,2.82094012665377,-0.034997885127873,-2.24015484247693
-9.0299173826027,9.19614133215006,7.79642329081262,6.00763052107091,2.82666165727681,-0.240844499127118,-2.24940901841129
-8.17006855910769,9.46366871629343,7.75881041949343,5.98543355243875,2.78651569438503,-0.476977941189752,-2.2606898752494
-7.29304702153474,9.73976544634734,7.71474007908725,5.9291437323858,2.70242132693237,-0.74251492598525,-2.27453113822319
-6.39724532457863,10.0273025905995,7.66776221614852,5.84184590238367,2.57598091864583,-1.03635733003189,-2.29140390078664
-5.48104172289253,10.3291107093216,7.62129430269831,5.72632407784137,2.40845931147611,-1.35708365943828,-2.31169541230576
-4.54275494546675,10.6480587319884,7.57871858874896,5.58516990115782,2.20087124517938,-1.70280731529824,-2.33568803398244
-3.58055662533786,10.987210950964,7.54357918713967,5.42100254546482,1.9541536825656,-2.0709986107455,-2.36353719515946
-2.59235742315475,11.3500354740175,7.51984941998222,5.23677501881463,1.66941336452811,-2.45826828452264,-2.39524613193043
-1.57568809390108,11.7406326776992,7.51223779847347,5.03614819519172,1.3482484308086,-2.86011439693279,-2.43063490023785
-0.52760012888243,12.1639482765887,7.52649778452751,4.82391496688796,0.993145183055819,-3.27064362202044,-2.46930202053457
0.55538469918851,12.6259279794383,7.56969722196146,4.60644864999129,0.607944831935972,-3.68229423154411,-2.51057942236234
1.67723982189008,13.1335579282325,7.65038586699485,4.39212889440187,0.198356861601919,-4.08561327228902,-2.55348543633309
2.84227194331415,13.6947200579352,7.77857587750484,4.19166378214171,-0.22753801304857,-4.46917370006987,-2.59668654594681
4.05478955579789,14.3177834614315,7.96542979788918,4.01818362304332,-0.658901212797892,-4.81975123932409,-2.63848581055699
5.31857707625406,15.0108684741648,8.22255275583959,3.88694699557561,-1.08202573352648,-5.12289716196183,-2.67686188864614
6.63619476634667,15.7807794806794,8.56083726027562,3.81450498111606,-1.48069279711704,-5.36401164216713,-2.70958249447901
8.00819930145761,16.6317161916529,8.98893172810692,3.81725566654155,-1.83715198254995,-5.52991190361212,-2.73440373955689
9.43246397662557,17.5640185553476,9.51158478596269,3.90950756833009,-2.13374065275443,-5.61069735048546,-2.74933887434853
10.9038238175014,18.5733079216321,10.1282841187203,4.10141460003293,-2.35492157971994,-5.60150169013187,-2.75294320296478
12.4142258266931,19.6503629863167,10.8326436459641,4.39732331550639,-2.4892786939965,-5.50361518192096,-2.74453562353706
13.9534157311742,20.7818693240753,11.6128141068516,4.79504200775933,-2.53092130071101,-5.32457473169636,-2.72428347028749
15.5100015273362,21.9518783332851,12.452848302667,5.28625991410875,-2.47990472847717,-5.07714930197792,-2.69312152335297
17.0726067399059,23.1435686847165,13.3346228049022,5.85794498030513,-2.34162021991026,-4.77752903799054,-2.65253650148917
18.6308313990141,24.3408531215297,14.2397835537649,6.49425090873297,-2.12544762707945,-4.44324922826208,-2.60429061330727
20.1758557458674,25.5295154124709,15.1512859026044,7.17840654948033,-1.84312813828525,-4.09135224225672,-2.55016209850991
21.7006689300553,26.6977838339695,16.0543351719626,7.89421262711537,-1.50726672328384,-3.73708475641831,-2.49175428812806
23.2000097970677,27.8364280521145,16.9367575332771,8.62699851989067,-1.13020518963519,-3.39319056347124,-2.43038961342236
24.6701449930474,28.9385510248466,17.7889597870183,9.36407548660495,-0.723331660786555,-3.06969695272408,-2.3670791391547
26.1085976980828,29.9992495525269,18.6036671727336,10.0948162470442,-0.296776824356877,-2.77403025707361,-2.30254728016781
27.5139056609568,31.0152748889133,19.3755980815887,10.8105078680266,0.140600933489428,-2.51130538612769,-2.23729182587525
28.8854498831318,31.9847713177122,20.1011821142513,11.5041008418744,0.581043776180128,-2.28467523037724,-2.17166509716651
30.2233630811212,32.9071215078354,20.7783753586993,12.1699419891872,1.01762660735852,-2.09567055118018,-2.10596805931759
31.5285000974613,33.7828858046276,21.4065807068779,12.8035485634516,1.44397473832745,-1.94449668614321,-2.04055267878411
32.802430082646,34.6137880797702,21.9866414269223,13.4014599667598,1.85404813299933,-1.83027798285738,-1.97592757355355
34.0473955944158,35.4026764991964,22.5208439958482,13.9611876654263,2.24207397173501,-1.75125685595047,-1.91285816281538
35.2661837493321,36.1533814030489,23.0128466020732,14.4812635342354,2.60269218634318,-1.70496485349517,-1.85244651709093
36.4618770506512,36.8704134826835,23.4674513272326,14.9613525302991,2.93132344176274,-1.68838974256037,-1.79617096841632
37.6374932613018,37.5584908882132,23.8901643970776,15.4023465350468,3.22467294869685,-1.69816471572741,-1.74586497334883
38.7955678616151,38.2219371390985,24.2865355828874,15.8063110953011,3.48117889044923,-1.7308015087363,-1.7036214803807
39.93775623316,38.8640302401473,24.6613240049861,16.1761508133531,3.70116227291977,-1.78297744643308,-1.67162294158214
41.0645241708218,39.4863956854282,25.0175921725934,16.5149208929242,3.88648653049438,-1.85186871310198,-1.65191475076491
42.1749682014432,40.0885321115465,25.3558763900667,16.8248374863631,4.03968869422267,-1.93550246427287,-1.64615685838848
43.2667800016016,40.6675482889507,25.6736069973095,17.1061810746903,4.16273973439036,-2.03308310900007,-1.65540066615696
44.3363532372497,41.2181744706585,25.9649388688151,17.3563812112558,4.25574804333971,-2.14523771375617,-1.67994248305492
45.3790180970721,41.7330745954523,26.2210826655448,17.5695653228462,4.31597170813127,-2.27412741092275,-1.71929602524517
46.3893709644062,42.203423475974,26.4311051284673,17.7367355407023,4.33742528884856,-2.42339119032261,-1.77230116954181
47.3616460931869,42.6196426404774,26.5830326512017,17.8465438429904,4.3111780264604,-2.59792433051017,-1.83734834849172
48.2900659099074,42.9721465899696,26.6650116589006,17.886451557486,4.22621895349897,-2.80353317518223,-1.91266226822594
49.169115762772,43.2519640310633,26.6662975960527,17.8439732246503,4.07061201749531,-3.04653085262603,-1.99657307115603
49.9937160186128,43.4511617742909,26.577951768745,17.7077535172833,3.83264863985554,-3.33333123024228,-2.08771526777189
50.7592986207211,43.563081339489,26.3932638993297,17.4683706078834,3.50181555825019,-3.67006367316392,-2.18512527261786
51.4618245009887,43.5824663158474,26.1080272600002,17.1189213994807,3.06956050270616,-4.06218404308002,-2.28823853428857
52.0977997730888,43.5056000184329,25.7208490683917,16.6555637165459,2.52998326783442,-4.51401241591734,-2.39680308794344
52.6643637767624,43.3305930856774,25.2336922015861,16.0782522942115,1.88067122673351,-5.02809086300374,-2.51072510665924
53.1595367648023,43.0579725654397,24.6528367796121,15.3919239045018,1.1239403120302,-5.60422523597741,-2.62984938694512
53.5827336932697,42.6917330346835,23.9904262160409,14.6083716577945,0.268743510371088,-6.23805910681599,-2.75366233204836
53.9356658635554,42.2409969789872,23.2666873809065,13.7489677324485,-0.666557969743451,-6.91905485590107,-2.88089682898788
54.2237347839561,41.7223356614058,22.512698935473,12.8481453020733,-1.65059908815152,-7.62790049629451,-3.00903246773759
54.4579006007039,41.1625023985521,21.773078623489,11.9569518245778,-2.63521457156071,-8.33375285342804,-3.13374563956701
54.6566664960384,40.6006792047179,21.1070532791032,11.1448724901983,-3.55318571362568,-8.99249998933795,-3.24849984160014
54.8471916517166,40.088358161348,20.5852969051279,10.4967303175885,-4.32073060850698,-9.54824943836799,-3.34466144012336
55.0638885309907,39.684324316353,20.2797913003245,10.1011210163467,-4.84843804847561,-9.94063470774984,-3.41262384009615
55.3430715603038,39.4434092495709,20.2466932658094,10.0299360304621,-5.06143324931084,-10.1185620739845,-3.44409759503799
55.71430152973,39.4017737933326,20.5080915877146,10.3157039253528,-4.92239494462511,-10.0560603325545,-3.43482831820476
56.1921845120933,39.5659509044595,21.0428934250926,10.9392273357623,-4.44494832687329,-9.76161324664356,-3.38619983688141
56.7732354092047,39.9122348204605,21.7932046664225,11.8358838821808,-3.68858073946083,-9.27479102109965,-3.30461065872706
57.4391817505487,40.3961977663558,22.6821574278222,12.9164069735122,-2.73866778189545,-8.65260281487665,-3.19908730366139
58.1638806474271,40.9659027279667,23.6327242709005,14.0896693367143,-1.68386003018817,-7.95402237713356,-3.07867225014627
58.919885016988,41.5723684412601,24.5798327484111,15.2778547393155,-0.600624971311167,-7.22945325612262,-2.95076198733975
59.6825068095029,42.1748887149914,25.4745901942824,16.4221833502105,0.452924949257268,-6.5165950532243,-2.82058553645039
60.4313558560185,42.7421666880828,26.2833175550861,17.4822309229933,1.4367562443026,-5.84074445412477,-2.69142408852894
61.1503034044876,43.2512355547593,26.984477038694,18.4325147230301,2.32578189148549,-5.21705983887783,-2.56512501006733
61.8268048489239,43.6857099052195,27.5654407451417,19.2587245483925,3.10624361083923,-4.65316735295689,-2.4426396126042
62.4511525758908,44.0341832974858,28.0199172514331,19.9546306570247,3.77266469884736,-4.15138694096898,-2.3244763912164
63.0159084203319,44.2890629359632,28.3461834351078,20.5198820139118,4.32561559999062,-3.71040384820935,-2.21104844902547
63.5155837317816,44.4458633271278,28.5459793867428,20.958540964879,4.77015963724872,-3.32645401976385,-2.10292337504034
63.9465522421704,44.5028699003803,28.6238388527118,21.2780836694147,5.11472149394118,-2.99416461136885,-2.00098411399256
64.3071384346577,44.461040455384,28.5866284158203,21.48859396851,5.3701174656307,-2.70718766886395,-1.90650024821331
64.5977893890841,44.3239915819749,28.4431055584187,21.6019341451054,5.54854821847928,-2.4587324187763,-1.82110301720282
64.8212096978159,44.0979126400744,28.2033679223238,21.6307734136531,5.66246285548499,-2.24205823669744,-1.74666172008602
64.9823294810239,43.791271154911,27.8781484360159,21.5874795712213,5.72333766417225,-2.05094497641042,-1.68507538623841
65.0880038095807,43.4142317853937,27.4779996426689,21.4829996783655,5.74053450482771,-1.88011916100042,-1.63801604129849
65.1464079404459,42.9777966625891,27.0124774933409,21.3259260288386,5.72046205547637,-1.72559354829646,-1.60667708914467
65.1661773002393,42.4927600535396,26.4894553575238,21.1219327943283,5.66622851749542,-1.58487915716178,-1.59158209825182
65.1554093736786,41.9686214251391,25.9146667718718,20.8736817622927,5.57786120460934,-1.4570484950761,-1.59249378127157
65.120676923013,41.412607356947,25.2915115569467,20.5811740651885,5.45302654408195,-1.3426547084586,-1.60843771488744
65.0662020914628,40.8289299285505,24.6210982238512,20.2424186992131,5.2880657028898,-1.24353270529297,-1.63783061950548
64.9933214230483,40.2183783469462,23.9024611662579,19.8542304467571,5.07909714897178,-1.16252079955232,-1.67868467584807
64.9003375380638,39.5783079775822,23.1328903249624,19.4129709785397,4.8229397618979,-1.10314650107573,-1.72884805538271
64.782793503718,38.9030426563057,22.30833139175,18.9151027592141,4.51768080626892,-1.06931892485315,-1.78623727999999
64.6341157099194,38.184630574391,21.4238350927543,18.3575161505015,4.16283893974555,-1.06506127295399,-1.84902109601449
64.4464728245497,37.4138065656604,20.4740374842526,17.7376789450262,3.75921101337755,-1.09429889920639,-1.91572988483975
64.2116413202013,36.5809585380318,19.4536395445925,17.0537055901152,3.30858192335102,-1.16069598205291,-1.98528582498019
63.9216900639563,35.6769126619096,18.3578419192667,16.3044368981442,2.8134811051177,-1.26751550353562,-2.05696834111997
63.5693890653518,34.6934393826604,17.1827001620952,15.4895822582509,2.27710291486084,-1.41746926980447,-2.13033882358088
63.1483596940382,33.6234958664289,15.9254001287441,14.6099408086632,1.70342369697892,-1.61252614414941,-2.20514665986014
62.653064352805,32.4613086899625,14.5844958251827,13.6677051404046,1.09749082908838,-1.8536518681278,-2.28122997284959
62.078762640953,31.2024385458814,13.1601823210375,12.6668557980557,0.465839199022481,-2.14045848159907,-2.35841519443973
61.4215517607629,29.8439642657501,11.6546844022614,11.6136608167331,-0.183008276040209,-2.47074608043116,-2.43641359847377
60.6785848872288,28.3848970497805,10.0728275646179,10.5172867490246,-0.838001441680486,-2.83993024417039,-2.51471147326346
59.848534763299,26.8268988368947,8.4228218631968,9.39049493234961,-1.48505399010077,-3.2403743945411,-2.59245390304251
58.9323390274933,25.1753262759703,6.71722435157457,8.25033069146722,-2.10668833138557,-3.6606989920706,-2.66833061684191
57.9342080849798,23.440531258828,4.97393863971387,7.11860896937115,-2.68203986989894,-4.08522701393397,-2.74048638494266
56.862775227802,21.6391983375783,3.21695535692309,6.02187142126951,-3.18750994778362,-4.493840640948,-2.80649656459321
55.7321096498269,19.7952899504889,1.47636536941286,4.9903915821212,-3.5983775202699,-4.86262364529424,-2.86346327323915
54.5621388008778,17.9399772420477,-0.212909399269577,4.05585020632183,-3.89153538455809,-5.16565006020301,-2.90828377482783
53.3779532552157,16.1099277458836,-1.81405538988322,3.24762819456375,-4.04912283826086,-5.37802613983753,-2.93810036112927
52.2076650200613,14.343703903086,-3.29281420747298,2.58829564113407,-4.06224579823074,-5.4797582782548,-2.95085603922308
51.0790261413817,12.6768156776834,-4.62246442678104,2.08955517537259,-3.93352567553707,-5.45940573947304,-2.94578841730088
50.0156734627884,11.136793371107,-5.78777966278522,1.75011375968246,-3.67734298357732,-5.31622573128195,-2.92366726953174
49.0341922043022,9.73988601695124,-6.78658323199025,1.55635051149869,-3.3174849193505,-5.05997340626679,-2.8866682971931
48.1428753907198,8.49034629771983,-7.62850058244979,1.48548039685267,-2.88301140092091,-4.70850172899499,-2.83793611286484
47.3422889978108,7.38213687408592,-8.33166284812596,1.5099512976734,-2.40378431185289,-4.28417054359827,-2.78101415303521
46.6270643536538,6.4020402033925,-8.91870506974479,1.60162715088239,-1.90692426702186,-3.8102975250581,-2.71933232880819
45.9881013075463,5.53298963661532,-9.41323558216554,1.73481596894157,-1.41476930403397,-3.30849769123946,-2.65586477408691
45.4145432804885,4.75680851522307,-9.83737750352837,1.88789876026625,-0.944242001433637,-2.79717370877575,-2.59297375717137
44.8952183653692,4.05604742692504,-10.2104397500488,2.04379933242611,-0.50718592151181,-2.29099256315955,-2.53239551942715
44.4195124858637,3.41497203232808,-10.5484738552958,2.18970790139534,-0.111196052738289,-1.80101658478338,-2.4753078128851
43.9777827844833,2.81991443047075,-10.8643981062673,2.3164340998929,0.239410008224624,-1.33517362575618,-2.42242986171365
43.561456033524,2.25921963380043,-11.1684191613287,2.41764877518512,0.542683916733392,-0.898842649205439,-2.37412427506087
43.162940107749,1.72297355611414,-11.4685660120192,2.48916096272273,0.798290401437764,-0.495425467674936,-2.33048665176743
42.7754434052299,1.20264135573894,-11.7712262623551,2.52829636812916,1.00692304471968,-0.126844743635232,-2.2914191624865
42.392766194303,0.690697530890885,-12.0816267015782,2.53339699592067,1.16987852800062,0.206049740778777,-2.25668992145415
42.009105274236,0.180296594745527,-12.4042312482802,2.50343856098744,1.28876352695186,0.503163136786635,-2.22598209138777
41.6188979136734,-0.334987391762714,-12.743046193814,2.43775283883243,1.36530616802049,0.764913706778932,-2.19893674293035
41.2167208257384,-0.861337140748179,-13.1018318009736,2.33583878395379,1.40124486612942,0.992052774736782,-2.17519244593453
40.7972526239136,-1.40477784310188,-13.4842248201928,2.19724485131215,1.39826809830287,1.18553278086681,-2.15442292596239
40.3553030465716,-1.97117202409541,-13.8937801718808,2.02150415506804,1.3579786515336,1.34641112650616,-2.13637218557272
39.8859082752017,-2.5661277837144,-14.3339420307213,1.80810474955572,1.28185696051704,1.47577848577391,-2.12088438431257
39.3844862182696,-3.19483014720918,-14.8079557599564,1.55648111812627,1.17120421750437,1.57470079526288,-2.10792363332985
38.847032746257,-3.86181887408435,-15.3187370329942,1.26601982090278,1.02706105522741,1.64416517260369,-2.0975773724002
38.270314187551,-4.57076524819353,-15.8687299155938,0.936077642747864,0.850120949258308,1.68502342807327,-2.09003800198
37.6519806804771,-5.32433767927437,-16.4598109069848,0.566007113667911,0.640677208541593,1.69793394753221,-2.08556325190225
36.9905193629872,-6.12425613800318,-17.0933098529674,0.15517102964821,0.398638603852323,1.68331149898722,-2.08442581262897
36.2850168791947,-6.97157836155612,-17.7701892529229,-0.297081481979638,0.123613776086376,1.64129872982787,-2.08687047979488
35.5347917089234,-7.86715023705198,-18.4913496406624,-0.791491894288942,-0.184977281806662,1.57176780549233,-2.09309413615735
34.7390192477822,-8.81207100619433,-19.2579623019617,-1.3290054040095,-0.527817054164468,1.47434929469654,-2.10325054340759
33.89645520476,-9.80803891515281,-20.0717273956609,-1.91088021761905,-0.905653017190242,1.34847788774377,-2.11746896104388
33.0052899117739,-10.8575299706383,-20.9350100430985,-2.53875603137196,-1.31929310871889,1.19344630684531,-2.1358725001837
32.0631027892363,-11.9638423184218,-21.8508660055975,-3.21466472209582,-1.76959919116023,1.00846642503813,-2.15858767909078
31.0668671906497,-13.1310654331148,-22.8229935106947,-3.94098295468427,-2.25744699392831,0.792743894750408,-2.1857435368405
30.0129704183769,-14.3640167090504,-23.8556395243311,-4.72033018488627,-2.78363262029401,0.545576748696757,-2.21746205811228
28.8972377563956,-15.6681577298271,-24.9534668952238,-5.55540910644018,-3.34871345380493,0.266490438641048,-2.25384149654634
27.714969149428,-17.0494765904524,-26.1213676391495,-6.44877497186103,-3.95277222364969,-0.0445766020200107,-2.29493237074847
26.4610106974601,-18.5143038348142,-27.364190572112,-7.40250907079187,-4.59508945210091,-0.387020841296725,-2.34070392607914
25.1298946016225,-20.069014290592,-28.6863374419602,-8.41776170493764,-5.27370543216326,-0.759237460423812,-2.39099740533576
23.7160935242224,-21.7195517945173,-30.0911692223425,-9.49412322979502,-5.98485272510332,-1.15818402750374,-2.44546183125525
22.214449315446,-23.4706994905082,-31.5801564839228,-10.6287832586959,-6.72225023963102,-1.57883702791591,-2.50346873100111
20.6208474687919,-25.3250128746292,-33.1517146238583,-11.815458587356,-7.47627998672035,-2.01355859686561,-2.56400548564137
18.933205608478,-27.2813541763738,-34.7997057535533,-13.043127610072,-8.23313092360889,-2.45144093368201,-2.62555465827904
17.1528046604576,-29.3330466849939,-36.5116946647808,-14.2947258551713,-8.97410339488674,-2.87778133574011,-2.68598092450644
15.2858826550217,-31.4658442063223,-38.2672455236214,-15.5461470453829,-9.67541852965338,-3.27395800100304,-2.74246842395349
13.3452092097684,-33.6562014179404,-40.0368346435494,-16.7661263604502,-10.3090197138548,-3.61808580476709,-2.79157389902188
11.351090160333,-35.870665987285,-41.7822286777008,-17.9177307848809,-10.8448599783543,-3.88683164579762,-2.82946800864585
9.33105672008984,-38.0673693254591,-43.4591868232201,-18.962009280715,-11.2548546173667,-4.05851686886332,-2.85240205938452
7.31762474346708,-40.2002288216945,-45.0227782865794,-19.863646149443,-11.5179491218861,-4.11706111400306,-2.85734309798636
5.3441570896645,-42.2254242309058,-46.4344209101727,-20.5973336537163,-11.6248603067228,-4.05563085154884,-2.84259655219566
3.43983437906715,-44.1083885831947,-47.6685218116253,-21.1527074197797,-11.5806459483407,-3.87855928082111,-2.80817110852724
1.62539077944115,-45.8289188065425,-48.7163279091004,-21.5359142216635,-11.4039145874254,-3.60063784292213,-2.75571878298347
-0.0889873093162485,-47.382735148931,-49.5857346866226,-21.7673192713605,-11.1229696349543,-3.24404489772699,-2.68807871117828
-1.70324272409044,-48.7794694600927,-50.2976274945583,-21.8765517623269,-10.7704733036577,-2.83417173072849,-2.60862808281296
-3.22520665121256,-50.0384552009612,-50.8805638711352,-21.8968856851353,-10.3784768167742,-2.39578509150989,-2.52068058189106
-4.66766324677865,-51.1840510352187,-51.3656457812502,-21.8605881820761,-9.97497969424746,-1.95041384247216,-2.42708201474566
-6.0456378188116,-52.2417200751491,-51.7826701405232,-21.7959420628473,-9.58225272668058,-1.51511967364972,-2.33003013131841
-7.37435716933753,-53.2353338828324,-52.1578030991824,-21.7258588467204,-9.21654789567194,-1.10234189528,-2.23106674804691
-8.66793774454838,-54.1856267636519,-52.5125107154717,-21.6676255872411,-8.88863723273922,-0.720373948595817,-2.13116895327208
-9.93865531965589,-55.109493554284,-52.8633202287852,-21.6332950388759,-8.604710715656,-0.374104028680846,-2.03087951758719
-11.196602013369,-56.0198086185995,-53.2220366135031,-21.6303525132242,-8.36733514611374,-0.0657884029256017,-1.9304395821685
-12.4495671205288,-56.9255219013384,-53.5961585540921,-21.6624408410281,-8.17632634074048,0.204256899030153,-1.82990575652176
-13.7030322098168,-57.831882207463,-53.9893514711535,-21.7300398490351,-8.02948489091804,0.437084919455131,-1.72924552569227
-14.9602207089655,-58.7407138620375,-54.401916215608,-21.8310679401433,-7.92319655171299,0.634666715440082,-1.62841055441283
-16.2221792408933,-59.6507241550414,-54.8312410967325,-21.9614097484855,-7.85291767076334,0.799544112245999,-1.52738944122309
-17.4878915623881,-60.5578471883884,-55.2722484815191,-22.1153869793311,-7.8135678101906,0.934566651671469,-1.42624162290373
-18.7544381228515,-61.4556407968143,-55.7178539744939,-22.2861896049684,-7.79984588321162,1.04269529353346,-1.32511378420314
-20.0172165085652,-62.335750407739,-56.1594511968838,-22.4662780122262,-7.80647888390271,1.12685917495979,-1.22424002728632
-21.2702321492827,-63.1884417246183,-56.5874238072846,-22.6477583142476,-7.8284073568291,1.18985522115022,-1.12392758350664
-22.506456687248,-64.0031868519619,-56.9916723652764,-22.8227256346037,-7.86091050208136,1.23428297320791,-1.0245309769489
-23.7182368109616,-64.7692713251255,-57.3621311742567,-22.9835656104101,-7.89967585517467,1.26250858614212,-0.926418908080997
-24.8977237321968,-65.4763782382354,-57.6892433165902,-23.1232035684922,-7.94082218195618,1.27665273917617,-0.829939130455021
-26.0372870291538,-66.1151041424107,-57.9643628712244,-23.2352936045566,-7.98088751706033,1.27859745899028,-0.735386701588103
-27.1298785343927,-66.6773705052139,-58.1800617487108,-23.3143451208615,-8.0167956527705,1.27000688509514,-0.642980002061789
-28.1693212329079,-67.1567107836624,-58.3303315273371,-23.3557903760719,-8.0458133320795,1.25235707702502,-0.552847078127688
-29.150511502299,-67.548431728469,-58.4106844414129,-23.3560016910672,-8.06550751097926,1.22697029150988,-0.465022745039761
-30.0695359932454,-67.8496625871932,-58.4181680064837,-23.3122697296419,-8.0737083129741,1.19504981211632,-0.379455079119307
-30.9237140684114,-68.0593150020788,-58.351313298336,-23.2227546683314,-8.06847981259066,1.15771235129146,-0.296018811223354
-31.7115813756785,-68.1779784480766,-58.2100370363226,-23.0864203122075,-8.048098118741,1.11601610415929,-0.21453277952653
-32.4328306772883,-68.2077735095555,-57.9955145786303,-22.9029585175027,-8.01103470561421,1.07098356213575,-0.134778849646629
-33.0882236851736,-68.1521799242518,-57.7100361051845,-22.6727083549883,-7.95594238459165,1.02361904765989,-0.0565202964468004
-33.6794839571978,-68.0158502814159,-57.3568532768104,-22.3965719549082,-7.88164147205122,0.974921538570047,0.0204816796689888
-34.209177365476,-67.8044154405868,-56.9400199281255,-22.0759273990365,-7.78710436201162,0.925893706278366,0.0964540259659331
-34.6805836251786,-67.5242840356264,-56.4642276418364,-21.712538161783,-7.67143753540282,0.877548210512016,0.171600779847161
-35.0975604686057,-67.1824365966968,-55.934635908395,-21.3084585480997,-7.53386092996013,0.830912232186241,0.246094887446439
-35.4644010670507,-66.7862142401778,-55.356696424566,-20.8659350039071,-7.37368538431744,0.787031030844917,0.320072777884966
-35.7856852242972,-66.3431024666005,-54.7359718450152,-20.3873039729373,-7.19028949733746,0.746971039267633,0.393631544492738
-36.0661254674349,-65.860511961482,-54.0779506299266,-19.8748879494061,-6.98309763794589,0.7118227028405,0.466828603876766
-36.3104103469524,-65.3455602863819,-53.3878614312206,-19.330892444598,-6.75156098268778,0.682702982958702,0.539683724195608
-36.5230487213379,-64.8048604805587,-52.6704923325805,-18.757307558587,-6.49514331626258,0.66075721070889,0.612183296803865
-36.70822031789,-64.244324572995,-51.9300219781451,-18.1558186094439,-6.21331293806298,0.647159831939248,0.68428664787963
-36.8696391905892,-63.6689915388791,-51.1698709612623,-17.5277307048198,-5.90554145699714,0.643113543842418,0.755934048769796
-37.0104371334999,-63.0828892664102,-50.3925819422715,-16.873911920982,-5.57130957812206,0.64984637178083,0.827055901554246
-37.1330737305404,-62.4889389777453,-49.5997361023953,-16.1947589937318,-5.21011939918343,0.668606345726135,0.897582397298542
-37.239278152034,-61.88890777428,-48.7919113028157,-15.4901880185334,-4.82151233665646,0.700653547516616,0.967452818069468
-37.3300249061608,-61.2834104342285,-47.9686836154288,-14.7596506837602,-4.40509166273178,0.747249343467278,1.03662361679226
-37.4055427649468,-60.6719573596712,-47.1286703907653,-14.0021747148601,-3.96054891442857,0.809642549504944,1.10507450028058
-37.4653525988048,-60.0530408256539,-46.2696091111028,-13.2164254422283,-3.48769394928364,0.889052047386056,1.17281192175097
-37.5083274989975,-59.4242489315521,-45.3884639814217,-12.4007845271131,-2.98648921444849,0.986644996327606,1.23986963467057
-37.5327674145414,-58.7823957591239,-44.4815514804045,-11.5534419292151,-2.45708967902266,1.10350928417085,1.30630619830686
-37.5364806939129,-58.1236572218498,-43.5446769958485,-10.6724981996565,-1.89989073913348,1.24061827546578,1.37219949376665
-37.5168666578481,-57.4437052407503,-42.5732774378574,-9.75607609579502,-1.31558717848988,1.39878529790674,1.43763838244818
-37.4709958762695,-56.7378369600722,-41.5625683740559,-8.80244288400257,-0.70524682791183,1.57860470818634,1.50271159699296
-37.3956881444049,-56.001100682176,-40.5076986581967,-7.81014726718366,-0.0704028361573372,1.78037587935033,1.56749383230911
-37.2875913786401,-55.2284247453417,-39.4039196340547,-6.77817711199555,0.586831753988663,2.00400616393591,1.63202882680689
-37.1432684445252,-54.4147607040592,-38.2467803589185,-5.70614584207098,1.26362441298464,2.24888907718469,1.69630909121802
-36.9593017310197,-53.5552555351499,-37.0323629218399,-4.59451563057466,1.95625806339329,2.51375495200682,1.76025188517857
-36.7324285166268,-52.6454712404454,-35.7575739174307,-3.4448639063329,2.65994433982307,2.79649384418111,1.82367124300566
-36.4597220769592,-51.6816714130184,-34.4205068661512,-2.26019463797098,3.36862616503286,3.09395536845345,1.88624641757319
-36.1388333152671,-50.6611919195728,-33.020884186482,-1.04528579305451,4.07479176868613,3.40173852689215,1.94748824534958
-35.7683042064662,-49.582904980119,-31.5605738745418,0.192952580593523,4.76933792973706,3.71399747474904,2.00670685204623
-35.3479537936014,-48.4477675020522,-30.0441510443716,1.44516033570732,5.4415393741751,4.02330653348717,2.06298682315461
-34.8793176540709,-47.2594132409192,-28.4794367634241,2.69933170595335,6.07919980921432,4.32064733736627,2.11517918674886
-34.3660906777376,-46.0247031146827,-26.8778985818433,3.94085606982916,6.66906887345595,4.5955961895981,2.16192228294519
-33.814484176225,-44.7540963811462,-25.2547514355175,5.15292423236957,7.1975939129615,4.83678854736406,2.2017039292635
-33.2333737444676,-43.4616670540699,-23.6285793837523,6.31740586162253,7.65202027636679,5.03270473180837,2.23297268928397
-32.6341059982298,-42.1645968011861,-22.0203416096624,7.41621937796126,8.02175294983712,5.17274607191321,2.25429465806836
-32.0298747189152,-40.882058070199,-20.4517535553716,8.433069601673,8.29976535535878,5.24846213478802,2.26453511001515
-31.4346799328943,-39.6335632412682,-18.9432307189818,9.35526118183928,8.48374082646078,5.25468554584986,2.26302765527876
-30.8620207471516,-38.4370479721096,-17.5117758979976,10.1751871805109,8.57662648760346,5.19029009750562,2.2496867680463
-30.323584168762,-37.3070887754324,-16.1692768860669,10.8911213125748,8.5864056320544,5.058355338514,2.22503011766947
-29.8282139272561,-36.2536442503774,-14.921592281509,11.5071250927369,8.52511778323248,4.86568604608901,2.19010334898261
-29.3813560616,-35.2815481226308,-13.7685658775765,12.0321418109209,8.40737444959201,4.62182531609924,2.14632994100211
-28.9850254860996,-34.390750056032,-12.7048398594259,12.4785643844828,8.24873103430027,4.33782567051537,2.09532799149414
-28.6381949890703,-33.5771078753826,-11.7211562780933,12.8606453882746,8.06424577149912,4.02505665494132,2.03873692491677
-28.3374319125442,-32.8334528357424,-10.8057991372534,13.1930616862436,7.86742845903433,3.6942488554458,1.97808378443016
-28.077606828675,-32.1506755713744,-9.94590684264873,13.4898149111212,7.66963274843187,3.35486037987536,1.91470045507196
-27.8525463959341,-31.5186665972331,-9.12850839543597,13.7635156136966,7.47983551222223,3.0147552875442,1.84968827870198
-27.6555636698097,-30.9270389550162,-8.34124762053229,14.0250070392274,7.30469492886723,2.68012824383933,1.78391854825274
-27.4798495211472,-30.3656307185151,-7.57283071531368,14.2832428298887,7.14877466861563,2.35559364984984,1.71805559372104
-27.3187395476637,-29.8248233684708,-6.81326302759324,14.5453287795863,7.01484330458374,2.0443662371747,1.65259105860161
-27.1658844012503,-29.2957251607556,-6.05394367745616,14.8166547524277,6.90418756697713,1.74847908624333,1.58788118851641
-27.0153528001036,-28.7702656313298,-5.28767475768844,15.1010648366941,6.81690443234415,1.46900451368352,1.52418200820742
-26.861692064079,-28.2412376751435,-4.50862543983327,15.4010343508688,6.75215650680802,1.20625890747614,1.46167960870012
-26.6999641038874,-27.7023119512902,-3.71227568861711,15.7178380052939,6.70838744276749,0.959983286426648,1.40051430607242
-26.5257680974952,-27.1480380052263,-2.89535188605343,16.0517041697293,6.68350082412114,0.729497800866876,1.34079837052252
-26.335255307961,-26.5738382218149,-2.0557579715511,16.4019563399388,6.67500872984716,0.513831702265804,1.2826275613172
-26.1251373730335,-25.975995151673,-1.19250052118203,16.7671457734662,6.68015661269472,0.311831610550897,1.22608704186975
-25.8926867422307,-25.3516294903533,-0.305603916490394,17.1451797319445,6.69603023905944,0.122251043621453,1.17125249163737
-25.6357268067104,-24.6986648855348,0.603988246134188,17.5334487832335,6.71964902526568,-0.0561762478336491,1.11818743816302
-25.352609277119,-24.0157762103547,1.53452779061519,17.928954805213,6.74804863237332,-0.224677188633777,1.06693799760224
-25.0421775152922,-23.3023197611128,2.48359251663335,18.3284395089338,6.77835453715099,-0.384393106009487,1.01752632241621
-24.7037160165319,-22.5582460368187,3.44822999171564,18.7285116526807,6.80784752416085,-0.536345200052261,0.969944055182892
-24.3368880461474,-21.7839981508079,4.42510976268468,19.1257701988879,6.83402175801293,-0.681410817290506,0.924146969108124
-23.9416649627788,-20.9804008262462,5.41067784859339,19.5169204164848,6.85463613552458,-0.820309535183323,0.880051724302661
-23.5182518197937,-20.1485461149742,6.40130700654351,19.898880302333,6.86775982397847,-0.953597889144389,0.837535310714964
-23.0670143379646,-19.2896823910979,7.39343675691131,20.2688754821719,6.87181306588875,-1.08167135601621,0.796437331090823
-22.5884121495639,-18.4051127637561,8.38369820795726,20.6245215258508,6.86560424286152,-1.20477202288976,0.756564854214788
-22.0829425924375,-17.496108171146,9.3690200081153,20.9638932069825,6.8483637654733,-1.32300028400914,0.717699206052467
-21.5510984037974,-16.5638392624467,10.3467129624517,21.2855804372484,6.81977455834263,-1.43632895983104,0.679603811824426
-20.9933415473967,-15.6093299232252,11.3145317508645,21.5887303156337,6.77999780301013,-1.5446184283042,0.642032085259623
-20.4100943116124,-14.6334341537424,12.2707127429601,21.8730741100446,6.72969137153162,-1.64763168603706,0.604734394207689
-19.8017477823719,-13.6368369844646,13.2139871835449,22.1389372020943,6.67001723736758,-1.74504867676801,0.567463300676107
-19.168686858112,-12.620079184925,14.1435691955074,22.3872293398176,6.60263332388292,-1.83647968305827,0.529976547777448
-18.5113301587339,-11.583604635738,15.0591183509525,22.6194122616922,6.52966497241657,-1.92147801669515,0.492037603695661
-17.8301822961716,-10.5278281943869,15.960677069068,22.8374419045375,6.45365159084709,-1.999552587747,0.453413920248771
-17.1258952813316,-9.4532208256071,16.8485841296055,23.043683438348,6.37746526784572,-2.07018115443945,0.413873382264846
-16.3993350118757,-8.36040746530043,17.7233669289614,23.2407989186382,6.30420008993766,-2.1328250910503,0.373179665943146
-15.651648189826,-7.25027183042817,18.5856169137552,23.4316096987264,6.23703358029789,-2.18694638025563,0.331087373782334
-14.8843245342302,-6.12406119734076,19.4358545417126,23.6189384213943,6.17906477934192,-2.23202723997699,0.287337854990532
-14.0992490345633,-4.98348334891743,20.2743919567274,23.8054382283707,6.13313669362548,-2.26759239776506,0.241656562856437
-13.2987393355227,-3.83078765463093,21.101202981223,23.9934193441115,6.10165368295973,-2.29323360644448,0.193752661909971
-12.4855641874622,-2.66882276284424,21.9158106578109,24.1846849008013,6.08640631899273,-2.30863564184311,0.143321403526208
-11.6629402014588,-1.50106470333682,22.7172021715338,24.380388375086,6.08841689031395,-2.31360282382677,0.0900495678028411
-10.8345057221698,-0.331611175361409,23.5037794567769,24.5809240476821,6.10781779201465,-2.30808510928848,0.0336240460012965
-10.0042721367937,0.834859891121745,24.2733511694746,24.7858594003748,6.14377254732479,-2.29220301280341,-0.0262565754021526
-9.17655410626345,1.99316716731295,25.0231683908959,24.9939147551351,6.19444558465202,-2.26627096477877,-0.0898677722102741
-8.35588071350889,3.13773600376127,25.7500026478819,25.2029910912379,6.25702274794595,-2.2308190797417,-0.157442738432871
-7.54688947139327,4.26273836283741,26.4502612073695,25.4102427311746,6.32778066210992,-2.18661355286052,-0.229154748435064
-6.75420471301984,5.36225833808883,27.1201311645652,25.6121877790555,6.40220004802118,-2.13467587529096,-0.305099346824388
-5.98230180368859,6.43047800930331,27.7557410788922,25.8048465138235,6.47511621245574,-2.07630072041327,-0.385277868759035
-5.23535944660719,7.46187659042792,28.3533264839803,25.9838960642437,6.54089892102502,-2.01307170019057,-0.469584198589877
-4.51710478811651,8.45143279437214,28.9093840042161,26.1448288432095,6.59365320367863,-1.94687340204595,-0.55779700033903
-3.830660046419,9.39481613263242,29.420798164866,26.2831019890805,6.62743159855873,-1.87989741453946,-0.649579727567986
-3.17840426692462,10.2885485507382,29.8849261510383,26.3942656586068,6.63644657297601,-1.81463973312584,-0.744490341860956
-2.56186779877228,11.1301152917741,30.2996293562113,26.4740595838166,6.61526963334241,-1.75388721258258,-0.842001676491051
-1.98167790835714,11.9180056345904,30.6632472120686,26.5184705272163,6.55900215249025,-1.70069164859042,-0.941531773179044
-1.43756955356714,12.6516718581993,30.9745178699173,26.5237483510405,6.46340388359023,-1.65833137184955,-1.04248154069047
-0.928465273996461,13.3314081420245,31.232459995814,26.4863850517814,6.32496994021344,-1.63026141153326,-1.14427524121578
-0.452614413386712,13.9581670625095,31.4362374203804,26.4030680783859,6.14095583309051,-1.62005371375297,-1.24639822457524
-0.00776872517853155,14.5333447672067,31.5850309783855,26.2706247044511,5.90936118931193,-1.631328136766,-1.34842645465063
0.408636408953571,15.0585718961869,31.6779386499952,26.0859766188133,5.62889285039863,-1.6676729403213,-1.45004372268612
0.799325525503902,15.5355438316362,31.7139176856692,25.8461229238859,5.29893405515392,-1.73255060910662,-1.55104452146468
1.16707377095724,15.9659130537911,31.6917745471282,25.548166830638,4.91954702577946,-1.82918167093448,-1.65132257840292
1.51465516475816,16.3512532608984,31.6102039078483,25.1893986651146,4.49153240126038,-1.96039614846955,-1.75084630822593
1.84484748131863,16.6930946716871,31.4678787348635,24.7674472797427,4.01656293243624,-2.12843967187322,-1.8496226462582
2.16048506913532,16.9930253218017,31.2635991343185,24.2805140076077,3.49740263979094,-2.33471931583476,-1.94765003184247
2.46454732675999,17.2528538550112,30.9965160431643,23.7277067568089,2.93821641182803,-2.57947364636803,-2.04486026534304
2.76026927446071,17.4748320419525,30.6664530395371,23.1094932191506,2.34496637217949,-2.86135408459162,-2.14104824072131
3.05125890146106,17.6619363002031,30.2743523119257,22.4282873181176,1.72587566922793,-3.17691420993879,-2.23578905160073
3.34160093106177,17.8182016152184,29.8228626450043,21.6891641248732,1.0919112017198,-3.52002577170054,-2.32834463914638
3.63591681675522,17.9490841168573,29.3170609665706,20.900656903792,0.4571883704615,-3.88128230502371,-2.41756819830669
3.93933701908824,18.0617960646764,28.7652442140517,20.0755164811186,-0.160867403895483,-4.24751863077948,-2.50182478656212
4.25732941645721,18.1655103069335,28.1796394156057,19.2312083800287,-0.741841466413745,-4.60166182707784,-2.57896018944672
4.59532926573954,18.2712833649708,27.5767684034559,18.3898133613714,-1.26340903234405,-4.92320592962824,-2.64636225683966
4.95814926335579,18.3915300516469,26.9771182287971,17.5769528677782,-1.70337421723402,-5.18960069102031,-2.70115877126738
5.34922604834674,18.538947227327,26.4038022114968,16.8194917470075,-2.0426085309539,-5.37867331094144,-2.7405688967779
5.76986876161964,18.7249635368315,25.8801453152669,16.1421556917905,-2.26838547551711,-5.47181814391295,-2.76236483104629
6.21875917861843,18.9580451552628,25.4265813535608,15.5637594342985,-2.37717015657474,-5.45720743691095,-2.76532574220073
6.69193178810912,19.24237152779,25.0576979975229,15.0941645547038,-2.3758240734427,-5.33199637151317,-2.74952641151823
7.18330392048118,19.5773437258421,24.7803773202809,14.7330027595221,-2.2806502715886,-5.10271325310489,-2.71634411913412
7.6856045840306,19.9580754959579,24.5935893995363,14.4705395709376,-2.11455477333388,-4.78371715301864,-2.66818077802026
8.1914046171699,20.3766253446632,24.4897183340776,14.2901994878277,-1.90331295554856,-4.39435837964415,-2.60801280137509
8.69396283725013,20.8234997284468,24.4567659292786,14.1717581814153,-1.67208213666877,-3.95583189718723,-2.53892641316223
9.18773517719716,21.2889877141746,24.4806579452689,14.0942496075458,-1.44292085487916,-3.4885532455909,-2.46375931539423
9.66854337047574,21.7640831263934,24.5471067396231,14.0380440698677,-1.23351721754199,-3.01045011084117,-2.38489531267445
10.1334917314825,22.2409574974181,24.6428210076509,13.9859964636548,-1.05691945945578,-2.53615902772753,-2.30419663535336
10.5807432014222,22.713074670212,24.7561082927041,13.9238411471549,-0.921904618688206,-2.07689904544083,-2.22303014165978
11.0092456097421,23.1750777899109,24.8770337371268,13.8400999292655,-0.833648708249381,-1.64075079218649,-2.1423425214151
11.4184658733293,23.6225648883881,24.9973122485895,13.7257422406513,-0.794465307912786,-1.23312098603137,-2.06275148944388
11.8081611215272,24.0518352498864,25.1100749320942,13.5737659371563,-0.804484551885754,-0.857249544955414,-1.98463364712311
12.1781967891265,24.4596556855626,25.2096029642379,13.3787976041961,-0.862220935387154,-0.514682636873569,-1.90820019168793
12.5284114995712,24.8430712550758,25.2910814971018,13.1367592258895,-0.965023641202546,-0.205679801615249,-1.83355811201374
12.8585242145488,25.1992693389001,25.3503977258079,12.8446149062252,-1.10942505376286,0.0704511201860795,-1.76075781137015
13.1680780910899,25.5254971956858,25.3839897941779,12.5001927083401,-1.29141065252483,0.315085246563796,-1.68982940676633
13.4564160695002,25.8190289320304,25.3887438909127,12.1020678289498,-1.50663317618161,0.530067734047808,-1.6208101687004
13.7226844348421,26.0771763518738,25.3619329621253,11.6494905771125,-1.75058992776242,0.717545996283378,-1.55376523186999
13.9658617864902,26.2973379485929,25.3011896145656,11.1423434220844,-2.01877662136351,0.879837743952985,-1.4888031080715
14.1848115398546,26.4770802559502,25.2045063067505,10.5811140118262,-2.30682545921074,1.01932728736309,-1.42608682522765
14.3783557452636,26.6142448186427,25.0702563612435,9.96687422849688,-2.61062984286814,1.13838412532178,-1.36584081669179
14.5453664910846,26.7070719195566,24.8972291094171,9.30125827588208,-2.92645377757823,1.23929911707459,-1.30835315246043
14.68486861524,26.7543291664793,24.6846715045683,8.58643504138751,-3.25102110163457,1.32423457777434,-1.25397249528239
14.7961446538171,26.7554302956523,24.4323275210673,7.825071601813,-3.58157859747837,1.39518557722703,-1.20309939116444
14.8788309307458,26.7105284625632,24.1404664092936,7.0202860413158,-3.91592798876598,1.45395059521707,-1.15617213187428
14.9329936897768,26.6205704290702,23.8098924781394,6.17558924184473,-4.25242458243351,1.5021104443315,-1.11364828383227
14.9591764896877,26.4873032763192,23.4419322998493,5.29481704267772,-4.58994407929249,1.54101486747821,-1.07598374885903
14.9584144182724,26.3132326528075,23.0383995217723,4.38205599690031,-4.92782279637121,1.57177636084849,-1.04361163625407
14.9322157879319,26.1015389863814,22.6015414872592,3.44156731393108,-5.26577921898142,1.59527057100888,-1.01692313970944
14.8825163287762,25.8559633627756,22.1339743084391,2.47771387755527,-5.60382588362899,1.61214219267267,-0.996252080297812
14.8116134433917,25.5806767583701,21.6386133534554,1.49489418309089,-5.94218019416203,1.62281485395897,-0.981864012603058
14.7220883231754,25.2801447345386,21.118604226569,0.497484733794247,-6.2811814077383,1.62750317946602,-0.973950039423881
14.6167221703756,24.95899579423,20.5772561769861,-0.510210564315968,-6.62121944454588,1.62622517415963,-0.972624942297374
14.4984102281574,24.6218967742956,20.0179763925137,-1.52400846609057,-6.96267990206814,1.618813263157,-0.977928979348917
14.3700747381756,24.2734343177682,19.4442007450024,-2.53989862873542,-7.30590888853608,1.60492267764035,-0.989832685177084
14.2345761596273,23.917998779089,18.8593150388194,-3.55410773557799,-7.65120094068521,1.58403630297596,-1.00824411897874
14.0946212379101,23.5596660162713,18.2665607639637,-4.56318262447797,-7.99881293981794,1.55546549577357,-1.03301810279244
13.952666923948,23.2020734697318,17.6689208749862,-5.56409740899291,-8.34900622660923,1.51834669515923,-1.0639669775185
13.8108202172434,22.8482888484874,17.0689835930537,-6.55438616234048,-8.70211762761772,1.47163388704537,-1.10087223639786
13.6707352862854,22.50067195804,16.4687851682565,-7.53229854545481,-9.05865775015019,1.41408720347334,-1.14349613365387
13.5335101199237,22.1607318394805,15.8696352270507,-8.49697139009853,-9.41943176558635,1.34425826317573,-1.19159213897845
13.3995852551903,21.8289821587585,15.271930434489,-9.44860526096302,-9.78567438382933,1.26047342943309,-1.24491309126479
13.2686467507185,21.5047976127896,14.6749635400586,-10.3886316533867,-10.1591872234663,1.16081706438527,-1.30321621575615
13.1395352957589,21.1862742045329,14.0767362194665,-11.3198540216062,-10.5424640390203,1.04311812928414,-1.36626484402065
13.0101633855977,20.8700968389802,13.4737855910522,-12.2465440949771,-10.9387874793077,0.90494494505676,-1.43382752591703
12.8774436336873,20.5514199747579,12.8610366177788,-13.1744744021283,-11.3522808312414,0.743614376299968,-1.50567597854134
12.7372330266953,20.2237701646124,12.2316950516185,-14.110868783666,-11.7878994226069,0.556222836000558,-1.58158359907276
12.5842997389639,19.8789824110595,11.5771974036067,-15.064255421285,-12.2513489181341,0.339707218846439,-1.66132583827894
12.4123200638602,19.5071838969839,10.8872346023448,-16.0442112484128,-12.7489208618903,0.0909443060212742,-1.74468253884493
12.2139126206131,19.0968381505081,10.1498644211647,-17.0609910908442,-13.2872381117008,-0.19310216172117,-1.83144056768409
11.9807160200947,18.6348613434562,9.3517260640412,-18.125037207256,-13.872902675212,-0.515175926094346,-1.92139307036594
11.7035162480981,18.1068228176156,8.4783714768733,-19.2463619182912,-14.512034021349,-0.877450055983698,-2.0143297624726
11.37243398522,17.4972485691628,7.51473618454722,-20.4337857466532,-15.2096764447457,-1.28115685889177,-2.11001107633884
