-4.95813587974964,0,0.144836957231611
-4.95843997619143,0,0.142943280920347
-4.95904806962768,0,0.139154732419472
-4.95995996519139,0,0.133468875029875
-4.96117535646343,0,0.125882091661455
-4.96269381851377,0,0.116389567299288
-4.9645147957223,0,0.104985281991573
-4.96663758596563,0,0.0916620029760989
-4.96906132096346,0,0.0764112754797539
-4.9717849424214,0,0.0592234115870325
-4.97480717369476,0,0.0400874768012908
-4.9781264864395,0,0.0189912739460654
-4.98174106172517,0,-0.00407867602048573
-4.98564874498944,0,-0.0291371567724499
-4.98984699410552,0,-0.0562002834027298
-4.99433281973961,0,-0.0852855337616159
-4.9991027170556,0,-0.116411784888264
-5.00415258769247,0,-0.149599355087569
-5.0094776507962,0,-0.184870052239966
-5.01507234171713,0,-0.222247228899378
-5.02093019680068,0,-0.261755844748296
-5.02704372248485,0,-0.303422536928325
-5.03340424667904,0,-0.347275698703799
-5.04000175012988,0,-0.393345566833899
-5.04682467517633,0,-0.441664317893533
-5.05385970895477,0,-0.492266173591052
-5.06109153774232,0,-0.545187514930071
-5.06850256870235,0,-0.600467004710121
-5.07607261484267,0,-0.658145717500423
-5.0837785384951,0,-0.718267275690384
-5.09159384809701,0,-0.780877989633017
-5.0994882424878,0,-0.846026999079541
-5.10742709635748,0,-0.913766412170466
-5.11537087990529,0,-0.984151437089644
-5.12327450521031,0,-1.05724050006527
-5.1310865913223,0,-1.13309534172894
-5.138748639689,0,-1.21178108181759
-5.14619411131462,0,-1.29336623984721
-5.15334739706529,0,-1.37792269660026
-5.16012267290771,0,-1.46552557807134
-5.16642263271003,0,-1.55625303983845
-5.17213709270596,0,-1.65018592569149
-5.17714146401304,0,-1.74740726974518
-5.18129509292766,0,-1.84800160628767
-5.18443947335074,0,-1.95205404626847
-5.18639634192925,0,-2.05964907391691
-5.18696567465164,0,-2.17086901160869
-5.1859236140603,0,-2.28579209624664
-5.18302036929042,0,-2.40449010648175
-5.17797814714126,0,-2.52702547785431
-5.17048919159734,0,-2.65344784312303
-5.16021403178893,0,-2.78378993888258
-5.14678006426453,0,-2.91806282828751
-5.12978062429036,0,-3.05625040497186
-5.10877473189945,0,-3.19830316694388
-5.08328773019533,0,-3.34413128328771
-5.05281306372997,0,-3.49359702321251
-5.01681547034239,0,-3.64650667817298
-4.97473587602346,0,-3.80260218505663
-4.92599828297486,0,-3.96155275220959
-4.87001891821762,0,-4.12294689893416
-4.80621785451444,0,-4.2862854388173
-4.73403321682806,0,-4.45097605931755
-4.65293793639781,0,-4.61633026058518
-4.56245880423817,0,-4.78156349498601
-4.4621973064167,0,-4.94579936863521
-4.35185140613755,0,-5.10807869608332
-4.23123709931496,0,-5.26737400859021
-4.10030825648921,0,-5.42260978317107
-3.95917303716301,0,-5.5726881817384
-3.80810509455634,0,-5.71651949591211
-3.64754794402586,0,-5.85305585005106
-3.47811128332168,0,-5.98132612401048
-3.30055871454056,0,-6.10046963755601
-3.11578715303779,0,-6.20976599885982
-2.92479909131112,0,-6.3086587242915
-2.72866966310424,0,-6.39677078013237
-2.52851098479824,0,-6.47391099794356
-2.32543644874905,0,-6.54007123675801
-2.12052749063351,0,-6.59541505027579
-1.91480490545819,0,-6.64025933010383
-1.70920614887158,0,-6.67505085176773
-1.50456935289891,0,-6.70033982461079
-1.30162411671544,0,-6.71675246854522
-1.10098858102098,0,-6.72496437251108
-0.90317189953893,0,-6.72567600665305
-0.708580990914406,0,-6.71959133366656
-0.51753037294163,0,-6.70740005126937
-0.330253919122778,0,-6.68976363624717
-0.146917500371965,0,-6.66730507269068
0.0323683515814337,0,-6.64060194038135
0.207536427179771,0,-6.61018241075817
0.378551942501386,0,-6.57652363760123
0.545403060724101,0,-6.54005202387936
0.708092979621449,0,-6.50114488024735
0.866633614765089,0,-6.46013305024912
1.02104082070702,0,-6.41730414997516
1.17133103280469,0,-6.37290614590012
1.31751917576027,0,-6.3271510666503
1.45961766595852,0,-6.28021870783417
1.59763632813965,0,-6.2322602412172
1.73158304840132,0,-6.18340167952552
1.86146499162835,0,-6.13374717629942
1.98729021997897,0,-6.08338215758816
2.10906955884832,0,-6.03237629053309
2.22681856753595,0,-5.98078629494668
2.34055948400032,0,-5.92865859998856
2.45032302725305,0,-5.87603184108981
2.55614995774839,0,-5.82293918445361
2.65809231588328,0,-5.76941045959059
2.75621428123707,0,-5.71547407590486
2.85059261965884,0,-5.66115869828936
2.94131671040267,0,-5.60649465939742
3.02848816953395,0,-5.55151509247175
3.11222010699596,0,-5.49625677755761
3.19263607149507,0,-5.44076070441818
3.26986874867977,0,-5.3850723661522
3.34405848352028,0,-5.32924180712489
3.41535169762151,0,-5.27332345630771
3.48389926723343,0,-5.2173757818787
3.54985491920311,0,-5.16146080474139
3.6133736914138,0,-5.10564350770791
3.67461049273416,0,-5.04999117395743
3.73371878628431,0,-4.99457268372618
3.79084940975255,0,-4.93945779274562
3.84614953806522,0,-4.88471641041596
3.89976178712694,0,-4.83041789062964
3.9518234525612,0,-4.77663034394126
4.00246587419006,0,-4.72341997661423
4.05181391509378,0,-4.67085046001804
4.09998554316932,0,-4.6189823328112
4.14709150285992,0,-4.56787243814907
4.19323506491097,0,-4.51757339856985
4.23851184244164,0,-4.46813313197819
4.28300966219212,0,-4.41959441302667
4.32680848045714,0,-4.3719944849816
4.36998033393385,0,-4.32536472769025
4.41258931651076,0,-4.27973038743985
4.45469157392119,0,-4.23511037429115
4.49633530921555,0,-4.19151713185606
4.53756079316766,0,-4.14895658357788
4.57840037503649,0,-4.1074281584041
4.61887849052932,0,-4.0669248974555
4.65901166533247,0,-4.02743364198903
4.69880851416143,0,-3.98893530170962
4.73826973688965,0,-3.95140520140662
4.77738811491561,0,-3.91481350300661
4.81614851248869,0,-3.87912569946926
4.85452788921083,0,-3.84430317649572
4.89249533134314,0,-3.81030383772468
4.93001211085245,0,-3.77708278890055
4.96703178231211,0,-3.7445930763177
5.00350032878545,0,-3.71278647459927
5.03935636862799,0,-3.68161431844219
5.07453143567403,0,-3.65102837227727
5.10895034543985,0,-3.6209817307649
5.14253165966641,0,-3.59142974162628
5.17518826061237,0,-3.56233094047177
5.20682804485337,0,-3.53364798506013
5.23735474381424,0,-3.50534857388437
5.26666887475014,0,-3.47740633127483
5.29466882134467,0,-3.44980163855855
5.32125203753687,0,-3.42252238848615
5.34631636175938,0,-3.39556463847867
5.36976142173919,0,-3.36893313760414
5.3914901027898,0,-3.34264170292164
5.41141004565,0,-3.3167134232117
5.42943513403714,0,-3.29118067230435
5.44548692784351,0,-3.26608492022237
5.45949599592739,0,-3.24147633795995
5.47140310319794,0,-3.21741320048834
5.48116021039386,0,-3.19396110189997
5.48873125153776,0,-3.17119200571984
5.49409266312374,0,-3.14918316153527
5.49723364998239,0,-3.12801592549973
5.49815618458273,0,-3.10777452638167
5.49687474828682,0,-3.08854482034459
5.49341583382404,0,-3.07041307651716
5.48781723720861,0,-3.0534648318629
5.48012717393013,0,-3.03778384835295
5.47040325824134,0,-3.02345119856928
5.45871138576553,0,-3.0105444982737
5.44512455869803,0,-2.9991372967965
5.4297216900069,0,-2.98929862885314
5.41258641875298,0,-2.98109272498405
5.39380596347305,0,-2.97457887248523
5.37347003498145,0,-2.96981141455651
5.35166982433519,0,-2.96683987244718
5.32849707636901,0,-2.96570917353272
5.30404325432463,0,-2.96645996737163
5.27839879676545,0,-2.96912901171519
5.25165246420413,0,-2.97374961100583
5.2238907696439,0,-2.98035209095192
5.19519748448287,0,-2.98896429417453
5.16565320888391,0,-2.99961208356144
5.13533499370294,0,-3.01231984173776
5.10431599935139,0,-3.02711095685187
5.07266517551768,0,-3.04400828658843
5.0404469444957,0,-3.06303459383221
5.00772086999697,0,-3.08421294860064
4.97454129282432,0,-3.10756709159243
4.94095691474004,0,-3.13312175483606
4.90701031238699,0,-3.16090293431245
4.87273736433504,0,-3.19093810797725
4.8381665763743,0,-3.22325639022606
4.80331829320287,0,-3.25788861052678
4.76820378880623,0,-3.29486729975796
4.73282423323032,0,-3.33422656290995
4.69716954020279,0,-3.37600181154413
4.66121710819776,0,-3.42022932418629
4.62493047701022,0,-3.46694559822634
4.58825793252434,0,-3.51618645358466
4.55113110378452,0,-3.56798584711245
4.51346360818907,0,-3.62237435815449
4.47514981193221,0,-3.67937731054419
4.43606378289636,0,-3.73901250494389
4.39605852115999,0,-3.80128754801691
4.35496555731184,0,-3.86619678117162
4.31259501021549,0,-3.93371783092169
4.26873619343661,0,-4.00380782430368
4.22315885333224,0,-4.07639933514555
4.17561511234444,0,-4.15139614918216
4.12584217923745,0,-4.22866895724503
4.07356587493108,0,-4.30805110570416
4.01850500915871,0,-4.38933455238764
3.96037662987615,0,-4.47226619542574
3.89890215378289,0,-4.55654476344834
3.83381437089232,0,-4.64181848007522
3.76486529578833,0,-4.72768374493181
3.69183480854885,0,-4.81368510742335
3.61453998362103,0,-4.89931684572934
3.53284493906794,0,-4.98402649585233
3.44667094635054,0,-5.06722069336825
3.35600642006702,0,-5.1482736778597
3.2609162618572,0,-5.22653874646445
3.16154987657817,0,-5.30136280638696
3.05814703786751,0,-5.37210394844368
2.95104069321225,0,-5.43815163936334
2.8406558130676,0,-5.49894872756214
2.7275035495407,0,-5.55401402510314
2.61217030343357,0,-5.60296384958828
2.49530179180398,0,-5.64553068548123
2.37758279973484,0,-5.68157714851783
2.25971388279592,0,-5.71110375947274
2.14238673417016,0,-5.73424963208308
2.0262601359696,0,-5.75128595362076
1.91193832878581,0,-5.7626029317692
1.79995328295308,0,-5.7686915395158
1.69075182910329,0,-5.77012179681624
1.58468802419336,0,-5.7675194438964
1.48202060285607,0,-5.76154271940176
1.38291496579657,0,-5.75286063838547
1.28744891372326,0,-5.7421337656922
1.19562123499548,0,-5.72999808129607
1.10736226341014,0,-5.7170521891331
1.02254559889318,0,-5.7038478540589
0.941000293245079,0,-5.69088366429878
0.862522921176885,0,-5.67860149762657
0.786889070513409,0,-5.6673854023854
0.71386389022668,0,-5.65756247419309
0.643211431717233,0,-5.64940530421739
0.57470261014137,0,-5.64313558768351
0.508121700524229,0,-5.63892850715325
0.443271367672935,0,-5.63691754091003
0.37997630680898,0,-5.63719938947138
0.318085638819935,0,-5.63983875931256
0.257474254855958,0,-5.64487278838376
0.198043335081322,0,-5.65231493928733
0.139720272879261,0,-5.66215822059957
0.0824582182048832,0,-5.67437762429457
0.0262354140888224,0,-5.68893168932698
-0.0289455572476212,0,-5.7057631218422
-0.0830585716328939,0,-5.72479842593832
-0.136054830757985,0,-5.74594653003344
-0.187863899350144,0,-5.76909643611091
-0.238395072111285,0,-5.79411397385967
-0.287539276041385,0,-5.82083780819023
-0.335171737482133,0,-5.84907492403335
-0.38115564198293,0,-5.87859589264258
-0.425346987148234,0,-5.90913030422112
-0.467600773605322,0,-5.94036282797653
-0.50777859759708,0,-5.97193042809597
-0.545757601079614,0,-6.00342131736116
-0.581440602002653,0,-6.03437626167672
-0.614767069290082,0,-6.06429284688913
-0.645724426562957,0,-6.09263326600176
-0.674358974064892,0,-6.11883605590155
-0.700785528236797,0,-6.14233198038463
-0.725194726706011,0,-6.16256389823324
-0.747856883076632,0,-6.17900996869052
-0.769121360416075,0,-6.19120896671954
-0.78941071651844,0,-6.19878589273783
-0.809209375271327,0,-6.20147560064744
-0.829047253312689,0,-6.19914198892716
-0.849479505192218,0,-6.19179052391851
-0.871064178626364,0,-6.17957251953607
-0.894339930971114,0,-6.16278058095664
-0.919805950334535,0,-6.1418357166106
-0.947905857768551,0,-6.11726757721562
-0.979016750889172,0,-6.08968988809832
-1.01344384878541,0,-6.05977331489759
-1.05142056809222,0,-6.02821778518579
-1.09311339699624,0,-5.99572581087156
-1.138630660057,0,-5.96297777716462
-1.1880341450803,0,-5.9306096179446
-1.24135252730327,0,-5.89919287011121
-1.29859550922876,0,-5.86921682796432
-1.35976755109934,0,-5.84107240635951
-1.42487998424759,0,-5.81503735537953
-1.49396020018733,0,-5.79126263163627
-1.56705654718522,0,-5.76976000193889
-1.64423761892507,0,-5.75039130674734
-1.72558486367642,0,-5.73286020122787
-1.81117792846181,0,-5.7167075581061
-1.90107287975217,0,-5.70131197994077
-1.99527434029387,0,-5.68589695021781
-2.09370351938253,0,-5.66954599907687
-2.19616493208669,0,-5.65122686315153
-2.30231516422854,0,-5.62982502264424
-2.41163727064127,0,-5.60418627403226
-2.52342429385176,0,-5.57316720615966
-2.63677499926489,0,-5.53569161204077
-2.75060426367307,0,-5.49080996993799
-2.86366958412652,0,-5.43775815757596
-2.97461379561204,0,-5.37601061199283
-3.08202223357064,0,-5.30532247244763
-3.18449036360802,0,-5.22575525676491
-3.28069572824526,0,-5.13768173400695
-3.36946658358585,0,-5.04176801698848
-3.44983947671194,0,-4.93893416716976
-3.52109954973456,0,-4.83029795859351
-3.58280024902384,0,-4.71710889168932
-3.63476254117943,0,-4.60068038008281
-3.67705671229696,0,-4.48232716552592
-3.70997165798187,0,-4.36331294834972
-3.7339770716557,0,-4.24481073165875
-3.74968336885195,0,-4.12787615803464
-3.7578030190733,0,-4.01343255783746
-3.75911564736973,0,-3.9022656020851
-3.7544381184359,0,-3.79502522637233
-3.7445999613661,0,-3.69223265427707
-3.73042394323572,0,-3.59429070299452
-3.71271129841992,0,-3.50149596008013
-3.69223099227275,0,-3.41405179745183
-3.66971237363525,0,-3.33208150266442
-3.64584059939512,0,-3.25564105217449
-3.62125426342077,0,-3.184731235348
-3.5965447142899,0,-3.11930897426145
-3.5722565944731,0,-3.05929778474082
-3.54888917724871,0,-3.00459739698397
-3.52689811854952,0,-2.95509260413394
-3.50669728159933,0,-2.91066143596808
-3.48866033440367,0,-2.87118276242746
-3.47312186488816,0,-2.83654341771003
-3.46037780613819,0,-2.80664490061036
-3.45068501505295,0,-2.78140965293526
-3.44425990217342,0,-2.76078684958614
-3.44127606892958,0,-2.74475755807071
-3.44186097123469,0,-2.73333905072504
-3.44609169460311,0,-2.726587990137
-3.45398999396455,0,-2.72460216772446
-3.46551681797861,0,-2.7275204662362
-3.48056659877956,0,-2.73552074499329
-3.49896163911629,0,-2.74881541317226
-3.52044696547634,0,-2.76764455720826
-3.54468603460054,0,-2.79226661435638
-3.57125767980126,0,-2.82294672295558
-3.59965466236851,0,-2.85994301685888
-3.62928415361769,0,-2.9034912534654
-3.65947041831837,0,-2.95378826115886
-3.68945990588024,0,-3.01097475625887
-3.71842888905381,0,-3.07511811046671
-3.74549372930689,0,-3.14619565143191
-3.76972380124563,0,-3.22407906116425
-3.79015708056992,0,-3.30852041405216
-3.80581839085483,0,-3.39914038594577
-3.81574030561515,0,-3.49541918635879
-3.81898669500068,0,-3.59669083199688
-3.81467886122207,0,-3.70214149689577
-3.80202408389587,0,-3.81081283144194
-3.78034615240674,0,-3.92161130433737
-3.74911706122818,0,-4.03332472286835
-3.70798847645745,0,-4.14464703199045
-3.65682088899605,0,-4.25421216787125
-3.59570766702818,0,-4.36063704540059
-3.52499070371434,0,-4.46257265377294
-3.4452642744509,0,-4.55876080332302
-3.35736429972646,0,-4.64809255320273
-3.26234155318928,0,-4.72966313293486
-3.1614193329263,0,-4.80281766380342
-3.05593835485553,0,-4.86718247165437
-2.94729360999675,0,-4.92267827199569
-2.83686916789889,0,-4.96951370480566
-2.72597713713871,0,-5.00816010226217
-2.61580623164087,0,-5.03931047988691
-2.50738389441772,0,-5.06382720150718
-2.40155405562923,0,-5.08268345661395
-2.29897068520106,0,-5.09690366468272
-2.20010559522542,0,-5.10750733973849
-2.10526762471019,0,-5.11545998711912
-2.01462950655312,0,-5.12163343162448
-1.92825842585877,0,-5.12677675072498
-1.84614651573957,0,-5.13149785836811
-1.76823821044595,0,-5.13625488322863
-1.69445232726153,0,-5.14135589489186
-1.62469778668023,0,-5.14696527457031
-1.55888282922859,0,-5.15311506169292
-1.49691832718751,0,-5.15971984607895
-1.43871627350476,0,-5.16659411116317
-1.38418477530823,0,-5.17347126847282
-1.33322094075339,0,-5.18002388329588
-1.28570298964181,0,-5.18588473289863
-1.24148279127321,0,-5.19066834862509
-1.20037986449623,0,-5.19399258617012
-1.16217766948286,0,-5.1954995833971
-1.12662277054158,0,-5.19487526185698
-1.09342714871439,0,-5.19186637800773
-1.0622736021486,0,-5.18629410095774
-1.03282382388562,0,-5.17806323011984
-1.00472844159873,0,-5.16716647240197
-0.97763809643741,0,-5.15368363095647
-0.95121456751007,0,-5.13777603517309
-0.925141023303168,0,-5.11967697091694
-0.899130676314076,0,-5.0996791738063
-0.872933382568734,0,-5.07812058703382
-0.846340005843975,0,-5.05536956220684
-0.819184608231461,0,-5.03181053319618
-0.791344703690813,0,-5.00783097023098
-0.762739909495445,0,-4.98381017325814
-0.733329358466718,0,-4.96011022556742
-0.703108209029504,0,-4.93706922052248
-0.67210353070919,0,-4.91499670253691
-0.640369769712904,0,-4.89417112730944
-0.607983929894904,0,-4.87483904276895
-0.575040551716649,0,-4.85721561954515
-0.54164654369584,0,-4.8414861189603
-0.507915919515926,0,-4.82780788003348
-0.473964515891745,0,-4.81631243671132
-0.439904802982744,0,-4.80710744132873
-0.405840939085914,0,-4.80027816407778
-0.371864252636867,0,-4.79588844962929
-0.33804934777941,0,-4.79398112564197
-0.304451020116121,0,-4.79457795725088
-0.271102137294824,0,-4.79767931285198
-0.238012589979246,0,-4.80326374151474
-0.205169360278534,0,-4.81128766072512
-0.172537694911108,0,-4.8216853218402
-0.140063315646979,0,-4.83436917172101
-0.107675553734597,0,-4.84923067629477
-0.0752912594174891,0,-4.86614162716752
-0.0428193118962264,0,-4.88495592318193
-0.0101655379693804,0,-4.90551180655579
0.0227621622715254,0,-4.9276345341742
0.0560486880372377,0,-4.95113947128884
0.0897668123581021,0,-4.97583559848854
0.123972655202066,0,-5.00152941554739
0.158701739250613,0,-5.02802920284881
0.193965793049764,0,-5.055149562021
0.229750438736896,0,-5.08271610632937
0.26601386451409,0,-5.11057011643845
0.302686535061628,0,-5.13857292910794
0.339671937428299,0,-5.1666097963459
0.376848299065251,0,-5.19459294950424
0.414071154145004,0,-5.22246363141951
0.451176580977036,0,-5.25019291882771
0.487984893987152,0,-5.27778123984084
0.524304553588272,0,-5.30525658557828
0.559936058790019,0,-5.33267150725383
0.594675609760901,0,-5.36009906710538
0.628318367019677,0,-5.38762796394757
0.660661184807874,0,-5.41535707733313
0.691504752193614,0,-5.44338966919126
0.720655130921221,0,-5.47182745369039
0.747924729785428,0,-5.50076470304652
0.773132799025235,0,-5.53028250812666
0.796105564226798,0,-5.56044326645036
0.81667614800644,0,-5.59128543348066
0.834684450352272,0,-5.62281855086035
0.849977175825517,0,-5.65501856049943
0.862408207998408,0,-5.68782342748788
0.871839537457001,0,-5.72112912762453
0.878142946846712,0,-5.75478610555703
0.881202640661173,0,-5.78859637432293
0.880918973338902,0,-5.82231150184033
0.877213370647035,0,-5.85563180751712
0.870034450664598,0,-5.88820716239631
0.859365228433072,0,-5.91963983530075
0.845231133339091,0,-5.94948983802515
0.827708388154249,0,-5.97728317533044
0.806932110071131,0,-6.00252328164749
0.783103324015543,0,-6.02470571285693
0.756493963194741,0,-6.04333585716075
0.727448912192548,0,-6.05794905177786
0.696384260892544,0,-6.0681320839066
0.663781203900591,0,-6.07354468086203
0.630175431877584,0,-6.07393933642023
0.596142373130658,0,-6.06917775612526
0.562279175642563,0,-6.05924238441012
0.529184771230596,0,-6.04424190229056
0.497439640742127,0,-6.0244101983519
0.46758694278959,0,-6.00009901045065
0.440116472894975,0,-5.9717650822187
0.415452534334467,0,-5.93995316329507
0.393946313430199,0,-5.90527643662155
0.375872857556389,0,-5.86839596948733
0.361432334326792,0,-5.83000059748599
0.350754953394124,0,-5.79078833245273
0.34390877075104,0,-5.75145001321089
0.340909554234681,0,-5.71265555556276
0.341731937176076,0,-5.67504284774107
0.346321189540833,0,-5.63920909952688
0.354605060822422,0,-5.60570428998509
0.366505272151058,0,-5.57502626201206
0.381948340435394,0,-5.54761696871249
0.400875495676942,0,-5.52385937390685
0.423251499920253,0,-5.50407453609981
0.449072192340594,0,-5.48851845486165
0.478370572130589,0,-5.47737832733951
0.51122119384778,0,-5.47076795033043
0.547742595867258,0,-5.4687221122171
0.588097421487166,0,-5.47118995253618
0.632489837157305,0,-5.47802742824368
0.681159819524104,0,-5.48898921612014
0.734373891378621,0,-5.50372059761093
0.792411956165349,0,-5.52175010736961
0.855550030258958,0,-5.54248396426528
0.924038916266121,0,-5.56520351993757
0.998079205961434,0,-5.58906712336576
1.07779344376846,0,-5.61311787139644
1.16319680213498,0,-5.63629865022906
1.25416818198001,0,-5.6574756240813
1.35042419586543,0,-5.67547084915511
1.4514989335833,0,-5.68910394930119
1.5567326360589,0,-5.69724177796914
1.66527227854625,0,-5.69885375543713
1.77608645401623,0,-5.69306923826231
1.88799576532593,0,-5.67923207487968
1.99971820267316,0,-5.65694673508687
2.109926888665,0,-5.62611039450501
2.21731548037938,0,-5.58692633089923
2.32066489816827,0,-5.53989594827992
2.41890434518257,0,-5.48578940178676
2.51116003822875,0,-5.42559762766333
2.59678664481878,0,-5.36047098121415
2.67537878674544,0,-5.29165115683479
2.74676263406562,0,-5.22040336950569
2.81097006961343,0,-5.14795497109195
2.86819975989361,0,-5.07544504321455
2.91877050327503,0,-5.00388745797586
2.96307239836098,0,-4.93414784634801
3.00152079186053,0,-4.86693320734412
3.03451684097943,0,-4.80279175024533
3.06241712977868,0,-4.74212006142802
3.08551337851827,0,-4.68517476380391
3.10402209020198,0,-4.63208632936129
3.11808311021736,0,-4.58287341095318
3.12776555866591,0,-4.53745678937373
3.13307938115144,0,-4.49567264832152
3.13399076242039,0,-4.45728531927363
3.13043976296234,0,-4.42199986240355
3.1223586965775,0,-4.38947488765762
3.10968992531313,0,-4.35933591074393
3.09240189925718,0,-4.33118932887705
3.07050243005064,0,-4.30463684057176
3.04404838730872,0,-4.27928987412731
3.01315126963972,0,-4.25478338147101
2.97797843010784,0,-4.23078824167463
2.93875010634987,0,-4.20702152954531
2.89573277101039,0,-4.18325404220528
2.84922962127574,0,-4.1593147154813
2.7995692177705,0,-4.1350918546492
2.74709333756091,0,-4.11053139365431
2.69214502873107,0,-4.08563263269407
2.63505767647074,0,-4.06044205390659
2.57614565848815,0,-4.03504587000464
2.51569692665473,0,-4.00956193240732
2.45396763750622,0,-3.9841315376026
2.39117878685803,0,-3.95891155079512
2.32751468918902,0,-3.93406713918494
2.2631230759126,0,-3.90976529193125
2.19811655775956,0,-3.88616921119212
2.13257519320823,0,-3.86343359335933
2.06654991630024,0,-3.84170078145643
2.00006659486715,0,-3.82109775469553
1.93313050859389,0,-3.80173392297702
1.86573105248591,0,-3.78369970481357
1.79784648430177,0,-3.7670658785573
1.72944854501809,0,-3.75188370156026
1.66050679114703,0,-3.73818578469012
1.59099248913716,0,-3.72598768815339
1.52088193783247,0,-3.71529017006807
1.45015910755667,0,-3.70608197618304
1.37881751564486,0,-3.698343014585
1.30686129876248,0,-3.69204772129342
1.23430549104719,0,-3.68716839910674
1.16117557097613,0,-3.68367830893296
1.08750639401323,0,-3.68155431335386
1.01334067618592,0,-3.68077891618761
0.938727228743776,0,-3.6813416056776
0.863719159346822,0,-3.68323948566998
0.788372245961687,0,-3.68647725902572
0.712743654127457,0,-3.69106669903673
0.63689110919053,0,-3.69702579596999
0.560872560146614,0,-3.70437778695657
0.484746292957572,0,-3.71315026226212
0.408571383287271,0,-3.72337448971498
0.332408335618584,0,-3.73508501930889
0.25631974749094,0,-3.74831953612743
0.180370866494001,0,-3.76311884034931
0.104629967135149,0,-3.77952676672603
0.0291685504127985,0,-3.79758982636202
-0.0459385578295102,0,-3.81735636627294
-0.120613081132765,0,-3.83887509276481
-0.194772991779945,0,-3.86219288070728
-0.268331907625341,0,-3.88735187533546
-0.341198113258093,0,-3.91438596955172
-0.413273210640619,0,-3.94331679532885
-0.484450491633986,0,-3.97414939696676
-0.554613206162391,0,-4.00686775797882
-0.623632963143958,0,-4.0414303393728
-0.691368539387563,0,-4.07776576548007
-0.757665382188318,0,-4.1157687753352
-0.822356076360281,0,-4.15529655239478
-0.885262010512244,0,-4.19616555944885
-0.946196425597613,0,-4.23814904137689
-1.00496896478748,0,-4.28097541417977
-1.06139176823279,0,-4.32432782830978
-1.11528706651961,0,-4.36784526672972
-1.16649611707789,0,-4.41112559685918
-1.21488919262558,0,-4.45373101821339
-1.26037616785315,0,-4.49519630663862
-1.30291706718437,0,-4.53504012271107
-1.34253175447719,0,-4.57277940368505
-1.37930780424456,0,-4.60794649163213
-1.41340554643262,0,-4.64010819397144
-1.44505937697259,0,-4.66888549691998
-1.47457470776873,0,-4.69397226478484
-1.50232038250827,0,-4.71515107782766
-1.528716942539,0,-4.73230447825423
-1.55422167712727,0,-4.74542032495866
-1.57931180825327,0,-4.75459062763095
-1.60446734628664,0,-4.76000398993435
-1.63015507880634,0,-4.76193246747887
-1.65681486066824,0,-4.76071410553858
-1.68484894707334,0,-4.75673260889397
-1.71461465106038,0,-4.75039553968102
-1.74642018890668,0,-4.7421122229829
-1.78052324139176,0,-4.73227226662694
-1.81713151345822,0,-4.72122535995435
-1.85640441019394,0,-4.70926286363728
-1.89845485440829,0,-4.69660166091218
-1.9433502544559,0,-4.68337079977807
-1.99111171084236,0,-4.66960157935005
-2.04171075642242,0,-4.6552218652482
-2.0950632807523,0,-4.64005549055384
-2.1510207898436,0,-4.62382754320273
-2.20935974915738,0,-4.60617610831409
-2.2697703538466,0,-4.58667061146577
-2.33184654005012,0,-4.56483633084725
-2.39507927418752,0,-4.54018399350036
-2.45885505873301,0,-4.51224275307284
-2.52246116934843,0,-4.48059437277464
-2.58509845799892,0,-4.44490618698047
-2.64590173596227,0,-4.40496042046503
-2.7039669174159,0,-4.36067769099942
-2.75838336738501,0,-4.31213296268267
-2.80826933252872,0,-4.25956279639523
-2.85280798357198,0,-4.2033634062713
-2.89128148752826,0,-4.14407973007532
-2.92310066638474,0,-4.08238640967761
-2.94782818134661,0,-4.01906219921659
-2.96519377711985,0,-3.95495980636478
-2.97510086347489,0,-3.890973460584
-2.97762450354613,0,-3.82800654663839
-2.9730016071838,0,-3.7669414371722
-2.9616146927508,0,-3.70861324680316
-2.94397091923607,0,-3.65378869071482
-2.92067818966842,0,-3.60315065666488
-2.89242001956229,0,-3.55728857436051
-2.85993061239252,0,-3.51669424688362
-2.82397125771257,0,-3.48176251906501
-2.78530882715841,0,-3.45279599305549
-2.74469683145126,0,-3.43001293963165
-2.70285923996847,0,-3.41355756590676
-2.66047705969697,0,-3.40351185828983
-2.61817751833978,0,-3.39990830165292
-2.57652558820905,0,-3.40274286643771
-2.53601751384164,0,-3.41198774534065
-2.49707595915959,0,-3.42760340464611
-2.46004636406083,0,-3.44954958868113
-2.42519409253706,0,-3.47779497646904
-2.39270196365831,0,-3.51232523488327
-2.36266778332689,0,-3.553149240112
-2.33510153992097,0,-3.60030324746594
-2.30992199296623,0,-3.65385277844092
-2.28695247356259,0,-3.71389196579286
-2.26591583150942,0,-3.78054005761828
-2.24642860963606,0,-3.85393473908828
-2.22799470214091,0,-3.93422189828016
-2.20999895951959,0,-4.02154145641434
-2.19170143267209,0,-4.11600892065714
-2.17223319277293,0,-4.2176924175044
-2.15059490609166,0,-4.326585142407
-2.1256595647628,0,-4.44257342823697
-2.09618095432995,0,-4.565400997795
-2.06080955614308,0,-4.69463042651294
-2.01811761787677,0,-4.8296034039507
-1.96663505567794,0,-4.96940205572596
-1.90489763795193,0,-5.11281438894841
-1.83150846728828,0,-5.25830787240238
-1.74521298401563,0,-5.40401624575311
-1.64498634576386,0,-5.54774576299722
-1.53012982922287,0,-5.68700791247408
-1.40036966671292,0,-5.81908561921469
-1.25594761540315,0,-5.94113811265616
-1.09768838326038,0,-6.05034504031236
-0.92702653511062,0,-6.14408257290737
-0.745977028993788,0,-6.22011417779381
-0.557040915988847,0,-6.2767694898552
-0.363050565504284,0,-6.31308073173709
-0.166973405232232,0,-6.3288509453116
0.0282961190064885,0,-6.32464172145842
0.220124422644306,0,-6.30168553472405
0.406281357462681,0,-6.26174257565026
0.58502460675044,0,-6.20692936685604
0.755125671570289,0,-6.13954574410504
0.915846508500147,0,-6.06192056198553
1.06688059395374,0,-5.97628828448659
1.20827302859019,0,-5.88470109349776
1.34033266825443,0,-5.78897551820939
1.46354645115073,0,-5.69066902546302
1.57850294587618,0,-5.59108019735388
1.68582917662452,0,-5.49126562705994
1.78614227243946,0,-5.3920670877903
1.88001558185049,0,-5.2941435274159
1.96795763354421,0,-5.19800371677722
2.05040166027519,0,-5.10403669277833
2.12770322343191,0,-5.01253831694651
2.20014363286103,0,-4.92373321937188
2.26793720434918,0,-4.83779208632644
2.33124081381697,0,-4.75484469450562
2.39016460706042,0,-4.67498933891389
2.44478305746212,0,-4.59829939595155
2.49514581240698,0,-4.52482775537682
2.54128793482405,0,-4.45460978230629
2.58323924552258,0,-4.38766536090765
2.62103252764278,0,-4.32400044424019
2.65471039062511,0,-4.26360840346026
2.68433062843651,0,-4.20647134474694
2.70996995968051,0,-4.15256145247565
2.73172611145093,0,-4.1018423296475
2.74971830139734,0,-4.05427024675971
2.76408627341282,0,-4.00979518079106
2.77498813780682,0,-3.96836152597265
2.78259734313521,0,-3.92990838338265
2.78709915400415,0,-3.89436938053881
2.7886870226785,0,-3.86167202747013
2.78755922333509,0,-3.83173667512972
2.78391607145913,0,-3.80447519990931
2.77795798402494,0,-3.77978959066285
2.76988455505174,0,-3.75757065954657
2.75989473035294,0,-3.73769713281133
2.74818806729424,0,-3.72003539910209
2.73496696169289,0,-3.70444019559912
2.72043961711566,0,-3.69075648926536
2.70482342731569,0,-3.67882275341812
2.68834835062949,0,-3.66847574207759
2.6712597910225,0,-3.65955672403813
2.65382048242441,0,-3.65191896156495
2.63631091825411,0,-3.64543602189083
2.61902798684556,0,-3.64001032049883
2.60228166321164,0,-3.6355811471753
2.58638984917135,0,-3.63213135161441
2.57167171280017,0,-3.62969188752188
2.55844011058953,0,-3.62834353784118
2.54699383819417,0,-3.62821535403732
2.53761051541392,0,-3.62947960814262
2.53054085300469,0,-3.63234333892475
2.52600487755273,0,-3.63703683782192
2.52419042726181,0,-3.64379964255992
2.5252539090592,0,-3.65286477747942
2.52932296613469,0,-3.6644421014812
2.5365003899558,0,-3.67870170228396
2.54686837031325,0,-3.69575830909489
2.56049205856408,0,-3.71565767412479
2.57742145979074,0,-3.73836577781122
2.59769088018995,0,-3.76376152639688
2.6213155081138,0,-3.79163333362217
2.6482851300745,0,-3.82167963894256
2.6785553799199,0,-3.85351306984694
2.7120371996061,0,-3.88666767758896
2.74858530299776,0,-3.92060852821331
2.78798638829394,0,-3.95474294939134
2.82994770207714,0,-3.98843291470924
2.87408641026559,0,-4.02100835269874
2.91992017044947,0,-4.0517815383502
2.96685939616673,0,-4.08006309024712
3.0142019914349,0,-4.1051803802483
3.06113180307156,0,-4.1264992761048
3.10672261783917,0,-4.14344997236055
3.14995006373615,0,-4.15555709885364
3.18971399277841,0,-4.16247322965054
3.22487346339859,0,-4.1640133574631
3.25429494872121,0,-4.16018609083334
3.27691175221238,0,-4.15121583988946
3.29178922009441,0,-4.13754990195434
3.29818726965526,0,-4.11984586805678
3.29561044265046,0,-4.09893823536428
3.283837181713,0,-4.07578761722246
3.26292415733323,0,-4.05141983453386
3.2331867662915,0,-4.02686392681662
3.19516137599967,0,-4.00309724036495
3.14955710465425,0,-3.98100295566232
3.09720471600087,0,-3.961342059528
3.03900835853822,0,-3.94473902337182
2.97590348224382,0,-3.93167885843235
2.90882215571997,0,-3.92251272314864
2.83866556969487,0,-3.91746948458215
2.76628277466508,0,-3.91667117318956
2.69245450108029,0,-3.92015081329897
2.61788104391998,0,-3.92787149683849
2.54317347983671,0,-3.93974575225534
2.46884779209721,0,-3.95565428676802
2.3953217211242,0,-3.97546314138679
2.32291429232708,0,-3.9990383027533
2.2518479896422,0,-4.02625694959498
2.1822534636473,0,-4.05701480624835
2.11417652704727,0,-4.09122949630352
2.04758704238347,0,-4.12884024845967
1.98238918298504,0,-4.16980469971971
1.91843246795989,0,-4.21409378576259
1.85552293859847,0,-4.26168576867511
1.79343385019839,0,-4.31256034010206
1.7319152916348,0,-4.36669349785577
1.67070221095468,0,-4.42405358299584
1.60952042080678,0,-4.48459853591828
1.54809028819466,0,-4.54827412689077
1.48612798347315,0,-4.61501266980946
1.42334437277293,0,-4.68473155891325
1.35944187682178,0,-4.75733088983189
1.29410986951641,0,-4.83268944433437
1.22701942741771,0,-4.91065843076155
1.1578184402139,0,-4.99105257048479
1.0861282280134,0,-5.07363838985008
1.01154286603314,0,-5.15811989794809
0.933632381181267,0,-5.24412218301016
0.851950857411047,0,-5.33117382626844
0.766050273767885,0,-5.41868939946478
0.675500609009765,0,-5.50595367719696
0.579916381197642,0,-5.59210956304108
0.478989333339354,0,-5.67615210628866
0.372526382271734,0,-5.75693136621225
0.260491143447501,0,-5.83316720724238
0.14304624766712,0,-5.9034792328363
0.0205922482645265,0,-5.96643470582727
-0.10620269097272,0,-6.02061604470645
-0.236389517120298,0,-6.06470689390041
-0.368748986947288,0,-6.09759166673891
-0.501832308629084,0,-6.11845835611039
-0.634033421414801,0,-6.12688979782181
-0.763688015419094,0,-6.12292671912583
-0.88918731159258,0,-6.10708876920728
-1.00908987442738,0,-6.08034746790079
-1.12221460457155,0,-6.04405525413336
-1.22770276083792,0,-5.99984368357197
-1.32504429608545,0,-5.94950815947445
-1.41407092109611,0,-5.89489565407474
-1.4949229185346,0,-5.8378073079096
-1.56799826754335,0,-5.77992210337787
-1.63389189055826,0,-5.72274297216875
-1.69333104622283,0,-5.66756355189536
-1.74711109864537,0,-5.61545225973001
-1.79603465009842,0,-5.56724987303251
-1.84085645099603,0,-5.5235768569747
-1.88223642408019,0,-5.48484691254646
-1.9207032326612,0,-5.4512835308715
-1.95663072394239,0,-5.42293680322423
-1.99022900340655,0,-5.39969847360243
-2.0215507413576,0,-5.38131426829223
-2.05051171519627,0,-5.3673937548468
-2.07692290026714,0,-5.3574190746971
-2.10053007437267,0,-5.35075453600183
-2.12105624755521,0,-5.34665906375388
-2.13824240122356,0,-5.34430293678433
-2.15188289654546,0,-5.34278935146845
-2.16185318409795,0,-5.34118045909778
-2.16812875222294,0,-5.33852686305076
-2.17079529869558,0,-5.33389920410333
-2.17005075829525,0,-5.32642033002407
-2.16620009246387,0,-5.3152964963633
-2.15964379368606,0,-5.29984597039433
-2.15086106671239,0,-5.27952330189658
-2.14038876783568,0,-5.25393748336588
-2.12879745214039,0,-5.22286240188256
-2.11666621616533,0,-5.18623850025987
-2.10455827075871,0,-5.14416541053282
-2.09299918061661,0,-5.09688634660659
-2.08245939106613,0,-5.04476599831224
-2.07334207622533,0,-4.98826431675791
-2.06597662717124,0,-4.92790878483706
-2.06061742426794,0,-4.8642675352473
-2.05744703656473,0,-4.79792513659435
-2.05658272184342,0,-4.72946219115994
-2.05808505087141,0,-4.65943923404631
-2.06196759134472,0,-4.58838489556828
-2.0682067899655,0,-4.51678792788885
-2.07675142319798,0,-4.44509249660587
-2.08753120581229,0,-4.37369606598641
-2.10046432840306,0,-4.30294922280757
-2.11546383290606,0,-4.23315685196168
-2.13244283047888,0,-4.16458016934093
-2.15131862541097,0,-4.09743921545982
-2.17201583990092,0,-4.03191550595553
-2.19446864518665,0,-3.96815461726998
-2.21862220114621,0,-3.90626855585287
-2.24443339436865,0,-3.84633781764039
-2.27187094797981,0,-3.78841309292253
-2.30091495848862,0,-3.73251661191606
-2.33155589824209,0,-3.67864316021984
-2.3637931089276,0,-3.62676082222012
-2.39763280371813,0,-3.57681153523097
-2.43308559448123,0,-3.52871155779207
-2.47016356679936,0,-3.48235197147853
-2.50887693951215,0,-3.43759934559257
-2.54923036635639,0,-3.39429669658905
-2.59121896330478,0,-3.35226486739266
-2.63482417363166,0,-3.31130443462279
-2.68000960993838,0,-3.27119822374438
-2.72671703423374,0,-3.23171447415534
-2.77486264962725,0,-3.19261065056749
-2.82433387695554,0,-3.15363784758786
-2.87498677486962,0,-3.11454568619304
-2.92664423270537,0,-3.07508755935998
-2.97909502421842,0,-3.03502605468698
-3.0320937614352,0,-2.99413836836279
-3.08536173739975,0,-2.95222152923488
-3.13858860102018,0,-2.90909727341065
-3.19143477263156,0,-2.86461644569161
-3.24353448995401,0,-2.8186628489857
-3.29449937332604,0,-2.77115651010404
-3.3439224163669,0,-2.72205637302445
-3.39138234089631,0,-2.67136246227327
-3.43644829797022,0,-2.61911757424713
-3.47868494323646,0,-2.56540854962765
-3.51765795589786,0,-2.51036715436928
-3.55294009682983,0,-2.45417055159208
-3.58411790303827,0,-2.39704128675858
-3.61079908385145,0,-2.3392466419504
-3.63262061305151,0,-2.28109715378221
-3.64925740001645,0,-2.22294404857179
-3.6604312795943,0,-2.16517534427588
-3.66591990305246,0,-2.10821041585281
-3.66556496963258,0,-2.05249292669685
-3.65927914521219,0,-1.99848218919082
-3.64705100509435,0,-1.94664321258333
-3.62894743342972,0,-1.89743589250447
-3.60511311130844,0,-1.85130395230726
-3.57576700163031,0,-1.80866432482535
-3.54119604213008,0,-1.76989764282673
-3.50174653048157,0,-1.73534038971917
-3.45781387761622,0,-1.70527907436021
-3.40983148960761,0,-1.67994657526765
-3.35825951420693,0,-1.65952059239866
-3.30357407790859,0,-1.64412398192855
-3.24625747853513,0,-1.63382664836258
-3.18678962323057,0,-1.62864863008728
-3.12564084155306,0,-1.62856402847307
-3.06326607585621,0,-1.63350548030549
-3.00010036300307,0,-1.64336894138531
-2.93655547084627,0,-1.65801862113757
-2.87301753294507,0,-1.67729197375892
-2.80984552672086,0,-1.7010047048097
-2.74737045475035,0,-1.7289557906608
-2.68589510842843,0,-1.76093253168299
-2.62569431175988,0,-1.79671566990804
-2.56701555628193,0,-1.83608460026284
-2.51007994347777,0,-1.87882269393921
-2.45508334743242,0,-1.92472273558316
-2.402197698202,0,-1.97359245515668
-2.35157226692652,0,-2.02526011251491
-2.30333480965486,0,-2.07958006932979
-2.25759240149866,0,-2.13643825960856
-2.21443176992163,0,-2.19575744652262
-2.17391891973642,0,-2.25750212865696
-2.13609783668803,0,-2.32168293171388
-2.10098806504943,0,-2.38836029070463
-2.06858098074677,0,-2.4576471918194
-2.03883462800467,0,-2.52971070277085
-2.01166705659247,0,-2.60477197763189
-1.98694818980949,0,-2.68310438159906
-1.96449037029174,0,-2.76502934994841
-1.94403786920011,0,-2.8509095833442
-1.92525579869916,0,-2.9411391997936
-1.90771902792766,0,-3.03613052290123
-1.89090185428944,0,-3.13629729497418
-1.87416930629415,0,-3.24203426456015
-1.85677103120665,0,-3.35369330511029
-1.83783873293716,0,-3.4715564583221
-1.8163880636918,0,-3.5958065364703
-1.79132574159976,0,-3.72649613166237
-1.7614624880849,0,-3.86351603846602
-1.72553219222108,0,-4.00656418573257
-1.68221756371601,0,-4.15511620500231
-1.6301824769874,0,-4.30839878151559
-1.56811125892582,0,-4.46536701980518
-1.4947553101881,0,-4.62468731653636
-1.40898758347468,0,-4.78472778219362
-1.30986539191164,0,-4.94355917065472
-1.19670150614442,0,-5.09897054333409
-1.06914216044152,0,-5.24850529700177
-0.927248079140525,0,-5.38952418704615
-0.771570839725641,0,-5.51930164211991
-0.603212290737333,0,-5.63515874977653
-0.423850815030272,0,-5.73462975524954
-0.235717464875291,0,-5.81564892177157
-0.0415100233127579,0,-5.8767336133723
0.155755295591861,0,-5.91713229458
0.35293932025778,0,-5.93690786051546
0.546994266149583,0,-5.93693895578687
0.735164052787492,0,-5.91884063921175
0.915143536800585,0,-5.88482301047664
1.08518229573592,0,-5.83751556741883
1.24413187020167,0,-5.77978451619859
1.39144439233849,0,-5.71456321002087
1.52713393659394,0,-5.6447071665843
1.65171116393184,0,-5.5728782327803
1.76609931337147,0,-5.50145864519563
1.87153730713332,0,-5.43249441203182
1.96947465860906,0,-5.36766726635627
2.06146302794556,0,-5.3082941018112
2.149050038094,0,-5.25535152975507
2.23368149491168,0,-5.2095209664115
2.31661777742849,0,-5.17124711492087
2.3988686756759,0,-5.14080083027199
2.48114867563601,0,-5.11833698300798
2.56385227828226,0,-5.10393936378831
2.6470470536058,0,-5.09764751860864
2.73048116720082,0,-5.09946383095654
2.8136021184287,0,-5.10934226226975
2.8955841742562,0,-5.12716231576621
2.97536315463423,0,-5.15269286016811
3.05167853893426,0,-5.18555071266501
3.12312409576001,0,-5.22515883229605
3.18820916980174,0,-5.2707091198781
3.24543306953038,0,-5.32113547944293
3.29337419815279,0,-5.37510393677594
3.33079305521939,0,-5.43102768390368
3.35674360606204,0,-5.48711476987323
3.37068118949971,0,-5.54145324269299
3.37254902801104,0,-5.59213173702903
3.36282293202231,0,-5.63738343759861
3.34249832787082,0,-5.67573140996786
3.31301583412876,0,-5.70610865455547
3.27613717696441,0,-5.72793060044874
3.23379528461268,0,-5.7411100528372
3.18794568777506,0,-5.74601917759662
3.14044081303234,0,-5.7434135958947
3.09293869158522,0,-5.73433707116698
3.04684803273644,0,-5.72002275329985
3.00330537872617,0,-5.70180170019179
2.96317742365627,0,-5.68102424419414
2.92708137786619,0,-5.65899607993247
2.89541715054315,0,-5.63692883996479
2.86840622485507,0,-5.61590391843102
2.84613305299985,0,-5.59684785889538
2.82858557700991,0,-5.58051738752479
2.8156921726485,0,-5.56749201586504
2.80735298090668,0,-5.55817207625351
2.80346422955625,0,-5.55278015378547
2.80393470919854,0,-5.5513641830975
2.80869401477487,0,-5.55380097187746
2.81769249676697,0,-5.55979953335943
2.83089313285408,0,-5.56890427263743
2.84825579790715,0,-5.58049869824706
2.86971473536043,0,-5.59381086854354
2.89515044613353,0,-5.60792221160028
2.92435771916008,0,-5.62178168189128
2.95701213370293,0,-5.63422744188524
2.99263808310293,0,-5.64401834714512
3.03058221321959,0,-5.64987734462504
3.06999707766144,0,-5.65054821163267
3.10984054742249,0,-5.64486550332153
3.14889655437619,0,-5.63183480968926
3.18582132006051,0,-5.61071647263184
3.21921560616711,0,-5.58110157872841
3.24771771498606,0,-5.54296610382178
3.27010534280967,0,-5.49668979561499
3.28538966545425,0,-5.44303207500691
3.29288497266183,0,-5.38306682597317
3.29224259202094,0,-5.31808780833557
3.28344668577131,0,-5.2495023906024
3.26677799308268,0,-5.17873127951249
3.24275665103626,0,-5.10712698555235
3.2120760381831,0,-5.03591688844239
3.17553731976788,0,-4.9661707552848
3.13399090193177,0,-4.89878880385539
3.0882877817227,0,-4.83450490138205
3.03924148752983,0,-4.77389954871358
2.98760000183581,0,-4.71741814530019
2.93402650660135,0,-4.66539110920886
2.87908769159329,0,-4.61805344935012
2.82324847137843,0,-4.57556225219621
2.76687210447662,0,-4.53801124550828
2.71022481004655,0,-4.50544215855649
2.65348400220768,0,-4.47785302768421
2.5967492188594,0,-4.45520389813327
2.54005474620691,0,-4.43742053908978
2.48338288106289,0,-4.42439681443213
2.42667677955569,0,-4.41599624896236
2.3698519500325,0,-4.41205313416792
2.31280567400709,0,-4.41237328399533
2.25542396818164,0,-4.41673434381768
2.19758609217735,0,-4.42488543240616
2.139167001348,0,-4.43654589430771
2.08003847749126,0,-4.45140306676802
2.02006988733686,0,-4.46910920069359
1.95912958454364,0,-4.4892779772151
1.89708787505623,0,-4.51148137752575
1.83382221896117,0,-4.53524793947694
1.76922497005513,0,-4.56006361816297
1.7032134916343,0,-4.58537650985726
1.63574197586817,0,-4.61060655045024
1.5668137897938,0,-4.63516091693274
1.49649274922775,0,-4.6584552189167
1.4249114811306,0,-4.67993968877316
1.35227508268387,0,-4.69912856398598
1.27885870281764,0,-4.71562989876189
1.20499846333228,0,-4.72917240933728
1.13107618712972,0,-4.73962590569136
1.05749947757612,0,-4.74701252458264
0.984679510057694,0,-4.75150727086564
0.913009226122518,0,-4.75342799016979
0.842844389094906,0,-4.7532164159398
0.774489276342922,0,-4.75141299021508
0.70818787886679,0,-4.7486285698045
0.644120603258908,0,-4.74551593632777
0.582405803556864,0,-4.74274342172488
0.523105084232024,0,-4.7409721780735
0.466231193285367,0,-4.74083785865414
0.411757398715245,0,-4.74293685321649
0.359627433169365,0,-4.74781677528872
0.309765332670644,0,-4.75597062246628
0.262084738053497,0,-4.76783388631845
0.216497442833403,0,-4.78378383604243
0.17292114266286,0,-4.80414020444534
0.131286461273465,0,-4.8291665418557
0.0915433919875087,0,-4.85907155920851
0.053667300990535,0,-4.89400984975796
0.0176645894571528,0,-4.93408145808473
-0.0164219893542564,0,-4.97932985538456
-0.0485085058010499,0,-5.02973798203705
-0.0784658429002146,0,-5.08522213375626
-0.106117002834149,0,-5.14562360038407
-0.131236409114255,0,-5.21069812467952
-0.153552027114398,0,-5.280103444729
-0.172751222391352,0,-5.35338543412321
-0.188491308358755,0,-5.42996367803651
-0.200415683784677,0,-5.50911774175065
-0.20817629811404,0,-5.58997592045625
-0.211462860031623,0,-5.67150891348642
-0.210038641386081,0,-5.75253161536881
-0.203781811070377,0,-5.83171695229033
-0.192729844074155,0,-5.90762616069388
-0.177122653635973,0,-5.97875964159182
-0.157437892990715,0,-6.04363087562339
-0.134410000963342,0,-6.10086222035222
-0.109024150403769,0,-6.14929563443192
-0.0824786027103177,0,-6.18810458440823
-0.0561147030226527,0,-6.2168881799019
-0.0313218088602113,0,-6.23572819331612
-0.00943188042394244,0,-6.24519588342863
0.00837818753791109,0,-6.24630696377208
0.0211608264916541,0,-6.24043505602131
0.0282398195456707,0,-6.22920162999045
0.0292191737117427,0,-6.21436153306896
0.0239638284659205,0,-6.19769899916331
0.0125598502571852,0,-6.18094258181904
-0.00473828800006737,0,-6.16570153301473
-0.0275671818446551,0,-6.15342208709694
-0.0555161986493474,0,-6.14535996406136
-0.0881880465281145,0,-6.14256460776383
-0.125255365216835,0,-6.14587059978387
-0.166510506899717,0,-6.15589194495153
-0.211905442392216,0,-6.17301538722493
-0.261578524200372,0,-6.19738964408671
-0.315864879772583,0,-6.22890855225493
-0.375287626836608,0,-6.26718763459228
-0.440527932385205,0,-6.31153542905602
-0.512373117764714,0,-6.36092284518953
-0.591643411864942,0,-6.4139555787173
-0.679099421727921,0,-6.46885605559799
-0.775333853126752,0,-6.52346250290983
-0.880652605926768,0,-6.57525370918431
-0.994952522866346,0,-6.6214089309281
-1.11760645774971,0,-6.65891284674817
-1.24737146153735,0,-6.68471411402074
-1.38234220812848,0,-6.6959404199626
-1.51997642594178,0,-6.69016005176095
-1.65721635236906,0,-6.66565940007945
-1.790713830082,0,-6.62168330379387
-1.91713609360702,0,-6.55857434359414
-2.03349591202174,0,-6.47776238482381
-2.13743356414507,0,-6.38159763333462
-2.22739231631159,0,-6.27306953250361
-2.30266653752391,0,-6.15548292048662
-2.36334021154063,0,-6.03215968483091
-2.41015508063426,0,-5.90620833223422
-2.44434894347803,0,-5.78037430777137
-2.46749394626476,0,-5.65696344936088
-2.48135165685647,0,-5.53782220023326
-2.48775170342435,0,-5.42435754590391
-2.48849493660406,0,-5.31758255535704
-2.48527942189097,0,-5.21817687636635
-2.47964665623597,0,-5.12655429128918
-2.47294517698338,0,-5.04293131224193
-2.46630865927076,0,-4.96739206780601
-2.46064553349671,0,-4.89994574577514
-2.45663715007517,0,-4.84057382583939
-2.45474167387617,0,-4.78926533063721
-2.45520126249923,0,-4.74603930529596
-2.45805065609538,0,-4.71095462422388
-2.46312600840357,0,-4.68410794912279
-2.47007351951593,0,-4.66562119026192
-2.47835809792912,0,-4.65562016041674
-2.48727281823671,0,-4.65420629366767
-2.49595032226218,0,-4.66142338111918
-2.50337753676308,0,-4.67722130846746
-2.50841516896078,0,-4.7014188201364
-2.50982341209376,0,-4.73366743036685
-2.50629515028493,0,-4.77341879358567
-2.49649766510043,0,-4.81989815713307
-2.47912334013049,0,-4.87208693361622
-2.45294901752011,0,-4.92871786176465
-2.41690235469553,0,-4.98828647825325
-2.37013170262524,0,-5.04908237249533
-2.31207381674591,0,-5.10924252663957
-2.24251158514376,0,-5.1668266054252
-2.16161274280922,0,-5.21991035255762
-2.0699412096179,0,-5.26668890758758
-1.96843585907809,0,-5.30557820941345
-1.85835687068159,0,-5.335301296998
-1.74120587707017,0,-5.3549482730422
-1.61863081956275,0,-5.36400364836182
-1.4923281632326,0,-5.36234106938234
-1.36395360595682,0,-5.35019088357597
-1.23504869937602,0,-5.3280890745636
-1.10698654027882,0,-5.29681648672798
-0.980936261942132,0,-5.2573356912523
-0.857844075443739,0,-5.21073046256105
-0.73842798975289,0,-5.15815060111619
-0.623183594192355,0,-5.10076327561044
-0.512398868136458,0,-5.03971125722217
-0.406176473363375,0,-4.97607819713197
-0.304462171687941,0,-4.91086116136046
-0.207077876139823,0,-4.84495070445113
-0.113757511442267,0,-4.77911864896833
-0.0241835220336367,0,-4.71401338228051
0.0619782893533329,0,-4.65016194899583
0.145047764455305,0,-4.58797765197524
0.225304946342505,0,-4.52777144215804
0.302971217278937,0,-4.46976520000567
0.378197282292722,0,-4.41410512939204
0.451057582576572,0,-4.36087385193092
0.52155023951535,0,-4.31010030133261
0.589601391513357,0,-4.26176705364373
0.655072773168478,0,-4.21581519351056
0.717771536856843,0,-4.17214715541018
0.777461551330739,0,-4.13062818169126
0.83387565747572,0,-4.09108712545585
0.886728562932738,0,-4.05331732701929
0.935730180673829,0,-4.01707823630232
0.980599246325575,0,-3.98209835695123
1.0210769857149,0,-3.94807995459017
1.05694046401592,0,-3.91470579497198
1.0880150641205,0,-3.88164795006099
1.11418536470489,0,-3.84857843300448
1.13540358043131,0,-3.81518111822877
1.15169474919675,0,-3.78116411675014
1.16315804358057,0,-3.74627157379483
1.16996394136125,0,-3.71029380015284
1.17234745531256,0,-3.67307477812782
1.17059809509935,0,-3.634516387606
1.16504760295365,0,-3.594579116268
1.15605668753575,0,-3.5532794558763
1.14400195091894,0,-3.51068454916836
1.1292639954408,0,-3.46690487520709
1.11221738318898,0,-3.42208582706286
1.09322278323559,0,-3.37639896790125
1.07262134602605,0,-3.33003359736749
1.05073112729315,0,-3.28318907105289
1.02784525409745,0,-3.23606813300104
1.0042314720816,0,-3.18887136973864
0.98013271545622,0,-3.14179278400617
0.955768378126334,0,-3.09501641611793
0.931336017771132,0,-3.04871390362146
0.907013281875475,0,-3.00304285655662
0.882959897960229,0,-2.95814592748737
0.859319615771143,0,-2.91415046558365
0.836222025823873,0,-2.87116865730445
0.813784206897192,0,-2.82929806941569
0.792112176028472,0,-2.7886225213433
0.771302129762309,0,-2.74921322247499
0.751441476264772,0,-2.71113011596356
0.732609665675709,0,-2.67442337430749
0.714878831707903,0,-2.63913499419648
0.698314261726407,0,-2.60530043961909
0.682974715822573,0,-2.57295028380079
0.668912617992881,0,-2.54211180282785
0.656174144538602,0,-2.51281047726542
0.644799236199632,0,-2.48507136293006
0.634821561243512,0,-2.45892029821851
0.626268456652575,0,-2.43438492280342
0.619160873616859,0,-2.41149549069035
0.613513351729382,0,-2.39028546909509
0.609334043642844,0,-2.37079192281207
0.606624808598453,0,-2.35305569120661
0.60538138934668,0,-2.33712137127004
0.605593682745114,0,-2.32303712505722
0.607246109943239,0,-2.31085433314876
0.610318087730245,0,-2.30062711757449
0.614784598474455,0,-2.29241175803607
0.620616852218319,0,-2.28626602451371
0.627783030961651,0,-2.28224844772054
0.636249101981629,0,-2.28041754668703
0.645979684196173,0,-2.28083103029244
0.65693894907171,0,-2.28354498707211
0.669091535422893,0,-2.2886130752877
0.68240345570049,0,-2.29608572318738
0.696842970108846,0,-2.30600934764886
0.7123814042709,0,-2.31842559799155
0.728993886330635,0,-2.33337063059352
0.746659980515231,0,-2.35087441896783
0.765364196407484,0,-2.37096010300693
0.785096356568031,0,-2.39364338006475
0.80585180965359,0,-2.41893193929527
0.827631481624999,0,-2.44682493910329
0.850441763703311,0,-2.47731252564508
0.874294241958286,0,-2.51037538803917
0.899205279248607,0,-2.54598434338345
0.925195465088861,0,-2.58409994194759
0.952288952343192,0,-2.6246720801897
0.98051270099627,0,-2.66763960674578
1.00989564835588,0,-2.71292990447317
1.04046782182828,0,-2.76045843020352
1.0722594050153,0,-2.81012819325359
1.10529976062798,0,-2.86182915408718
1.1396164050364,0,-2.91543752594873
1.17523391968911,0,-2.97081496487785
1.2121727746494,0,-3.02780763742628
1.2504480295916,0,-3.08624516083785
1.29006786822444,0,-3.14593941778242
1.33103191370008,0,-3.2066832575253
1.3733292656495,0,-3.26824910847978
1.4169361947878,0,-3.33038754456886
1.46181342968236,0,-3.392825871148
1.50790297402519,0,-3.45526682712965
1.55512440425226,0,-3.51738754023902
1.60337062045617,0,-3.57883892362129
1.6525030635046,0,-3.63924576506004
1.70234647477728,0,-3.69820783362171
1.75268336953506,0,-3.75530240764417
1.8032485275781,0,-3.81008870150383
1.85372397873005,0,-3.8621147162639
1.9037351698841,0,-3.91092702919427
1.9528492221786,0,-3.95608392553251
2.00057637342968,0,-3.99717201283036
2.04637577417357,0,-4.03382600338326
2.08966666389027,0,-4.06575070049574
2.12984549929147,0,-4.09274344957834
2.1663087969088,0,-4.11471458429751
2.19848036480667,0,-4.13170296715179
2.22584046692146,0,-4.14388385987225
2.24795364196066,0,-4.15156720825164
2.26449172982874,0,-4.15518588939825
2.27524929897363,0,-4.15527517916197
2.28014997723969,0,-4.15244614589603
2.27924377062707,0,-4.14735644246208
2.27269683891287,0,-4.14068190183751
2.26077604708968,0,-4.13309159698602
2.24383083055068,0,-4.12522794083902
2.22227461670872,0,-4.11769232571896
2.19656745687306,0,-4.11103596873709
2.16720085404081,0,-4.10575512999496
2.13468517131362,0,-4.10228968135677
2.09953954112062,0,-4.1010240468922
2.06228387975864,0,-4.10228972286558
2.02343242809084,0,-4.10636883881029
1.98348816216874,0,-4.1134984829418
1.94293742360655,0,-4.12387574028967
1.90224418958219,0,-4.13766354536812
1.86184351973421,0,-4.15499750592986
1.82213386572345,0,-4.17599379397192
1.78346809273096,0,-4.20075802404826
1.7461432267217,0,-4.22939476702907
1.71038909800206,0,-4.26201702192003
1.67635619803851,0,-4.29875465017276
1.64410320509688,0,-4.33976053667525
1.61358476735009,0,-4.385213145689
1.58464025606193,0,-4.43531423449051
1.55698430324654,0,-4.49028078371737
1.53019999725313,0,-4.5503306700472
1.50373560548473,0,-4.61566217269826
1.47690561580185,0,-4.68642797484929
1.44889674571941,0,-4.76270479937509
1.4187793906482,0,-4.84446013716412
1.38552481349284,0,-4.93151766392461
1.34802826570136,0,-5.02352292902724
1.30513821210333,0,-5.11991081615445
1.25569192316331,0,-5.21987623322289
1.19855787684863,0,-5.32234962049548
1.13268560329894,0,-5.42597930669922
1.05716365716476,0,-5.52912360748859
0.971286057926951,0,-5.62985688957638
0.8746264213063,0,-5.72599548138516
0.767116668356242,0,-5.81515081528
0.649123326794358,0,-5.89481751611593
0.521509287075964,0,-5.96250170436076
0.385663896386518,0,-6.0158878482896
0.243482471196017,0,-6.05303059680964
0.0972813997464983,0,-6.07254380976519
-0.0503512400876747,0,-6.07374905958947
-0.196750568131531,0,-6.05674799513134
-0.339380607930861,0,-6.02240004870299
-0.476012542491367,0,-5.97221272288916
-0.604847819582913,0,-5.90817370961819
-0.724576753885724,0,-5.83256277460151
-0.834379972451445,0,-5.74777600171173
-0.933889197067738,0,-5.65618206330495
-1.02312515655353,0,-5.56001711174758
-1.10242692768259,0,-5.46131590634826
-1.17238205739887,0,-5.36187253260855
-1.23376248853102,0,-5.26322323655389
-1.28746832361701,0,-5.16664484932713
-1.33447974487108,0,-5.07316381166741
-1.37581660010495,0,-4.98357227113208
-1.41250489543775,0,-4.89844886473425
-1.44554943245688,0,-4.81818258362474
-1.47591192000797,0,-4.74299860430258
-1.50449398732402,0,-4.67298524533228
-1.53212458501754,0,-4.60812134545214
-1.55955127334429,0,-4.54830341766481
-1.58743487049334,0,-4.49337195660576
-1.61634688443061,0,-4.44313629017263
-1.64676910096479,0,-4.39739738584662
-1.67909466866469,0,-4.35596805365076
-1.71363002441036,0,-4.31869003338362
-1.75059705150994,0,-4.28544751548618
-1.79013495742426,0,-4.25617672650734
-1.83230149416433,0,-4.23087131706875
-1.87707330816612,0,-4.20958342643881
-1.92434537946721,0,-4.19242046130806
-1.97392967178484,0,-4.17953780571706
-2.02555324722801,0,-4.17112785331104
-2.07885619015727,0,-4.16740589570818
-2.13338973268786,0,-4.16859348734792
-2.18861498961303,0,-4.17489992363453
-2.24390271314355,0,-4.18650241763842
-2.29853449375807,0,-4.20352546104399
-2.35170588917091,0,-4.22601974297114
-2.40253208043704,0,-4.25394092247846
-2.45005684290119,0,-4.28712856075554
-2.49326587129948,0,-4.32528567460103
-2.53110577269662,0,-4.36795972965543
-2.56251024874318,0,-4.41452649180391
-2.5864349712146,0,-4.46417899701641
-2.60190217466686,0,-4.51592488708951
-2.60805476319215,0,-4.56859622769005
-2.60421753957135,0,-4.62087618984895
-2.58996009609011,0,-4.67134597350113
-2.56515261558395,0,-4.71855249912439
-2.53000366786541,0,-4.76109268920179
-2.48506970755046,0,-4.79770469546572
-2.43123036017712,0,-4.82735237215607
-2.36963094571714,0,-4.84928893865624
-2.30160137425486,0,-4.86308997475361
-2.22856537587461,0,-4.86865318628707
-2.15195425130775,0,-4.86616973488039
-2.07313558131709,0,-4.85607661756044
-1.9933618516739,0,-4.83900063087481
-1.9137390168747,0,-4.81570264895092
-1.83521188479579,0,-4.78702785711962
-1.75856196580269,0,-4.75386457063904
-1.68441355361227,0,-4.71711204472201
-1.6132446229663,0,-4.67765638490572
-1.545400130815,0,-4.63635311915051
-1.48110620591454,0,-4.59401493074944
-1.42048439357629,0,-4.55140324410184
-1.36356557677825,0,-4.50922264494847
-1.3103034567153,0,-4.46811740949477
-1.26058759310966,0,-4.42866966586786
-1.21425602370037,0,-4.39139889771706
-1.17110744343781,0,-4.35676262059464
-1.1309128601385,0,-4.32515812305563
-1.09342658087602,0,-4.29692517747416
-1.05839634113312,0,-4.27234960481423
-1.02557237777434,0,-4.25166753879881
-0.994715270054416,0,-4.23507019323299
-0.965602425429609,0,-4.22270890408214
-0.938033158524371,0,-4.21470020335734
-0.91183238914734,0,-4.21113068787059
-0.886853056102607,0,-4.21206147075075
-0.862977398065665,0,-4.21753204212085
-0.840117285737094,0,-4.22756341083627
-0.818213800080306,0,-4.24216044511282
-0.797236242459658,0,-4.26131337107039
-0.777180738779181,0,-4.28499842146045
-0.758068566751625,0,-4.31317765086876
-0.739944298142734,0,-4.34579794878805
-0.722873809965784,0,-4.38278928949184
-0.706942182439522,0,-4.42406225951612
-0.692251468039045,0,-4.46950490189582
-0.678918285133828,0,-4.51897891324259
-0.667071160886764,0,-4.57231522736948
-0.656847520407243,0,-4.62930901954632
-0.648390191761429,0,-4.68971417083859
-0.64184326869046,0,-4.75323724502205
-0.637347144453152,0,-4.81953105490114
-0.635032501399032,0,-4.88818793581731
-0.635013013317397,0,-4.95873290967168
-0.637376495650666,0,-5.03061702451191
-0.642174231784709,0,-5.10321130847003
-0.64940822998051,0,-5.17580200194295
-0.659016256355493,0,-5.24758804769286
-0.670854693275957,0,-5.3176822352261
-0.68467965651077,0,-5.38511789617098
-0.700127444858876,0,-5.44886355562597
-0.716696348443567,0,-5.50784828290914
-0.733733076766462,0,-5.56100033379122
-0.75042836609125,0,-5.607300578851
-0.765827171547231,0,-5.64584970799538
-0.778858424548652,0,-5.67594415760279
-0.788386793350909,0,-5.69715081139574
-0.793283984927874,0,-5.70936659697798
-0.792510965158131,0,-5.7128486387713
-0.785197555834546,0,-5.70820534011741
-0.770704914614032,0,-5.69634785344805
-0.748660429965144,0,-5.67841130402115
-0.718961873692553,0,-5.6556615603312
-0.681754910960179,0,-5.62940403097852
-0.637392507938114,0,-5.60090681113485
-0.586385628019358,0,-5.57134432665258
-0.529352846464606,0,-5.54176211046363
-0.466973715978867,0,-5.51305982900424
-0.399948109951416,0,-5.48598818741894
-0.328961934146577,0,-5.46115525198293
-0.254658606852179,0,-5.43903832816067
-0.177615395034588,0,-5.41999831715959
-0.0983238384578806,0,-5.40429418411908
-0.0171739004601988,0,-5.39209573598178
0.0655580029938241,0,-5.38349336517533
0.149716458115228,0,-5.37850385057922
0.235269016172656,0,-5.37707180031761
0.322301604741404,0,-5.37906691044216
0.411006565207242,0,-5.38427787177709
0.501663054715553,0,-5.39240438663765
0.594610350658249,0,-5.40304921607774
0.69021547514377,0,-5.41571233095865
0.788837314908761,0,-5.42978901370818
0.890789863317924,0,-5.44457318173537
0.9963072415029,0,-5.45926641211192
1.10551275920918,0,-5.47299234100354
1.21839355801912,0,-5.48481549466645
1.33478152762336,0,-5.49376332585598
1.4543404165498,0,-5.49885032345389
1.57655856147961,0,-5.49910346943253
1.70074655150396,0,-5.49358888767422
1.82603944984001,0,-5.48144007196324
1.95140384656146,0,-5.46188839991089
2.07565085870077,0,-5.43429656473484
2.19745699940875,0,-5.39819496406995
2.31539530642246,0,-5.35331992945281
2.42797890631558,0,-5.29965105128651
2.53371798051723,0,-5.23744305013504
2.63118876771096,0,-5.16724621797903
2.7191100617955,0,-5.08990913426718
2.79641945639887,0,-5.00655879411759
2.86233955510137,0,-4.91855660833343
2.91642461907055,0,-4.82743326167236
2.95858100790815,0,-4.73480973778993
2.98905951376621,0,-4.64231441747783
3.00842270162054,0,-4.55150619168037
3.0174940498466,0,-4.46381125000513
3.01729718394237,0,-4.38047769668718
3.00899293251782,0,-4.30254868029362
2.99382007524304,0,-4.23085217858819
2.9730433919592,0,-4.16600424017161
2.94791061325271,0,-4.1084221760367
2.91961841688424,0,-4.0583445436474
2.88928673526921,0,-4.01585540758924
2.85794021396083,0,-3.9809110334433
2.82649552855307,0,-3.95336773131222
2.79575328871061,0,-3.93300995597314
2.76639333877456,0,-3.91957798700209
2.73897235512377,0,-3.91279457380266
2.71392272833419,0,-3.91238986654204
2.69155181664228,0,-3.91812379976223
2.6720407956601,0,-3.92980489450258
2.6554425417144,0,-3.94730425343021
2.64167829807399,0,-3.97056341183002
2.63053328713325,0,-3.9995947527966
2.62165191421352,0,-4.03447346569459
2.61453368688778,0,-4.07532055666079
2.60853134467775,0,-4.12227718240064
2.60285285238521,0,-4.17547147426956
2.59656878788608,0,-4.23497988720652
2.58862625649555,0,-4.30078576491831
2.57786988035538,0,-4.37273811554585
2.56306980011809,0,-4.45051349463019
2.54295615821604,0,-4.53358347421608
2.51625932586607,0,-4.62118962846849
2.48175519960315,0,-4.71232753045152
2.43831510564954,0,-4.80574114708
2.38495997014107,0,-4.89992934363726
2.32091812436001,0,-4.99316688532642
2.2456851081383,0,-5.08354303132167
2.1590819418976,0,-5.1690209795955
2.06130571993388,0,-5.24752028025307
1.95296373421478,0,-5.31702121479142
1.83508096498701,0,-5.37568494080891
1.70907221393488,0,-5.42197697381138
1.57667531294317,0,-5.45477666290443
1.43984994686984,0,-5.4734545314275
1.30065496083139,0,-5.47790426469907
1.16112209582498,0,-5.46852559040539
1.02314376055995,0,-5.44616470501993
0.888387235972423,0,-5.41202626895298
0.758240298865318,0,-5.36757325206636
0.633786630982353,0,-5.31442861568025
0.515805305005572,0,-5.25428812881129
0.404787290622326,0,-5.1888487543591
0.300962498364047,0,-5.1197533433472
0.204332354422895,0,-5.04855020412023
0.114704502191455,0,-4.97666521910951
0.0317275470137134,0,-4.90538410574902
-0.0450753225127376,0,-4.83584274098622
-0.116274451377374,0,-4.76902390207849
-0.182503900214343,0,-4.70575916172589
-0.244433892289442,0,-4.64673495009247
-0.30274567603546,0,-4.59250195457339
-0.358108929571541,0,-4.54348709368312
-0.411161806832215,0,-4.50000730755496
-0.462493687268643,0,-4.46228438699991
-0.512630646339667,0,-4.43046004303154
-0.562023621265779,0,-4.40461041939414
-0.611039214806729,0,-4.38475928559182
-0.659953064406164,0,-4.3708892253526
-0.708945704467106,0,-4.36295025862097
-0.758100859431089,0,-4.36086550216716
-0.807406114051755,0,-4.3645336768271
-0.856755902840085,0,-4.37382849343071
-0.905956733960614,0,-4.38859517312107
-0.954734511552364,0,-4.40864455503814
-1.00274375173942,0,-4.43374538951697
-1.04957841826229,0,-4.46361548908757
-1.09478405677786,0,-4.49791240711852
-1.13787090568406,0,-4.5362242471916
-1.17832772187482,0,-4.57806110562193
-1.21563618453547,0,-4.62284755907854
-1.24928591383734,0,-4.66991657873844
-1.27879033051263,0,-4.71850532701654
-1.30370373540449,0,-4.76775350239057
-1.32364003774929,0,-4.81670524411874
-1.33829342680072,0,-4.86431605002664
-1.34746087944939,0,-4.90946659091115
-1.35106566346688,0,-4.95098553315204
-1.34917993885133,0,-4.98768322756341
-1.34204332967496,0,-5.0183970707833
-1.33007329972365,0,-5.04204728530263
-1.31386288202257,0,-5.05769892760598
-1.29416236681398,0,-5.06462281579584
-1.27184417266758,0,-5.06234600098212
-1.24785381324178,0,-5.0506826840041
-1.22315338313175,0,-5.02973964195978
-1.19866587457839,0,-4.99989547634523
-1.1752280994931,0,-4.96175841933677
-1.15355736391257,0,-4.91611106363815
-1.1342335367666,0,-4.86385124655954
-1.11769509215146,0,-4.80593677282914
-1.10424586226058,0,-4.74333886400191
-1.0940686969064,0,-4.6770063696373
-1.08724261331648,0,-4.60784060413343
-1.0837608520855,0,-4.53667939628802
-1.08354815384602,0,-4.46428842647507
-1.08647632831179,0,-4.39135792208659
-1.09237773359567,0,-4.31850304308352
-1.10105663066751,0,-4.24626664379151
-1.11229856983631,0,-4.17512344482439
-1.12587805188093,0,-4.10548494446951
-1.1415647264237,0,-4.03770462902595
-1.15912837364981,0,-3.97208321011474
-1.17834288185649,0,-3.90887373419515
-1.19898939442799,0,-3.84828648701065
-1.22085876244526,0,-3.79049366395075
-1.24375340675669,0,-3.73563380493864
-1.26748866744604,0,-3.68381600609002
-1.29189369950404,0,-3.63512392500103
-1.31681196069191,0,-3.58961959569399
-1.34210133023825,0,-3.54734706548141
-1.3676338941228,0,-3.50833586095781
-1.39329543324544,0,-3.47260428503745
-1.41898465382065,0,-3.44016254202618
-1.44461220409382,0,-3.41101568347401
-1.47009952733551,0,-3.38516636416901
-1.49537760757245,0,-3.36261739520096
-1.52038567130637,0,-3.34337407960514
-1.54506991524365,0,-3.32744631571241
-1.56938233648729,0,-3.31485045392627
-1.59327974733712,0,-3.30561089402902
-1.61672306131115,0,-3.29976141192435
-1.63967693963487,0,-3.29734620635347
-1.66210988751392,0,-3.29842065677365
-1.68399488617257,0,-3.30305178225565
-1.70531063896244,0,-3.31131838684628
-1.72604349679916,0,-3.32331086826795
-1.7461901086651,0,-3.33913065322391
-1.76576081576711,0,-3.35888920352299
-1.78478377198819,0,-3.38270651307475
-1.80330972744615,0,-3.41070898797788
-1.82141735550085,0,-3.44302657335558
-1.83921893637241,0,-3.47978896592851
-1.85686613390023,0,-3.52112073699411
-1.87455551928601,0,-3.56713519433881
-1.89253341337455,0,-3.61792684187662
-1.91109954728042,0,-3.67356235939106
-1.93060899373053,0,-3.73407012478036
-1.95147181431329,0,-3.79942843431391
-1.97414991587966,0,-3.86955273053914
-1.99915072181147,0,-3.94428230135353
-2.02701743866957,0,-4.02336703916598
-2.05831591822344,0,-4.10645491664334
-2.09361834514365,0,-4.1930808233345
-2.1334841761687,0,-4.28265731028794
-2.17843887020087,0,-4.37446762610769
-2.2289509451136,0,-4.46766124150228
-2.28540776511723,0,-4.56125191459696
-2.34809022458278,0,-4.65411832124829
-2.41714620917804,0,-4.74500743772398
-2.49256247882835,0,-4.83254127990678
-2.5741345628899,0,-4.91522831208611
-2.6614345603702,0,-4.99148183267271
-2.7537776108939,0,-5.05964882800626
-2.85018946964332,0,-5.11805389306607
-2.94938021417743,0,-5.16506329944615
-3.0497324420531,0,-5.19917322610347
-3.14931550464013,0,-5.21912237922806
-3.24593847575987,0,-5.22402186732931
-3.33725102767793,0,-5.2134849646105
-3.42089125863958,0,-5.18772982627609
-3.49466415496308,0,-5.14762541498449
-3.5567199985399,0,-5.0946600690076
-3.60569719997939,0,-5.03083234062962
-3.64080320670559,0,-4.95848607107679
-3.66182609533052,0,-4.88012480770733
-3.66908813535384,0,-4.79823932392071
-3.66336277446403,0,-4.71516996744065
-3.64577661449446,0,-4.63301111556807
-3.61771182963771,0,-4.55355454734092
-3.5807170290394,0,-4.47826394457165
-3.53642891773117,0,-4.40827262152678
-3.48650418729011,0,-4.34439856576173
-3.43256040045676,0,-4.28717301009654
-3.37612523978059,0,-4.23688000334742
-3.3185944114047,0,-4.19360456755342
-3.26119905038007,0,-4.15728634247137
-3.20498335729711,0,-4.12777472356417
-3.15079246985622,0,-4.1048809957536
-3.09926955983242,0,-4.08842321517136
-3.05086024695885,0,-4.07826061185572
-3.00582193633253,0,-4.07431579663271
-2.96423571358376,0,-4.07658464187815
-2.92601887950215,0,-4.08513500642284
-2.89093687533727,0,-4.10009629199066
-2.85861403920679,0,-4.12164213395711
-2.82854320238695,0,-4.14996844883078
-2.80009452196119,0,-4.18526873965271
-2.77252415890805,0,-4.22770814364718
-2.7449834904172,0,-4.27739729999698
-2.7165295449555,0,-4.33436678206441
-2.6861373153718,0,-4.39854260633186
-2.65271457237717,0,-4.46972320840415
-2.61511978488831,0,-4.54755826553757
-2.57218375421464,0,-4.63152984624855
-2.52273556563314,0,-4.72093658332142
-2.46563341078461,0,-4.81488189649113
-2.39980067026959,0,-4.91226771929979
-2.32426727941405,0,-5.01179566033812
-2.23821573779954,0,-5.11197794366833
-2.14103010251599,0,-5.21116064328792
-2.03234495578437,0,-5.30756140203891
-1.91208985376329,0,-5.39932274860811
-1.78052354932189,0,-5.48458015767449
-1.63825190556162,0,-5.56154128711622
-1.48622441824437,0,-5.62856993591433
-1.32570684173643,0,-5.684266116916
-1.15823114781463,0,-5.72753318005117
-0.985527908526324,0,-5.75762463846658
-0.809448924437623,0,-5.77416689659825
-0.631888631911447,0,-5.77715834396511
-0.454711435849806,0,-5.76694889298363
-0.279689332560786,0,-5.74420600804598
-0.108451091570097,0,-5.70987333290779
0.0575581830820656,0,-5.66512658378651
0.217109548254354,0,-5.61132919700246
0.369217186899329,0,-5.54998808001768
0.513161203863489,0,-5.48270830974958
0.648505980562905,0,-5.41114510224599
0.775112143293393,0,-5.33695194125686
0.893139025867008,0,-5.26172524507797
1.00303426783568,0,-5.18694797120291
1.10550808939633,0,-5.11393651869635
1.20149169952533,0,-5.04379654970462
1.29208177036449,0,-4.97739341914941
1.37847528957816,0,-4.91534160140678
1.46190074004111,0,-4.85801505384016
1.54355204243015,0,-4.8055774013862
1.62453097182984,0,-4.75802785291127
1.70580209492718,0,-4.7152565069735
1.78816214103899,0,-4.67710161187695
1.87222362414899,0,-4.64340158074244
1.95841087687371,0,-4.61403601019546
2.0469656615247,0,-4.58895224253899
2.13795921266335,0,-4.56817660765515
2.2313078069017,0,-4.55181180997091
2.32678953229431,0,-4.54002354025167
2.42406062159883,0,-4.53302008908693
2.52267035867381,0,-4.53102858549935
2.62207408404479,0,-4.53427074107435
2.72164420282087,0,-4.54293997591317
2.82067936569256,0,-4.55718082080393
2.91841219536871,0,-4.57707070959894
3.01401610653581,0,-4.60260377015323
3.10661194675188,0,-4.6336759909229
3.19527538616305,0,-4.67007115022361
3.27904620955746,0,-4.71144711245581
3.35694089986302,0,-4.75732250286625
3.42797010195728,0,-4.80706436864137
3.49116262713938,0,-4.85987821746676
3.54559744861765,0,-4.91480275562042
3.59044443681576,0,-4.97071259313306
3.62501317304925,0,-5.0263328555572
3.64880696377389,0,-5.08026957337777
3.66157638185013,0,-5.1310583556973
3.66336403049317,0,-5.17723083157617
3.65453099605682,0,-5.21739392494154
3.63575688740355,0,-5.25031243206066
3.60800987748079,0,-5.27498253459508
3.57248966384608,0,-5.290684506984
3.53055234596839,0,-5.29700722642061
3.48362945839429,0,-5.29384356791056
3.43315280262597,0,-5.28136178288723
3.38049314476553,0,-5.25996147440694
3.32691620135605,0,-5.23022325093706
3.27355537052431,0,-5.19285936171743
3.2213982485198,0,-5.14866990069453
3.1712831047396,0,-5.0985065913716
3.12390170667957,0,-5.04324428199625
3.07980565069346,0,-4.98375918687761
3.03941425871443,0,-4.92091245800514
3.0030229145543,0,-4.85553764551065
2.97081134155292,0,-4.78843081596212
2.94285175151669,0,-4.72034240971627
2.91911704465669,0,-4.65197024941568
2.89948934458029,0,-4.58395341369668
2.88376914505519,0,-4.51686693703716
2.87168525835223,0,-4.45121747410978
2.86290561958412,0,-4.38744016843668
2.85704884814627,0,-4.32589699104769
2.85369632486386,0,-4.2668767733765
2.85240443568784,0,-4.21059706556825
2.8527165754205,0,-4.15720782823221
2.85417450305957,0,-4.10679683598826
2.85632868842109,0,-4.05939655601876
2.85874737417329,0,-4.0149921791587
2.86102418078875,0,-3.97353043177333
2.86278418708805,0,-3.93492878312278
2.86368851253686,0,-3.89908467896116
2.86343750102438,0,-3.86588446895109
2.86177265642372,0,-3.83521174417836
2.8584775087896,0,-3.80695485433917
2.85337760002104,0,-3.78101342712714
2.84633977362201,0,-3.75730376235415
2.83727093915688,0,-3.73576301951032
2.82611646175962,0,-3.71635215993045
2.81285830341632,0,-3.69905764397255
2.79751301775013,0,-3.68389192002062
2.7801296752352,0,-3.67089277573425
2.76078777237632,0,-3.66012165238374
2.73959515744888,0,-3.65166104954881
2.71668598778138,0,-3.64561116885194
2.692218719931,0,-3.64208596060208
2.66637412480841,0,-3.64120874521341
2.63935331482175,0,-3.64310758138767
2.61137576901859,0,-3.6479105452057
2.58267734425364,0,-3.65574106903217
2.55350826461234,0,-3.66671346772802
2.52413108659757,0,-3.68092875383471
2.49481864289958,0,-3.6984708151865
2.46585197202428,0,-3.71940299989803
2.43751824396929,0,-3.7437651267195
2.41010869305524,0,-3.77157091482721
2.3839165677022,0,-3.80280580724019
2.35923510332595,0,-3.83742514680365
2.33635551869698,0,-3.87535265328054
2.3155650282357,0,-3.91647914454341
2.29714485306715,0,-3.96066144406092
2.28136820254488,0,-4.00772142075859
2.26849818576679,0,-4.05744511596338
2.25878559983908,0,-4.10958192577437
2.25246652896292,0,-4.16384382633496
2.24975967675906,0,-4.21990465485164
2.25086334496778,0,-4.27739949170941
2.25595196673499,0,-4.33592422958445
2.265172104908,0,-4.39503546467066
2.27863783891609,0,-4.45425090281059
2.29642549277867,0,-4.51305053765743
2.31856770731784,0,-4.5708789244903
2.34504693765554,0,-4.6271489334241
2.37578856705896,0,-4.6812474056204
2.41065397068154,0,-4.73254313581639
2.44943403055711,0,-4.78039753907503
2.49184377730788,0,-4.82417820301888
2.53751898046214,0,-4.86327525977887
2.58601557993631,0,-4.89712013439414
2.63681279169275,0,-4.92520577102392
2.68932048677017,0,-4.94710697892425
2.74289102412827,0,-4.96249918687362
2.79683515746542,0,-4.97117376895893
2.85044103697565,0,-4.97304829602572
2.90299482982924,0,-4.9681705886511
2.95380122207453,0,-4.9567162126103
3.00220211551427,0,-4.93897989791442
3.04759218197049,0,-4.91536208285265
3.08943048635479,0,-4.88635223250305
3.12724799710637,0,-4.8525106939216
3.16065133352573,0,-4.81445066087504
3.18932346646829,0,-4.77282142882844
3.21302226304156,0,-4.72829364598068
3.23157776704117,0,-4.68154681118312
3.244888981025,0,-4.63325890086311
3.25292071493015,0,-4.5840977536621
3.25570083422654,0,-4.53471370513685
3.25331800990567,0,-4.48573293252593
3.24591986457649,0,-4.43775102317385
3.23371123835363,0,-4.39132640170762
3.21695217698615,0,-4.34697342340012
3.19595518381318,0,-4.30515514640693
3.17108128628333,0,-4.26627601246231
3.14273455245154,0,-4.23067486802218
3.11135485048617,0,-4.19861891566577
3.07740886052578,0,-4.17029926867338
3.04137959595881,0,-4.14582876635027
3.003754932476,0,-4.12524258380324
2.96501583597751,0,-4.10850194667549
2.92562508751388,0,-4.09550096859083
2.88601730212834,0,-4.08607631280947
2.84659092655421,0,-4.08001909284386
2.80770269749581,0,-4.07708821755072
2.76966478352731,0,-4.0770242867562
2.73274456279015,0,-4.0795631638465
2.69716674619884,0,-4.08444847933259
2.66311737131599,0,-4.09144252390863
2.63074907974806,0,-4.10033523144141
2.60018705016429,0,-4.11095119182793
2.57153497782004,0,-4.12315483776247
2.54488055170598,0,-4.13685409612357
2.52029996326243,0,-4.1520028736381
2.49786107025815,0,-4.16860275767845
2.47762492552091,0,-4.18670426390616
2.45964545817868,0,-4.20640786492439
2.44396716555905,0,-4.22786490227744
2.43062074130897,0,-4.25127833296529
2.41961663606045,0,-4.27690310628307
2.41093662761282,0,-4.3050458225209
2.40452357284696,0,-4.33606320715296
2.40026962450085,0,-4.37035885724733
2.39800331851364,0,-4.40837769348991
2.39747606223408,0,-4.45059758950291
2.39834866596992,0,-4.49751775085187
2.40017864365624,0,-4.54964357041321
2.40240904879426,0,-4.60746787540636
2.40435960300501,0,-4.67144867689805
2.40522082288295,0,-4.74198370453803
2.40405177769004,0,-4.81938213236455
2.39978205106026,0,-4.90383396466048
2.3912184783933,0,-4.99537756561169
2.37705733253841,0,-5.09386582323456
2.35590286745212,0,-5.19893150911536
2.32629351093747,0,-5.30995263605642
2.28673748456286,0,-5.42601915967857
2.23576010296228,0,-5.54590336501954
2.17196522155839,0,-5.66803784416887
2.09411284251929,0,-5.79050710049791
2.0012131536712,0,-5.91106120446227
1.89263361637539,0,-6.02716173416806
1.76820984829789,0,-6.13606992179489
1.62834376628345,0,-6.23498250827903
1.47406637223297,0,-6.32121093449754
1.30704189051897,0,-6.39238532957288
1.12949837437646,0,-6.44665133664128
0.944086983370991,0,-6.48282264792989
0.753691524981272,0,-6.50046026536738
0.561222237127934,0,-6.49986868979701
0.369427447919561,0,-6.48202036036328
0.18074560270595,0,-6.44843314672621
-0.00279453453294598,0,-6.40102781421647
-0.179629005479381,0,-6.34198604380728
-0.348677682531178,0,-6.27362050162778
-0.509335630511384,0,-6.19826112981261
-0.66144260733285,0,-6.11815806576915
-0.805233904709195,0,-6.0354009820974
-0.941274638451369,0,-5.95185570089038
-1.07038033668525,0,-5.86912006425078
-1.19352864225381,0,-5.7885010755147
-1.31176902100864,0,-5.71101386207275
-1.42613841616157,0,-5.6374004568419
-1.53759014950098,0,-5.56816370596712
-1.64694111761489,0,-5.5036098034603
-1.75483917834846,0,-5.44389263183296
-1.86174953420855,0,-5.38905421674539
-1.96795667338871,0,-5.33905763393883
-2.07357736190165,0,-5.29381091006822
-2.17858019234956,0,-5.2531822531978
-2.28280793050647,0,-5.21700805711504
-2.38599995741306,0,-5.18509555720344
-2.48781317002953,0,-5.15722195642921
-2.58784060069569,0,-5.13313151678476
-2.68562768290292,0,-5.11253171785018
-2.78068653707956,0,-5.09508924626113
-2.87250891317161,0,-5.08042635878937
-2.96057854573234,0,-5.06811806967707
-3.04438367780677,0,-5.05769063056345
-3.12343040085704,0,-5.04862185976376
-3.19725723461146,0,-5.04034398340096
-3.26545102482532,0,-5.03224970830917
-3.32766377289769,0,-5.0237021820455
-3.38362946627464,0,-5.01404923945629
-3.43317944016599,0,-5.0026418476615
-3.47625440953335,0,-4.98885596426639
-3.51291123096244,0,-4.9721162298905
-3.54332281572416,0,-4.95191922710999
-3.56777043328598,0,-4.92785369135817
-3.58662877158333,0,-4.89961523313889
-3.60034527084148,0,-4.86701384693826
-3.60941610097451,0,-4.82997357153052
-3.61436148676738,0,-4.78852482878614
-3.61570286434107,0,-4.74279089810564
-3.61394371995463,0,-4.69297048971847
-3.60955515439306,0,-4.63931843500205
-3.60296645750571,0,-4.58212622263125
-3.5945604107157,0,-4.52170364312559
-3.58467270578472,0,-4.45836231874697
-3.5735947467606,0,-4.39240149903069
-3.56157912164005,0,-4.32409624663829
-3.5488471153865,0,-4.25368803137856
-3.53559772000406,0,-4.18137777114183
-3.52201762987326,0,-4.10732146799844
-3.50829166040346,0,-4.03162873170269
-3.49461288889304,0,-3.95436459112338
-3.48119161620889,0,-3.87555498247024
-3.46826205856651,0,-3.7951960882544
-3.45608561572378,0,-3.71326723482769
-3.44494975695502,0,-3.62974637611099
-3.43516210586728,0,-3.54462645668432
-3.42704015323438,0,-3.45793042580143
-3.42089798080317,0,-3.36972264066922
-3.41703211635022,0,-3.28011498410429
-3.41570886402356,0,-3.18926710443183
-3.41715505596306,0,-3.09738141128677
-3.42155329959175,0,-3.00469441793688
-3.42904177273703,0,-2.91146644107388
-3.43971777341963,0,-2.81797153047412
-3.45364375433748,0,-2.72448898135964
-3.47085448172562,0,-2.63129713029795
-3.49136415120125,0,-2.53866955362815
-3.51517262735042,0,-2.44687338081909
-3.54227032953093,0,-2.35616922047836
-3.57264159070498,0,-2.26681213818733
-3.60626653955013,0,-2.17905316980247
-3.64312169781192,0,-2.09314095261684
-3.68317955810879,0,-2.00932317397227
-3.72640742948377,0,-1.92784765014104
-3.77276582512746,0,-1.84896294550045
-3.82220663210798,0,-1.77291851818645
-3.87467125675075,0,-1.69996443274388
-3.93008888897921,0,-1.63035071435981
-3.98837497980115,0,-1.56432643598937
-4.04942998187014,0,-1.50213863247444
-4.11313836594064,0,-1.44403112825538
-4.17936789719276,0,-1.39024335088975
-4.24796913500944,0,-1.34100918435982
-4.31877510731526,0,-1.296555896562
-4.39160110502441,0,-1.25710315628787
-4.46624454224097,0,-1.22286213766912
-4.54248483230776,0,-1.19403469517622
-4.62008323742065,0,-1.17081258006761
-4.698782659343,0,-1.15337665962313
-4.77830735006795,0,-1.14189609329019
-4.85836253367177,0,-1.13652741471311
-4.93863394392628,0,-1.13741346518984
-5.01878729656492,0,-1.1446821222508
-5.09846773065378,0,-1.15844476677789
-5.17729927061808,0,-1.17879443364082
-5.25488437941239,0,-1.20580359476696
-5.33080369426019,0,-1.2395215307422
-5.4046160591896,0,-1.27997125866327
-5.4758589926336,0,-1.32714600151143
-5.54404975229455,0,-1.38100520949395
-5.60868718096063,0,-1.44147017828964
-5.66925453245754,0,-1.50841935426875
-5.72522348153022,0,-1.58168347299604
-5.7760595090576,0,-1.66104074351347
-5.82122881777695,0,-1.74621236347555
-5.86020686718564,0,-1.83685872244607
-5.892488515185,0,-1.93257671222807
-5.91759961846095,0,-2.03289860053569
-5.9351097805278,0,-2.13729292262403
-5.94464576126578,0,-2.24516779123919
-5.94590489844628,0,-2.35587691078907
-5.93866776926383,0,-2.46872840948482
-5.92280926666703,0,-2.58299638880612
-5.89830730100923,0,-2.69793486090395
-5.86524846588427,0,-2.81279353681075
-5.82383021192047,0,-2.92683477580543
-5.77435932037393,0,-3.03935093231963
-5.71724671725937,0,-3.14968134667015
-5.65299887910755,0,-3.25722830523735
-5.58220622782073,0,-3.36147141519133
-5.50552898929549,0,-3.46197996369345
-5.42368101299287,0,-3.55842293207905
-5.33741204535514,0,-3.6505763956168
-5.24748895044345,0,-3.73832806007462
-5.15467640172535,0,-3.82167868448001
-5.05971764087443,0,-3.90074014304098
-4.963316005885,0,-3.97572991930343
-4.86611804670127,0,-4.04696192808857
-4.76869913286725,0,-4.11483373829544
-4.67155246954106,0,-4.17981051603156
-4.57508233597753,0,-4.24240629552489
-4.47960212225689,0,-4.30316346940944
-4.38533737174863,0,-4.36263161485105
-4.29243357797797,0,-4.4213468848362
-4.20096800445987,0,-4.4798131590375
-4.11096438036933,0,-4.53848595893298
-4.02240905464664,0,-4.59775981367003
-3.93526711982076,0,-4.6579593714199
-3.84949715408334,0,-4.71933415527958
-3.76506353841729,0,-4.78205652916821
-3.68194571194326,0,-4.84622221386356
-3.6001441470675,0,-4.91185259408065
-3.51968318135602,0,-4.97889807468321
-3.44061108806789,0,-5.04724184954315
-3.3629978880793,0,-5.11670360529651
-3.28693141691082,0,-5.18704286299857
-3.21251209338146,0,-5.25796184176161
-3.13984672840834,0,-5.32910789897347
-3.06904159830543,0,-5.4000757593283
-3.00019491452386,0,-5.47040989151817
-2.93338877175576,0,-5.53960752826011
-2.86868066320473,0,-5.60712294776853
-2.80609472478926,0,-5.6723737278467
-2.74561301168412,0,-5.73474971841928
-2.68716731258835,0,-5.79362541091002
-2.63063224310137,0,-5.8483761606294
-2.57582057796553,0,-5.89839829503039
-2.52248190398707,0,-5.94313250400764
-2.47030560700261,0,-5.98208911433733
-2.41892886865867,0,-6.01487304818857
-2.36794972532785,0,-6.04120568841432
-2.31694441906873,0,-6.06094077313066
-2.2654874440879,0,-6.07407197902102
-2.213172109306,0,-6.08073098888439
-2.15962929659875,0,-6.081176309666
-2.10454244881091,0,-6.07577450983892
-2.04765755321512,0,-6.06497650610876
-1.98878776256738,0,-6.04929185506211
-1.92781307771743,0,-6.02926373082599
-1.86467604548339,0,-6.0054465981284
-1.79937466004273,0,-5.9783877767319
-1.73195364336098,0,-5.94861334658749
-1.66249511100425,0,-5.91661827949686
-1.59110939456246,0,-5.88286033132333
-1.5179265570076,0,-5.84775706056322
-1.44308893891986,0,-5.81168530210353
-1.36674492349106,0,-5.77498246641621
-1.28904400297399,0,-5.73794911266457
-1.21013315792334,0,-5.70085233189424
-1.13015451075381,0,-5.66392955899513
-1.04924417622585,0,-5.62739250408029
-0.967532196267666,0,-5.59143095576998
-0.885143411703858,0,-5.55621626391542
-0.80219908913715,0,-5.52190436151947
-0.718819090185295,0,-5.48863823806955
-0.635124346628352,0,-5.45654983041022
-0.551239392801682,0,-5.42576135169799
-0.467294708384693,0,-5.39638613104204
-0.383428640847476,0,-5.36852908209478
-0.299788704887409,0,-5.34228695384823
-0.216532091770553,0,-5.31774853765288
-0.133825259178907,0,-5.29499500873325
-0.0518425070882497,0,-5.27410056738726
0.0292365254552893,0,-5.25513351486648
0.109230483661253,0,-5.2381578523482
0.187961058435112,0,-5.22323542910349
0.26525887464183,0,-5.21042858853279
0.340970449757267,0,-5.19980316945732
0.414966096290378,0,-5.19143161851003
0.487148540748003,0,-5.18539586579803
0.557461903374179,0,-5.18178952480615
0.625900540390407,0,-5.18071892009058
0.692517120617578,0,-5.18230244762728
0.75742922712635,0,-5.18666785426358
0.82082377832459,0,-5.19394719266882
0.882958675418079,0,-5.20426945211459
0.944161303119752,0,-5.21775114374088
1.00482380574466,0,-5.23448537441661
1.06539537445223,0,-5.25453011793889
1.12637204810093,0,-5.27789644742133
1.18828469696116,0,-5.30453742225934
1.25168590018488,0,-5.33433815437903
1.31713635120607,0,-5.3671073606818
1.38519126151479,0,-5.40257049516517
1.45638702479867,0,-5.4403643880746
1.53122819021515,0,-5.48003322578101
1.6101746050051,0,-5.52102569215926
1.69362844010109,0,-5.56269315747803
1.78192071643924,0,-5.6042889379686
1.87529691049391,0,-5.64496885377842
1.97390124574699,0,-5.68379358374668
2.07775939378606,0,-5.71973365157799
2.18675955095186,0,-5.75167827049437
2.30063227522084,0,-5.77844968941743
2.41893011995752,0,-5.79882504323193
2.54100902165719,0,-5.81156785834021
2.66601454960958,0,-5.81547105551791
2.79287731657776,0,-5.80941220646692
2.92032266186158,0,-5.7924196552672
3.04689950044033,0,-5.76374489117339
3.17103128775559,0,-5.72293280153058
3.29108807795227,0,-5.66987842988255
3.40547329182858,0,-5.60485835503709
3.5127138290564,0,-5.52852807545475
3.61153982816199,0,-5.44188353863184
3.70094213358063,0,-5.34619296645291
3.78020088760163,0,-5.2429112558204
3.84888539696881,0,-5.13359126994419
3.9068309324706,0,-5.01980418458935
3.95410087368131,0,-4.90307640795836
3.99094260350704,0,-4.78484562380281
4.01774378015467,0,-4.66643472264366
4.0349932381934,0,-4.54904027928325
4.04324861713731,0,-4.4337315644677
4.04311124369885,0,-4.32145631849392
4.03520782508892,0,-4.21305017385407
4.02017800846232,0,-4.10924736481058
3.998666656388,0,-4.0106910402125
3.97131964148504,0,-3.91794205351596
3.93878198675626,0,-3.83148555604838
3.90169723120821,0,-3.75173510547099
3.86070698001071,0,-3.67903435861442
3.81644972570524,0,-3.61365676517025
3.76955823136574,0,-3.55580400679363
3.72065506891336,0,-3.50560419610316
3.67034630113227,0,-3.46311100199839
3.61921374284251,0,-3.42830484016934
3.56780665828466,0,-3.40109702365766
3.51663405280826,0,-3.38133731887139
3.46615881316775,0,-3.36882476602354
3.41679479961891,0,-3.36332101333416
3.36890761209256,0,-3.36456490923167
3.32281921615584,0,-3.3722867998903
3.27881602956711,0,-3.38622094206766
3.23715954524966,0,-3.40611465477358
3.19809818411539,0,-3.43173324239081
3.16187887678751,0,-3.46286024821173
3.12875687842533,0,-3.49929316201431
3.0990025143296,0,-3.54083524057253
3.07290391163376,0,-3.5872845501692
3.05076525964724,0,-3.63842165665204
3.03290070895752,0,-3.69399752732514
3.01962459720739,0,-3.7537231361286
3.01123918785031,0,-3.81726196927817
3.00802143154712,0,-3.88422614269184
3.01021033234386,0,-3.95417624189536
3.01799629462757,0,-4.02662439325287
3.03151337953876,0,-4.10103959465842
3.05083480836153,0,-4.17685406904716
3.07597144442318,0,-4.25346939378442
3.10687248511567,0,-4.3302613776117
3.14342728059173,0,-4.40658303044433
3.18546708734879,0,-4.48176540831443
3.23276563568934,0,-4.55511653805492
3.28503758555681,0,-4.62591898933878
3.34193421092032,0,-4.69342695856126
3.40303595510854,0,-4.75686398162512
3.46784183707064,0,-4.81542263457013
3.53575609425105,0,-4.86826783691103
3.60607298057534,0,-4.91454563499874
3.67796136359857,0,-4.95339954514111
3.75045171734968,0,-4.98399652485979
3.82242922443716,0,-5.00556415816979
3.89263773372499,0,-5.01743935480752
3.95969975528877,0,-5.01912649346375
4.02215676656871,0,-5.01035952218023
4.07853115398505,0,-4.99115876329693
4.12740605179723,0,-4.96187057634459
4.16751333878991,0,-4.92317852515555
4.19781554530002,0,-4.87607941785791
4.21756698013777,0,-4.82182564198643
4.22634392627273,0,-4.76184354946549
4.22404156389974,0,-4.69764269266956
4.21084297126173,0,-4.63073065974117
4.18717023023398,0,-4.56254399124307
4.15362844054028,0,-4.49439974814456
4.1109513256637,0,-4.42746718580229
4.05995381819601,0,-4.36275588403976
4.00149393180131,0,-4.30111558215638
3.93644402720596,0,-4.24324323135952
3.86567033646345,0,-4.18969369441842
3.7900191052195,0,-4.14089158451228
3.71030766720152,0,-4.09714267621723
3.62731895117936,0,-4.0586440521028
3.54179819105297,0,-4.0254926756065
3.45445088584319,0,-3.99769244954886
3.36594130562308,0,-3.97516007922215
3.27689105555785,0,-3.95773024791822
3.18787739916097,0,-3.9451607527366
3.09943121249925,0,-3.93713834291144
3.01203459906559,0,-3.93328603768866
2.92611833881172,0,-3.93317264840095
2.842059463674,0,-3.93632505711719
2.76017932721214,0,-3.9422434885752
2.68074254665149,0,-3.95041955751245
2.60395712756407,0,-3.96035632965063
2.5299759378262,0,-3.97158910153912
2.45889950463292,0,-3.98370521586154
2.39077991161284,0,-3.99636111119789
2.32562542242174,0,-4.00929502662712
2.26340538817038,0,-4.02233431422908
2.20405501664567,0,-4.03539703315231
2.14747967174417,0,-4.04848823034404
2.0935584963963,0,-4.06169188860155
2.04214727665732,0,-4.07515984065381
1.99308056594293,0,-4.08909899332873
1.94617315912194,0,-4.10375803503236
1.90122105001874,0,-4.11941450529171
1.85800203118058,0,-4.13636277919249
1.8162761093221,0,-4.15490323065678
1.77578591824081,0,-4.17533262403286
1.73625731407189,0,-4.1979356538201
1.69740033334843,0,-4.22297749995523
1.65891067832419,0,-4.25069727409965
1.62047186147349,0,-4.28130228066096
1.58175808763906,0,-4.31496308448057
1.54243787577791,0,-4.35180944563551
1.50217832461652,0,-4.39192723221673
1.46064981574067,0,-4.43535643783524
1.41753083882117,0,-4.48209039957354
1.37251253846566,0,-4.53207622890594
1.32530254559172,0,-4.58521633814942
1.27562769065541,0,-4.64137078646338
1.22323531372745,0,-4.70036001228736
1.16789308238634,0,-4.7619673999811
1.10938747778786,0,-4.8259410815025
1.0475213706112,0,-4.8919944208885
0.982111333675615,0,-4.95980477188382
0.912985485139246,0,-5.02901031803755
0.839982701649142,0,-5.09920506575721
0.7629539842844,0,-5.16993232620344
0.681766621704616,0,-5.24067726178921
0.596311605280649,0,-5.31085927432482
0.506514538598254,0,-5.37982518024534
0.412350063016429,0,-5.44684427403629
0.313859584531669,0,-5.51110654878489
0.211171803479088,0,-5.57172553828016
0.10452516612306,0,-5.62774745691845
-0.00570918210560112,0,-5.6781684826313
-0.119006095765207,0,-5.72196202601977
-0.234669835029711,0,-5.75811744832039
-0.351826141654737,0,-5.78569066831474
-0.469427527375528,0,-5.80386520614303
-0.586276043271892,0,-5.81201944121685
-0.701066124976483,0,-5.809792657163
-0.812446796730445,0,-5.79713984027365
-0.919098050467218,0,-5.77436459165662
-1.01981195546982,0,-5.74212199379896
-1.11356679414671,0,-5.70138874017991
-1.19958350034192,0,-5.65340464914095
-1.27735771120748,0,-5.59959533446149
-1.34666622304599,0,-5.54148831337875
-1.40755148504309,0,-5.48063379161329
-1.46029055525313,0,-5.41853789805315
-1.50535543146674,0,-5.35661198762526
-1.54337050213649,0,-5.29613818099207
-1.57507097302652,0,-5.23824918102905
-1.60126426437564,0,-5.1839195487045
-1.62279494437281,0,-5.13396564767278
-1.6405128786765,0,-5.08905193644041
-1.65524387933072,0,-5.04970184999654
-1.66776211944006,0,-5.016311947405
-1.67876383363681,0,-4.98916819886909
-1.68884225925514,0,-4.96846322696199
-1.69846431274764,0,-4.95431306242829
-1.70795006112662,0,-4.94677165747569
-1.71745654373866,0,-4.94584120629795
-1.72696781146513,0,-4.9514764539444
-1.73629306119433,0,-4.96358177186677
-1.74507436653543,0,-4.98200084393965
-1.75280472865038,0,-5.00650015823946
-1.75885608850859,0,-5.03674880068309
-1.76251575698621,0,-5.07229791917975
-1.76302870005254,0,-5.11256340589122
-1.75964251538978,0,-5.15681479428016
-1.75165190285824,0,-5.20417229856255
-1.73843994927575,0,-5.2536127073104
-1.71951443534132,0,-5.30398386123414
-1.69453833388117,0,-5.35402694554272
-1.66335438916121,0,-5.40240584351333
-1.62600391082178,0,-5.44774314792602
-1.58273960140968,0,-5.48866277668798
-1.53403147621866,0,-5.52383910638201
-1.48056403626931,0,-5.5520518202246
-1.42322227551605,0,-5.57224418178139
-1.36306432678372,0,-5.58358045284437
-1.30127989192198,0,-5.58549631352998
-1.23913597402204,0,-5.57773528672419
-1.17791422678077,0,-5.56036505025673
-1.1188464815314,0,-5.53377028044402
-1.06305579427568,0,-5.49862263041253
-1.01150931575795,0,-5.45583233928096
-0.964986826063949,0,-5.40648855494263
-0.924065807822061,0,-5.35179611555553
-0.889121398032008,0,-5.29301546192527
-0.860338015135606,0,-5.23141027555724
-0.837728974199924,0,-5.16820517775427
-0.821160708849859,0,-5.10455396355362
-0.810378934243774,0,-5.04151761802887
-0.805034890991865,0,-4.98005074245115
-0.804710511807573,0,-4.92099484200386
-0.808941874809315,0,-4.86507700961183
-0.817240651395161,0,-4.81291273194611
-0.82911346122362,0,-4.76501174685688
-0.844079159055667,0,-4.72178604705339
-0.861684137320924,0,-4.68355923746052
-0.88151575927009,0,-4.65057651831686
-0.903214050578321,0,-4.62301459757922
-0.92648177030686,0,-4.60099085253026
-0.951092945986863,0,-4.58457107936262
-0.976899881718089,0,-4.57377520738548
-1.00383852707823,0,-4.56858042686924
-1.03193193378153,0,-4.56892130123444
-1.06129134714332,0,-4.57468661823716
-1.09211431762336,0,-4.58571298836164
-1.12467912370852,0,-4.60177551741908
-1.15933482329556,0,-4.62257624134195
-1.19648643523975,0,-4.64773136869466
-1.2365751027689,0,-4.67675866565139
-1.28005356729472,0,-4.70906646914327
-1.32735779935226,0,-4.74394577483626
-1.37887607845969,0,-4.78056660957043
-1.4349170768179,0,-4.81797951448185
-1.49567852110658,0,-4.85512254220818
-1.5612177987126,0,-4.89083384420643
-1.6314255422169,0,-4.92386981137957
-1.70600293720228,0,-4.95292888987947
-1.7844434442395,0,-4.97668158220324
-1.86601996267645,0,-4.99380759919763
-1.94977924738466,0,-5.00304136455277
-2.03454649844375,0,-5.00322670244745
-2.1189441004412,0,-4.99338015664717
-2.20142882540447,0,-4.97275976338813
-2.28035059124491,0,-4.94093247813987
-2.35403246047047,0,-4.89782986602034
-2.42086618937201,0,-4.84377989065259
-2.47941184621727,0,-4.77950450899075
-2.52848639547849,0,-4.7060788860942
-2.56722695374517,0,-4.62485673207243
-2.59511993807735,0,-4.53737410310988
-2.61199536015236,0,-4.44524776618531
-2.61799273614063,0,-4.35008285137641
-2.61350904686799,0,-4.2533994836778
-2.59913945320638,0,-4.15658205837597
-2.57561920009601,0,-4.06084997712033
-2.54377195098575,0,-3.96724589868456
-2.50446690089422,0,-3.87663669796105
-2.45858497166646,0,-3.78972269794163
-2.40699323650111,0,-3.70705166664223
-2.35052624497717,0,-3.62903508934513
-2.2899728682115,0,-3.55596509836716
-2.22606744660547,0,-3.48803109045815
-2.15948426055149,0,-3.42533549559562
-2.09083457898272,0,-3.36790842508888
-2.02066573549756,0,-3.31572107241644
-1.94946182626384,0,-3.26869781126026
-1.87764572102144,0,-3.22672696526662
-1.80558213755514,0,-3.18967023612015
-1.73358156220637,0,-3.15737078468694
-1.66190481499078,0,-3.12965997159466
-1.59076806651799,0,-3.10636278120979
-1.52034812163856,0,-3.08730197606126
-1.45078779563659,0,-3.07230105528987
-1.38220122478482,0,-3.06118611815313
-1.31467897446367,0,-3.0537867597299
-1.24829283394936,0,-3.04993614914129
-1.18310021584874,0,-3.04947045995564
-1.11914810812266,0,-3.05222783772773
-1.0564765557078,0,-3.0580471009692
-0.995121674921291,0,-3.06676637954544
-0.935118225126422,0,-3.07822189873905
-0.876501776557442,0,-3.09224711797186
-0.819310518752295,0,-3.1086724300627
-0.763586748784735,0,-3.1273256191949
-0.709378060675732,0,-3.1480332624292
-0.656738225668139,0,-3.17062323929588
-0.6057277068477,0,-3.194928485139
-0.556413691313611,0,-3.22079208452456
-0.508869450571684,0,-3.24807374863399
-0.463172758657564,0,-3.27665765157453
-0.41940301357657,0,-3.3064615096837
-0.377636629854711,0,-3.33744666758486
-0.337940211413466,0,-3.36962879485895
-0.30036099365777,0,-3.40308858626529
-0.264914088690986,0,-3.43798158720065
-0.231566214475774,0,-3.47454593458612
-0.200215882189413,0,-3.51310643208118
-0.170670501624091,0,-3.55407302208664
-0.142621572719769,0,-3.59793147633943
-0.115620050554121,0,-3.64522415182698
-0.0890550128593455,0,-3.69651913043149
-0.0621397260813569,0,-3.75236714433985
-0.0339097830063524,0,-3.81324745428083
-0.00323778012461318,0,-3.8795061691572
0.0311323384632953,0,-3.95129297401698
0.0705307549322185,0,-4.02850419317097
0.116290148180568,0,-4.11074074748603
0.16966381543998,0,-4.1972882295467
0.231743180278105,0,-4.28712292319117
0.303384978432283,0,-4.37894283188012
0.385156418836507,0,-4.47121803475594
0.477302422585346,0,-4.56225151173983
0.579733975750562,0,-4.65024100256668
0.692032331679961,0,-4.73333454677881
0.813461506869401,0,-4.80967623038948
0.942981657221994,0,-4.87744305381334
1.07925816798761,0,-4.93487759946017
1.2206649452419,0,-4.98032363483691
1.36528478618864,0,-5.01227262952476
1.5109142892011,0,-5.02942813787269
1.65508488588736,0,-5.03079163535478
1.79511400167056,0,-5.0157671125673
1.92819899901382,0,-4.98427254924508
2.0515591073813,0,-4.93683618332496
2.16261640619396,0,-4.87464881819515
2.25918978893167,0,-4.79954620810982
2.33966398008513,0,-4.71391081728561
2.40309746090877,0,-4.62050548732738
2.44924991228941,0,-4.52227162929171
2.47853329042172,0,-4.42213126874325
2.49190904895187,0,-4.32282397942988
2.49076043262119,0,-4.22679342137866
2.47676439213127,0,-4.13612287681518
2.45177825347979,0,-4.05251003065405
2.41774715418819,0,-3.9772685801908
2.37663204851171,0,-3.91134578368503
2.33035502927217,0,-3.85534825178414
2.28075794986173,0,-3.80957150559309
2.22957083626964,0,-3.77403135179611
2.1783875872271,0,-3.74849682541096
2.12864750518023,0,-3.73252544958916
2.0816220368898,0,-3.72550204056978
2.03840661042639,0,-3.7266823847475
1.99991757408497,0,-3.7352428972028
1.96689393966287,0,-3.75033682092982
1.93990291136165,0,-3.77115657021256
1.91934712625165,0,-3.79700037792739
1.90547037235133,0,-3.82733945876818
1.89835770898079,0,-3.861879594283
1.89792597568154,0,-3.90060878505673
1.90390221471539,0,-3.94382111256939
1.9157907929232,0,-3.99210715574799
1.93283454369756,0,-4.04630411709323
1.95397973508892,0,-4.10740458560246
1.97785716968405,0,-4.17643085345512
2.00279050423158,0,-4.25428983766752
2.02683750054964,0,-4.34162903046454
2.04786191214612,0,-4.43871403228381
2.06362617992018,0,-4.54534250075634
2.07189125285692,0,-4.66079970675637
2.07051122858008,0,-4.78385104481567
2.05751626159167,0,-4.91276051291428
2.03118466153852,0,-5.04532338802924
1.99011129954043,0,-5.17890589730275
1.93328214257716,0,-5.31049285093028
1.86016272945514,0,-5.43675351367849
1.7708011160799,0,-5.55414359654451
1.66593338005437,0,-5.65906342101164
1.54706431606224,0,-5.74808430770763
1.41648372340017,0,-5.81823354126755
1.27718009066811,0,-5.86729609355472
1.13263695948762,0,-5.8940635493737
0.986538245045325,0,-5.89845891726092
0.842445841607645,0,-5.88150029892214
0.7035219887469,0,-5.84512065646264
0.572345365874088,0,-5.79190311684807
0.45083176221146,0,-5.72480085914619
0.340240108878788,0,-5.64689229084306
0.24123271777627,0,-5.56119454681532
0.153961220540286,0,-5.4705364247066
0.0781585918672856,0,-5.37748055985611
0.0132265013212571,0,-5.28428180104816
-0.0416865206526084,0,-5.19287037227934
-0.0876171274760568,0,-5.1048514212386
-0.125728891486107,0,-5.02151535997967
-0.157262732344213,0,-4.94385546065854
-0.183495008269744,0,-4.87259049350435
-0.205702302820182,0,-4.8081909975932
-0.225131966854311,0,-4.75090827848154
-0.242977461238428,0,-4.7008055777852
-0.260357540767688,0,-4.65779111237558
-0.278298373910018,0,-4.62165281284923
-0.297717826534041,0,-4.59209454265945
-0.319411335639974,0,-4.5687733000384
-0.344039025926272,0,-4.55133639352085
-0.372113946948606,0,-4.53945691118326
-0.403991525382856,0,-4.53286512104986
-0.43986055637505,0,-4.53137294541381
-0.479736327820375,0,-4.53488855659237
-0.523456779106099,0,-4.54341861590572
-0.570682873502763,0,-4.55705679121919
-0.620904470278509,0,-4.57595885559293
-0.673452746474925,0,-4.6003066161371
-0.727519525979166,0,-4.63026470333947
-0.7821827772962,0,-4.66593535037667
-0.836436315609613,0,-4.70731629866871
-0.889220829898433,0,-4.75426577376609
-0.939453183435379,0,-4.80647639345194
-0.986051713842446,0,-4.86345755414945
-1.02795684912711,0,-4.92452405542155
-1.0641483286488,0,-4.98878804621089
-1.09366214166175,0,-5.05515203514608
-1.11561153018677,0,-5.12230258849633
-1.1292167575447,0,-5.1887071370632
-1.13384758200237,0,-5.25261962981019
-1.12908015742589,0,-5.31210402960171
-1.11476595533806,0,-5.36508678112345
-1.09110406841416,0,-5.40944853201643
-1.05870085392008,0,-5.44315914679038
-1.01859536310775,0,-5.46444702601347
-0.972230294378745,0,-5.47197640160207
-0.921360048042484,0,-5.46499274999748
-0.867907589859345,0,-5.44339722114852
-0.813800500541628,0,-5.40773009778475
-0.760822737936148,0,-5.35907227595435
-0.710509202113608,0,-5.29889672872624
-0.664092359043765,0,-5.22890834415416
-0.62249437221777,0,-5.15090189919793
-0.586350246620303,0,-5.06665317574429
-0.556047021943181,0,-4.97784546041633
-0.531767634724403,0,-4.88602624637401
-0.513532515159135,0,-4.79258638022176
-0.501235598068887,0,-4.69875425634157
-0.494673770560829,0,-4.60559922748143
-0.493570042937933,0,-4.51404013090544
-0.497591275764341,0,-4.42485626743595
-0.506361442413646,0,-4.33869920733283
-0.519471370358699,0,-4.25610448036736
-0.536485812389853,0,-4.17750263388434
-0.556948612319075,0,-4.10322940589226
-0.580386668341197,0,-4.03353493300056
-0.606313356044609,0,-3.96859204286327
-0.634232033631059,0,-3.90850379147483
-0.663640190531699,0,-3.85331050094115
-0.694034695169045,0,-3.80299662204889
-0.724918433879191,0,-3.7574977688052
-0.755808410403677,0,-3.71670823036453
-0.786245110982468,0,-3.6804891506453
-0.815802668938447,0,-3.64867738671514
-0.844099132392024,0,-3.6210948439688
-0.870805998704314,0,-3.59755788581719
-0.895656166201648,0,-3.57788627833944
-0.91844957925784,0,-3.56191109362232
-0.939056087311268,0,-3.54948107051569
-0.957415354858431,0,-3.54046709887554
-0.973533985962948,0,-3.53476471017078
-0.987480303226654,0,-3.53229467232335
-0.999377404131413,0,-3.53300195645007
-1.00939518902675,0,-3.53685344326197
-1.01774202200149,0,-3.54383476430415
-1.02465657427228,0,-3.55394664201218
-1.03040024398983,0,-3.567201025428
-1.03525037998076,0,-3.58361723864136
-1.03949438596996,0,-3.60321828491673
-1.04342466238137,0,-3.62602739216526
-1.04733426182164,0,-3.65206484913871
-1.0515130920981,0,-3.68134516536257
-1.05624449369324,0,-3.71387458676721
-1.06180204215551,0,-3.7496490064996
-1.06844647473131,0,-3.78865231854093
-1.07642270928402,0,-3.83085526189166
-1.08595700535045,0,-3.8762147865532
-1.09725440252618,0,-3.92467393180661
-1.11049664664997,0,-3.97616213790153
-1.12584086157717,0,-4.03059581553098
-1.14341922325218,0,-4.08787888325704
-1.16333982470215,0,-4.14790287151725
-1.18568877549777,0,-4.21054611225217
-1.21053336335433,0,-4.27567151852691
-1.23792584633362,0,-4.34312253575183
-1.26790718912161,0,-4.41271702470071
-1.30050986406742,0,-4.48423909981865
-1.33575875849043,0,-4.55742925136331
-1.37366929073423,0,-4.63197336847745
-1.4142420288878,0,-4.70749149862319
-1.45745338446739,0,-4.78352729889999
-1.50324225832888,0,-4.85953916766188
-1.55149279661804,0,-4.93489404011562
-1.60201365449611,0,-5.00886486273609
-1.65451439993441,0,-5.08063290176255
-1.70858000855855,0,-5.14929633543833
-1.76364493437736,0,-5.21388701192706
-1.81896912995094,0,-5.27339770902872
-1.87361971579387,0,-5.32682244506568
-1.92646367090407,0,-5.37321191557595
-1.97617849702572,0,-5.41174436897207
-2.02128835914551,0,-5.44180864959263
-2.06023134581914,0,-5.46309075334432
-2.09145800387631,0,-5.47564932824244
-2.11355234315365,0,-5.47996192869977
-2.12535679452612,0,-5.47692590125946
-2.12607701625695,0,-5.46780706204516
-2.11534515360969,0,-5.45414316558948
-2.09323105228591,0,-5.43762135448227
-2.06020493253812,0,-5.41995360044627
-2.01706559850086,0,-5.40277036445219
-1.9648517873656,0,-5.3875437669964
-1.90475151379277,0,-5.37554238650643
-1.83801844980191,0,-5.36781359577421
-1.76589856946267,0,-5.36518670803869
-1.68956614227174,0,-5.36829007729244
-1.61006606782486,0,-5.37757621003146
-1.52825928994944,0,-5.39334974872479
-1.44476930936621,0,-5.41579328356706
-1.35993040880707,0,-5.44498532229968
-1.27374182694291,0,-5.48090397574966
-1.18583610896641,0,-5.52341011271617
-1.09547295595543,0,-5.57220620130229
-1.00157036415013,0,-5.62677249309009
-0.902781230834998,0,-5.68628982064543
-0.79761580556565,0,-5.74956547025672
-0.684600325831272,0,-5.81498198666162
-0.562453371387321,0,-5.88048622016675
-0.430257225889573,0,-5.94362809219275
-0.287603188263626,0,-6.00164867863973
-0.134695972755436,0,-6.05160921030284
0.0275901165790146,0,-6.09054882016907
0.197704869152072,0,-6.1156590232705
0.373465084472426,0,-6.12446454745374
0.552146433249419,0,-6.11500026864339
0.730624121893528,0,-6.08597100458023
0.90555896101267,0,-6.03687582579438
1.07361727776058,0,-5.96807514877035
1.23170209615933,0,-5.88078192582598
1.37716459511734,0,-5.77697003936277
1.50796485586065,0,-5.6592106400348
1.62276117030197,0,-5.53046330813747
1.72092370990001,0,-5.39385641477062
1.80248397598394,0,-5.25248765848303
1.86804058515027,0,-5.10926484235673
1.91864334377629,0,-4.96679435142471
1.95567354982266,0,-4.82731498305957
1.98073239977803,0,-4.69266938848866
1.99554378229827,0,-4.56430377925149
2.00187371167897,0,-4.44328725181919
2.00146625515216,0,-4.33034373406507
1.99599462518355,0,-4.2258913106716
1.98702565816677,0,-4.1300851631163
1.97599581335405,0,-4.04286148352605
1.96419687759693,0,-3.96398054700807
1.95276964693637,0,-3.89306774393607
1.94270394122466,0,-3.82965185494791
1.93484339161408,0,-3.7732002373981
1.9298935296637,0,-3.72315089302086
1.9284318037662,0,-3.67894159283056
1.9309182504252,0,-3.64003632801565
1.93770565006492,0,-3.60594931681749
1.94904810113193,0,-3.57626661847434
1.96510706720666,0,-3.55066509486479
1.9859541212784,0,-3.52892805265659
2.01156987327393,0,-3.51095646107954
2.04183896333766,0,-3.49677427741106
2.07654154968148,0,-3.48652625777058
2.11534237664569,0,-3.48046682111475
2.15777916333327,0,-3.47893915874403
2.20325253000949,0,-3.4823448218786
2.25101979027969,0,-3.49110530663861
2.30019456500589,0,-3.50561838020483
2.34975335374744,0,-3.52621269310437
2.39854914445639,0,-3.55310432928059
2.44533118616287,0,-3.58635830689322
2.48876952165678,0,-3.62585687316055
2.52748297028188,0,-3.67127514655691
2.5600699466414,0,-3.72206370912604
2.5851425760634,0,-3.77743750099801
2.60136565050222,0,-3.83637098539117
2.6075025980254,0,-3.89760096986483
2.60247030802402,0,-3.95964036127304
2.58540288419673,0,-4.02080785415982
2.55572094188381,0,-4.07927910823306
2.5131983075899,0,-4.13316316187881
2.45801336955612,0,-4.18060282553311
2.39077038521328,0,-4.21989011818189
2.31247928668272,0,-4.24958006323972
2.22449143976089,0,-4.26858241574048
2.12840047630056,0,-4.27621422467783
2.02592647004968,0,-4.27220595981373
1.91880417441747,0,-4.25666584445856
1.80869149415255,0,-4.23001574662064
1.69710609340054,0,-4.19291473496837
1.58539013806087,0,-4.14618395142758
1.47469811134003,0,-4.09074147444167
1.36600077327152,0,-4.02755088613318
1.26009872136146,0,-3.95758366519162
1.15764046540531,0,-3.88179354141563
1.0591415873377,0,-3.80110021251698
0.965002971579136,0,-3.71637984817348
0.875527125225864,0,-3.62846019185446
0.790932283707583,0,-3.53811856618891
0.711364396206837,0,-3.44608156269435
0.636907289413526,0,-3.35302559888492
0.567591384638345,0,-3.25957784318245
0.503401339239519,0,-3.16631724606025
0.44428293079789,0,-3.07377558494151
0.390149423518046,0,-2.9824385409967
0.340887566990351,0,-2.89274688731557
0.296363290231798,0,-2.80509788841011
0.256427078725217,0,-2.71984699921755
0.220918966234188,0,-2.63730991693355
0.189673040665232,0,-2.55776499084147
0.162521355057097,0,-2.48145594338301
0.139297148695396,0,-2.40859480849735
0.119837314801092,0,-2.33936495729934
0.103984094318378,0,-2.2739240606464
0.0915860238646581,0,-2.21240683490032
0.0824982143135754,0,-2.15492743114085
0.0765820801690922,0,-2.10158135786967
0.07370467525969,0,-2.05244687077954
0.0737378144086893,0,-2.00758581801443
0.0765571709132155,0,-1.96704399264598
0.0820415330785628,0,-1.93085111209513
0.0900723768319058,0,-1.89902061155175
0.100533863262997,0,-1.87154949727785
0.113313299341547,0,-1.84841854541472
0.128302010240958,0,-1.82959313979378
0.145396471347779,0,-1.81502500566523
0.164499452231289,0,-1.80465500683434
0.18552085382637,0,-1.7984170325311
0.20837789509586,0,-1.79624282250814
0.232994342011844,0,-1.79806739435438
0.259298572366167,0,-1.80383458585522
0.287220419817523,0,-1.81350214662153
0.316686908933466,0,-1.82704583197999
0.347617141269354,0,-1.8444620682727
0.379916686584651,0,-1.86576894542706
0.413471854362485,0,-1.89100550428667
0.448144170777411,0,-1.92022947304751
0.483765285506881,0,-1.95351373047326
0.520132412234788,0,-1.99094181498863
0.557004298271455,0,-2.03260276160091
0.594097647795426,0,-2.07858545265097
0.631083905092449,0,-2.12897254168699
0.667586344210763,0,-2.18383388114653
0.703177507574143,0,-2.24321927911632
0.737377181549281,0,-2.30715034822088
0.769651282120125,0,-2.37561120656656
0.799412236052618,0,-2.448537860473
0.826021664208006,0,-2.52580625472118
0.848796375909349,0,-2.60721923052619
0.867018822174933,0,-2.69249299168462
0.879953165023909,0,-2.78124413838228
0.886867911369245,0,-2.87297884946272
0.887065534565011,0,-2.96708629245351
0.87991858976557,0,-3.06283866826694
0.86491052994613,0,-3.15940025052405
0.841677912663837,0,-3.25584714889779
0.810049316917266,0,-3.35119820066475
0.770075577381407,0,-3.44445549020072
0.722046369034279,0,-3.53465092920678
0.666489915634484,0,-3.62089374351814
0.604155326341179,0,-3.70241321989983
0.535980008124562,0,-3.77859193670844
0.463046852763273,0,-3.8489866856353
0.386536844772525,0,-3.91333672924137
0.307682305166569,0,-3.97156118653397
0.22772457148686,0,-4.02374868345286
0.147878112164172,0,-4.0701427942948
0.0693014061320606,0,-4.11112637026335
-0.00692629242645193,0,-4.14720687149038
-0.0798238074817525,0,-4.17900357211002
-0.148524037467151,0,-4.20723625649333
-0.212288099322783,0,-4.23271402333551
-0.270517709577424,0,-4.25632230383213
-0.322764838774243,0,-4.27900634173986
-0.368736828909036,0,-4.301750160633
-0.408294843455421,0,-4.32555121670182
-0.441443882234576,0,-4.35139210582696
-0.468313556996359,0,-4.38021146658464
-0.489130115365291,0,-4.41287636597352
-0.504181490183002,0,-4.45015797682538
-0.513778179990973,0,-4.49271145529411
-0.518213408744393,0,-4.54105989751049
-0.517726258710501,0,-4.59558138369612
-0.512471367053498,0,-4.65649762072158
-0.502498371575934,0,-4.72386268126372
-0.487743605685023,0,-4.79755080333519
-0.468035584144226,0,-4.877243033126
-0.443114628824374,0,-4.96241344090005
-0.412665683901748,0,-5.05231644183118
-0.376362199314825,0,-5.14597718987832
-0.333918215256248,0,-5.24218702775524
-0.285145678831389,0,-5.33950575374388
-0.230014542930065,0,-5.43627239888474
-0.168713961070792,0,-5.53062674188515
-0.101713199565368,0,-5.6205451874041
-0.0298198865648769,0,-5.70389672547993
0.0457698021287934,0,-5.7785266355174
0.123439566967503,0,-5.84237569900749
0.20115665067836,0,-5.89363844921424
0.276531143524528,0,-5.93095302297905
0.346947515789171,0,-5.95359758780441
0.409768982251205,0,-5.9616499363233
0.462588784576607,0,-5.95605975130413
0.503477353233616,0,-5.93859860865311
0.531167532724844,0,-5.91168948092282
0.545139192201454,0,-5.8781567815564
0.545598876401408,0,-5.84095757216392
0.533379437957861,0,-5.80294703485862
0.509796055393002,0,-5.76670749323851
0.476490108932361,0,-5.73444639378998
0.435280211587189,0,-5.70795407554271
0.388028318904339,0,-5.68860724990356
0.336521689545774,0,-5.67740483646606
0.282368420301874,0,-5.67502503300381
0.226903876051052,0,-5.68189382443886
0.171106251143153,0,-5.69825484565108
0.115521090707726,0,-5.72422905426858
0.060196875048491,0,-5.75985116243904
0.00463699387759775,0,-5.80506967786345
-0.0522224746721225,0,-5.85970019634949
-0.111995838771924,0,-5.92332831163239
-0.176776715543801,0,-5.99516904992372
-0.249000792201975,0,-6.07390211979603
-0.331239124791641,0,-6.15751266384947
-0.425931262008004,0,-6.24317139556964
-0.535079369701019,0,-6.32718406923631
-0.65993095208643,0,-6.40503057456699
-0.800677456322501,0,-6.47150465377855
-0.956193375471602,0,-6.52096216182236
-1.12384392813735,0,-6.54768914697698
-1.29940596399116,0,-6.5464010722728
-1.47717235076994,0,-6.5128617726675
-1.65031969541767,0,-6.44454775141237
-1.81157121388237,0,-6.34119322735662
-1.95406301754715,0,-6.20500236470449
-2.07218561296611,0,-6.04039286940802
-2.16214498048019,0,-5.85333182175501
-2.22211721748859,0,-5.65049975399801
-2.25205587201603,0,-5.43854035465875
-2.25331504175919,0,-5.22353938777485
-2.22824097309664,0,-5.01074369259648
-2.17981843766722,0,-4.80445808463503
-2.11139653803551,0,-4.60804671810384
-2.02648455526036,0,-4.42398476014881
-1.92859798956265,0,-4.2539304021712
-1.8211372564793,0,-4.09880516043538
-1.70728830332835,0,-3.95888023887717
-1.58994116327995,0,-3.83387011967295
-1.4716271364037,0,-3.72303389789889
-1.35447727057875,0,-3.62528237321601
-1.24020436847114,0,-3.53928629996221
-1.13010868373951,0,-3.46357964116319
-1.02510484786695,0,-3.39665165676269
-0.925765347621218,0,-3.33702303187242
-0.832374646794625,0,-3.28330344821473
-0.744987955248953,0,-3.23423033587395
-0.663489470005917,0,-3.18869046799479
-0.587646245555427,0,-3.14572729851137
-0.517155292953723,0,-3.10453746867719
-0.451682769330024,0,-3.06445986593945
-0.390895052419139,0,-3.02496021665255
-0.334482070140939,0,-2.98561362750137
-0.282173523347567,0,-2.94608690236843
-0.233748691777568,0,-2.90612193381294
-0.189040455324663,0,-2.86552103121459
-0.147934101282637,0,-2.82413469451444
-0.110361516806721,0,-2.78185204815614
-0.0762915462245467,0,-2.73859388801309
-0.0457176273873161,0,-2.69430805379353
-0.0186442269987918,0,-2.6489666358382
0.00492609559409618,0,-2.60256439765574
0.025003151910966,0,-2.55511778725059
0.0416156789070951,0,-2.50666403677008
0.0548133393419618,0,-2.45726007604332
0.0646644741907052,0,-2.406981232515
0.0712507194561339,0,-2.35591987332549
0.0746600262224741,0,-2.3041842166024
0.0749796112752736,0,-2.25189750348429
0.0722900256725538,0,-2.19919762307794
0.0666610468113341,0,-2.1462371704371
0.0581496413079449,0,-2.09318382882216
0.0467999048208001,0,-2.04022091652813
0.0326446825539722,0,-1.98754792381253
0.0157084879408551,0,-1.93538087768979
-0.00398867120506052,0,-1.88395240129705
-0.0264269150333348,0,-1.83351137186083
-0.0515818653932909,0,-1.78432212117566
-0.0794200165880223,0,-1.73666316100333
-0.109894293709682,0,-1.69082545009965
-0.142939938359051,0,-1.647110247486
-0.178470815399331,0,-1.60582661641926
-0.216376192931282,0,-1.56728865415385
-0.256518011435922,0,-1.5318125236732
-0.298728628061407,0,-1.49971335557931
-0.342808999657957,0,-1.47130207258887
-0.388527254655226,0,-1.44688216758831
-0.435617600161673,0,-1.42674644138162
-0.483779517188705,0,-1.41117368075566
-0.532677213574065,0,-1.40042523393283
-0.581939330397995,0,-1.39474142147271
-0.631158932330168,0,-1.3943377087694
-0.679893853679343,0,-1.3994005640438
-0.727667517370734,0,-1.41008293580753
-0.773970389883813,0,-1.42649930880388
-0.818262275988073,0,-1.44872033968899
-0.85997568566561,0,-1.47676713443847
-0.898520512833284,0,-1.51060530778455
-0.933290241248781,0,-1.55013905659065
-0.963669827935189,0,-1.59520557488397
-0.989045302947943,0,-1.64557022380496
-1.00881496823168,0,-1.70092292585156
-1.02240189073642,0,-1.76087625870599
-1.02926719179798,0,-1.8249656625511
-1.02892347263706,0,-1.89265203968176
-1.02094762475499,0,-1.96332682665776
-1.00499228619189,0,-2.03631938647851
-0.98079533232609,0,-2.11090634531026
-0.948187017784262,0,-2.18632233337679
-0.907094672014198,0,-2.26177152116026
-0.857545136546821,0,-2.33643938671174
-0.799665357771256,0,-2.40950429743922
-0.733681670835563,0,-2.48014870668326
-0.659918307842546,0,-2.54757000479319
-0.578795541730437,0,-2.61099127776868
-0.490827660646369,0,-2.66967237302345
-0.39662069242652,0,-2.72292172303242
-0.296869506018017,0,-2.77010931829303
-0.192353648294949,0,-2.81068104806888
-0.0839310722592716,0,-2.84417434924028
0.0274711836614305,0,-2.87023474117162
0.140870258897034,0,-2.88863241312346
0.255245352740393,0,-2.89927762148941
0.369560501270429,0,-2.90223331265749
0.482791957176869,0,-2.8977231879864
0.593959191350946,0,-2.88613344255612
0.702157808449147,0,-2.86800669390887
0.806592018899212,0,-2.84402719126505
0.906603867987901,0,-2.81499723014178
1.00169631233923,0,-2.781805704343
1.09154754140041,0,-2.7453907653974
1.17601468571388,0,-2.70669945295404
1.25512616727715,0,-2.66664773290134
1.32906327474179,0,-2.62608450006851
1.39813286649646,0,-2.58576271663071
1.46273417524199,0,-2.5463200133222
1.52332330115771,0,-2.50826991880909
1.58037901891215,0,-2.47200360251853
1.63437299084947,0,-2.43780082686875
1.68574650172577,0,-2.40584787880604
1.7348946250498,0,-2.37625969759224
1.78215754534979,0,-2.34910327933249
1.82781781537824,0,-2.32441970409625
1.87210176953521,0,-2.30224273135049
1.91518319222296,0,-2.28261272418029
1.95718759817929,0,-2.2655855297924
1.99819598804121,0,-2.2512366903538
2.03824752980669,0,-2.23966185277997
2.07734113830513,0,-2.23097444077202
2.11543629197093,0,-2.2253015898094
2.15245361986565,0,-2.22277912731856
2.18827584370658,0,-2.22354611790713
2.22274962126695,0,-2.22773927236568
2.25568875350556,0,-2.23548738268295
2.28687911189798,0,-2.24690590095173
2.31608551685055,0,-2.26209181197248
2.34306064115081,0,-2.28111903018481
2.36755581007401,0,-2.30403464880909
2.38933331719431,0,-2.33085644806031
2.40817958596933,0,-2.36157209554563
2.42391821857596,0,-2.39614041603353
2.4364217411301,0,-2.43449495287387
2.44562073954001,0,-2.47654979324316
2.45150912852901,0,-2.52220731217287
2.45414451784859,0,-2.57136715350706
2.45364299984478,0,-2.6239354623281
2.45016811199551,0,-2.67983315237543
2.44391414982061,0,-2.73900184497801
2.43508436930994,0,-2.80140603383634
2.42386492775459,0,-2.86702997517055
2.41039573799382,0,-2.93586774438814
2.39473988460782,0,-3.00790484703804
2.37685404161046,0,-3.0830898100272
2.35656360919308,0,-3.16129451883178
2.33354814613605,0,-3.24226308994928
2.30734498507125,0,-3.32555135712753
2.27738105024361,0,-3.41046330681089
2.24304331036569,0,-3.49599745925844
2.20379423473852,0,-3.58082445597782
2.159326733284,0,-3.66332338587536
2.10973231132814,0,-3.74170137418719
2.05563298907612,0,-3.81420063150059
1.99821829327793,0,-3.87935983928656
1.93915039437342,0,-3.93626019497261
1.88035095219575,0,-3.98467906364206
1.82373273629805,0,-4.02510862760236
1.77095395894257,0,-4.05865218499504
1.72324827608832,0,-4.08685031796616
1.68134282898034,0,-4.1114948674158
1.64544697509856,0,-4.13446988216162
1.61528464376107,0,-4.15763483829431
1.59014817299406,0,-4.18274876403564
1.56896243443825,0,-4.21142669312639
1.550359660943,0,-4.24511919183334
1.53277569006712,0,-4.2851079538959
1.51458603231908,0,-4.33251282642161
1.49430135644991,0,-4.38830573335618
1.4708282075987,0,-4.45332249157932
1.44376329055997,0,-4.52825414747376
1.41363550181465,0,-4.61359197535142
1.38197913089825,0,-4.7095100913252
1.35116607060977,0,-4.81570491560292
1.324038224833,0,-4.93124843039076
1.30347578159178,0,-5.05451250349681
1.29203646708531,0,-5.18318001848809
1.29172564623482,0,-5.31431457452774
1.30388006107628,0,-5.44444735620769
1.32911126924069,0,-5.56965631678425
1.36725549875704,0,-5.68564182304844
1.41729780092429,0,-5.78783211947557
1.47727116929868,0,-5.87157505147244
1.54417478401947,0,-5.93247835434308
1.61400251574321,0,-5.96692585661145
1.68199126349846,0,-5.97269877000429
1.74313678423936,0,-5.94949774536367
1.79287449100855,0,-5.89910732497445
1.82768950533214,0,-5.82507992078672
1.84544354862529,0,-5.73206953703322
1.84537419436853,0,-5.62509538271221
1.82787613491531,0,-5.5089604064675
1.79421039295437,0,-5.38789718563625
1.74623627500555,0,-5.26540144729731
1.68619501158972,0,-5.14418059329076
1.61653137235734,0,-5.02616154922982
1.53972423735642,0,-4.91253414087526
1.45810372294946,0,-4.80383279021521
1.37365562921923,0,-4.70006972964466
1.2878437867107,0,-4.60092228654623
1.20149942445602,0,-4.50595121671266
1.11481808217226,0,-4.41480473989109
1.02747063597469,0,-4.32736107983029
0.938795251993857,0,-4.2437825114964
0.848012609487409,0,-4.16448357885287
0.754407228474644,0,-4.09004070539159
0.657439421471906,0,-4.02108120352688
0.556781976742779,0,-3.95818566708487
0.452298717601207,0,-3.90182438213023
0.343991574659176,0,-3.85233359714619
0.23194078395632,0,-3.80992672297183
0.116255288839103,0,-3.77473016936094
-0.00295766818930965,0,-3.74683234592582
-0.125601093637639,0,-3.72633553209181
-0.251576378098137,0,-3.7134024369804
-0.380754797929251,0,-3.70829150238371
-0.512937304841464,0,-3.71137699712568
-0.647807957061621,0,-3.72315166231559
-0.784886349791846,0,-3.74421119511699
-0.923484071850527,0,-3.77522130450889
-1.06266953768301,0,-3.8168694283129
-1.20124451914677,0,-3.86980431875268
-1.33773444475252,0,-3.93456735925179
-1.47039331443851,0,-4.0115194970532
-1.59722326807528,0,-4.10076708206725
-1.71600880307465,0,-4.20208897093758
-1.82436656431742,0,-4.31486650995821
-1.91981345506334,0,-4.43801813157733
-1.9998580731925,0,-4.56994199251122
-2.06212215216263,0,-4.70847387279371
-2.10449807199026,0,-4.85087339698818
-2.12534327691572,0,-4.99385821347174
-2.12370051511876,0,-5.13370966438837
-2.09951457655247,0,-5.26646918195413
-2.05379743127143,0,-5.38822702266139
-1.98868609753106,0,-5.49547485791186
-1.9073527006072,0,-5.58546287097085
-1.81376376109315,0,-5.65648897376536
-1.71232857277238,0,-5.70806347247663
-1.60750204499157,0,-5.7409283238872
-1.50340681126138,0,-5.7569443358917
-1.40352293010507,0,-5.75887689343648
-1.31047685113849,0,-5.75011261868772
-1.22595063184195,0,-5.73433737307604
-1.15072202601056,0,-5.71520826817742
-1.0848277833155,0,-5.69605692978431
-1.02781594377719,0,-5.67965987239749
-0.979028742645029,0,-5.66809878198579
-0.937850578274618,0,-5.66271190160363
-0.903871795652539,0,-5.66411768333842
-0.876950804923426,0,-5.67228239028085
-0.857187830132102,0,-5.68660586261496
-0.844840721429553,0,-5.7060090339691
-0.84021477070373,0,-5.72901671287991
-0.843550393767191,0,-5.75383624855885
-0.854922430220712,0,-5.77843666904181
-0.874157486735534,0,-5.8006346218832
-0.900772701953349,0,-5.81819351685682
-0.93393979863641,0,-5.82894035276528
-0.972480355480483,0,-5.83090000173066
-1.01489926366758,0,-5.82243893200766
-1.05946071631636,0,-5.80240098111183
-1.10430354094877,0,-5.77021080573447
-1.14758192601629,0,-5.72592110145539
-1.18760847449471,0,-5.670190186631
-1.22297440313247,0,-5.60419393613837
-1.25262839191112,0,-5.52949239163435
-1.27590767779035,0,-5.44787926959037
-1.29252652513753,0,-5.36124012829055
-1.30253389915711,0,-5.27143583737493
-1.30625336314224,0,-5.18021773525037
-1.30421586411863,0,-5.08917323141608
-1.29709262618243,0,-4.9996966412324
-1.28563247075892,0,-4.9129789529716
-1.27060608580771,0,-4.83001072853549
-1.2527588943919,0,-4.75159340039706
-1.23277375759063,0,-4.67835529693389
-1.21124435571833,0,-4.61076963744015
-1.18865950445134,0,-4.54917251367209
-1.16539789543728,0,-4.49377958301763
-1.14173197347459,0,-4.44470086298313
-1.11783906550568,0,-4.40195360894912
-1.09381757181629,0,-4.36547372644257
-1.06970601864422,0,-4.33512647680844
-1.0455029794134,0,-4.31071736857458
-1.02118620355235,0,-4.29200409109015
-0.996729666671912,0,-4.27871014563832
-0.972117611544647,0,-4.27054045589499
-0.947354935436926,0,-4.26719870531042
-0.922473473853031,0,-4.26840554126565
-0.897533875189135,0,-4.27391629679579
-0.872622955202164,0,-4.28353672257268
-0.847846743404107,0,-4.29713546453244
-0.823319860753741,0,-4.31465252354188
-0.799152285542552,0,-4.3361034550254
-0.775434863982586,0,-4.36157944905835
-0.752225072383879,0,-4.39124364975054
-0.72953458326047,0,-4.42532416969814
-0.70732020834396,0,-4.46410426539279
-0.685479865822786,0,-4.50791006655702
-0.66385539459712,0,-4.55709608606047
-0.642244295266112,0,-4.61202847229385
-0.620422674735654,0,-4.67306561089125
-0.598181477297223,0,-4.74053526328383
-0.575376936214283,0,-4.81470700539921
-0.551993379027814,0,-4.89575843350587
-0.528211660565466,0,-4.98373368990607
-0.504470302497716,0,-5.0784936949767
-0.481501540345228,0,-5.17965933640758
-0.460324987056374,0,-5.28655152131744
-0.442190090824689,0,-5.39813431369832
-0.428472388345632,0,-5.51296778624457
-0.420540042354156,0,-5.62917521606475
-0.419609330419428,0,-5.74442672706553
-0.426600542932433,0,-5.85594196687882
-0.441995951427645,0,-5.96052065687941
-0.465697687041118,0,-6.0546216605214
-0.496891527770192,0,-6.13452397806137
-0.533944056161384,0,-6.19660597971392
-0.574388180249704,0,-6.23775507341234
-0.615063955824051,0,-6.25585604832399
-0.652447481777153,0,-6.25022147471383
-0.683114323897444,0,-6.22178925730708
-0.704198862207963,0,-6.17298647893063
-0.713705248630451,0,-6.10731426174159
-0.710609296963527,0,-6.0288234199308
-0.69478881169948,0,-5.9416467702576
-0.666863239030437,0,-5.84967006086034
-0.628009120431164,0,-5.75634180996723
-0.579780892692839,0,-5.66458338687671
-0.523935768298365,0,-5.57675819265677
-0.462247614896105,0,-5.49467205021938
-0.396299536140496,0,-5.41959002668011
-0.327266006973169,0,-5.35226017595924
-0.255724057943245,0,-5.29293217731361
-0.181551328528361,0,-5.24135621549752
-0.103959512921596,0,-5.19675467528524
-0.0216750621466728,0,-5.15777792663034
0.0667642295815911,0,-5.12247509538289
0.162655792557128,0,-5.08831850850801
0.26678765083371,0,-5.05231245689771
0.379161812401385,0,-5.01119715416837
0.498832876678487,0,-4.96173333354604
0.623891768830397,0,-4.90102768399757
0.751599433805604,0,-4.82684147857586
0.87864437351575,0,-4.73782225464116
1.00147021504276,0,-4.63361531904183
1.11660683331095,0,-4.51484340099006
1.22094685177696,0,-4.38297605998176
1.31193379938454,0,-4.24013188306418
1.38765660623184,0,-4.08886004357321
1.44686614814157,0,-3.93193707028822
1.48893858715213,0,-3.77219834769904
1.51380927733546,0,-3.61240949844139
1.52189484797788,0,-3.45517385923835
1.51401401061283,0,-3.30286864812705
1.49131201483102,0,-3.15760237534812
1.45519016814926,0,-3.02118770199848
1.40724017379809,0,-2.89512597997365
1.34918264726452,0,-2.78060140444083
1.2828094770637,0,-2.67848380699344
1.20993025236414,0,-2.58933960481801
1.13232348873369,0,-2.51345042451463
1.05169367386044,0,-2.45083862158646
0.969635169680025,0,-2.40129850683953
0.88760377481931,0,-2.36443172648262
0.806896356329116,0,-2.33968502527963
0.728638507864893,0,-2.32638858861703
0.653779777059205,0,-2.32379328937961
0.583095688363148,0,-2.33110540111186
0.517195586695143,0,-2.34751760981485
0.456535219631118,0,-2.37223540384233
0.401432911731966,0,-2.40449811406339
0.352088103596377,0,-2.44359402161371
0.308600879575348,0,-2.48886909334048
0.27099087264993,0,-2.53972912088655
0.239213648001582,0,-2.59563541493957
0.213172436029312,0,-2.65609480733502
0.192723092713664,0,-2.72064554189713
0.177670633972359,0,-2.78884158346788
0.167756808717658,0,-2.86023870866148
0.162639979083775,0,-2.93438613184933
0.161870838815762,0,-3.01082704507155
0.16486968932588,0,-3.0891101543327
0.170912358457514,0,-3.16881222857307
0.179131675585065,0,-3.24956934840251
0.188539413819884,0,-3.33111268763851
0.198070285122209,0,-3.41330393313043
0.206646325806301,0,-3.49616598380183
0.213258533552486,0,-3.57990568618563
0.217063545268029,0,-3.66492568183985
0.21749455368397,0,-3.75182059212134
0.214382836511126,0,-3.84134861410773
0.208074518873368,0,-3.9343657376959
0.199508409922298,0,-4.03171215568388
0.190209353813693,0,-4.13405507095681
0.182167605828988,0,-4.24171642267273
0.177620206911106,0,-4.35453133421094
0.178795058692224,0,-4.47177506302838
0.187686886833098,0,-4.59216553487513
0.205904402986419,0,-4.71391861153821
0.234588183500871,0,-4.83482302028485
0.27437410771942,0,-4.95231070387808
0.325372101401485,0,-5.06351498348747
0.387136918392314,0,-5.16532487011749
0.45861989763651,0,-5.25445662375116
0.538106158455786,0,-5.32757281622058
0.623161405958852,0,-5.38148141921094
0.710634568520183,0,-5.41343405152489
0.796775727821577,0,-5.42150294978105
0.877511757792854,0,-5.40495327266378
0.948860174811504,0,-5.36447618163587
1.00737911803335,0,-5.30216559962475
1.05051265411385,0,-5.2212248677278
1.07673801454018,0,-5.12551130430335
1.08551847911086,0,-5.01907444792483
1.07713682845856,0,-4.90579925334121
1.05249513826109,0,-4.78918621462967
1.01293759995369,0,-4.67224348869015
0.960117446195079,0,-4.55744657945414
0.895903994691382,0,-4.44672652550144
0.822312557353122,0,-4.34146291704068
0.741434667658874,0,-4.24247581156696
0.655346971258263,0,-4.15002803936257
0.565986008333942,0,-4.06386309639593
0.474995069199689,0,-3.98330622322045
0.38357386644543,0,-3.90743927040718
0.29237747856383,0,-3.83532643452696
0.201502936543047,0,-3.76623800712507
0.11057154335865,0,-3.69981539963171
0.0188821666910831,0,-3.63614464546155
-0.0744063243603721,0,-3.57573836573309
-0.170103873209894,0,-3.51944956239153
-0.268857362652793,0,-3.46834954181814
-0.371070530382774,0,-3.42360023516289
-0.476874165218604,0,-3.38634300163717
-0.586135689694934,0,-3.35761581840663
-0.698493466696222,0,-3.33830177258031
-0.813401939424802,0,-3.32910565291591
-0.930176927748385,0,-3.33055228195654
-1.04803424090661,0,-3.34299926765144
-1.16611820019551,0,-3.36665722988903
-1.28351931195177,0,-3.40161164312411
-1.39928214985191,0,-3.44784182219835
-1.51240560308516,0,-3.50523399450153
-1.62183818858127,0,-3.57358667638667
-1.72647128987047,0,-3.65260762136539
-1.82513313474552,0,-3.74190242381455
-1.91658618629222,0,-3.84095549135164
-1.99953048154365,0,-3.94910462099757
-2.07261534673748,0,-4.0655109238485
-2.13446183278613,0,-4.1891264381234
-2.18369806930725,0,-4.31866253466042
-2.21900937305212,0,-4.4525631893325
-2.23920413336208,0,-4.58898831023157
-2.24329496662101,0,-4.72581333151697
-2.23059219810777,0,-4.86065177001202
-2.20080348265717,0,-4.99090675865147
-2.15412988681598,0,-5.11385514205257
-2.09134612381548,0,-5.22676342859502
-2.01385213957115,0,-5.32702953125242
-1.9236855654572,0,-5.41233953808551
-1.82348891249338,0,-5.48082667380479
-1.71642951093386,0,-5.53122086514242
-1.60607163438249,0,-5.56298025798325
-1.49619856276892,0,-5.57639702236407
-1.39058072814378,0,-5.57266558160629
-1.29269051074076,0,-5.55389249853114
-1.20537951057829,0,-5.52301981900854
-1.13055856676159,0,-5.48363759311277
-1.06894393023884,0,-5.43968358200184
-1.01994001764928,0,-5.39506551493788
-0.981711131585583,0,-5.35327864417892
-0.951455515152198,0,-5.31710963708965
-0.925848806684086,0,-5.28850456008007
-0.901583131426727,0,-5.26863300483708
-0.875899637614824,0,-5.25811299422466
-0.84700389172648,0,-5.25729674772219
-0.814278091928308,0,-5.2664928455999
-0.778265044434565,0,-5.28604083365204
-0.740471177086316,0,-5.31623750100781
-0.703078866830343,0,-5.35718035888186
-0.668653803354414,0,-5.40860515427199
-0.639897962271175,0,-5.46976411758722
-0.619461316112474,0,-5.53935575333849
-0.609801481809938,0,-5.6154967806017
-0.613070987143198,0,-5.69572375089576
-0.631011655006631,0,-5.77701905459551
-0.664840700082858,0,-5.85586717379783
-0.715122495370893,0,-5.92835791153465
-0.781634492152569,0,-5.99035954155532
-0.863255226781319,0,-6.03777983315267
-0.957921022425838,0,-6.06690960547489
-1.06270233609673,0,-6.0748020294802
-1.17402575302403,0,-6.05959902030258
-1.28801435863994,0,-6.02070638781895
-1.40086592389307,0,-5.95876268099842
-1.50917248334255,0,-5.8754230838904
-1.61011673788712,0,-5.77304027674074
-1.70153376656012,0,-5.65433623724364
-1.78186646489406,0,-5.52213072013534
-1.85005629810041,0,-5.3791533264003
-1.90540488873669,0,-5.22793868245729
-1.94743046596849,0,-5.07079328935098
-1.97573608398367,0,-4.90982247110715
-1.98990745455037,0,-4.74700797967271
-1.98946504551585,0,-4.58432322332693
-1.97389860688155,0,-4.42385918554625
-1.942797653666,0,-4.26791468431502
-1.89605074763735,0,-4.11899862136769
-1.83403929275669,0,-3.97972040371791
-1.75774135885177,0,-3.85260074087354
-1.66870740784943,0,-3.73987567212382
-1.56893577312859,0,-3.64335823378229
-1.4607091487575,0,-3.56437981155844
-1.34644349297633,0,-3.50379617666705
-1.22857320060676,0,-3.46203032883765
-1.10947474058657,0,-3.43912879299394
-0.991421191795514,0,-3.43481728092604
-0.876558260984422,0,-3.44854895533774
-0.766893663091372,0,-3.47954285721733
-0.664293651165279,0,-3.52681234703017
-0.570482191577058,0,-3.58918462739097
-0.487039689595858,0,-3.6653130627209
-0.415399322069846,0,-3.7536842858099
-0.356839937406962,0,-3.85262207116689
-0.312475114711697,0,-3.96028974978652
-0.283238316875837,0,-4.07469265852747
-0.269864149328711,0,-4.19368189894478
-0.27286562644344,0,-4.31496066041572
-0.292507191632297,0,-4.43609464317428
-0.328773231142159,0,-4.55452873544878
-0.381332201877777,0,-4.66761298657059
-0.449497500139031,0,-4.7726418495201
-0.532187995239101,0,-4.86691120970382
-0.627893684357878,0,-4.94779722527866
-0.734654719870591,0,-5.01285874040073
-0.85006407594427,0,-5.05996052305997
-0.971303867955288,0,-5.08740819827129
-1.09522152104965,0,-5.09407923401705
-1.21844460540496,0,-5.07953061955738
-1.33752437753282,0,-5.04406570212161
-1.44909174264754,0,-4.98875048251873
-1.55000888060273,0,-4.91538050314779
-1.63750559000258,0,-4.82640804798468
-1.70929820962053,0,-4.72484141389278
-1.7636955188856,0,-4.61412291846585
-1.79969604828021,0,-4.49798363266982
-1.81707379114632,0,-4.38026644027492
-1.81643750150478,0,-4.26471034246399
-1.79923889751614,0,-4.1547001778732
-1.76770417780647,0,-4.05300432817713
-1.72467525039164,0,-3.96154096111421
-1.67336972195375,0,-3.88122176650512
-1.61709363436295,0,-3.81191510242318
-1.5589577184324,0,-3.75254869639343
-1.50164939936297,0,-3.70134205440291
-1.44729810384882,0,-3.65612925643059
-1.39744568604149,0,-3.61471190118718
-1.35310583565567,0,-3.57517597856433
-1.31487596539523,0,-3.53611868934661
-1.28305934256499,0,-3.49675862648409
-1.25776451847023,0,-3.45693467426464
-1.23896672388613,0,-3.41702266223151
-1.22653266848952,0,-3.37780739399561
-1.22022011911686,0,-3.34034316385296
-1.21966592874304,0,-3.30582505960138
-1.22437341495374,0,-3.27548233151986
-1.23370537260387,0,-3.25049692145184
-1.24688482547646,0,-3.23194536842028
-1.26300287073646,0,-3.22076001666987
-1.28103171346813,0,-3.21770480918009
-1.29984084685073,0,-3.22336121258832
-1.31821483515748,0,-3.23812051546196
-1.33487191458452,0,-3.26217960905105
-1.3484833842654,0,-3.29553826931768
-1.35769437013191,0,-3.33799685664593
-1.36114692888083,0,-3.38915421581318
-1.357506568422,0,-3.44840638110891
-1.3454930507906,0,-3.5149474394229
-1.32391577521984,0,-3.58777450676722
-1.29171310606048,0,-3.66569910721569
-1.24799378453533,0,-3.74736714265195
-1.19207724522555,0,-3.8312889512644
-1.12352859077057,0,-3.91587961605272
-1.04218358440829,0,-3.99950784474817
-0.948159647319697,0,-4.08054978781603
-0.841850572745956,0,-4.157442649584
-0.723905176463973,0,-4.22873240033338
-0.595192753051094,0,-4.29311055305102
-0.456760290124641,0,-4.34943665035702
-0.309787439931113,0,-4.39674530228542
-0.155545208980822,0,-4.43423872877834
0.00463647891102348,0,-4.46126738748245
0.169388294689577,0,-4.47730234642579
0.337305088121296,0,-4.48190386425448
0.506931504583312,0,-4.47469164441594
0.676728909718958,0,-4.45532390743668
0.845025517742084,0,-4.42349491948776
1.00995685516611,0,-4.3789631849228
1.16941242755843,0,-4.3216228008599
1.32101531957184,0,-4.25162427894066
1.46216843907459,0,-4.16953434643246
1.59019373340028,0,-4.07649833838494
1.70256140852429,0,-3.97434681229057
1.79716324867506,0,-3.86559068918402
1.87255444291082,0,-3.75328590248526
1.92809642675987,0,-3.64080060811834
1.96397506867873,0,-3.53155133448224
1.98111443709617,0,-3.42877147461074
1.98103060576738,0,-3.33534768022021
1.96566914244613,0,-3.25372969024423
1.93725590902694,0,-3.18590054100905
1.89817557754134,0,-3.13338788525981
1.85088136481666,0,-3.09729839053402
1.79783334074509,0,-3.0783612282516
1.74145981824082,0,-3.0769709687367
1.68413535778233,0,-3.09322388968043
1.62816894236972,0,-3.12694468727147
1.57579648880723,0,-3.1777029576863
1.52917289066606,0,-3.24482066847379
1.49036014159229,0,-3.3273731597094
1.46130964265535,0,-3.42418694745156
1.44383836719951,0,-3.53383770019735
1.43959990272677,0,-3.65465124854205
1.4500522761369,0,-3.78470950878369
1.47642473647883,0,-3.92186200492034
1.51968529343858,0,-4.06374257698111
1.58050991765087,0,-4.20779017273674
1.65925315078421,0,-4.3512725609257
1.7559187666009,0,-4.49131248954259
1.8701284068201,0,-4.6249172426052
2.0010861339223,0,-4.74901462198926
2.14753796968193,0,-4.86050086851014
2.30772812412749,0,-4.95630847292924
2.47935808412153,0,-5.03350331132432
2.65956091049747,0,-5.08941953833405
2.84490978294759,0,-5.12183513325568
3.03148402232633,0,-5.12917926809505
3.21501282076642,0,-5.11074557734142
3.39110264056447,0,-5.06686858563173
3.55552976667443,0,-4.99901412400796
3.70455430637007,0,-4.90974733427425
3.83520027759482,0,-4.80257235543175
3.94545647478752,0,-4.68167159077542
4.03437846214902,0,-4.55159190891338
4.10209743347441,0,-4.41692336667626
4.1497541220066,0,-4.28200093528384
4.17937431331636,0,-4.15064516323011
4.19369493668134,0,-4.02595262445477
4.19594586534637,0,-3.91015089460689
4.18959743790949,0,-3.80453822014121
4.17809538778141,0,-3.70952598881592
4.16461593788932,0,-3.62478754011028
4.15187579121355,0,-3.54949242693192
4.14202057944272,0,-3.48258113445442
4.13659479626707,0,-3.42302393768673
4.13657602572959,0,-3.37001574079435
4.14244549321574,0,-3.32308237937526
4.15426827920386,0,-3.28210101973187
4.17176575455727,0,-3.24725636561006
4.19437333880028,0,-3.21896074530809
4.22128411944415,0,-3.19776235380109
4.25148225847198,0,-3.18425755837983
4.28377068690565,0,-3.17901491582051
4.31679699018069,0,-3.18251268111799
4.34908069931773,0,-3.19508847862232
4.37904480884124,0,-3.21689891017418
4.4050541390316,0,-3.24788745920813
4.42546279760261,0,-3.28776048615136
4.43867205243486,0,-3.33597287294278
4.44319806549497,0,-3.39172642858638
4.43774610615002,0,-3.45398489654914
4.42128451480647,0,-3.52150869227133
4.39310887936992,0,-3.59291001834639
4.35288600446473,0,-3.66672510081344
4.30066932037441,0,-3.74149614217517
4.23688226314868,0,-3.81585283766316
4.16227232820065,0,-3.88858320001669
4.0778437158745,0,-3.95868606232487
3.98477902310174,0,-4.02540182149949
3.88435993271868,0,-4.08822207426987
3.77789424158353,0,-4.14688151287794
3.6666533047609,0,-4.20133639855101
3.5518212529546,0,-4.25173349235587
3.43445574156879,0,-4.29837221713869
3.3154595208087,0,-4.34166174120629
3.19556245016607,0,-4.3820740811833
3.07531427615322,0,-4.42009442713347
2.9550891294912,0,-4.45617068849094
2.83510293566735,0,-4.49066557473603
2.7154445107802,0,-4.52381607431698
2.59611983471744,0,-4.55570658208805
2.47710673541731,0,-4.58626258874028
2.35841407308004,0,-4.61527100853444
2.24013606683501,0,-4.64243002516466
2.12248998476657,0,-4.66742537424392
2.00582587892162,0,-4.69002215591838
1.89060177460683,0,-4.71015427551926
1.77732621881678,0,-4.72799108739096
1.66647942246508,0,-4.74396511872579
1.55843037198378,0,-4.75875488492157
1.45336766648725,0,-4.7732286333111
1.35125693351845,0,-4.78836364536691
1.25183033760679,0,-4.80515893379824
1.15460706929161,0,-4.82455718526475
1.05893960896918,0,-4.84738677262554
0.964079175788066,0,-4.8743288411909
0.869254175590831,0,-4.90590927253392
0.773756303816734,0,-4.94251123570297
0.677028972694462,0,-4.98440097439272
0.57875123272553,0,-5.03175730605724
0.478907818451774,0,-5.08469428651209
0.377834260256784,0,-5.14326745115182
0.276227682839667,0,-5.20745779929615
0.17512007745634,0,-5.27713381327023
0.07581946746338,0,-5.35199796565286
-0.0201689339535138,0,-5.43152738562182
-0.111228344470912,0,-5.51491745006018
-0.195714134276472,0,-5.60103374089498
-0.272034308735167,0,-5.68837523490667
-0.338732019862096,0,-5.77505219508004
-0.394578765798755,0,-5.85878664722568
-0.438685515042356,0,-5.93695035258097
-0.470631301469168,0,-6.00666151664798
-0.49059410067961,0,-6.06496094868696
-0.499449872290382,0,-6.10907292051077
-0.498792757760001,0,-6.13672174832284
-0.490838225728219,0,-6.14643343629842
-0.478208820467811,0,-6.13773178390792
-0.463652073022365,0,-6.11116602359246
-0.449767604736059,0,-6.06817285720869
-0.438806212416204,0,-6.01083589324402
-0.432562913184886,0,-5.94162366058196
-0.432349041089451,0,-5.86316540016716
-0.439012611709017,0,-5.77808816777305
-0.452978949325748,0,-5.68891149917849
-0.474294800113839,0,-5.5979834177409
-0.502670845561572,0,-5.50744036425702
-0.537526078509502,0,-5.41917821234611
-0.578041816434087,0,-5.33482800106029
-0.623232806433925,0,-5.25573610704874
-0.672037897427002,0,-5.18295275729643
-0.723424337311712,0,-5.11723387864499
-0.776491197973638,0,-5.059058978615
-0.830553311471943,0,-5.00866328217358
-0.885190419881768,0,-4.9660782084134
-0.940255765211944,0,-4.93117268846672
-0.995849116792258,0,-4.90368924713983
-1.05226620450829,0,-4.88327186593797
-1.1099378186759,0,-4.86948564969411
-1.16936892516828,0,-4.86183023084469
-1.23108378947638,0,-4.85974960927334
-1.29557943214479,0,-4.86264114423621
-1.36328762442408,0,-4.86986605892751
-1.43454501438174,0,-4.88076322555221
-1.50957134995543,0,-4.89466710767487
-1.58845650503939,0,-4.91092943381058
-1.6711574797024,0,-4.92894248869319
-1.75750619422981,0,-4.94816017660804
-1.84722747559407,0,-4.96811192421728
-1.93996441117123,0,-4.98840484965076
-2.03530605841742,0,-5.00871183749794
-2.13281143222718,0,-5.02874676500148
-2.2320244370592,0,-5.04823181083435
-2.33247679326731,0,-5.06686404977116
-2.43367907723399,0,-5.08428860295665
-2.53510264281368,0,-5.10008378662039
-2.63615677048886,0,-5.11376104005012
-2.73616590986685,0,-5.1247799841208
-2.83435175754459,0,-5.13257730460475
-2.92982457420503,0,-5.1366071972288
-3.0215877512601,0,-5.13639041121323
-3.10855899663072,0,-5.13156800659256
-3.18961017303271,0,-5.12195457496261
-3.26362533538577,0,-5.10758409933338
-3.32957279667797,0,-5.08874059709972
-3.3865827782223,0,-5.06596624564496
-3.43401886482248,0,-5.04004260133211
-3.47153084124718,0,-5.01194557685741
-3.49907947008147,0,-4.98278055797958
-3.51692964683716,0,-4.95370826048671
-3.52561492355849,0,-4.92587304291975
-3.52588118881869,0,-4.90034327326942
-3.51861900417925,0,-4.87806925989438
-3.50479295153345,0,-4.8598599185642
-3.48537357893194,0,-4.84637599526945
-3.46127453091101,0,-4.83813568674884
-3.43329519703233,0,-4.83552763443668
-3.40206818916458,0,-4.8388260078229
-3.36801127970699,0,-4.84820233944555
-3.33128498278613,0,-4.8637288291404
-3.29175939211986,0,-4.88536827237535
-3.24899653215836,0,-4.91294714731483
-3.20225629559381,0,-4.94611128405954
-3.15053382461029,0,-4.98426803689848
-3.09263309135974,0,-5.0265241782291
-3.02727558088725,0,-5.07163311023199
-2.95323579070517,0,-5.11796650332015
-2.86948897807729,0,-5.1635230462668
-2.77535322518626,0,-5.20598115280229
-2.67060825377467,0,-5.24279506590279
-2.55557684852689,0,-5.27132694263659
-2.4311597606799,0,-5.28900248769081
-2.29882024275804,0,-5.29347470767778
-2.16051939988289,0,-5.28277896771908
-2.01860851068241,0,-5.25546258567455
-1.87568950818252,0,-5.21067419578661
-1.7344592818419,0,-5.14820277620769
-1.59755591921886,0,-5.06846352840077
-1.46742404420288,0,-4.9724362608981
-1.34621179007449,0,-4.86156908285774
-1.23570502420267,0,-4.73766385967453
-1.13729748576789,0,-4.60275932197254
-1.05199047470118,0,-4.45902393712375
-0.980413471048601,0,-4.30866552922757
-0.922857247826116,0,-4.15385990529259
-0.879312724767968,0,-3.99669739688488
-0.84951101388838,0,-3.83914445716991
-0.832962139972563,0,-3.68301696793833
-0.828991440885835,0,-3.52996224351215
-0.836773589751518,0,-3.38144743866757
-0.855364607494093,0,-3.23875286480977
-0.883732283077265,0,-3.10296940382724
-0.92078523185335,0,-2.97499968947012
-0.965400527541072,0,-2.85556297569566
-1.01644954503958,0,-2.74520364895363
-1.07282142682338,0,-2.6443032146516
-1.13344348240265,0,-2.55309536139602
-1.19729786508011,0,-2.47168344909067
-1.26343403184779,0,-2.40005954113081
-1.33097674816484,0,-2.33812395364766
-1.39912970492952,0,-2.28570425203814
-1.46717512367538,0,-2.24257269155966
-1.53446999781258,0,-2.20846126177584
-1.60043982392113,0,-2.18307373012472
-1.6645708015557,0,-2.16609435922753
-1.72640151738264,0,-2.15719326760092
-1.78551508203527,0,-2.15602868912695
-1.84153256288545,0,-2.16224664158816
-1.89410836317551,0,-2.17547872029267
-1.94292795089173,0,-2.19533887294131
-1.98770805673364,0,-2.22142007235881
-2.02819916206159,0,-2.25329177439414
-2.06418981256292,0,-2.29049892580388
-2.09551205285165,0,-2.33256307782006
-2.12204711233269,0,-2.37898588412233
-2.14373040899239,0,-2.42925494813424
-2.16055499007375,0,-2.48285167448749
-2.17257269687611,0,-2.53926051753686
-2.17989260937348,0,-2.59797884677273
-2.18267666564525,0,-2.65852659453911
-2.18113272350795,0,-2.72045492834363
-2.17550569711183,0,-2.78335339100408
-2.16606772150513,0,-2.84685524970405
-2.15310853733325,0,-2.91064114441185
-2.13692740710206,0,-2.97444146598278
-2.11782782405299,0,-3.03803815010903
-2.0961159904071,0,-3.10126666175312
-2.07210345855913,0,-3.16401878672924
-2.04611342629606,0,-3.22624639804543
-2.01848905666813,0,-3.28796566348695
-1.98960115080853,0,-3.3492603780015
-1.95985201117528,0,-3.41028253529285
-1.92967284864335,0,-3.47124820581751
-1.89951370761332,0,-3.53242738983728
-1.8698271113787,0,-3.59412758044697
-1.84104853218076,0,-3.65667189556439
-1.81357754206383,0,-3.72037345094527
-1.78776288816863,0,-3.78550801860284
-1.76389319944713,0,-3.85228703615878
-1.74219328718019,0,-3.92083285428396
-1.72282462625563,0,-3.99115782845486
-1.70588786041517,0,-4.06314851070925
-1.6914250605603,0,-4.13655579241091
-1.67941983884566,0,-4.21099142708193
-1.66979409773159,0,-4.28593099046453
-1.66240099783641,0,-4.36072309544492
-1.65701452860497,0,-4.4346046394288
-1.65331679182927,0,-4.50672203763485
-1.65088475652334,0,-4.57615872243138
-1.6491788491593,0,-4.64196950298345
-1.64753631581972,0,-4.7032224266758
-1.64517273767477,0,-4.75904826237315
-1.64119514029816,0,-4.80869638829717
-1.63462941309359,0,-4.85159369376519
-1.62446287908015,0,-4.88740050484228
-1.609699802782,0,-4.91605545398121
-1.58942402247942,0,-4.93780086180861
-1.56286001901033,0,-4.95318246915063
-1.52942296958925,0,-4.96302204032239
-1.48875029754984,0,-4.96836693063322
-1.44071122511953,0,-4.97042503482849
-1.38539519516663,0,-4.97049508322974
-1.32308309095449,0,-4.96990091054817
-1.25420616909806,0,-4.96993518114454
-1.17929679546583,0,-4.97181455324285
-1.09893333154662,0,-4.97664540536071
-1.01367986432982,0,-4.98539732719216
-0.924020734982167,0,-4.99888037063747
-0.830290607867608,0,-5.01772119497894
-0.732603512960109,0,-5.0423325790129
-0.630788874156343,0,-5.07287067626189
-0.524348175009016,0,-5.10917581410535
-0.412450534719489,0,-5.15069679692651
-0.293985865682239,0,-5.19640609785877
-0.167687456773827,0,-5.24472262424273
-0.0323213565212731,0,-5.2934661644701
0.113078257604332,0,-5.33986859849218
0.268963288439107,0,-5.38065928510843
0.435056184378886,0,-5.41222816030689
0.610199744827593,0,-5.43085579695459
0.792295558693366,0,-5.43298994727978
0.978342625954769,0,-5.41554346814264
1.16457902221494,0,-5.37618542542786
1.34672139305182,0,-5.31359197476067
1.52028434100183,0,-5.22761766561536
1.68094261921604,0,-5.11934882678345
1.82488041710594,0,-4.99101732669795
1.94906712954526,0,-4.84578509713624
2.05141627444752,0,-4.68744394876428
2.13081772246457,0,-4.5200932629973
2.18706618572052,0,-4.34785194286062
2.22072649719122,0,-4.17463775057167
2.23297583077599,0,-4.00402130328128
2.22545147491983,0,-3.83914413010333
2.20011878760115,0,-3.68268291128345
2.15916297285683,0,-3.5368425565957
2.10490189108633,0,-3.4033650988766
2.03971455793791,0,-3.28354648217643
1.9659799644387,0,-3.17825766308398
1.88602219640173,0,-3.08796947874718
1.80205973374953,0,-3.01278242604692
1.71615873829105,0,-2.95246299594633
1.63019172364307,0,-2.90648774675601
1.54580398338383,0,-2.87409517632786
1.46439038954906,0,-2.85434402641721
1.38708467072891,0,-2.8461753096767
1.31476220854,0,-2.84847442662375
1.24805604778987,0,-2.86012943468347
1.18738452842282,0,-2.88008185670466
1.13298797887979,0,-2.90736721718213
1.08497138789191,0,-2.94114352467723
1.0433498764057,0,-2.98070693923557
1.00809400301841,0,-3.02549471680497
0.979172302629118,0,-3.07507616001131
0.956588856102513,0,-3.12913276223915
0.940414055090431,0,-3.18742907900187
0.930807049915623,0,-3.24977615034159
0.928028660815527,0,-3.31598954664112
0.932443795588525,0,-3.38584431158931
0.944512630584594,0,-3.45902923950211
0.96476995486321,0,-3.53510311020605
0.993792166389534,0,-3.61345583371058
1.03215155486331,0,-3.69327807817148
1.08035796304534,0,-3.7735439666322
1.13878911107787,0,-3.85301273760204
1.20761332899944,0,-3.93025637430288
1.28671254996858,0,-4.00371998205156
1.37561879424797,0,-4.07181834272989
1.47348204055894,0,-4.13306386631641
1.5790874090997,0,-4.18620831729486
1.69093074529656,0,-4.23036777968313
1.80734373284785,0,-4.26509612977595
1.92663998997996,0,-4.29038413411289
2.04724441015389,0,-4.30658657697368
2.16777622776812,0,-4.31430472551574
2.28707647331079,0,-4.31426160240972
2.40418973364345,0,-4.30720010523477
2.51831937663493,0,-4.29381776574622
2.62877451041377,0,-4.27473755976314
2.73492109541273,0,-4.25050666095245
2.83614365121311,0,-4.22161357463264
2.93182002237117,0,-4.18851568609273
3.02130968218957,0,-4.15167146224947
3.10395525852788,0,-4.11157320286548
3.17909659041707,0,-4.06877713365728
3.2460961768207,0,-4.02392798258619
3.30437412931267,0,-3.97777532022573
3.35344967069303,0,-3.93117921390875
3.3929850109815,0,-3.88510342283688
3.42282643938361,0,-3.84059559373273
3.44303714585356,0,-3.79875562892504
3.45391698847919,0,-3.7606952554595
3.45600620849704,0,-3.727493310586
3.45007260251713,0,-3.70015189213764
3.4370842137034,0,-3.67955808827158
3.41817149135928,0,-3.666454675995
3.39458365891218,0,-3.66142144526833
3.36764371249158,0,-3.66486722747065
3.33870537951269,0,-3.67703169603488
3.30911396419583,0,-3.69799571343725
3.28017168338584,0,-3.72769933035151
3.25310704773204,0,-3.7659672539945
3.2290470609725,0,-3.81254237836314
3.20899033418952,0,-3.86712846426877
3.19377842834345,0,-3.92944289310447
3.18406171224567,0,-3.99927916458019
3.18025488186538,0,-4.07657600542368
3.1824766360937,0,-4.16148526501529
3.19046906623444,0,-4.25442436491568
3.20349673095794,0,-4.35609227031544
3.22023432011959,0,-4.46742386929653
3.23866429690939,0,-4.58946089643996
3.25601735451392,0,-4.72313196868321
3.26879147965928,0,-4.8689588342741
3.27287423988156,0,-5.02673170077536
3.26377005439517,0,-5.19521016593095
3.23691157805249,0,-5.37189995714573
3.18802560605127,0,-5.55293551160938
3.11353288240447,0,-5.73308213034736
3.01097601848333,0,-5.90587539427445
2.87946724497189,0,-6.06394001873766
2.72010637252561,0,-6.1995497607603
2.53624219599276,0,-6.30545506205156
2.33339348444685,0,-6.37587726753268
2.11870536304093,0,-6.40739460856808
1.90002416162114,0,-6.39938539058724
1.68488812029953,0,-6.35386826430916
1.47975559406754,0,-6.27487432178562
1.28961736791115,0,-6.16765425898234
1.11794123976724,0,-6.03797700647421
0.966809139136887,0,-5.89162841854278
0.837123102152028,0,-5.73410099235406
0.728810142993556,0,-5.57041766976122
0.641002121947085,0,-5.40503284178114
0.572192710717768,0,-5.24177227606854
0.520382912297221,0,-5.08379373216268
0.483225585581924,0,-4.93356496621581
0.458173119459276,0,-4.79286401686567
0.44262466347468,0,-4.6628083312408
0.434063279531084,0,-4.54391579433674
0.430171161050472,0,-4.4361944828011
0.428913194579427,0,-4.33925191280365
0.428584390462865,0,-4.25241108820248
0.427822826942343,0,-4.17482072907451
0.425594604887965,0,-4.10555005325041
