-2.16589838590816,-1.60624424228473,-1.0105946931634,-0.525891129207207,-0.211063596133089,-0.0553642580530978,-0.00579928453484806
-3.24864992520095,-2.40942655315139,-1.51607042625566,-0.789035980236958,-0.316748161548352,-0.0831234462861265,-0.00871619227032494
-4.33116228930517,-3.21267833282456,-2.02175736716851,-1.05241758889923,-0.422614485033171,-0.110974399465874,-0.0116536740527266
-5.41335242672461,-4.01601812830597,-2.52772114869011,-1.31611089043009,-0.528720543248351,-0.138946526291625,-0.0146183461486109
-6.49513441788025,-4.81946051351163,-3.03402329557838,-1.58018739093235,-0.635122066751079,-0.167068218839664,-0.0176166158416162
-7.5764187370787,-5.62301506823587,-3.54072017315239,-1.84471429235064,-0.741871966711551,-0.195366591593589,-0.0206546270047964
-8.65711150056653,-6.42668533875942,-4.04786191981079,-2.10975360583235,-0.849019753995095,-0.223867216075738,-0.0237382042657565
-9.7371136979952,-7.23046777660804,-4.55549136047954,-2.37536125138333,-0.956610949298104,-0.252593850349319,-0.0268727955321485
-10.8163204047017,-8.0343506520924,-5.06364289813913,-2.64158614187651,-1.06468648315817,-0.281568162749267,-0.0300634126737539
-11.8946199723134,-8.83831293942806,-5.57234138077688,-2.90846924966537,-1.1732820848246,-0.310809449308882,-0.033314570192444
-12.971893195333,-9.6423231704645,-6.0816009413675,-3.17604265430082,-1.28242765918181,-0.34033434448168,-0.0366302217534471
-14.0480124515542,-10.4463382543465,-6.59142380881656,-3.44432857016193,-1.39214665117019,-0.370156524916457,-0.0400136945013659
-15.1228408050325,-11.25030225984,-7.10179909030733,-3.71333835577571,-1.50245539956663,-0.400286407541211,-0.0434676215719484
-16.1962311143931,-12.0541451632426,-7.61270151417703,-3.98307149237801,-1.61336247029558,-0.430730835941036,-0.0469938708212368
-17.2680250612019,-12.8577815515604,-8.1240901511794,-4.25351455481801,-1.72486798861495,-0.461492767151921,-0.0505934737447764
-18.3380521775402,-13.6611092892862,-8.63590709721327,-4.52464015417027,-1.83696295347566,-0.492570948515114,-0.0542665511602493
-19.4061288347732,-14.4640081450321,-9.14807612696877,-4.7964058640651,-1.94962854416686,-0.523959590922946,-0.0580122377074971
-20.4720572014266,-15.2663383804059,-9.6605013194021,-5.0687531315652,-2.06283542003137,-0.555648038918269,-0.0618286052724851
-21.5356241717445,-16.0679393040319,-10.1730656588554,-5.3416061765071,-2.17654301644732,-0.587620439553624,-0.0657125858995714
-22.59660026757,-16.8686277951634,-10.68562961723,-5.61487088455218,-2.29069884119385,-0.619855412412497,-0.0696598948975721
-23.6547385174219,-17.6681968031405,-11.198029724456,-5.88843370070653,-2.4052377763556,-0.652325723744414,-0.0736649549990483
-24.709773318075,-18.4664138310162,-11.7100771365908,-6.16216053177709,-2.52008139207563,-0.684997968267211,-0.0777208225981502
-25.7614192855891,-19.2630194140235,-12.2215562132314,-6.43589566813264,-2.63513727973386,-0.717832262839775,-0.0818191172686446
-26.8093701045678,-20.0577256061795,-12.732223118528,-6.70946073722341,-2.75029841350037,-0.750781956900328,-0.0859499559480663
-27.8532973864777,-20.850214491217,-13.2418044629341,-6.98265370356405,-2.86544255067262,-0.783793365288304,-0.0901018933629039
-28.892849550087,-21.6401367371655,-13.7499960058712,-7.25524793226751,-2.98043168272802,-0.81680552980764,-0.0942618704588493
-29.9276507394912,-22.4271102172374,-14.2564614426966,-7.52699133568759,-3.09511155057293,-0.849750016625683,-0.0984151727836675
-30.9572997977092,-23.2107187231393,-14.7608313026405,-7.79760562521684,-3.20931123899946,-0.882550757309843,-0.102545400940993
-31.9813693164366,-23.9905108004399,-15.2627019876542,-8.06678569271314,-3.32284286681215,-0.915123941951985,-0.106634455382759
-32.9994047851309,-24.7659987390648,-15.761634985238,-8.33419914828437,-3.43550139038595,-0.947377973380708,-0.110662537925935
-34.0109238650932,-25.5366577552161,-16.257156291159,-8.59948604312059,-3.5470645394781,-0.979213491870848,-0.114608172454385
-35.0154158164811,-26.3019254038437,-16.7487560803372,-8.8622588075785,-3.65729290484225,-1.01052347997877,-0.118448247286471
-36.0123411081059,-27.0612012630459,-17.2358886658762,-9.12210243563057,-3.76593019747463,-1.04119345710886,-0.122158081640161
-37.0011312412688,-27.8138469332032,-17.7179727870117,-9.37857494690989,-3.87270369904691,-1.07110177309652,-0.12571151849637
-37.9811888196117,-28.559186394021,-18.1943922664199,-9.63120815673325,-3.9773249221326,-1.10012000942293,-0.129081045935099
-38.9518878968176,-29.2965067617347,-18.6644970756266,-9.87950878248732,-4.07949049710584,-1.12811349560737,-0.132237948686045
-39.9125746328213,-30.0250594862569,-19.1276048439726,-10.1229599114577,-4.1788832999914,-1.15494194681529,-0.135152491186669
-40.8625682868124,-30.7440620238391,-19.5830028415378,-10.361022850442,-4.27517383200281,-1.18046022674852,-0.137794132871058
-41.8011625716064,-31.4527000146852,-20.0299504594643,-10.5931393712383,-4.36802185699383,-1.20451923744139,-0.140131775721971
-42.7276273888242,-32.1501299868288,-20.4676822022124,-10.8187343583277,-4.45707829758021,-1.22696693469255,-0.142134043312359
-43.6412109577324,-32.8354825974428,-20.8954111954594,-11.0372188558573,-4.5419873843405,-1.24764946456276,-0.143769589654902
-44.541142342596,-33.5078664107208,-21.3123332007878,-11.2479935005378,-4.62238904541409,-1.26641241274471,-0.145007435190389
-45.4266343741186,-34.1663721977843,-21.7176311142899,-11.4504523155917,-4.69792151619075,-1.28310215477435,-0.145817326208287
-46.296886950219,-34.8100777291176,-22.1104799111838,-11.6439868287991,-4.76822414090691,-1.29756729114987,-0.146170112944005
-47.1510906903442,-35.4380530143193,-22.4900519830384,-11.8279904654834,-4.83294033016605,-1.30966014762785,-0.146038140582662
-47.9884309061742,-36.0493659281414,-22.8555227989392,-12.0018631555289,-4.89172063107219,-1.31923831746909,-0.145395646469452
-48.8080918404224,-36.6430881465852,-23.206076807634,-12.1650160828459,-4.94422586021676,-1.32616621941254,-0.144219156035257
-49.6092611150296,-37.2183013030523,-23.5409134851944,-12.3168764967456,-4.990130244603,-1.33031664286245,-0.142487869345701
-50.3911343209571,-37.7741032629944,-23.8592534227824,-12.4568924980551,-5.02912451210831,-1.33157225035908,-0.140184029820196
-51.1529196631312,-38.3096143947425,-24.1603443333404,-12.5845377039125,-5.06091887017674,-1.32982700730925,-0.137293266825792
-51.8938426392051,-38.8239837837683,-24.4434669090455,-12.6993157264715,-5.08524582133886,-1.32498750816236,-0.13380490271987
-52.6131505482054,-39.3163951450095,-24.7079403189293,-12.8007643208896,-5.1018627421185,-1.31697417313112,-0.129712218653373
-53.3101168874638,-39.7860724694344,-24.9531273501527,-12.8884591842466,-5.11055419387425,-1.30572228844554,-0.125012669484692
-53.9840454371715,-40.2322851665904,-25.1784389974799,-12.962017282271,-5.11113391071768,-1.29118287457312,-0.119708046286433
-54.6342740813358,-40.6543527423112,-25.3833385121262,-13.0210996880239,-5.10344643359276,-1.27332335683918,-0.113804575767265
-55.2601782017604,-41.0516488207436,-25.5673447622628,-13.0654138519588,-5.08736836520649,-1.25212803689568,-0.107312959387298
-55.8611736446901,-41.4236045059111,-25.7300348975349,-13.0947152935403,-5.06280923397326,-1.22759835570378,-0.100248348373339
-56.4367192128212,-41.7697110315851,-25.8710462830545,-13.1088087001097,-5.02971196531732,-1.19975294954743,-0.0926302556823072
-56.9863186591776,-42.089521679823,-25.9900776973975,-13.1075484394703,-4.98805296996141,-1.1686275052219,-0.0844824071517861
-57.5095221733966,-42.3826529689474,-26.0868898095581,-13.0908385087542,-4.93784186891251,-1.13427442547069,-0.0758325356492963
-58.0059273645365,-42.6487851310041,-26.1613049685738,-13.0586319564511,-4.87912088354893,-1.09676231994483,-0.0667121234269132
-58.4751797570252,-42.887661916015,-26.2132063558441,-13.010929826459,-4.81196392616766,-1.05617534027404,-0.0571560990519594
-58.9169728272979,-43.0990897749717,-26.2425365634215,-12.9477796822096,-4.73647543134344,-1.01261238017824,-0.0472024961796384
-59.3310476176903,-43.282936485059,-26.2492956713902,-12.8692737751329,-4.65278897139943,-0.966186162886403,-0.0368920820379842
-59.717191971019,-43.4391292888213,-26.2335389037333,-12.7755469249239,-4.56106570023954,-0.917022238506585,-0.0262679638043981
-60.0752394339399,-43.5676526238657,-26.1953739448897,-12.6667741794071,-4.46149266890455,-0.865257913498492,-0.0153751810764659
-60.4050678796814,-43.6685455214247,-26.1349579988067,-12.5431683195731,-4.35428105374247,-0.811041133171083,-0.00426029240095452
-60.7065979012751,-43.7418987509809,-26.0524946690838,-12.4049772709851,-4.23966433433955,-0.754529336322315,0.00702903664277929
-60.9797910251993,-43.7878517846288,-25.9482307333099,-12.2524814766937,-4.11789645369299,-0.695888298927817,0.0184444369647748
-61.2246477927155,-43.8065896494023,-25.8224528774526,-12.0859912795617,-3.98924998786788,-0.635290981339398,0.0299372250518909
-61.4412057524495,-43.7983397289453,-25.675484447732,-11.9058443539621,-3.85401434690703,-0.572916390930587,0.0414587724798459
-61.6295374032564,-43.7633685681378,-25.5076822683273,-11.7124032186271,-3.71249402334559,-0.508948469660336,0.0529608516633823
-61.7897481214331,-43.7019787260678,-25.3194335639878,-11.506052854377,-3.56500689957237,-0.44357501372771,0.064395954627323
-61.9219741011659,-43.6145057144527,-25.1111530175446,-11.2871984428606,-3.41188262066473,-0.376986630440701,0.0757175825300717
-62.026380331941,-43.5013150505699,-24.8832799837608,-11.0562632355274,-3.25346103533981,-0.309375735674446,0.0868805045696692
-62.1031586317011,-43.3627994462128,-24.6362758731356,-10.813686555996,-3.09009070438836,-0.240935593874499,0.0978409857273065
-62.1525257499039,-43.1993761473016,-24.3706217123529,-10.5599219338727,-2.92212747342251,-0.171859401474025,0.108556983536634
-62.1747215504527,-43.0114844326702,-24.0868158821104,-10.295435363947,-2.74993310496402,-0.102339413825634,0.118988314697669
-62.1700072807417,-42.7995832752675,-23.7853720281226,-10.020703681542,-2.57387396378676,-0.0325661152716781,0.129096792875197
-62.1386639298499,-42.5641491645685,-23.4668171371318,-9.73621304257217,-2.39431974894165,0.0372725682459552,0.138846339431661
-62.0809906761958,-42.3056740853705,-23.1316897667487,-9.44245749549861,-2.21164226595506,0.106992014646749,0.148203069145921
-61.9973034227481,-42.0246636453075,-22.7805384158125,-9.13993763177374,-2.02621423321671,0.176411609697641,0.157135353167743
-61.8879334161159,-41.7216353413021,-22.4139200206148,-8.82915930144533,-1.83840811746807,0.245355409700992,0.165613861561527
-61.7532259445194,-41.3971169537163,-22.0323985617045,-8.51063238123654,-1.64859499447811,0.313652762703967,0.173611587811964
-61.5935391087007,-41.0516450561052,-21.6365437659791,-8.18486958353759,-1.45714343236348,0.381138887651557,0.181103857610537
-61.409242659263,-40.6857636281414,-21.2269298892877,-7.85238529623522,-1.2644183964934,0.447655410503619,0.188068324127348
-61.200716893666,-40.3000227594051,-20.8041345657334,-7.51369444507611,-1.07078017644157,0.51305085596103,0.194484951810507
-60.9683516061404,-39.8949774322539,-20.368737711195,-7.1693113722208,-0.876583336941845,0.577181093123672,0.200335990557679
-60.7125450840553,-39.4711863728404,-19.9213204701915,-6.81974872671185,-0.682175696210373,0.639909733155669,0.205605941883608
-60.4337031447667,-39.0292109604637,-19.4624641970315,-6.4655163646781,-0.4878973362639,0.701108476878253,0.210281518474886
-60.1322382076291,-38.5696141867712,-18.992749464134,-6.10712025915085,-0.294079650946593,0.760657410161136,0.214351598289274
-59.8085683966606,-38.0929596578044,-18.512755092415,-5.7450614213167,-0.101044438241316,0.818445245047183,0.217807174130656
-59.4631166702432,-37.5998106334486,-18.0230572006368,-5.37983483681163,0.0908969559441482,0.874369504727284,0.220641299420096
-59.0963099752077,-37.090729100446,-17.5242282725462,-5.01192842222383,0.281444434977489,0.928336650781442,0.222849030694703
-58.7085784236409,-36.5662748767091,-17.0168362424323,-4.64182200827275,0.470309882081687,0.980262151513988,0.224427367203966
-58.3003544917262,-36.0270047461694,-16.5014436013581,-4.26998635713478,0.657217816898827,1.03007049072606,0.225375187841
-57.8720722408688,-35.4734716247781,-15.9786065277104,-3.89688222206752,0.84190597112813,1.07769511687405,0.225693185545561
-57.424166562209,-34.9062237594841,-15.4488740468491,-3.52295945783054,1.02412577707171,1.12307833324183,0.225383799246822
-56.9570724463788,-34.3258039630269,-14.9127872254733,-3.14865619040701,1.20364276389933,1.16617113048711,0.224451143375661
-56.4712242809806,-33.7327488881627,-14.370878406852,-2.77439805420811,1.38023685762258,1.20693296368606,0.222900934966204
-55.9670551787391,-33.127588345473,-13.8236704932871,-2.40059750430773,1.55370258211106,1.24533147677078,0.220740418381247
-55.4449963395895,-32.5108446691828,-13.2716762820802,-2.02765321034242,1.72384915994477,1.28134217800681,0.21797828773171
-54.9054764501113,-31.8830321354312,-12.7153978608944,-1.65594953755511,1.89050051342913,1.31494807086813,0.214624607111777
-54.3489211236927,-31.2446564372106,-12.1553260677513,-1.2858561191136,2.05349516765346,1.34613924531114,0.210690728833833
-53.7757523846268,-30.5962142197333,-11.5919400200261,-0.917727522344579,2.21268605899891,1.37491243500716,0.206189209915602
-53.1863881990102,-29.9381926793356,-11.0257067157417,-0.551903009949482,2.36794025395261,1.40127054654566,0.201133727141164
-52.5812420548515,-29.2710692282057,-10.4570807092632,-0.188706395666033,2.51913858441503,1.42522216695588,0.195538991083376
-51.9607225932264,-28.5953112262814,-9.88650386221066,0.17155400773397,2.66617520686153,1.44678105610152,0.189420659533692
-51.3252332916665,-27.9113757806418,-9.31440516909289,0.528585351713543,2.80895709370428,1.4659656305787,0.182795250833376
-50.6751722002614,-27.2197096116488,-8.74120065586829,0.882110131473945,2.94740346597528,1.4827984456908,0.175680057635347
-50.0109317302219,-26.5207489840415,-8.16729334841203,1.23186598785964,3.08144517700026,1.4973056818898,0.168093061646898
-49.3328984939251,-25.8149197001744,-7.59307330674771,1.57760543883165,3.21102405705085,1.50951664177266,0.160052849909693
-48.6414531947596,-25.1026371516584,-7.01891771992613,1.91909554845888,3.3360922290533,1.51946326331374,0.151578533165021
-47.936970564444,-24.3843064248494,-6.44519105563126,2.25611754192586,3.45661140530312,1.52717965451763,0.14268966683018
-47.2198193449131,-23.6603224549495,-5.8722452579783,2.58846637537198,3.57255217480801,1.53270165410737,0.133406175077513
-46.4903623113848,-22.9310702229605,-5.3004199865563,2.9159502694657,3.68389329037598,1.53606642223983,0.123748278463109
-45.7489563328297,-22.1969249893724,-4.73004288955615,3.23839021549036,3.79062096390969,1.53731206458212,0.113736425499597
-44.9959524657897,-21.4582525582755,-4.16142990380761,3.55561946239956,3.89272817759237,1.53647729240842,0.103391228509346
-44.231696077323,-20.7154095655646,-3.59488557471875,3.86748299281087,3.99021401778475,1.53360112070294,0.0927334040330308
-43.4565269927909,-19.9687437850294,-3.03070338944028,4.17383699527983,4.0830830375285,1.52872260559764,0.0817837180062296
-42.6707796642487,-19.2185944464045,-2.46916611705287,4.47454833945966,4.17134465259853,1.52188062184593,0.0705629358555936
-41.8747833553382,-18.4652925598479,-1.91054615016381,4.76949405993984,4.25501257509262,1.51311368044686,0.0590917776078129
-41.0688623388026,-17.7091612418182,-1.35510584297455,5.05856085369989,4.33410428761587,1.5024597859971,0.0473908780505761
-40.2533361030404,-16.9505160379094,-0.803097841621281,5.34164459523895,4.40864056023076,1.4899563328656,0.0354807519359246
-39.4285195644643,-16.1896652388399,-0.254765403355188,5.61864987258171,4.47864501151875,1.47564003886236,0.02338176417348
-38.5947232828237,-15.4269101864679,0.289657298094522,5.88948954653117,4.54414371434759,1.45954691470857,0.011114104924137
-37.7522536770747,-14.6625455673994,0.829944882875931,6.15408433476591,4.60516484627099,1.44171226731044,-0.00130223052605058
-36.901413239811,-13.8968596924264,1.36588049227408,6.41236242167625,4.66173838390718,1.42217073458979,-0.0138474572574492
-36.0425007487079,-13.1301347606902,1.89725553339943,6.66425909421055,4.71389584015247,1.40095634942814,-0.0265020117400375
-35.1758114738493,-12.362647108069,2.42386944124362,6.90971640347023,4.76167004268289,1.37810263013063,-0.0392465585708363
-34.3016373802095,-11.5946674398392,2.94552945753101,7.14868285135088,4.80509495187796,1.35364269470797,-0.0520619931216684
-33.4202673249229,-10.826461048139,3.46205042537935,7.3811131011776,4.84420551605602,1.32760939620008,-0.0649294403048321
-32.5319872493019,-10.0582880151696,3.97325459845164,7.60696771102124,4.87903756173514,1.3000354762189,-0.0778302496748461
-31.6370803658404,-9.29040340339183,4.47897146304645,7.82621288820424,4.90962771651414,1.27095373386337,-0.0907459870951209
-30.7358273406686,-8.5230574342174,4.97903757142281,8.0388202633975,4.93601336209551,1.24039720714942,-0.103658423210157
-29.8285064721024,-7.75649565685669,5.4732963845864,8.24476668266662,4.95823261493417,1.20839936409716,-0.116549518977472
-28.9153938660519,-6.99095910906319,5.96159812276749,8.4440340158317,4.97632433198156,1.1749943006211,-0.129401408529582
-27.9967636091244,-6.22668447152572,6.44379962188722,8.63660897954966,4.99032813899246,1.14021694237138,-0.142196379655456
-27.0728879402832,-5.46390421760537,6.91976419442123,8.82248297359439,5.00028447886229,1.10410324767346,-0.154916852213223
-26.1440374218926,-4.70284675999638,7.38936149322676,9.00165192889052,5.00623467745609,1.06669040870579,-0.167545354811595
-25.2104811109188,-3.94373659573384,7.85246737707439,9.17411616593316,5.00822102436947,1.02801704804054,-0.180064500126259
-24.2724867309511,-3.18679445077207,8.30896377681493,9.33988026229108,5.00628686602001,0.988123407650015,-0.192456959249074
-23.3303208455731,-2.43223742513413,8.75873856130186,9.49895292793356,5.00047670840143,0.947051527453569,-0.204705435501615
-22.3842490334566,-1.68027913939449,9.20168540236342,9.65134688713159,4.99083632674002,0.904845410448987,-0.216792638179547
-21.4345360653719,-0.931129883013738,9.63770363827111,9.79707876565917,4.97741287917303,0.861551171443085,-0.228701256729558
-20.4814460831184,-0.184996764804033,10.0666981352725,9.93616898195508,4.96025502142592,0.817217166374344,-0.240413935894688
-19.5252427801848,0.557916134416854,10.488579146834,10.0686416407956,4.93941301930274,0.771894099213055,-0.251913252395517
-18.5661895837501,1.29740760713308,10.9032621702807,10.1945244278842,4.91493885563103,0.725635103440371,-0.263181693742124
-17.6045498374457,2.03327916271895,11.3106678005064,10.3138485035768,4.88688632812741,0.678495795156083,-0.27420163979319
-16.6405869841205,2.76533486976786,11.7107215803718,10.426648393753,4.85531113448651,0.630534294956733,-0.284955347692259
-15.6745647476881,3.49338119772285,12.103353847307,10.5329618756083,4.82027094085646,0.581811215871568,-0.295424940814884
-14.7067473129874,4.21722685842933,12.4884995754928,10.6328298559102,4.78182542976654,0.532389614855107,-0.305592402352355
-13.7373995024728,4.93668264824959,12.8660982128221,10.7262962390278,4.74003632353239,0.482334905622135,-0.315439574135871
-12.7667869484597,5.65156129135313,13.236093511643,10.8134077818464,4.6949673792002,0.431714730983727,-0.324948161267655
-11.7951762595843,6.3616772847411,13.5984333520822,10.8942139325142,4.6466843512211,0.380598793308829,-0.334099743071156
-10.8228351801176,7.06684674546098,13.9530695565343,10.9687666498764,4.59525491828692,0.329058642300672,-0.342875790799833
-9.85003274077261,7.76688726034743,14.2999576937212,11.0371202004353,4.54074857112462,0.277167419942874,-0.35125769245254
-8.87703939969075,8.46161773847741,14.6390568705672,11.09933092976,4.48323645855002,0.224999563234098,-0.359226784933035
-7.90412717236481,9.15085826636636,14.9703295100311,11.1554570054778,4.42279118973072,0.172630466186349,-0.366764393662286
-6.93156974936918,9.83442996576804,15.2937411129996,11.2055581293058,4.35948659140621,0.120136103497605,-0.373851879606576
-5.95964260090511,10.5121548537825,15.6092600023845,11.2496952160646,4.29339741975668,0.0675926193070335,-0.380470693524166
-4.9886230673394,11.1838557048313,15.9168570477053,11.287930038232,4.22459902769079,0.015075885476325,-0.386602437061957
-4.0187904351036,11.8493559139433,16.2165053686747,11.3203248353623,4.15316698951944,-0.0373389651153927,-0.392228930155333
-3.05042599752777,12.5084793607186,16.5081800166534,11.3469418886,4.07917668627028,-0.0895780237580496,-0.397332284004542
-2.08381310040162,13.1610502732992,16.7918576333015,11.3678430615419,4.00270285624469,-0.141569102120545,-0.401894978725389
-1.11923717227518,13.8068930917011,17.0675160863186,11.3830893098254,3.92381911678297,-0.193242231178914,-0.405899944607431
-0.156985739724687,14.4458323299396,17.3351340828335,11.3927401630161,3.84259746453894,-0.244530153858564,-0.409330645766056
0.802651571994815,15.0776924365276,17.5946907617547,11.3968531835938,3.75910776282078,-0.295368801875477,-0.412171164852836
1.759383052308,15.7022976531334,17.8461652672055,11.395483409059,3.67341722567863,-0.345697746975657,-0.414406287397937
2.71291493194983,16.3194718714512,18.0895363060272,11.3886827843455,3.58558990935797,-0.39546061674215,-0.416021584305
3.66295142202444,16.929038488673,18.3247816931937,11.3764995927942,3.49568622244303,-0.444605465386746,-0.417003491007615
4.60919476458699,17.5308202623116,18.5518778898277,11.3589778948645,3.40376246644389,-0.49308509048025,-0.417339381830457
5.55134529384026,18.1246391655415,18.7707995392991,11.3361569844941,3.30987041870078,-0.540857287400349,-0.417017638179017
6.48910150707562,18.7103162446488,18.9815190075855,11.3080708735274,3.21405696926783,-0.587885034375894,-0.41602770930898
7.42216014458512,19.287671480614,19.1840059346651,11.2747478148907,3.11636382288781,-0.634136602353734,-0.414360164597315
8.35021627790933,19.8565236572725,19.378226804151,11.2362098751775,3.01682727628454,-0.679585585470172,-0.412006736447269
9.27296340597203,20.416690238883,19.5641445386562,11.1924725670165,2.91547807980255,-0.724210849623363,-0.40896035320232
10.1900935588712,20.9679872602804,19.7417181284772,11.1435445510286,2.81234139094696,-0.767996398457244,-0.405215161711544
11.101297409333,21.5102292330564,19.9109023010971,11.0894274163538,2.70743682566788,-0.810931157918347,-0.40076653947153
12.0062643921031,22.0432290714233,20.0716472387411,11.0301155476808,2.60077861135009,-0.853008682367637,-0.395611096557804
12.9046828317931,22.5667980415185,20.2238983507684,10.9655960854564,2.49237584346942,-0.894226786957493,-0.389746667841449
13.7962400799608,23.0807457379337,20.3675961070787,10.8958489845578,2.38223284583271,-0.934587112558461,-0.383172296254304
14.6806226624179,23.5848800911715,20.5026759379662,10.8208471751984,2.27034963228784,-0.974094630892463,-0.375888208109456
15.5575164379546,24.0790074095572,20.6290682049887,10.7405568282747,2.15672246583817,-1.01275709865765,-0.367895781695045
16.4266067698144,24.5629324588651,20.7466982464751,10.6549377257792,2.04134450927335,-1.05058447028795,-0.359197510531918
17.2875787113468,25.0364585825584,20.8554865002797,10.5639437353531,1.92420655977756,-1.08758827956458,-0.349796962815153
18.140117207306,25.4993878651074,20.9553487053495,10.4675233865571,1.80529785853151,-1.12378100058635,-0.339698738642916
18.9839073122313,25.9515213403334,21.0461961826152,10.3656205450339,1.68460696510048,-1.15917539862396,-0.328908426672686
19.8186344272577,26.392659246155,21.1279361946639,10.2581751794351,1.56212268540843,-1.19378388115481,-0.317432561835497
20.6439845565459,26.8226013264831,21.2004723826266,10.1451242147893,1.43783504132994,-1.2276178589331,-0.305278585685647
21.4596445843005,27.2411471803352,21.2637052777114,10.0264024649129,1.31173626937478,-1.26068712633507,-0.292454810870084
22.2653025730571,27.6480966575221,21.3175328838469,9.9019436354814,1.18382183557136,-1.29299926947778,-0.278970391072891
23.0606480835794,28.0432502995139,21.3618513269651,9.77168138849244,1.054091453449,-1.3245591097866,-0.26483529763106
23.8453725163051,28.4264098233115,21.3965555655438,9.63555045803123,0.922550091945146,-1.35536818982955,-0.250060303833985
24.619169473831,28.7973786453457,21.4215401561386,9.49348780648532,0.789208960092887,-1.38542430738776,-0.234656977716294
25.3817351434404,29.1559624416072,21.4367000667645,9.34543380962827,0.654086455451164,-1.41472110292878,-0.218637683937774
26.132768698143,29.5019697393687,21.4419315301198,9.19133345829089,0.517209063403763,-1.44324770492516,-0.202015595120731
26.8719727141482,29.8352125350204,21.4371329277912,9.03113756365499,0.378612194656708,-1.47098843683931,-0.184804712789543
27.5990536021192,30.1555069316994,21.4222056957395,8.86480395254467,0.238340948504225,-1.49792258909229,-0.167019897834495
28.3137220489829,30.4626737895757,21.3970552405455,8.69229863846088,0.0964507897085185,-1.52402425895748,-0.148676910206959
29.0156934665074,30.7565393808779,21.3615918551252,8.51359695352969,-0.0469918728390307,-1.54926226106871,-0.129792457350091
29.7046884423219,31.0369360410311,21.3157316219254,8.32868462604375,-0.191909217122005,-1.57360011109808,-0.110384250682643
30.3804331885709,31.3037028066612,21.2593972910141,8.13755878791144,-0.338211659640951,-1.59699608512413,-0.0904710692870722
31.0426599829835,31.5566860307493,21.1925191200495,7.9402288961352,-0.485797638074913,-1.61940335725383,-0.0700728298105027
31.6911075968222,31.7957399649134,21.115035662874,7.73671755247523,-0.634553534604352,-1.64077021815167,-0.049210661471423
32.3255217039922,32.0207272987245,21.0268944935108,7.52706120577377,-0.784353748615762,-1.6610403772316,-0.0279069849789393
32.9456552655626,32.2315196461669,20.9280528526867,7.31131072207306,-0.935060926376141,-1.68015335134362,-0.00618559411703162
33.5512688841147,32.4279979698735,20.8184782047269,7.08953180871023,-1.08652635389467,-1.69804494279316,0.0159282612753905
34.142131122698,32.6100529346537,20.6981486938102,6.86180528005743,-1.23859051756277,-1.71464780942465,0.0384077921866857
34.7180187838015,32.7775851831277,20.5670534901855,6.62822715452608,-1.39108383526826,-1.72989212923185,0.0612245883927001
35.2787171446114,32.9305055279963,20.4251930190442,6.38890857488577,-1.54382755851682,-1.74370636148225,0.0843485386404835
35.8240201459838,33.0687350576355,20.2725790673414,6.14397554685835,-1.69663484366925,-1.75601810561222,0.107747754108091
36.3537305339735,33.1922051542973,20.1092347669325,5.89356849431029,-1.84931198773778,-1.76675505811908,0.131388496085265
36.8676599544509,33.3008574271909,19.935194455914,5.63784163313755,-2.00165982130349,-1.77584606630284,0.155235108707062
37.3656290032615,33.394643566066,19.7505034239541,5.37696217005008,-2.15347524805387,-1.78322227595373,0.179249957467411
37.8474672365023,33.4735251245402,19.5552175515898,5.11110933683097,-2.30455291723175,-1.788818367908,0.20339337415675
38.3130131477681,33.5374732462106,19.349402857828,4.84047327516913,-2.45468701197217,-1.79257387577485,0.227623608823851
38.7621141215528,33.5864683504279,19.1331349747887,4.56525379172573,-2.60367313312055,-1.79443457405449,0.251896789374066
39.1946263743213,33.6204997983552,18.9064985724101,4.28565900757531,-2.75131025470694,-1.79435392231445,0.276166889501951
39.6104148969774,33.6395655634089,18.6695867602276,4.00190393043154,-2.89740272382937,-1.7922945470789,0.300385705831796
40.0093534144179,33.6436719331947,18.422500496756,3.71420898199835,-3.04176227430504,-1.788229738649,0.324502845417782
40.3913243794775,33.6328332724289,18.1653480398659,3.42279851625194,-3.18421002011249,-1.78214493527123,0.348465725144662
40.7562190196694,33.6070718778502,17.8982444735507,3.12789936732982,-3.32457839141481,-1.77403916200671,0.372219585070921
41.1039374555951,33.5664179565965,17.621311347443,2.82973946785306,-3.46271297288351,-1.76392638647317,0.395707518361118
41.4343889095693,33.5109097587235,17.3346764651748,2.52854657980382,-3.59847420122453,-1.75183674853166,0.418870521142884
41.7474920217634,33.440593892301,17.0384738560001,2.22454718038577,-3.7317388763759,-1.73781761623975,0.441647566363851
42.0431752888752,33.3555258456702,16.7328439608476,1.91796554445431,-3.86240143898472,-1.72193441632263,0.46397570646701
42.3213776368878,33.2557707358361,16.4179340590074,1.6090230629588,-3.99037496572814,-1.70427118443125,0.485790210386807
42.582049134814,33.1414042945293,16.0938989548564,1.2979378332087,-4.11559183413215,-1.68493077903253,0.507024740915243
42.8251518504224,33.0125140941872,15.7609019353464,0.984924551488648,-4.23800401013659,-1.66403470343435,0.527611578807997
43.0506608418463,32.8692010050451,15.4191159984154,0.670194731437973,-4.35758291517355,-1.64172248373499,0.547481899997401
43.2585652708237,32.7115808619055,15.0687253401645,0.353957262550828,-4.4743188354026,-1.61815055693376,0.566566111853211
43.4488696143506,32.5397863053226,14.7099270747958,0.036419312098487,-4.58821984438206,-1.593490633505,0.58479425349218
43.6215949420902,32.3539687474013,14.3429331463543,-0.282212439222536,-4.6993102221649,-1.56792751273452,0.602096463610877
43.7767802174693,32.1543003978988,13.9679723758294,-0.601730252329117,-4.80762836874255,-1.54165634713858,0.618403517162062
43.9144835715952,31.9409762726949,13.5852925719455,-0.921923515915704,-4.91322422783816,-1.51487937411471,0.633647429417474
44.0347834916619,31.714216095015,13.1951626199685,-1.2425767208743,-5.01615625788057,-1.48780215801847,0.647762122620407
44.1377798601359,31.4742659911829,12.7978744511931,-1.56346729658448,-5.11648800981901,-1.46062941310056,0.660684146658006
44.2235947784997,31.2213998782851,12.3937447876501,-1.88436339787279,-5.21428439513072,-1.43356050571363,0.672353441173235
44.2923731103501,30.9559204419891,11.9831165531402,-2.20502174408383,-5.30960775042731,-1.4067847610549,0.682714122552734
44.344282683726,30.6781596096621,11.5663598439872,-2.52518562049713,-5.4025138257004,-1.38047672330638,0.69171527558244
44.3795141019023,30.3884784372865,11.1438723615857,-2.84458315603537,-5.49304783953092,-1.35479153611196,0.699311726597291
44.3982801254416,30.0872663483781,10.716079224189,-3.16292598882392,-5.58124075463148,-1.32986062074497,0.705464772996035
44.4008146055105,29.7749396884605,10.2834320971096,-3.47990842206162,-5.66710592928006,-1.30578783030078,0.710142843331816
44.3873709684467,29.4519395883719,9.84640760770829,-3.79520715672461,-5.75063629340763,-1.28264624865834,0.713322063021116
44.3582202730103,29.1187291618937,9.40550504269357,-4.1084816653573,-5.83180218190484,-1.26047578250529,0.714986703113629
44.3136488831291,28.7757900956686,8.9612433583409,-4.41937524371084,-5.91054993251541,-1.23928166410712,0.715129493465526
44.2539558186225,28.4236187196803,8.51415756694915,-4.72751674595218,-5.98680132277082,-1.21903394341393,0.713751786841182
44.1794498627604,28.0627216723348,8.06479459275404,-5.03252297666911,-6.06045388185852,-1.19966800310872,0.710863566582879
44.0904465173042,27.6936112934287,7.61370871541602,-5.33400168122175,-6.13138207178102,-1.18108608251638,0.706483297083647
43.9872649019459,27.316800889578,7.16145673729457,-5.63155504738991,-6.19943929065774,-1.16315974942126,0.700637622874964
43.8702246954619,26.9328000193536,6.70859302088479,-5.92478360768519,-6.26446061254744,-1.1457332162047,0.693360928204854
43.7396432105839,26.5421099395772,6.2556645446313,-6.21329041460935,-6.32626614541022,-1.12862736128581,0.684694774102264
43.5958326842625,26.1452193408674,5.80320611922111,-6.49668535138608,-6.38466486387193,-1.11164429084206,0.674687233778386
43.4390978507801,25.7426004811413,5.35173589343896,-6.77458943845049,-6.43945875760948,-1.09457226047135,0.663392149620627
43.2697338484044,25.3347058022998,4.90175126028361,-7.04663900080246,-6.49044712990227,-1.07719077209796,0.650868335953523
43.0880244924715,24.9219650898591,4.45372525212489,-7.31248957225855,-6.53743088382982,-1.05927566734234,0.637178751273688
42.8942409302945,24.5047832098504,4.00810349009518,-7.57181942837586,-6.58021664469819,-1.0406040533329,0.622389662024194
42.688640677334,24.0835384336215,3.5653017293833,-7.82433265890254,-6.61862058499982,-1.02095891856416,0.606569817443344
42.4714670204852,23.6585813405408,3.12570402003893,-8.06976171157568,-6.65247184073487,-1.00013332267384,0.589789651922905
42.2429487636807,23.2302342718326,2.6896614833076,-8.30786936061764,-6.6816154333549,-0.977934072675423,0.57212052795658
42.0033002834475,22.7987912961777,2.25749168697849,-8.53845007428794,-6.70591463814638,-0.95418482719139,0.553634029430119
41.752721857481,22.3645186391883,1.8294785899241,-8.76133077550767,-6.72525276600274,-0.928728597867249,0.534401311922914
41.4914002273521,21.9276555239556,1.40587301580621,-8.97637100733632,-6.73953434999504,-0.901429642103632,0.514492514012088
41.2195093566341,21.4884153679245,0.986893608458951,-9.18346253062665,-6.74868575003273,-0.872174762650386,0.493976231380546
40.9372113474707,21.0469872816115,0.572728216264135,-9.38252839437382,-6.75265520761447,-0.840874046995705,0.472919053854241
40.644657481312,20.6035378164135,0.163535649413573,-9.57352153009111,-6.75141239789115,-0.807461092732301,0.451385164304688
40.3419893527356,20.1582129112869,-0.240552248140971,-9.75642293004404,-6.74494753791089,-0.77189277434045,0.429435997587913
40.0293400685172,19.7111399909185,-0.639428271354696,-9.93123947543394,-6.73327011807288,-0.73414861243579,0.407129957266207
39.706835487146,19.2624301707965,-1.03300733101652,-10.0980014847319,-6.71640732868714,-0.694229808948574,0.384522187681805
39.3745954766179,18.812180527155,-1.42122379424888,-10.2567600544047,-6.69440225540682,-0.652158011452365,0.361664398932454
39.0327351705284,18.3604763920804,-1.80402874689285,-10.4075842643262,-6.66731191650223,-0.607973867475996,0.338604742358805
38.681366204266,17.9073936361993,-2.1813872343478,-10.5505583183187,-6.63520521184516,-0.561735425624472,0.315387734230078
38.3205979145796,17.4530009034985,-2.55327553484706,-10.6857786866348,-6.59816084844614,-0.513516435171594,0.292054225362858
37.9505384870821,16.9973617651107,-2.91967851562705,-10.8133513119239,-6.55626530081796,-0.463404589881838,0.268641414401704
37.5712960375248,16.5405367615444,-3.28058711792823,-10.9333889335268,-6.50961085670929,-0.411499755526337,0.245182902419222
37.1829796140541,16.082585305963,-3.63599601125835,-11.0460085770596,-6.45829379023152,-0.357912214169065,0.221708786360378
36.785700109255,15.6235674248238,-3.98590145093027,-11.1513292474868,-6.40241269545097,-0.302760952050462,0.198245788673786
36.3795710726562,15.163545316468,-4.33029936571622,-11.2494698545699,-6.34206700447176,-0.246172011968259,0.174817420259767
35.9647094165458,14.7025847130621,-4.66918369475052,-11.3405473900767,-6.27735570519605,-0.188276925579981,0.151444173642571
35.5412360103799,14.2407560364968,-5.00254498484161,-11.4246753667977,-6.20837626559037,-0.129211236120352,0.128143743062679
35.1092761617158,13.7781353442681,-5.33036925142202,-11.501962520578,-6.13522376363148,-0.0691131176886411,0.104931268003015
34.6689599843446,13.3148050668006,-5.65263709877463,-11.5725117685425,-6.05799021533634,-0.00812209353886476,0.0818195965243984
34.2204226570376,12.8508545428805,-5.96932308822412,-11.636419409707,-5.97676408752431,0.0536221473079508,0.0588195647004402
33.7638045789173,12.3863803646462,-6.28039533692463,-11.6937745484278,-5.89162997729991,0.115980838339038,0.0359402884153948
33.2992514297989,11.9214865477135,-6.58581532492067,-11.7446587167487,-5.80266843671692,0.178817133905493,0.0131894638205748
32.8269141458219,11.4562845453541,-6.88553788444185,-11.7891456687235,-5.70995591868107,0.241997024336076,-0.00942632716692648
32.3469488221933,10.9908931280595,-7.17951134300373,-11.8273013181913,-5.61356481883231,0.305390175524218,-0.0319013098016979
31.8595165558608,10.5254381512546,-7.46767779082537,-11.8591837912023,-5.51356358784577,0.368870701342042,-0.05423021118236
31.3647832413702,10.0600522343559,-7.74997344329848,-11.8848435652059,-5.41001688921604,0.432317877521564,-0.0764079597452949
30.8629193330466,9.59487437382729,-8.02632907064635,-11.9043236690698,-5.30298577903732,0.495616805614824,-0.0984293924307678
30.3540995859869,9.13004951145395,-8.2966704693479,-11.9176599208263,-5.19252788645119,0.558659035332574,-0.12028897212355
29.8385027872276,8.66572807683917,-8.56091895320105,-11.9248811835492,-5.07869757619146,0.621343152986632,-0.141980517716508
29.3163114868998,8.20206552026297,-8.81899184586221,-11.9260096237678,-4.96154607789809,0.683575342938268,-0.163496948895268
28.7877117373075,7.73922184868355,-9.07080296113032,-11.9210609611482,-4.84112157049385,0.745269927890989,-0.184830047502177
28.2528928457435,7.27736117397309,-9.31626306193745,-11.9100447026385,-4.71746921381361,0.806349892564003,-0.205970237114197
27.712047144583,6.81665127861392,-9.555280293783,-11.8929643587526,-4.59063112375235,0.866747393743602,-0.22690638226696
27.1653697798696,6.35726320020418,-9.78776059302094,-11.8698176440018,-4.46064629136028,0.92640425793646,-0.247625608579854
26.613058517318,5.89937083237484,-10.0136080748261,-11.8405966675794,-4.32755045047468,0.985272465849087,-0.268113144887159
26.0553135624823,5.44315053623639,-10.2327254096808,-11.8052881241424,-4.1913759025502,1.04331462070611,-0.28835218835956
25.492337389861,4.98878075337721,-10.4450142007152,-11.7638734978309,-4.05215131124327,1.10050439502514,-0.308323793508784
24.9243345739973,4.53644160883334,-10.6503753770897,-11.7163292954362,-3.90990148293191,1.15682694792712,-0.3280067859044
24.3515116142349,4.08631449042931,-10.8487096207348,-11.6626273267906,-3.76464715261164,1.21227930243819,-0.347377701392884
23.7740767437802,3.6385815895464,-11.039917845068,-11.6027350519244,-3.61640479740046,1.26687066960894,-0.366410751589804
23.1922397131168,3.19342538776684,-11.2239017447261,-11.5366160152516,-3.46518650210376,1.32062270373644,-0.385077816409345
22.6062115376858,2.7510280740398,-11.4005644348042,-11.4642303869173,-3.3109999028188,1.37356967064328,-0.40334846439169
22.0162042000869,2.311570878053,-11.5698111965529,-11.3855356304129,-3.15384823528826,1.42575850898146,-0.421190001576132
21.4224302979162,1.87523330741761,-11.7315503438942,-11.3004873135693,-2.99373051452624,1.47724876304252,-0.438567549632116
20.825102629733,1.44219227907476,-11.8856942214967,-11.2090400770391,-2.83064187103974,1.52811236473283,-0.455444153885823
20.2244337135359,1.01262113900741,-12.0321603405034,-11.1111487703632,-2.66457406666328,1.57843324238465,-0.471780921749417
19.6206352345273,0.586688568834719,-12.1708726524175,-11.006769760702,-2.49551620955341,1.62830673508332,-0.487537191857
19.0139174217882,0.164557383084444,-12.3017629552346,-10.8958624133715,-2.32345568322955,1.67783879334502,-0.502670733920433
18.4044883567273,-0.253616773255376,-12.4247724188414,-10.778390736581,-2.14837929871877,1.72714495039279,-0.517137978927591
17.7925532197062,-0.667686811100924,-12.5398532092344,-10.6543251754199,-1.97027467194736,1.7763490530181,-0.530894278808999
17.1783134849594,-1.07751564539662,-12.6469701835445,-10.5236445324351,-1.78913182067093,1.82558174708285,-0.543894194097232
16.5619660776603,-1.48297767664253,-12.7461026205686,-10.3863379844183,-1.60494496667481,1.87497872003459,-0.556091807407483
15.9437025105563,-1.88396027176121,-12.8372459449256,-10.242407157661,-1.41771452000671,1.92467871120697,-0.567441059798799
15.3237080208062,-2.28036520540088,-12.9204133975202,-10.0918682173781,-1.22744921300298,1.97482130988645,-0.577896106266815
14.7021607302816,-2.6721100191831,-12.9956376011835,-9.93475392170103,-1.03416834327141,2.02554457077545,-0.587411685814845
14.0792308544221,-3.05912925443435,-13.0629719685819,-9.77111558704138,-0.837904077073706,2.07698248611124,-0.595943500805145
13.4550799855864,-3.44137551389559,-13.1224919001015,-9.60102491014014,-0.638703758193132,2.12926236277602,-0.60344859966703
12.8298604765417,-3.81882031002221,-13.1742957226731,-9.42457559304196,-0.436632162840436,2.18250216068503,-0.609885756596505
12.2037149481883,-4.191454661878,-13.2185053264946,-9.24188472077143,-0.231773638835376,2.23680785499502,-0.615215841682956
11.5767759428019,-4.55928940925552,-13.2552664652416,-9.05309384765019,-0.0242340674887926,2.29227088870856,-0.619402174992707
10.949165740056,-4.92235522132266,-13.2847486963458,-8.85836975682553,0.185857410554164,2.34896578363286,-0.622410858560954
10.3209963479803,-5.28070228746505,-13.3071449507924,-8.65790486832574,0.398346958791752,2.40694797609891,-0.624211081005537
9.69236967510313,-5.63439968951683,-13.3226707359528,-8.45191728327034,0.613054943081945,2.46625193925177,-0.624775390565016
9.06337788358268,-5.98353446664949,-13.3315629894486,-8.24065046505394,0.829775200130611,2.5268896461841,-0.624079933738632
8.43410391654617,-6.32821039608177,-13.3340786160352,-8.02437257158729,1.04827470042814,2.58884941800816,-0.622104658299108
7.80462218652215,-6.66854652375181,-13.3304927521044,-7.80337546517331,1.26829361764606,2.65209518864279,-0.618833481169496
7.17499940614311,-7.00467548845921,-13.3210968128126,-7.57797343750669,1.48954580425168,2.71656620428591,-0.614254423393757
6.54529553757576,-7.33674169013523,-13.3061963843371,-7.34850169589612,1.71171966147712,2.78217716100285,-0.608359716069877
5.91556483368585,-7.66489935738055,-13.2861090278616,-7.1153146625742,1.93447938143693,2.84881876938456,-0.601145882536711
5.28585694193726,-7.98931057097478,-13.2611620623437,-6.8787841415465,2.1574665306503,2.91635872158151,-0.592613803204144
4.65621804155931,-8.31014329864692,-13.2316903899317,-6.63929740675766,2.38030193783471,2.98464302388089,-0.582768770101589
4.02669198553604,-8.62756949218538,-13.1980344213616,-6.39725526158374,2.60258784475081,3.0534976479006,-0.571620538429127
3.39732142134473,-8.94176329131258,-13.160538149282,-6.15307011320421,2.82391027703332,3.12273044579058,-0.559183382095468
2.76814886786389,-9.25289937017613,-13.1195474059406,-5.90716409686344,3.04384159209734,3.19213326973339,-0.54547615941629
2.13921773016561,-9.56115145246557,-13.075408328846,-5.65996727515083,3.26194316296457,3.26148423351574,-0.530522393856076
1.51057323867219,-9.86669101074194,-13.0284660448023,-5.4119159270326,3.4777681597098,3.33055005383497,-0.514350372986164
0.882263304023193,-10.1696861552791,-12.9790635699787,-5.16345093128787,3.69086439364605,3.39908841101941,-0.496993266786076
0.254339283637054,-10.4703007082185,-12.9275409122598,-4.91501624001095,3.9007771928241,3.4668502726141,-0.47848926413881
-0.373143339939288,-10.7686934506943,-12.8742343526852,-4.66705743057134,4.10705228049132,3.53358212841399,-0.458881723982024
-1.00012436542909,-11.0650175242162,-12.8194758758549,-4.42002031934036,4.30923863052725,3.59902809163149,-0.438219335201905
-1.62653835802806,-11.3594199632599,-12.7635927150109,-4.1743496178204,4.50689127542694,3.66293182762642,-0.416556277122815
-2.25231420590589,-11.6520413337879,-12.706906976152,-3.93048761153474,4.69957404319471,3.72503827874208,-0.39395237047654
-2.87737473980784,-11.9430154521688,-12.649735306779,-3.68887284387111,4.88686219978843,3.7850951611052,-0.370473207143014
-3.5016364075858,-12.2324691603927,-12.5923885782403,-3.44993879050442,5.06834497392304,3.84285421667157,-0.346190245835837
-4.12500899600616,-12.5205221361126,-12.5351715554853,-3.21411251433433,5.24362794161451,3.89807221131759,-0.321180860335157
-4.74739539291284,-12.8072867192925,-12.478382533505,-2.98181329521114,5.41233524937336,3.95051167742557,-0.295528326894969
-5.36869138347799,-13.092867740462,-12.4223129249517,-2.75345123220707,5.57411165793648,3.99994140723997,-0.269321738088506
-5.98878547454953,-13.3773623381135,-12.3672467874681,-2.52942581799529,5.72862439321764,4.04613671131506,-0.242655831588632
-6.60755874079604,-13.6608597540728,-12.3134602813933,-2.31012448441706,5.87556479787751,4.08887946460833,-0.215630724162747
-7.22488468531704,-13.9434410953459,-12.2612210481984,-2.09592111523128,6.01464978538435,4.12795797108121,-0.188351543417777
-7.84062910563839,-14.2251790488483,-12.2107874971074,-1.88717451647084,6.1456231081205,4.16316668581842,-0.160927952462754
-8.45464995370297,-14.5061375317308,-12.1624079821103,-1.68422682734294,6.26825646111957,4.19430584130854,-0.133473565553331
-9.06679717591613,-14.7863712552348,-12.1163198447408,-1.48740184628151,6.38235045222525,4.22118103115737,-0.106105255830914
-9.67691251695688,-15.0659251749466,-12.0727482907147,-1.29700323905088,6.48773547650582,4.24360280955119,-0.0789423593634284
-10.2848292694809,-15.344833796071,-12.031905062361,-1.11331259047452,6.58427253626711,4.26138636761299,-0.0521057827461313
-10.8903719515988,-15.6231203001113,-11.9939868654375,-0.936587260246165,6.67185404678009,4.27435134777562,-0.0257170244627586
-11.4933558956664,-15.9007954603735,-11.9591735101239,-0.767058008031606,6.75040466103548,4.28232185388896,0.000102877005093149
-12.0935867358766,-16.1778563190148,-11.9276257331822,-0.604926364885078,6.81988213417272,4.28512670761348,0.025234452726127
-12.6908597885994,-16.4542846086403,-11.8994826823802,-0.4503617473858,6.88027823009562,4.28259999060399,0.0495609525262572
-13.2849593282984,-16.7300449168571,-11.8748590654994,-0.303498337430829,6.93161965033022,4.27458189724859,0.072969513679336
-13.8756577727559,-17.0050826122522,-11.8538419938662,-0.164431782874423,6.97396894026355,4.26091990484953,0.0953523270062329
-14.4627148035322,-17.279321573826,-11.8364875827125,-0.0332158097652338,7.00742530296938,4.24147024803414,0.116607776760394
-15.0458764600933,-17.5526617912025,-11.8228174052565,0.0901411274447057,7.03212522867487,4.21609966311406,0.136641529600409
-15.6248742576482,-17.8249769276973,-11.8128149309842,0.205678999429437,7.04824283138555,4.18468734757734,0.155367547487304
-16.1994243882207,-18.0961119600217,-11.8064221076749,0.313488976632968,7.05598977578569,4.14712706152914,0.17270899965938
-16.7692270706457,-18.3658810245312,-11.8035362677408,0.413715629167368,7.05561467913352,4.10332928330101,0.188599050086596
-17.3339661171197,-18.6340656083369,-11.804007549471,0.506558356618203,7.04740188538173,4.05322332202431,0.202981499109312
-17.893308781063,-18.9004132227288,-11.807637020699,0.59227186809183,7.03166953195154,3.996759286739,0.215811261374803
-18.4469059432812,-19.1646366855679,-11.8141756754335,0.671165563566645,7.00876686205465,3.93390981509569,0.227054666658967
-18.9943926811319,-19.4264141188858,-11.8233244436741,0.743601711681765,6.97907077471119,3.8646714748196,0.236689575551886
-19.5353892494807,-19.6853897392139,-11.834735312952,0.809992373346137,6.94298164735555,3.78906576712923,0.244705308039909
-20.0695024839071,-19.9411754833194,-11.8480136102665,0.870795080697434,6.90091850842556,3.70713968197838,0.251102389389765
-20.5963276173679,-20.1933534738134,-11.8627214390204,0.926507342084441,6.85331367587235,3.61896577862464,0.255892124031412
-21.1154504828801,-20.4414792906048,-11.8783822116517,0.977660100941957,6.80060700882471,3.52464178969579,0.25909601393191
-21.6264500581527,-20.6850859783387,-11.8944861691073,1.02481032525347,6.74323994121804,3.42428977067819,0.260745042871485
-22.1289012946228,-20.9236886893842,-11.9104967366878,1.06853294132546,6.68164947662698,3.31805483782347,0.260878851769872
-22.6223781637759,-21.1567898384722,-11.9258575347088,1.10941234872088,6.61626232254157,3.20610355446233,0.259544832568295
-23.1064568483097,-21.3838846298513,-11.9399998432871,1.14803376174221,6.54748933070108,3.08862203770175,0.256797169076708
-23.5807190044857,-21.6044668109993,-11.9523503135725,1.18497461751894,6.47572038954756,2.96581386407018,0.252695852698078
-24.0447550244903,-21.8180345079852,-11.9623387220077,1.22079627337061,6.40131988769842,2.83789785397667,0.247305699201569
-24.4981672330239,-22.024096005321,-11.9694055779541,1.25603618932762,6.32462283618397,2.70510581140849,0.240695389975957
-24.9405729597984,-22.2221753460222,-11.9730094159657,1.29120075854556,6.24593170467119,2.56768028797151,0.232936557744143
-25.371607438229,-22.4118176438612,-11.9726336295919,1.3267589119438,6.16551399535398,2.42587243022606,0.224102932863873
-25.7909264895101,-22.5925940177406,-11.9677927313698,1.36313658656259,6.08360054955535,2.27993995739657,0.214269562367547
-26.1982089597677,-22.7641060762301,-11.9580379514666,1.40071211220115,6.00038455773219,2.1301453039886,0.20351211005433
-26.5931588855709,-22.9259898974094,-11.9429621135234,1.43981253959405,5.91602122431599,1.97675394955107,0.1919062424353
-26.9755073694611,-23.0779194644274,-11.9222037494548,1.48071090677292,5.83062802495415,1.82003294650594,0.179527102280468
-27.3450141522082,-23.2196095301656,-11.8954504345891,1.52362441881706,5.74428548509339,1.660249647154,0.166448868998669
-27.7014688722998,-23.3508178949941,-11.8624413404237,1.56871349987167,5.65703840499245,1.49767062297267,0.152744403117655
-28.0446920059018,-23.4713470899854,-11.8229690145856,1.61608166468962,5.56889745647413,1.33256076327949,0.138484970698956
-28.3745354824906,-23.5810454644739,-11.7768804068037,1.66577614935547,5.47984108021943,1.16518253622569,0.123740042565666
-28.6908829728644,-23.679807682007,-11.7240771664318,1.71778923649377,5.38981761833728,0.995795392768556,0.108577162666565
-28.9936498476282,-23.7675746330162,-11.6645152419877,1.77206020834464,5.29874762452193,0.82465529353268,0.0930618796632855
-29.2827828057968,-23.8443327764584,-11.5982038169323,1.82847786087756,5.20652630262896,0.652014339041059,0.0772577358239605
-29.5582591751275,-23.9101129266197,-11.525203619065,1.88688351300711,5.11302603336885,0.478120485388961,0.0612263074584458
-29.8200858882987,-23.9649885055292,-11.4456246438453,1.94707444652824,5.01809895755961,0.303217329755857,0.0450272913682299
-30.0682981422064,-24.0090732861647,-11.3596233349413,2.00880771430807,4.92157959264079,0.127543952923765,0.0287186320526597
-30.3029577513955,-24.0425186568324,-11.2673992684198,2.07180425642995,4.82328746668335,-0.048665191058388,0.0123566846694331
-30.5241512109116,-24.0655104426942,-11.1691913902005,2.13575326635094,4.72302976076922,-0.225180344985244,-0.00400359103848433
-30.7319874884765,-24.0782653261573,-11.0652738595219,2.20031675177597,4.62060395627231,-0.401776482585251,-0.020308410483782
-30.9265955706304,-24.0810269134644,-10.955951553988,2.26513423797167,4.51580048820871,-0.578233308463787,-0.0365049221941095
-31.1081217921391,-24.0740615000092,-10.8415552940142,2.32982756473552,4.40840540942837,-0.754335223950086,-0.0525409485284824
-31.2767269822584,-24.0576535913267,-10.7224368459209,2.39400573228303,4.29820307300609,-0.929871257671978,-0.068364713746798
-31.4325834651742,-24.0321012401059,-10.5989637633469,2.45726975590255,4.18497884176795,-1.10463495910599,-0.083924564149266
-31.5758719549111,-23.9977112617292,-10.4715141259538,2.51921749429051,4.06852183447344,-1.27842425343704,-0.0991686851802557
-31.7067783870803,-23.9547943916417,-10.3404712325647,2.57944842184201,3.9486277177664,-1.4510412567935,-0.114044820619225
-31.8254907309602,-23.9036604472879,-10.2062183030301,2.63756832059302,3.8251015516038,-1.62229205224458,-0.128499999254586
-31.9321958255593,-23.8446135555029,-10.0691332394471,2.69319387266718,3.69776069345992,-1.79198642877173,-0.142480274750176
-32.0270762825655,-23.7779475033014,-9.92958349316921,2.74595713862557,3.56643776317418,-1.95993758763784,-0.155930484764621
-32.1103074975508,-23.7039412662266,-9.78792107969388,2.79550991067607,3.43098366586245,-2.12596182303956,-0.168794035767076
-32.1820548086055,-23.622854764087,-9.64447777936621,2.84152793194153,3.29127066486753,-2.28987818647695,-0.181012720402103
-32.2424708389187,-23.5349248893505,-9.49956055826147,2.88371497362183,3.14719549034041,-2.45150814674128,-0.192526574681621
-32.2916930568203,-23.4403618489407,-9.35344724089147,2.92180676074474,2.99868246182704,-2.61067525962385,-0.203273782706157
-32.3298415836259,-23.3393458559317,-9.20638246473403,2.95557473421384,2.84568659535797,-2.76720486320872,-0.213190637016281
-32.3570172763503,-23.2320242037764,-9.05857394607136,2.98482963213239,2.68819665724823,-2.92092381575543,-0.222211563012689
-32.3733001090242,-23.1185087522802,-8.9101890871847,3.00942486714922,2.52623811844556,-3.07166029355084,-0.230269216113426
-32.3787478729476,-22.9988738514328,-8.76135195633996,3.0292596692668,2.35987595524083,-3.21924366557684,-0.237294660380245
-32.3733952126537,-22.8731547262587,-8.61214067384468,3.0442819557396,2.18921723498213,-3.36350446030842,-0.243217637173668
-32.3572530105361,-22.7413463427405,-8.46258523924197,3.05449088208682,2.01441341968734,-3.50427443737402,-0.247966931909886
-32.3303081288543,-22.6034027712822,-8.31266583583677,3.05993902165128,1.83566231674411,-3.64138677318489,-0.251470846110178
-32.2925235130506,-22.4592370597415,-8.16231164858612,3.06073411640487,1.65320960482493,-3.77467636505868,-0.253657780575757
-32.2438386548982,-22.3087216225085,-8.01140022934309,3.05704033963944,1.46734986526813,-3.90398025299009,-0.25445693361904
-32.1841704079292,-22.1516891452358,-7.85975743903958,3.04907901249102,1.27842705487761,-4.02913815232781,-0.253799115788186
-32.1134141409921,-21.98793399665,-7.70715798937093,3.03712872139314,1.08683436554706,-4.14999308456729,-0.251617679418001
-32.0314452088732,-21.8172141296311,-7.55332659692262,3.02152479270621,0.893013429181876,-4.26639208773108,-0.247849557650536
-31.9381207121201,-21.6392534439175,-7.39793975083784,3.00265809367077,0.697452842565678,-4.3781869829289,-0.242436403365209
-31.8332815120181,-21.4537445731492,-7.24062808181821,2.98097314477908,0.500686005178272,-4.48523517026493,-0.235325813867105
-31.7167544617851,-21.2603520504608,-7.08097930661005,2.95696554645806,0.303288282200574,-4.58740042588619,-0.226472622382007
-31.588354812061,-21.058715800554,-6.91854170954434,2.93117874101627,0.105873523398279,-4.68455367317095,-0.215840232623514
-31.4478887483503,-20.8484549032054,-6.75282811272999,2.90420014723189,-0.0909100155569642,-4.77657370522037,-0.203401968190871
-31.295156020578,-20.6291715743182,-6.5833202805887,2.87665671780952,-0.286384291262817,-4.86334784308512,-0.189142404600937
-31.1299526305133,-20.4004553163906,-6.40947370371222,2.84920997747724,-0.479846566495923,-4.94477252436289,-0.173058648622835
-30.9520735511812,-20.1618872004959,-6.23072271203476,2.82255060055618,-0.670574917043186,-5.02075382939439,-0.155161527508256
-30.7613154628274,-19.9130442557228,-6.04648587775942,2.79739258108441,-0.857834096183688,-5.09120796631792,-0.135476649883515
-30.5574795013095,-19.653503957897,-5.85617168306127,2.77446703680384,-1.04088171455382,-5.15606175038012,-0.114045300616327
-30.3403740254446,-19.3828488250591,-5.6591844440643,2.7545156724995,-1.21897470934564,-5.21525312550972,-0.0909251339453537
-30.1098174181185,-19.1006711398975,-5.45493049787647,2.73828391142128,-1.39137609299137,-5.26873178543784,-0.0661906325499173
-29.8656409401704,-18.8065778263596,-5.24282467002534,2.72651368973301,-1.55736198381215,-5.3164599558131,-0.0399333049679171
-29.6076916548911,-18.5001955065613,-5.02229704199404,2.71993590231915,-1.71622892559567,-5.35841339627723,-0.0122615997219319
-29.3358354336604,-18.1811757532862,-4.79280002987427,2.71926249265468,-1.86730149630805,-5.39458267127909,0.0166994784688487
-29.0499600399249,-17.8492005324468,-4.55381576387706,2.72517819748263,-2.00994018597582,-5.42497472013947,0.0468090571161112
-28.7499782704034,-17.503987800005,-4.30486372475939,2.73833198963117,-2.14354948985783,-5.44961473099444,0.0779113871976717
-28.4358311110234,-17.1452971816509,-4.04550854931967,2.7593283080585,-2.26758611721778,-5.46854829110231,0.109837126415388
-28.107490843275,-16.7729356250201,-3.77536786715792,2.78871821935219,-2.38156716239107,-5.48184374981034,0.142404894660655
-27.7649640173503,-16.3867628781519,-3.49411998056619,2.82699071353189,-2.48507802938359,-5.48959469315551,0.17542307315148
-27.4082941944595,-15.9866966192178,-3.20151115524216,2.87456439174991,-2.57777985109743,-5.49192239397289,0.208691810740572
-27.0375643543585,-15.5727170456244,-2.89736225793841,2.93177984651939,-2.65941610681358,-5.48897807197103,0.242005194171903
-26.6528988666603,-15.1448707284386,-2.58157446348986,2.99889305930681,-2.72981812325792,-5.48094477772368,0.27515353406472
-26.2544649360398,-14.703273551893,-2.25413376130754,3.07607014036944,-2.78890915003595,-5.46803870554524,0.307925715542642
-25.842473450801,-14.2481125866582,-1.91511402125308,3.16338370896826,-2.83670673141694,-5.45050974452279,0.340111561977576
-25.4171791892383,-13.7796467868372,-1.56467842902723,3.26081115902362,-2.87332315239945,-5.42864109528765,0.371504162360485
-24.9788803659081,-13.2982064500575,-1.20307916764903,3.36823497948547,-2.89896381389401,-5.40274781205151,0.401902117178603
-24.5279175272433,-12.8041914326434,-0.830655298380901,3.48544520628143,-2.91392348366224,-5.37317417360094,0.431111663960226
-24.0646718301706,-12.2980681627859,-0.447828874893073,3.61214398145268,-2.91858046893771,-5.34028984105577,0.458948651220116
-23.5895627565666,-11.7803655397996,-0.0550994020272086,3.74795209332179,-2.91338885562889,-5.30448482128975,0.485240337639752
-23.1030453295756,-11.251669844226,0.346963180308159,3.89241727709232,-2.89886905046083,-5.26616331955857,0.509827001150164
-22.605606905146,-10.7126188104853,0.757726750800035,4.04502397466618,-2.87559694042003,-5.22573662938307,0.532563349430683
-22.0977636147075,-10.1638950312832,1.17650621847222,4.20520419032404,-2.84419204418798,-5.18361526829209,0.553319728654828
-21.5800565343299,-9.60621887236002,1.60257338609868,4.37234903791847,-2.80530507039663,-5.14020062087851,0.571983130820281
-21.0530476538363,-9.04034107938612,2.03516714654369,4.54582055618455,-2.75960531660282,-5.09587639218992,0.588458001698882
-20.5173157177616,-8.46703525776239,2.47350369416727,4.72496337103018,-2.70776834117789,-5.05100020155661,0.602666851616996
-19.9734520097935,-7.88709040225281,2.9167864459067,4.90911580552936,-2.65046431904084,-5.00589565693701,0.614550670427947
-19.422056153695,-7.30130364746235,3.36421538916391,5.0976200774514,-2.58834745311127,-4.96084524097812,0.624069146796071
-18.8637320061645,-6.71047340203578,3.81499560495966,5.28983127780644,-2.52204675873231,-4.91608431162838,0.631200690924591
-18.2990837195437,-6.1153930183028,4.26834475394766,5.48512488911059,-2.45215847071717,-4.8717964730705,0.635942259685411
-17.7287120532155,-5.5168451337868,4.72349935889301,5.68290267570686,-2.37924024515801,-4.82811050925259,0.638308984127261
-17.1532110104494,-4.91559680045526,5.17971976900926,5.88259685712568,-2.30380724425462,-4.78509899617995,0.638333601693784
-16.5731648711203,-4.31239549122654,5.63629374759102,6.08367255547196,-2.22633010623012,-4.74277862545543,0.636065699070564
-15.9891456795149,-3.70796604122775,6.09253868261069,6.28562858536185,-2.14723471834147,-4.70111218625348,0.631570776075247
-15.4017112304353,-3.10300854471672,6.54780247773385,6.487996726123,-2.06690363363816,-4.66001207218797,0.624929145926779
-14.8114035768516,-2.49819718938285,7.00146323553663,6.69033967717838,-1.98567890582388,-4.61934510922969,0.616234692026654
-14.2187480598954,-1.89417997050623,7.45292789246006,6.89224794562424,-1.90386606505787,-4.57893844579191,0.605593505525201
-13.6242528389084,-1.29157919106623,7.90163000332914,7.0933359476727,-1.82173892350866,-4.538586209687,0.593122430997158
-13.028408877532,-0.690992623092915,8.34702689983905,7.29323762159815,-1.73954488436509,-4.49805662042785,0.578947549235856
-12.4316903233019,-0.0929951826409159,8.7885964608623,7.49160184901105,-1.6575104318045,-4.45709924901866,0.563202626396669
-11.8345552043057,0.501859042773785,9.22583373241716,7.68808796475855,-1.57584650070594,-4.41545213898563,0.546027557553178
-11.2374463580503,1.09303457902144,9.65824762237206,7.88236160563306,-1.49475346105344,-4.37284853865467,0.527566830389559
-10.64079250502,1.6800123212432,10.0853578711027,8.07409110725149,-1.41442549948118,-4.32902304145876,0.507968031548329
-10.0450093821335,2.26228740515347,10.5066924667651,8.26294461035083,-1.33505423522707,-4.28371698387882,0.487380414430314
-9.45050085861689,2.83936731720625,10.9217856354281,8.44858798588317,-1.25683146572244,-4.23668300514354,0.465953543340266
-8.8576599675499,3.41077034174787,11.3301764949938,8.63068363611953,-1.17995099421971,-4.18768872519652,0.44383602507498
-8.26686979923454,3.97602441581423,11.7314084204486,8.8088901795202,-1.10460954484565,-4.13651954460446,0.421174335578569
-7.67850421631136,4.53466643471714,12.1250291289728,8.98286298288327,-1.03100681657278,-4.08298060983665,0.398111746280195
-7.09292836412826,5.08624202572288,12.5105914586993,9.15225546703155,-0.959344764977098,-4.02689801841463,0.374787352247263
-6.51049896240114,5.63030578422952,12.8876547857411,9.31672108314218,-0.889826228278353,-3.96811936036079,0.351335202334589
-5.93156437517484,6.16642194763233,13.2557870011553,9.4759158361639,-0.82265303182786,-3.90651370542001,0.327883530045823
-5.35646446526267,6.69416546678653,13.6145669528738,9.62950121942429,-0.75802371338356,-3.84197115048563,0.304554082779206
-4.78553024675813,7.21312342346347,13.9635872469079,9.77714741981349,-0.696131011208634,-3.77440203969374,0.281461546425543
-4.21908335508827,7.72289673399448,14.3024572966306,9.91853665482852,-0.637159249635313,-3.70373596213802,0.258713061842311
-3.65743535878311,8.22310207375043,14.630806507723,10.053366510015,-0.581281743870609,-3.62992062055466,0.236407829471114
-3.10088694100825,8.71337395356203,14.9482874884988,10.1813531566522,-0.528658329154965,-3.55292065005248,0.214636798234521
-2.54972698230207,9.19336687702239,15.2545791799023,10.3022343436056,-0.479433100538797,-3.47271645032279,0.193482434792234
-2.00423157906444,9.66275750641186,15.549389805784,10.4157720729923,-0.433732429952833,-3.38930307888512,0.173018569216218
-1.46466303523054,10.1212467645313,15.8324595516124,10.5217548857337,-0.391663308118476,-3.30268923774071,0.15331031312974
-0.931268867141612,10.5685618000427,16.1035628883024,10.6199996995075,-0.353312041089301,-3.21289637202475,0.134414046324196
-0.404280863644978,11.004457745244,16.3625104673122,10.7103531575993,-0.318743315458638,-3.11995788736807,0.11637746780466
0.116085755425063,11.4287191979357,16.6091505236926,10.7926924624459,-0.287999632855379,-3.02391848299479,0.0992397071117024
0.62963303942713,11.8411613636617,16.8433697355987,10.866925682162,-0.261101103388918,-2.92483359020653,0.0830314916207467
1.13618082470164,12.2416308015752,17.0650935021096,10.9329915320836,-0.238045579108425,-2.82276890079454,0.0677753653352772
1.63556703285576,12.6300057268479,17.2742856161828,10.9908586463921,-0.218809102096106,-2.71779996690883,0.0534859544774974
2.12764771860003,13.0061958350612,17.4709473261755,11.0405243672451,-0.203346637223392,-2.6100118527335,0.0401702749563312
2.6122968445824,13.3701416292537,17.6551157973341,11.082013090509,-0.19159305654282,-2.49949881863944,0.0278280765797806
3.08940577108036,13.7218132478622,17.8268620035111,11.1153742180417,-0.183464340456982,-2.38636401994407,0.0164522187016361
3.55888246040199,14.061208810926,17.98628809837,11.1406797762723,-0.178858959937635,-2.27071920463506,0.00602907187717328
4.02065040879962,14.3883523216755,18.1335243335802,11.158021769267,-0.177659403948423,-2.1526843970596,-0.00346105992737739
4.47464733180623,14.7032911797881,18.268725607941,11.1675093411541,-0.17973381671082,-2.03238755734018,-0.0120435019516144
4.92082364130942,15.0060933799371,18.3920677449583,11.1692658273257,-0.184937710445835,-1.90996420890581,-0.0197487612716582
5.35914076346504,15.2968444835099,18.5037436061497,11.163425775868,-0.193115720674886,-1.78555702885152,-0.0266120743191664
5.78956935492858,15.5756444614799,18.6039591525078,11.150132019923,-0.204103373043863,-1.6593153977641,-0.0326729537352308
6.21208748015847,15.8426045115259,18.6929295665866,11.129532878017,-0.217728832927141,-1.53139490715084,-0.0379747384790474
6.62667881429021,16.0978439521423,18.7708755424513,11.1017795528197,-0.233814611752707,-1.40195682372309,-0.0425641505098975
7.0333309341027,16.3414872905969,18.8380198404375,11.0670237895267,-0.252179207029266,-1.27116751060156,-0.0464908607155917
7.43203375399989,16.5736615504968,18.8945841888887,11.0254158434622,-0.272638656394837,-1.13919780614296,-0.0498070661051064
7.82277815510011,16.7944939291658,18.9407865966608,10.9771027931063,-0.295007989570024,-1.00622236166186,-0.0525670796523137
8.20555484407824,17.0041098360634,18.976839119343,10.9222272202075,-0.319102565792264,-0.872418939948919,-0.0548269336030466
8.58035346515912,17.2026313423818,19.0029461001309,10.8609262636635,-0.344739288031174,-0.737967677256447,-0.0566439965657089
8.94716197454107,17.3901760501552,19.0193028844225,10.7933310391722,-0.371737688929059,-0.603050312377544,-0.0580766043145245
9.30596627249452,17.5668563681165,19.0260949867746,10.7195664029821,-0.399920886875629,-0.467849387591163,-0.0591837039542778
9.65675007534819,17.7327791624372,19.0234976709479,10.6397510260167,-0.42911641382153,-0.332547427540028,-0.0600245109261691
9.99949499834226,17.8880457344805,19.0116758892729,10.5539977347332,-0.459156919283123,-0.197326103471454,-0.0606581782684318
10.3341808115065,18.0327520655759,18.9907845170658,10.4624140676459,-0.48988075744131,-0.0623653915984692,-0.0611434775671835
10.6607858247332,18.1669892610752,18.9609688116098,10.3651029917239,-0.521132466245964,0.0721572644889879,-0.0615384911226338
10.9792873552194,18.2908441226957,18.9223650232595,10.2621637208887,-0.552763148994359,0.206067776533816,-0.0619003149903105
11.2896622304188,18.4043997792243,18.8751010882428,10.1536925795014,-0.584630769952056,0.33919620808533,-0.06228477271327
11.5918872823111,18.5077363105703,18.8192973382099,10.0397838567967,-0.616600376243684,0.471377533300262,-0.0627461397181628
11.8859397937592,18.6009313082573,18.7550671698229,9.92053060336325,-0.648544258484603,0.602452347041456,-0.0633368784879945
12.1717978644667,18.6840603259133,18.6825176279414,9.7960253275688,-0.680342062483561,0.732267516141089,-0.0641073847347118
12.4494406719644,18.7571971852752,18.6017498674118,9.66636055783065,-0.71188086386462,0.860676763045061,-0.0651057448681427
12.7188486115736,18.8204141158166,18.5128594703645,9.53162924537683,-0.743055216671336,0.987541174793024,-0.066377505092258
12.9800033078369,18.8737817185313,18.4159366075567,9.39192499116881,-0.773767185976262,1.11272963232086,-0.0679654524582113
13.2328874979931,18.9173687559914,18.3110660431029,9.24734208955947,-0.803926373265899,1.23611915729522,-0.0699094081726837
13.4774847953085,18.9512417810176,18.1983269914719,9.09797538967693,-0.833449941950908,1.3575951759855,-0.0722460334091965
13.7137793461775,18.975464624795,18.0777928435916,8.94391998316953,-0.862262648805349,1.47705170194366,-0.0750086478098033
13.9417553996944,18.9900977718206,17.949530785148,8.78527073359748,-0.89029688551077,1.59439144139042,-0.0782270608059793
14.1613968118148,18.9951976536424,17.8136013346344,8.62212166827432,-0.917492732807863,1.70952582712122,-0.0819274158403238
14.3726865082938,18.9908158959943,17.6700578314929,8.45456525766896,-0.943798028080141,1.82237498837807,-0.086132047543267
14.5756059313932,18.9769985548124,17.5189459059031,8.28269161056137,-0.969168445548886,1.93286766544177,-0.0908593519171527
14.7701344950489,18.9537853759711,17.3603029616336,8.10658761504492,-0.993567586680138,2.04094107865809,-0.0961236696072928
14.956249071967,18.9212091116494,17.1941577020874,7.92633605626074,-1.01696707693003,2.14654076221138,-0.101935182396678
15.1339235341402,18.8792949233232,17.0205297274661,7.74201474153657,-1.0393466636231,2.2496203732032,-0.108299823146453
15.3031283657683,18.8280598977242,16.8394292280896,7.55369566251331,-1.06069430860049,2.35014148649607,-0.115219199514467
15.4638303646729,18.7675126979663,16.6508567955054,7.36144422199232,-1.0810062683379,2.44807338535808,-0.122690531913954
15.615992445192,18.6976533676126,16.4548033692978,7.16531855075791,-1.10028715354858,2.54339285721565,-0.130706606317436
15.7595735523377,18.6184733009127,16.2512503335815,6.96536893663005,-1.11854995990059,2.63608400280639,-0.139255742660168
15.8945286938077,18.5299553879063,16.0401697731405,6.76163738458366,-1.13581606142754,2.72613806574114,-0.14832177974564
16.0208090933294,18.4320743386546,15.8215248951249,6.55415732301741,-1.15211515853627,2.8135532879511,-0.157884077695536
16.138362465836,18.3247971865955,15.5952706181974,6.34295346723865,-1.16748517324697,2.89833479472897,-0.167917539111327
16.247133412162,18.2080839669501,15.361354327043,6.12804184700874,-1.1819720854648,2.98049451109089,-0.178392650218072
16.3470639283043,18.0818885622515,15.1197167862513,5.90943000061291,-1.19562970569324,3.06005110901149,-0.18927554333743
16.4380940218714,17.9461597034603,14.8702932037632,5.68711733344255,-1.20851938164818,3.13702998274872,-0.200528082081792
16.5201624260916,17.8008421117425,14.6130144303525,5.46109563454062,-1.22070963870241,3.21146324701597,-0.212107970670705
16.593207399724,17.6458777628663,14.3478082780249,5.23134974004163,-1.23227575692561,3.28338975023294,-0.223968888741778
16.6571675993888,17.481207253311,14.074600936794,4.99785832800425,-1.24329929061433,3.3528550925583,-0.236060652958402
16.7119830092285,17.3067712446218,13.7933184660986,4.76059482488549,-1.25386753951989,3.41991163596482,-0.248329406604899
16.7575959114436,17.1225119603128,13.5038883342211,4.51952839995173,-1.26407298434652,3.48461849135755,-0.260717838205066
16.7939518801304,16.9283747077753,13.2062409765553,4.2746250204017,-1.27401270234264,3.54704146577749,-0.273165430002495
16.8210007800114,16.7243093962365,12.9003113415381,4.02584853702909,-1.28378778176227,3.60725295120084,-0.285608736900768
16.8386977511139,16.5102720209071,12.5860403916342,3.7731617680472,-1.2935027564288,3.66533173547323,-0.297981696179425
16.8470041602583,16.2862260831137,12.2633765260471,3.51652754738266,-1.30326508338883,3.72136271564102,-0.310215967978425
16.8458885003762,16.0521439165125,11.9322768919455,3.25590970348346,-1.31318468749898,3.77543649448543,-0.322241306181368
16.8353272192416,15.8080078904702,11.5927085520467,2.99127393560113,-1.32337359657128,3.82764884253454,-0.333985958927913
16.8153054601757,15.5538114634564,11.2446494784685,2.72258855670886,-1.33394568926931,3.87810001030296,-0.345377097551398
16.7858176987059,15.2895600618397,10.888089345921,2.44982507575786,-1.34501657521009,3.92689387902677,-0.356341272272579
16.7468682610476,15.0152717628573,10.523030101576,2.17295859686574,-1.35670362265604,3.97413694271031,-0.3668048924898
16.6984717126208,14.7309777647376,10.149486294323,1.89196801920993,-1.36912614382213,4.01993711981088,-0.376694728997053
16.6406531076307,14.4367226319653,9.76748515252795,1.60683602874331,-1.38240574130015,4.06440239922044,-0.385938434943649
16.5734480939988,14.1325643094409,9.37706640674731,1.31754888115975,-1.39666681161896,4.10763933215589,-0.3944650818346
16.4969028715789,13.8185739056888,8.97828186193506,1.02409598454267,-1.41203719379925,4.14975138887153,-0.402205706373785
16.4110740055965,13.4948352521894,8.57119473230051,0.726469299504559,-1.42864894227342,4.19083720643082,-0.409093863489542
16.3160281014733,13.1614442531339,8.15587876082353,0.424662583973524,-1.44663919513002,4.23098876074555,-0.415066180472924
16.211841351572,12.8185080472293,7.73241715420331,0.118670518696002,-1.46615110074186,4.27028950231291,-0.420062906821802
16.0985989687215,12.4661440102964,7.30090137230781,-0.191512242452835,-1.48733475889387,4.30881250015255,-0.424028454137537
15.9763945255226,12.1044786340361,6.86142981862638,-0.505892046549048,-1.51034812696607,4.34661864199545,-0.426911920281029
15.8453292221709,11.7336463221286,6.41410648439393,-0.824477184302321,-1.53535783793019,4.38375494048493,-0.428667591973
15.7055111086765,11.3537881494553,5.9590396035749,-1.14727874263358,-1.56253987519473,4.42025299478356,-0.429255420124828
15.5570542897048,10.9650506333846,5.4963403784303,-1.47431130785552,-1.59208004989737,4.4561276544114,-0.42864146240935
15.4000781416269,10.5675845674535,5.02612183567282,-1.80559346208054,-1.62417422920362,4.4913759273691,-0.426798287915895
15.234706571606,10.1615439672187,4.5484978710734,-2.14114801994344,-1.65902826950646,4.52597616775654,-0.423705339163087
15.0610673475775,9.74708517543441,4.06358253577301,-2.4810019596543,-1.69685761599884,4.55988756944954,-0.419349247242658
14.8792915257433,9.32436616902664,3.5714896105387,-2.82518601158976,-1.73788653964999,4.59304998232887,-0.413724096409516
14.6895129987957,8.89354610372216,3.07233250502664,-3.1737338787407,-1.78234699379691,4.62538405655137,-0.406831634987977
14.4918681835844,8.45478512389306,2.56622450811157,-3.52668107593271,-1.83047708491273,4.65679170896441,-0.39868143000372
14.2864958616018,8.00824445557993,2.05327940301474,-3.88406338827224,-1.88251916511993,4.68715689457491,-0.389290963453409
14.0735371797202,7.55408679022881,1.53361244787989,-4.24591496315413,-1.93871756712183,4.71634665556915,-0.378685668574716
13.8531358124376,7.09247695598438,1.00734170927776,-4.61226606374716,-1.9993160148581,4.74421241127349,-0.366898904874964
13.6254382808071,6.62358286300876,0.474589723540153,-4.98314052451598,-2.06455475479028,4.77059144510452,-0.353971871023649
13.3905944176168,6.14757669983734,-0.0645145504880129,-5.35855296042342,-2.1346674627639,4.79530853933492,-0.339953455030216
13.1487579635926,5.66463634978824,-0.609833533123222,-5.73850579043789,-2.2098779894107,4.81817770563099,-0.324900021439056
12.9000872756853,5.17494699035244,-1.16121863284008,-6.12298614239813,-2.29039701266319,4.83900395890492,-0.308875135609331
12.644746126086,4.67870283463269,-1.71850771979556,-6.51196270984351,-2.37641866887725,4.85758508404198,-0.291949225538919
12.3829045695935,4.17610897242983,-2.28152252246893,-6.90538263193163,-2.46811723414395,4.87371334936088,-0.274199182166898
12.1147398573085,3.66738326946191,-2.85006600449423,-7.30316846505883,-2.56564392460898,4.88717712698526,-0.255707899667013
11.8404373762413,3.15275828624892,-3.423919774572,-7.70521530946165,-2.66912387915574,4.89776238829161,-0.236563757933634
11.5601915970508,2.63248318301718,-4.0028415759092,-8.11138814629451,-2.77865337994872,4.90525405183021,-0.216860050256632
11.2742070154695,2.10682558305721,-4.58656289354108,-8.52151943100096,-2.89429735654368,4.90943717111629,-0.196694360063731
10.9826990766454,1.5760733736936,-5.17478670884977,-8.93540697790437,-3.01608720814217,4.91009795996012,-0.176167891546542
10.6858950752521,1.04053643073916,-5.7671854213917,-9.35281215961475,-3.14401896680407,4.90702466304706,-0.155384759938419
10.3840350274003,0.500548258365365,-6.36339894956787,-9.77345843389536,-3.27805181278658,4.90000828881647,-0.134451248130842
10.0773725128408,-0.0435324588116425,-6.96303301440975,-10.1970302008133,-3.41810694240693,4.88884322989116,-0.113475037150356
9.76617548740778,-0.591320391397284,-7.56565760540029,-10.6231719849983,-3.56406677961802,4.8733278030154,-0.0925644187229246
9.45072706602844,-1.14240218724366,-8.17080562417694,-11.051487932149,-3.71577451540071,4.85326474538995,-0.0718274986852363
9.13132627590042,-1.69633517900416,-8.77797170133328,-11.4815416058439,-3.87303395448852,4.82846170726728,-0.0513714003305726
8.80828877771121,-2.25264617876563,-9.38661118328838,-11.9128560702987,-4.03560964699958,4.79873178161282,-0.0313014768781901
8.48194755027487,-2.81083036516504,-9.99613929001957,-12.3449142467419,-4.2032272831609,4.76389411057766,-0.0117205421190954
8.15265353093106,-3.37035027333854,-10.6059304498974,-12.7771595351422,-4.37557433213856,4.72377460559394,0.00727187208238875
7.82077620080959,-3.93063490355298,-11.2153178243075,-13.2089966984932,-4.55230091049066,4.67820681331091,0.0255802233528127
7.48670410090195,-4.49107896992561,-11.8235930415339,-13.6397930130036,-4.73302087124633,4.62703295362052,0.0431136241710191
7.15084526204993,-5.05104231576806,-12.4300061658506,-14.0688796935653,-4.91731311030405,4.57010514900207,0.0597864587516085
6.81362752965797,-5.60984952640947,-13.0337659333348,-14.4955536090177,-5.10472309196045,4.50728685669218,0.0755189463201335
6.47549876228442,-6.16678977357399,-13.6340402900863,-14.9190793053112,-5.29476459922103,4.4384545070938,0.09023764690904
6.13692688229786,-6.72111692735963,-14.2299572709868,-15.3386913561826,-5.48692171655047,4.36349934368181,0.103875907134959
5.79839975649306,-7.27204997253206,-14.8206062576487,-15.7535970600404,-5.68065105252944,4.28232945169521,0.11637424477519
5.46042488489644,-7.81877376522366,-15.4050396527174,-16.1629794982716,-5.87538420735469,4.19487195531665,0.127680672293393
5.12352887688836,-8.3604401642822,-15.9822750042277,-16.5660009641637,-6.07053048533832,4.10107535595074,0.137750960717953
4.78825669520058,-8.8961695684878,-16.5512976083597,-16.9618067632902,-6.26547984581891,4.00091197768247,0.146548846396147
4.45517065033386,-9.42505288665276,-17.1110636117736,-17.3495293758741,-6.45960607765029,3.89438048003528,0.154046184078834
4.12484913052859,-9.94615396220058,-17.6605036258636,-17.7282929597657,-6.65227017325746,3.78150839273387,0.160223050483922
3.79788505576323,-10.4585124670595,-18.1985268548135,-18.0972181597491,-6.84282386877773,3.66235462228545,0.165067802899268
3.47488404846076,-10.9611472714982,-18.7240257274195,-18.4554271755145,-7.03061330768489,3.53701187581904,0.168577097485237
3.15646231880514,-11.4530602867734,-19.2358810094024,-18.8020490274073,-7.2149827771336,3.4056089438065,0.170755871706333
2.8432442688473,-11.9332407661885,-19.7329673586996,-19.1362249466739,-7.39527845961237,3.26831278013235,0.171617294759758
2.53585982684459,-12.4006700375992,-20.214159271456,-19.4571138061146,-7.57085213782096,3.12533031565418,0.171182688994849
2.23494153126342,-12.8543266270534,-20.6783373518861,-19.7638974986298,-7.7410647883758,2.97690994013818,0.169481424169266
1.94112139211397,-13.2931917199322,-21.1243948258313,-20.0557861659776,-7.90529000029012,2.82334258755006,0.166550785021968
1.65502756506765,-13.7162548938046,-21.551244206964,-20.3320231790313,-8.06291715739095,2.6649623614344,0.162435811132991
1.37728088026125,-14.1225200476181,-21.9578240176041,-20.5918897747546,-8.21335433004877,2.50214664080716,0.157189106472151
1.1084912718262,-14.5110114463192,-22.3431054644748,-20.8347092646649,-8.35603083084113,2.33531561283596,0.150870614508991
0.849254155048564,-14.8807797999716,-22.7060989746815,-21.0598507450997,-8.49039940096131,2.16493118670123,0.143547353364213
0.600146794902954,-15.2309083029942,-23.045860509588,-21.2667322610497,-8.61593800907242,1.99149525339316,0.135293104328169
0.361724702113345,-15.5605185727757,-23.3614975941926,-21.4548234020334,-8.73215126146645,1.8155472686193,0.126188046248606
0.134518081031694,-15.8687764472455,-23.6521750262744,-21.6236473391272,-8.83857144115577,1.63766115014224,0.116318327882787
-0.0809716617116859,-16.1548976265912,-23.9171202610912,-21.7727823448049,-8.93475921299147,1.45844149627632,0.105775570390991
-0.284275356141542,-16.4181531727117,-24.1556285008247,-21.9018628690391,-9.02030405092198,1.27851914840752,0.0946562927768455
-0.474959480925322,-16.657874907702,-24.3670675493741,-22.0105802730566,-9.0948244607125,1.09854613670799,0.083061254296499
-0.652629588203678,-16.8734607755116,-24.550882518068,-22.0986833429442,-9.15796808535444,0.919190064182872,0.0710947096855193
-0.816933789754542,-17.0643802445173,-24.7066004818353,-22.1659787158967,-9.20941178950163,0.741127999398698,0.0588635754911841
-0.967566353466611,-17.230179829075,-24.8338351843853,-22.2123313498045,-9.24886182220386,0.565039962408338,0.0464765088242344
-1.10427144935599,-17.3704887921511,-24.9322918722087,-22.2376651506464,-9.27605415290641,0.391602101340152,0.0340429034032712
-1.22684706342441,-17.4850250575429,-25.0017722997788,-22.2419638417007,-9.29075506354667,0.221479668773829,0.0216718117640308
-1.33514906584644,-17.5736013097026,-25.0421798934794,-22.2252721153685,-9.29276205962689,0.0553199173150019,0.00947080680727165
-1.42909537916839,-17.6361311949308,-25.053524993261,-22.18769705552,-9.2819051361128,-0.106254957429451,-0.00245519972455227
-1.50867014571698,-17.6726354651032,-25.0359300148326,-22.1294097602209,-9.25804840138254,-0.262654691263055,-0.0140051599590032
-1.57392774585285,-17.6832478314759,-24.9896342991937,-22.0506470370441,-9.22109202641845,-0.41332750323721,-0.0250830880263302
-1.62499647544275,-17.6682202299672,-24.9149983493538,-21.9517129919846,-9.17097444973405,-0.557766183154604,-0.0355992246849145
-1.6620816575325,-17.6279271493297,-24.8125071050262,-21.8329802941432,-9.10767473424068,-0.69551357497616,-0.04547113739748
-1.68546794476064,-17.5628686476011,-24.6827718826471,-21.6948908768312,-9.03121494350643,-0.826167323055689,-0.0546247240474493
-1.69552056936947,-17.4736716859208,-24.5265306157244,-21.5379558349866,-8.94166238446682,-0.949383760279466,-0.0629950892970196
-1.69268531882717,-17.3610894451405,-24.3446460716894,-21.3627543001889,-8.8391315538391,-1.06488083529359,-0.0705272651165174
-1.6774870568871,-17.2259983590476,-24.1381017948912,-21.1699311171673,-8.72378562757213,-1.17244000008,-0.0771767512612491
-1.65052666997666,-17.0693926943443,-23.9079956263486,-20.9601932063029,-8.59583734686264,-1.27190700862919,-0.0829098572893121
-1.61247639261523,-16.8923766244309,-23.6555307713796,-20.7343045700685,-8.45554917965462,-1.36319161116637,-0.0877038348021216
-1.56407354702719,-16.6961538718115,-23.3820045160146,-20.4930799810646,-8.30323267110102,-1.44626616455935,-0.0915467965169173
-1.50611281430108,-16.4820151216058,-23.0887948208868,-20.2373774681879,-8.13924693733613,-1.52116321599413,-0.0944374270227457
-1.43943723038331,-16.2513235253319,-22.77734513608,-19.96808978859,-7.96399630067418,-1.58797215137957,-0.0963844980637279
-1.36492816367212,-16.0054987102538,-22.4491478727551,-19.6861351305909,-7.77792710744899,-1.64683502994092,-0.0974062083916046
-1.28349457726175,-15.7459997779924,-22.1057270304187,-19.3924473323578,-7.58152380882038,-1.69794175012633,-0.0975293741668079
-1.19606190513987,-15.474307812649,-21.7486205087763,-19.0879659207139,-7.37530441725382,-1.74152470787888,-0.0967885002211741
-1.10356087705973,-15.1919084224829,-21.379362629893,-18.7736262737213,-7.15981547510562,-1.77785311580343,-0.0952247650360271
-1.00691661261488,-14.9002748124506,-20.9994673626549,-18.4503501914402,-6.93562668585275,-1.80722715080631,-0.0928849530082775
-0.907038273997347,-14.600851832286,-20.6104126824473,-18.1190371246887,-6.70332536294963,-1.82997208910115,-0.0898203665950496
-0.804809522987515,-14.2950413726915,-20.2136264213844,-17.7805562659129,-6.46351084687273,-1.84643257230394,-0.0860857484861401
-0.70107997538852,-13.9841893977965,-19.8104738757918,-17.435739653989,-6.21678902903883,-1.85696712829574,-0.0817382403779004
-0.596657789933646,-13.6695748125071,-19.4022473453136,-17.0853763903739,-5.96376710376731,-1.8619430473917,-0.0768364005773167
-0.492303472803615,-13.352400275177,-18.9901576884523,-16.73020801142,-5.70504864826248,-1.86173168987797,-0.0714392979170853
-0.38872492671289,-13.0337849844672,-18.5753278977576,-16.3709250139794,-5.44122910762646,-1.85670427674727,-0.0656056946458917
-0.286573727592294,-12.714759398156,-18.1587886278973,-16.0081644908182,-5.17289173886635,-1.84722819277975,-0.0593933263521856
-0.186442573807041,-12.3962617833745,-17.7414755536043,-15.6425088000645,-4.9006040460989,-1.833663810939,-0.052858282796653
-0.0888638233203029,-12.0791364532349,-17.3242283927038,-15.2744851693097,-4.62491471967844,-1.81636182999437,-0.0460544899095336
0.005690986765233,-11.76413351393,-16.9077914016659,-14.9045661197555,-4.34635107541006,-1.79566110362426,-0.0390332902290587
0.0968107568662481,-11.4519099280587,-16.4928151361283,-14.5331705881406,-4.06541697665383,-1.77188692900984,-0.0318431167348665
0.184143702359638,-11.1430316925658,-16.0798592647795,-14.1606656229573,-3.78259121199727,-1.74534975589255,-0.024529253339124
0.267395616566449,-10.8379769313311,-15.6693962297986,-13.7873685353918,-3.49832629408076,-1.71634427289039,-0.0171336741807259
0.346327639633777,-10.537139711108,-15.2618155585954,-13.4135493932064,-3.21304764077711,-1.68514882611404,-0.00969495324735947
0.420753645900997,-10.24083440323,-14.8574286478614,-13.0394337561969,-2.92715309783936,-1.65202512532492,-0.00224823564072621
0.490537352300802,-9.94930043055833,-14.4564738601604,-12.6652055638431,-2.64101276190088,-1.61721819457246,0.00517473808473778
0.555589238994001,-9.66270725802497,-14.0591217939444,-12.2910100984312,-2.35496906390539,-1.58095652701026,0.0125455627211237
0.615863361537119,-9.38115950464475,-13.6654806087991,-11.9169569595617,-2.06933707526704,-1.54345240704813,0.0198390620270229
0.671354122041125,-9.10470207409697,-13.2756013079932,-11.5431229980457,-1.78440500195985,-1.50490236683514,0.027033152213472
0.722093055429451,-8.83332521924666,-12.8894828993987,-11.169555168379,-1.50043483502523,-1.46548774804131,0.0341086816454027
0.768145676344257,-8.5669694728442,-12.5070773731672,-10.7962732690498,-1.21766312943267,-1.42537534381979,0.041049252393699
0.809608422669393,-8.30553039184425,-12.1282944499573,-10.4232725487639,-0.936301886654052,-1.38471809955397,0.0478410285693964
0.846605723114505,-8.04886307621,-11.7530060669444,-10.0505261642526,-0.656539519591506,-1.34365585443301,0.0544725356998813
0.879287208865474,-7.79678643470348,-11.3810505803361,-9.67798748168401,-0.378541881545733,-1.30231610900199,0.0609344547810139
0.907825082918467,-7.54908718007397,-11.0122366727524,-9.30559221892506,-0.102453343674074,-1.26081480657563,0.0672194140670811
0.932411655312486,-7.30552354436415,-10.64634696178,-8.93326043009018,0.17160209215592,-1.21925711878504,0.0733217811462307
0.953257047974708,-7.06582871190418,-10.2831413124279,-8.56089833709141,0.443519656069453,-1.17773822755891,0.0792374573931186
0.970587069202692,-6.82971397311569,-9.92235986129251,-8.18840001539199,0.713212657552304,-1.13634409754812,0.0849636764912842
0.984641254819692,-6.59687160667078,-9.56372576416503,-7.81564894298192,0.980611325028741,-1.09515223441568,0.0904988083721413
0.995671070677501,-6.36697750099056,-9.20694768175114,-7.44251942284607,1.24566164388912,-1.05423242556549,0.0958421696214201
1.00393826933488,-6.13969352868639,-8.85172202028659,-7.06887788999272,1.5083241981215,-1.01364746080736,0.100993841153046
1.00971339234574,-5.91466968946383,-8.4977349452652,-6.69458411453375,1.76857301981479,-0.973453831183874,0.10595449374024
1.01327440856313,-5.69154603835227,-8.1446641873716,-6.31949231244075,2.02639445007851,-0.933702404748624,0.110725221819774
1.01490547815113,-5.46995441699179,-7.79218066014194,-5.94345217550636,2.28178601434136,-0.894439078510151,0.115307385843632
1.01489583153293,-5.24952000619275,-7.43994990895433,-5.56630983177543,2.53475531452113,-0.855705406068911,0.119702463339115
1.01353875224534,-5.0298627181609,-7.08763341075452,-5.18790874731831,2.78531894018248,-0.817539200693461,0.123911908750349
1.01113065258333,-4.8105984467113,-6.7348897435166,-4.80809057973645,3.03350140049687,-0.779975113726956,0.127937022068112
1.00797023095876,-4.5913401935371,-6.38137564387921,-4.4266959932491,3.27933407857359,-0.743045188299913,0.131778826208466
1.00435770005272,-4.37169908818961,-6.02674697072313,-4.04356544462622,3.52285420953374,-0.706779388362088,0.135437953071391
1.00059407507188,-4.15128531890769,-5.67065959170442,-3.6585399486287,3.76410388353388,-0.671206103045977,0.138914538196688
0.996980511724251,-3.929708990831,-5.31277020895454,-3.27146183100095,4.00312907481012,-0.636352626344328,0.142208123933919
0.993817683881462,-3.70658092746372,-4.9527371393216,-2.88217547644041,4.23997869769692,-0.602245612031022,0.145317571054749
0.991405191290371,-3.4815134305461,-4.59022106367521,-2.49052807835168,4.47470369047454,-0.568911503683563,0.148240978758227
0.990040988122374,-3.25412101274625,-4.2248857589369,-2.09637039657743,4.70735612781064,-0.536376939581203,0.150975613051141
0.990020823602401,-3.02402111681928,-3.85639882563789,-1.69955752868863,4.93798836248319,-0.504669132158008,0.153517843525366
0.991637686434337,-2.79083483409411,-3.48443242294685,-1.29994969980825,5.16665219700123,-0.473816221588547,0.155863088601008
0.995181245229987,-2.55418763435409,-3.10866402225853,-0.897413075338846,5.39339808567394,-0.443847602978282,0.158005769356975
1.00093727766162,-2.31371011836244,-2.72877718957936,-0.491820600354967,5.6182743676212,-0.414794226522685,0.159939272128251
1.00918708158027,-2.06903880346594,-2.34446240609863,-0.0830528688135633,5.84132653116116,-0.38668886989249,0.161655920110373
1.02020686188301,-1.81981695187233,-1.95541793547932,0.329000974881345,6.06259650995859,-0.359566381998386,0.163146954275209
1.03426708747192,-1.56569545034683,-1.56135074554364,0.744442300047309,6.28212201126784,-0.333463897190398,0.164402523966682
1.05163181321271,-1.30633374921,-1.16197749116267,1.16336201834369,6.49993587655344,-0.308421018857363,0.165411687609142
1.07255796239649,-1.04140086763135,-0.757025564276588,1.58583957620663,6.7160654747246,-0.284479971312518,0.166162424023037
1.09729456580681,-0.770576471311454,-0.346234216079129,2.01194191111156,6.93053212816812,-0.261685718785805,0.166641654900725
1.12608195411423,-0.493552027722666,0.0706442445125689,2.44172237233777,7.14335057171574,-0.24008605029297,0.166835279047757
1.15915090095553,-0.210032043131229,0.493843172912795,2.87521960757901,7.35452844463088,-0.219731629119184,0.166728219039882
1.19672171469848,0.0802646153350761,0.923580229201989,3.3124564174153,7.56406581564822,-0.200676005641801,0.16630448098128
1.23900327755103,0.377603310295123,1.36005593546499,3.75343858034188,7.77195474105273,-0.182975592223925,0.165547228072956
1.28619203133809,0.682232136112703,1.80345214983647,4.19815365172801,7.97817885574043,-0.166689598938244,0.164438868709675
1.33847090993675,0.994380332009574,2.25393045795498,4.64656974075868,8.18271299717003,-0.151879928928208,0.16296115981704
1.39600821903712,1.3142566070409,2.71163048354174,5.09863427009531,8.38552286209933,-0.138611032279767,0.161095326115161
1.45895646456408,1.64204737870647,3.17666812084529,5.55427272367192,8.58656469600633,-0.126949717358113,0.158822195949727
1.52745113177549,1.97791492801832,3.64913369274658,6.01338738874114,8.78578501514184,-0.116964918657269,0.15612235426321
1.60160941771887,2.32199547489505,4.1290900393854,6.47585609898789,8.98312036125033,-0.108727420310244,0.152976313186619
1.68152892041596,2.67439717883386,4.61657054328374,6.94153098627184,9.17849708915438,-0.102309534508839,0.149364700614161
1.7672862888302,3.03519807091984,5.11157709809616,7.41023724933825,9.37183118763215,-0.0977847341787152,0.145268466978054
1.85893583838924,3.40444392439377,5.61407802934931,7.88177194868664,9.56302813435117,-0.0952272393415231,0.14066911026765
1.95650813758266,3.78214607223443,6.12400597685789,8.35590283772095,9.75198278606882,-0.0947115566664838,0.135548919135253
2.06000857196215,4.16827918155253,6.64125574996226,8.83236724135648,9.93857930588895,-0.0963119717658086,0.129891233700351
2.1694158927569,4.5627789960718,7.16568216835204,9.31087099444953,10.1226911300839,-0.100101993821527,0.123680723404252
2.28468075830727,4.96554005963218,7.69709790306645,9.79108745377351,10.3041809778668,-0.106153752148657,0.116903680978664
2.4057242776432,5.37641343553004,8.23527133433052,10.2726565988102,10.482900908523,-0.114537344310636,0.109548331274989
2.53243656682223,5.79520443865376,8.77992444523366,10.7551842383662,10.6586924314814,-0.125320135422274,0.10160515335661
2.66467533011168,6.22167039980982,9.33073077290516,11.2382413419591,10.8313866761952,-0.138566008325931,0.09306721388492
2.80226447978894,6.65551848440333,9.88731344181451,11.7213635170319,11.0008046300829,-0.154334564439039,0.0839305094321181
2.9449928102267,7.09640359072634,10.4492433070927,12.2040506552886,11.1667574541843,-0.172680275285484,0.0741943149306189
3.09261274405289,7.54392635652606,11.0160372393232,12.6857667737429,11.3290468875536,-0.193651585087458,0.0638615350214068
3.2448391704838,7.99763130621357,11.5871565859959,13.1659400783156,11.4874657526402,-0.217289965364584,0.0529390545929661
3.4013483983942,8.4570051749646,12.1620058486617,13.6439632798736,11.6417985748787,-0.243628923324966,0.0414380843103888
3.56177724924566,8.92147544994532,12.7399316186149,14.119194194304,11.7918223303014,-0.272692967003114,0.0293744964234081
3.72572231754593,9.39040917280523,13.3202218174698,14.5909566593444,11.9373073350341,-0.304496531665898,0.0167691456163679
3.89273942894925,9.86311205123268,13.9021052920661,15.0585418012312,12.0780182898921,-0.33904287402718,0.00364816912807972
4.06234332829119,10.3388279305341,14.4847518154581,15.5212096835267,12.213715491791,-0.376322943328578,-0.00995674016661757
4.2340076316221,10.8167386786247,15.0672725470476,15.9781913685083,12.3441562211751,-0.416314241381219,-0.0240080945477653
4.40716507749547,11.2959645392335,15.6487210049,16.4286914180096,12.4690963110209,-0.458979687215979,-0.038462413448335
4.58120811321646,11.77556500827,16.2280946016773,16.8718908554227,12.588291898095,-0.504266506013309,-0.0532700744491792
4.75548985128694,12.2545402869152,16.8043367921756,17.3069506035509,12.7015013510128,-0.552105166387415,-0.0683752214449367
4.92932542976065,12.7318333618739,17.3763398749874,17.7330154041151,12.8084873622837,-0.602408394737196,-0.0837157384372857
5.10199380753204,13.2063327582064,17.9429484832123,18.1492182140015,12.9090191830796,-0.655070300040496,-0.0992232975549664
5.27274002163705,13.6768760031467,18.5029637894045,18.5546850609806,13.0028749701567,-0.709965646887351,-0.114823489860583
5.44077792841498,14.1422538303051,19.0551484381733,18.9485403279253,13.0898442045578,-0.766949318386846,-0.130436047233867
5.60529344388319,14.6012151427255,19.5982322062533,19.3299124199468,13.1697301318859,-0.825856013450903,-0.145975163067697
5.76544829096063,15.0524727405726,20.1309183747697,19.697939753914,13.2423521646669,-0.886500224423305,-0.161349918623037
5.92038425235092,15.4947098050093,20.6518907822613,20.0517769951939,13.3075481792959,-0.94867654063239,-0.176464820610172
6.06922791809712,15.9265871143685,21.1598215102907,20.3906014528854,13.3651766340291,-1.01216032076132,-0.191220453850527
6.21109590620762,16.3467509523873,21.6533791367105,20.7136195331,13.4151184312272,-1.07670877156258,-0.205514250691919
6.34510052352949,16.7538416514042,22.1312374754488,21.0200731407277,13.4572784472927,-1.14206246210663,-0.219241376184768
6.47035582239907,17.1465026964181,22.592084706539,21.309245914317,13.4915866581072,-1.2079472913117,-0.232295724887239
6.58598399677837,17.5233902991403,23.0346327865801,21.5804691767422,13.5179987966743,-1.27407691202068,-0.244571021596408
6.69112204982467,17.8831833350493,23.4576270182831,21.8331274866412,13.5364964932812,-1.34015559768978,-0.255962014382267
6.78492865345813,18.224593521372,23.8598556486019,22.0666636823154,13.5470868666016,-1.40588151843051,-0.266365744158265
6.86659110979417,18.5463757003053,24.2401593584396,22.2805833208092,13.549801556196,-1.47095037259335,-0.275682870828109
6.93533231474419,18.8473380801465,24.5974405032624,22.4744584298493,13.544695211816,-1.53505929946026,-0.283819032018655
6.99041761608546,19.1263522778343,24.9306719632994,22.64793050858,13.5318434813855,-1.59791097930298,-0.290686206792245
7.03116145241768,19.3823630003136,25.2389054644462,22.8007127337038,13.5113405657843,-1.65921781056905,-0.296204053797655
7.05693365618503,19.6143971997262,25.5212792365879,22.9325913496563,13.4832964326695,-1.71870604177569,-0.300301191334878
7.06716530391214,19.8215725392875,25.7770248848246,23.0434262436258,13.4478338015526,-1.77611972917072,-0.302916386017273
7.06135400042682,20.0031050133431,26.0054733609693,23.1331507273777,13.405085026394,-1.83122439139063,-0.303999617303532
7.03906849144807,20.1583155768485,26.2060599375747,23.2017705668143,13.3551890086096,-1.88381023978036,-0.303512987250222
6.99995251063178,20.28663565648,26.3783281044013,23.249362316051,13.2982882717056,-1.9336948777358,-0.301431448411477
6.94372778282236,20.3876114375522,26.5219323272998,23.2760710248148,13.2345263185339,-1.98072538375778,-0.297743327780534
6.87019612442693,20.4609068473156,26.6366396314565,23.2821073957891,13.1640453739485,-2.02477971962137,-0.292450630809978
6.77924060377657,20.5063051851289,26.7223299942074,23.2677444721361,13.0869845907149,-2.06576743539852,-0.285569116544289
6.67082574810722,20.5237093822314,26.7789955564302,23.2333139351368,13.0034787668211,-2.10362967489427,-0.277128142355102
6.54499680821018,20.5131409069282,26.8067386850635,23.1792020883431,12.913657590227,-2.13833851608208,-0.267170284251199
6.40187811569146,20.4747373634497,26.8057689417897,23.1058455987021,12.8176453951504,-2.16989570914562,-0.255750745806581
6.24167058993512,20.4087488630336,26.7763990335652,23.0137270577686,12.7155613847287,-2.19833089784833,-0.242936575016339
6.0646484712761,20.3155332726125,26.7190398388683,22.9033704183703,12.6075202504973,-2.22369942673914,-0.228805713531733
5.87115537274946,20.1955504688033,26.6341946187375,22.7753363548273,12.4936331012276,-2.24607984634746,-0.213445906523534
5.6615997545686,20.0493557419942,26.5224525335619,22.6302175887544,12.3740086032349,-2.26557123085689,-0.196953503769337
5.43644993297453,19.8775925068471,26.3844815949873,22.4686342180241,12.2487542315389,-2.28229041822252,-0.179432183460806
5.19622873835617,19.6809844814962,26.2210211872081,22.2912290838126,12.1179775357847,-2.29636927227488,-0.160991629784764
4.94150793684892,19.4603274983986,26.0328742934085,22.0986632096421,11.9817873355699,-2.30795205137162,-0.141746193729421
4.67290252545227,19.2164811057014,25.8208995614018,21.8916113466326,11.8402947753286,-2.31719295015555,-0.121813564037853
4.39106500363348,18.9503601097731,25.5860033378208,21.6707576602319,11.6936141874877,-2.32425386153876,-0.101313472033717
4.09667971502541,18.6629261979327,25.3291317928218,21.4367915949004,11.5418637324983,-2.32930238663485,-0.0803664504380792
3.79045734178491,18.355179766107,25.0512632474561,21.1904039539474,11.3851658039161,-2.33251010227147,-0.059092662520293
3.473129622009,18.0281520598572,24.7534008039531,20.9322832313992,11.2236472045612,-2.33405107991644,-0.0376108141855146
3.14544434783438,17.6828977195805,24.4365653654766,20.663112231002,11.057439114862,-2.33410063701009,-0.0160371580602539
2.8081606888592,17.320487802276,24.1017891168044,20.3835650039638,10.886676886059,-2.33283429217648,0.00551540458497882
2.46204487273164,16.9420033336164,23.7501095212552,20.0943041317737,10.7114996986747,-2.33042688966452,0.0269381210633197
2.10786624242803,16.5485294256515,23.3825638724679,19.795978373511,10.5320501305237,-2.32705185549683,0.0481270830278036
1.74639369817169,16.14114997775,23.0001844228127,19.4892206887782,10.3484736788019,-2.32288054784894,0.0689838220817075
1.37839252136258,15.7209429617925,22.6039940937881,19.1746466381779,10.1609182779425,-2.31808166669493,0.0894158080880493
1.00462156848864,15.2889762775382,22.1950027582489,18.8528531536118,9.96953384956321,-2.31282069221692,0.109336854149251
0.625830814963879,14.8463041508873,21.7742040702225,18.524417661167,9.77447191366335,-2.30725932733889,0.1286674330062
0.24275922232219,14.3939640367405,21.3425728058691,18.1898975305028,9.57588528195814,-2.30155492647264,0.147334910089187
-0.14386710269171,13.9329739795824,20.9010626692162,17.8498298169605,9.3739278455564,-2.29585989965196,0.165273698697362
-0.53333649180896,13.4643303789307,20.4506045089422,17.5047312564876,9.16875446068731,-2.29032108823091,0.182425342843637
-0.924953077893853,12.9890061034857,19.9921048878786,17.1550984692007,8.9605209283877,-2.28507911484748,0.19873853323144
-1.31803797266151,12.5079488971249,19.5264449450877,16.801408325174,8.74938405736518,-2.28026771609042,0.214169061676043
-1.71193029393079,12.0220800216738,19.054479491263,16.4441184258734,8.53550179393523,-2.27601307101635,0.228679719088531
-2.1059880739445,11.5322930853794,18.577036281569,16.0836676564827,8.31903339915677,-2.27243314218053,0.242240141939126
-2.49958907625754,11.0394530118655,18.09491541555,15.7204767679822,8.1001396511117,-2.26963704807831,0.254826611935209
-2.89213154384831,10.5443951116238,17.608888820955,15.3549489529558,7.87898304964409,-2.26772448682505,0.266421813506042
-3.28303489576163,10.0479242263122,17.1196997867482,14.9874703853615,7.65572800166596,-2.26678523057484,0.277014553590516
-3.67174038405032,9.5508139247842,16.6280625196717,14.6184107015035,7.43054096715705,-2.26689870869797,0.2865994481782
-4.0577117173669,9.05380573837004,16.1346617079512,14.2481234067723,7.20359054899243,-2.26813369525611,0.295176580052138
-4.44043565253638,8.55760843100491,15.6401520845974,13.8769461999804,6.97504751345883,-2.27054811302813,0.302751132213443
-4.81942255105697,8.06289730697577,15.1451579908053,13.5052012139508,6.74508473249039,-2.27418896246676,0.309333001517398
-5.19420689391634,7.57031356500512,14.6502729468331,13.1331951770996,6.51387704299208,-2.27909237974437,0.314936397101025
-5.56434774548898,7.08046371191512,14.1560592431995,12.761219505871,6.28160102287918,-2.28528382370961,0.319579428214589
-5.92942915565564,6.59391905210078,13.6630475689197,12.3895503418619,6.04843468742002,-2.29277838735072,0.323283686067119
-6.28906048864831,6.11121527048135,13.171736695761,12.0184485502445,5.81455711295555,-2.30158122544621,0.32607382424417
-6.64287666740578,5.63285212658313,12.6825932382071,11.6481596976549,5.58014799794819,-2.31168808664796,0.327977142143845
-6.9905383233108,5.15929327609607,12.1960515081036,11.2789140281329,5.34538717350597,-2.32308593541304,0.329023175698174
-7.33173184292801,4.69096623385758,11.7125134810363,10.9109264550887,5.11045407699527,-2.33575364706439,0.329243299399668
-7.66616930558421,4.22826248902105,11.2323488886181,10.5443965858111,4.87552720311217,-2.34966275785652,0.328670343340315
-7.99358830817359,3.77153777942223,10.7558954473056,10.1795087928904,4.64078354686303,-2.36477825125048,0.32733822859961
-8.31375167622476,3.32111252815745,10.2834592304211,9.81643234432824,4.40639805239407,-2.38105936162292,0.325281623900049
-8.62644706290364,2.87727244136478,9.81531518597269,9.45532160122415,4.17254308059049,-2.39846037727919,0.322535625995766
-8.93148644008382,2.4402692623901,9.35170779889687,9.09631628895762,3.93938790695337,-2.41693142581656,0.319135465787053
-9.22870548779294,2.01032167409647,8.89285189267624,8.73954184488238,3.70709825956511,-2.43641922648623,0.315116241674939
-9.51796289016621,1.58761633816503,8.43893356207205,8.38510984284511,3.47583590507738,-2.45686779611547,0.310512681199897
-9.79913954744101,1.17230905793545,7.99011122605755,8.03311849243704,3.2457582887056,-2.47821909726368,0.305358931559625
-10.0721377145055,0.764526049674572,7.54651678800299,7.6836532088492,3.01701823227403,-2.5004136194895,0.299688379183509
-10.3368800770608,0.364365306151474,7.10825688876742,7.33678724757032,2.78976369250237,-2.5233908868057,0.293533498163893
-10.593308776604,-0.028101963996233,6.67541423757676,6.99258239695181,2.56413758001408,-2.54708988651385,0.286925727012799
-10.8413843952214,-0.412829837454195,6.24804900536997,6.65108972085527,2.34027763802024,-2.57144941657504,0.279895372930278
-11.0810849106567,-0.789796133673605,5.82620026561181,6.31235034316988,2.11831637831794,-2.59640835043954,0.272471542538468
-11.312404631335,-1.15900084319979,5.40988746832034,5.97639626589359,1.89838107114767,-2.62190581979437,0.264682097852474
-11.5353531200518,-1.52046454014633,4.99911193416224,5.6432512126715,1.68059378458594,-2.64788131697531,0.256553636122865
-11.7499541139188,-1.87422679046908,4.59385835684086,5.31293149011944,1.46507146849443,-2.67427471982695,0.24811149209077
-11.9562444469652,-2.22034456594104,4.19409630355959,4.98544685988051,1.25192607759339,-2.70102624258406,0.2393797611404
-12.1542729805602,-2.55889067190193,3.79978170501348,4.6608014151137,1.04126472795032,-2.72807631690931,0.230381341809764
-12.3440995455962,-2.88995219501677,3.41085832807814,4.33899445595245,0.833189881057042,-2.75536540757371,0.221137996122454
-12.52579389919,-3.21362897548282,3.02725922606973,4.02002135935115,0.627799549679765,-2.78283376743681,0.21167042622597
-12.699434697541,-3.5300321064154,2.648908163097,3.70387443962562,0.425187519786871,-2.81042113639978,0.20199836585928
-12.8651084855623,-3.83928246155612,2.27572101057567,3.3905437968546,0.225443583061116,-2.83806638889854,0.192140685218846
-13.0229087029805,-4.14150925100606,1.90760711540165,3.08001815112136,0.0286537747694846,-2.86570713430394,0.182115507843304
-13.1729347058064,-4.43684860341651,1.54447064055163,2.77228566131036,-0.165099387929471,-2.89327927433483,0.17194033818778
-13.3152908014002,-4.72544217197494,1.18621187998928,2.46733472782316,-0.355736671823855,-2.92071652129309,0.161632198605551
-13.4500852948302,-5.0074357606327,0.832728550676461,2.16515477911556,-0.54318190187026,-2.94794988062758,0.151207774493819
-13.5774295438215,-5.28297796632323,0.48391706522055,1.86573704238277,-0.727361747684348,-2.9749071010516,0.140683566388706
-13.6974370193543,-5.55221883244561,0.139673789206492,1.56907529900634,-0.908205525844733,-3.00151209520107,0.130076047809446
-13.8102223688793,-5.81530850863771,-0.200103712439053,1.27516662552449,-1.08564502122109,-3.02768433365305,0.119401827650755
-13.9159004791982,-6.07239591185423,-0.535515435645761,0.984012120875567,-1.259614330222,-3.05333821504839,0.108677815903267
-14.014585536311,-6.32362738402156,-0.866657699755088,0.695617620483406,-1.43004972855568,-3.07838241510362,0.0979213914427995
-14.1063900799897,-6.56914534208484,-1.1936219087161,0.409994397381141,-1.59688956581425,-3.10271921747534,0.0871505705681705
-14.1914240514969,-6.80908691712123,-1.51649330800288,0.127159849996482,-1.76007418891508,-3.1262438297812,0.0763841748824279
-14.26979383378,-7.04358258041093,-1.83534973548824,-0.152861824583722,-1.91954589616996,-3.14884368860563,0.0656419970021614
-14.341601284631,-7.27275475596531,-2.15026036604807,-0.430038974101922,-2.0752489234858,-3.17039775804905,0.0549449624421561
-14.4069427647729,-7.49671642107175,-2.46128445165363,-0.704331854933637,-2.22712946393494,-3.19077582733904,0.0443152858566832
-14.4659081646132,-7.71556969895727,-2.7684700611677,-0.975692021388528,-2.37513572164625,-3.20983781422973,0.0337766196228276
-14.5185799355531,-7.92940445077428,-3.07185282706422,-1.2440617476416,-2.51921800066942,-3.22743308239236,0.0233541925245956
-14.5650321342657,-8.13829687779772,-3.37145470986783,-1.50937349171152,-2.65932882912903,-3.24339978275645,0.0130749360388543
-14.6053294912953,-8.34230814905723,-3.66728279531523,-1.77154941354783,-2.79542311861713,-3.25756423080967,0.00296759543616437
-14.6395265186904,-8.54148307462801,-3.95932814409492,-2.03050096229063,-2.92745835836128,-3.26974033419922,-0.00693717740650496
-14.6676666751614,-8.73584885048722,-4.24756471953548,-2.28612855111398,-3.05539484324258,-3.27972908759123,-0.0166067529243161
-14.6897816114399,-8.92541390718848,-4.53194842476583,-2.53832134172717,-3.179195934228,-3.28731815460079,-0.0260064783147486
-14.7058905230371,-9.11016690155107,-4.81241628759577,-2.78695716451928,-3.29882834921554,-3.29228155965745,-0.0350996616839322
-14.7159996423874,-9.29007589798708,-5.08888583854695,-3.03190260439487,-3.41426248167793,-3.29437951583477,-0.0438475904098247
-14.7201019072517,-9.4650877938016,-5.3612547349044,-3.27301328640796,-3.52547274382891,-3.29335841783659,-0.0522095885708861
-14.7181768470606,-9.63512805051599,-5.6294006910771,-3.51013439915104,-3.63243793033545,-3.28895103233929,-0.0601431185618627
-14.7101907333033,-9.80010080058168,-5.89318178255427,-3.74310149721119,-3.73514159786441,-3.28087692053605,-0.0676039322019362
-14.696097043762,-9.95988940524021,-6.15243719679636,-3.97174162650291,-3.83357245498857,-3.26884312976017,-0.0745462766923524
-14.6758372928838,-10.1143575440696,-6.40698850883462,-4.19587481747039,-3.92772475618872,-3.25254519216726,-0.0809231606498177
-14.6493422813093,-10.2633509190925,-6.65664156133713,-4.41531599046901,-4.0175986928711,-3.23166846826497,-0.0866866850697602
-14.6165338158906,-10.4066996552193,-6.90118902744919,-4.62987731444453,-4.10320077346402,-3.20588987118289,-0.091788443395142
-14.5773269466679,-10.54422147311,-7.14041372870034,-4.83937105361044,-4.18454418374181,-3.17488000352916,-0.0961799938141909
-14.531632758458,-10.6757256990273,-7.3740927684605,-5.04361292641287,-4.26164911751372,-3.1383057320416,-0.0998134054187651
-14.4793617411083,-10.8010181576335,-7.60200252256076,-5.2424259859128,-4.33454306666609,-3.09583321560045,-0.102641877868515
-14.420427743381,-10.9199069667543,-7.82392450158305,-5.43564501013273,-4.40326105820427,-3.04713138921461,-0.104620431688619
-14.3547524902491,-11.0322092168901,-8.03965206298782,-5.62312136440912,-4.46784582434103,-2.99187589017272,-0.105706663276549
-14.2822706118606,-11.1377584721251,-8.24899790513268,-5.80472826518882,-4.52834788977774,-2.92975339276225,-0.105861555147509
-14.2029350946927,-11.2364129730817,-8.45180221939167,-5.98036633627452,-4.58482555808677,-2.86046629523101,-0.105050328009924
-14.1167230222372,-11.328064357612,-8.64794131194038,-6.14996930514342,-4.63734477654046,-2.7837376778415,-0.103243317104168
-14.0236414253888,-11.4126466429841,-8.83733643535209,-6.31350964026965,-4.68597885591907,-2.69931642526509,-0.100416851111651
-13.9237330138996,-11.4901451377047,-9.01996249525489,-6.47100388285404,-4.73080801892353,-2.60698238198941,-0.0965541081775954
-13.817081512983,-11.5606048764603,-9.19585622359991,-6.62251738136612,-4.77191874807961,-2.50655138812678,-0.0916459205865282
-13.7038162874474,-11.6241381039168,-9.36512334355528,-6.76816809898638,-4.80940290181911,-2.39788002758492,-0.0856914978214011
-13.584115904245,-11.6809302793286,-9.52794419869191,-6.90812913714377,-4.84335656623627,-2.28086991367011,-0.0786990375600209
-13.4582102679823,-11.7312440416653,-9.68457728854128,-7.04262960782797,-4.87387861039885,-2.1554713412873,-0.0706861959922761
-13.3263809675094,-11.7754205717706,-9.83536015123179,-7.17195349789541,-4.90106891563149,-2.02168615182979,-0.0616803929301747
-13.1889594991828,-11.8138778204591,-9.98070706820175,-7.29643620398847,-4.92502625444491,-1.87956968744356,-0.0517189335911677
-13.0463230864288,-11.8471051440554,-10.1211031404796,-7.4164584792766,-4.94584580321512,-1.72923175504489,-0.0408489374790735
-12.8988878965459,-11.8756540035753,-10.2570944024784,-7.53243762332748,-4.96361628459614,-1.57083657505219,-0.0291270750048
-12.7470995627698,-11.9001245390548,-10.3892737960791,-7.64481586202318,-4.97841675101968,-1.40460175134595,-0.0166191236484199
-12.5914210485451,-11.9211480213195,-10.5182630197543,-7.75404600114098,-4.99031303924819,-1.23079636205251,-0.00339936660900958
-12.432318035632,-11.93936540124,-10.6446904860253,-7.86057458849471,-4.99935394729066,-1.04973832887227,0.0104501330685988
-12.2702421702875,-11.9554024098989,-10.7691658543262,-7.96482297724742,-5.00556720828423,-0.861791268994078,0.0248403420549842
-12.1056126534757,-11.9698418990024,-10.8922518423165,-8.06716683818798,-5.00895536022227,-0.667361061839423,0.0396761044601897
-11.9387968027668,-11.9831943354742,-11.0144342431366,-8.16791481232796,-5.00949163455244,-0.466892368050419,0.0548569813506507
-11.7700903365483,-11.99586756396,-11.1360912756676,-8.26728711857391,-5.00711600945465,-0.260865317588074,0.0702780389991244
-11.5996982274557,-12.0081371133269,-11.2574635571014,-8.36539502676291,-5.00173159370787,-0.0497925376345226,0.0858305501442048
-11.4277170345549,-12.020118436808,-11.3786261007635,-8.46222216721462,-4.99320152300951,0.16578337766616,0.101402583326809
-11.2541196465704,-12.0317425298058,-11.4994637968092,-8.55760866796438,-4.98134656075882,0.385291938672356,0.11687946865237
-11.0787433458111,-12.0427363549864,-11.6196518194281,-8.6512390841739,-4.96594359778084,0.608136448900518,0.132144142842462
-10.9012820293944,-12.0526094122752,-11.7386423124077,-8.74263500527014,-4.94672523815589,0.8336954773847,0.147077390768484
-10.7212832968455,-12.0606476141358,-11.8556585273207,-8.83115308920904,-4.92338063909839,1.061324358352,0.161558013366287
-10.5381509289437,-12.0659153592391,-11.9696973198854,-8.91598907669371,-4.89555773980845,1.29035701491274,0.175462961609135
-10.3511530429471,-12.0672663405551,-12.0795405499351,-8.99618808148252,-4.86286696623614,1.52010842364844,0.188667482031324
-10.1594359203919,-12.0633631853282,-12.1837754868634,-9.07066114203056,-4.82488643587959,1.74987801831018,0.2010453204986
-9.96204317877546,-12.0527055234355,-12.2808238143358,-9.13820766819661,-4.78116861106721,1.97895427143253,0.212469027345392
-9.75793961862232,-12.0336655488203,-12.3689782872703,-9.1975430469876,-4.73124826489349,2.20662059550678,0.222810399000626
-9.54603875100375,-12.0045296194601,-12.4464455646306,-9.24733031399215,-4.67465153762964,2.43216257857241,0.231941079681755
-9.32523273065761,-11.9635439864181,-12.5113932762429,-9.28621448869298,-4.6109057814285,2.65487642549604,0.239733332973237
-9.0944232201297,-11.9089624055523,-12.561999035565,-9.31285794970304,-4.53954982680776,2.87407833203705,0.246060978740185
-8.85255161948058,-11.8390932132007,-12.5964989312904,-9.32597512244562,-4.46014426455701,3.08911439161535,0.250800477564529
-8.59862713198696,-11.7523434705057,-12.6132330509893,-9.32436478763101,-4.37228132814341,3.29937054082381,0.253832134272137
-8.3317513015955,-11.6472580076079,-12.6106858181067,-9.30693849814356,-4.27559398768252,3.50428200165674,0.255041385287914
-8.05113793827826,-11.522551609677,-12.5875193407123,-9.27274389978248,-4.16976392604343,3.70334168266812,0.254320132075369
-7.75612771279126,-11.3771331374834,-12.5425985318053,-9.22098215523581,-4.05452815515216,3.89610705729959,0.251568084692169
-7.44619711152943,-11.2101210035204,-12.4750074031285,-9.15101912559518,-3.9296841368197,4.08220513802034,0.246694084812549
-7.12096184979708,-11.0208500600753,-12.3840565852963,-9.06239041924381,-3.79509338592372,4.26133529688221,0.239617385258705
-6.78017520563367,-10.8088705312437,-12.2692827178586,-8.95480082656063,-3.6506836424635,4.43326983075238,0.230268871745044
-6.42372202354691,-10.5739400834198,-12.1304408286618,-8.82811898296833,-3.49644979200114,4.59785231666513,0.218592220795766
-6.05160932869076,-10.3160104452242,-11.9674911479513,-8.6823683191769,-3.33245378288247,4.75499393541857,0.204544994518844
-5.6639545820892,-10.0352101473122,-11.7805819671376,-8.51771545847468,-3.15882382813548,4.90466804963214,0.188099677372575
-5.26097260399744,-9.73182496422228,-11.5700301636223,-8.33445721305913,-2.97575318805462,5.04690340056738,0.169244661953884
-4.84296211199887,-9.4062775283701,-11.3363008954274,-8.13300723152444,-2.78349880704658,5.18177633520624,0.147985190286403
-4.41029268433809,-9.05910738274206,-11.0799877552758,-7.9138831804896,-2.58238002847248,5.30940249407128,0.124344254509867
-3.96339278941312,-8.69095247816687,-10.8017943983738,-7.67769512946889,-2.37277753879582,5.42992838602461,0.0983634568559139
-3.50273933921648,-8.30253283488994,-10.5025183542876,-7.42513557261025,-2.15513260341666,5.5435232546033,0.0701038239567833
-3.02884904378877,-7.89463680264247,-10.1830374285612,-7.15697128388678,-1.92994655823289,5.65037160677965,0.0396465654152242
-2.54227167699383,-7.46811008805274,-9.8442988154585,-6.87403698010978,-1.69778042123638,5.75066673354812,0.00709376157085828
-2.04358521870488,-7.02384748655517,-9.48731079488896,-6.57723057179967,-1.4592543961803,5.84460550487632,-0.0274310392204727
-1.53339271929874,-6.56278706652189,-9.11313668494693,-6.26750962594633,-1.2150469650506,5.93238466990946,-0.0637823376046368
-1.01232064160807,-6.08590641130891,-8.72289057380674,-5.94588855544773,-0.965893217433115,6.01419883587374,-0.101792341953776
-0.481018374366375,-5.5942204330981,-8.31773426566885,-5.61343599420434,-0.712582052017011,6.09024023374728,-0.141270799266467
0.0598414199718158,-5.08878023187989,-7.89887484749877,-5.27127181905438,-0.455951915883827,6.16070030286508,-0.182005031194317
0.609561961761576,-4.57067248296613,-7.46756231637947,-4.920563341694,-0.196884825437188,6.22577303793259,-0.223760209959452
1.1674213274051,-4.04101889405898,-7.02508679804746,-4.56252031319269,0.063701460913648,6.28565993934578,-0.266279909930147
1.73267150042655,-3.50097537215428,-6.57277502805488,-4.19838855339316,0.324863079032905,6.34057629213846,-0.309286970647767
2.30453769061027,-2.95173067180467,-6.11198594552247,-3.82944222427291,0.585641264149354,6.39075837387324,-0.352484705997199
2.88221802829339,-2.3945044460141,-5.64410544809418,-3.45697499128037,0.84507466929725,6.4364710641213,-0.395558491886323
3.46488365503228,-1.83054477239084,-5.17054055360519,-3.0822905358187,1.10221213426237,6.47801520795476,-0.438177761209468
4.05167915412432,-1.26112536112271,-4.69271338461718,-2.70669306846976,1.35612506839168,6.51573398632564,-0.479998430006868
4.64172320587497,-0.687542748766242,-4.21205551184523,-2.33147861911689,1.60591849667831,6.55001748286087,-0.52066577255003
5.23410932262315,-0.111113826252524,-3.73000324035588,-1.95792792308905,1.85073978807482,6.58130462594801,-0.559817755406916
5.82790652381649,0.466825970243012,-3.24799438372803,-1.58730166510461,2.08978415560997,6.61008174250187,-0.597088830996822
6.42215985363803,1.04492356415385,-2.76746694134211,-1.22083867873645,2.32229619800151,6.63687709751307,-0.632114179152706
7.01589071902625,1.62180814633563,-2.28985987951115,-0.859757434487805,2.54756703890507,6.66225101718262,-0.664534370081965
7.60809712489422,2.19609018744403,-1.8166159373575,-0.505260803806538,2.76492699670149,6.68678149994026,-0.694000403287449
8.19775399169437,2.76635987262115,-1.34918606300473,-0.158543691218657,2.97373415607022,6.71104559444286,-0.720179054353386
8.78381384109393,3.33118548482537,-0.889034772233383,0.179197276523346,3.17335967276883,6.73559723977429,-0.742758435679468
9.36520821118589,3.8891124336425,-0.43764545060675,0.506753180459975,3.36317107753727,6.76094268162086,-0.761453649964735
9.94085019892839,4.43866373171843,0.00347557095850171,0.822892815700199,3.54251520333955,6.787514951243,-0.776012389270612
10.5096385154332,4.9783427417875,0.432797418272502,1.12635488809383,3.71070259449645,6.81564917007347,-0.78622031136972
11.0704633775661,5.50663894536399,0.848766758342674,1.41584402066882,3.86699532797479,6.84556057422681,-0.791906012499423
11.622214452839,6.02203732346578,1.24981459461692,1.69003203039733,4.01060006245684,6.87732710524913,-0.792945414573032
12.1637909357299,6.52303170529333,1.63436850737957,1.94756561848752,4.1406678254848,6.91087817183563,-0.789265396802845
12.6941136779097,7.0081421555406,2.00087068691523,2.1870811640184,4.25630157004759,6.94599076357404,-0.780846525900616
13.2121391381774,7.47593616134088,2.34780166070852,2.4072267580001,4.35657191701346,6.98229353020353,-0.767724772739463
13.7168747732773,7.92505307114296,2.6737091466645,2.60669100909899,4.44054080300696,7.01927878878206,-0.749992142207192
14.2073953667185,8.35423095138655,2.97724100810954,2.78423754414588,4.50729203949159,7.05632176019428,-0.727796182071488
14.6828596932481,8.76233477909197,3.25718087616484,2.93874356724117,4.55596712638462,7.09270574103327,-0.701338371895657
15.1425268429218,9.14838469221998,3.51248467062177,3.06924037903619,4.58580411773487,7.12765145266279,-0.67087142210199
15.5857714818648,9.51158288680896,3.74231601887402,3.1749534359552,4.59617696396979,7.16034852287021,-0.636695536210118
16.0120973102286,9.85133769379451,3.94607846915622,3.2553393842355,4.58663259710247,7.18998696952989,-0.599153708169019
16.4211479984013,10.1672834041754,4.12344244171853,3.31011756244008,4.55692310605201,7.21578666785313,-0.55862614475579
16.8127149493354,10.4592945530896,4.27436507520835,3.33929374099309,4.50703067097439,7.23702306890696,-0.515523923231883
17.1867413560757,10.7274936295615,4.39910150806703,3.34317435092214,4.43718346557835,7.25304785623568,-0.470282018377482
17.5433222019662,10.9722515447996,4.49820666935491,3.32237011430637,4.34786144642352,7.26330372828067,-0.423351860002563
17.8827000799948,11.1941806460529,4.5725272997509,3.27778876762249,4.23979175645869,7.26733302147517,-0.375193609152815
18.2052569694453,11.3941205645422,4.6231846186178,3.21061738556828,4.11393428852864,7.26478038894147,-0.326268364053562
18.5115023746615,11.5731176796157,4.65154871877097,3.12229557406789,3.97145869045447,7.25539017648636,-0.277030520605893
18.8020584690627,11.7323994062029,4.65920632617036,3.01448141675078,3.8137146634149,7.23899945665863,-0.227920513192295
19.0776430655925,11.873344814298,4.64792393911436,2.88901245808133,3.64219775035654,7.21552787342622,-0.179358147877751
19.3390513287957,11.997453230764,4.61960851898765,2.74786415003436,3.45851290576342,7.18496551109632,-0.131736712422063
19.5871371433562,12.1063124437774,4.57626783513345,2.59310807889511,3.2643379947134,7.14735994322085,-0.0854180086281933
19.8227949643183,12.2015679445802,4.51997229798044,2.42687196350345,3.06138903367709,7.10280346443492,-0.0407284066307467
20.0469428142786,12.2848943386292,4.45281970301722,2.25130294349762,2.85138852676408,7.05142129216822,0.00204402759277689
20.2605068907258,12.3579696913931,4.37690382469521,2.06853513688978,2.63603774640706,6.99336128005357,0.0426513267563605
20.4644080336562,12.4224531984575,4.29428731578995,1.88066191938406,2.4169933282909,6.92878544217676,0.0808863757712192
20.6595501078983,12.4799662333651,4.20697894418514,1.68971292641905,2.19584815119009,6.8578633722502,0.116582696039949
20.8468101970966,12.5320765633168,4.11691487524917,1.49763544253607,1.97411618475787,6.78076747100078,0.149613359726707
21.0270303981907,12.5802853484761,4.02594350059397,1.30627963521847,1.75322082012229,6.69766977622122,0.179889153074596
21.2010109480207,12.6260164545169,3.93581321866923,1.11738700327112,1.53448613767481,6.60874012272561,0.207356120693912
21.3695044012103,12.6706075968783,3.84816256959111,0.93258141887924,1.31913058901566,6.51414533748885,0.231992629161196
21.5332105997253,12.7153028782886,3.76451218788392,0.753362215832447,1.108262645431,6.41404918841348,0.2538060888402
21.6927722167935,12.7612463559331,3.68625813319337,0.581098881940215,0.902878064251214,6.30861284185258,0.272829468133098
21.8487707094374,12.8094763611317,3.61466626537709,0.417027024626301,0.703858523242171,6.1979956330116,0.289117725008615
22.0017225656162,12.8609203777312,3.55086742878281,0.262245376632885,0.511971455890785,6.08235600512292,0.302744267368803
22.1520757782711,12.9163903570639,3.49585329130048,0.117713684287797,0.327870979217889,5.96185252069145,0.313797537507353
22.3002065171311,12.9765784045414,3.45047274459891,-0.0157486276496044,0.152099839543837,5.83664488657718,0.322377797628641
22.446416000344,13.0420528174374,3.41542881596314,-0.137463088822427,-0.0149076858349992,5.70689496201287,0.328594174268412
22.5909275938615,13.1132544894773,3.39127607551647,-0.246892168968034,-0.17282199558252,5.57276773461398,0.332562000596615
22.7338841895949,13.1904937304834,3.37841855225039,-0.343638657348934,-0.321413555070674,5.43443225521499,0.33440047798113
22.875345935878,13.2739475827421,3.37710820396509,-0.427444460621862,-0.460547559012872,5.29206252009577,0.334230662634364
23.0152884168521,13.3636577522007,3.38744402327975,-0.498188821510895,-0.590177964783912,5.1458382814689,0.332173770186552
23.1536014007585,13.4595293118521,3.40937190459673,-0.555885930845125,-0.710341001358383,4.99594575678242,0.328349780901053
23.2900882990083,13.561330373901,3.44268544246563,-0.60068186987798,-0.821148259665619,4.84257819714399,0.32287632099874
23.4244664952647,13.6686929615449,3.48702787472368,-0.632850782448024,-0.922779466463534,4.68593626741101,0.315867791026286
23.5563687128035,13.7811153340168,3.54189541682107,-0.65279014333597,-1.01547503715465,4.52622818718661,0.307434710081421
23.6853455851215,13.8979660230996,3.60664224896805,-0.661014966740399,-1.09952849523499,4.3636695845156,0.297683244606183
