0.4,0.4,0.4,0.4,0.4,0.4,0.4
0.399886635664692,0.399867508809843,0.399869434337548,0.399895866235435,0.39995402901302,0.400063851395124,0.400311658523862
0.399660051802786,0.399602611117634,0.399608293657422,0.399687468181689,0.399861807470295,0.400191078404245,0.40093414698619
0.399320537331806,0.399205475799976,0.399216558975797,0.399374544681399,0.399722776176678,0.400380729224489,0.401865806637894
0.398868525679383,0.398676357027805,0.398694203209846,0.398956705387376,0.399536096932189,0.400631374539623,0.403104140455647
0.398304594406072,0.398015594781256,0.398041192349554,0.398433432039296,0.39930065308295,0.400941105844993,0.404645803671572
0.397629464715217,0.397223615550623,0.397257487041876,0.397804080195973,0.39901505028597,0.401307533222536,0.40648659111029
0.39684400083609,0.396300933206363,0.396343044576224,0.39706788142474,0.398677617502156,0.401727782585765,0.408621421367907
0.395949209277948,0.395248150034432,0.395297821275862,0.396223945966011,0.398286408244658,0.402198492410592,0.411044317797705
0.394946237948423,0.394065957926207,0.394121775289412,0.39527126587932,0.397839202102145,0.402715809983471,0.41374838643904
0.393836375132535,0.392755139717988,0.392814869791901,0.394208718703168,0.397333506584228,0.403275387187526,0.416725790727117
0.392621048326191,0.391316570668872,0.391377076592202,0.393035071643896,0.396766559323335,0.40387237586926,0.419967723084649
0.391301822918039,0.389751220066268,0.389808380148487,0.391748986320066,0.396135330682409,0.404501422830378,0.423464373375191
0.389880400713274,0.388060152946728,0.38810878199194,0.390349024089839,0.395436526823356,0.405156664500159,0.427204894216916
0.388358618292496,0.386244531918133,0.386278305557849,0.388833651990957,0.394666593298516,0.405831721355333,0.431177363153362
0.386738445198571,0.38430561906779,0.384317001422116,0.387201249325017,0.393821719235348,0.406519692167588,0.435368741674985
0.385021981943959,0.382244777938964,0.382224952939219,0.385450114919044,0.392897842192606,0.407213148174119,0.439764831084094
0.383211457830871,0.380063475556582,0.380002282275684,0.383578475098565,0.3918906537748,0.407904127283918,0.444350225194767
0.381309228576875,0.377763284481334,0.377649156831001,0.381584492407337,0.390795606100669,0.408584128452003,0.449108259859141
0.379317773738254,0.375345884868995,0.37516579603456,0.37946627510847,0.38960791923008,0.409244106375922,0.454020959315447
0.377239693923796,0.372813066510021,0.372552478503981,0.377221887501164,0.388322589662651,0.409874466693365,0.459068979358871
0.375077707792222,0.370166730822727,0.36980954954658,0.374849361085849,0.386934400030165,0.410465061886774,0.464231547346357
0.372834648826457,0.367408892770766,0.366937428980675,0.372346706607346,0.385437930112577,0.411005188130692,0.469486399063939
0.370513461878987,0.364541682674227,0.363936619249047,0.369711927002281,0.383827569314999,0.411483583349671,0.474809712507474
0.368117199483025,0.361567347881311,0.360807713790854,0.366943031271385,0.382097530748826,0.411888426789093,0.480176038661063
0.36564901792534,0.358488254266059,0.357551405632567,0.364038049290733,0.380241867064791,0.412207340437686,0.485558229400395
0.363112173077505,0.355306887515569,0.354168496151492,0.360995047567218,0.378254488187715,0.412427392678477,0.490927362706008
0.360510015983792,0.352025854168904,0.350659903958538,0.357812145933207,0.376129181102338,0.412535104583553,0.496252665444192
0.357845988205187,0.348647882368286,0.34702667383897,0.354487535162537,0.373859631835372,0.41251645930661,0.501501434066183
0.355123616920808,0.345175822282321,0.343269985681916,0.351019495475224,0.371439449770731,0.412356915064353,0.506638953690941
0.352346509789518,0.341612646159858,0.339391163320557,0.347406415880506,0.368862194421214,0.41204142223206,0.511628416178577
0.349518349576784,0.337961447972981,0.33539168319645,0.343646814288191,0.366121404760685,0.411554445107984,0.51643083797237
0.346642888553548,0.334225442607065,0.331273182751853,0.339739358295034,0.363210631193927,0.410879988923426,0.5210049786943
0.343723942676093,0.330407964556041,0.327037468444696,0.335682886527229,0.360123470206679,0.410001632687462,0.5253072617246
0.340765385558009,0.326512466081462,0.32268652327137,0.331476430391532,0.356853601694513,0.408902568454281,0.529291698285954
0.337771142247325,0.322542514794442,0.318222513672781,0.327119236055719,0.353394828914853,0.407565647582933,0.532909816893197
0.334745182823714,0.318501790620337,0.313647795689544,0.32261078644459,0.349741120940969,0.405973434520093,0.536110600424318
0.33169151583213,0.314394082106621,0.308964920222375,0.317950823000196,0.345886657419016,0.404108268571356,0.538840433524265
0.328614181570149,0.310223282034904,0.304176637243966,0.313139366914798,0.341825875338486,0.401952334031039,0.541043063574424
0.325517245246346,0.305993382297876,0.299285898798552,0.308176739502301,0.337553517422407,0.399487738909431,0.542659579052978
0.322404790025981,0.301708468000958,0.294295860614925,0.303063581328879,0.333064681626071,0.396696602325389,0.543628409779119
0.319280909977512,0.297372710745936,0.289209882147482,0.297800869676425,0.328354871102458,0.393561150417105,0.54388535428124
0.316149702928623,0.292990361049428,0.284031524847657,0.292389933863862,0.323420043849976,0.390063820361951,0.543363640358598
0.313015263232821,0.288565739841883,0.278764548454368,0.286832467901652,0.318256661105461,0.38618737178662,0.541994025819064
0.309881674436273,0.284103228981965,0.273412905076123,0.281130539904563,0.312861733385367,0.381915004492798,0.539704947372305
0.306753001818715,0.279607260705879,0.267980730818685,0.27528659763776,0.307232862914877,0.377230481026618,0.536422726735301
0.303633284760596,0.275082305910173,0.262472334689918,0.269303469522525,0.301368281023599,0.37211825219172,0.532071844159559
0.300526528860066,0.270532861138754,0.256892184486893,0.263184360381604,0.295266878934595,0.366563583161301,0.5265752908063
0.297436697686622,0.265963434109351,0.251244889339355,0.256932841162467,0.288928230239897,0.360552677406163,0.519855012660079
0.294367704011625,0.261378527569953,0.245535178547326,0.250552831841316,0.282352603250582,0.354072795252424,0.511832459956071
0.291323400298774,0.256782621222155,0.239767876310461,0.244048576686022,0.275540961347165,0.34711236355286,0.502429257360398
0.288307568168692,0.252180151385023,0.233947871903168,0.237424611046032,0.268494949451295,0.339661072744594,0.491568011323775
0.285323906471408,0.247575488002026,0.228080084806229,0.230685718849176,0.261216864811656,0.331709957527664,0.47917327203214
0.282376017509393,0.242972908516762,0.222169424266608,0.223836880027166,0.253709610465835,0.323251457592239,0.465172668062369
0.279467390855277,0.238376568066232,0.216220742730833,0.216883207176278,0.24597663003027,0.31427945531082,0.449498232009948
0.276601384107757,0.233790465371096,0.210238782594279,0.209829870902154,0.238021822907833,0.3047892881565,0.432087934689873
0.273781199835713,0.229218403652705,0.20422811574448,0.202682013517625,0.229849439614958,0.294777734863831,0.412887443603087
0.271009857888177,0.224663945894033,0.198193075471889,0.195444651084084,0.221463957745572,0.284242976053782,0.391852117639674
0.268290162215971,0.220130363808429,0.192137680501974,0.188122564237762,0.212869940133104,0.273184532211172,0.36894924371569
0.265624661385631,0.215620580014854,0.186065551198529,0.180720178851971,0.204071878062937,0.261603184504153,0.344160511298973
0.263015602100009,0.2111371031746,0.179979818433326,0.173241438383245,0.195074023932059,0.249500886889591,0.317484706529569
0.260464875309584,0.206681956257411,0.173883026242472,0.165689670752481,0.185880219530697,0.236880681099671,0.288940587830296
0.257973954941811,0.202256598706836,0.167777030218109,0.158067453823269,0.176493728077651,0.223746629211223,0.25856987870446
0.255543829923233,0.197861844083955,0.161662894616138,0.150376484926167,0.16691708016463,0.210103781213044,0.226440280594783
0.25317493103268,0.193497775778477,0.155540792362406,0.142617461358236,0.157151945672669,0.195958196859271,0.192648370114107
0.250867055180862,0.189163664535991,0.149409913422724,0.134789980211493,0.147199045244683,0.181317041592524,0.157322203270736
0.248619290887649,0.184857892750764,0.143268388210506,0.126892467024308,0.137058115677399,0.166188774869778,0.120623409422203
0.246429949882552,0.180577891535628,0.137113233610235,0.118922143303704,0.12672794321592,0.150583445311231,0.0827485270726806
0.244296510677316,0.176320097261391,0.130940329509373,0.110875042590297,0.116206476780799,0.134513100391544,0.0439293218695354
0.24221558039388,0.17207993428119,0.124744433157754,0.102746083113132,0.105491029321199,0.117992308921032,0.00443184448046945
0.240182880817188,0.167851829671606,0.118519236979932,0.0945292020171964,0.0945785696979477,0.101038782824242,-0.0354459593223926
0.23819326339635,0.16362926389727,0.112257472585343,0.0862175516913315,0.0834661000535715,0.0836740717695511,-0.0753781792485702
0.236240755716586,0.159404858405395,0.105951059839489,0.07780375325535,0.0721511052535635,0.0659242915731646,-0.115016375386379
0.234318639011197,0.155170497602113,0.0995912954536279,0.0692801964962319,0.0606320528016886,0.04782083678662,-0.153996332989146
0.232419553011409,0.150917479007712,0.0931690713330192,0.0606393704188506,0.0489089149504536,0.0294010211697172,-0.1919458095623
0.23053562142988,0.146636682309569,0.086675109688424,0.0518742050556503,0.0369836807392589,0.0107085880654693,-0.228492834975135
0.228658589232686,0.142318746149725,0.0801002003212255,0.0429784039687487,0.0248608251496669,-0.00820596349531862,-0.263274067185954
0.226779961998,0.137954241176816,0.0734354258616575,0.0339467482141488,0.0125477055641511,-0.027285282143591,-0.295942712410718
0.224891138214514,0.13353382917887,0.0666723629563131,0.0247753561119183,5.48616698672055e-05,-0.0464653289446808,-0.326175585490652
0.222983527140249,0.129048400656266,0.0598032509514652,0.0154618882220743,-0.0126037972059245,-0.0656758194257041,-0.353678997256163
0.221048647375867,0.124489186414136,0.0528211237559503,0.00600569249168691,-0.0254109248481627,-0.0848409410204905,-0.378193287120858
0.219078204057361,0.11984784200823,0.0457199045286451,-0.00359211030580867,-0.0383457904734844,-0.103880326219995,-0.399495947304146
0.21706414504489,0.115116506631607,0.0384944660297705,-0.0133285966343678,-0.0513844432719852,-0.122710244865928,-0.417403392215836
0.214998698342001,0.110287839955702,0.0311406615837285,-0.0231990588577467,-0.0644999765826096,-0.141244964366689,-0.431771503531444
0.212874394085101,0.105355041445815,0.0236553325810818,-0.0331970642679952,-0.0776628754861614,-0.159398215256008,-0.442495127402351
0.210684074834883,0.100311856855945,0.0160362984662675,-0.0433145460500327,-0.0908414294200065,-0.177084692436368,-0.449506719773962
0.208420897733098,0.0951525761840669,0.00828233449757373,-0.0535419183364017,-0.104002190437438,-0.194221520361505,-0.452774336125739
0.206078331562136,0.0898720265861382,0.000393141533111267,-0.0638682085166024,-0.117110457710238,-0.210729613593247,-0.452299150246927
0.203650151058113,0.0844655628341007,-0.00763068904145669,-0.0742812011068649,-0.130130769610548,-0.226534872353694,-0.448112668556398
0.201130430136902,0.0789290570327423,-0.0157877131762699,-0.0847675885547655,-0.143027386064744,-0.241569165061552,-0.440273785635817
0.198513535099112,0.0732588885891761,-0.0240756735893108,-0.0953131252373083,-0.155764745740727,-0.255771065111577,-0.428865805046874
0.195794118434294,0.0674519349030237,-0.0324915401418318,-0.105902781577429,-0.168307884920326,-0.269086325783357,-0.413993527987666
0.19296711355399,0.0615055629139666,-0.0410315508908375,-0.116520895674314,-0.180622807528149,-0.281468093569087,-0.395780491176973
0.190027730627395,0.0554176214757037,-0.0496912537153409,-0.127151320171783,-0.19267679863581,-0.292876874998631,-0.374366414661176
0.186971453637033,0.0491864344760266,-0.0584655484383087,-0.137777562342706,-0.20443867672165,-0.303280284169147,-0.349904900198778
0.183794038775974,0.0428107946441056,-0.0673487293131611,-0.148382915608999,-0.21587898291866,-0.312652607043942,-0.322561401812235
0.18049151433726,0.0362899580357738,-0.0763345276648954,-0.158950580995567,-0.226970108303005,-0.320974223988034,-0.292511472424906
0.177060182271735,0.0296236392325527,-0.0854161544117611,-0.169463777362191,-0.237686362843736,-0.328230934136522,-0.259939274674591
0.173496621592739,0.0228120073080401,-0.0945863421702983,-0.179905839678213,-0.248003991845302,-0.334413224486484,-0.225036330442177
0.169797693773419,0.0158556825940026,-0.103837386677072,-0.190260305088924,-0.257901147481688,-0.3395155236487,-0.188000472722988
0.165960550210329,0.00875573421476166,-0.113161187344921,-0.200510987040977,-0.267357824280287,-0.343535475616928,-0.149034955495012
0.161982641717112,0.00151367825641847,-0.122549286899956,-0.210642038245911,-0.276355768126666,-0.346473263297045,-0.108347672430225
0.157861729870897,-0.00586852369280179,-0.131992910199938,-0.220638003718688,-0.284878368516318,-0.348331005386636,-0.0661504338092465
0.15359589987242,-0.013388466038491,-0.141483002491777,-0.230483865484624,-0.292910543392279,-0.349112243902972,-0.0226582529081329
0.149183574413079,-0.0210433012587163,-0.151010267500184,-0.240165080762755,-0.300438625021918,-0.348821533517493,0.0219114016200211
0.144623527885241,-0.0288297432265552,-0.160565205826527,-0.249667615478083,-0.307450254053278,-0.347464138077804,0.0673394224696215
0.139914900144337,-0.0367440725088727,-0.170138154156779,-0.25897797481934,-0.313934287249465,-0.345045834436099,0.113405973566539
0.135057208950446,-0.0447821443852831,-0.179719325718528,-0.268083232253428,-0.319880722549769,-0.341572819071339,0.159891504166681
0.130050360197954,-0.0529394002727954,-0.18929885228812,-0.27697105796474,-0.325280643186959,-0.337051709086372,0.206577864265711
0.124894655093544,-0.0612108831108417,-0.198866827841248,-0.285629747158038,-0.330126180747147,-0.33148962605968,0.25324950470101
0.119590793566979,-0.0695912570653362,-0.20841335368579,-0.294048248110846,-0.334410495431293,-0.324894348992761,0.299694733155275
0.114139873388201,-0.0780748316655863,-0.217928584645182,-0.302216189352234,-0.338127770483691,-0.317274521243163,0.345706987873664
0.108543384702345,-0.0866555902181693,-0.227402775608313,-0.310123904940248,-0.341273216876002,-0.308639895850317,0.391086085257
0.102803199958257,-0.095327222075373,-0.236826327560396,-0.317762456554417,-0.343843083911413,-0.299001603970502,0.435639396144226
0.0969215594698234,-0.104083158100224,-0.246189832083493,-0.325123651035861,-0.345834671430489,-0.288372432111175,0.479182908576121
0.0909010530868344,-0.112916608488741,-0.255484113279318,-0.332200052093169,-0.347246339699264,-0.276767095321404,0.521542141632367
0.0847445986416345,-0.121820601998096,-0.264700266121391,-0.338984985123462,-0.348077513748618,-0.264202495260929,0.562552884600008
0.0784554179651572,-0.130788025592414,-0.273829690377633,-0.345472534434383,-0.348328679800702,-0.250697953944197,0.602061747023162
0.0720370113253633,-0.139811663552101,-0.282864119437967,-0.351657532545985,-0.348001372350785,-0.236275415773227,0.639926516780497
0.0654931311352399,-0.148884235186169,-0.291795643609937,-0.357535541653781,-0.34709815137226,-0.220959612114368,0.676016334033218
0.0588277557157684,-0.157998430423777,-0.300616727683728,-0.363102827705019,-0.345622569903471,-0.204778184072837,0.710211697744846
0.0520450637952676,-0.167146942723009,-0.309320222794978,-0.368356327850919,-0.343579132910404,-0.187761760262218,0.742404327911562
0.0451494102954847,-0.176322498905046,-0.317899372813521,-0.373293612271853,-0.340973248778756,-0.169943987284572,0.772496910440321
0.0381453038112997,-0.185517885686485,-0.326347815649047,-0.3779128415256,-0.337811175073871,-0.151361511391102,0.800402752874701
0.0310373860472004,-0.194725972831802,-0.334659579987137,-0.382212720645549,-0.334099960334984,-0.13205391045933,0.826045378239787
0.0238304133389762,-0.203939732976107,-0.342829078051976,-0.386192451225518,-0.329847383666047,-0.112063576075655,0.849358081644741
0.0165292402694136,-0.213152258272709,-0.350851095038982,-0.389851682683199,-0.325061893777332,-0.0914355462161997,0.870283470489264
0.00913880528545774,-0.222356774100799,-0.358720775876805,-0.393190463807449,-0.319752548946746,-0.070217289818705,0.888773004697123
0.00166411814258017,-0.231546650126966,-0.366433609968833,-0.396209195576666,-0.313928959130784,-0.0484584454549718,0.904786548811812
-0.00588975106013858,-0.240715409052472,-0.373985414534404,-0.398908586095492,-0.307601231182125,-0.0262105173435455,0.918291943413421
-0.0135176815342599,-0.24985673339842,-0.381372317123348,-0.401289608342501,-0.300779917840482,-0.00352653305926366,0.929264599431291
-0.0212145104516354,-0.258964470685122,-0.38859073781777,-0.403353461258407,-0.293475970869723,0.0195393315467167,0.937687115719609
-0.0289750409051572,-0.26803263735194,-0.395637371564753,-0.40510153453794,-0.285700698429818,0.0429321535679483,0.943548917833105
-0.0367940494908358,-0.277055421741409,-0.402509171006166,-0.406535377324211,-0.277465726509262,0.066596682714938,0.946845914319945
-0.0446662938021513,-0.286027186438275,-0.40920333008952,-0.407656670847423,-0.268782964013066,0.0904777708759135,0.94758016601108
-0.0525865200961102,-0.294942470212267,-0.415717268660308,-0.408467204905274,-0.259664570913655,0.114520802370096,0.94575956365891
-0.060549471348654,-0.303795989765388,-0.422048618154905,-0.408968857956111,-0.250122928735821,0.138672115364188,0.941397509759158
-0.0685498958673453,-0.312582641432898,-0.42819520843739,-0.409163580492089,-0.240170612568447,0.162879404933399,0.934512601349896
-0.0765825565743482,-0.321297502934897,-0.434155055756952,-0.409053381282328,-0.229820363778193,0.187092098624785,0.925128311879885
-0.084642241015675,-0.329935835225505,-0.439926351747863,-0.408640316027703,-0.219085062643492,0.211261696119932,0.913272671730126
-0.0927237720965491,-0.338493084441668,-0.445507453353193,-0.407926477949846,-0.207977700226227,0.235342065667501,0.898977948516373
-0.100822019490502,-0.346964883916035,-0.45089687352791,-0.40691398984638,-0.196511348945852,0.259289691311237,0.882280329769835
-0.108931911623961,-0.355347056189441,-0.456093272566371,-0.405604997178911,-0.184699131504797,0.283063866503802,0.863219611878951
-0.117048448100522,-0.363635614939475,-0.461095449902818,-0.404001661815957,-0.172554188021995,0.306626831385879,0.841838900194504
-0.12516671240096,-0.371826766731967,-0.465902336248897,-0.402106156123898,-0.160089641448354,0.32994385273276,0.818184325894933
-0.133281884676636,-0.379916912501579,-0.470512985957199,-0.399920657179721,-0.147318561550124,0.35298324723869,0.792304785550039
-0.141389254444984,-0.387902648674459,-0.474926569531031,-0.397447340963524,-0.134253927939637,0.375716350343801,0.764251709302345
-0.149484232995008,-0.395780767858313,-0.479142366235045,-0.394688376471155,-0.12090859279666,0.398117434146277,0.734078863221456
-0.157562365316848,-0.403548259041426,-0.48315975679606,-0.391645919763256,-0.107295244048582,0.420163579039418,0.701842190706729
-0.165619341380644,-0.411202307259951,-0.48697821621576,-0.388322108032528,-0.0934263698576329,0.441834504545894,0.667599696855062
-0.173651006604402,-0.418740292710452,-0.490597306744794,-0.384719053823531,-0.0793142252949868,0.463112365386505,0.631411378514479
-0.181653371366663,-0.426159789300717,-0.494016671089575,-0.380838839576858,-0.0649708020640859,0.483981519132005,0.593339201349867
-0.189622619436232,-0.433458562644949,-0.497236025937555,-0.376683512690988,-0.0504078020704631,0.504428271871792,0.5534471236907
-0.197555115206938,-0.44063456751889,-0.500255155893161,-0.37225508129999,-0.0356366155263062,0.52444060822906,0.511801165243271
-0.205447409639984,-0.447685944795757,-0.503073907914569,-0.36755551095364,-0.0206683041303616,0.544007911799494,0.468469516962281
-0.213296244829639,-0.454611017884835,-0.505692186330686,-0.362586722358545,-0.00551358968417487,0.563120681730284,0.423522686519449
-0.221098557120198,-0.461408288691421,-0.508109948498219,-0.357350590295491,0.00981715169765964,0.581770250725023,0.377033671919786
-0.228851478713909,-0.468076433109878,-0.510327201130683,-0.351848943770604,0.0253138898432012,0.599948509287616,0.329078153952828
-0.236552337721718,-0.474614296051406,-0.512343997295229,-0.346083567388061,0.0409669355259142,0.6176476405255,0.279734696399859
-0.244198656622304,-0.481020885995578,-0.514160434030062,-0.340056203852902,0.0567669307080559,0.634859869330567,0.229084941347975
-0.251788149110865,-0.487295369040712,-0.515776650486666,-0.333768557428177,0.0727048347087077,0.651577229247104,0.17721378571302
-0.259318715338412,-0.493437062413931,-0.517192826449161,-0.327222298086761,0.0887719071345352,0.667791349814459,0.124209524294517
-0.266788435565477,-0.499445427388796,-0.518409181031275,-0.320419066021897,0.104959688514639,0.683493266627503,0.0701639445387656
-0.274195562281305,-0.505320061548058,-0.519425971303358,-0.313360476119781,0.121259979620025,0.698673255778767,0.0151723588293609
-0.281538510870425,-0.511060690323234,-0.520243490562673,-0.306048121961621,0.137664820412417,0.713320693724174,-0.0406664383101204
-0.288815848941973,-0.516667157742787,-0.520862065934837,-0.298483578919826,0.154166469450342,0.727423942948465,-0.0972502981525514
-0.29602628447167,-0.522139416328093,-0.521282054987915,-0.290668405950613,0.170757384382891,0.740970263107542,-0.154473937338081
-0.303168652939771,-0.527477516092041,-0.521503841057459,-0.282604145767452,0.187430203892141,0.753945746616733,-0.212229251141084
-0.310241903678116,-0.532681592619131,-0.521527827023347,-0.274292323206461,0.204177731121289,0.766335276974589,-0.270405717416899
-0.317245085662947,-0.537751854237777,-0.521354427347722,-0.265734441760736,0.220992918273648,0.778122507509762,-0.328890882836861
-0.324177333005095,-0.542688568333349,-0.520984058275133,-0.2569319784551,0.237868851720448,0.789289857768421,-0.387570917781847
-0.331037850393559,-0.547492046891889,-0.520417126205362,-0.247886377440358,0.254798736649193,0.799818524473913,-0.446331221637663
-0.33782589874152,-0.552162631405983,-0.519654014368255,-0.238599042887954,0.271775880053875,0.809688503930864,-0.505057056673654
-0.344540781265456,-0.556700677312329,-0.518695068048198,-0.229071331942242,0.288793670742471,0.818878622936171,-0.563634186555761
-0.351181830199484,-0.561106538161615,-0.517540578713292,-0.219304548620365,0.305845555034115,0.827366575698995,-0.62194949507039
-0.357748394310402,-0.565380549742239,-0.516190767491262,-0.209299939624942,0.322925006943428,0.835128964934503,-0.679891561860092
-0.364239827337056,-0.569523014388451,-0.514645768493589,-0.199058693044893,0.340025491893953,0.842141346132337,-0.737351174753092
-0.370655477433705,-0.573534185699697,-0.512905612517115,-0.188581940864063,0.357140423345618,0.848378274943059,-0.794221762299877
-0.376994677654192,-0.577414253882196,-0.510970211648029,-0.177870766081743,0.374263112132535,0.853813358597799,-0.850399734989925
-0.383256737474663,-0.58116333189769,-0.508839345259536,-0.166926215085437,0.391386708752923,0.858419313201317,-0.905784728837338
-0.389440935319389,-0.584781442570835,-0.506512647837285,-0.155749315718847,0.408504139297962,0.862168029547831,-0.960279750136527
-0.395546512028342,-0.588268506768897,-0.503989598993074,-0.144341101273203,0.425608036120557,0.865030650747014,-1.01379122480841
-0.401572665187052,-0.591624332728759,-0.501269515945238,-0.132702640412565,0.442690664704244,0.866977665375558,-1.06622895960009
-0.407518544228825,-0.594848606569578,-0.498351548661008,-0.120835072836137,0.459743848480322,0.867979020065017,-1.1175060253051
-0.413383246216038,-0.597940883997383,-0.49523467777829,-0.108739650292127,0.4767588935484,0.868004255391569,-1.16753857409267
-0.419165812209933,-0.600900583182109,-0.491917715356367,-0.0964177823939783,0.493726515378478,0.867022668651137,-1.21624560402738
-0.424865224145973,-0.603726978769194,-0.488399308450107,-0.0838710865535114,0.510636769612006,0.86500350659633,-1.26354868405055
-0.430480402143295,-0.606419196977224,-0.484677945461626,-0.0711014412370713,0.527478989038015,0.861916190497787,-1.3093716522459
-0.436010202191032,-0.608976211730189,-0.480751965197061,-0.0581110416689886,0.544241728702339,0.857730574994561,-1.35364029930552
-0.441453414170264,-0.611396841777107,-0.476619568543275,-0.0449024570498838,0.560912720917062,0.852417241142928,-1.39628204791719
-0.44680876018757,-0.613679748762364,-0.472278832678255,-0.0314786883238796,0.57747884167786,0.845947822892147,-1.43722563746035
-0.452074893213746,-0.615823436226256,-0.467727727737691,-0.0178432255173729,0.593926089673449,0.838295364946002,-1.47640082204313
-0.457250396038905,-0.617826249535689,-0.462964135876502,-0.00400010368190038,0.610239578690072,0.829434708652822,-1.51373808862278
-0.462333780572448,-0.619686376768964,-0.457985872685595,0.0100460434953672,0.626403543783488,0.819342901252507,-1.54916840078216
-0.467323487532759,-0.621401850604649,-0.452790710948453,0.0242899332980645,0.64240136112364,0.807999622548151,-1.58262297271636
-0.472217886586603,-0.622970551291529,-0.44737640674664,0.0387255876160783,0.658215580929718,0.795387621915291,-1.61403307712544
-0.477015277011597,-0.624390210803285,-0.441740727945599,0.0533462913299528,0.67382797242707,0.781493157563409,-1.64332989001086
-0.481713888966027,-0.625658418305945,-0.435881485108828,0.0681445560548252,0.689219579297858,0.766306429162813,-1.6704443748209
-0.486311885458067,-0.626772627086879,-0.42979656489695,0.0831120897312561,0.704370783693082,0.749821994374387,-1.69530720796932
-0.490807365110399,-0.627730163108983,-0.423483966004833,0.0982397724186067,0.71926137655446,0.732039159480411,-1.71784874744185
-0.495198365815262,-0.628528235360605,-0.41694183767119,0.11351763851329,0.733870631788842,0.712962334203226,-1.7379990459836
-0.499482869368305,-0.629163948168487,-0.410168520757708,0.128934865487456,0.74817738176953,0.692601340888154,-1.75568791019931
-0.503658807156316,-0.629634315625037,-0.403162591335153,0.144479769132636,0.762160091724687,0.670971668476826,-1.7708450067624
-0.507724066953121,-0.629936278250455,-0.395922906629431,0.16013980520679,0.775796930819492,0.64809466206167,-1.78340001677098
-0.511676500848961,-0.630066721962384,-0.388448653068967,0.175901577330563,0.789065838139965,0.623997639252604,-1.79328283905146
-0.515513934301068,-0.630022499359215,-0.380739396035296,0.191750850965979,0.801944582323037,0.598713925084972,-1.80042384282308
-0.519234176246768,-0.629800453237028,-0.372795130752197,0.207672573341686,0.814410814216323,0.572282797769391,-1.80475416952193
-0.522835030165808,-0.629397442154413,-0.364616333558225,0.223650899262623,0.826442112646681,0.544749338288432,-1.80620608266505
-0.526314305916649,-0.62881036773578,-0.356204012599087,0.239669222852741,0.838016024073919,0.516164177787945,-1.80471336335317
-0.529669832104385,-0.628036203265662,-0.347559756759077,0.255710215415833,0.84911009754435,0.486583138037392,-1.80021174733697
-0.532899468668584,-0.627072022979792,-0.338685781437675,0.271755869744977,0.859701916877531,0.456066762109913,-1.79263939753275
-0.536001119311901,-0.625915031311324,-0.329584969584112,0.287787551344663,0.869769132363558,0.42467973501451,-1.78193740356969
-0.538972743329805,-0.624562591213135,-0.320260906247922,0.303786057128202,0.879289494375462,0.392490197405878,-1.76805029757098
-0.541812366354291,-0.623012250561705,-0.310717904806833,0.319731682194228,0.888240891187852,0.359568959714171,-1.75092657319942
-0.544518089495591,-0.621261765567186,-0.300961023012745,0.335604295251984,0.896601392938355,0.325988628956032,-1.73051919339959
-0.547088096361648,-0.619309120079911,-0.290996067066934,0.351383423145736,0.90434930309847,0.291822665834459,-1.70678607166408
-0.549520657458963,-0.617152539704564,-0.280829582104265,0.367048344725039,0.911463218086062,0.257144395079098,-1.67969051246525
-0.551814131532206,-0.614790499713809,-0.27046882773185,0.382578194033408,0.917922094825296,0.222025996776232,-1.64920159909359
-0.553966963482174,-0.612221725891891,-0.259921737618474,0.397952072468828,0.923705325227635,0.186537510097573,-1.61529452176771
-0.555977678607649,-0.609445187627457,-0.249196862545687,0.413149169240128,0.928792815819867,0.150745882816209,-1.57795084558113
-0.557844873039326,-0.606460082800447,-0.238303296781061,0.42814888914252,0.933165070165091,0.114714099903411,-1.5371587264454
-0.559567200364558,-0.603265814253775,-0.227250588087369,0.44293098644009,0.936803271377012,0.0785004221753734,-1.49291309325693
-0.561143354572183,-0.599861957890618,-0.216048632109689,0.457475703501148,0.939689361959448,0.0421577615325118,-1.44521582541201
-0.562572049571365,-0.596248222680243,-0.20470755226574,0.471763912798327,0.941806118427443,0.00573321321352038,-1.39407596570405
-0.563851995656323,-0.592424403085391,-0.193237566596408,0.485777260956663,0.94313721867239,-0.0307322417030013,-1.33951001862092
-0.564981873404417,-0.588390324648029,-0.1816488433229,0.499498313688312,0.943667300783869,-0.0672038578402092,-1.28154239210167
-0.56596030561942,-0.584145783705176,-0.169951347130388,0.512910700652838,0.943382012974924,-0.103653072541573,-1.22020604582586
-0.566785828080484,-0.579690482478653,-0.158154678495763,0.52599925947103,0.942268055288814,-0.140057285992043,-1.15554340990279
-0.567456860048853,-0.57502396112428,-0.14626790874953,0.538750178226275,0.9403132147788,-0.176399486977694,-1.08760763304243
-0.567971675735296,-0.570145528767963,-0.134299414062214,0.551151135725033,0.937506396695901,-0.21266774040318,-1.01646420732687
-0.568328378250371,-0.565054196118832,-0.122256712220532,0.563191438460117,0.933837654696617,-0.248854555177073,-0.942192995722541
-0.568524877940007,-0.559748612930931,-0.11014630693511,0.574862152525643,0.92929822295195,-0.284956152924171,-0.864890656557783
-0.568558877418616,-0.554227014346076,-0.0979735454903518,0.586156227578701,0.923880552029369,-0.320971659748476,-0.784673414753199
-0.568427865985064,-0.548487180900755,-0.0857424967413165,0.597068608273765,0.917578348270019,-0.356902245459519,-0.70168007218069
-0.568129126337096,-0.542526417565986,-0.0734558576351925,0.607596326432662,0.910386612925841,-0.392750237559636,-0.616075081019732
-0.567659756443499,-0.536341557394458,-0.061114897342428,0.617738564708748,0.902301672598825,-0.428518240703951,-0.528051430042845
-0.567016708927311,-0.529928994916092,-0.0487194483851941,0.627496680000709,0.893321186944254,-0.464208295516072,-0.437833025138467
-0.566196849214903,-0.52328475310424,-0.0362679534486978,0.636874172932442,0.883444114060314,-0.499821112144061,-0.345676198191459
-0.56519703195459,-0.516404585380703,-0.0237575744787692,0.645876589096071,0.872670609911254,-0.535355411864736,-0.251869972479306
-0.56401419289845,-0.509284110794184,-0.0111843669911955,0.654511339270852,0.861001837297325,-0.570807402482631,-0.156734766889734
-0.562645450873189,-0.501918976543534,0.00145648265539592,0.662787430110641,0.848439663985538,-0.606170399090742,-0.0606193462496573
-0.561088212141773,-0.494305038083922,0.014170365407996,0.670715103961673,0.834986239600144,-0.641434581461206,0.0361039845080882
-0.559340267981842,-0.486438544011512,0.0269629176124548,0.678305395884731,0.820643456278296,-0.676586855583436,0.13304571509017
-0.557399876206419,-0.478316311596322,0.0398396685063722,0.685569626142129,0.805412316726663,-0.711610764290639,0.22980654264489
-0.555265818865537,-0.469935879719173,0.0528056891724874,0.692518855355772,0.789292251563058,-0.746486375951747,0.32598524645237
-0.552937431308981,-0.461295629009892,0.0658652646438371,0.699163335267101,0.772280441701623,-0.781190075342179,0.421186343858499
-0.550414601566669,-0.452394863540171,0.079021607573367,0.705511989248392,0.754371208008318,-0.815694188966425,0.515026900102812
-0.547697742795227,-0.443233853472198,0.0922766264665996,0.711571953285582,0.735555528498019,-0.849966396991516,0.607142020542544
-0.5447877445689,-0.433813842536104,0.105630755138831,0.717348201086805,0.715820734205556,-0.883968911684339,0.697188770928815
-0.541685910556024,-0.424137027320419,0.119082844049826,0.722843268020904,0.695150421391401,-0.917657432921508,0.784848497966742
-0.538393890490038,-0.414206516783262,0.132630109428649,0.72805707962912,0.673524603229826,-0.950979920675884,0.869827712888293
-0.534913613518348,-0.404026280244812,0.146268133078188,0.732986882926859,0.650920111188467,-0.983875249719651,0.951857827422153
-0.53124722838947,-0.393601090816779,0.159990904417148,0.737627273357291,0.627311246244606,-1.01627183215392,1.03069408706807
-0.527397053957201,-0.382936469283372,0.173790896321371,0.741970307110415,0.602670672830117,-1.04808630886373,1.10611403987746
-0.523365541511776,-0.372038631350841,0.187659167164368,0.746005687121695,0.576970542898234,-1.07922242185112,1.17791582774811
-0.519155248749549,-0.360914439290556,0.201585482633669,0.749721010735646,0.550183832267489,-1.10957018532591,1.24591651132241
-0.51476882390999,-0.34957135753989,0.215558452021841,0.753102067107271,0.522285865009366,-1.13900547333801,1.30995055631238
-0.510208997799786,-0.338017410905049,0.229565674509892,0.756133172450249,0.493255993158556,-1.16739013393064,1.36986853159063
-0.505478581088106,-0.326261143649408,0.243593891378396,0.758797531021979,0.463079388176197,-1.19457272258751,1.42553600643834
-0.500580464353125,-0.31431157789816,0.257629140137165,0.761077609327286,0.43174888788401,-1.22038992019423,1.47683259091593
-0.495517618812138,-0.30217817033518,0.271656906406304,0.762955510701877,0.399266829212855,-1.2446686633139,1.52365104129936
-0.490293096367163,-0.289870766950093,0.285662269228534,0.764413337591508,0.365646784813717,-1.26722896954876,1.56589635111822
-0.484910028406269,-0.277399556417781,0.29963003558076,0.765433529844047,0.330915112389419,-1.28788739202932,1.60348476440645
-0.479371623561973,-0.264775023355669,0.313544860375992,0.765999169403955,0.295112221524758,-1.30646098955945,1.63634267625833
-0.473681165191569,-0.252007903033209,0.327391349300899,0.766094244922738,0.258293465485595,-1.3227716576101,1.66440542035976
-0.467842009595041,-0.239109138999295,0.341154143380127,0.765703873673584,0.220529575972208,-1.3366506342017,1.68761597729117
-0.461857585872698,-0.226089844543347,0.354817986015385,0.764814482239022,0.181906577381422,-1.34794297612114,1.70592366543045
-0.455731397875226,-0.212961268018848,0.368367775123942,0.76341395104631,0.142525143061176,-1.35651179546815,1.71928289444168
-0.449467028020649,-0.199734761029647,0.381788604556098,0.761491730290374,0.102499387691348,-1.36224205339203,1.72765206821169
-0.443068142011157,-0.186421747553619,0.395065799889921,0.759038935610356,0.0619551247902433,-1.36504372550456,1.73099272058139
-0.436538492864923,-0.173033691493329,0.408184953768281,0.75604843086021,0.0210276532385483,-1.36485418022123,1.72926895588083
-0.429881922350523,-0.159582060074725,0.421131965092794,0.752514902561982,-0.0201408319268954,-1.36163964590241,1.722447250447
-0.423102357981508,-0.146078281033789,0.433893084725085,0.748434926597552,-0.0614040848566896,-1.35539568415954,1.71049665415089
-0.416203804218837,-0.132533692585602,0.44645496812269,0.743807023061474,-0.102614776339706,-1.34614663403701,1.69338941483606
-0.409190327372406,-0.118959486595285,0.458804732912976,0.73863169075538,-0.143627446542869,-1.33394404344214,1.67110203475598
-0.402066034748619,-0.105366646922332,0.470930017178718,0.732911409318239,-0.184301315295819,-1.31886415775396,1.64361675696344
-0.39483504967564,-0.091765886317972,0.482819032555982,0.726650595074644,-0.224502841667343,-1.30100458762851,1.61092347101837
-0.387501484965733,-0.078167586275008,0.494460605401797,0.71985549673456,-0.264107951600705,-1.28048032457269,1.57302202113104
-0.38006941799293,-0.0645817446862801,0.505844199425637,0.712534019218594,-0.303003883127133,-1.25741930966916,1.5299248958557
-0.372542870780515,-0.0510179359796132,0.516959914315037,0.704695467987073,-0.341090629167219,-1.23195778419732,1.48166027655961
-0.364925798277472,-0.0374852875747758,0.527798456927729,0.696350211986553,-0.37828198467277,-1.20423565823733,1.42827542138136
-0.357222087382992,-0.023992475136701,0.538351084393134,0.687509270221131,-0.414506225384565,-1.17439212367034,1.36984036020791
-0.349435568315182,-0.0105477373096456,0.548609521734619,0.678183834462475,-0.44970645853256,-1.14256171205062,1.30645187037213
-0.341570038689629,0.0028410914406099,0.558565860129564,0.668384748169734,-0.48384069126037,-1.10887095799754,1.23823768636792
-0.333629299249904,0.0161665334181226,0.568212445376083,0.658121968744978,-0.5168816611341,-1.07343577862489,1.16536086286199
-0.325617198650077,0.0294214113731125,0.577541769193415,0.647404046242956,-0.548816466033608,-1.03635962335065,1.08802415253895
-0.317537683122101,0.0425987907572898,0.58654637822425,0.636237655967811,-0.579646019556399,-0.997732390606985,1.00647417687567
-0.309394845411995,0.0556919293496518,0.595218816499822,0.624627224277245,-0.609384344581375,-0.957630052737953,0.921005064928198
-0.301192966262828,0.068694243434712,0.603551616055113,0.612574685475402,-0.63805770399886,-0.916114881855629,0.831961130487407
-0.292936541271664,0.0815992987909306,0.611537346757271,0.60007940195046,-0.665703556459551,-0.87323613194417,0.739738082417243
-0.284630286505334,0.0944008321725451,0.619168729924682,0.587138268978161,-0.692369319366467,-0.829031010808188,0.644782256937017
-0.276279118104079,0.107092804676666,0.626438811260087,0.57374600986264,-0.718110924134789,-0.783525774379244,0.547587463058065
-0.267888104265874,0.119669482797827,0.633341178180879,0.559895647559442,-0.742991161729308,-0.736736798957306,0.448689263870034
-0.259462392119641,0.132125537095643,0.639870196900961,0.54557911837025,-0.76707783903362,-0.688671534213224,0.348656860755608
-0.251007116258717,0.144456143703238,0.646021238192623,0.530787975643302,-0.790441794903157,-0.639329305709923,0.248083143002652
-0.242527299047664,0.156657071867254,0.651790859860928,0.515514120721793,-0.813154852181068,-0.588702008914095,0.147573814066429
-0.234027754262781,0.168724742234742,0.657176919486655,0.499750497398144,-0.835287800910057,-0.536774802302942,0.0477367055305639
-0.225513004704538,0.180656245542348,0.662178601923938,0.483491695100117,-0.8569085126319,-0.4835269516085,-0.0508276262734231
-0.216987221376996,0.192449318488543,0.666796359695409,0.466734422485223,-0.878080274343711,-0.428932992881183,-0.147533160571685
-0.208454187549239,0.204102281015124,0.67103177744887,0.449477832792912,-0.898860406497623,-0.37296436943928,-0.241813059287413
-0.199917286660261,0.215613945195928,0.674887381206526,0.431723700738176,-0.919299198943416,-0.315591663922071,-0.333121676379078
-0.191379509618261,0.226983509297491,0.678366417818693,0.413476464688959,-0.939439169296358,-0.256787500706662,-0.420934306030272
-0.182843475157941,0.238210451088445,0.681472629917477,0.394743155997883,-0.959314625575144,-0.196530142588192,-0.504745336330651
-0.174311456639252,0.249294432600312,0.684210047893081,0.375533239984535,-0.978951501802275,-0.13480775066934,-0.584065629351017
-0.165785409706765,0.260235225107937,0.686582814488228,0.355858391503865,-0.998367431288657,-0.071623215114393,-0.658419977139102
-0.157266997102027,0.271032658946129,0.688595050833078,0.335732223863883,-1.01757202508601,-0.00699939209367865,-0.727345413613043
-0.148757609118357,0.281686598580501,0.690250765997607,0.315169984449822,-1.03656732907591,0.0590155040643281,-0.79039102362986
-0.140258380240769,0.292196939578226,0.69155380591196,0.294188224840098,-1.05534843869637,0.126342702196403,-0.847119704447408
-0.131770204020947,0.302563621134607,0.6925078321305,0.272804448341514,-1.07390425215328,0.194868315899499,-0.897112115028769
-0.123293748866886,0.312786645941538,0.693116316812225,0.251036734596451,-1.09221833880165,0.26443995041041,-0.939972805410028
-0.114829476945285,0.322866098796215,0.693382538105752,0.228903340139087,-1.11026988828495,0.334865030637203,-0.975338265531701
-0.10637766673602,0.332802156770144,0.693309560674911,0.20642227628967,-1.12803468899534,0.405911361217165,-1.00288639371877
-0.0979384371365104,0.342595087121999,0.692900190075387,0.183610871837382,-1.14548606477794,0.477310288883607,-1.02234669314969
-0.0895117679108352,0.352245234174463,0.692156897228318,0.160485336846258,-1.16259568200747,0.548762601015914,-1.03351039916364
-0.0810975085330013,0.361753002273941,0.691081719500054,0.137060353666577,-1.17933413176915,0.619946988594592,-1.03623975353832
-0.0726953660386221,0.37111884739878,0.689676155960399,0.113348728911628,-1.1956711996154,0.690530578972973,-1.03047578495825
-0.0643048631863989,0.380343293436679,0.687941083560871,0.0893611426675028,-1.21157576097805,0.760180769524618,-1.01624420576834
-0.0559252614275511,0.389426989293121,0.6858767255303,0.0651060263689853,-1.2270152820672,0.828577426780246,-0.993659336708023
-0.0475554486862796,0.398370819143963,0.683482701338096,0.0405895882006035,-1.24195495792877,0.895424490808775,-0.962926242498708
-0.0391937990080266,0.407176070493625,0.680758178639167,0.0158159861158878,-1.25635657265146,0.960460138388997,-0.924341418199067
-0.0308380186073955,0.415844654222406,0.677702132656389,-0.00921237344256735,-1.27017721283783,1.02346487397001,-0.878292348227561
-0.022484999472809,0.424379359008016,0.674313699522607,-0.0344944547737116,-1.28336799748404,1.08426717760551,-0.825256050529384
-0.0141307061830926,0.432784111175428,0.670592589876004,-0.060030191646768,-1.29587300051968,1.14274658623156,-0.765796359383017
-0.00577012272175079,0.441064202149823,0.666539510627181,-0.0858201375162292,-1.30762853275862,1.19883427714939,-0.700559294921049
0.00260271728691114,0.449226441450157,0.662156530009564,-0.111865238334394,-1.3185629147001,1.25251134454054,-0.630265568493655
0.0109946020537144,0.457279195788965,0.657447317995252,-0.138166783255769,-1.3285968090683,1.30380502221549,-0.55569924936383
0.0194129133941973,0.465232285926596,0.652417204691172,-0.164726556216535,-1.33764409625312,1.35278313833625,-0.477691993050728
0.0278653137693339,0.473096732261878,0.647073024794261,-0.191547165836762,-1.34561318054987,1.39954712397334,-0.397103005359289
0.0363593792434546,0.48088436467413,0.641422753280567,-0.218632482183462,-1.35240853381884,1.44422395633965,-0.314795914648548
0.0449022194646316,0.488607336012203,0.635474977566526,-0.245988071375234,-1.35793224253926,1.48695749242576,-0.231614626727247
0.0535001275641893,0.496277595001017,0.629238282758163,-0.273621506568563,-1.3620853416134,1.52789970839154,-0.148360698928469
0.0621582953294478,0.503906378303572,0.622720639609447,-0.30154245219258,-1.3647687912044,1.56720236674224,-0.0657745973350366
0.0708806147389044,0.51150377245295,0.615928876391679,-0.329762461373568,-1.36588405824205,1.60500956601549,0.0154775483381117
0.07966957061891,0.519078378252595,0.608868290835121,-0.35829447954014,-1.36533336892395,1.64145149551319,0.0948111279767009
0.0885262153328183,0.526637089303977,0.60154242635625,-0.387152094150566,-1.36301977467145,1.6766395548173,0.171724613209825
0.0974502077613385,0.534184978305494,0.59395300768749,-0.416348600885513,-1.35884720883562,1.71066284586885,0.245796641099591
0.106439895789649,0.541725272950606,0.586100010899999,-0.445895968247965,-1.35272070782936,1.74358593470874,0.316680068101558
0.115492422837459,0.549259398139769,0.577981833182562,-0.475803779356654,-1.34454694019537,1.77544772160307,0.384094406137925
0.124603842790498,0.556787061433654,0.569595526797942,-0.50607821832547,-1.33423514367086,1.80626124608032,0.447817798846786
0.133769232355958,0.564306362160665,0.560937066202626,-0.536721154746322,-1.32169852334463,1.83601427196583,0.507679355063518
0.142982794279656,0.571813909495222,0.552001624381304,-0.567729366924856,-1.30685611858685,1.86467052985252,0.563552322603734
0.152237948511199,0.57930493987099,0.542783841907691,-0.599093933855764,-1.28963510413722,1.89217152694315,0.61534830898827
0.161527411168136,0.586773428601164,0.53327807896217,-0.630799817111237,-1.26997345161786,1.91843885821837,0.663012553031147
0.170843263120403,0.594212194286228,0.523478646093145,-0.662825645813428,-1.24782284199555,1.94337696460183,0.706520118143924
0.180177011341827,0.601612997470099,0.513380013874294,-0.695143709638376,-1.22315168843346,1.9668762831229,0.745872802343631
0.189519646984189,0.608966637113286,0.502977004890503,-0.727720155757248,-1.19594810501581,1.98881672352143,0.781096527721566
0.198861704497907,0.616263049839895,0.4922649737694,-0.760515375783915,-1.16622264314728,2.00907138936219,0.812238972141322
0.20819332608118,0.623491417602832,0.481239982273636,-0.793484558800371,-1.13401061689114,2.0275104442696,0.8393672296175
0.217504335290818,0.630640289389981,0.469898976726295,-0.826578377460331,-1.09937385265121,2.04400500993796,0.862565326775138
0.226784322800448,0.637697721853137,0.458239974190547,-0.859743767296753,-1.06240172679401,2.05843097575432,0.881931475700613
0.236022746080059,0.644651442301368,0.44626226185418,-0.892924755812529,-1.02321139399903,2.07067260221321,0.89757500329902
0.245209043271142,0.651489035437734,0.433966611087295,-0.926063298403977,-0.981947154326023,2.08062581182936,0.909612958748273
0.254332759863254,0.658198152678419,0.421355503906327,-0.959100082689601,-0.938778952446327,2.08820108001151,0.918166458541081
0.263383685092715,0.664766740089,0.408433365498284,-0.991975270717063,-0.893900043199052,2.09332586092737,0.923356878163979
0.27235199345014,0.67118327816993,0.395206792554563,-1.024629158528,-0.847523890709575,2.09594650576934,0.925302036973351
0.281228385465287,0.677437024220633,0.381684763996664,-1.05700274306651,-0.799880393622686,2.09602964952507,0.924112546050659
0.290004221180006,0.683518246113689,0.367878818769783,-1.08903819581977,-0.751211548885581,2.09356305530263,0.919888497016132
0.298671639534095,0.689418435299128,0.353803185134277,-1.12067924961605,-0.7017666844965,2.08855591236041,0.912716663424623
0.307223657338479,0.695130486955242,0.339474847495374,-1.15187150900519,-0.651797410667384,2.08103858706893,0.902668366685242
0.315654242597821,0.700648836523292,0.32491354021201,-1.18256269563867,-0.601552459652057,2.07106182820623,0.889798127054286
0.323958358596502,0.705969544376299,0.310141662660501,-1.21270283872136,-0.551272604663994,2.05869543266921,0.874143179070052
0.332131977219581,0.711090323861587,0.295184115477136,-1.2422444180252,-0.501185862643104,2.04402638746074,0.855723882265679
0.340172062207676,0.716010512027004,0.280068063567401,-1.27114246434784,-0.451503187640677,2.02715651960497,0.83454500541476
0.348076525155676,0.720730986462163,0.264822636318271,-1.29935462066245,-0.402414845763669,2.00819970635294,0.810597810308587
0.355844158773516,0.725254035289644,0.249478578796649,-1.3268411670592,-0.354087626605371,1.98727872083044,0.783862814400454
0.363474553004379,0.729583189936852,0.234067869171764,-1.35356501387949,-0.306662991978047,1.96452180935381,0.754313076086311
0.370967999921674,0.733723031604044,0.218623317150871,-1.3794916696577,-0.260256196929782,1.94005911226768,0.721917826676485
0.378325392914264,0.73767898226219,0.203178156213617,-1.40458919282273,-0.214956349610798,1.91401904760032,0.686646272239725
0.385548124657315,0.741457089752959,0.187765639462191,-1.42882813779695,-0.170827315138287,1.88652477490487,0.648471406995562
0.392637986976092,0.745063814485803,0.172418645639423,-1.45218150664365,-0.127909321951712,1.8576908458391,0.607373715692584
0.399597074195218,0.748505822774761,0.157169298886385,-1.47462471660723,-0.086221101672291,1.82762013020051,0.563344691088264
0.406427690157349,0.751789789448939,0.14204860349973,-1.49613559198175,-0.0457623858412539,1.79640108403704,0.516390148385742
0.413132257967212,0.754922210332806,0.127086093462358,-1.51669438620944,-0.0065165925760136,1.76410540322955,0.466533374765631
0.419713230775093,0.757909223733698,0.112309495821786,-1.53628383752274,0.0315464414244755,1.7307860846866,0.413818202479721
0.42617300160397,0.760756439294471,0.0977444069311692,-1.55488925930985,0.0684677983121485,1.69647590078132,0.358312132246885
0.432513810355221,0.763468772497226,0.083413980986455,-1.57249866501357,0.104296968624714,1.66118628320044,0.300109654243799
0.438737646695814,0.766050283735656,0.0693386310957842,-1.58910292679009,0.139089545232323,1.62490661167346,0.239335911386365
0.444846148537543,0.7685040222017,0.0555357443282121,-1.60469596705309,0.172905148324257,1.58760391206843,0.176150818450169
0.450840497276415,0.770831876847724,0.0420194139546189,-1.61927498177655,0.205805588791057,1.54922298704233,0.110753685613692
0.456721312865171,0.773034439344905,0.0288001946359834,-1.63284069312884,0.237853265218075,1.50968702939163,0.0433882919779637
0.462488554080832,0.775110887112335,0.0158848898218266,-1.64539762563841,0.269109784583454,1.46889880012286,-0.0256517875884223
0.468141431827717,0.777058897784855,0.00327638508284516,-1.65695439375701,0.299634797764628,1.42674248427617,-0.0960179746335665
0.473678345580678,0.77887460926049,-0.00902645390925734,-1.66752397904103,0.329485046419192,1.3830863592186,-0.167302162640285
0.479096854464555,0.780552640715423,-0.0210287955664199,-1.6771239629295,0.35871362515583,1.33778641183134,-0.239033615221272
0.484393694117198,0.782086188451434,-0.0327397433170601,-1.6857766685403,0.387369468766631,1.29069101174501,-0.310678134819808
0.489564847528143,0.783467205004456,-0.0441721001004569,-1.69350915605398,0.415497074893645,1.24164667958322,-0.381640333042688
0.494605672004935,0.784686660128344,-0.0553419819632753,-1.7003530162781,0.443136464721936,1.19050488160799,-0.451269642785376
0.499511075678844,0.785734868942944,-0.0662682823462445,-1.70634392058768,0.470323367093859,1.13712964592346,-0.518870334561635
0.504275727087381,0.786601858265355,-0.0769720105332109,-1.71152091442482,0.497089587211825,1.08140565256463,-0.583715283086948
0.508894272961633,0.787277730845591,-0.0874755511963245,-1.7159254826148,0.523463495901383,1.02324632869126,-0.645062687611061
0.513361535264914,0.787752982954158,-0.0978019107497361,-1.7196004590306,0.549470557445947,0.962601405747977,-0.702174527514021
0.517672660730742,0.788018736006782,-0.107974024125224,-1.72258888838282,0.575133810554385,0.899463380189126,-0.754335356692558
0.521823204690004,0.788066857270417,-0.118014189005373,-1.72493296298737,0.600474231253565,0.833872359442103,-0.800870148948818
0.525809143804094,0.787889964785666,-0.127943674145115,-1.72667314670608,0.625510935974393,0.765918855516957,-0.841160241460414
0.529626825993755,0.787481332279978,-0.137782518951094,-1.727847564015,0.650261220789505,0.695744195154917,-0.874656849060457
0.533272876818159,0.786834725924962,-0.147549510076796,-1.7284916830608,0.674740469813664,0.623538341634131,-0.900891991026557
0.536744087303897,0.785944212868165,-0.157262294476038,-1.72863826950037,0.698961994426347,0.549535073781424,-0.919486886600051
0.540037307873833,0.784803980498532,-0.166937572225137,-1.72831754421306,0.722936880290284,0.474004650281327,-0.930157918283738
0.543149367328496,0.783408196610169,-0.176591308704534,-1.72755745080118,0.746673919446439,0.397244301796933,-0.932720188430641
0.54607702674341,0.781750926875369,-0.1862389137741,-1.72638393199497,0.770179691297329,0.319567121716212,-0.927088597763973
0.548816968236186,0.77982611100279,-0.195895352360735,-1.72482112699313,0.793458832610302,0.241290130873266,-0.913276342367445
0.55136581036127,0.777627586252464,-0.205575171835959,-1.72289142975112,0.816514507978839,0.162722423669337,-0.891390807739218
0.553720137273588,0.775149139304513,-0.215292451674482,-1.72061538380195,0.839349064301027,0.0841543197608998,-0.861627030342658
0.555876528494025,0.772384565972302,-0.225060695904008,-1.71801142393332,0.861964830889407,0.00584832810223718,-0.82425914704937
0.557831579571183,0.769327722289578,-0.234892696352253,-1.71509550179502,0.884365013925233,-0.0719675054154858,-0.779630485309893
0.559581909645581,0.765972558060442,-0.244800394530135,-1.71188064722343,0.906554630523585,-0.149103601483849,-0.728143091697605
0.561124157980526,0.762313132414423,-0.254794764010286,-1.70837651949622,0.928541431663356,-0.225410249544613,-0.670247512493583
0.562454976279875,0.75834361791157,-0.26488572629719,-1.7045889957589,0.950336771277387,-0.300776716785076,-0.606433524107055
0.563571026093841,0.754058303834871,-0.275082104365407,-1.70051983192181,0.971956387482553,-0.375128543452557,-0.537222292596165
0.564468990607476,0.74945161007306,-0.28539161136856,-1.6961664186492,0.993421068841765,-0.44842357604524,-0.463160167527316
0.56514560797801,0.744518120847868,-0.295820868436446,-1.69152164449583,1.01475718270943,-0.520647275952961,-0.384814035920918
0.565597729798415,0.739252643348519,-0.306375444859262,-1.68657387083992,1.03599704448669,-0.591807767065038,-0.302767919906851
0.565822403942507,0.733650291116721,-0.317059915458412,-1.68130701853113,1.05717910732778,-0.661930979899488,-0.21762032865121
0.565816976674665,0.727706586758347,-0.327877932375058,-1.67570076274236,1.07834795328452,-0.731056135111928,-0.12998179161902
0.565579205110937,0.721417574136862,-0.338832310673711,-1.66973082884331,1.09955407080093,-0.799231701260072,-0.0404720160313164
0.565107368481423,0.714779927414153,-0.349925128107006,-1.66336937712874,1.12085341108005,-0.866511868914514,0.0502837758865129
0.564400365674459,0.70779104375449,-0.361157838601177,-1.65658545773841,1.14230672733965,-0.932953509603214,0.141659581745793
0.563457787566827,0.700449108481793,-0.372531396531795,-1.64934550989682,1.16397871524905,-0.99861353560485,0.23303443901142
0.562279955655066,0.692753125778177,-0.384046385252477,-1.64161387323491,1.18593698753499,-1.06354654654512,0.323799104935984
0.56086792305906,0.684702913871701,-0.395703139607205,-1.63335327521322,1.208250927754,-1.12780264169887,0.413363183586319
0.559223439220832,0.676299069874398,-0.407501849401855,-1.62452525889842,1.2309904745957,-1.1914252918657,0.501162190201856
0.557348884506713,0.667542914646699,-0.419442629896857,-1.61509051995166,1.25422488695834,-1.25444919817808,0.586664053242796
0.555247184465997,0.658436431181102,-0.431525546672588,-1.60500912997862,1.27802153130311,-1.3168981111382,0.669374659204295
0.552921715101748,0.648982210481536,-0.443750585504756,-1.59424063387931,1.30244471804049,-1.37878263384714,0.748842208409838
0.550376210082487,0.639183416898032,-0.456117562535829,-1.58274401980409,1.32755459563587,-1.44009808100659,0.824660325092508
0.547614678752544,0.629043781030953,-0.468625975246834,-1.57047757040389,1.35340609270225,-1.50082250345769,0.896470010818274
0.544641340758552,0.618567623584611,-0.481274799817573,-1.5573986125721,1.38004788207105,-1.56091501258395,0.963960621516205
0.541460579835137,0.607759908851913,-0.494062244937655,-1.54346318982355,1.40752132841836,-1.62031454788006,1.02687007928671
0.538076916394402,0.59662632256447,-0.506985475757249,-1.52862568731164,1.43585937353889,-1.67893922421988,1.08498451082514
0.534494996424858,0.585173366068965,-0.520040324363873,-1.51283844482735,1.46508531156049,-1.73668637399161,1.13813745344072
0.530719592963768,0.57340845732824,-0.533221004919593,-1.49605139834334,1.49521141107419,-1.79343336541565,1.18620870734714
0.526755615988736,0.56134002899961,-0.546519852367802,-1.47821179577323,1.52623735327656,-1.84903923488419,1.22912285542561
0.522608126756518,0.548977614551958,-0.559927103378189,-1.4592640371798,1.5581484757282,-1.9033471215046,1.26684742915379
0.518282353099065,0.536331914687703,-0.573430736901441,-1.43914969286534,1.59091384068266,-1.95618743996865,1.29939067594827
0.51378370266577,0.523414837851043,-0.587016389340579,-1.41780775350479,1.62448418445891,-2.00738167721526,1.32679887842389
0.509117771344825,0.510239510001566,-0.60066735594824,-1.39517516349574,1.65878984756529,-2.0567466527072,1.34915318733057
0.504290344005825,0.496820249918997,-0.614364685707255,-1.37118768079702,1.6937388295981,-2.10409904479812,1.3665659539428
0.499307384350173,0.483172507082028,-0.628087371759838,-1.3457810927602,1.72921515159444,-2.14925995966629,1.37917658163167
0.494175010272809,0.469312759840611,-0.641812633572959,-1.31889279738225,1.76507773342414,-2.19205930747411,1.38714695783675
0.488899451081888,0.455258372541344,-0.655516280691177,-1.29046373336006,1.8011599969902,-2.23233975526559,1.39065657391865
0.483486983565444,0.441027411872371,-0.669173141487582,-1.26044061167317,1.83727038162661,-2.26996004929588,1.38989748733928
0.477943845505253,0.426638425250871,-0.682757534310884,-1.22877836868045,1.87319390447695,-2.30479754107095,1.3850693223808
0.472276127867212,0.412110187596551,-0.696243753557769,-1.19544272946886,1.90869481975342,-2.33674980908098,1.3763745348494
0.466489650305636,0.397461426977724,-0.709606540297742,-1.16041274469428,1.94352033629064,-2.36573533702792,1.36401417561604
0.460589828288174,0.382710543709865,-0.722821506912111,-1.12368314866808,1.97740525659608,-2.39169328186058,1.34818437221042
0.454581543380172,0.367875340664112,-0.735865488280227,-1.08526638439806,2.01007731777615,-2.41458243244244,1.32907370579667
0.448469030303503,0.352972783965631,-0.748716798391001,-1.04519415446027,2.04126295808283,-2.43437951387916,1.30686159645803
0.442255794744663,0.338018812346326,-0.761355380342464,-1.00351838449568,2.07069320982961,-2.4510770272135,1.28171773099986
0.435944574268365,0.323028210006255,-0.773762848449334,-0.960311525949921,2.09810943066109,-2.46468082647718,1.25380248526031
0.429537351196654,0.308014552257866,-0.785922432180655,-0.915666171550073,2.12326862479766,-2.47520762579524,1.22326821808424
0.423035421378502,0.292990226217751,-0.797818841374952,-0.869694004923278,2.14594816374152,-2.48268260236738,1.1902612552584
0.416439517081328,0.277966521370899,-0.809438079298391,-0.822524148660702,2.16594978041049,-2.48713722270133,1.15492434365223
0.409749976570316,0.262953778017723,-0.820767233716608,-0.774301008114435,2.18310277146622,-2.48860737603151,1.1173993394094
0.402966948056916,0.247961576343713,-0.83179427589965,-0.72518172842086,2.1972663926149,-2.48713185635661,1.07782989703572
0.396090612199151,0.232998945761258,-0.842507893614664,-0.675333389256619,2.2083314676363,-2.48275119744363,1.0363639447475
0.38912140560291,0.218074573536087,-0.852897377431595,-0.624930057495529,2.2162212540578,-2.47550683617947,0.993155761454776
0.382060227927774,0.203196993427691,-0.862952571173941,-0.574149805646161,2.22089161932813,-2.46544055985495,0.948367509102616
0.374908617116628,0.188374738726097,-0.872663888345662,-0.523171787674485,2.22233058472757,-2.45259418210711,0.902170118791241
0.367668880612744,0.173616449018642,-0.882022388068054,-0.472173447097135,2.22055729369744,-2.4370093892449,0.854743478929821
0.360344174727525,0.158930925534225,-0.891019897459437,-0.42132791747651,2.21562045964094,-2.41872770201446,0.806275927379608
0.352938529039157,0.144327135277402,-0.899649163135672,-0.370801663637485,2.20759634738191,-2.39779050582342,0.756963104891269
0.345456817310639,0.129814168794136,-0.907904012847172,-0.320752402739753,2.19658634327626,-2.37423911333235,0.707006280404801
0.337904680463536,0.115401159908186,-0.915779509047518,-0.271327336614202,2.18271417169112,-2.34811483550974,0.656610304759339
0.330288410298285,0.101097177948142,-0.92327207893179,-0.222661719073869,2.16612282001145,-2.31945904925744,0.605981382143298
0.322614804719783,0.0869111038621244,-0.930379609497909,-0.174877773078201,2.14697124003371,-2.2883132602896,0.555324862875934
0.314891006155024,0.0728515013545269,-0.937101500708593,-0.128083962135913,2.1254308998449,-2.25471916814869,0.50484325356464
0.307124334708567,0.0589264930347146,-0.943438674166805,-0.0823746084071262,2.10168226608664,-2.21871874552981,0.454734611218619
0.29932212655863,0.0451436498348853,-0.949393538339591,-0.037829837494233,2.07591130068342,-2.18035434636882,0.405191439974067
0.291491586382813,0.0315098999159196,-0.954969913981902,0.00548418184125833,2.04830605743027,-2.13966885676356,0.356400149183651
0.283639660478182,0.0180314611766338,-0.96017292496712,0.0475147445279753,2.01905346124008,-2.09670590038721,0.308541067934602
0.275772934963565,0.00471379949741516,-0.965008860357123,0.0882219107723665,1.98833634575274,-2.05151010641434,0.261788951776111
0.267897561249798,-0.0084383868909719,-0.969485013487428,0.127577653647764,1.95633081345792,-2.00412744387441,0.216313869173636
0.260019209014008,-0.0214211579463619,-0.973609503379935,0.165564903458887,1.92320396721089,-1.95460562234942,0.172282321983084
0.25214304533371,-0.0342312993735971,-0.977391083170054,0.202176536078692,1.88911204430977,-1.90299455534458,0.129858437196723
0.244273737480298,-0.0468662700527039,-0.98083893961782,0.23741434660069,1.8541989657498,-1.84934687950548,0.0892050650338125
0.236415476139217,-0.0593241326154091,-0.983962487254312,0.271288042458471,1.81859529550056,-1.79371851993403,0.0504846281864519
0.228572015472421,-0.0716034706126507,-0.986771160318786,0.303814282528681,1.78241758906178,-1.73616928885455,0.0138595850879989
0.220746726396305,-0.0837032956723862,-0.989274205350419,0.335015781380858,1.74576809814274,-1.67676350148952,-0.0205076069549137
0.212942659630265,-0.0956229478579163,-0.99148047707856,0.364920491269129,1.70873478960635,-1.61557058902407,-0.0524551176643531
0.205162615390461,-0.107361992164671,-0.993398240080551,0.393560868948657,1.67139163189843,-1.55266568397079,-0.081823021661789
0.197409216980633,-0.118920113797827,-0.99503497853851,0.420973230017366,1.63379910074851,-1.48813014834236,-0.108455265108432
0.189684985898514,-0.130297014609194,-0.996397216340633,0.4471971901542,1.59600485742292,-1.42205201031358,-0.132202331257335
0.181992416378492,-0.141492312887522,-0.997490349773045,0.472275190172902,1.55804455652722,-1.35452627125512,-0.152924586907658
0.174334047488199,-0.152505448631305,-0.998318495181536,0.496252100002588,1.51994274553025,-1.28565504306422,-0.170496260838433
0.166712530962583,-0.163335596514916,-0.998884354296051,0.51917489528889,1.48171382406457,-1.21554747656762,-0.184809970382407
0.159130692882479,-0.173981588998901,-0.999189100437949,0.541092399032864,1.44336303694942,-1.14431944630084,-0.195781672501989
0.151591587093384,-0.184441852419073,-0.999232289570673,0.562055079330111,1.40488748015575,-1.07209296577937,-0.203355870903754
0.144098537946928,-0.194714359365624,-0.999011801052355,0.582114892680772,1.36627710306024,-0.998995320649393,-0.207510861892408
0.136655169599483,-0.204796601130931,-0.998523813868083,0.601325160451597,1.3275156929165,-0.925157924466789,-0.208263751498469
0.129265418828339,-0.214685584301997,-0.997762824827526,0.619740463967574,1.28858182830048,-0.850714922334472,-0.205674929780221
0.121933528277436,-0.22437785548292,-0.996721715383803,0.63741654166287,1.24944978743734,-0.775801589701875,-0.19985165253496
0.114664017401805,-0.233869557407657,-0.995391872977266,0.654410170205613,1.21009039523634,-0.700552595328761,-0.190950365896177
0.107461629315152,-0.24315651812584,-0.993763370774599,0.670779011177203,1.17047179042575,-0.625100216494123,-0.179177426922138
0.100331253364202,-0.252234372414091,-0.99182520615412,0.686581406440511,1.1305600926413,-0.549572608646415,-0.164787934048298
0.0932778255239852,-0.261098711197409,-0.989565593378385,0.701876109332138,1.09031995009058,-0.474092238583409,-0.148082491577892
0.0863062114012563,-0.26974525095969,-0.986972300103126,0.716721945416616,1.04971495267489,-0.398774587971917,-0.129401889971968
0.0794210793150802,-0.278170011552227,-0.984033011620812,0.731177405269116,1.00870790368666,-0.323727221276455,-0.109119874321932
0.0726267730246411,-0.286369488295309,-0.980735702209467,0.7453001814273,0.967260954824443,-0.249049288791647,-0.0876343704966497
0.0659271946380293,-0.294340803551036,-0.977068990783461,0.759146670560891,0.925335622548563,-0.174831502903842,-0.0653577075381193
0.0593257077019582,-0.302081824425038,-0.973022458931631,0.772771468232158,0.882892716231336,-0.101156587239502,-0.0427064821321277
0.0528250684229809,-0.309591236810643,-0.968586913388859,0.786226885987008,0.83989221759344,-0.0281001588820517,-0.0200917336180663
0.0464273897644084,-0.316868570974519,-0.96375458127888,0.799562518444318,0.796293154802463,0.0442680310475082,0.00208996805015081
0.040134139434744,-0.323914179310341,-0.958519233814292,0.81282488211099,0.752053512924803,0.115882598449434,0.0234640575745012
0.0339461692489443,-0.330729171730372,-0.952876241130538,0.826057139254838,0.707130216141569,0.186680881508974,0.0436838492020524
0.027863770593312,-0.337315317648726,-0.946822566415569,0.83929891110292,0.661479208184733,0.25660126196206,0.0624346536081086
0.021886749085771,-0.343674925278025,-0.940356710851074,0.852586176537507,0.615055647993535,0.325581551927973,0.079436200248258
0.0160145110308218,-0.349810709081273,-0.933478622049297,0.865951246449351,0.567814229413353,0.393557525735842,0.0944435458949942
0.0102461547285511,-0.355725655064909,-0.926189578035422,0.879422800432105,0.519709627877299,0.46046165229676,0.107246717769696
0.00458056079513266,-0.36142289167228,-0.91849205699812,0.893025971437099,0.47069707362438,0.526222059764847,0.117669362924665
-0.000983522940765561,-0.366905571824883,-0.910389600640025,0.906782464852361,0.420733049672642,0.590761743304797,0.125566665695316
-0.00644740495671253,-0.37217676953461,-0.901886676520333,0.920710700568084,0.369776112658722,0.653998010361078,0.130822765320133
-0.011812383661388,-0.377239392701187,-0.892988542634151,0.934825969306306,0.317787834822177,0.715842146435637,0.133347868025398
-0.0170796917549192,-0.382096112310196,-0.883701115787183,0.949140597307084,0.264733864939411,0.776199277735748,0.133075210798606
-0.0222504511560923,-0.386749307256963,-0.874030844135759,0.963664116010398,0.210585104120932,0.834968404342027,0.129958003194631
-0.0273256377763003,-0.391201023383186,-0.863984583520688,0.978403435426384,0.155318988482002,0.892042577698197,0.123966451390538
-0.0323060550782878,-0.395452944948446,-0.853569476837227,0.993363021329323,0.0989208643970054,0.947309198096748,0.115084955716979
-0.0371923151878365,-0.399506376594584,-0.842792835554404,1.00854507719973,0.0413854332170304,1.00065041034346,0.103309567992553
-0.0419848263006098,-0.403362233844814,-0.831662022544751,1.0239497319741,-0.0172817688592319,1.05194357799145,0.0886457962474694
-0.0466837852320427,-0.407021040287665,-0.820184335563665,1.03957523416887,-0.0770629030612041,1.10106181773053,0.0711068494377272
-0.0512891741982699,-0.410482929834686,-0.80836689102013,1.05541815186712,-0.137926433539953,1.14787457529267,0.0507124208755161
-0.0558007613041118,-0.413747652841993,-0.796216508141132,1.0714735764618,-0.199825880179581,1.19224822257485,0.0274881136185609
-0.0602181047645375,-0.416814585495197,-0.783739594313762,1.08773532604383,-0.262698803123609,1.23404665305018,0.00146561132906594
-0.0645405616007131,-0.419682742717397,-0.770942033362204,1.10419614207794,-0.32646610868727,1.27313184994291,-0.0273163082711791
-0.0687673024036175,-0.422350795985137,-0.757829079827186,1.12084787077755,-0.39103176430235,1.30936440063596,-0.0588098352498992
-0.0728973346745238,-0.424817098785643,-0.744405263942364,1.13768161872842,-0.45628299902604,1.34260393336597,-0.0929552076355039
-0.0769295381016937,-0.427079723894548,-0.730674313816485,1.15468787126621,-0.522091045169572,1.37270946066755,-0.129676789031983
-0.0808627157247608,-0.429136517968673,-0.716639103061411,1.17185656239129,-0.588312446505327,1.39953963031609,-0.168878170421624
-0.0846956650322509,-0.43098517980251,-0.702301633334568,1.18917708709104,-0.654790921789686,1.42295291004603,-0.210436382583935
-0.0884272723757232,-0.432623368583311,-0.687663061451046,1.20663825119154,-0.721359733100075,1.44280776711712,-0.254195378257035
-0.0920566324419305,-0.434048847175833,-0.672723779284934,1.22422816036607,-0.787844471819527,1.45896294590857,-0.299959030281653
-0.0955831917801258,-0.435259662530323,-0.657483551128527,1.24193405836464,-0.854066146064371,1.47127799164539,-0.347483994507496
-0.0990069115950628,-0.436254360596409,-0.641941707278351,1.2597421340272,-0.919844435786313,1.4796142087559,-0.396472902616191
-0.10232844050947,-0.437032226849213,-0.626097384596138,1.27763732571344,-0.985000977372209,1.4838362681788,-0.446568472435755
-0.105549283416868,-0.43759353638396,-0.609949795528369,1.2956031583366,-1.04936254744703,1.48381467735735,-0.497349233760854
-0.108671948856039,-0.437939790765417,-0.593498498194593,1.3136216497768,-1.11276403272673,1.47942928811717,-0.548327635632249
-0.111700055730978,-0.438073914179602,-0.576743633971405,1.33167331778799,-1.1750510950616,1.47057393313528,-0.598951286239668
-0.114638381816981,-0.438000380869375,-0.559686098044088,1.3497373043626,-1.23608246450829,1.45716215101167,-0.648607939715242
-0.117492842002804,-0.437725250881846,-0.54232761463689,1.36779161272983,-1.29573181616358,1.43913379410326,-0.696634564486528
-0.120270393335067,-0.437256102169073,-0.524670702413775,1.38581342644334,-1.35388920824872,1.41646213549065,-0.742330423008086
-0.122978875116974,-0.436601862586112,-0.506718534766988,1.40377945673829,-1.41046208026535,1.38916093331526,-0.784973627330377
-0.12562680294169,-0.435772561940168,-0.488474719829615,1.42166625097722,-1.46537583107558,1.3572908039698,-0.823840209441235
-0.128223142634673,-0.43477903749224,-0.469943040242548,1.4394503973866,-1.51857401554775,1.32096422254839,-0.858224461620222
-0.130777091425553,-0.433632632200643,-0.451127198012577,1.45710858084998,-1.57001821080853,1.28034851659447,-0.887459221488469
-0.133297888793059,-0.432344921635999,-0.432030603219412,1.47461747705342,-1.61968760450655,1.23566634044983,-0.910934892548292
-0.135794669893684,-0.430927493988626,-0.412656228824794,1.4919535090168,-1.66757834556825,1.18719329813906,-0.928116235329798
-0.138276363349817,-0.429391791653236,-0.393006532639645,1.50909252077987,-1.71370267525348,1.13525260839255,-0.938556242871598
-0.140751625816996,-0.427749007437149,-0.373083428121589,1.5260094397009,-1.75808783058627,1.08020696340817,-0.941906653613631
-0.143228800665305,-0.426010017835504,-0.352888273535495,1.54267799817115,-1.80077469400718,1.02244800711211,-0.937924830965374
-0.145715888123207,-0.424185332399695,-0.332421846746316,1.55907056966197,-1.84181616171969,0.962384121958383,-0.926476876519803
-0.148220518402119,-0.422285041800019,-0.311684279801649,1.57515814917927,-1.88127522272308,0.900427425280225,-0.907536989866236
-0.150749925466268,-0.420318755388243,-0.290674940059368,1.59091048235586,-1.91922277744333,0.836980990508601,-0.881183276654786
-0.153310924715562,-0.418295528436903,-0.269392258252541,1.60629632739616,-1.95573526900305,0.772427289051555,-0.847590436844296
-0.155909900967575,-0.416223786521225,-0.247833514403984,1.62128382348571,-1.99089223832461,0.707118686548303,-0.80701999855662
-0.158552812982695,-0.414111257750071,-0.225994597608189,1.63584093772371,-2.02477393519289,0.641370549642746,-0.759808942100922
-0.161245217837966,-0.411964922497411,-0.203869755410401,1.64993596666434,-2.0574591157442,0.575457183093959,-0.706357632927213
-0.163992314029122,-0.409790986140597,-0.181451344687187,1.66353807349186,-2.08902313433912,0.509610490047232,-0.647117928423382
-0.166798997805793,-0.407594874996767,-0.15872959119181,1.67661784382228,-2.11953640161924,0.44402098855743,-0.58258215252069
-0.169669924151273,-0.405381250998084,-0.135692361566908,1.68914784028506,-2.14906324005033,0.378840657743141,-0.513273381765157
-0.17260956264668,-0.403154037863167,-0.112324950933671,1.70110312883331,-2.17766113153247,0.314187031302438,-0.439737206987135
-0.175622239259822,-0.400916451010826,-0.0886098912713471,1.71246174030467,-2.20538032363951,0.250147986399827,-0.362534874566365
-0.178712157496016,-0.398671024955181,-0.0645267899218578,1.72320502207127,-2.23226374313394,0.186786763049269,-0.282237508757781
-0.181883395743147,-0.3964196347347,-0.0400522124019102,1.73331782964909,-2.25834715632354,0.124146863477667,-0.19942099605113
-0.185139881371095,-0.394163511215061,-0.0151596278695093,1.74278850930005,-2.28365951304109,0.0622565989636775,-0.114661084600658
-0.188485345569387,-0.391903253048185,0.0101805621508123,1.75160863142406,-2.30822341199444,0.00113315783810163,-0.0285283135629647
-0.191923265477491,-0.389638840008431,0.0360008916369653,1.7597724511253,-2.33205562823749,-0.0592138455843426,0.0584174771345306
-0.195456801478314,-0.387369652958159,0.0623365777798809,1.76727609550636,-2.35516764793735,-0.118779318696737,0.145633124563193
-0.199088737401531,-0.385094504737348,0.0892251376706046,1.77411650427477,-2.37756616170794,-0.177560073528487,0.232598485793762
-0.202821429904236,-0.382811684083645,0.11670587042741,1.7802901772942,-2.39925347611529,-0.235552566818956,0.318822864111173
-0.20665677081976,-0.380519011810031,0.144819208574353,1.78579180559243,-2.42022781381559,-0.292750921689588,0.403851139567113
-0.210596163346506,-0.378213905578592,0.173605948442767,1.790612877547,-2.44048348576208,-0.349145172701716,0.487269207435673
-0.214640510196543,-0.375893447347053,0.203106372963837,1.79474035759279,-2.46001093289663,-0.404719702502601,0.568708386132292
-0.218790209742491,-0.373554446353398,0.233359281206824,1.79815553089034,-2.4787966482263,-0.459451867511464,0.647848568050555
-0.223045155074218,-0.371193490468127,0.26440093794328,1.80083309570555,-2.49682300178035,-0.513310836413645,0.724420021089712
-0.227404730738275,-0.368806979733089,0.296263954553496,1.8027405684032,-2.51406799977312,-0.566256684277256,0.798203874379905
-0.231867802622678,-0.366391137601724,0.328976111197647,1.80383804651213,-2.53050501515797,-0.618239794481296,0.869031416636257
-0.236432697714364,-0.363941997447739,0.362559130735722,1.80407835510101,-2.54610252998836,-0.669200619836945,0.936782389970566
-0.241097172048642,-0.361455364046827,0.397027418410865,1.80340758160137,-2.56082393119201,-0.71906984422449,1.00138247766369
-0.245858366906584,-0.358926751818232,0.43238678826554,1.80176598444576,-2.57462740102098,-0.767768968544186,1.06280017070902
-0.25071275508886,-0.356351303617407,0.468633207446578,1.79908924152949,-2.58746594177584,-0.815211321952988,1.12104316710861
-0.255656080837047,-0.353723695835638,0.505751602112461,1.79530998601354,-2.59928757125256,-0.861303473497355,1.1761544213432
-0.260683298611776,-0.351038037508506,0.543714782081677,1.79035956052016,-2.61003572027045,-0.905946992641585,1.22820792768647
-0.265788517345032,-0.348287772998057,0.582482553592536,1.78416990815453,-2.61964985602631,-0.949040482146637,1.27730429526096
-0.270964957764598,-0.345465599405479,0.622001098126288,1.77667551212524,-2.62806634441534,-0.990481785614096,1.32356615718727
-0.276204930695485,-0.342563410890528,0.662202697603893,1.76781529681897,-2.63521955073344,-1.03017025703423,1.36713345100258
-0.281499843638061,-0.33957228216551,0.703005880115521,1.75753441282087,-2.64104316174183,-1.0680089728243,1.40815861149552
-0.286840241258741,-0.336482502287116,0.744316044175749,1.74578584593431,-2.64547169400279,-1.10390676945032,1.44680172809988
-0.292215882732933,-0.333283667340646,0.786026593099635,1.73253181357816,-2.64844213539965,-1.13778000217097,1.48322573422445
-0.297615855401991,-0.329964836800123,0.828020575922466,1.71774493764173,-2.64989565102904,-1.16955394189853,1.51759171206938
-0.303028720414575,-0.326514753637401,0.870172790583108,1.70140920698509,-2.64977927354069,-1.19916375554673,1.55005441001263
-0.308442682533359,-0.322922123259338,0.912352263616601,1.68352076149222,-2.64804749354856,-1.22655504737891,1.58075807712164
-0.313845773736377,-0.319175941798573,0.954424983942479,1.66408853996362,-2.64466366923878,-1.25168397102549,1.60983271807674
-0.319226039136792,-0.315265860834889,0.996256741916367,1.64313483448367,-2.6396011859365,-1.27451695028959,1.63739086044686
-0.324571714336681,-0.311182573717424,1.0377159128278,1.62069578392143,-2.63284431509967,-1.29503006859832,1.66352490523764
-0.329871385540122,-0.306918208387152,1.07867602857621,1.59682181994762,-2.62438874579572,-1.31320820025671,1.68830510312522
-0.335114127172074,-0.30246671268524,1.11901800191947,1.57157805254695,-2.61424178725241,-1.32904396136593,1.711778166408
-0.340289615727767,-0.297824219991244,1.15863190163963,1.545044551641,-2.60242226536852,-1.34253655575938,1.73396649480979
-0.345388222341094,-0.29298938492415,1.1974182195725,1.51731645116028,-2.58896015619167,-1.35369058413482,1.7548679661225
-0.350401089373909,-0.287963680057604,1.23528861612517,1.48850377652583,-2.57389601303753,-1.36251487579475,1.77445622369383
-0.355320197632386,-0.282751644689093,1.2721661740766,1.45873088132575,-2.55728024975211,-1.3690213949097,1.79268138390575
-0.360138430337961,-0.277361075603776,1.30798522631656,1.4281353792338,-2.53917234021668,-1.37322426888957,1.80947108826606
-0.364849637790697,-0.271803147906223,1.342690848261,1.39686647712001,-2.51963998417716,-1.3751389856865,1.82473183500742
-0.369448703182867,-0.266092452208887,1.37623811816544,1.36508265674091,-2.49875827341378,-1.37478180831275,1.83835054113643
-0.37393160596136,-0.260246933868661,1.40859124835729,1.33294871362102,-2.47660887257174,-1.37216945565,1.85019630373605
-0.378295475378744,-0.254287721613577,1.43972267908348,1.30063223648282,-2.45327920872983,-1.36731909497098,1.86012234482223
-0.382538624287034,-0.24823883747248,1.46961220714182,1.26829968819132,-2.42886164638773,-1.36024867987953,1.86796813365765
-0.386660552483369,-0.242126787401335,1.49824619754232,1.23611231612877,-2.40345261321012,-1.35097764538599,1.87356168204745
-0.390661910305204,-0.235980041578922,1.52561690217964,1.20422216265575,-2.37715163896977,-1.33952793980863,1.87672200169528
-0.394544416523997,-0.229828423535646,1.55172188846758,1.17276845476111,-2.35006027668005,-1.32592533429948,1.87726170017257
-0.398310729302765,-0.223702436284881,1.57656356555778,1.14187462253489,-2.32228089013545,-1.31020091078394,1.87498967703295
-0.401964274193431,-0.217632559825703,1.60014878712453,1.11164613291787,-2.29391531348718,-1.29239259509695,1.86971386830524
-0.405509037936951,-0.211648556770076,1.62248850725799,1.08216923941328,-2.26506341227934,-1.27254658086158,1.86124397972164
-0.40894934044745,-0.2057788212481,1.6435974681746,1.05351065521924,-2.23582159726462,-1.25071848589944,1.84939414877454
-0.412289599380688,-0.200049801287746,1.66349390313121,1.02571807180334,-2.20628135840383,-1.22697409821355,1.83398548324568
-0.415534102023527,-0.19448551769774,1.68219924313698,0.998821379163256,-2.17652789400541,-1.20138960096073,1.81484843754416
-0.418686798093438,-0.189107194401807,1.69973782039103,0.972834404316535,-2.14663890789311,-1.17405121068963,1.79182500514298
-0.421751124770879,-0.183933007301633,1.71613656419052,0.947756971629908,-2.11668363643965,-1.14505421428266,1.76477072245855
-0.424729872320077,-0.178977951840865,1.73142468641242,0.923577098581323,-2.08672214933911,-1.11450144112301,1.73355649413449
-0.427625095373749,-0.174253823859497,1.74563335409159,0.900273166981781,-2.05680494609134,-1.08250125251629,1.6980702605775
-0.430438071686755,-0.169769304104164,1.75879534679145,0.877815945418832,-2.02697284760029,-1.04916516633479,1.65821853588952
-0.433169307152446,-0.165530133745301,1.77094469700373,0.856170377333517,-1.99725716201947,-1.01460525889168,1.61392784938003
-0.435818583310732,-0.161539366233178,1.7821163130959,0.835297085874768,-1.96768008826431,-0.978931497361693,1.56514612853841
-0.438385041590904,-0.157797679606701,1.79234558643479,0.81515357842125,-1.93825531075083,-0.942249155014876,1.51184406738968
-0.440867297203365,-0.154303732807488,1.80166798708461,0.795695158938586,-1.90898873520866,-0.904656449391516,1.45401653218809
-0.44326357494014,-0.151054549546872,1.81011865557204,0.776875574894504,-1.87987931726335,-0.866242522263534,1.39168406537224
-0.445571859113333,-0.148045913741626,1.81773200123848,0.758647437856461,-1.85091994162069,-0.827085852221398,1.32489455554667
-0.447790050331055,-0.145272761381455,1.82454132029339,0.740962464184926,-1.8220983184333,-0.78725315868766,1.25372514100438
-0.449916122596371,-0.142729554801231,1.83057844856158,0.723771585624519,-1.79339787295306,-0.746798822777112,1.17828440068786
-0.451948275090138,-0.140410626576272,1.83587346488191,0.707024980234696,-1.76479861312049,-0.705764818068678,1.09871485303088
-0.453885073730761,-0.138310481536583,1.84045446101168,0.690672072880083,-1.73627796584664,-0.664181114799456,1.01519572481402
-0.45572557800007,-0.136424046676465,1.84434739254859,0.674661551886899,-1.70781157539291,-0.622066495309941,0.927945867671376
-0.457469448481967,-0.134746860110287,1.84757602256616,0.658941444414584,-1.67937405605792,-0.579429697300313,0.837226594218887
-0.459117030116036,-0.133275191925598,1.85016196508368,0.64345928702531,-1.65093968672729,-0.536270785064307,0.743344092887208
-0.460669405531585,-0.132006092149911,1.85212482893964,0.628162418954028,-1.62248302802903,-0.492582638358064,0.646650984671911
-0.462128412380193,-0.130937364414593,1.85348245417612,0.612998412837077,-1.5939794360661,-0.448352445973779,0.547546538943781
-0.463496618819513,-0.130067468426002,1.85425122330361,0.597915640932525,-1.5654054428077,-0.403563099434669,0.446475103773026
-0.464777252687279,-0.129395359818398,1.85444642018765,0.582863955194489,-1.53673897502516,-0.358194404585115,0.343922453048551
-0.465974082696445,-0.128920281641176,1.85408260183992,0.567795439570936,-1.507959392948,-0.312224066628263,0.240410006763094
-0.467091254035484,-0.128641526465721,1.85317394536522,0.552665176517964,-1.47904734633494,-0.265628455195198,0.136487204731084
-0.468133085454516,-0.128558190607328,1.85173453534788,0.53743196116823,-1.44998446661823,-0.21838321358891,0.032722635851028
-0.469103839289189,-0.128668941336012,1.84977856624692,0.522058898780931,-1.42075293442188,-0.170463830104854,-0.0703052425067641
-0.470007478913518,-0.128971814096203,1.84732044827909,0.506513834321841,-1.39133497692835,-0.121846328297751,-0.172016888987678
-0.470847429157787,-0.12946405052288,1.84437482073256,0.490769584521623,-1.36171235574216,-0.0725082492340662,-0.271839177247965
-0.471626354219046,-0.13014198097858,1.84095649020338,0.474803967613178,-1.33186590252716,-0.0224300894863415,-0.369211095772256
-0.47234596507591,-0.131000949138287,1.83708032018242,0.458599648782479,-1.3017751492334,0.0284026736558287,-0.463587497134071
-0.473006865294971,-0.132035272106206,1.83276110156409,0.442143836074262,-1.271418086359,0.0799968885743066,-0.554441107184362
-0.473608441266631,-0.133238228220916,1.82801343136312,0.425427870156556,-1.2407710705006,0.132348350121251,-0.641263293574359
-0.474148800885398,-0.134602065915485,1.82285162058823,0.408446752170525,-1.20980889396462,0.185437793619185,-0.723564267589447
-0.474624763556363,-0.136118030031066,1.8172896435205,0.391198648469152,-1.17850502480041,0.239226409187376,-0.800873443641235
-0.475031903753926,-0.137776405832039,1.81134113108252,0.373684401517951,-1.14683202368173,0.293651123893923,-0.872740618541002
-0.475364649440701,-0.13956658453609,1.80501940173474,0.355907064712877,-1.11476214177531,0.348620006697416,-0.938738478915744
-0.475616434640278,-0.141477156376096,1.79833751537067,0.337871467291884,-1.08226809796758,0.404008252604737,-0.998466722874951
-0.47577990171515,-0.143496037118757,1.79130833000316,0.319583805677069,-1.04932402210868,0.459655275525183,-1.05155781540271
-0.475847143321226,-0.145610630981152,1.78394453874407,0.301051251196556,-1.01590653239195,0.515363455159989,-1.09768411464178
-0.475809967271402,-0.14780802702893,1.77625866670295,0.282281562628261,-0.981995891033526,0.570899014670143,-1.13656584516548
-0.475660161178329,-0.150075218305747,1.76826301442757,0.263282696043804,-0.947577157003405,0.625995338670571,-1.16797919859826
-0.475389729879032,-0.152399324968133,1.75996954572322,0.244062413335551,-0.912641233619477,0.680358785378828,-1.19176375450045
-0.474991079316176,-0.15476779702594,1.75138973103451,0.224627902293288,-0.877185698777991,0.733676741270364,-1.20782846280115
-0.474457126874117,-0.157168571222934,1.74253436982187,0.204985431624534,-0.841215311328464,0.785627371841786,-1.21615561105816
-0.473781329641714,-0.159590161392712,1.73341342305764,0.185140070175075,-0.804742110080384,0.83589030222946,-1.21680247747854
-0.472957636482514,-0.162021671850101,1.72403588765929,0.16509549829498,-0.76778505948544,0.884157362414831,-1.20990067794573
-0.471980383823086,-0.164452736876163,1.71440973789903,0.144853930505793,-0.730369242130827,0.930142565982877,-1.19565347845585
-0.470844165398016,-0.166873402947167,1.70454194627126,0.124416154367802,-0.692524645301617,0.973590636472976,-1.1743315059905
-0.469543710531107,-0.169273980890355,1.69443858115837,0.103781674239943,-0.654284630179942,1.01428360624515,-1.14626732747981
-0.468073803209274,-0.171644900422056,1.68410496449108,0.0829489342312538,-0.615684202991946,1.05204524006259,-1.1118492924912
-0.466429266092762,-0.173976598745748,1.67354586236416,0.0619155849730012,-0.576758225271497,1.08674324062496,-1.07151489353972
-0.46460502163565,-0.176259468609549,1.66276567690409,0.0406787554085009,-0.537539704995801,1.11828935506755,-1.02574374344068
-0.462596229039346,-0.178483880944625,1.65176860891654,0.0192352937288864,-0.498058302416666,1.14663761529306,-0.975050152181209
-0.460398483144476,-0.18064028491442,1.6405587672101,-0.00241805006449489,-0.458339165286593,1.17178101672884,-0.919975239537073
-0.458008051521304,-0.182719375991373,1.62914021050055,-0.0242845153610703,-0.418402179616643,1.19374697946137,-0.861078553847001
-0.455422120315182,-0.184712312460389,1.61751691953346,-0.0463672974451818,-0.378261686483232,1.2125919516368,-0.798929267984379
-0.452639018504432,-0.186610954036042,1.60569270847661,-0.0686695774949372,-0.337926675954733,1.2283955133319,-0.734097158041025
-0.449658393991719,-0.18840809395449,1.5936710938507,-0.0911945935233398,-0.297401429965388,1.24125432229603,-0.667143697025157
-0.446481322431749,-0.190097658044926,1.58145514489663,-0.11394572319044,-0.256686551260483,1.25127621155434,-0.598613676657356
-0.443110339323681,-0.191674850155816,1.56904734068972,-0.136926547912681,-0.215780289180501,1.25857470331278,-0.529027781210206
-0.439549395812958,-0.19313623151368,1.55644945674722,-0.160140870986915,-0.174680057453335,1.26326414601778,-0.458876475113971
-0.435803747160223,-0.194479730440374,1.54366249833287,-0.183592669393335,-0.133384034810602,1.2654556162472,-0.388615447488716
-0.431879788782624,-0.195704586794581,1.53068669056672,-0.20728596785485,-0.0918927447512849,1.26525366061173,-0.31866271118629
-0.427784857706132,-0.196811241451374,1.51752152824775,-0.23122463286257,-0.0502105234716178,1.26275389169015,-0.24939731283708
-0.423527017402147,-0.197801184625636,1.50416588211907,-0.255412092348356,-0.00834680176435075,1.25804140163719,-0.181159498324109
-0.419114841981912,-0.198676777979502,1.49061815378248,-0.279850992708953,0.0336828551751942,1.25118992056689,-0.11425210767095
-0.414557212427664,-0.199441064705665,1.47687646875005,-0.304542808767162,0.0758559885128299,1.24226162457763,-0.0489429451274219
-0.409863133736775,-0.200097579775598,1.46293889599636,-0.329487424229159,0.118142789508427,1.23130748866044,0.0145321238532501
-0.40504157814448,-0.200650169887934,1.44880368246019,-0.354682700713752,0.160505954267801,1.21836807980018,0.0759655693030677
-0.400101356349403,-0.201102829824991,1.43446949181844,-0.380124052967502,0.202900844752594,1.2034746921074,0.135174270444384
-0.395051016075547,-0.201459559248332,1.41993563815923,-0.405804046832003,0.245275939745997,1.1866507359402,0.191995412977271
-0.389898765407974,-0.201724241625229,1.40520230665317,-0.431712035160813,0.287573549074747,1.16791330452269,0.246282326440774
-0.384652417097811,-0.201900545067486,1.39027075479268,-0.457833845339543,0.329730755242985,1.14727485311799,0.297900357543047
-0.379319349366222,-0.201991843411005,1.37514348914051,-0.484151530402443,0.371680539057502,1.12474493653563,0.346722864203761
-0.373906478552148,-0.2020011548622,1.35982441374981,-0.510643193970459,0.413353040234919,1.10033196018537,0.39262741147505
-0.368420239147417,-0.201931094957107,1.34431894746502,-0.537282897342109,0.454676900766355,1.07404490772706,0.435492251717929
-0.362866567247923,-0.201783840375869,1.32863410818016,-0.564040655025188,0.495580638208288,1.04589501432277,0.475193174448819
-0.357250884126102,-0.2015611002693,1.31277856282457,-0.590882522780871,0.535993998073109,1.01589735825154,0.511600813511724
-0.351578077406162,-0.201264092113034,1.29676264238429,-0.617770779848765,0.575849238858193,0.98407234487565,0.544578498679938
-0.34585247811517,-0.200893519627868,1.28059832167361,-0.644664204437259,0.615082309500514,0.950447055421598,0.573980734186415
-0.340077832617644,-0.200449550911654,1.26429916387154,-0.671518438836234,0.653633886536679,0.91505642876244,0.599652377480732
-0.334257269064466,-0.19993179554759,1.24788023005063,-0.698286437722567,0.691450246271642,0.877944237728874,0.621428577801638
-0.328393258468733,-0.19933928003573,1.23135795405072,-0.724918990522895,0.728483955109908,0.839163813283589,0.639135516562899
-0.32248757086169,-0.198670421419085,1.21474998306546,-0.751365306268777,0.76469436826321,0.79877846154661,0.652591971177724
-0.316541227215133,-0.197922999459639,1.19807498416525,-0.777573647465282,0.80004793284464,0.75686151203995,0.661611702370297
-0.310554448011735,-0.197094128218218,1.18135241661028,-0.803491998347559,0.834518295600842,0.713495932869982,0.66600664435534
-0.304526599602716,-0.196180228493657,1.16460226914309,-0.829068752745888,0.868086218136012,0.668773452227346,0.665590860252421
-0.298456139936789,-0.195177003389893,1.14784476044542,-0.854253407769587,0.900739303569469,0.622793137625655,0.660185215171835
-0.292340566007146,-0.194079420413786,1.13109999960539,-0.878997251690566,0.93247153846672,0.575659406073195,0.649622720588236
-0.286176366562987,-0.192881705046697,1.11438760185493,-0.9032540376547,0.963282653087908,0.527479470084599,0.633754520123447
-0.279958985350284,-0.19157735271243,1.09772625319408,-0.926980638923206,0.993177302142394,0.478360264876379,0.612456522195896
-0.273682802401637,-0.190159168436698,1.08113321613315,-0.950137685859298,1.02216406807732,0.42840494861766,0.585636740337214
-0.26734114361346,-0.188619346101355,1.06462376811889,-0.972690189309112,1.05025429035605,0.377709116573408,0.553243473661733
-0.260926331826323,-0.186949601729143,1.0482105649159,-0.99460815870481,1.07746072832452,0.32635691748778,0.515274535991898
-0.254429795462281,-0.185141377154979,1.03190292419302,-1.01586722521828,1.10379607362481,0.274417303429271,0.471787797802852
-0.247842252774,-0.183186130873618,1.01570603105209,-1.036449279278,1.12927134270573,0.22194068080119,0.42291329869905
-0.241153989779654,-0.181075730448915,0.999620078823159,-1.05634312578535,1.15389420317946,0.168956259857848,0.368867058488565
-0.234355246269579,-0.178802953714477,0.983639376876622,-1.07554514683976,1.17766732155645,0.115470422189032,0.309966386276288
-0.227436714615562,-0.176362091805617,0.96775148363872,-1.09405993793433,1.20058686388809,0.0614664362528118,0.246645888690452
-0.220390138243998,-0.173749623999419,0.951936456497245,-1.11190084795414,1.22264132903392,0.00690583896259775,0.179472490288582
-0.213208969745974,-0.170964902806328,0.936166345412393,-1.12909030863968,1.24381093108855,-0.0482682540187068,0.10915670635857
-0.205889015713395,-0.168010753036476,0.920405081607106,-1.14565979619316,1.26406774645516,-0.104125771597688,0.0365564614821383
-0.1984289657245,-0.164893862891484,0.904608908082568,-1.16164924728346,1.28337677105114,-0.16074231983196,-0.0373305419492798
-0.190830691674782,-0.16162484617507,0.888727446150537,-1.17710578078133,1.3016978768365,-0.218190190794289,-0.111388938098331
-0.183099226354715,-0.158217897561843,0.872705386034679,-1.19208167409057,1.31898843613139,-0.276528427983056,-0.184422834234723
-0.175242391516163,-0.154690047107404,0.856484650959135,-1.20663169997385,1.33520617083732,-0.335792870088671,-0.255204951715923
-0.16727013014143,-0.151060121374261,0.84000676145362,-1.22081009906097,1.35031168301895,-0.395987176785859,-0.322531418132055
-0.159193672352825,-0.14734759553076,0.823215074012625,-1.23466757536942,1.36427020135572,-0.457075734123822,-0.385274258408916
-0.151024696972777,-0.143571539073468,0.806056612121562,-1.24824870525214,1.37705231525113,-0.518979093696276,-0.442424544847654
-0.142774629741378,-0.13974981197204,0.788483328012858,-1.26159004370427,1.38863376229125,-0.581572311029006,-0.493122069990176
-0.134454160010662,-0.135898583686665,0.770452777306264,-1.2747190456284,1.39899456431925,-0.644686285445621,-0.536670872425302
-0.126072989863875,-0.132032162575288,0.751928303029023,-1.28765375958629,1.40811790317195,-0.708111983211757,-0.572542595178783
-0.117639778103155,-0.128163065663839,0.732878883325056,-1.3004031439082,1.4159890932915,-0.771607227655507,-0.600370872831117
-0.109162216803677,-0.124302236967659,0.713278800633413,-1.31296781201495,1.42259489609907,-0.834905545475388,-0.619939913864592
-0.100647177192954,-0.120459329415523,0.693107258271045,-1.32534102225257,1.42792328794112,-0.897726376526685,-0.631169748915821
-0.0921008751288746,-0.11664298779005,0.672348024735259,-1.33750976502465,1.43196367918353,-0.959785820324524,-0.634099801510247
-0.0835290248945435,-0.11286109607621,0.650989142540505,-1.34945584659843,1.43470750363374,-1.02080704747298,-0.62887181632385
-0.0749369667767833,-0.109120974618941,0.629022705454606,-1.36115691161,1.43614905584033,-1.0805295720128,-0.615712826103578
-0.0663297657208377,-0.105429527279411,0.606444688052975,-1.37258737855738,1.43628644193909,-1.1387167546294,-0.594918686775399
-0.0577122846891807,-0.101793346230132,0.583254803287317,-1.38371928277256,1.43512251835615,-1.19516115148061,-0.566838653816229
-0.0490892382337651,-0.0982187837906943,0.559456364186718,-1.39452303081627,1.43266571345298,-1.24968758856979,-0.53186142472962
-0.0404652309036786,-0.0947119990523764,0.535056131368884,-1.40496807186621,1.42893065376335,-1.30215407860267,-0.490402988360351
-0.0318447830911315,-0.0912789840754736,0.510064135676334,-1.41502348894555,1.42393854465098,-1.35245087290759,-0.4428964964495
-0.0232323449642657,-0.0879255716717249,0.484493472770297,-1.42465850896079,1.41771728249021,-1.40049804249311,-0.389784223897745
-0.014632297886903,-0.0846574250002523,0.458360072645554,-1.43384292785483,1.41030130027064,-1.44624201480443,-0.331511536216818
-0.00604894235220719,-0.0814800086097371,0.431682451263373,-1.44254744701676,1.40173116965678,-1.48965147238846,-0.268522656331696
0.00251352817019554,-0.0783985409755781,0.404481453825826,-1.45074391966311,1.39205299893191,-1.53071296623326,-0.201257930691248
0.0110510672101556,-0.075417929668308,0.376779999877554,-1.45840551063892,1.38131767707973,-1.56942652780457,-0.130152240881228
0.0195598277342224,-0.0725426916954718,0.348602839755002,-1.46550677891925,1.36958001913672,-1.60580149282672,-0.0556341902425681
0.0280362245519301,-0.0697768629917488,0.319976330251022,-1.47202369780056,1.35689786719829,-1.63985268451606,0.0218742889539927
0.0364770031773823,-0.0671239022750005,0.290928235054173,-1.47793363224477,1.3433311961159,-1.6715970478839,0.101958218793254
0.0448793108199549,-0.0645865953813219,0.261487552879055,-1.48321529526583,1.32894126453848,-1.70105078069431,0.18420999523466
0.0532407646579511,-0.0621669666199665,0.23168437354297,-1.48784870521761,1.31378984226517,-1.72822697009937,0.268230108527339
0.0615595123987516,-0.059866203559922,0.201549759861092,-1.49181516338028,1.29793853541048,-1.75313371591714,0.353628239113754
0.0698342804121173,-0.0576846009276815,0.171115651367827,-1.49509726677174,1.28144822265091,-1.77577270121737,0.440024712907444
0.0780644054672302,-0.0556215279814655,0.140414784672137,-1.49767896536126,1.26437860919477,-1.79613815797324,0.527052217988551
0.0862498472740935,-0.0536754219411038,0.109480624742638,-1.4995456667255,1.24678789989217,-1.81421616991522,0.614357621355051
0.0943911805140253,-0.0518438079977748,0.0783473014960632,-1.50068438554446,1.22873258852464,-1.82998425622846,0.701603687248958
0.102489566659569,-0.0501233443745264,0.047049546543892,-1.50108393089644,1.21026735616552,-1.8434111878529,0.788470492006592
0.110546707408633,-0.0485098891455149,0.0156226256187468,-1.50073512148672,1.19144506715777,-1.85445700180416,0.874656353817786
0.118564782774956,-0.0469985842942548,-0.0158977371347917,-1.49963101780035,1.17231684662795,-1.86307319648844,0.95987814386325
0.126546377624318,-0.0455839519479482,-0.0474754462790478,-1.49776716045618,1.15293221879861,-1.86920311036881,1.04387090912577
0.134494400646254,-0.0442599978920776,-0.0790741364985141,-1.49514180529336,1.13333928117101,-1.8727825052924,1.12638680639667
0.142411999421426,-0.0430203182541152,-0.110657290923224,-1.49175614738781,1.11358488650598,-1.87374039207253,1.20719341206755
0.150302474482521,-0.0418582064660171,-0.14218837872211,-1.48761452774953,1.09371480296842,-1.87200014744499,1.28607152607913
0.158169194220567,-0.0407667590442447,-0.17363101399908,-1.48272461747105,1.07377382323296,-1.86748097637098,1.36281262686109
0.166015511328747,-0.0397389801288425,-0.204949137515008,-1.47709757431744,1.0538057960564,-1.86009977010679,1.43721615603568
0.173844680368732,-0.0387678858865057,-0.236107221980246,-1.47074816605911,1.03385355896727,-1.849773397018,1.50908681780959
0.181659775139341,-0.0378466106296663,-0.267070500542283,-1.46369485329876,1.01395875836293,-1.83642143879948,1.57823206997735
0.189463603951342,-0.0369685166993615,-0.297805216581251,-1.45595982233912,0.994161553351411,-1.81996934954986,1.64445996302362
0.197258620769532,-0.0361273097152451,-0.328278891007552,-1.44756895613893,0.974500211811239,-1.80035197062683,1.70757745241128
0.20504683055163,-0.0353171596784448,-0.358460600974906,-1.43855172913802,0.955010620685449,-1.77751728421025,1.76738926819985
0.212829688033812,-0.0345328266617516,-0.388321261409138,-1.42894101035857,0.935725746315197,-1.75143023944374,1.82369737763695
0.220607990670996,-0.0337697875700596,-0.417833898242934,-1.41877275944589,0.91667509298566,-1.7220764455894,1.87630102359633
0.228381768347116,-0.0330243579432903,-0.446973900075637,-1.40808560287825,0.89788421675936,-1.68946550645737,1.92499726982611
0.236150174647892,-0.0322938003480172,-0.475719233541606,-1.39692028289889,0.879374355032771,-1.65363377778647,1.96958193980641
0.243911386671628,-0.0315764089730519,-0.504050607354749,-1.38531897982927,0.861162228468492,-1.6146463684286,2.00985080735393
0.251662522220884,-0.0308715590173454,-0.531951571076307,-1.37332451877569,0.843260060447817,-1.57259827463546,2.04560089090559
0.259399584443689,-0.0301797096574536,-0.55940853721353,-1.36097948324791,0.825675840783478,-1.52761462422808,2.07663172378011
0.267117444309432,-0.0295023509645816,-0.586410719155895,-1.34832526937525,0.808413837381719,-1.47985009713882,2.10274651917705
0.27480987055143,-0.0288418880663207,-0.612949982352692,-1.33540112366039,0.791475335092603,-1.42948766086348,2.12375321534726
0.282469614847303,-0.0282014598979953,-0.639020611583817,-1.32224321326176,0.774859558593486,-1.37673679571841,2.13946546244066
0.29008855709617,-0.027584694745197,-0.664619002735254,-1.30888377991061,0.758564718612479,-1.32183137420994,2.14970368384532
0.297657911782795,-0.0269954101185725,-0.689743292818532,-1.29535042665214,0.74258910964487,-1.26502730029083,2.15429639603816
0.305168491676393,-0.0264372700542474,-0.714392946834263,-1.2816655810314,0.726932182681697,-1.20659991835536,2.15308198774948
0.31261101957008,-0.0259134184647935,-0.738568324272959,-1.26784616964913,0.711595517502901,-1.14684108978149,2.14591113028038
0.319976472575947,-0.0254261123690337,-0.762270251270479,-1.2539035275321,0.696583624681793,-1.08605573603471,2.13264990988952
0.327256437042009,-0.0249763831586643,-0.785499626169283,-1.23984355151354,0.681904516962195,-1.02455759491779,2.11318364186641
0.334443446267141,-0.0245637566049958,-0.808257085726697,-1.22566708968578,0.667570003265187,-0.962663960718406,2.08742115696055
0.341531269181611,-0.0241860618363182,-0.830542755656434,-1.21137053926864,0.653595676932333,-0.900689297852232,2.05529917093561
0.348515117695557,-0.0238393547875632,-0.852356102128404,-1.19694660433974,0.640000593214258,-0.838937826356056,2.01678619757233
0.355391744989371,-0.0235179719878616,-0.873695890636449,-1.18238514575233,0.626806658271764,-0.777695440753427,1.97188539219282
0.362159417200207,-0.0232147166028327,-0.894560246739493,-1.1676740424513,0.61403777968679,-0.717221576589944,1.9206357581287
0.368817755721775,-0.0229211625729009,-0.914946802010751,-1.15279998056776,0.601718851474365,-0.657741802971633,1.86311132986988
0.375367463917261,-0.0226280479280721,-0.934852900757233,-1.13774909664387,0.589874659397901,-0.599441930939521,1.79941824358238
0.381809966634709,-0.0223257185371289,-0.954275840582399,-1.12250742334373,0.578528791522517,-0.542464266045036,1.72968995995231
0.388146999994011,-0.0220045810832733,-0.973213122960804,-1.10706111575348,0.56770262446748,-0.486906335337583,1.65408123648546
0.394380190633338,-0.0216555291778618,-0.991662697290546,-1.09139646743671,0.557414431462,-0.432822065166206,1.57276168389445
0.400510658441064,-0.0212703172322774,-1.00962319097439,-1.07549975158834,0.547678629933381,-0.380225070164121,1.48590984352841
0.406538667219011,-0.020841869673683,-1.02709412652642,-1.05935694004403,0.538505159794037,-0.329093505971706,1.39370869121993
0.412463337082757,-0.0203645249196553,-1.04407613286342,-1.042953360831,0.529898962998894,-0.279375865380819,1.29634334111072
0.418282423770246,-0.0198342217587888,-1.06057116118611,-1.02627335521503,0.521859522363932,-0.230997143393384,1.19400153516566
0.423992165395811,-0.0192486392556858,-1.07658271626535,-1.00929999070266,0.514380413663301,-0.18386491825023,1.08687729184339
0.42958719724931,-0.0186072999506744,-1.09211611177485,-0.992014879605719,0.507448829904061,-0.137875043347603,0.975177854612771
0.435060539515195,-0.0179116405908902,-1.1071787535182,-0.974398144386871,0.50104505118724,-0.0929167779289962,0.859133800461489
0.440403669756762,-0.0171650459535942,-1.12178044648697,-0.956428559884917,0.495141859126919,-0.0488772761853961,0.739011791907915
0.445606699113542,-0.0163728310050361,-1.13593370994387,-0.938083885775608,0.489703932522107,-0.00564539416868716,0.615128938865256
0.450658674696907,-0.0155421469881932,-1.14965406895137,-0.919341376927192,0.484687309390071,0.0368852344813635,0.487867080563306
0.455548026073039,-0.014681781528574,-1.16296027247187,-0.900178423303679,0.480039052288073,0.0788139413853108,0.357684604592043
0.460263156830697,-0.0138018259104902,-1.17587437184041,-0.88057322868603,0.475697293264678,0.120231708194256,0.225122934361593
0.464793151967728,-0.0129131981698437,-1.18842158687864,-0.860505400566686,0.471591838518699,0.161220908481314,0.0908049011109418
0.469128533510409,-0.0120270389699513,-1.20062989930271,-0.839956310625109,0.467645458637604,0.201856134106922,-0.0445767925652906
0.473261963433337,-0.0111540323518549,-1.21252934971215,-0.818909113396038,0.463775872625894,0.242205960881363,-0.180280866332496
0.477188781438278,-0.0103037328543251,-1.22415107074826,-0.797348383105838,0.4598982784241,0.282335295606148,-0.315545924644041
0.480907286873299,-0.00948399020302364,-1.23552614837367,-0.77525942523555,0.455928144094434,0.322307778101025,-0.449621476464083
0.484418725842259,-0.00870054572529689,-1.24668444321712,-0.752627403123613,0.45178391086805,0.362187667518122,-0.581796194736024
0.487727007881652,-0.00795683626406032,-1.25765350861079,-0.729436457147936,0.447389298823251,0.402040745268997,-0.711419044909412
0.490838227708145,-0.00725399693431048,-1.26845771140625,-0.705668974700166,0.442675026321142,0.441933967668753,-0.837911050241929
0.49376009081697,-0.00659101972518224,-1.2791176110534,-0.681305110657626,0.437579900364666,0.481933812780612,-0.960767851565483
0.49650133612585,-0.00596500937843405,-1.28964960201063,-0.656322590934859,0.432051352377897,0.522103418504675,-1.07955501621737
0.499071224556821,-0.00537148036538121,-1.3000657890156,-0.630696781170024,0.426045554429261,0.562498683301915,-1.19389888533777
0.501479132415935,-0.00480465249325128,-1.31037404876819,-0.604400978920001,0.419527256301425,0.603163522366463,-1.30347572327143
0.50373426205152,-0.00425772022960495,-1.32057823179923,-0.57740688774302,0.412469453177192,0.644124484036659,-1.40800138372978
0.50584546343676,-0.00372308699536943,-1.33067846784646,-0.549685245463876,0.404852949295804,0.685384970153241,-1.507222967259
0.507821148838329,-0.00319256794134889,-1.34067155020141,-0.521206596317745,0.396665841708304,0.726919385192383,-1.60091322659391
0.509669276676121,-0.00265757243572812,-1.35055138432103,-0.491942209421711,0.387902920028926,0.768667652393341,-1.68886787125229
0.511397378197119,-0.00210928076589197,-1.36030949072838,-0.461865149008635,0.378564966868033,0.810530647807454,-1.77090544733497
0.513012600720693,-0.00153882866754232,-1.36993555099729,-0.430951492956739,0.368657949488453,0.852367166803668,-1.84686911802613
0.514521743886823,-0.000937508622234154,-1.37941797932109,-0.399181676320733,0.358192113193633,0.893993002500769,-1.91662944815851
0.515931270816486,-0.000296989220672522,-1.38874449328543,-0.366541909921803,0.3471810153703,0.93518255128825,-1.98008721887297
0.517247284257051,0.000390455190595708,-1.39790264957341,-0.333025597266491,0.335640568051511,0.9756730749749,-2.03717538057138
0.518475467616542,0.00113172066819042,-1.40688030709787,-0.298634653743187,0.323588177503561,1.01517139625895,-2.08785948536523
0.519621000368921,0.00193267692257529,-1.41566598390844,-0.2633806262526,0.311042074218783,1.05336247139551,-2.1321362785294
0.520688464395502,0.00279801940466364,-1.42424908529138,-0.227285521466314,0.298020912185766,1.08991905983698,-2.17003049493977
0.52168176072439,0.00373118744404439,-1.43261999644522,-0.190382274535744,0.284543683945962,1.12451164974776,-2.20159021579428
0.522604054376362,0.00473435737204181,-1.44077005012143,-0.152714821636309,0.270629953885354,1.15681790056107,-2.22688132914924
0.5234577594958,0.00580850970733629,-1.44869139380115,-0.114337772527852,0.256300365049746,1.18653107946397,-2.24598168233407
0.524244569394452,0.00695356033242523,-1.45637678978559,-0.0753157079229157,0.241577332916639,1.21336722364083,-2.25897543527548
0.524965528491159,0.00816853880610322,-1.46381938431981,-0.0357221479819852,0.226485809324662,1.23707098518484,-2.26594796939414
0.525621136904683,0.00945179327992421,-1.47101247943805,0.0043617477546822,0.211053984763964,1.25742026692435,-2.26698153251913
0.52621147448417,0.0108012008419996,-1.47794933534117,0.0448486811610142,0.195313798719613,1.2742298216548,-2.26215165185009
0.526736329539172,0.0122143639394061,-1.48462302359053,0.0856468466120694,0.179301145274418,1.28735397552149,-2.25152425154509
0.527195318214613,0.0136887771139264,-1.49102634360128,0.126661623029759,0.163055692953096,1.29668857350871,-2.23515337691038
0.527587982870961,0.015221952963038,-1.49715180762303,0.167797261676705,0.146620280793427,1.30217216020886,-2.2130794458895
0.527913861418644,0.0168115014770192,-1.50299169286953,0.208958511439269,0.130039902435109,1.30378632885324,-2.1853280031245
0.528172523754598,0.0184551622825578,-1.5085381536443,0.250052133097883,0.113360340862213,1.30155511657209,-2.15190902024992
0.528363575722855,0.0201507944785096,-1.5137833810495,0.290988266461949,0.096626561726331,1.2955433070787,-2.11281684648265
0.528486634888668,0.0218963333283549,-1.51871979309897,0.331681628653273,0.07988100647196,1.28585352854094,-2.06803094866961
0.528541285482458,0.0236897267268237,-1.52334023392435,0.372052537154408,0.0631619427540903,1.27262210169754,-2.01751758043586
0.528527021869058,0.0255288667644818,-1.52763815764975,0.412027765977169,0.0465020264369688,1.25601369181026,-1.96123248691318
0.528443190726681,0.0274115326337135,-1.53160777097314,0.451541255773742,0.0299272076284508,1.23621493297137,-1.89912469626819
0.528288941853357,0.0293353604489448,-1.53524410912362,0.490534707426319,0.0134560768044788,1.21342730658586,-1.83114139169613
0.528063196387508,0.0312978533621261,-1.53854302311559,0.528958092666763,-0.00290029741255721,1.18785964911512,-1.75723382077567
0.527764639560594,0.033296441876197,-1.54150106225637,0.56677011438445,-0.0191380323763391,1.15972072179351,-1.67736420243385
0.527391743224315,0.0353285998310463,-1.54411524450468,0.603938643954706,-0.0352596299555977,1.12921228724568,-1.59151364319909
0.526942821538889,0.0373920164798554,-1.54638271808917,0.640441154018445,-0.0512727702311948,1.09652310289165,-1.49969116379042
0.526416121394348,0.0394848195556715,-1.54830033027549,0.676265153422458,-0.0671887772840851,1.06182416492912,-1.40194403186581
0.525809947113832,0.0416058381585466,-1.54986413292806,0.71140861668475,-0.0830208405351594,1.02526543139623,-1.29836964100148
0.525122816235777,0.0437548873429448,-1.55106886926487,0.745880382819929,-0.0987820776190743,0.986974131388474,-1.18912909400334
0.524353639008908,0.0459330481139991,-1.55190750138644,0.77970047666527,-0.114483530954734,0.947054639186854,-1.07446235639117
0.523501908099354,0.0481429073111773,-1.55237085206908,0.812900279665904,-0.130132207336236,0.905589759512679,-0.954704276709061
0.52256787696987,0.0503887129889191,-1.55244744299374,0.845522448597717,-0.145729301315858,0.862643131667819,-0.830299923276474
0.521552696825699,0.0526763957944862,-1.55212360818608,0.877620456820538,-0.161268783460131,0.818262318837148,-0.701816697130022
0.520458476163745,0.0550134108683464,-1.55138393740345,0.909257626114174,-0.176736565676262,0.772482025309334,-0.569949882314797
0.519288228598929,0.0574083736055622,-1.55021205356985,0.940505544322996,-0.192110448286129,0.725326827239583,-0.435518202803209
0.518045688174941,0.0598704983037869,-1.54859165486272,0.971441837151714,-0.20736097809123,0.676812878171345,-0.299447076264105
0.516734997324008,0.062408895287964,-1.54650767470047,1.00214737774615,-0.222453196020471,0.626948304893609,-0.162739716141668
0.515360304704083,0.0650318242223552,-1.543947362837,1.03270314707361,-0.237349061421925,0.575732415689749,-0.0264394432314271
0.513925336073194,0.0677460201288871,-1.54090109607463,1.06318705513428,-0.252010179811297,0.523154280368629,0.108410727232818
0.51243300918567,0.070556192957623,-1.53736279304934,1.09367105573737,-0.26640040506175,0.469191542442164,0.240804241119039
0.510885149458257,0.0734647563909754,-1.53332990930753,1.1242188245326,-0.28048796188239,0.413810375043977,0.369797277246586
0.509282333763097,0.076471785815268,-1.52880308535271,1.15488414827568,-0.294246900802184,0.356967304632353,0.494522482814581
0.507623858259782,0.0795751602775363,-1.52378557855921,1.18571004126957,-0.307657878671616,0.298613314260374,0.614190790311696
0.505907803998471,0.0827708209808569,-1.51828262052726,1.21672850453693,-0.320708386111162,0.238700329312718,0.728084346239586
0.504131165668048,0.0860530795214862,-1.51230081628068,1.24796079292661,-0.333392592842211,0.177189947223113,0.835544667349679
0.502290012429042,0.0894149249873562,-1.50584766005983,1.2794180504662,-0.345710963958026,0.114064082755824,0.935960073113126
0.500379660205378,0.0928483011782524,-1.49893119974859,1.31110219830753,-0.35766974429752,0.0493370016374285,1.02875568175555
0.498394846964561,0.0963443468863143,-1.4915598455928,1.34300699469314,-0.369280342994447,-0.0169320457009264,1.11338821455748
0.496329912550661,0.0998936095549107,-1.48374229030561,1.37511921848188,-0.38055859639796,-0.0846267074967278,1.18934676217727
0.494178990116689,0.103486253552799,-1.47548748671558,1.40741994749122,-0.391523857259295,-0.153563382402821,1.25615960819911
0.491936215882208,0.107112287179811,-1.46680461713878,1.43988590490657,-0.402197858364462,-0.223484702117477,1.31340620483077
0.489595957816842,0.110761826316221,-1.45770298925566,1.47249083054395,-0.412603332107074,-0.294058239336145,1.36073251391836
0.487153053527463,0.114425397841141,-1.44819181026514,1.50520680438289,-0.422762429640548,-0.364881572444403,1.39786729375366
0.484603036451396,0.118094265848137,-1.43827982468485,1.53800542007248,-0.432695060591683,-0.43549398632374,1.42463669540537
0.481942321796031,0.121760744461167,-1.42797484483301,1.57085869276356,-0.442417344081427,-0.505394018087074,1.44097484636225
0.479168323236592,0.125418449965013,-1.41728324385642,1.60373960238069,-0.451940398149402,-0.574061061845297,1.44692891498179
0.476279479404426,0.129062447095485,-1.40620950476299,1.63662222304962,-0.461269679241212,-0.640978623301765,1.44265826279942
0.473275183567902,0.132689259855845,-1.39475591636728,1.66948146015052,-0.470405014509657,-0.705656722813376,1.42842838897355
0.470155626135976,0.13629674115491,-1.38292247944065,1.70229248684465,-0.479341364093596,-0.767651345010055,1.404601155715
0.466921572955265,0.13988382027115,-1.37070704377521,1.73503002067104,-0.488070236343116,-0.826579531475914,1.37162309258387
0.463574109814924,0.143450165911772,-1.3581056530012,1.76766759620646,-0.49658158381208,-0.882129476582748,1.33001342055291
0.460114384611249,0.146995812048516,-1.34511304003334,1.80017697278807,-0.504865949474638,-0.934065639408851,1.28035295218721
0.456543374694691,0.150520793957254,-1.33172319734787,1.83252777721876,-0.512916615594931,-0.982229346306767,1.22327439787505
0.452861700222866,0.154024835403051,-1.31792994270789,1.86468743345792,-0.520731525993551,-1.02653562604972,1.15945400460624
0.449069496784309,0.157507117637583,-1.30372740906119,1.89662138524536,-0.52831479504854,-1.0669671284345,1.08960398760872
0.445166353269987,0.160966149054431,-1.28911040314316,1.92829357915059,-0.535677672680013,-1.10356597277773,1.01446495211188
0.441151314354531,0.164399742187961,-1.27407459782524,1.95966714607278,-0.54283889587914,-1.13642429651194,0.934797472787947
0.437022941042456,0.167805092776753,-1.2586165466242,1.99070519816249,-0.549824419454953,-1.16567416212337,0.851372201671508
0.432779417612999,0.171178944351793,-1.24273353354196,2.02137164543603,-0.556666578562583,-1.19147736278982,0.764958273947552
0.428418689316358,0.17451781223744,-1.22642329532047,2.0516319336535,-0.563402789470035,-1.21401556367742,0.676310291082221
0.42393861293078,0.177818234454613,-1.20968367285082,2.08145361491793,-0.570073937151211,-1.23348113422171,0.586154657467867
0.419337102339146,0.181077015262743,-1.19251225989248,2.11080668620141,-0.576722621833959,-1.25006896090704,0.495176393688803
0.41461225378071,0.184291430652406,-1.17490611747246,2.13966366633406,-0.583391436516079,-1.2639694664598,0.404007645857891
0.409762439927577,0.187459373345182,-1.15686161096617,2.16799942250872,-0.590121423393419,-1.27536298776872,0.313218931989593
0.40478636745289,0.190579425832308,-1.13837440666813,2.19579079432867,-0.596950814752133,-1.28441557792219,0.223313775460854
0.39968309813838,0.193650861146862,-1.11943964060738,2.22301608900924,-0.60391411310048,-1.29127620487011,0.134726892902616
0.394452037858085,0.196673580177716,-1.10005224976179,2.24965453135921,-0.611041516906201,-1.29607523415791,0.0478256577344833
0.389092900476757,0.199648000121438,-1.08020743857673,2.27568574705296,-0.618358660401616,-1.2989240192297,-0.0370857578479297
0.383605654803707,0.202574910967428,-1.05990124342686,2.30108934147528,-0.625886612273903,-1.29991538736633,-0.119760316210083
0.377990462570426,0.205455316386383,-1.03913115394164,2.32584461459619,-0.633642068271293,-1.29912480233974,-0.200000887546406
0.372247614410474,0.208290273070987,-1.01789675127847,2.34993042999608,-0.641637673774969,-1.29661200048383,-0.277652537113772
0.366377469438616,0.211080739452802,-0.996200327488481,2.37332523685349,-0.649882420252793,-1.29242292666635,-0.352594858508441
0.360380402563502,0.213827441525313,-0.97404745540972,2.39600722920073,-0.65838207063659,-1.28659183239115,-0.424734732494835
0.354256762306087,0.216530760665934,-0.951447483956876,2.41795461739443,-0.667139580433697,-1.27914343365913,-0.493999753626235
0.348006840713416,0.219190646040587,-0.928413938738868,2.43914598199982,-0.676155492220117,-1.27009505731563,-0.560332456972728
0.341630855969106,0.22180655239888,-0.904964812527354,2.45956067920384,-0.685428290316505,-1.25945872952464,-0.623685396851525
0.335128947491053,0.224377402748896,-0.881122734356645,2.47917926842857,-0.694954709706531,-1.24724317831285,-0.684017075136444
0.328501182648653,0.226901574436205,-0.856915010175609,2.49798393608883,-0.70472999869935,-1.23345573427011,-0.741288682881314
0.32174757370421,0.229376906448386,-0.832373532188053,2.51595889366674,-0.714748138671727,-1.21810412036013,-0.795461599840434
0.314868103172991,0.231800725252665,-0.807534558417183,2.53309073288055,-0.72500202669655,-1.2011981244224,-0.846495587069723
0.307862755498623,0.2341698861043,-0.782438368607315,2.5493687252823,-0.735483628216707,-1.18275114738134,-0.894347604365514
0.300731552757055,0.236480826513423,-0.757128807213652,2.56478505783937,-0.746184107385398,-1.16278161742212,-0.938971184166895
0.293474592038928,0.238729628421873,-0.731652728712495,2.57933499975988,-0.757093942476538,-1.14131425638529,-0.980316294933109
0.286092082223008,0.240912085624134,-0.706059364505847,2.59301699892111,-0.768203033062726,-1.11838118025066,-1.01832962880072
0.27858437804635,0.243023773078604,-0.680399633982499,2.60583270873645,-0.77950080463041,-1.09402281163683,-1.05295524989895
0.270952009697713,0.245060115007643,-0.654725424533595,2.61778694818759,-0.790976315091033,-1.06828857947213,-1.08413554076735
0.263195706598963,0.247016449082715,-0.629088866263274,2.62888759913714,-0.802618366359728,-1.04123738002548,-1.11181238483527
0.25531641457344,0.248888084529873,-0.6035416266394,2.63914544602792,-0.814415622884546,-1.0129377748226,-1.13592852302624
0.247315306197602,0.25067035265294,-0.578134248373608,2.64857396379068,-0.82635673776668,-0.983467904935374,-1.15642902251801
0.239193784749218,0.252358649023503,-0.55291555051745,2.65718906033446,-0.838430485944861,-0.952915107832755,-1.17326279589976
0.230953482750176,0.253948467379717,-0.527932108355818,2.66500878048053,-0.850625902846623,-0.921375232280312,-1.18638410986734
0.222596256599704,0.255435426049112,-0.503227822521478,2.67205297868406,-0.862932425959448,-0.888951658265842,-1.19575402466671
0.21412417915251,0.256815288396643,-0.478843582268687,2.67834296838863,-0.875340035980358,-0.855754041926054,-1.20134170919986
0.205539532274398,0.258083979332211,-0.454817022477052,2.6839011563543,-0.887839393607808,-0.821896819025419,-1.2031255824534
0.196844801381168,0.259237600236469,-0.431182369131918,2.68875067072582,-0.900421967695672,-0.787497513574012,-1.20109423997885
0.188042673733279,0.26027244474434,-0.40797036409533,2.69291499187214,-0.91308015044144,-0.752674909458595,-1.19524713464055
0.179136041842099,0.26118501765364,-0.385208257182763,2.69641759503138,-0.925807355556221,-0.717547151332215,-1.18559499360789
0.170128012789719,0.261972058822814,-0.362919852004411,2.69928161344996,-0.938598095958697,-0.682229845484193,-1.17215996817539
0.161021923636354,0.262630573336812,-0.341125591687271,2.70152952996138,-0.951448038404831,-0.646834231353639,-1.15497552874248
0.151821362457781,0.263157868524715,-0.319842671314513,2.70318290381124,-0.964354033527227,-0.611465489567302,-1.13408613322931
0.142530193986675,0.263551597688311,-0.29908516545762,2.70426213806238,-0.977314120899565,-0.576221243198473,-1.10954671224926
0.133152588377921,0.263809809725544,-0.278864161239516,2.70478629122271,-0.990327509837047,-0.541190296170873,-1.08142202737739
0.123693051307887,0.263931003268766,-0.259187889652849,2.7047729349792,-1.00339453757611,-0.506451637574688,-1.04978596881171
0.114156453453716,0.263914183540941,-0.240061850103519,2.70423805825654,-1.01651660715883,-0.472073724556231,-1.01472086478852
0.104548057358262,0.263758919868556,-0.221488925161054,2.70319601639138,-1.02969610773803,-0.438114040857139,-0.97631687670003
0.0948735397280837,0.263465401653372,-0.203469484167851,2.70165952312263,-1.04293632013118,-0.404618914327411,-0.93467155063309
0.0851390072859107,0.263034490548594,-0.186001475670649,2.6996396823821,-1.05624131034995,-0.371623565827513,-0.889889587840692
0.0753510043581068,0.26246776654867,-0.169080509649638,2.69714605649325,-1.06961581362645,-0.339152354485529,-0.84208288339148
0.065516510389872,0.261767565627159,-0.152699931347299,2.69418676724688,-1.08306511128271,-0.307219180494849,-0.791370863837118
0.0556429255402921,0.260937006402106,-0.136850889278737,2.69076862625873,-1.09659490278862,-0.275828006368816,-0.737881131100717
0.0457380424445661,0.259980003062249,-0.121522400867762,2.68689729083034,-1.11021117565141,-0.244973460367129,-0.681750390931377
0.0358100022105729,0.258901261484507,-0.106701420183903,2.68257744102681,-1.12392007645731,-0.214641491035613,-0.623125610581568
0.0258672328492157,0.257706255202492,-0.0923729134635092,2.67781297268502,-1.13772778745109,-0.184810048704012,-0.562165313066023
0.0159183687597676,0.256401177793644,-0.0785199493844364,2.67260719948967,-1.15164041439279,-0.155449777559953,-0.499040877058382
0.00597215074576553,0.254992868532197,-0.0651238122044721,2.66696305515886,-1.16566389284546,-0.12652470973873,-0.433937676663071
-0.00396269256679802,0.253488709015561,-0.0521641465241698,2.66088328441581,-1.17980392115684,-0.097992959926225,-0.367055870494552
-0.0138775790769217,0.251896490083537,-0.039619142171718,2.65437060925579,-1.19406592873289,-0.0698074245033314,-0.298610642743883
-0.0237642180870803,0.250224250770334,-0.0274657661196117,2.64742785569778,-1.20845508727313,-0.0419164926224292,-0.228831718231561
-0.0336147579375566,0.248480094124469,-0.0156800451677074,2.64005802645639,-1.22297637008523,-0.0142647773912451,-0.157962024292169
-0.0434219264194841,0.246671988127728,-0.00423739840435117,2.63226430736536,-1.23763466035353,0.0132061264913742,-0.0862554545740639
-0.0531791526946198,0.244807563047766,0.00688698735799134,2.6240500001331,-1.25243490368104,0.0405568563079832,-0.0139737953601061
-0.0628806595713164,0.242893918668164,0.0177177520100431,2.61541838074039,-1.26738229419641,0.0678494690088445,0.058617012528105
-0.0725215167924746,0.240937455338188,0.0282789443880688,2.60637249051197,-1.28248247818085,0.0951466111210982,0.131251005536258
-0.0820976493703261,0.238943741353308,0.0385936133731249,2.59691487418797,-1.29774175569346,0.122510682817474,0.203666390782025
-0.0916057994373241,0.236917425938044,0.0486834292214732,2.58704728472946,-1.31316725986426,0.15000300951646,0.275609458169703
-0.10104344477057,0.234862202615902,0.0585683539651612,2.57677037705957,-1.32876709554136,0.177683033036365,0.346837910620283
-0.110408681232767,0.232780822859906,0.0682663748719925,2.56608341214149,-1.34455042328133,0.205607530537255,0.417123396849259
-0.11970007918969,0.230675155495063,0.0777933088221431,2.55498398918644,-1.36052748020923,0.233829864216143,0.486253139395849
-0.128916525199997,0.228546284034497,0.0871626792285865,2.54346781840637,-1.37670953484168,0.262399259240074,0.554030659865857
-0.138057059996478,0.226394632287841,0.0963856618073798,2.53152854082489,-1.39310877755229,0.291360102933416,0.620275694900138
-0.147120722345843,0.224220108140856,0.105471091707356,2.51915759633625,-1.409738151377,0.320751255687918,0.684823459057586
-0.156106406277792,0.222022256068604,0.114425522410471,2.50634413717896,-1.42661112918678,0.350605363904576,0.747523441749572
-0.165012736890032,0.219800410293135,0.123253326226817,2.49307498155502,-1.4437414431458,0.380948167547954,0.808237928269216
-0.173837967827527,0.217553842124494,0.131956826734612,2.47933460120341,-1.46114277128254,0.41179779931728,0.866840417128019
-0.182579901815278,0.215281896616672,0.140536454695937,2.46510513702954,-1.47882838443096,0.443164078535188,0.92321407547992
-0.191235834368678,0.212984115036534,0.148990920403152,2.45036643801778,-1.49681075519371,0.475047810043328,0.977250338437676
-0.199802519986474,0.210660340706806,0.157317396775503,2.43509612024722,-1.51510112926363,0.507440106048381,1.02884772168033
-0.208276159661436,0.208310806553921,0.165511708649998,2.41926964459877,-1.53370905861869,0.540321756334146,1.07791088302053
-0.216652408313214,0.205936203231382,0.173568524525958,2.40286041348749,-1.55264189587412,0.573662678884069,1.12434993905968
-0.224926400649508,0.203537727086996,0.181481547546007,2.38583988856533,-1.57190424945476,0.60742148808217,1.16808001819664
-0.233092793906955,0.201117107586835,0.189243702802797,2.36817773277627,-1.59149740020593,0.641545220650417,1.20902101106387
-0.24114582584864,0.198676614175265,0.196847318257371,2.34984198141738,-1.61141868153685,0.675969259799462,1.2470974638243
-0.249079386264553,0.196219042990255,0.204284296755631,2.33079924800198,-1.63166082712024,0.710617495346469,1.28223854865572
-0.256887100023656,0.193747684390155,0.211546276935511,2.31101497178168,-1.6522112924998,0.745402751664292,1.31437803932823
-0.264562419471414,0.19126627287682,0.218624781300656,2.29045371479306,-1.67305155964899,0.780227506453529,1.34345421830972
-0.272098723679966,0.188778921690021,0.225511350427248,2.26907951725185,-1.69415643656885,0.814984911983343,1.36940964557408
-0.279489421772973,0.18629004504929,0.232197663151444,2.24685632096246,-1.71549336742,0.849560117427993,1.39219072834494
-0.286728057298342,0.183804271671313,0.238675643592047,2.22374847101165,-1.73702177246766,0.883831877223549,1.41174704521411
-0.293808410439145,0.181326353731957,0.244937556894236,2.19972130614943,-1.75869244125977,0.917674417015669,1.42803039690077
-0.300724594756655,0.178861075817745,0.250976096509799,2.17474184761512,-1.78044700686615,0.950959516672957,1.44099357845803
-0.307471145159759,0.176413168581693,0.256784466526261,2.14877959435215,-1.80221753345853,0.983558759638355,1.45058889273876
-0.314043093894085,0.173987231758647,0.262356462904358,2.12180742913345,-1.82392625361418,1.01534588986008,1.45676645088414
-0.320436031540254,0.171587670896547,0.267686557393585,2.09380263466264,-1.84548549488223,1.04619921159612,1.45947233078809
-0.326646150303888,0.169218651625019,0.272769987324498,2.0647480108816,-1.86679783656989,1.07600396315878,1.45864668710109
-0.332670267276778,0.166884074521299,0.277602853428075,2.03463307434419,-1.88775653645749,1.10465459268396,1.4542219245007
-0.338505825863319,0.164587572660759,0.282182226360754,2.00345530774757,-1.90824626228112,1.13205686189654,1.44612105783207
-0.344150874218242,0.162332532775358,0.286506260818963,1.97122141309433,-1.92814415351616,1.15812970251729,1.43425638660012
-0.34960402034835,0.160122139617896,0.290574314149335,1.93794850653751,-1.94732122477884,1.18280674977393,1.4185286057869
-0.354864364498151,0.157959441687623,0.294387064370339,1.90366517831616,-1.96564410311323,1.20603747926392,1.39882645929074
-0.35993141055015,0.155847434979004,0.297946620703321,1.86841232938255,-1.98297706833352,1.22778787835026,1.37502701663789
-0.364804959379313,0.153789159957756,0.301256618248753,1.83224368970875,-1.99918434003092,1.24804059263254,1.34699661959513
-0.369484988331004,0.151787805651516,0.304322287493669,1.79522592417971,-2.01413252915058,1.26679450280999,1.31459250623718
-0.373971522143573,0.149846813675185,0.307150489004194,1.75743824230389,-2.02769314905339,1.28406370769404,1.27766508106813
-0.37826450160597,0.147969974284907,0.309749703972161,1.71897144861149,-2.03974506374436,1.29987591436587,1.23606076776666
-0.382363656941895,0.146161506220271,0.312129972185211,1.67992640106021,-2.05017674228072,1.31427026432693,1.18962536378962
-0.386268393305479,0.144426112139065,0.31430277032041,1.64041188286058,-2.05888819040769,1.32729465158675,1.13820782110097
-0.389977695888594,0.142769001786142,0.316280824997978,1.60054193511414,-2.06579244434924,1.33900261093649,1.08166441091265
-0.39349006208362,0.141195875514556,0.318077856527567,1.56043273867932,-2.07081653737798,1.34944986833085,1.01986329588472
-0.396803468091337,0.13971286120721,0.319708250545202,1.52019916868038,-2.07390188613126,1.35869064777522,0.952689629884233
-0.399915377511688,0.138326397875209,0.321186655741954,1.47995116989119,-2.07500408848731,1.36677382009764,0.880051426814406
-0.40282279995902,0.13704305920384,0.322527506871702,1.43979011370826,-2.07409217529211,1.3737389612026,0.801886572742346
-0.405522408600971,0.135869310296071,0.323744473846876,1.39980529825944,-2.0711474108935,1.37961236688336,0.718171476301251
-0.408010726422532,0.134811191440466,0.324849841162926,1.36007074617186,-2.06616178822729,1.38440305716172,0.628931923547279
-0.41028439116522,0.133873925064523,0.325853828884922,1.32064244610032,-2.05913640796152,1.38809880697672,0.534256667266268
-0.412340506812456,0.133061447909973,0.326763879167455,1.28155618202331,-2.05007996079476,1.39066227427633,0.434314054545553
-0.414177082974201,0.132375882135875,0.327583952793477,1.24282610498392,-2.03900753714326,1.39202737133497,0.329371478269506
-0.415793549931475,0.131816978535319,0.328313908992096,1.20444422652001,-2.02593995538632,1.39209614239105,0.219816537505278
-0.417191314494778,0.131381592494748,0.328949075317016,1.16638104209189,-2.01090371395412,1.39073655496309,0.10617750450373
-0.41837429123768,0.131063284400237,0.32948014215486,1.12858750189291,-1.99393152687193,1.38778174049947,-0.0108607725876975
-0.419349312105936,0.130852159537724,0.329893519791935,1.09099849698133,-1.97506321285724,1.38303126044106,-0.130450519913348
-0.420126299513069,0.130735060207167,0.330172252640754,1.05353788180774,-1.95434652878018,1.37625484733391,-0.251589165988493
-0.42071810246789,0.130696177536978,0.33029748310318,1.01612479976115,-1.93183745846767,1.3671987441918,-0.373144853772205
-0.421139953491237,0.130718060011142,0.330250312978999,0.978680766285448,-1.90759957128828,1.35559431240758,-0.493898222257588
-0.421408596416507,0.130782884709968,0.330013775025387,0.941136706995863,-1.88170236053763,1.34116818673505,-0.612594539313266
-0.421541227463714,0.130873772467484,0.329574567071566,0.903439070336543,-1.85421885002699,1.32365313170323,-0.727996856885062
-0.421554442321391,0.130975911634944,0.328924252906677,0.865554289955443,-1.82522303634421,1.30279896974016,-0.838930667708886
-0.421463368303457,0.131077314639944,0.328059776265618,0.827471201032205,-1.79478777894257,1.27838336955849,-0.944313700518946
-0.421281095137266,0.131169135228644,0.326983300154018,0.789201381541407,-1.76298356449638,1.25022264207489,-1.04316933420977
-0.421018435428528,0.13124557486765,0.325701507868651,0.750777670848255,-1.72987828015269,1.21818277822538,-1.13462641994565
-0.420683979140579,0.131303471436428,0.324224555863063,0.712251265262934,-1.69553787746016,1.18219072825843,-1.21791067515826
-0.420284370087093,0.13134168583176,0.322564862975476,0.67368782595302,-1.66002767556325,1.1422454644225,-1.29233312335178
-0.419824723205385,0.131360395039274,0.32073588457146,0.635163011385655,-1.62341403766695,1.09842785531287,-1.35727997698793
-0.419309107881593,0.13136038065737,0.318750979615551,0.596757807696794,-1.58576620829171,1.05090797330256,-1.41220671338436
-0.418741034437403,0.131342381564452,0.316622446386574,0.558553994841833,-1.54715816102703,0.999948280472184,-1.45663744203542
-0.418123892732637,0.13130656239251,0.314360779308962,0.520630051519476,-1.50767033536339,0.94590126805285,-1.49016927263799
-0.417461303256698,0.131252134014239,0.311974179522575,0.483057754898682,-1.46739112296696,0.889200581102901,-1.51248034725273
-0.416757354209653,0.131177144695794,0.309468329023027,0.445899660245608,-1.42641791309723,0.830345408124152,-1.52333951551229
-0.41601671480298,0.13107843876046,0.306846409789352,0.40920754769375,-1.38485745866558,0.7698788583068,-1.52261532843188
-0.415244634820234,0.130951755122157,0.304109318285718,0.373021808264857,-1.34282531837241,0.708362031343838,-1.51028212925583
-0.414446859755092,0.130791916297397,0.301255999986074,0.3373716295658,-1.30044419201117,0.64634630388368,-1.48642152618823
-0.41362950411539,0.130593046544286,0.298283817372627,0.302275758568805,-1.25784109283045,0.584346800689375,-1.45121837343491
-0.412798928074796,0.130348760681541,0.295188873923783,0.267743584537594,-1.21514346120502,0.522819932002972,-1.40495141511252
-0.411961653317521,0.130052282971245,0.291966244589679,0.233776305780108,-1.1724744710512,0.462147236980828,-1.34797975649913
-0.411124335741486,0.129696482767462,0.288610101795311,0.200368009170151,-1.12994787383553,0.402626719978326,-1.28072711515495
-0.410293791652196,0.129273841978039,0.28511376351951,0.167506578826179,-1.08766274670893,0.344471676197035,-1.20366623248164
-0.40947705624428,0.128776391162789,0.281469716820175,0.135174434695173,-1.04569846955245,0.287815977037042,-1.11730586007982
-0.408681442179137,0.128195662473585,0.277669682066622,0.103349164002554,-1.00411017679485,0.232724137188967,-1.0221824362819
-0.407914562402945,0.127522709039023,0.273704781355117,0.0720041401150861,-0.96292484538768,0.179204277494906,-0.918858043020511
-0.407184283296941,0.126748234704166,0.269565863213308,0.0411092251463168,-0.922138117889757,0.127222251428287,-0.807925565600596
-0.406498579748243,0.125862868040582,0.265244018169534,0.0106316300072244,-0.881711938778158,0.0767155614251475,-0.690021176185812
-0.405865272024155,0.124857600836741,0.260731296352436,-0.0194630362309648,-0.84157311310702,0.027606090396109,-0.565843247263317
-0.405291636790896,0.123724391540434,0.256021605768659,-0.0492095537544803,-0.801612977329582,-0.0201890042377079,-0.436175460222804
-0.404783904232756,0.122456904266664,0.251111723976174,-0.0786418129406711,-0.761688480584079,-0.0667486869778463,-0.30191018771836
-0.404346682440325,0.121051311656295,0.246002296680407,-0.107791638521506,-0.721625060484005,-0.112142073007116,-0.164066470662162
-0.403982386994551,0.119507040078614,0.240698636426775,-0.136687937778946,-0.681221681629886,-0.156425307925472,-0.0237958182810258
-0.403690787295055,0.117827295786663,0.235211101514265,-0.165356385673474,-0.640258206811998,-0.199641258492139,0.117630253000644
-0.403468792322415,0.1160192084395,0.229554866735424,-0.193819761394429,-0.598504866516495,-0.241821519765812,0.258853658585133
-0.403310568156838,0.114093487232364,0.223749014709183,-0.222098869225379,-0.555733078445837,-0.282989688303642,0.398481136486817
-0.403208005328234,0.112063600654014,0.217815055075685,-0.250213779105137,-0.511726460043257,-0.323164451528817,0.535144539856914
-0.403151460698188,0.109944621528639,0.211775145729128,-0.278185009617046,-0.466290792806816,-0.36236107098299,0.667557722375423
-0.403130627612856,0.107751964766859,0.205650365227006,-0.306034312756959,-0.419262000655813,-0.400590357524618,0.794559111657035
-0.403135370407749,0.105500249270058,0.199459337734438,-0.333784881357652,-0.370511743563791,-0.43785503136652,0.915134336704833
-0.403156394956217,0.103202447617704,0.193217379195216,-0.361460993609815,-0.319950744864691,-0.474144085476111,1.02841954414205
-0.403185689807428,0.100869390524548,0.18693618755489,-0.389087244975449,-0.267530278193064,-0.509426196588491,1.13369051111699
-0.403216732267561,0.0985096102669941,0.180623996052005,-0.416687562150901,-0.213242304464835,-0.543643335107922,1.23034422287483
-0.403244493183358,0.0961294586749574,0.174286062760315,-0.444284167117783,-0.157118651462225,-0.576705628475108,1.3178787758357
-0.403265291325288,0.0937334189878426,0.16792536793976,-0.471896602905641,-0.0992294752929243,-0.608488350960656,1.39587552354274
-0.403276549873392,0.0913245346934193,0.16154341078747,-0.499540879413383,-0.0396811079064462,-0.638831699296255,1.46398535384584
-0.403276501481191,0.0889048905516917,0.155141021719245,-0.527228762456064,0.0213866935527496,-0.667543762072117,1.52191942822618
-0.403263880054146,0.0864760942936816,0.148719127356182,-0.554967212836928,0.0838041232493815,-0.694406779420099,1.56944377129671
-0.403237629077508,0.0840397194630089,0.142279421723986,-0.582757978570988,0.147375367834691,-0.719186419103151,1.60637668871228
-0.403196648556722,0.0815976805304026,0.135824910552823,-0.610597345199909,0.211883340232905,-0.741643404842274,1.63258795447978
-0.403139595265738,0.0791525213683524,0.129360307873289,-0.638476051173487,0.277095104397457,-0.761546489926262,1.64799888133295
-0.403064744035315,0.076707607619211,0.122892276032454,-0.666379375118632,0.342767939122196,-0.778685544753758,1.65258263884652
-0.402969911568041,0.0742672220182406,0.116429511270999,-0.694287399498802,0.408655916230403,-0.792883470388843,1.64636442571716
-0.402852439189786,0.071836568664151,0.109982686012378,-0.722175452056404,0.474516777725853,-0.804005775838187,1.62942129350916
-0.402709227354427,0.0694216970569095,0.103564265128305,-0.750014724037513,0.540118801953473,-0.811966944095713,1.60188155629844
-0.402536812628112,0.0670293593789537,0.0971882164403707,-0.777773063329012,0.605247272798018,-0.816733114343625,1.56392382583097
-0.402331477028671,0.0646668153406961,0.0908696360503971,-0.805415941159152,0.6697101325012,-0.818321062240232,1.51577581493429
-0.40208937959286,0.0623415985111294,0.0846243075700704,-0.83290759215129,0.733342424824798,-0.816793897073283,1.45771317650013
-0.401806700536887,0.060061256931998,0.0784682117180184,-0.860212328376298,0.796009223849633,-0.812254246517648,1.39005879803039
-0.401479789133948,0.0578330793281995,0.0724169996270794,-0.887296027918187,0.857606881212856,-0.804835914563661,1.31318313556865
-0.401105307299566,0.0556638166536536,0.0664854400299164,-0.914127796729659,0.918062585544067,-0.794695050691319,1.2275063019
-0.400680361637003,0.0535594074577054,0.0606868480226426,-0.94068179812734,0.977332383537862,-0.782001766221672,1.13350265133732
-0.400202616983522,0.0515247153400131,0.0550325027377532,-0.966939234883447,1.0353979400136,-0.766932912365091,1.03170843417022
-0.399670383851693,0.04956328857251,0.0495310650922814,-0.992890450553763,1.0922624040812,-0.749666442486191,0.922732625811323
-0.399082670296865,0.0476771566899743,0.0441880171593839,-1.01853708419004,1.14794580139128,-0.730377464679129,0.807270188169614
-0.398439186015708,0.0458666865172712,0.0390051630064317,-1.04389416152982,1.20248039426638,-0.709235785869621,0.68611579644053
-0.397740284339203,0.0441305289101281,0.0339802553822813,-1.06899193736494,1.25590644213019,-0.686404486654277,0.560174647581623
-0.396986828868547,0.0424656930653698,0.0291068363451958,-1.09387723178167,1.30826873979977,-0.662038888233457,0.430465821868743
-0.396179978858494,0.0408677811418687,0.0243743894178146,-1.11861395860136,1.35961418598706,-0.636285238926865,0.298113529400757
-0.395320902530637,0.0393313963733624,0.0197688800328853,-1.14328257145513,1.40999042504909,-0.609278618212597,0.164323165273285
-0.394410447675365,0.0378507027560524,0.0152737008619476,-1.16797828562252,1.45944534190413,-0.581139939731061,0.0303425742767415
-0.393448816686247,0.0364200732962483,0.0108709489871912,-1.19280816309666,1.50802696218043,-0.55197243327717,-0.102586650262201
-0.392435299299993,0.0350347338733014,0.00654287449658646,-1.21788740438552,1.55578322936825,-0.521858401359645,-0.233279531623319
-0.391368105835053,0.0336913062789865,0.0022732938850554,-1.24333536852725,1.60276125573405,-0.490857182397671,-0.360650698507451
-0.390244320242869,0.0323881795938855,-0.00195122213731178,-1.26927186594372,1.64900592192705,-0.459005049367553,-0.483743374533211
-0.389059966056119,0.0311256815672491,-0.00614050900977524,-1.29581413824729,1.69455799696591,-0.426317346901524,-0.60174203537023
-0.387810159523039,0.0299060625948289,-0.0103003537041495,-1.32307472703116,1.73945213859133,-0.39279272532249,-0.713970533436836
-0.386489317374449,0.0287333308527544,-0.0144323918389121,-1.35116022998038,1.7837151656649,-0.358419021324861,-0.819880002322869
-0.385091390014776,0.0276129850787145,-0.0185342852106603,-1.38017080509089,1.82736490205082,-0.323180200592593,-0.919031440972209
-0.383610099549298,0.0265516862180447,-0.0226001007220199,-1.41020022346701,1.87040974275147,-0.287063767946674,-1.01107710035792
-0.382039171299721,0.0255568979650583,-0.026620822865754,-1.44133626808668,1.91284894615335,-0.250068093572925,-1.09574344661573
-0.380372554532008,0.0246365149656518,-0.0305849498917467,-1.47366130165865,1.95467354273511,-0.212209152049189,-1.17281714905401
-0.378604632072042,0.0237984892563148,-0.0344791402891489,-1.50725285890771,1.9958676800444,-0.173526213217488,-1.24213452296332
-0.376730419500463,0.0230504613263492,-0.0382888874101967,-1.54218414537018,2.0364101943607,-0.134086074373287,-1.30357419852254
-0.374745753384399,0.0223994016122307,-0.0419992052702011,-1.57852434297386,2.07627620566513,-0.0939855025924619,-1.35705242989849
-0.372647465362371,0.0218512702454464,-0.0455953088938717,-1.616338634889,2.11543856765905,-0.0533516771306641,-1.40252031765046
-0.370433535711936,0.0214107062225023,-0.0490632699509451,-1.65568787373735,2.15386906057085,-0.0123405817995953,-1.43996221923645
-0.368103217124027,0.021080760578246,-0.0523906249031702,-1.69662783421719,2.19153928132362,0.0288665227251473,-1.46939471289729
-0.365657117508846,0.0208626905034773,-0.0555669102609869,-1.73920801844027,2.22842125167293,0.0700682450127322,-1.49086562058665
-0.363097230304758,0.0207558318355419,-0.0585840990275915,-1.78347002224218,2.26448781865726,0.111049390965072,-1.50445275610646
-0.360426902233157,0.0207575655400242,-0.0614369144685804,-1.82944552253035,2.29971295412676,0.151587959391191,-1.51026222180222
-0.35765073172896,0.0208633896687179,-0.0641230018021461,-1.87715400482078,2.33407206680449,0.19146227555446,-1.50842621445958
-0.354774396105241,0.0210671021268443,-0.0666429446594051,-1.92660040872364,2.3675424224293,0.230457774621865,-1.49910040967165
-0.35180441140379,0.0213610919292502,-0.0690001205318667,-1.97777291748246,2.40010373131646,0.268373030133454,-1.48246107266771
-0.348747835223608,0.0217367281113547,-0.0712003974010005,-2.03064114575659,2.43173891790856,0.305024730615801,-1.45870209626953
-0.345611928903265,0.0221848268066073,-0.073251682121541,-2.08515497959546,2.46243504440995,0.340251425525139,-1.4280321987022
-0.342403800522561,0.0226961690066338,-0.0751633399048752,-2.14124428989037,2.49218432978554,0.373915978826843,-1.39067252934511
-0.339130053576936,0.0232620350549289,-0.076945513412396,-2.19881967674924,2.52098519210043,0.405906776756399,-1.34685493012063
-0.335796467279973,0.0238747178868352,-0.0786083792355953,-2.25777431399381,2.54884324748204,0.436137829222206,-1.29682108250146
-0.332407732908922,0.0245279762299653,-0.0801613881387314,-2.31798686139615,2.57577221919015,0.464547975933479,-1.24082273246305
-0.328967266390393,0.0252173919922224,-0.0816125420556467,-2.37932531035174,2.60179473794176,0.4910994532561,-1.17912312588599
-0.325477110759947,0.0259406030568248,-0.0829677637617831,-2.44165153863807,2.62694304052619,0.51577609212014,-1.11199970353321
-0.321937933899233,0.0266973933097879,-0.0842304126809266,-2.50482628101113,2.65125958916646,0.538581399797331,-1.03974799673451
-0.318349118001134,0.0274896349904031,-0.0854009912844621,-2.56871418012006,2.67479763304888,0.559536731231584,-0.962686531166087
-0.314708928615855,0.0283210928826041,-0.0864770709796567,-2.63318856864662,2.69762171424925,0.578679684593939,-0.881162386629853
-0.311014743946534,0.0291971135908231,-0.0874534457290237,-2.69813564842935,2.71980808625094,0.596062769789765,-0.795556880928596
-0.307263320162443,0.0301242342446051,-0.088322498742453,-2.76345777384325,2.74144497251353,0.611752309277763,-0.706290663701265
-0.303451066414226,0.0311097518658371,-0.0890747460059098,-2.82907561162889,2.76263255686684,0.625827451037104,-0.613827358973701
-0.299574304069537,0.032161296432545,-0.0896995034265512,-2.89492903234321,2.78348257997554,0.638379117701686,-0.518674841772633
-0.295629488118559,0.0332864473941174,-0.0901856140647284,-2.96097668165295,2.80411742785585,0.649508696233054,-0.42138334257772
-0.29161337412471,0.0344924258083724,-0.0905221689239862,-3.0271942727862,2.82466864451255,0.659326296951968,-0.322539893417229
-0.28752312084799,0.0357858835320517,-0.0906991587942785,-3.09357172456599,2.8452748766844,0.667948478787111,-0.222759154800593
-0.283356326184564,0.0371727981209305,-0.0907080053131689,-3.16010933529708,2.86607934914702,0.675495437328335,-0.122671303786128
-0.279111001897462,0.0386584682268787,-0.09054193657818,-3.22681322882868,2.88722705107444,0.682087760977387,-0.0229082555058331
-0.274785500260948,0.0402475903169811,-0.0901961957406694,-3.29369033746648,2.90886186444997,0.687842950497431,0.0759101516862121
-0.270378412462351,0.0419443849250013,-0.0896680978250271,-3.36074320152033,2.93112387000026,0.692871945698654,0.173188377987492
-0.265888463385469,0.0437527313924592,-0.0889569759909626,-3.42796487094485,2.95414702451237,0.697275900673672,0.268364543147631
-0.261314429174551,0.045676266383879,-0.0880640773832257,-3.49533419190031,2.97805732903057,0.701143403231936,0.360916260541831
-0.256655102004147,0.0477184050368207,-0.0869924747350256,-3.56281174863667,3.00297152050102,0.704548263997131,0.450362932862107
-0.251909320652337,0.0498822547998987,-0.0857470498613278,-3.63033670639892,3.02899623899185,0.707547927723665,0.536265034580222
-0.247076076435161,0.0521704095176345,-0.0843345802326961,-3.69782476260381,3.05622756156034,0.710182500350033,0.618221226366546
-0.242154693072745,0.0545846323316646,-0.0827639254766509,-3.7651673621152,3.08475075820857,0.712474348481312,0.695864236814018
-0.237145067726664,0.0571254567983272,-0.0810462753753114,-3.83223227086853,3.11464011632091,0.714428214604587,0.768856355444527
-0.232047950389655,0.0597917525714304,-0.0791953936552176,-3.89886553385322,3.1459586959139,0.716031798253705,0.836885181806899
-0.226865231383486,0.0625803121618366,-0.0772277793716395,-3.96489477101526,3.17875791551629,0.7172567750734,0.899660038190342
-0.221600202884428,0.0654855170824255,-0.0751626727208445,-4.0301336886318,3.21307692211874,0.718060255065874,0.956909228581125
-0.216257760667411,0.0684991349984742,-0.0730218529382473,-4.09438760398166,3.24894176078293,0.718386709262748,1.00837814289151
-0.210844516740819,0.0716102854854232,-0.070829207320991,-4.15745969944216,3.28636442087713,0.718170410498081,1.05382807529883
-0.205368801909304,0.0748055927498105,-0.0686100854143757,-4.21915764513332,3.32534188684986,0.717338429308256,1.09303555083616
-0.199840548738477,0.0780695219148403,-0.0663904842459032,-4.27930016967267,3.36585535377176,0.71581419399665,1.12579193249164
-0.1942710585455,0.0813848742467907,-0.0641961339175474,-4.33772313322542,3.40786977656285,0.713521564244692,1.15190310686784
-0.188672669073542,0.0847333990013187,-0.0620515648370759,-4.39428468103392,3.45133390617052,0.710389287259535,1.17118911211262
-0.183058350408801,0.088096467889012,-0.059979237738392,-4.4488691358368,3.49618092964794,0.706355617738437,1.18348366568641
-0.177441263726021,0.0914557539551499,-0.0579988069482275,-4.50138941764311,3.54232978112069,0.701372804893687,1.18863365581734
-0.171834319619776,0.0947938599911556,-0.056126569295996,-4.55178793933515,3.58968713543481,0.695411097864501,1.18649876125168
-0.166249770149984,0.0980948510705238,-0.0543751296813948,-4.60003608823867,3.63815004343337,0.688461907048138,1.17695144281058
-0.160698862339543,0.101344659035645,-0.0527532935636812,-4.64613253871184,3.68760912232525,0.680539788378795,1.15987759702759
-0.155191572360816,0.104531341035349,-0.0512661795271924,-4.6901007284352,3.73795217829622,0.671682988275922,1.13517817564223
-0.14973643078211,0.107645187202609,-0.0499155331613776,-4.73198586330648,3.78906811053103,0.661952390652051,1.10277206346521
-0.14434044139829,0.110678682830431,-0.0487002167995709,-4.77185179680476,3.84085092406572,0.651428831494941,1.06260048655058
-0.139009090105122,0.113626337549429,-0.0476168470099289,-4.80977807200834,3.89320366152152,0.640208876181646,1.01463320952944
-0.133746436109699,0.116484398521909,-0.046660551230254,-4.84585733392178,3.94604205025335,0.628399274347464,0.958876785702136
-0.128555275094347,0.119250467627978,-0.0458258144316926,-4.88019323062797,3.99929765292467,0.616110402989172,0.895385140334417
-0.123437362032008,0.121923045401297,-0.0451073840660149,-4.91289883379448,4.05292030871909,0.603449071240088,0.824272764532624
-0.118393679301997,0.124501028472849,-0.0445011948858655,-4.94409552672891,4.10687966352431,0.590511088364121,0.745730707203886
-0.113424732724242,0.126983193645661,-0.0440052630788981,-4.97391223194795,4.161165616541,0.577373998439872,0.660045273152636
-0.108530853554756,0.129367710889905,-0.0436204812208745,-5.00248477960438,4.21578756641508,0.564090378770844,0.567618745555721
-0.103712478521693,0.131651738461222,-0.0433512240727873,-5.02995515646139,4.27077243253379,0.550682105686677,0.468990466093702
-0.0989703741132866,0.133831162415312,-0.0432056569904308,-5.05647033517468,4.32616156411327,0.537136024058654,0.364855280218188
-0.0943057688519397,0.135900543271186,-0.0431956362666021,-5.08218039078771,4.38200682483882,0.523401503937058,0.256075015568835
-0.0897203629197087,0.137853315807251,-0.0433361203743418,-5.10723569836348,4.43836631907429,0.50939038174518,0.143677980559427
-0.0852162022045672,0.139682247992996,-0.0436440844407715,-5.13178319369535,4.49530033704616,0.494979690344991,0.0288423049825066
-0.0807954329789135,0.141380105786822,-0.0441370408668273,-5.15596194801234,4.5528680577801,0.48001732350805,-0.0871381749744521
-0.0764599857331315,0.142940410349398,-0.0448313832598027,-5.17989857791037,4.61112531933491,0.464330374394847,-0.202902328427091
-0.0722112581442539,0.144358140516975,-0.0457408375521538,-5.20370316681726,4.67012340410327,0.447735459758199,-0.317076935725647
-0.068049866052319,0.145630246136948,-0.0468752846090428,-5.2274663277454,4.72990844430907,0.430050069721274,-0.428329084556984
-0.0639755070727241,0.146755894010572,-0.048240116252544,-5.25125779749148,4.79052088637964,0.411103978849784,-0.535407430568427
-0.0599869459046208,0.147736441873574,-0.0498361478994671,-5.27512662415271,4.85199451975278,0.390749978241865,-0.637167945481815
-0.0560820995873124,0.148575195811175,-0.0516599940872689,-5.29910272400581,4.91435480621476,0.368873480015308,-0.732584389094366
-0.0522581852068526,0.149277034848657,-0.0537047528602185,-5.32319942128781,4.97761651110372,0.345400739093314,-0.820747119315237
-0.0485118925059811,0.149847984204692,-0.0559608414382702,-5.34741655018783,5.04178083783594,0.320305459511393,-0.900855191837136
-0.0448395536396414,0.150294798317273,-0.0584168572127384,-5.37174374895541,5.10683236994588,0.293613441217782,-0.972206291092856
-0.0412372949350667,0.15062458967884,-0.0610603808024644,-5.3961636611709,5.17273614878476,0.26540478245633,-1.03418767318752
-0.037701166170864,0.150844518219888,-0.0638786761699489,-5.42065484623352,5.23943519464742,0.235813094656006,-1.08626973382138
-0.0342272496179595,0.150961541468716,-0.0668592709610337,-5.44519427764364,5.30684874095063,0.205021290168527,-1.12800249579774
-0.0308117538458855,0.150982217653325,-0.0699904186348063,-5.46975937315509,5.37487140744324,0.173253791937543,-1.15901442435022
-0.0274510968846299,0.150912550834543,-0.073261454844286,-5.49432955741982,5.4433734910652,0.140765451488416,-1.17901253701823
-0.0241419806803512,0.150757867749144,-0.0766630656813595,-5.51888740487949,5.51220249936026,0.107827959398715,-1.18778271016353
-0.0208814547106832,0.150522719469801,-0.0801874854944472,-5.54341944470843,5.58118598873487,0.0747149742586148,-1.18518929822946
-0.0176669618417644,0.150210806702216,-0.0838286371379403,-5.56791672588552,5.65013569800035,0.0416874698952831,-1.17117357070792
-0.0144963547159475,0.149824934880709,-0.0875822181289331,-5.5923752362049,5.71885288894056,0.00898083112592539,-1.1457509415243
-0.0113678669209928,0.149367013167705,-0.0914457235984299,-5.61679624543064,5.78713472514453,-0.0232050002589768,-1.10900744460088
-0.00828002072962681,0.14883811861069,-0.0954183834482997,-5.64118660523093,5.85478144545844,-0.0547114666766463,-1.06109635548497
-0.00523145312853063,0.148238651496074,-0.0995009796197323,-5.66555899497199,5.92160402838464,-0.0854231114417549,-1.0022362547283
-0.00222064495613002,0.147568608873395,-0.103695502626654,-5.68993206111823,5.9874320079555,-0.115265302279769,-0.932712162083263
0.00075445492099092,0.146827998920945,-0.108004606937358,-5.71433036544354,6.05212109604511,-0.144198622379215,-0.852881600540026
0.00369690617743948,0.14601740765374,-0.112430834936382,-5.7387840383418,6.11556028832096,-0.172210845232219,-0.763187460606945
0.00661133093261246,0.14513870894893,-0.116975602868064,-5.76332803349691,6.17767816513619,-0.19930749273747,-0.664179092396934
0.00950449349716236,0.144195875453532,-0.121637985345746,-5.78800090836324,6.23844811330169,-0.225501945884925,-0.556541782408126
0.0123858171751106,0.143195798742604,-0.126413404367711,-5.81284312668372,6.29789214942567,-0.250806022615046,-0.441132247087182
0.0152677084655618,0.142148965166966,-0.131292424426351,-5.83789501028152,6.35608289170733,-0.275221928113542,-0.319013830604236
0.0181655320242444,0.141069777252719,-0.136259956396861,-5.86319465316408,6.4131430270784,-0.298736509132122,-0.191480445466776
0.0210970974709577,0.139976299000124,-0.141295223571686,-5.88877629487447,6.46924147229439,-0.32131867507313,-0.0600551974322585
0.0240816122012647,0.138889287048201,-0.146372761997051,-5.91466970881645,6.52458554458665,-0.342920476691976,0.0735483762575158
0.0271382202014139,0.137830567129598,-0.151464465161187,-5.94090096222785,6.57940903391996,-0.363481555340748,0.207504983936466
0.0302844207207344,0.13682106365013,-0.156542307842089,-5.96749444182519,6.63395705860323,-0.382935716714911,0.339983870092804
0.0335347379161008,0.135878952155203,-0.161581092448724,-5.99447552738841,6.68846957689212,-0.401217776844161,0.469258201786961
0.0368999308604664,0.135018367080662,-0.16656054593537,-6.02187305139601,6.74316585780365,-0.41826900774156,0.593791633161438
0.0403868365751874,0.134248878855354,-0.171466369118631,-6.04972085197253,6.79823183002633,-0.434040373968064,0.712286530699068
0.043998742684984,0.133575691671168,-0.176290222165175,-6.07805815715535,6.85381129973908,-0.448493734360338,0.823693341828406
0.0477360811668609,0.13300034038744,-0.181028911788449,-6.10692894648736,6.9100010886241,-0.4616017623901,0.927191596026751
0.0515972318762981,0.132521623390856,-0.185683142353479,-6.1363806441521,6.96684956294753,-0.473347389036043,1.02215647765817
0.055579281037187,0.132136557379415,-0.190256147173316,-6.16646250738257,7.02435784862432,-0.483723293037017,1.10812256295546
0.0596786479919409,0.131841219317043,-0.194752413149394,-6.1972239781353,7.08248309792786,-0.492731616162029,1.18475174572074
0.0638915471345884,0.131631410684791,-0.199176613371918,-6.22871315218836,7.1411433126682,-0.500383825723894,1.25180819467194
0.0682142856313042,0.13150312681709,-0.203532791977976,-6.26097543125928,7.20022333125965,-0.506700527866941,1.30914040170939
0.0726434157491008,0.131452842103125,-0.207823802717679,-6.29405236852763,7.25958162616113,-0.511711032159192,1.35666897048186
0.0771757694736672,0.131477636967665,-0.212050978421443,-6.32798068865331,7.31905755317097,-0.515452538117495,1.39437835703729
0.0818084068845324,0.131575200360691,-0.216213994887866,-6.36279145052895,7.37847867929589,-0.517968915850238,1.42231089744924
0.0865385105802054,0.131743744989085,-0.220310885080586,-6.3985093183118,7.4376678203274,-0.519309153266894,1.44056183800761
0.0913632570511829,0.13198187286239,-0.22433815625442,-6.43515191095534,7.49644945734472,-0.519525619232177,1.44927453005404
0.0962796925308613,0.132288426229526,-0.228290963435164,-6.4727292116438,7.5546552722556,-0.518672333924584,1.44863535592695
0.101284635803061,0.132662353936321,-0.232163297432,-6.51124303561176,7.61212863418613,-0.516803441698599,1.43886826526899
0.106374624223451,0.133102616197569,-0.235948153690537,-6.55068657634814,7.66872796437984,-0.513972052092764,1.42022901212988
0.111545912491671,0.133608142581662,-0.239637658688237,-6.59104407347737,7.72432899202777,-0.510229560301344,1.39299930717226
0.11679452715279,0.134177849555715,-0.243223141839139,-6.63229066705415,7.77882597724349,-0.505625491406507,1.35748116129915
0.122116373909091,0.134810716002094,-0.246695151684674,-6.67439251862382,7.83213201687858,-0.500207845895042,1.3139917231353
0.127507389843198,0.135505908186737,-0.250043424522903,-6.71730728560049,7.88417856621326,-0.494023869205021,1.26285892264361
0.132963728616293,0.136262939927703,-0.253256821069137,-6.76098502979756,7.93491431025584,-0.487121133616616,1.20441823733503
0.138481963479553,0.137081849139962,-0.256323252195765,-6.80536962239573,7.9843035090193,-0.479548810024944,1.13901089808559
0.14405929034545,0.137963368380683,-0.259229618513678,-6.85040067712138,8.03232392772895,-0.471359017773212,1.06698384401976
0.149693711097386,0.138909064399702,-0.261961790849694,-6.89601600341504,8.07896445012134,-0.462608165883919,0.98869171100154
0.15538417582272,0.139921420112962,-0.264504659691874,-6.94215452543031,8.12422246407674,-0.45335822909017,0.904501082491906
0.161130662021628,0.141003832259176,-0.266842281178833,-6.98875956457069,8.16810110594312,-0.44367792702372,0.814797126427165
0.166934169641006,0.142160500031703,-0.268958144415266,-7.03578233600893,8.21060645441081,-0.433643786398688,0.719992563410051
0.172796613875461,0.143396185327125,-0.270835578415904,-7.08318546500993,8.25174477712986,-0.423341058882499,0.620538632966828
0.178720604169224,0.144715835294659,-0.27245830496558,-7.1309462875031,8.29151995219975,-0.412864440893189,0.516937325622403
0.184709108844915,0.146124073852189,-0.273811124343429,-7.17905966195834,8.32993120786031,-0.402318500994738,0.409753635936493
0.190765020830312,0.147624591083436,-0.274880693566151,-7.22753998954593,8.36697133815105,-0.391817678336871,0.299626030367834
0.196890660147324,0.149219486134569,-0.275656323807044,-7.27642212564446,8.40262554603783,-0.381485691605656,0.187272866776267
0.203087269782369,0.15090864518785,-0.276130691822455,-7.32576088362382,8.4368710229499,-0.371454215983459,0.0734923909963777
0.209354577029353,0.152689252511472,-0.276300341376946,-7.37562890061775,8.46967728591386,-0.361860763585458,-0.040845566193314
0.215690494631717,0.154555529319554,-0.276165858447164,-7.42611276773242,8.50100716957555,-0.352845838290588,-0.15481682427548
0.222091019358958,0.156498765819696,-0.275731646786781,-7.47730751738759,8.53081824400551,-0.344549594895406,-0.26746782729229
0.228550350838589,0.158507659498471,-0.27500530336299,-7.52930977426723,8.55906435044371,-0.337108354848953,-0.377845286372768
0.235061209807868,0.160568911914344,-0.273996675579318,-7.5822100595,8.58569695777805,-0.330651357155957,-0.48502620714492
0.241615296972367,0.162667987517067,-0.272716745448247,-7.63608483981764,8.61066614789825,-0.325298031282293,-0.588144000326
0.248203813744568,0.164789917207011,-0.271176508252772,-7.69098891450196,8.6339211985727,-0.321155902505701,-0.686407563288824
0.254817968088494,0.166920039517029,-0.269385991556375,-7.74694865264932,8.65541088457469,-0.318319051345864,-0.779112103260796
0.261449406903531,0.169044603542237,-0.267353509872696,-7.80395647635384,8.6750837089959,-0.316866918429551,-0.865642319709452
0.268090540522336,0.171151194594109,-0.265085193800914,-7.86196687469369,8.69288828925024,-0.316863210576804,-0.945469818412058
0.274734746023533,0.173228973555672,-0.262584788345208,-7.92089415021096,8.70877407205958,-0.318354717243965,-1.01814710787665
0.28137645003325,0.175268739004819,-0.259853691021478,-7.98061204065838,8.72269247045857,-0.321369956199877,-1.08330036441732
0.288011099061505,0.177262829027586,-0.25689119380397,-8.04095530606816,8.73459843252419,-0.325917695026309,-1.1406226198177
0.294635029240209,0.179204882327863,-0.253694896204135,-8.10172330462645,8.74445238268328,-0.331985510023362,-1.1898683811169
0.301245250775776,0.181089480815794,-0.250261261344071,-8.16268548751725,8.75222242605733,-0.339538627077396,-1.23085009938972
0.307839167268922,0.182911701243393,-0.246586286718092,-8.22358862083218,8.75788667084217,-0.348519329683657,-1.2634364346194
0.314414256129674,0.184666611693301,-0.24266625414305,-8.28416540065522,8.76143549826975,-0.358847212371565,-1.28755192880519
0.320967741853464,0.186348757351912,-0.238498510808676,-8.34414398334463,8.76287359252732,-0.370420500986888,-1.30317748771667
0.327496296408861,0.187951685210273,-0.234082220021318,-8.40325783099824,8.76222153737102,-0.383118556215732,-1.31035097117649
0.333995798306224,0.18946755561611,-0.229419012159513,-8.46125519873192,8.75951679892912,-0.396805532162692,-1.30916719743168
0.340461173400928,0.190886878301945,-0.224513468531184,-8.51790758906183,8.75481395187637,-0.411334997147164,-1.29977677621459
0.346886327430462,0.192198392819311,-0.219373385181328,-8.5730165821073,8.74818407023443,-0.426555169303691,-1.28238338612094
0.353264165665029,0.193389092058326,-0.214009788117785,-8.62641861418176,8.73971328786155,-0.442314310029302,-1.25723937644314
0.359586682480722,0.194444367900211,-0.208436700363818,-8.67798749799034,8.729500623035,-0.458465782561452,-1.22463985580224
0.365845096066184,0.195348244630926,-0.202670687877733,-8.7276347167762,8.71765523891133,-0.474872332162703,-1.18491567654233
0.372030002083598,0.196083660948908,-0.196730230134912,-8.77530773983788,8.7042933622449,-0.491409266675612,-1.13842588955595
0.378131524252723,0.196632764896759,-0.190634969522023,-8.82098676344607,8.68953509910535,-0.507966380619822,-1.08555030491462
0.384139447492067,0.196977195349456,-0.184404892456763,-8.86468036176037,8.67350136983609,-0.524448633837504,-1.02668275139235
0.390043328000277,0.197098335420493,-0.178059487433434,-8.90642053828654,8.6563111444059,-0.540775733577022,-0.962225505827386
0.395832582471607,0.196977534261699,-0.171616914845521,-8.94625761582491,8.63807910501531,-0.556880857593052,-0.892585194447225
0.401496564314761,0.196596302245156,-0.165093213698522,-8.98425531494,8.61891380615563,-0.572708792161557,-0.818170284514207
0.407024637894776,0.195936489597955,-0.158501563207589,-9.02048627062189,8.59891635122801,-0.588213751981807,-0.739390108765059
0.412406262585979,0.194980460238881,-0.15185161352719,-9.05502814167848,8.57817956368676,-0.603357113859377,-0.656655209196813
0.417631097166925,0.1937112713037,-0.145148899296635,-9.08796038804868,8.55678760078324,-0.618105248046181,-0.570378654917194
0.422689132155545,0.19211286522824,-0.138394351527775,-9.11936173155287,8.53481593866147,-0.632427581736338,-0.480977882493761
0.427570853351617,0.190170275873152,-0.131583926454845,-9.14930827453733,8.51233164721621,-0.646294985017145,-0.388876530762209
0.432267434401733,0.18786984366712,-0.124708372860927,-9.17787222446155,8.48939387016947,-0.659678532425691,-0.294505706005905
0.436770950063796,0.185199427970164,-0.117753160406355,-9.20512115576599,8.4660544291089,-0.672548661814683,-0.198304134687969
0.441074595767748,0.182148598990822,-0.110698588889595,-9.23111772894582,8.44235847912973,-0.684874723823866,-0.10071675778809
0.445172894146162,0.178708788074161,-0.103520090842369,-9.25591977792129,8.41834515776121,-0.696624887826627,-0.00219150350939283
0.449061866740169,0.174873375415008,-0.0961887270800449,-9.2795806700326,8.3940481871465,-0.7077663437858,0.0968257653626288
0.452739150187923,0.17063769907685,-0.0886718580437669,-9.30214983980674,8.3694964101219,-0.718265716619448,0.195897832673151
0.456204041306854,0.165998978332012,-0.0809339559144022,-9.32367340055844,8.34471426096387,-0.728089594900898,0.294603660489494
0.459457463956795,0.160956156149376,-0.072937507558195,-9.34419474887055,8.31972218765181,-0.737205073381686,0.392546099199448
0.462501860721573,0.155509677469644,-0.0646439501922573,-9.36375509605647,8.29453705160223,-0.745580220964141,0.4893589512033
0.465341021979515,0.14966122885904,-0.0560145824242443,-9.38239388532122,8.26917253172384,-0.753184410577846,0.584712666118274
0.467979871735961,0.14341346917497,-0.0470114027217758,-9.40014907912756,8.24363955331168,-0.759988479555521,0.678318174299801
0.470424232439879,0.136769779466192,-0.0375978427606646,-9.41705732355452,8.21794675155578,-0.765964721447034,0.769928657240436
0.472680589873221,0.12973405445027,-0.0277393805761613,-9.43315401184036,8.19210096780023,-0.771086736399835,0.859339335955126
0.474755875063488,0.12231054951569,-0.0174040342245884,-9.44847327667259,8.16610776712801,-0.775329183548776,0.946385575280527
0.476657274498028,0.114503788408136,-0.00656274819162989,-9.46304794107524,8.13997196001697,-0.778667484746339,1.03093972583236
0.478392074132384,0.10631852922608,0.00481030890260423,-9.47690945318449,8.11369810893399,-0.781077526341452,1.11290715805689
0.479967537792701,0.0977597809483046,0.0167375152483908,-9.49008782333166,8.08729100201001,-0.78253539767302,1.19222190576219
0.481390817064128,0.0888328596045735,0.0292376174841099,-9.50261157475054,8.06075607913587,-0.783017194553896,1.26884225832559
0.482668887686462,0.0795434720574893,0.0423255893154022,-9.51450771321099,8.03409979976436,-0.78249890560618,1.34274654765586
0.483808506627121,0.0698978156528484,0.0560125185007391,-9.52580171651391,8.00732994554673,-0.780956390231674,1.41392928680945
0.484816184040384,0.0599026831733737,0.0703055185709316,-9.53651754208214,7.98045585420813,-0.778365449790418,1.48239774256071
0.48569816492233,0.0495655641551556,0.0852076659088319,-9.54667764955932,7.95348858363243,-0.774701988184307,1.54816896812424
0.48646041616466,0.0388947353935631,0.100717966031626,-9.55630303498581,7.92644100704358,-0.769942254186596,1.61126728411591
0.487108615705377,0.0278993351960661,0.11683135497799,-9.5654132733768,7.89932784160227,-0.764063155127697,1.67172217290332
0.487648141448393,0.0165894175455281,0.133538742620547,-9.57402656707431,7.87216561386132,-0.757042629596171,1.72956654013138
0.488084058508881,0.00497598378809978,0.150827104590813,-9.58215979786601,7.84497256649521,-0.748860065397333,1.78483529392838
0.488421104103877,-0.00692900924755344,0.168679628454575,-9.58982858142596,7.81776851163922,-0.739496748000606,1.83756419416012
0.488663670037297,-0.019112664651155,0.187075917975343,-9.59704732306963,7.79057463708719,-0.72893632407002,1.88778892883298
0.488815783225502,-0.0315611833066882,0.205992256940595,-9.60382927410605,7.76341327250091,-0.717165264448868,1.93554438071732
0.488881085079887,-0.0442599223466073,0.225401931306419,-9.61018658822554,7.73630762363539,-0.704173311234771,1.98086405337147
0.488862810814857,-0.0571934715872318,0.245275605559474,-9.61613037740964,7.70928148331748,-0.689953894413677,2.02377963131616
0.488763769892592,-0.0703457448075744,0.265581746421068,-9.62167076682611,7.68235892845344,-0.674504504972669,2.06432065378144
0.488586328860786,-0.083700082361774,0.286287084535239,-9.62681694811445,7.6555640126132,-0.657827013485177,2.10251428509663
0.48833239779808,-0.0972393614165506,0.307357102772842,-9.63157723040806,7.62892046368882,-0.639927925798503,2.13838516745594
0.48800342146785,-0.110946110077715,0.328756538387072,-9.6359590884065,7.60245139572046,-0.620818570525959,2.17195534361536
0.487600376109435,-0.124802621803664,0.350449885559515,-9.63996920682228,7.57617904322447,-0.600515216368282,2.20324423826663
0.487123772583328,-0.138791066780343,0.372401884906669,-9.64361352059204,7.55012452527273,-0.579039120632147,2.23226868762241
0.486573666349803,-0.152893597325518,0.394577987241575,-9.64689725036231,7.52430764521828,-0.556416513429163,2.25904300735534
0.485949674515346,-0.167092444869226,0.416944780215968,-9.64982493293053,7.49874673041777,-0.532678524687274,2.28357908964834
0.485250999942598,-0.181370006588637,0.439470368275307,-9.65240044653044,7.47345851465748,-0.507861063083414,2.30588652087327
0.484476462199514,-0.195708920326564,0.462124698485499,-9.65462703108407,7.44845806434214,-0.482004657165407,2.32597271239795
0.483624534930986,-0.21009212696432,0.484879827070121,-9.65650730378385,7.42375874794235,-0.455154269198133,2.34384303824915
0.482693389076678,-0.224502919928205,0.507710123772262,-9.65804327060381,7.39937224679272,-0.427359091647274,2.35950097480188
0.481680941233858,-0.238924981968111,0.530592413288905,-9.65923633455399,7.37530860414386,-0.398672334780754,2.37294823925273
0.480584906371921,-0.253342409747551,0.553506054913098,-9.66008730167705,7.35157630843149,-0.369151011762115,2.38418492527282
0.479402854041636,-0.267739727124391,0.576432963091858,-9.66059638593188,7.32818240604731,-0.338855725018024,2.39320963581522
0.478132267180428,-0.282101888283588,0.599357572835465,-9.66076321421018,7.30513263847206,-0.307850454797445,2.40001961446467
0.476770602588012,-0.296414272113457,0.62226675480048,-9.66058683278394,7.28243159844076,-0.276202347929677,2.40461087786456
0.475315352127066,-0.310662669402682,0.645149685446534,-9.66006571648205,7.26008289982108,-0.243981502055603,2.40697835255061
0.473764103685303,-0.324833264582777,0.667997677987971,-9.65919778184073,7.23808935606296,-0.21126073826134,2.40711601989623
0.472114600914085,-0.338912613853657,0.690803979989381,-9.65798040536285,7.21645316238353,-0.178115353274177,2.40501707278187
0.470364800733449,-0.352887621608067,0.713563543455352,-9.65641044785604,7.1951760772515,-0.144622841347308,2.40067408701453
0.468512927565844,-0.366745517109372,0.736272773201632,-9.65448428559807,7.17425959919984,-0.11086257578735,2.39407920944055
0.466557523236442,-0.380473833368021,0.758929259218261,-9.65219784880365,7.15370513549975,-0.0769154408502359,2.38522436314128
0.464497491465021,-0.394060390093593,0.781531498681578,-9.64954666754551,7.13351415975191,-0.0428634064793834,2.37410146813513
0.462332135884112,-0.407493282459393,0.80407861325937,-9.64652592492388,7.11368835597695,-0.00878904105612685,2.36070267372603
0.460061190562399,-0.420760877194384,0.82657006738192,-9.64313051689724,7.09422974730105,0.025225039123942,2.34502059617682
0.457684842103265,-0.433851817206274,0.849005393203576,-9.63935511780273,7.0751408078214,0.0590967807217658,2.32704855292447
0.455203742535173,-0.446755035540236,0.871383928022934,-9.63519425022972,7.0564245566868,0.0927453570222837,2.30678078230953
0.452619012418582,-0.459459778999448,0.893704569922907,-9.63064235759071,7.03808463382761,0.12609187214402,2.28421263600395
0.449932233862163,-0.471955641216232,0.915965557289087,-9.62569387748438,7.02012535710537,0.159060089134718,2.25934073023278
0.44714543346072,-0.4842326043959,0.938164277622374,-9.62034331378809,7.00255176091667,0.191577161599753,2.2321630417119
0.444261055521933,-0.496281088397842,0.960297110644902,-9.61458530536601,6.9853696164753,0.22357434589613,2.20267893512771
0.441281926315518,-0.508092005313434,0.982359310085581,-9.60841468933897,6.96858543411588,0.254987669700666,2.17088911103671
0.438211210427812,-0.51965681729193,1.00434492771851,-9.60182655702668,6.95220644802467,0.285758533115678,2.13679546622633
0.435052360606798,-0.530967595092808,1.02624678222723,-9.59481630092441,6.93624058383161,0.315834220444958,2.10040086269581
0.4318090627081,-0.542017074735095,1.0480564743091,-9.58737965138526,6.9206964095222,0.34516830422524,2.06170880621876
0.428485177478313,-0.552798709686029,1.06976444815759,-9.57951270201238,6.90558307018107,0.373720927742518,2.02072304058798
0.425084680923564,-0.563306716281362,1.09136009811374,-9.57121192308582,6.89091020719165,0.40145895768206,1.97744706872973
0.421611604904664,-0.573536110479472,1.11283191791142,-9.56247416262339,6.87668786271072,0.428356004267528,1.93188361653836
0.418069979383149,-0.583482734588482,1.13416768860139,-9.55329663487848,6.8629263705205,0.454392311740847,1.88403405922553
0.414463777432795,-0.593143273226888,1.15535469997081,-9.54367689619732,6.84963623472564,0.479554526875318,1.83389783302359
0.410796863754504,-0.602515258435765,1.1763799991164,-9.53361280819252,6.83682799817752,0.503835357055754,1.78147185720346
0.407072947019209,-0.611597064507243,1.19723065881479,-9.52310248815275,6.82451210292914,0.527233132086269,1.72674999269823
0.403295535945136,-0.620387893687919,1.21789405749397,-9.51214424652356,6.81269874538942,0.549751285218861,1.66972256445042
0.399467898622358,-0.62888775442549,1.23835816197077,-9.50073651119726,6.80139772908924,0.571397768975231,1.61037597533204
0.395593024254693,-0.637097434231511,1.25861180370139,-9.48887773828074,6.79061831802633,0.592184420295125,1.54869244061369
0.391673586217479,-0.645018469524601,1.27864493910591,-9.47656630901505,6.78036909336268,0.612126287581295,1.48464987401295
0.387711905145619,-0.652653114998491,1.29844888457038,-9.46380041265025,6.77065781576073,0.631240929547546,1.41822195985241
0.3837099106823,-0.660004315137323,1.31801651698284,-9.45057791538398,6.76149129483653,0.649547692640914,1.3493784512639
0.379669100547209,-0.667075680488777,1.33734243108452,-9.43689621600996,6.75287526607575,0.667066970424426,1.27808574202406
0.375590495738949,-0.673871471213783,1.35642304546362,-9.42275208975186,6.74481427412352,0.683819444890468,1.20430776962949
0.371474590992,-0.680396590261162,1.37525664963006,-9.40814152294106,6.73731155967331,0.699825306453227,1.12800731941204
0.367321300096706,-0.686656588252432,1.39384338524104,-9.39305954279773,6.73036894533075,0.715103446604793,1.04914781311309
0.363129896408399,-0.69265768176946,1.41218515519187,-9.37750004864431,6.72398671395303,0.729670615249629,0.967695678785925
0.358898949879207,-0.698406786149198,1.43028545501006,-9.36145565344313,6.71816347126726,0.743540534009601,0.883623409297311
0.354626263311847,-0.703911563003543,1.44814912196858,-9.34491754756195,6.71289598335963,0.756722957928728,0.79691341932247
0.350308812318679,-0.709180481361894,1.46578199890081,-9.3278753999655,6.70817897934189,0.769222681792876,0.707562798404545
0.345942695690036,-0.714222889419997,1.48319051236702,-9.31031731523219,6.70400491075939,0.781038494642966,0.615589020407725
0.341523105454286,-0.719049091224795,1.50038116927713,-9.2922298672252,6.70036366288902,0.792162097913276,0.52103659511706
0.337044328590512,-0.723670419169294,1.51735998306753,-9.27359823083801,6.69724221986846,0.802577019520676,0.423984522910012
0.332499794601377,-0.728099289055128,1.53413185063135,-9.25440643053798,6.69462429634123,0.812257577762992,0.324554229535619
0.327882184092274,-0.732349220207402,1.55069991435471,-9.23463771682357,6.69248996314853,0.8211679728758,0.222917418504175
0.323183611942239,-0.736434799716384,1.56706495851552,-9.21427506792566,6.690815312431,0.829261605780344,0.119303010101958
0.318395893326971,-0.74037156890788,1.58322490283875,-9.19330179414517,6.6895722251974,0.836480735335434,0.014002098720308
0.313510890959254,-0.744175813491356,1.59917446313929,-9.17170219854459,6.68872831649896,0.842756578039077,-0.0926302514981354
0.308520927873932,-0.74786424802476,1.61490504376487,-9.14946222581606,6.68824713275978,0.848009920030219,-0.200177429300259
0.30341923424406,-0.751453600494911,1.63040490452647,-9.12657001898949,6.68808865632234,0.852152249590947,-0.308168536787562
0.298200383333724,-0.754960121717547,1.64565960630008,-9.10301630893604,6.68821013221878,0.855087339658564,-0.416090369741087
0.292860665775442,-0.758399062223966,1.66065269189504,-9.07879458766175,6.68856717776007,0.85671313620712,-0.523403108245524
0.287398356434309,-0.761784170512865,1.67536651553344,-9.05390105861427,6.68911508082268,0.856923766453687,-0.629557920014867
0.281813844090186,-0.765127266600544,1.68978310967575,-9.02833440342233,6.68981015492173,0.855611489640614,-0.734014264452632
0.276109616755401,-0.768437933041829,1.70388498021725,-9.00209543961339,6.69061101081851,0.852668473057501,-0.836254796173803
0.270290117908933,-0.771723345667058,1.71765574817897,-8.97518675711897,6.69147962715208,0.847988367318243,-0.935796355306147
0.264361505125009,-0.774988244419532,1.73108059684122,-8.94761241102336,6.69238214671457,0.841467747229334,-1.03219638043415
0.2583313494399,-0.778235026812441,1.74414652367987,-8.91937772096172,6.6932893749065,0.833007550556949,-1.12505491416306
0.252208311920658,-0.78146393603442,1.75684242568703,-8.89048919486413,6.69417699847443,0.822514672306764,-1.21401298229902
0.24600182629457,-0.784673312899412,1.76915906052494,-8.86095456623611,6.69502556806769,0.809903856902722,-1.29874843382698
0.239721806776264,-0.787859883754808,1.78108892630151,-8.83078291548337,6.69582029672282,0.795099984498428,-1.37897036251389
0.233378391199124,-0.791019062463063,1.7926260945835,-8.79998483808376,6.69655072210127,0.778040783207734,-1.45441308447096
0.226981722715137,-0.794145251321297,1.8037660199642,-8.76857262388715,6.69721026887518,0.758679927631265,-1.52483041800891
0.22054176901956,-0.797232131761691,1.81450533913588,-8.73656041950901,6.69779573428891,0.736990414338607,-1.58999077594993
0.214068175926917,-0.800272940167543,1.82484166523935,-8.70396435672418,6.69830670838369,0.712968043369642,-1.64967337623558
0.207570151532819,-0.803260726996099,1.83477337996082,-8.67080264152247,6.69874493290946,0.686634786335226,-1.70366571710066
0.201056377496045,-0.80618859877715,1.84429942602627,-8.63709560915788,6.69911360059247,0.65804179012928,-1.75176234485948
0.194534944644662,-0.809049942741615,1.8534191053662,-8.60286575863367,6.69941659928093,0.627271752842362,-1.79376485533243
0.188013310781739,-0.811838633154936,1.86213189193271,-8.56813778450017,6.69965771287422,0.594440415363089,-1.82948300356285
0.181498279012366,-0.814549217236889,1.87043727150253,-8.53293862390237,6.69983980145,0.559696936584792,-1.85873674289033
0.17499599501403,-0.817177077223218,1.87833462245842,-8.49729753236338,6.69996399456941,0.52322295948365,-1.88135896939736
0.168511961387212,-0.819718564075453,1.88582315047866,-8.46124619339665,6.70002894183733,0.485230228052248,-1.89719871014508
0.162051066577889,-0.822171097981855,1.89290188575507,-8.42481885602187,6.70003017079905,0.445956682371879,-1.90612446470277
0.155617624946778,-0.824533231450153,1.8995697439547,-8.38805248255158,6.69995960197526,0.405661045060184,-1.90802739208001
0.149215423526773,-0.826804672637198,1.90582564256338,-8.35098687885044,6.6998052630591,0.364616021364034,-1.90282403327695
0.142847770080911,-0.828986269489068,1.91166865414672,-8.31366477270725,6.699551229241,0.323100367194232,-1.8904582781098
0.136517536513828,-0.831079958853975,1.91709816955924,-8.27613180437136,6.69917779612474,0.281390224522908,-1.87090232873406
0.130227191760535,-0.833088688268556,1.92211403936339,-8.23843639697274,6.6986618690182,0.239750259488703,-1.84415648502546
0.12397881916061,-0.835016320749463,1.92671666224682,-8.20062948252628,6.69797753160282,0.198425233523102,-1.81024767875073
0.117774115058227,-0.836867533875799,1.93090699547567,-8.16276406960407,6.69709674203957,0.157632659684602,-1.76922680858296
0.111614367798967,-0.838647723283688,1.93468647342131,-8.1248946492407,6.69599009819401,0.11755712503398,-1.72116506434964
0.105500419113741,-0.840362917464782,1.93805683376794,-8.08707644425089,6.69462761662765,0.0783466973955369,-1.66614955976003
0.0994326127041792,-0.84201970601036,1.9410198644062,-8.04936451280938,6.69297948095371,0.0401116081754445,-1.60427870156413
0.0934107373251785,-0.843625178035661,1.94357709480015,-8.01181271985346,6.69101673116579,0.00292515684292049,-1.5356577986771
0.087433973581686,-0.845186862365926,1.94572946237171,-7.97447259039731,6.68871188318005,-0.0331734340328129,-1.46039545636599
0.081500854966718,-0.84671265686967,1.94747698711849,-7.93739205828023,6.68603948422102,-0.0681746336233921,-1.37860131810244
0.0756092544499241,-0.848210731449186,1.94881848739208,-7.90061412317451,6.68297662321998,-0.102093172105531,-1.29038572826027
0.0697564083127357,-0.849689387702372,1.94975136831698,-7.86417542858942,6.67950342573938,-0.134962031795212,-1.19586190914113
0.0639389889729444,-0.85115685809948,1.95027151356832,-7.82810477488236,6.67560357037711,-0.166826250174893,-1.09515128167987
0.0581532380720308,-0.85262102880901,1.95037331241903,-7.79242158525358,6.67126486800102,-0.197736817028949,-0.988392593276306
0.052395169519597,-0.854089073743736,1.95004985720902,-7.75713435185825,6.66647994471139,-0.227744841677365,-0.875755493836964
0.0466608483015701,-0.85556699454971,1.94929334989485,-7.72223910756437,6.66124705954369,-0.256896091253711,-0.757459015890744
0.0409467427748408,-0.857059074701681,1.94809575557501,-7.6877180017041,6.65557106078015,-0.285225981863468,-0.633794902005645
0.035250133625732,-0.858567278662538,1.94644972789644,-7.65353810974006,6.64946443056972,-0.312755157554236,-0.505154683600145
0.0295695402174889,-0.860090660929683,1.94434979532965,-7.61965067591529,6.64294827966962,-0.339485916048618,-0.372057709872681
0.0239050965957433,-0.861624891348809,1.94179372929353,-7.58599106045697,6.63605303946273,-0.36539989972168,-0.23517507711404
0.0182587835930308,-0.863162038999765,1.93878391731661,-7.55247970417729,6.62881849184734,-0.390457579088365,-0.0953422838689584
0.0126344170673978,-0.864690762207465,1.93532846389675,-7.51902438044773,6.62129274855584,-0.41459998450891,0.0464472178320682
0.00703732462061816,-0.866196998801312,1.93144169497093,-7.48552383026523,6.61352992136228,-0.437752781533709,0.189073000607496
0.00147372059900481,-0.867665130458694,1.92714381229012,-7.45187257535075,6.6055865433401,-0.459832167136946,0.331342539871674
-0.00405011088627258,-0.869079442940957,1.92245964925693,-7.4179663706887,6.59751721796217,-0.480751436188677,0.472061419045907
-0.00952864156172507,-0.870425593467699,1.91741674936271,-7.3837075476812,6.58937028508959,-0.500426795710782,0.610104376856546
-0.0149577460716837,-0.871691791881739,1.91204318932906,-7.3490095301855,6.58118431613918,-0.518781300450876,0.744472370635528
-0.0203350520667411,-0.87286950704355,1.90636560002235,-7.31380006389544,6.57298596872332,-0.535746504930262,0.874326293633861
-0.025659975222152,-0.873953663066204,1.90040770455395,-7.27802304762941,6.56478931063061,-0.551262181168634,0.998995964094956
-0.0309335026792899,-0.874942415913067,1.89418948900095,-7.24163913771685,6.55659637575068,-0.56527489924103,1.11796942934827
-0.0361578248606833,-0.875836659616282,1.88772694878723,-7.20462543564664,6.54839855305453,-0.577736325062168,1.23087041618106
-0.0413359112096209,-0.876639408398782,1.88103226218226,-7.16697457718472,6.54017841858423,-0.588601882916819,1.33743129822973
-0.0464710995009727,-0.877355164591154,1.87411422574743,-7.12869347596516,6.53191171947995,-0.597830138831643,1.43746682401819
-0.051566738886412,-0.877989339128597,1.8669788138885,-7.08980189101607,6.52356933317181,-0.605383006715398,1.53085149209444
-0.0566259034303044,-0.878547756336311,1.85962976645965,-7.0503309174451,6.5151191133235,-0.611226706409005,1.6175016276875
-0.0616511779619946,-0.879036251685295,1.85206914703904,-7.01032145268653,6.5065275872196,-0.615333306662623,1.69736208040165
-0.0666445102460075,-0.879460358538827,1.84429784340636,-6.96982266519882,6.49776149375953,-0.617682645186634,1.77039690107824
-0.0716071203610706,-0.879825074265054,1.83631600057934,-6.92889048191089,6.48878915837782,-0.618264412104565,1.83658316951446
-0.0765394577034468,-0.880134694474681,1.82812338765373,-6.8875861086743,6.47958170088906,-0.617080198441891,1.89590716432265
-0.0814411967854066,-0.880392704508451,1.81971970512524,-6.8459745996936,6.47011407088297,-0.614145338821706,1.94836217916511
-0.0863112641742019,-0.880601718457775,1.81110484135779,-6.8041234943147,6.4603659059907,-0.609490410853136,1.99394743174474
-0.0911478900972441,-0.880763457347945,1.80227908679335,-6.76210154098349,6.4503222117549,-0.603162287206006,2.03266765148336
-0.0959486792384859,-0.880878759373384,1.79324331328023,-6.71997752792986,6.4399738670828,-0.595224665313537,2.06453305529673
-0.100710695993913,-0.880947616133962,1.78399912410197,-6.67781923808049,6.4293179647837,-0.585758021106567,2.089559523585
-0.105430559912555,-0.880969229626949,1.77454897829204,-6.63569254208818,6.41835800090592,-0.57485894717305,2.10776886918023
-0.110104547214936,-0.880942085264728,1.76489629086513,-6.59366063857964,6.40710392833724,-0.562638845642263,2.11918915012398
-0.11472869416127,-0.880864036387623,1.75504550886136,-6.5517834452025,6.39557208893291,-0.549221958003263,2.12385501275557
-0.119298897674484,-0.8807323956217,1.74500216172156,-6.51011713820087,6.3837850345367,-0.534742735056868,2.12180806552676
-0.12381100809605,-0.88054402803996,1.73477288360778,-6.46871383241453,6.3717712415733,-0.519342585964896,2.11309727881583
-0.128260908420676,-0.880295440542298,1.72436540495042,-6.42762138808139,6.35956471778651,-0.503166097774226,2.09777938680173
-0.13264457404079,-0.879982861379696,1.71378851079161,-6.38688332592861,6.3472044947375,-0.486356882053955,2.07591924168557
-0.136958107191611,-0.879602303582572,1.70305196436703,-6.34653882812275,6.33473399727918,-0.469053273344922,2.04759004745651
-0.141197741154802,-0.879149606495961,1.69216639566701,-6.30662280015363,6.32220028233735,-0.451384160031164,2.01287338938367
-0.145359810977302,-0.878620450888531,1.68114315616117,-6.26716596814339,6.30965314418686,-0.433465255605441,1.9718589838576
-0.149440689935642,-0.878010345242655,1.66999414210398,-6.228194987824,6.29714409141677,-0.415396104257208,1.92464410442939
-0.153436693962806,-0.877314583689659,1.65873158952429,-6.18973254570349,6.28472521059631,-0.397258054905863,1.87133269204113
-0.157343959332104,-0.876528179268519,1.64736784393084,-6.151797439531,6.27244794148447,-0.379113339254903,1.81203422390337
-0.161158301593234,-0.875645779288202,1.63591510692532,-6.11440463339265,6.26036179658302,-0.361005269716799,1.74686248698423
-0.164875065711606,-0.87466157212607,1.62438516049913,-6.0775652915512,6.24851306233585,-0.342959455587421,1.6759344696834
-0.168488978426611,-0.873569196531575,1.61278906813371,-6.04128680324029,6.2369435193577,-0.324985843083695,1.59936964297101
-0.171994014144147,-0.87236166541432,1.60113685031095,-6.00557281690587,6.22568921454939,-0.307081331942309,1.51728994806469
-0.175383285578767,-0.871031316414094,1.58943713102363,-5.97042330606376,6.2147793095021,-0.289232712604902,1.42982084239642
-0.178648970361193,-0.869569801664999,1.57769675167082,-5.93583468964089,6.20423501873251,-0.271419697526998,1.3370937794961
-0.181782285415906,-0.867968129454567,1.5659203496695,-5.90180002732592,6.19406864036537,-0.253617874516426,1.23925050656297
-0.184773522396912,-0.866216771109951,1.55410990168366,-5.86830930507396,6.18428267399201,-0.235801472893351,1.13644954029053
-0.187612159770536,-0.864305847148197,1.54226423627941,-5.83534981727396,6.17486901933756,-0.217945888941823,1.02887509563417
-0.190287069544293,-0.862225406563748,1.53037852901619,-5.80290663963099,6.16580825916274,-0.200029952660259,0.916748544145171
-0.192786837535786,-0.859965810287689,1.5184438054517,-5.77096316985083,6.15706905413666,-0.182037924146189,0.800342105246906
-0.195100212713336,-0.857518221701091,1.50644649463415,-5.73950169177394,6.14860771766409,-0.163961181001884,0.679993869096774
-0.197216689866418,-0.854875190738453,1.49436809599074,-5.70850389502022,6.14036809099935,-0.145799501463833,0.556122409248173
-0.199127207271385,-0.852031292037207,1.48218504147266,-5.67795126304415,6.13228189046452,-0.127561777156833,0.429238287194748
-0.200824906528256,-0.848983744260172,1.46986884356248,-5.64782523941989,6.1242697247407,-0.109265936100588,0.29994899474569
-0.202305861198438,-0.845732906393839,1.45738660654727,-5.61810710910578,6.11624294897767,-0.0909378656054712,0.168953830898952
-0.20356964875779,-0.842282533542823,1.44470193394117,-5.58877759603367,6.10810640927039,-0.0726092362330546,0.0370263828232606
-0.204619636644995,-0.838639696259461,1.43177619075543,-5.55981627024465,6.09976194251233,-0.0543143457948653,-0.0950151815688337
-0.205462892453818,-0.83481432935909,1.41856999460628,-5.53120094327087,6.09111228714729,-0.036086366619345,-0.226346501143547
-0.206109706463878,-0.830818462848655,1.40504474701663,-5.50290726513051,6.08206491827483,-0.0179535775320638,-0.356177822826122
-0.20657280474908,-0.826665265315645,1.39116400480331,-5.47490869351764,6.07253531950223,6.38098897229172e-05,-0.483790076258669
-0.206866396308387,-0.822368065832717,1.37689453752282,-5.44717689938321,6.0624493511936,0.0179557860946431,-0.608560564716393
-0.20700521394046,-0.817939502616027,1.36220699926202,-5.41968255142279,6.05174460323056,0.0357234745248164,-0.729975705761485
-0.207003677734611,-0.813390890596697,1.34707622684601,-5.39239633597952,6.04037083326706,0.0533789638223487,-0.847631517101697
-0.206875254072818,-0.808731834466119,1.33148123440727,-5.36529004249683,6.02828972025848,0.070944312740906,-0.961224780902215
-0.206632027468406,-0.803970062559332,1.31540499737397,-5.33833756941504,6.01547419393595,0.0884500396753793,-1.07053862514725
-0.206284463425904,-0.799111429860645,1.29883411419394,-5.31151575570706,6.0019075614738,0.105933357341553,-1.17542592295897
-0.205841321491851,-0.794160032801915,1.28175841461633,-5.2848049948151,5.9875825828492,0.123436322523224,-1.27579299710244
-0.205309674487732,-0.789118386217775,1.26417056051842,-5.25818962691283,5.97250057747435,0.141003982882914,-1.37158511559267
-0.204694995859819,-0.783987625875574,1.24606566572759,-5.23165812893607,5.95667059242681,0.158682539419271,-1.46277444728303
-0.204001286480722,-0.778767713156828,1.22744094737711,-5.20520313250904,5.94010863058284,0.176517509702695,-1.54935059465063
-0.203231221571767,-0.773457629232855,1.20829541279693,-5.17882130240521,5.92283692215813,0.194551870023943,-1.63131350660663
-0.202386306035909,-0.768055553799838,1.18862958148826,-5.15251310664042,5.90488322040576,0.212824167261189,-1.7086684300648
-0.201467031946063,-0.76255902838585,1.16844523995406,-5.12628250644855,5.88628010655678,0.231366616363676,-1.78142251927724
-0.200473035374543,-0.756965106984307,1.14774522691888,-5.1001365916675,5.86706429663971,0.25020322998475,-1.8495827370202
-0.199403251556709,-0.751270497872041,1.12653324698598,-5.07408518493505,5.8472759508817,0.26934805647165,-1.91315472008618
-0.198256067981725,-0.745471700402364,1.10481371156333,-5.04814043645204,5.82695799326899,0.288803625047936,-1.97214232613784
-0.197029474797178,-0.739565139695053,1.08259160667249,-5.02231642952873,5.80615545359275,0.308559707381702,-2.02654762247938
-0.195721211263135,-0.733547300788978,1.05987238789731,-4.99662881525162,5.78491484657342,0.328592499291451,-2.07637111804965
-0.194328906211155,-0.727414862265526,1.03666190316386,-4.97109449204751,5.7632836025084,0.348864304201942,-2.12161207887093
-0.192850209816506,-0.721164827859414,1.01296634423618,-4.94573134252595,5.74130956167914,0.369323763435628,-2.16226880566707
-0.191282913665821,-0.714794653379454,0.988792227743288,-4.92055803581934,5.7190405410025,0.389906632883754,-2.19833879090714
-0.189625056194318,-0.708302365530559,0.964146406215536,-4.89559389899053,5.69652397670686,0.410537058460239,-2.22981871028349
-0.187875011072654,-0.701686669030944,0.939036109011652,-4.87085885635445,5.6738066417332,0.431129261785295,-2.25670423855508
-0.186031556949849,-0.694947038722188,0.913469012192824,-4.84637343122003,5.6509344316297,0.451589519104466,-2.27898970918846
-0.184093927951953,-0.688083794052351,0.887453335400349,-4.82215880099358,5.62795220836011,0.471818304017313,-2.29666765899719
-0.182061845323713,-0.681098154198203,0.860997962685635,-4.79823689405105,5.60490368801909,0.491712468299086,-2.30972831165574
-0.179935531431742,-0.673992272997725,0.834112583096863,-4.77463051536458,5.58183135617368,0.511167352116967,-2.31815905748403
-0.177715707922413,-0.666769253636875,0.806807845706894,-4.75136348748049,5.5587763935588,0.530078740548142,-2.32194398243616
-0.175403580107768,-0.65943314358063,0.779095522717674,-4.72846079389699,5.53577859518362,0.548344612198807,-2.32106348883358
-0.173000809656389,-0.651988910526933,0.750988673326315,-4.70594871293432,5.51287626751278,0.565866653158423,-2.31549403649752
-0.170509477451843,-0.644442400216825,0.722501800206161,-4.68385493158743,5.49010609116799,0.582551532039329,-2.30520801793824
-0.167932038126292,-0.63680027681332,0.693650989762711,-4.66220863040851,5.46750294039989,0.5983119475253,-2.29017376716046
-0.165271267359107,-0.629069946338481,0.664454026801628,-4.6410405320591,5.44509965521331,0.613067468204493,-2.27035568995829
-0.162530202614399,-0.621259463401582,0.634930473948045,-4.62038290774441,5.42292676725704,0.626745186162559,-2.24571449531423
-0.159712077622135,-0.613377421214718,0.60510170615966,-4.60026953729511,5.40101218613092,0.639280202332614,-2.2162075033064
-0.156820250608646,-0.605432824708047,0.57499089107738,-4.5807356202312,5.37938085828564,0.65061595489382,-2.18178900511624
-0.15385812606017,-0.597434946436837,0.544622906861258,-4.56181763677217,5.35805441581981,0.660704394239853,-2.14241065554536
-0.150829069652169,-0.589393164912338,0.514024190664503,-4.54355315947736,5.33705083681405,0.669506001320363,-2.09802188812998
-0.147736315887421,-0.581316784974477,0.483222513078578,-4.52598061800127,5.31638414200711,0.676989642322111,-2.04857035786934
-0.144582867948864,-0.57321483984056,0.452246676771796,-4.509139021261,5.29606415432004,0.683132252998135,-1.99400243740785
-0.141371389287973,-0.56509587449936,0.421126141125745,-4.49306764299397,5.2760963478297,0.687918351038844,-1.93426382024709
-0.138104086547697,-0.556967710175779,0.389890578875947,-4.47780567800317,5.25648181135992,0.691339384454394,-1.86930032061355
-0.134782583591236,-0.548837189691764,0.358569375461289,-4.46339187703013,5.23721734921558,0.693392937009332,-1.79905900564218
-0.131407786733115,-0.540709903758887,0.327191086813159,-4.44986416777533,5.21829573827109,0.694081826837568,-1.72348985311629
-0.127979741848362,-0.532589898688123,0.295782876467143,-4.43725926767888,5.19970615728935,0.69341314985817,-1.64254819778684
-0.124497485031823,-0.524479366930165,0.26436995791885,-4.42561229029159,5.18143480156119,0.691397334093234,-1.55619830953364
-0.120958890133955,-0.516378323653699,0.232975072770032,-4.41495634117847,5.16346569391535,0.688047283348266,-1.46441853056876
-0.117360519136762,-0.50828427580873,0.201618038988375,-4.4053220914532,5.14578170130506,0.683377697905115,-1.36720847055648
-0.113697485325676,-0.500191895573012,0.170315405836523,-4.39673730812685,5.12836576278293,0.677404664216517,-1.26459878668677
-0.109963344858755,-0.492092718579205,0.139080251562809,-4.38922631261097,5.11120232638614,0.670145601661708,-1.15666400669322
-0.10615003958985,-0.483974899438323,0.107922155014438,-4.38280933597969,5.09427897421499,0.661619635854632,-1.04353860562107
-0.102247922009601,-0.475823072408628,0.0768473605869079,-4.37750174833733,5.07758818078968,0.651848424928035,-0.925436020025953
-0.098245899613978,-0.46761838109527,0.0458591351005814,-4.37331316802843,5.06112909516299,0.640857386024273,-0.802669386765629
-0.0941317366110926,-0.45933875187718,0.014958284852716,-4.37024651160945,5.04490916450982,0.628677146823064,-0.675671528843394
-0.0898925397240757,-0.450959481532284,-0.0158562345396466,-4.36829712713315,5.02894534223619,0.615344891166761,-0.545010293620834
-0.0855154266927452,-0.442454178825906,-0.046586712266377,-4.3674522442381,5.01326458240507,0.600905120657151,-0.411394321327024
-0.0809883310386854,-0.433796036275725,-0.0772361824425156,-4.36769103464428,4.9979033629584,0.585409294618548,-0.275664506097284
-0.0763008453969399,-0.424959320444289,-0.107808097776983,-4.36898555134315,4.98290613866656,0.568913929991132,-0.13876853400784
-0.0714449697852335,-0.415920885964056,-0.138306171670381,-4.3713026665133,4.96832288467101,0.551477080065875,-0.00171990756239905
-0.0664156335024298,-0.406661480697271,-0.168734301089795,-4.37460687805415,4.9542061630108,0.533153588548476,0.134452481159
-0.0612109077958212,-0.397166644637945,-0.199096434847786,-4.37886359536726,4.94060829829003,0.513989940789235,0.268755012145579
-0.05583190395221,-0.387427104960872,-0.229396269691372,-4.38404236579078,4.92757919940266,0.494019707309423,0.400271022904281
-0.0502824245620687,-0.377438690900291,-0.259636731668489,-4.3901195307518,4.91516513607855,0.473260427330132,0.528187442486443
-0.0445684760484741,-0.367201885022017,-0.289819291214329,-4.39707997629085,4.90340848800013,0.451712417467862,0.651804883835874
-0.0386977508088884,-0.356721165294832,-0.319943223725134,-4.40491787103201,4.89234825491536,0.429359603162591,0.770533660621079
-0.0326791596507184,-0.346004279911581,-0.350004943682149,-4.41363647297782,4.88202101003281,0.406172202274792,0.883880311628153
-0.0265224583888148,-0.335061556780217,-0.379997517094358,-4.42324719024017,4.87246198472604,0.382110978120392,0.991429477558296
-0.0202379805179272,-0.323905304768731,-0.409910414061859,-4.43376810507705,4.86370604190623,0.357132774708151,1.09282507592302
-0.0138364663945421,-0.312549327438431,-0.439729518461875,-4.44522214519576,4.85578838169902,0.331197074306695,1.18775343024694
-0.00732896782021184,-0.3010085458284,-0.469437374864847,-4.4576350419953,4.84874489923539,0.304273316463942,1.27592983094108
-0.00072680231090543,-0.289298713060444,-0.499013626556965,-4.47103317304537,4.84261217227572,0.276348659880219,1.35708913062858
0.00595846920272434,-0.277436196787968,-0.528435582306973,-4.48544135582946,4.83742709854283,0.247435757090651,1.43098040053343
0.0127150656487091,-0.265437803176578,-0.557678842004,-4.50088064469981,4.83322623451728,0.217579974926417,1.49736531042732
0.0195310307088385,-0.253320616898334,-0.586717911882315,-4.51736618235742,4.83004491292994,0.186865376954174,1.55601965349938
0.0263943141252086,-0.241101835343156,-0.615526748680997,-4.53490516804471,4.82791623590357,0.15541874048648,1.60673726300928
0.0332928960624143,-0.228798582056936,-0.644079188500671,-4.55349502223978,4.82687005237055,0.123410955503193,1.64933544286253
0.0402149511897121,-0.216427694023339,-0.672349238935923,-4.57312184543802,4.82693202844534,0.0910553656182599,1.68366097209204
0.0471490387533864,-0.204005488540142,-0.700311239223228,-4.59375927908211,4.82812290523967,0.0586029423885906,1.70959576763387
0.0540842963167478,-0.191547525816416,-0.727939918090062,-4.61536787313415,4.83045801062708,0.0263345734648361,1.72706141610993
0.0610106103749783,-0.179068390358705,-0.755210397670563,-4.63789504350044,4.83394705420442,-0.00544889254226087,1.73602200634951
0.0679187381910116,-0.166581515679443,-0.782098200259394,-4.66127566452102,4.83859419591315,-0.0364379465084882,1.73648497763987
0.074800361879947,-0.154099072353778,-0.808579311243976,-4.68543329270795,4.84439834698937,-0.0663260662470141,1.72849999577131
0.0816480662814527,-0.141631930318747,-0.834630337752389,-4.71028196647319,4.85135364335576,-0.0948207678993087,1.71215613139267
0.0884552437524878,-0.129189695242068,-0.860228782361163,-4.73572848156854,4.85945002810127,-0.121653290305138,1.68757780906648
0.0952159388940546,-0.116780808793083,-0.885353429751208,-4.76167501000052,4.86867388850643,-0.146586373856971,1.65492010804679
0.101924652466743,-0.104412696009074,-0.909984826157558,-4.78802191443693,4.87900870823059,-0.169419837064448,1.61436403361594
0.108576125745633,-0.0920919406103756,-0.934105819847369,-4.8146706102829,4.89043571015217,-0.18999387266589,1.56611235827193
0.115165124969239,-0.0798244706389207,-0.957702126551383,-4.841526340775,4.90293447484519,-0.208190167523267,1.51038657452703
0.121686241825039,-0.067615740753558,-0.98076288569367,-4.8685007522638,4.91648352150722,-0.223931095100682,1.44742541987445
0.128133721817606,-0.0554709020873923,-1.00328117904029,-4.89551418250621,4.93106083307114,-0.237177337050117,1.37748533499522
0.134501329373864,-0.0433949540728745,-1.02525449012956,-4.92249759968987,4.94664429839163,-0.247924359994825,1.30084309351456
0.140782257559556,-0.0313928739021534,-1.04668508784319,-4.94939415021988,4.96321203639614,-0.256198201276332,1.21780068045141
0.146969091445559,-0.0194697178728281,-1.06758031872022,-4.97616028629826,4.98074256498868,-0.262050999734565,1.12869227421586
0.153053836745138,-0.00763068516608495,-1.08795278918472,-5.00276644888684,4.99921478595961,-0.265556644126515,1.03389288023933
0.15902802773546,0.00411887008564858,-1.107820411282,-5.02919727881775,5.01860777950379,-0.26680680695276,0.933827763411727
0.164882928295593,0.0157734960358358,-1.12720627613487,-5.05545132250037,5.0389004387693,-0.265907495387855,0.828981358483117
0.170609834398492,0.0273277865203893,-1.1461383125173,-5.08154019593093,5.06007102201242,-0.262976100782905,0.719903892799787
0.176200473454323,0.0387766195754186,-1.16464868972658,-5.10748718092465,5.08209674661897,-0.258138789249132,0.607213701489144
0.181647475540733,0.0501154834763737,-1.18277294037138,-5.13332525946686,5.10495357798177,-0.251527981062223,0.491593368743477
0.186944867521523,0.0613408592959916,-1.20054881273636,-5.15909464899621,5.12861635729237,-0.243279649376312,0.373778566781424
0.192088521118807,0.0724506050691244,-1.21801491025426,-5.18483997557327,5.15305935359821,-0.233530247624976,0.254539783908111
0.19707647962984,0.0834442718520123,-1.23520922520633,-5.2106072932327,5.17825722376419,-0.222413236545789,0.134658747833699
0.201909101521969,0.0943232849059071,-1.25216770781795,-5.23644120018263,5.20418624896993,-0.210055374477909,0.0149027300057081
0.206588991210515,0.105090946210553,-1.26892301586857,-5.26238229611563,5.23082563035514,-0.196573086095497,-0.10399948128715
0.211120728095017,0.115752250927643,-1.28550356017009,-5.28846516794145,5.25815860266847,-0.182069277458952,-0.221376580484986
0.215510440722159,0.126313547672624,-1.30193290763189,-5.31471700187164,5.28617316914427,-0.166630907140978,-0.336626630058841
0.219765293204816,0.136782098485917,-1.31822954415854,-5.34115682638917,5.31486235030104,-0.150327490919235,-0.449221344401117
0.223892952818879,0.14716560341879,-1.33440695132369,-5.36779531776294,5.34422393747334,-0.133210571389288,-0.558703665699293
0.22790109526764,0.157471748289494,-1.35047392277802,-5.39463505887462,5.37425981837107,-0.115314074784539,-0.664680356573241
0.231796985015191,0.167707818625526,-1.36643503881065,-5.42167113125333,5.40497498349541,-0.0966554278988733,-0.76681157416224
0.235587149202814,0.17788040487982,-1.38229122474272,-5.44889192970034,5.43637633142559,-0.0772373132587241,-0.864799195409338
0.239277149024177,0.187995208430325,-1.39804033372899,-5.47628010786016,5.46847137871005,-0.0570499799932932,-0.958375251290818
0.242871443226349,0.198056946677613,-1.41367771130753,-5.5038135834745,5.50126695799271,-0.0360740775645617,-1.04729137845529
0.246373333928471,0.208069348717532,-1.42919671427173,-5.53146654959589,5.53476796437101,-0.0142840202136452,-1.13130981561082
0.249784983726345,0.218035229498923,-1.44458916882033,-5.55921045159955,5.56897618897741,0.00834809152978405,-1.21019619778903
0.253107493542508,0.227956628728147,-1.45984576244794,-5.58701490008809,5.60388926151422,0.0318479772749371,-1.28371423049118
0.256341031632392,0.237834999881947,-1.47495637121188,-5.61484849808382,5.63949970958384,0.0562341404495335,-1.35162223385528
0.259485004678629,0.247671433731783,-1.48991032944988,-5.64267956852147,5.67579413161657,0.0815123946825167,-1.4136715052953
0.262538261458084,0.257466899373097,-1.50469665309626,-5.6704767757664,5.71275247212895,0.107670160115727,-1.46960643065835
0.265499317943831,0.267222483918331,-1.51930423047491,-5.69820964278984,5.75034738398488,0.134670851927185,-1.51916625702997
0.268366590051019,0.276939610191531,-1.53372199553193,-5.72584897315816,5.78854366397302,0.162448792596377,-1.56208840922995
0.271138617078896,0.286620210764481,-1.54793909740343,-5.7533671930392,5.82729775700069,0.190905158199609,-1.59811317796778
0.273814256149897,0.296266837555257,-1.56194507653884,-5.78073863169117,5.86655734113372,0.219905490717952,-1.62698952956231
0.276392826781767,0.305882690018093,-1.57573005122533,-5.80793975832962,5.90626102915081,0.249279250843692,-1.64848169280038
0.278874186343442,0.315471552355064,-1.58928490987021,-5.83494938856824,5.946338248227,0.278821739186337,-1.66237608443413
0.281258722349235,0.325037641049841,-1.60260149520043,-5.86174886562557,5.98670938154008,0.308298487107333,-1.66848806451997
0.283547256348095,0.334585377173926,-1.61567275869497,-5.88832221214268,6.02728626679801,0.337451941857513,-1.66666799244892
0.285740865527881,0.344119111154063,-1.62849285926494,-5.91465624039077,6.06797314089475,0.366009991212791,-1.65680610619813
0.287840640098993,0.353642838302885,-1.64105718099962,-5.94074060428329,6.10866809450811,0.393695643103329,-1.63883588149795
0.289847404633892,0.363159948975592,-1.65336225095963,-5.96656777721804,6.14926505768445,0.420237040094714,-1.61273573738817
0.291761437731651,0.372673056403625,-1.66540554824374,-5.99213294494439,6.18965628428777,0.445376970964521,-1.57852921479454
0.293582225585591,0.382183938323058,-1.67718520747404,-6.01743381043771,6.22973524964576,0.468881140554507,-1.5362840265298
0.295308281533031,0.391693617150035,-1.68869963080114,-6.04247031555544,6.26939983209764,0.49054465062926,-1.48611061732389
0.296937056867094,0.401202590097524,-1.6999470306931,-6.06724428992427,6.30855562313373,0.510196390802137,-1.42816104276982
0.298464960000546,0.410711207523303,-1.71092493079178,-6.09175904036467,6.34711920544684,0.527701297925307,-1.36262904769625
0.299887493118441,0.420220186184729,-1.72162965521926,-6.11601889526164,6.38502125110621,0.542960676831122,-1.28975217598389
0.301199508437526,0.429731233774627,-1.73205584014989,-6.14002872014004,6.42220931597924,0.555910955387836,-1.20981655299082
0.302395579546334,0.43924775066424,-1.74219600752406,-6.16379342636835,6.45865023100218,0.566521352439272,-1.12316461755836
0.30347047530133,0.44877556211176,-1.75204025052171,-6.18731750677052,6.49433200470849,0.574790957160935,-1.03020550519688
0.304419712086514,0.458323617840931,-1.7615760922257,-6.21060465001873,6.52926514589437,0.580745649623899,-0.931426976355471
0.305240143220076,0.467904576704537,-1.77078858725924,-6.23365750584497,6.56348328867831,0.584435141286055,-0.827406792790689
0.305930522725482,0.477535177131579,-1.77966073144566,-6.25647768556603,6.5970429645152,0.585930201868521,-0.71882046528463
0.306491959900391,0.487236289189363,-1.78817421542537,-6.2790660726928,6.63002234172278,0.585319909830236,-0.60644171712211
0.3069281715312,0.497032564081334,-1.79631049817015,-6.30142347306056,6.66251877837501,0.582708588278021,-0.491132351578034
0.30724545259615,0.506951650409085,-1.80405209276985,-6.32355155145389,6.69464513980394,0.578212049201203,-0.373819874936798
0.307452330586596,0.517023028731743,-1.81138387607016,-6.34545390286551,6.72652501837518,0.571952919122688,-0.255464089117298
0.307558935771637,0.527276603556395,-1.81829419368342,-6.36713703278801,6.75828721346038,0.564055130732757,-0.137017055692711
0.307576187028812,0.537741250577496,-1.82477556066609,-6.38861101394913,6.790059999168,0.554638014774517,-0.0193829920918891
0.307514932710925,0.548443520592054,-1.83082485206953,-6.40988965947402,6.8219657494897,0.543810652317827,0.0966152609759168
0.307385182882871,0.559406649291017,-1.83644299908287,-6.43099017570072,6.85411638511524,0.53166714752987,0.210258591672965
0.307195528876198,0.570649939033246,-1.84163430681173,-6.45193237864651,6.88660990288737,0.518283274953137,0.320941304052485
0.30695278972756,0.582188498668798,-1.84640555766844,-6.47273763250623,6.91952803241072,0.503714658414149,0.428169524197974
0.306661875057397,0.594033274259702,-1.85076505861104,-6.49342768344859,6.95293490424714,0.487996378522823,0.531551425597636
0.30632582284314,0.606191282945453,-1.85472175101498,-6.51402353220537,6.98687653691216,0.471143754669902,0.630782788338641
0.305945959361028,0.618665966540703,-1.85828445300167,-6.53454444009037,7.02138094340209,0.453154009817644,0.725630900992769
0.305522131484239,0.631457598615551,-1.86146126228622,-6.55500711610267,7.05645869253096,0.434008565300237,0.815918910079905
0.305052971343484,0.644563698826425,-1.86425911958145,-6.57542509815367,7.09210380749082,0.413675783258131,0.901511818015017
0.304536164688524,0.657979425557514,-1.86668351766151,-6.59580832084541,7.12829492534316,0.392114042599649,0.982304627633009
0.303968704258846,0.671697930649191,-1.86873833560216,-6.61616285258373,7.16499666869959,0.369275082993918,1.05821267675692
0.303347117134879,0.685710668441006,-1.87042577747239,-6.63649078190971,7.202161194123,0.345107575539207,1.12916396473919
0.302667660518142,0.700007656674848,-1.87174639683542,-6.65679023321162,7.23972988409655,0.319560881029312,1.19509318263548
0.301926484192325,0.714577690156918,-1.87269919100791,-6.67705549310091,7.27763514537002,0.292588942977688,1.25593716063122
0.301119760572391,0.729408510340687,-1.87328175124294,-6.69727722948888,7.31580227046339,0.264154239234152,1.31163149494742
0.300243785136031,0.744486935692152,-1.87349045655368,-6.71744278536864,7.35415131443312,0.234231689010405,1.36210818047412
0.299295051363752,0.759798959072791,-1.87332069978333,-6.73753652854908,7.39259893772995,0.202812386185689,1.40729413532631
0.29827030517018,0.775329819476075,-1.8727671348689,-6.75754023740537,7.43106016883283,0.169907008506963,1.44711054853977
0.297166584191254,0.791064056232104,-1.87182393418087,-6.77743350151523,7.46945004695854,0.135548738382773,1.48147300747655
0.29598124717383,0.806985554167036,-1.87048504449198,-6.79719411530311,7.50768511435462,0.0997955263959928,1.51029236667033
0.294711998082666,0.823077588086451,-1.86874442970735,-6.81679844300049,7.54568473791058,0.0627315350744302,1.53347630713548
0.293356908421727,0.839322874284127,-1.86659628819281,-6.83622173483172,7.58337224946437,0.0244676193231012,1.55093150876098
0.291914439745448,0.855703635535927,-1.86403523264941,-6.85543837777509,7.62067590193761,-0.0148592675496938,1.56256632362677
0.290383466555648,0.872201684248914,-1.86105642130791,-6.87442206979311,7.65752964354488,-0.0550878064857234,1.56829380095816
0.288763297941481,0.888798526189897,-1.85765563103764,-6.89314591405479,7.69387371468571,-0.0960351878412397,1.56803488150032
0.287053694659097,0.905475484681558,-1.85382926593896,-6.91158243895908,7.72965507226635,-0.137501061366435,1.56172155713872
0.285254877102558,0.922213842564714,-1.84957429907096,-6.92970355981647,7.76482764508673,-0.179272415762416,1.54929978721507
0.283367518982817,0.938994996859253,-1.84488814985481,-6.94748050754132,7.79935242270501,-0.221129166712533,1.53073198178945
0.281392721612029,0.955800619178749,-1.83976850484919,-6.96488375711666,7.8331973798176,-0.262850167767071,1.50599890749881
0.279331964467112,0.972612813749579,-1.83421309434271,-6.98188299249085,7.86633723916323,-0.304219315470482,1.47510094367329
0.27718702903052,0.989414264404286,-1.82821944090513,-6.99844714402318,7.89875307816559,-0.345031407230955,1.43805871080391
0.274959894530062,1.00618836205482,-1.82178459825966,-7.01454452950339,7.93043178733958,-0.385097432369894,1.39491320198588
0.272652605842306,1.0229193046781,-1.81490489951697,-7.03014312097543,7.96136539103159,-0.424249032781904,1.34572565923465
0.270267115254233,1.03959216250477,-1.80757573328456,-7.04521094876351,7.99155024264431,-0.462341952982698,1.29057753790634
0.267805100892895,1.05619290171771,-1.79979136507684,-7.05971664330581,8.0209861069694,-0.499258398442249,1.22957098134307
0.265267765512313,1.07270836056813,-1.79154482055185,-7.07363010655491,8.04967514229068,-0.534908321803393,1.16283027228361
0.262655620246379,1.08912617271827,-1.78282784695673,-7.08692329892573,8.0776207960761,-0.569229744845226,1.09050472447389
0.259968259337475,1.10543463444971,-1.77363096985477,-7.09957112488585,8.10482663262027,-0.60218828841208,1.01277341008586
0.257204134258541,1.12162251602994,-1.76394366302334,-7.11155239852827,8.13129512153468,-0.633776115518593,0.929851961466659
0.254360339520493,1.13767882398819,-1.75375464863997,-7.12285086652556,8.15702643471575,-0.664010491250532,0.842001407379405
0.251432427938157,1.15359253101028,-1.74305233976904,-7.13345625537901,8.18201732689229,-0.692932127594004,0.749538572812458
0.248414279668803,1.16935230336764,-1.73182542437565,-7.14336528874991,8.20626020801366,-0.720603416380302,0.652846978863521
0.245298055274003,1.18494627013864,-1.72006356692729,-7.15258258745945,8.22974254568141,-0.747106568259027,0.552386478017994
0.242074265368992,1.20036188920709,-1.70775817034956,-7.16112132408661,8.25244674660806,-0.772541585893117,0.448699210887819
0.238731984169071,1.21558596495708,-1.69490310374558,-7.16900346969329,8.27435063732649,-0.797023929541902,0.342409161318151
0.235259218148445,1.23060485452324,-1.68149527326742,-7.17625946436859,8.29542858037022,-0.820681712466753,0.234212972069598
0.231643414172534,1.24540486104804,-1.66753491268474,-7.18292718912744,8.3156531265742,-0.843652316443402,0.124861001858966
0.227872059616918,1.25997276127783,-1.6530255098238,-7.18905022289884,8.33499695171226,-0.86607844558182,0.0151297303631804
0.22393330111242,1.27429636921321,-1.63797336226951,-7.19467551455735,8.35343471666543,-0.888103804899188,-0.0942110713115182
0.219816500078091,1.28836501857617,-1.62238684653595,-7.19985073714468,8.37094448146955,-0.909868734030415,-0.202431415412328
0.215512657153219,1.30216986577683,-1.60627555372961,-7.20462166431774,8.38750841064147,-0.931506182486547,-0.308869318342288
0.211014668900728,1.31570396474889,-1.58964946455116,-7.20902988846807,8.40311268933424,-0.953138355794533,-0.412950472884978
0.206317416282592,1.32896212395867,-1.57251830451875,-7.2131110999798,8.41774675288788,-0.974874219495325,-0.514197942399555
0.201417712906191,1.34194060144261,-1.55489115683389,-7.21689401352868,8.43140205248804,-0.996807881314724,-0.61223264082604
0.196314155399109,1.35463671396192,-1.53677634366793,-7.22039990888119,8.44407061388844,-1.01901773848419,-0.706766799942251
0.191006919102577,1.36704843266966,-1.51818153758147,-7.22364267891203,8.45574361122553,-1.04156620607781,-0.797593118679787
0.185497534453417,1.37917401945964,-1.49911404028589,-7.22662925006878,8.46641010880315,-1.06449983127951,-0.884572047686334
0.179788668421312,1.39101173573162,-1.47958116221167,-7.22936024768899,8.47605605194106,-1.08784962787059,-0.967619043614124
0.173883925042774,1.40255963568341,-1.45959064516541,-7.2318308035308,8.48466353169424,-1.11163151222307,-1.04669293890736
0.167787671247046,1.41381544236924,-1.4391510841027,-7.2340314320603,8.49221031263545,-1.13584676976473,-1.12178599252474
0.161504889089859,1.42477649670606,-1.41827231772091,-7.2359489275834,8.49866959530289,-1.16048252009874,-1.19291577696642
0.155041052716219,1.43543976606168,-1.39696576882755,-7.2375672531842,8.50400997985088,-1.18551217667576,-1.2601188081721
0.148402027163392,1.44580189845056,-1.37524472369962,-7.23886840457425,8.50819559958084,-1.21089591365148,-1.32344569915787
0.141593985858794,1.45585930938059,-1.3531245452695,-7.23983323866967,8.51118639841584,-1.23658116036788,-1.38295757399085
0.134623343900489,1.46560829013025,-1.33062281861585,-7.24044225964356,8.51293853253698,-1.26250314516241,-1.43872348194916
0.12749670463123,1.47504512814523,-1.30775942955776,-7.24067635584523,8.51340488199204,-1.28858550712974,-1.49081857885172
0.120220817459002,1.4841662320431,-1.28455657866402,-7.24051748050643,8.51253566253646,-1.31474098887298,-1.53932287883943
0.112802545252424,1.49296825528283,-1.26103873405331,-7.23994926839725,8.5102791311105,-1.34087221665737,-1.5843204170206
0.105248839915995,1.50144821386629,-1.23723252719748,-7.23895758009181,8.50658238023887,-1.36687256786471,-1.62589869715637
0.0975667249254258,1.5096035945055,-1.21316659666798,-7.23753096556718,8.50139221737128,-1.39262712007836,-1.66414832717378
0.0897632836900435,1.51743245054834,-1.18887138543963,-7.23566103963135,8.49465612488462,-1.41801367204322,-1.69916276829973
0.0818456526272034,1.5249334836427,-1.16437889799688,-7.23334276317534,8.48632329523675,-1.44290382438544,-1.73103814122812
0.073821017803764,1.53210610967123,-1.13972242406599,-7.23057462640333,8.47634573367481,-1.46716410730432,-1.7598730455194
0.0656966139430174,1.53895050793512,-1.11493623630221,-7.22735873288652,8.46467941803255,-1.49065714319395,-1.78576835710849
0.0574797245310112,1.54546765293436,-1.09005526967016,-7.22370078634741,8.45128550159591,-1.51324283388266,-1.80882697418391
0.0491776817013458,1.55165932840693,-1.06511479054597,-7.21960998532473,8.43613154092245,-1.53477956438943,-1.82915348467313
0.0407978645479517,1.55752812357508,-1.0401500637181,-7.21509883409428,8.41919272608724,-1.55512541731471,-1.84685373003367
0.0323476945253232,1.56307741182533,-1.01519602544927,-7.21018288122165,8.40045308640008,-1.57413939384359,-1.86203424089799
0.0238346266580323,1.56831131234155,-0.990286970559972,-7.20488039969255,8.37990664057448,-1.59168263865034,-1.87480152118978
0.0152661354070885,1.57323463553467,-0.965456261082467,-7.19921202451022,8.35755845705011,-1.60761966674857,-1.88526115934307
0.00664969423831033,1.57785281348109,-0.94073606339012,-7.19320036479389,8.33342558809424,-1.62181959069076,-1.89351674878444
-0.00200725178819507,1.58217181699515,-0.916157119814179,-7.18686960762659,8.30753784078502,-1.63415734674289,-1.89966860525984
-0.0106973207387918,1.58619806141232,-0.891748559613428,-7.18024513011205,8.27993834923664,-1.64451491901512,-1.90381227607528
-0.019413235751157,1.58993830362495,-0.867537752773821,-7.17335313431778,8.25068391552892,-1.65278256120118,-1.90603684584822
-0.0281478736470542,1.59339953335969,-0.843550208521261,-7.16622031710216,8.21984509164328,-1.65886001657792,-1.90642305473335
-0.0368943191583644,1.59658886207034,-0.819809518693769,-7.15887358344288,8.18750598103654,-1.66265773802656,-1.90504125795098
-0.045645923216684,1.59951341309391,-0.796337344329423,-7.15133980807967,8.15376374597296,-1.66409811061389,-1.90194926936318
-0.0543963633040996,1.60218021683279,-0.773153442096014,-7.14364564639592,8.11872781505145,-1.66311667908624,-1.89719014628081
-0.0631397034956897,1.60459611464072,-0.750275725644426,-7.1358173918558,8.08251879423501,-1.65966338076805,-1.89078998703083
-0.0718704515872577,1.60676767477382,-0.727720355738483,-7.12788087433145,8.04526709392933,-1.65370378015075,-1.88275582634209
-0.0805836106359209,1.60870112320964,-0.705501852214201,-7.11986139158275,8.00711129414714,-1.64522029441599,-1.87307372544767
-0.0892747223787698,1.6104022913417,-0.683633220535241,-7.111783665168,7.96819627939903,-1.6342133890742,-1.86170716289069
-0.0979399003533691,1.61187658155773,-0.662126085976496,-7.10367181221353,7.92867118441693,-1.62070271001842,-1.84859583710436
-0.106575851119846,1.61312895055701,-0.64099082926285,-7.09554932564978,7.88868720067842,-1.60472810323082,-1.83365499150384
-0.115179882748128,1.61416390903072,-0.620236718727236,-7.08743905748083,7.84839530125395,-1.58635045721335,-1.81677536561967
-0.123749900627686,1.61498553510878,-0.599872035579659,-7.07936320202555,7.80794394687727,-1.56565228744092,-1.79782386037901
-0.132284391596624,1.6155974978674,-0.579904190493199,-7.07134327840859,7.76747683848176,-1.54273796865189,-1.77664498100151
-0.14078239826882,1.61600308629672,-0.560339831183394,-7.0634001134389,7.72713078015153,-1.51773351185707,-1.75306308670388
-0.149243486152141,1.61620523854549,-0.541184941758042,-7.05555382701087,7.68703371139198,-1.49078578113023,-1.72688543293408
-0.157667706597696,1.61620656607307,-0.522444935162566,-7.04782382206086,7.64730295932898,-1.46206105324933,-1.69790594074008
-0.166055558727284,1.61600936761039,-0.504124739937619,-7.04022877987918,7.60804375095539,-1.43174284359616,-1.6659095720802
-0.174407953224323,1.61561562859025,-0.486228881742242,-7.0327866594126,7.56934801421706,-1.40002895609894,-1.63067713400714
-0.182726180265604,1.61502700293894,-0.468761558796786,-7.02551469651668,7.53129348584151,-1.3671277634853,-1.59199028505496
-0.191011882992437,1.61424477575643,-0.451726708791928,-7.01842939649422,7.49394313416929,-1.33325378421034,-1.54963648168845
-0.199267036887299,1.61326980731757,-0.435128063194549,-7.01154651128751,7.45734489696734,-1.29862268843933,-1.50341358996635
-0.207493934372764,1.61210246080735,-0.418969183576267,-7.00488099185788,7.42153172677194,-1.26344592853851,-1.45313390565467
-0.215695173010473,1.61074251803061,-0.403253473857893,-6.99844690680913,7.38652192892974,-1.22792523875277,-1.3986273805219
-0.223873644935288,1.60918908879082,-0.38798416233343,-6.99225732005104,7.35231976961645,-1.19224727336681,-1.33974394488035
-0.232032524634075,1.60744052056944,-0.373164247954299,-6.98632412274677,7.31891632286071,-1.15657864489199,-1.27635494281183
-0.240175251816089,1.60549431555021,-0.358796406361771,-6.98065781716475,7.28629051803866,-1.12106158151714,-1.20835384824445
-0.248305505807819,1.60334706209289,-0.344882852139157,-6.9752672515127,7.2544103442181,-1.08581035097809,-1.1356565953564
-0.256427167498711,1.60099438781471,-0.331425154242343,-6.97015930470686,7.22323416711681,-1.05090850736866,-1.05820202337677
-0.264544264253794,1.59843094195258,-0.318424001168136,-6.96533851810367,7.19271211984743,-1.01640692372645,-0.97595309277789
-0.272660892382997,1.59565041614265,-0.305878910997182,-6.9608066679377,7.16278754054532,-0.982322493191231,-0.888899666739981
-0.280781110891126,1.59264561551355,-0.293787879307681,-6.95656226886752,7.1333984474161,-0.948637330404649,-0.797063753666425
-0.288908799802019,1.58940859603828,-0.282146956074619,-6.95259999798025,7.10447906184999,-0.915298294963149,-0.700508143211512
-0.297047477259392,1.5859308887211,-0.27094974296835,-6.94891003344034,7.07596140790408,-0.882216699462421,-0.599349278659056
-0.305200073286939,1.5822038345396,-0.260186808075469,-6.9454773175612,7.04777702368475,-0.849268162174089,-0.493774884832919
-0.313368666412404,1.57821905254309,-0.249845030309865,-6.94228078591969,7.01985880592897,-0.816292719442251,-0.384066156407583
-0.32155420403508,1.57396905166555,-0.239906915267557,-6.9392926559787,6.9921429608732,-0.783095513520566,-0.2706230407223
-0.329756248450347,1.5694479684231,-0.230349970058444,-6.93647793736198,6.96457094432422,-0.749448579838805,-0.153989269790839
-0.33797281355579,1.56465236456699,-0.221146280786577,-6.93379439351156,6.93709115075146,-0.715094396175949,-0.0348715956487795
-0.346200371493661,1.55958195782907,-0.212262482515104,-6.9311932124895,6.90965999696327,-0.679751812369042,0.0858539695418673
-0.354434097507663,1.55424010870501,-0.20366031215655,-6.92862058159491,6.88224201859231,-0.643124653510814,0.207155795250239
-0.362668372499976,1.54863388412057,-0.195297853640017,-6.9260201733776,6.85480873915462,-0.604912692192021,0.327883500094234
-0.370897482432188,1.5427735944532,-0.187131417283394,-6.92333627227848,6.82733639483099,-0.564824017929574,0.446824818354042
-0.379116374862958,1.53667184360918,-0.179117795464907,-6.92051701762557,6.7998029870589,-0.522587436098005,0.562772183203311
-0.387321300013809,1.53034228174188,-0.171216501230092,-6.91751715201905,6.7721853836432,-0.47796366024079,0.674585034376025
-0.395510199199617,1.52379832996255,-0.163391600321183,-6.91429980459711,6.74445714957346,-0.430754661370124,0.781235805286192
-0.40368278755815,1.51705212066531,-0.155612884236644,-6.91083713015177,6.71658749459915,-0.380811247636087,0.881833962127971
-0.411840365049923,1.51011379498888,-0.147856322951913,-6.90710991565894,6.68854135662188,-0.3280393800573,0.975629687604379
-0.419985442984903,1.50299118287668,-0.140103892374372,-6.90310644078024,6.66028037617654,-0.272405723162371,1.06200355873145
-0.428121284768044,1.4956898093687,-0.132342950546568,-6.89882091785519,6.63176442348231,-0.21394257814609,1.14044984226158
-0.436251443007632,1.48821313618238,-0.124565346137647,-6.89425178786403,6.60295337545278,-0.152751863901362,1.21055972576313
-0.444379349215811,1.48056294776671,-0.116766414559899,-6.8894000723506,6.57380892843993,-0.0890073950495392,1.27200840394529
-0.452507989090895,1.47273980668135,-0.108943979676889,-6.88426791524293,6.54429631477272,-0.0229544852061482,1.32454755669453
-0.460639679430256,1.46474352066379,-0.101097447075457,-6.87885740308702,6.51438584384103,0.0450940549503103,1.36800290186801
-0.468775950540246,1.45657357765499,-0.0932270503802268,-6.87316972052958,6.48405421454048,0.114766136478196,1.40227530061068
-0.476917527762167,1.44822951581782,-0.0853332909711343,-6.86720466853222,6.45328555985525,0.185642883761543,1.42734329728369
-0.485064395852615,1.43971120596389,-0.0774165891365178,-6.86096053847066,6.4220722001699,0.257274766437245,1.44326491784164
-0.493215920989157,1.43101903589556,-0.0694771396958735,-6.85443429644844,6.39041510578629,0.329200077413802,1.45017693950378
-0.501370999202725,1.42215399982663,-0.0615149400587429,-6.84762199614797,6.3583240976578,0.400964002441643,1.44829054749922
-0.509528199239762,1.41311770894529,-0.053529938741807,-6.84051931515528,6.32581783861661,0.472136398508722,1.43788312853959
-0.517685873019826,1.40391234818572,-0.0455222424752953,-6.83312210584019,6.29292367530275,0.542326636242877,1.41928671705657
-0.525842216731634,1.394540607184,-0.0374923222641766,-6.82542686802412,6.25967737948831,0.611194388711656,1.39287415239497
-0.533995277412593,1.38500561005894,-0.0294411714043875,-6.81743108086728,6.22612281070193,0.67845591151875,1.35904425192252
-0.542142910493819,1.3753108608884,-0.021370386979851,-6.80913336635648,6.19231149018093,0.743885988089957,1.31820727679683
-0.55028270108024,1.36546021230477,-0.013282165574477,-6.80053348782252,6.15830205042915,0.807316183758235,1.27077174628287
-0.558411864957973,1.35545785602755,-0.00517921980569389,-6.79163220881021,6.12415951275927,0.868630308374009,1.21713334417684
-0.566527145058691,1.34530832791656,0.00293536712654736,-6.78243104912449,6.08995434934338,0.927758041820888,1.15766634255953
-0.574624716639656,1.33501651668589,0.011058326416716,-6.7729319777152,6.05576130375356,0.98466758321914,1.09271769802055
-0.582700111108921,1.32458766439741,0.019186404618478,-6.76313707929697,6.02165796919425,1.03935800832614,1.0226037773053
-0.590748165261975,1.31402734753273,0.0273165586459555,-6.75304822623399,5.98772315049204,1.09185181795843,0.947609544806699
-0.598763000265841,1.30334142910767,0.0354461257642703,-6.74266678145216,5.95403505934999,1.14218797264797,0.867989983028826
-0.606738033195552,1.29253597441695,0.043572952811426,-6.73199335319388,5.92066940915206,1.19041555631626,0.783973503419475
-0.614666023194934,1.28161712529262,0.0516954720791315,-6.72102761870223,5.8876974844253,1.23658810143343,0.695767121490007
-0.622539154155809,1.27059093015303,0.0598127142393016,-6.7097682312474,5.85518426134651,1.28075853816616,0.603563199040546
-0.630349155880639,1.2594631297045,0.0679242515855708,-6.69821282277846,5.82318665113897,1.32297469472082,0.507547578965324
-0.638087465667138,1.24823890114683,0.0760300680161577,-6.68635811215618,5.79175193045308,1.36327526902603,0.407908934828002
-0.645745431730811,1.23692256741042,0.0841303561120815,-6.67420012546935,5.76091641489943,1.4016862074222,0.304849108027887
-0.653314558394518,1.22551728259849,0.0922252469269813,-6.66173452928819,5.73070442674042,1.4382174593341,0.198594092145705
-0.660786790007659,1.21402471057132,0.100314485176909,-6.64895706880841,5.70112760750006,1.47286012298025,0.0894051377768252
-0.668154825664831,1.2024447202969,0.10839707150345,-6.63586409003048,5.67218463142332,1.50558404904259,-0.0224107984733182
-0.675412449846957,1.19077512840615,0.116470903704025,-6.6224531087926,5.64386138420044,1.53633601628013,-0.136492308792295
-0.682554855669954,1.17901152470788,0.124532458412612,-6.60872337187801,5.6161316777703,1.56503862082626,-0.252417751986138
-0.689578929112209,1.16714721783347,0.132576560503204,-6.59467634114948,5.58895856793042,1.59159001367518,-0.369703726170059
-0.696483457132786,1.15517333305293,0.140596285597999,-6.58031602718488,5.56229631759396,1.61586456838871,-0.487808820057606
-0.703269223245673,1.14307908091339,0.148583028446693,-6.56564911036881,5.536092998806,1.63771446752026,-0.606143033449309
-0.709938963303282,1.13085219433992,0.156526746519916,-6.55068481719954,5.51029365336693,1.65697208644948,-0.72408232233219
-0.716497171865122,1.11847950706009,0.164416358323053,-6.53543456305042,5.48484384872367,1.67345296899422,-0.840986706765982
-0.72294977202512,1.10594762404967,0.172240247952065,-6.51991141789877,5.45969339509418,1.68695917241002,-0.95621960174806
-0.729303682753165,1.0932436216344,0.179986810209922,-6.50412948372168,5.43479995419685,1.69728282963275,-1.06916577713738
-0.735566331425506,1.08035571450101,0.187644969461104,-6.48810328050021,5.41013228160661,1.70420991571016,-1.17924572408723
-0.741745161865796,1.0672738381242,0.195204619298375,-6.47184722070076,5.38567289925286,1.70752436228558,-1.28592506503266
-0.747847180707347,1.05399011305404,0.202656952508174,-6.4553752180889,5.36142007346727,1.70701277715347,-1.3887186910366
-0.753878571364656,1.04049917587068,0.209994673297817,-6.4387004391013,5.33738905383468,1.7024700486999,-1.48719023031047
-0.759844390527178,1.02679837557282,0.217212099765087,-6.4218351757357,5.31361258994731,1.69370603059226,-1.58094804513213
-0.765748350831844,1.0128878417625,0.224305171576377,-6.4047908045523,5.29014077760402,1.68055332370853,-1.66963917553431
-0.771592686969883,0.998770432990401,0.231271376933958,-6.38757779737074,5.26704029303984,1.66287593581421,-1.7529425671382
-0.777378100590151,0.984451572437566,0.238109607529825,-6.37020576169288,5.24439305999028,1.64057835456992,-1.83056265527934
-0.78310378033363,0.969938976551392,0.244819944220935,-6.35268350683768,5.22229437004346,1.61361437207141,-1.9022240397847
-0.788767495105833,0.955242282648307,0.251403372886431,-6.33501914908209,5.20085045379745,1.58199490249945,-1.96766765528588
-0.794365759436608,0.940372585166922,0.257861431311288,-6.31722028058551,5.18017549090686,1.54579407556976,-2.02664856919726
-0.799894068302478,0.92534189734711,0.264195794404166,-6.29929422914702,5.16038806103725,1.50515307198389,-2.07893534692334
-0.805347194732668,0.910162564650456,0.270407815518155,-6.2812484278496,5.14160707958192,1.46028145396331,-2.12431081691751
-0.810719537342251,0.894846666408284,0.276498053837764,-6.26309089683597,5.12394732825749,1.41145605428871,-2.16257403747804
-0.816005497732707,0.879405450743465,0.282465828838954,-6.24483081738483,5.10751476951441,1.35901772218514,-2.19354328976272
-0.82119986092314,0.863848852558582,0.288308849870849,-6.22647915579353,5.09240190776026,1.30336630228457,-2.21705996390286
-0.82629814712856,0.848185143518575,0.294022969661341,-6.20804927599033,5.07868351231085,1.24495411596479,-2.23299322912645
-0.831296901626659,0.832420755296351,0.299602103553147,-6.18955746912154,5.06641303446511,1.18427796909224,-2.2412453505358
-0.836193892214014,0.816560302449113,0.305038340979046,-6.17102332831669,5.05562002918099,1.12186944108748,-2.24175741507127
-0.840988191508666,0.800606809673719,0.310322252625079,-6.15246990907617,5.04630883146995,1.05828306587085,-2.23451506140879
-0.845680134094644,0.784562121781445,0.315443368056223,-6.1339236404906,5.03845864263807,0.994082124238993,-2.21955360710521
-0.85027115508585,0.768427447333554,0.3203907686984,-6.11541398757818,5.03202505722315,0.929822178534763,-2.19696179405122
-0.854763534472079,0.752203964089909,0.32515371671132,-6.09697290454755,5.02694291715334,0.866033120155187,-2.1668833090383
-0.859160086631055,0.735893402476797,0.329722229091841,-6.07863415327018,5.02313023273917,0.803201171684181,-2.1295153485034
-0.86346384241968,0.719498526747989,0.33408751388248,-6.06043258010628,5.02049278751993,0.741752729960598,-2.0851038102983
-0.867677769543529,0.70302345285328,0.338242211816835,-6.04240344046744,5.01892897591949,0.682041944249392,-2.03393516807021
-0.87180456566285,0.686473772572664,0.342180425572404,-6.02458183485007,5.01833443010458,0.624343439253471,-1.97632560817469
-0.875846541318595,0.66985648687689,0.345897558816973,-6.00700228160354,5.01860607549686,0.568850751671002,-1.91260844826764
-0.87980559143368,0.653179779079237,0.349390017275394,-5.9896984138021,5.01964538995549,0.515680117441887,-1.84312109822969
-0.883683239626436,0.636452674551213,0.352654837623216,-5.97270276175334,5.02136079263742,0.464878497720769,-1.76819282276717
-0.887480731481106,0.619684637588795,0.355689307188009,-5.95604657384897,5.02366921916114,0.416434333318209,-1.68813435420935
-0.891199151289438,0.602885150278764,0.358490623363674,-5.93975963443385,5.02649702768773,0.370289491376211,-1.60323007182067
-0.894839539815495,0.586063307507096,0.361055623324911,-5.92387005156577,5.02978042095373,0.326351120779086,-1.51373311269599
-0.898402995937597,0.569227450839414,0.363380597974719,-5.9084040028307,5.0334655704817,0.284502523706989,-1.41986349001538
-0.901890750544746,0.552384854701351,0.365461192426467,-5.89338543877996,5.03750860534758,0.24461255352807,-1.32180910942939
-0.905304205574949,0.535541472299392,0.367292389570519,-5.87883574905682,5.04187559256328,0.20654338320306,-1.21972949790173
-0.908644934147227,0.51870174606025,0.368868572585751,-5.86477339634439,5.04654259869847,0.170156720783972,-1.11376206810689
-0.911914639512378,0.501868487372308,0.370183665027254,-5.85121351983202,5.05149588715297,0.135318680731572,-1.0040307958035
-0.915115071542323,0.485042832128013,0.371231351522763,-5.83816750555897,5.05673227260472,0.101903569756305,-0.890657238507805
-0.918247900417775,0.468224280856094,0.372005386228981,-5.82564251860316,5.06225962089634,0.0697968353287456,-0.773773815165137
-0.921314548920139,0.451410833718896,0.372499997898549,-5.81364099464909,5.06809744510783,0.0388973719949112,-0.653539135854723
-0.924315988214065,0.434599229590354,0.372710397142378,-5.80216009906731,5.074277503706,0.00911929832474419,-0.530154855028663
-0.927252508026422,0.417785292750731,0.372633380388398,-5.7911911828355,5.08084425484131,-0.0196067830896709,-0.403882978802629
-0.930123480932504,0.400964378512269,0.372268003816949,-5.78071929697047,5.08785496937155,-0.0473331336257934,-0.27506180732598
-0.932927151022767,0.384131889749821,0.371616269345507,-5.77072286651015,5.09537927127868,-0.0740950070471075,-0.144117884249873
-0.935660486494738,0.367283812447878,0.370683728958852,-5.76117365987879,5.10349788446759,-0.0999117533720709,-0.0115707791788847
-0.938319138570285,0.350417197242076,0.369479886043403,-5.7520372002227,5.11230044684706,-0.12478901857137,0.121972291841373
-0.940897540005692,0.333530506596824,0.368018270959021,-5.7432737306035,5.12188241539826,-0.148721973379348,0.255833693305534
-0.943389152903718,0.316623763694254,0.366316107826411,-5.73483975492038,5.13234129988591,-0.171699242945911,0.389293683386845
-0.945786842011764,0.299698480467264,0.364393569635721,-5.72669004743752,5.1437726550183,-0.193706971788736,0.521626124433889
-0.948083317853346,0.28275739601564,0.362272715550975,-5.71877990028202,5.15626634450926,-0.214732365207638,0.652135676021334
-0.950271577339824,0.265804101168626,0.359976279344218,-5.71106731280446,5.16990351820928,-0.234766164751287,0.780190103251372
-0.952345274952017,0.248842641908467,0.357526500269044,-5.70351484798067,5.18475454338912,-0.253803801256625,0.905242896200229
-0.954298981304953,0.231877180159747,0.354944152804785,-5.69609097565681,5.20087789189375,-0.271845299870916,1.02684420878109
-0.956128316339865,0.214911756649305,0.35224786168273,-5.68877084575031,5.21831979939085,-0.288894258464767,1.14464094408529
-0.95782996982082,0.197950164404306,0.34945371539438,-5.68153653980654,5.23711442948505,-0.304956321043569,1.25836867939369
-0.959401636115932,0.180995915583222,0.346575138410757,-5.67437691084659,5.25728428720709,-0.320037536360323,1.36783875508602
-0.960841893569521,0.16405227260008,0.343622957094232,-5.66728713840581,5.27884069468567,-0.334142886754957,1.47292352461778
-0.962150054844932,0.147122314179967,0.340605591915457,-5.66026811211058,5.3017842255199,-0.347275151294489,1.57354196086168
-0.963326007650424,0.130209012971082,0.337529319513753,-5.65332572986718,5.32610506630492,-0.359434166293752,1.66964694382372
-0.964370058248946,0.113315309213782,0.334398563736108,-5.64647016817215,5.3517833227994,-0.37061647753172,1.76121484106821
-0.965282784571919,0.0964441720826697,0.33121618961597,-5.6397151586707,5.37878931412303,-0.380815339608931,1.84823750281686
-0.966064901968311,0.0795986456134608,0.327983785876504,-5.63307728879176,5.40708390585773,-0.390021001121617,1.93071650612124
-0.966717142400823,0.0627818795167279,0.324701929494035,-5.62657533445191,5.4366189277841,-0.398221211936273,2.00865934158554
-0.967240146830325,0.0459971470124261,0.321370430624958,-5.62022962786009,5.46733770932889,-0.405401895184473,2.08207718705561
-0.967634370195508,0.0292478525390462,0.317988558577681,-5.61406146170955,5.49917574964372,-0.411547937968952,2.15098391403731
-0.967899998470014,0.0125375321954335,0.314555250274081,-5.6080925311389,5.53206152260424,-0.416644068540385,2.21539599789571
-0.968036877533691,-0.00413015063514924,0.311069302429054,-5.60234441577601,5.56591740213673,-0.420675801455117,2.27533303767094
-0.968044453877955,-0.0207514126333231,0.307529547968504,-5.59683810525956,5.60066068168484,-0.423630443427323,2.33081862921142
-0.967921727388841,-0.0373223596683558,0.303935016362354,-5.59159357242366,5.63620465420601,-0.425498158841442,2.38188137437157
-0.967667216571404,-0.0538389970973402,0.300285076819921,-5.58662939857159,5.67245971607433,-0.426273093540019,2.42855584921019
-0.967278936585356,-0.070297241113679,0.296579562835383,-5.58196245484605,5.70933445930866,-0.425954548281694,2.4708833955502
-0.966754390367798,-0.0866929313524821,0.292818876447867,-5.57760764264513,5.7467367208072,-0.424548180552984,2.5089126422425
-0.966090572952914,-0.103021845150463,0.289004070780138,-5.57357769447488,5.78457456362257,-0.422067197936348,2.54269970339603
-0.965283988893215,-0.11927971392669,0.285136909866175,-5.56988303479573,5.82275717254074,-0.418533491278144,2.57230803848107
-0.964330682469761,-0.135462242128512,0.28121990536103,-5.56653169857999,5.86119565324028,-0.413978644426211,2.59780799138112
-0.963226280164724,-0.15156512910127,0.277256330335389,-5.5635293037016,5.89980373028372,-0.408444751285924,2.61927605053758
-0.961966044658873,-0.167584094106954,0.273250210909064,-5.56087907210802,5.93849834366266,-0.401984971131902,2.63679388958857
-0.96054493939684,-0.183514904537794,0.269206296932984,-5.55858189405526,5.97720014646974,-0.394663759260139,2.65044725755944
-0.958957702517145,-0.199353407138528,0.265130013293665,-5.55663642949103,6.01583390768848,-0.386556721345492,2.66032479062773
-0.957198928657806,-0.215095561756941,0.261027393725399,-5.55503924083306,6.05432882445972,-0.377750055295635,2.66651681502036
-0.955263156820057,-0.230737476786303,0.256904999323049,-5.55378495174746,6.09261874797978,-0.368339563061258,2.66911420400197
-0.953144962116985,-0.246275445061649,0.252769824293135,-5.55286642692058,6.13064232688073,-0.35842923598481,2.66820734230635
-0.950839048884137,-0.261705978560256,0.248629191877963,-5.55227496810421,6.16834307192588,-0.348129440051251,2.66388523963646
-0.948340342332645,-0.277025839888303,0.244490643818892,-5.55200052182506,6.20566934637685,-0.337554750872636,2.65623482171884
-0.945644075736749,-0.292232068273629,0.240361827140087,-5.55203189407855,6.24257428754378,-0.326821511125096,2.64534041348028
-0.942745870117556,-0.307321997690351,0.236250382360497,-5.55235696713161,6.27901566674743,-0.316045203881296,2.63128341490221
-0.93964180355053,-0.322293264862694,0.232163837399216,-5.55296291333992,6.31495569698807,-0.305337752057019,2.6141421568002
-0.936328467599645,-0.337143805255224,0.22810951135798,-5.55383640076606,6.35036079971479,-0.294804865224667,2.59399191208109
-0.932803008953309,-0.351871835745443,0.224094432000418,-5.55496378548113,6.38520134385436,-0.284543558788679,2.57090502887248
-0.92906315506532,-0.36647582344927,0.220125270093552,-5.55633128582968,6.419451371336,-0.274639965908414,2.54495114609018
-0.925107223425466,-0.380954441058706,0.216208292866254,-5.55792513467571,6.45308832345466,-0.26516754923019,2.516197449998
-0.920934114922309,-0.395306509963266,0.212349337742283,-5.55973170670992,6.48609278138906,-0.256185797925458,2.48470893217612
-0.916543292536417,-0.409530933266309,0.208553806319386,-5.56173761921869,6.51844823202766,-0.247739467084261,2.45054861461308
-0.91193474724571,-0.423626621486503,0.204826677401299,-5.56392980618442,6.55014086711221,-0.239858383365551,2.41377771550202
-0.907108953483473,-0.437592414185968,0.201172536853736,-5.56629556707199,6.58115941989171,-0.232557805789645,2.37445573859106
-0.902066816736236,-0.45142700095294,0.197595621238724,-5.5688225930184,6.61149503939716,-0.225839296851808,2.33264047837884
-0.896809615901397,-0.465128845083517,0.19409987164513,-5.57149897425862,6.64114119855454,-0.219692029876198,2.28838794197699
-0.8913389428657,-0.478696112981769,0.190688993902779,-5.57431319339597,6.67009362907797,-0.21409443638108,2.24175219532992
-0.885656641456185,-0.492126611782347,0.187366521433388,-5.57725410951207,6.69835027376436,-0.209016084003556,2.19278514635817
-0.879764747506529,-0.505417737062582,0.184135877312659,-5.5803109381034,6.72591124564145,-0.204419671945784,2.14153628054576
-0.873665431327195,-0.518566431823669,0.181000432631165,-5.58347323147397,6.75277878343453,-0.200263036501274,2.08805236590502
-0.867360943416177,-0.531569157249526,0.177963558872821,-5.58673086358072,6.77895719388484,-0.196501072520423,2.03237714466149
-0.860853563836523,-0.544421875150591,0.1750286727036,-5.59007402252189,6.80445277331985,-0.19308749547889,1.97455102896097
-0.854145555343494,-0.557120041505473,0.172199272213054,-5.59349321298265,6.82927370321421,-0.189976390591594,1.91461081787074
-0.847239120081837,-0.569658610145901,0.16947896422411,-5.5969792701078,6.85342991694169,-0.187123517704531,1.85258945324256
-0.840136359496146,-0.582032045395607,0.166871482746114,-5.60052338553681,6.87693293719528,-0.184487361414651,1.78851583279523
-0.832839237001562,-0.594234342366246,0.164380698971716,-5.60411714577006,6.89979568540645,-0.182029933513483,1.72241470012054
-0.825349542941332,-0.606259053621599,0.162010623403479,-5.60775258266459,6.92203226578494,-0.179717348568857,1.65430663321584
-0.817668861404555,-0.618099321030634,0.159765400745124,-5.61142223568764,6.94365772728011,-0.177520202997193,1.58420815557553
-0.80979853858572,-0.629747911826383,0.157649298116337,-5.61511922556837,6.96468780687165,-0.175413793559907,1.51213199679904
-0.801739652533959,-0.641197258158909,0.155666686965053,-5.61883733914669,6.98513865723313,-0.173378213383672,1.43808753303921
-0.793492984364122,-0.652439499767676,0.153822018775666,-5.62257112547254,7.00502656112211,-0.171398363054557,1.36208144129561
-0.785058991286472,-0.663466529794232,0.152119794326757,-5.62631600349805,7.02436763400785,-0.169463911788623,1.28411860528092
-0.776437782160941,-0.674270044203916,0.150564525862652,-5.63006838195437,7.04317751563844,-0.167569239769127,1.20420331383099
-0.767629096698435,-0.684841595775743,0.149160691141138,-5.63382579212565,7.06147105067238,-0.165713387944032,1.122340794691
-0.758632289913517,-0.695172654135532,0.147912677948393,-5.6375870341213,7.07926195836178,-0.163900036192605,1.03853912557165
-0.74944632396638,-0.705254673816084,0.1468247173932,-5.64135233677722,7.09656249179504,-0.162137524904521,0.952811558567021
-0.740069770084558,-0.715079172772668,0.145900804192014,-5.64512353034649,7.11338308860697,-0.160438928613531,0.865179280583934
-0.730500823763427,-0.724637824069729,0.145144602350663,-5.6489042295182,7.12973201754815,-0.158822183226375,0.775674607956693
-0.720737336806143,-0.733922563449023,0.144559335281942,-5.65270002189992,7.14561502900699,-0.157310260405222,0.684344574291441
-0.710776869827483,-0.742925715007426,0.14414766063121,-5.65651865385129,7.16103502247769,-0.155931373738525,0.591254813837888
-0.700616768417361,-0.751640136039659,0.143911532054436,-5.66037020154976,7.17599174976274,-0.154719191717529,0.496493567555925
-0.690254265024198,-0.760059380032569,0.143852052962818,-5.66426721073678,7.19048157865845,-0.15371302298884,0.40017554917919
-0.679686606597315,-0.768177873720008,0.143969330698742,-5.66822478441711,7.20449734672031,-0.152957931336983,0.302445314571348
-0.668911205069827,-0.775991100116266,0.144262343346805,-5.67226059494122,7.21802833663429,-0.152504733536752,0.203479698907834
-0.657925804058516,-0.783495774976443,0.144728834673479,-5.67639479677202,7.23106040165656,-0.152409835191443,0.103488850310899
-0.646728651227938,-0.790690000037589,0.145365254484376,-5.68064982020608,7.24357625980359,-0.152734870205014,0.00271542641843841
-0.63531866247314,-0.797573373886606,0.146166760848761,-5.68505003523863,7.2555559584981,-0.153546129433282,-0.0985683441326526
-0.623695562459176,-0.80414704167033,0.147127296335652,-5.68962128832984,7.26697748886797,-0.154913791504603,-0.200065797071091
-0.611859987004405,-0.810413668996429,0.148239742600879,-5.69439033115193,7.27781750499464,-0.156910998805942,-0.301462918561599
-0.599813536631319,-0.816377333227049,0.149496147458213,-5.69938417612402,7.28805208401208,-0.159612846796935,-0.402436818555593
-0.587558776800579,-0.822043335685503,0.15088800810404,-5.70462942474343,7.29765745384783,-0.163095367560598,-0.502664781692182
-0.575099187540846,-0.827417948827288,0.152406586019784,-5.71015161829147,7.30661061990716,-0.167434584004386,-0.601832980968358
-0.562439071647094,-0.832508120643283,0.154043225324193,-5.7159746554208,7.31488983939505,-0.172705689525616,-0.699644007090705
-0.54958343484623,-0.83732116258423,0.155789647765174,-5.72212030896863,7.32247491754929,-0.178982374505265,-0.795822585946192
-0.536537852594893,-0.84186444654319,0.157638203365817,-5.72860785854871,7.32934732699762,-0.186336284019159,-0.890119164075243
-0.523308336684635,-0.846145131703044,0.159582064087292,-5.73545384005785,7.33549017340168,-0.194836558926159,-0.982311357298097
-0.509901211485021,-0.850169935043899,0.161615356534719,-5.74267190134591,7.34088804365065,-0.204549390639088,-1.07220351373237
-0.496323005608738,-0.853944951889725,0.16373323693026,-5.75027274648469,7.34552677639041,-0.215537510412741,-1.15962480342071
-0.482580361030974,-0.857475526530954,0.165931916354185,-5.75826414925592,7.34939319038446,-0.227859535889081,-1.24442630970999
-0.46867995885562,-0.860766168492496,0.168208646474381,-5.76665101849872,7.35247479709581,-0.241569108347297,-1.32647758249932
-0.454628459211456,-0.863820507588601,0.170561676075979,-5.77543550222416,7.35475951301051,-0.2567137708685,-1.40566305000038
-0.440432452105759,-0.866641280246613,0.172990187340472,-5.78461712242224,7.35623537701305,-0.273333558361235,-1.48187860153043
-0.426098416228738,-0.869230340219145,0.17549421868276,-5.79419293711184,7.35689027014897,-0.291459293880855,-1.55502856928211
-0.411632683414685,-0.87158868823985,0.178074578581395,-5.80415772968117,7.35671163021887,-0.311110611270153,-1.62502326326965
-0.397041407470991,-0.873716516979364,0.180732752616695,-5.81450422754408,7.35568615218352,-0.332293751301981,-1.69177715458806
-0.382330537175007,-0.875613269485246,0.183470804112083,-5.825223352454,7.35379946734181,-0.354999206283133,-1.75520775662892
-0.367505794243975,-0.877277710884389,0.186291267509987,-5.8363045035094,7.35103579946272,-0.379199314840874,-1.81523521829114
-0.352572657869209,-0.878708014289585,0.189197032999609,-5.84773587113076,7.34737760405903,-0.404845931939684,-1.87178261310866
-0.337536357860408,-0.879901862428993,0.19219122100016,-5.85950477641042,7.34280520703317,-0.431868316094606,-1.92477687974993
-0.32240187848281,-0.880856566398895,0.195277045890987,-5.87159802570568,7.3372964698921,-0.460171383243275,-1.9741503400463
-0.307173974640408,-0.881569202079673,0.198457669801254,-5.88400226578459,7.33082651914712,-0.489634472441046,-2.01984268989977
-0.291857201170011,-0.882036763196354,0.20173604916654,-5.89670432098335,7.32336758566318,-0.520110751420611,-2.06180332733599
-0.276455954745764,-0.882256327908542,0.205114778864129,-5.90969149146803,7.31488900386124,-0.551427360878273,-2.09999385352588
-0.260974526415028,-0.882225233466124,0.208595940698348,-5.92295179149293,7.30535741937031,-0.583386357722616,-2.13439056082117
-0.245417161327379,-0.881941251256991,0.212180964422326,-5.93647410895389,7.29473724618285,-0.615766473440425,-2.16498671096356
-0.229788121046939,-0.881402752939699,0.215870509982492,-5.95024827260579,7.28299140070745,-0.648325658750075,-2.19179441000967
-0.21409174320428,-0.880608857698028,0.219664379004942,-5.96426502065227,7.27008232144498,-0.680804344021762,-2.21484590569959
-0.198332493319323,-0.879559551242675,0.223561461652226,-5.97851587318075,7.25597326130235,-0.712929309722259,-2.23419416707029
-0.182515004455828,-0.878255769073059,0.227559722045193,-5.99299291994584,7.24062981726802,-0.744418034323257,-2.24991265167765
-0.166644101846733,-0.876699439507923,0.231656221868168,-6.00768854302123,7.2240216418153,-0.774983369601307,-2.26209421756786
-0.150724811519225,-0.87489348568234,0.235847178106711,-6.02259509969686,7.2061242640619,-0.804338385344275,-2.2708491890802
-0.134762353925699,-0.872841789532437,0.240128047691756,-6.03770459389527,7.18692093773899,-0.832201227163622,-2.27630263212321
-0.118762125314297,-0.870549124160177,0.244493629642037,-6.05300836401141,7.16640442787411,-0.85829984213292,-2.2785909318012
-0.102729670772479,-0.868021063392649,0.248938174421419,-6.06849681166173,7.14457864845083,-0.882376446562946,-2.27785779146213
-0.086670653385719,-0.8652638785135,0.253455490730302,-6.08415919003077,7.12146006832574,-0.90419163677227,-2.27424978793159
-0.0705908237477367,-0.86228443197169,0.25803904166215,-6.09998346329148,7.09707881132092,-0.923528074599335,-2.26791162517224
-0.0544959932469153,-0.859090076515759,0.262682024720473,-6.1159562410168,7.07147938774155,-0.940193711160577,-2.25898123103874
-0.0383920133404921,-0.855688565987145,0.267377433145216,-6.13206278458524,7.04472100797821,-0.954024541168998,-2.2475848423193
-0.022284761664376,-0.852087981359155,0.27211809886261,-6.14828707708315,7.01687744406734,-0.964886902484697,-2.23383222418888
-0.00618013455812103,-0.848296672967621,0.276896719735132,-6.16461194459935,6.98803642204909,-0.972679348907484,-2.21781217257523
0.00991595538832722,-0.84432321762601,0.281705875353145,-6.18101921526264,6.95829854660861,-0.977334127310169,-2.19958845135787
0.0259975787088408,-0.840176387723815,0.286538036227823,-6.19748990278034,6.92777577947358,-0.978818283231912,-2.17919631912034
0.0420587873779337,-0.835865128611536,0.29138557091491,-6.21400440327124,6.89658951355922,-0.977134403416321,-2.15663979979812
0.0580936137309014,-0.831398540582254,0.296240754451178,-6.23054269737553,6.86486830459218,-0.972320981789063,-2.13188984502707
0.0740960709409067,-0.826785862453619,0.301095779754304,-6.24708455341482,6.83274533924212,-0.9644523698821,-2.10488352036932
0.0900601550905175,-0.822036454930621,0.305942771624519,-6.26360973118642,6.80035573194955,-0.953638246939046,-2.07552432042615
0.105979847908205,-0.817159783331771,0.310773801025794,-6.28009818925017,6.76783375034581,-0.940022522424708,-2.04368367753368
0.121849118380407,-0.81216540062016,0.315580895741121,-6.29653030080134,6.73531007084648,-0.923781568392249,-2.00920367484121
0.137661920837077,-0.807062932752145,0.320356042573155,-6.31288708401655,6.70290916201659,-0.905121675590107,-1.97190090818704
0.15341218685234,-0.801862068952691,0.325091176205569,-6.32915045185305,6.67074688483176,-0.884275639990653,-1.93157136537868
0.169093808471397,-0.7965725595379,0.32977815075499,-6.34530348361605,6.63892838759855,-0.861498419675899,-1.88799611177858
0.184700610893139,-0.791204223311008,0.334408691903278,-6.36133071638851,6.60754636053164,-0.837061857797924,-1.84094749584342
0.200226313775087,-0.785766965426061,0.338974330134768,-6.3772184491409,6.57667970165687,-0.811248543920148,-1.79019552852079
0.215664481694848,-0.780270805090708,0.343466318698618,-6.39295504678532,6.5463926317932,-0.784344976372572,-1.7355140589403
0.231008465853642,-0.774725910771094,0.347875543043394,-6.40853122656342,6.51673428117425,-0.756634279488349,-1.67668637803565
0.246251340651361,-0.769142638896426,0.352192431156022,-6.42394030589169,6.48773875305224,-0.728388804626004,-1.61350994066182
0.261385840096814,-0.763531570645212,0.35640687606925,-6.43917838977712,6.45942565035334,-0.699862984940627,-1.54580000820973
0.27640429998079,-0.757903540361607,0.360508182556397,-6.45424447728933,6.43180103138087,-0.671286807418386,-1.47339217247057
0.291298612273863,-0.752269648511784,0.364485049771526,-6.46914046981985,6.40485874228493,-0.642860207061859,-1.39614391498948
0.306060198405072,-0.746641251718239,0.368325600699995,-6.48387106790481,6.37858206087313,-0.614748583901199,-1.31393556750102
0.320680008184318,-0.741029922049117,0.372017468403859,-6.49844354687328,6.35294558136611,-0.587079510625034,-1.22667125147325
0.335148551537837,-0.735447367064582,0.375547948934827,-6.51286740327491,6.32791727451961,-0.55994056033844,-1.13428057493006
0.349455971379424,-0.729905300838568,0.378904232087598,-6.52715386328253,6.30346067148055,-0.533378064555484,-1.03672204206264
0.363592168224285,-0.724415254169409,0.382073724121054,-6.54131524145522,6.27953713941361,-0.5073965319374,-0.933989271041802
0.377546990695601,-0.718988309759736,0.385044480652633,-6.5553641353155,6.25610823595672,-0.481958434180627,-0.826121184092459
0.391310510430259,-0.713634746314837,0.387805771311274,-6.56931244216851,6.23313813840532,-0.456984108124676,-0.713217255588389
0.404873403528165,-0.708363576494581,0.390348796637977,-6.58317019608677,6.21059612947247,-0.432351641177555,-0.595458536208385
0.41822746029396,-0.703181971276785,0.392667565838237,-6.59694425402032,6.18845906992958,-0.407896805335833,-0.47313429598212
0.431366234937317,-0.698094582849608,0.394759912850192,-6.61063691957831,6.16671368815383,-0.383413375521591,-0.346672501350214
0.444285819738879,-0.693102814651134,0.396628570295241,-6.62424468321384,6.14535837229032,-0.358654470048109,-0.216669861049266
0.456985678428713,-0.68820414051345,0.39828213764944,-6.63775736083176,6.12440400312304,-0.333335785869761,-0.0839142238932235
0.469469405525272,-0.683391632173141,0.399735693849816,-6.65115797949973,6.10387330709227,-0.307141606890786,0.0506100726929912
0.481745216033176,-0.67865388480968,0.401010766039893,-6.66442371198183,6.08379836281999,-0.2797340767004,0.185742668790755
0.493825956780984,-0.673975493597844,0.402134437462579,-6.67752794163552,6.06421633008333,-0.250765431670598,0.320197004799634
0.505728506965669,-0.669338110952631,0.403137583061307,-6.69044317920019,6.04516408200878,-0.21989196237372,0.452633789254276
0.517472596963478,-0.664721938973826,0.404052496801863,-6.7031442145276,6.02667290607057,-0.186787917698278,0.581743156025902
0.529079253011241,-0.660107369794605,0.40491038083559,-6.71561077251635,6.00876448080543,-0.151157774402983,0.70631681955958
0.540569177679615,-0.65547645580581,0.405739187381172,-6.72782913240137,5.99144887775489,-0.112746171975866,0.825295845733671
0.551961355359823,-0.650813979926486,0.406562141722442,-6.73979254288753,5.97472465574588,-0.0713458229359561,0.937789244561751
0.563272059452259,-0.646108040611674,0.407397038837497,-6.75150060918735,5.9585805770123,-0.0268043014791707,1.04306788361465
0.574514306081454,-0.641350190873402,0.408256217381129,-6.76295800257328,5.94299827102212,0.0209694113653245,1.14054326374556
0.585697704544823,-0.636535236200136,0.409147026751214,-6.77417284631898,5.92795525055546,0.0719982364568712,1.22974107312826
0.59682861310556,-0.631660807357977,0.41007260029394,-6.78515504303679,5.91342788210645,0.126230437011626,1.31027699130847
0.607910506377013,-0.62672680562058,0.411032786522152,-6.79591470777933,5.89939409232244,0.183534078431808,1.38183900208261
0.618944475618722,-0.621734793289416,0.412025133435391,-6.80646080133609,5.88583569578173,0.243693802046163,1.44417768746277
0.629929799503863,-0.616687383982135,0.413045850504245,-6.81680002484077,5.87274026216006,0.306411327994059,1.4971039703449
0.640864533115439,-0.611587677545204,0.414090686674278,-6.82693602577555,5.86010243811952,0.371310889778616,1.54049248531558
0.651746067233493,-0.606438779903579,0.415155668060381,-6.83686895703657,5.84792464043933,0.437950253656221,1.57428804343228
0.662571612720594,-0.60124344284239,0.416237645748527,-6.84659540978109,5.83621706916798,0.505837157936708,1.59851244085177
0.67333857124714,-0.596003847878009,0.417334619874843,-6.85610870244587,5.82499705904043,0.574450076382199,1.61326911666458
0.684044766989511,-0.590721540708092,0.418445832736324,-6.8653994595714,5.81428787789997,0.643261389429972,1.61874383838967
0.69468853373994,-0.585397501119198,0.419571656272115,-6.87445637025911,5.80411716181383,0.711760562328853,1.61520054279079
0.705268673798493,-0.58003231346761,0.420713328640355,-6.88326699337816,5.7945152179923,0.779474922327945,1.60297246262209
0.715784323084958,-0.57462639078894,0.421872611804545,-6.891818483761,5.78551341393912,0.845986094828433,1.58244949373915
0.726234766323691,-0.569180204331911,0.423051442571875,-6.9000981477607,5.77714281161706,0.910940953702285,1.55406324449941
0.736619245402757,-0.563694478989706,0.424251635124482,-6.90809378540136,5.76943312240559,0.974056836092317,1.51827132592313
0.746936795040273,-0.558170329789721,0.425474670080694,-6.91579382458042,5.76241197993157,1.03512154895686,1.4755422607816
0.757186126694503,-0.552609330415447,0.426721581070123,-6.92318728846851,5.75610447357809,1.09398921461853,1.42634204066666
0.767365568332492,-0.547013517800945,0.427992930480845,-6.93026365528224,5.7505328628126,1.15057322825427,1.37112296643186
0.777473057073207,-0.541385345247461,0.429288854100209,-6.93701267125849,5.74571639711509,1.20483757530034,1.3103150553494
0.787506175022462,-0.535727600194837,0.430609149670479,-6.94342416799424,5.74167118758663,1.25678756587926,1.24432002928246
0.797462215643056,-0.530043302808918,0.431953385105193,-6.94948792027567,5.73841010272577,1.30646077530171,1.17350771923241
0.80733826783857,-0.524335599365943,0.433321005982309,-6.95519356497474,5.73594268351876,1.35391870446293,1.0982146207367
0.817131306469505,-0.518607661317426,0.434711426987174,-6.96053058856803,5.73427508713244,1.39923943516213,1.01874429269436
0.826838280317708,-0.512862597806302,0.436124096907627,-6.96548838161723,5.73341007316853,1.44251137267661,0.9353692901814
0.836456190912143,-0.507103386769525,0.437558530912569,-6.97005635317847,5.73334704336112,1.48382804384035,0.848334343387384
0.845982157758987,-0.501332827773489,0.439014306987458,-6.97422409591329,5.73408213785271,1.52328384609937,0.75786052689324
0.855413467240528,-0.495553518344307,0.440491025672611,-6.97798159270564,5.73560838207424,1.56097061019175,0.664150195770127
0.86474760376841,-0.489767854615881,0.441988233925422,-6.981319456863,5.7379158705588,1.59697483458143,0.567392489121186
0.87398226278932,-0.483978056412902,0.443505315333784,-6.98422919959207,5.74099196962076,1.63137546355855,0.467769211154013
0.883115346073111,-0.478186216190507,0.44504135036518,-6.98670351961467,5.74482152064599,1.66424210525439,0.365460890023226
0.892144940494372,-0.472394370362259,0.446594952108607,-6.98873660988951,5.74938702980733,1.69563361498651,0.260652783634294
0.901069282352567,-0.466604590306703,0.448164085212963,-6.99032447498212,5.75466883766166,1.7255969990166,0.153540551673735
0.909886710214966,-0.460819088680319,0.449745878434968,-6.99146524949992,5.76064527200009,1.75416662028642,0.0443352526585598
0.918595610284435,-0.455040334648647,0.451336444132794,-6.99215950341296,5.76729279766155,1.78136370741217,-0.0667327304424803
0.927194359266425,-0.449271169527381,0.45293072064181,-6.99241051478754,5.77458618546299,1.80719617759759,-0.179411259416191
0.935681270414337,-0.44351491255027,0.454522354942949,-6.99222448583904,5.78249872640209,1.83165878016671,-0.293425899895507
0.944054548587535,-0.437775445645913,0.456103642454639,-6.99161067608315,5.7910025145873,1.85473354888693,-0.408481558265807
0.95231225950314,-0.432057266805646,0.45766553738258,-6.99058142856099,5.80006881176026,1.87639052015779,-0.524266389349586
0.960452316782954,-0.42636550422429,0.459197740626211,-6.98915207278406,5.80966848853458,1.89658863669509,-0.640457800908926
0.968472488018984,-0.42070588779404,0.460688863404063,-6.98734070093383,5.8197725157006,1.91527672250871,-0.756730087109152
0.976370418311734,-0.415084680048852,0.462126655068364,-6.98516782993244,5.83035245822294,1.93239439609106,-0.872762968444356
0.984143667173387,-0.40950857414563,0.463498275139704,-6.98265597780731,5.84138091051574,1.94787279377936,-0.988250167488252
0.991789752931017,-0.403984570664264,0.46479058439678,-6.97982919445279,5.85283180842722,1.96163500741696,-1.10290715124986
0.999306198194942,-0.398519846969713,0.465990429063745,-6.97671259157192,5.8646805622885,1.9735961958566,-1.21647732287139
1.00669057060859,-0.393121632313454,0.467084895675429,-6.97333191338353,5.87690397419706,1.98366339937611,-1.32873620622846
1.01394051467353,-0.387797099161565,0.468061520876015,-6.9697131798768,5.8894799269184,1.99173515914858,-1.43949346941863
1.02105377246705,-0.38255327729216,0.468908448440727,-6.96588242071312,5.90238685647917,1.9977011123959,-1.54859290971712
1.02802819306448,-0.377396992980177,0.469614533494662,-6.96186550336255,5.91560304206791,2.00144179396498,-1.65591072685033
1.03486173211513,-0.37233483185069,0.470169400075248,-6.95768804612287,5.92910576377004,2.00282892650054,-1.76135252661375
1.0415524441642,-0.367373121146108,0.470563462380528,-6.95337539659555,5.94287039139445,2.00172652432441,-1.86484953211161
1.04809847098737,-0.362517925298686,0.470787922363874,-6.94895264925825,5.95686947767704,1.99799316716147,-1.96635445936293
1.05449802951624,-0.357775047706365,0.470834757163414,-6.9444446716648,5.97107193780237,1.99148580816336,-2.06583746493962
1.06074940298073,-0.353150031311496,0.470696709577269,-6.93987610716512,5.98544240457561,1.98206544563653,-2.16328251715634
1.06685093871433,-0.348648150899284,0.470367293590876,-6.9352713229139,5.99994085283322,1.96960487965334,-2.25868449007093
1.07280105559422,-0.344274391039045,0.469840824710242,-6.93065427599323,6.01452258368344,1.9539985603227,-2.35204723026496
1.07859826317621,-0.340033405494732,0.469112481195513,-6.92604827887656,6.02913864309817,1.9351741917217,-2.44338278861507
1.08424119307216,-0.335929456954648,0.468178396851515,-6.92147565933663,6.04373671445302,1.91310529520271,-2.53271192513016
1.08972864095652,-0.33196634008956,0.467035778824142,-6.91695732934581,6.05826246821919,1.88782342668722,-2.62006586748669
1.0950596149943,-0.328147295788797,0.465683035711875,-6.91251230044795,6.07266127861155,1.85942832315741,-2.70548912792573
1.10023338403144,-0.324474928861954,0.464119894147962,-6.90815720451904,6.08688014087015,1.82809410970815,-2.78904297632902
1.10524951744411,-0.320951143970143,0.462347478535419,-6.90390589158191,6.10086956674559,1.79406999340389,-2.87080897508944
1.11010790893589,-0.317577113607008,0.460368331254654,-6.89976917351125,6.1145852234535,1.75767464485088,-2.95089186827714
1.11480877912832,-0.314353287056942,0.458186360123867,-6.89575476118858,6.12798912587154,1.71928457050843,-3.02942114177394
1.11935265599517,-0.311279441402148,0.455806714184049,-6.8918674068423,6.14105028552863,1.67931788619105,-3.10655075274859
1.12374033677236,-0.308354767160206,0.453235603696962,-6.88810922312676,6.15374483468305,1.63821565663328,-3.18245682978129
1.12797283846014,-0.305577974696007,0.450480090790609,-6.88448011830829,6.16605574212903,1.5964231458948,-3.25733348664801
1.13205134543384,-0.302947404975379,0.44754788039812,-6.88097827174476,6.17797229002421,1.55437294402954,-3.33138718083484
1.13597716188628,-0.300461129744222,0.444447136886193,-6.87760057784222,6.1894894788554,1.51247121390606,-3.404830219667
1.13975167449037,-0.298117030664307,0.441186342456348,-6.87434300549034,6.20060748216706,1.47108752530013,-3.47787405900053
1.1433763277659,-0.295912852544395,0.4377742024624,-6.87120084587628,6.21133120702065,1.43054813437185,-3.55072297897023
1.14685261199915,-0.29384623099648,0.434219593204907,-6.86816884702015,6.22166995378296,1.39113221997748,-3.62356860212399
1.15018206168151,-0.291914698668119,0.43053154128621,-6.8652412532219,6.23163712584764,1.35307048269311,-3.69658557951862
1.15336626143175,-0.290115676341683,0.426719220719307,-6.86241177956197,6.2412499227014,1.31654556398087,-3.76992863246029
1.15640685613857,-0.288446455783213,0.422791954269002,-6.85967355559027,6.25052895657409,1.28169385858549,-3.84373101025921
1.15930556239755,-0.286904180621289,0.418759208090418,-6.85701906967554,6.25949775669731,1.24860840409695,-3.9181043100677
1.16206417899004,-0.285485830161622,0.414630572599626,-6.85444013816631,6.26818215657754,1.21734260352741,-3.99313950631086
1.16468459495976,-0.284188209303101,0.410415726701222,-6.85192791377389,6.27660958954022,1.18791456571843,-4.06890895988624
1.16716879462451,-0.283007945967793,0.406124386224481,-6.84947293756572,6.28480833918479,1.16031184882625,-4.1454691279114
1.16951885950389,-0.281941495959691,0.401766240158916,-6.84706523040617,6.29280680072913,1.13449638441988,-4.22286367786499
1.17173696758708,-0.280985154091429,0.397350879799205,-6.84469441372939,6.30063280650779,1.11040936083104,-4.30112672506262
1.17382539059494,-0.280135069822486,0.392887726248913,-6.84234984658526,6.30831305693405,1.08797586306495,-4.38028595347074
1.17578648993196,-0.279387265500507,0.388385961131335,-6.84002076571978,6.31587268132102,1.06710910295593,-4.46036543679377
1.17762271192441,-0.278737655489471,0.38385446415341,-6.83769641734878,6.32333493538319,1.0477141214257,-4.54138803825537
1.17933658275531,-0.278182064878606,0.379301759706293,-6.83536617239265,6.33072102726882,1.02969089633851,-4.62337732373917
1.18093070328366,-0.277716246976089,0.374735973237901,-6.83301962044958,6.33805005337164,1.01293683688524,-4.70635896738028
1.18240774370893,-0.277335899311435,0.370164796874407,-6.83064664109084,6.34533901929265,0.997348683495079,-4.79036165835235
1.18377043783054,-0.277036678346465,0.365595462778007,-6.82823745380964,6.35260291953244,0.982823858737966,-4.87541753255448
1.18502157646142,-0.27681421350548,0.361034722011866,-6.82578265002022,6.3598548506642,0.969261329791217,-4.96156215521354
1.18616399938041,-0.276664121483666,0.356488826198919,-6.82327321192271,6.36710613566576,0.95656204864179,-5.04883407305427
1.18720058504247,-0.276582022094434,0.351963508950972,-6.8207005239482,6.37436644076587,0.944629034855372,-5.13727394080432
1.18813423710103,-0.27656355718999,0.347463963853866,-6.81805638303079,6.38164386988565,0.933367160123573,-5.22692320937622
1.18896786663062,-0.276604414447874,0.342994815688493,-6.81533301425169,6.38894502515447,0.922682686281847,-5.317822344926
1.18970436877783,-0.276700358058623,0.338560081542368,-6.81252309854733,6.3962750249622,0.912482601045527,-5.41000853207099
1.19034659243523,-0.276847268553481,0.334163118558758,-6.80961981917381,6.4036374737211,0.902673789918223,-5.50351280437675
1.1908973014684,-0.277041194122928,0.329806555366246,-6.80661693338803,6.41103438027695,0.893162079845697,-5.59835654539517
1.19135912609796,-0.277278415702947,0.325492204873735,-6.80350887514378,6.41846602519287,0.883851191212528,-5.69454732012699
1.19173450334544,-0.277555527705442,0.321220957304795,-6.8002908931933,6.42593078146672,0.874641640395667,-5.79207403733723
1.19202560611933,-0.277869535355089,0.31699265432201,-6.79695922641596,6.43342489914616,0.865429645486847,-5.89090151583732
1.19223426168429,-0.27821796795657,0.312805948089993,-6.79351131401029,6.44094227208301,0.856106102284666,-5.99096463915687
1.19236186202956,-0.278599004876949,0.308658153269229,-6.7899460320457,6.44847421454541,0.846555714130254,-6.09216243347459
1.19240927103532,-0.27901160755155,0.304545105076691,-6.7862639398041,6.45600928555999,0.836656373571619,-6.19435258148794
1.19237673612862,-0.279455646664147,0.300461042077199,-6.78246751009883,6.46353320748807,0.826278900074629,-6.29734705919259
1.19226381481897,-0.279932009513225,0.296398537039291,-6.77856130911115,6.47102892903197,0.815287228707226,-6.40090969989837
1.19206932828091,-0.280442669653205,0.29234850116858,-6.77455208607589,6.47847687758818,0.803539113656716,-6.50475648046504
1.19179135399645,-0.280990700699559,0.288300284312163,-6.77044873472471,6.48585542845518,0.790887356163692,-6.60855912397463
1.19142726655468,-0.281580220010537,0.284241884965883,-6.76626209932568,6.49314158872283,0.777181496105358,-6.71195219662146
1.19097382988301,-0.282216256152027,0.280160269462955,-6.76200461851489,6.50031185637396,0.762269836899115,-6.81454329595805
1.19042733637193,-0.282904545401678,0.276041782238027,-6.75768982629907,6.50734317958061,0.746001627223603,-6.91592531952213
1.18978378047233,-0.283651274310826,0.27187261306826,-6.75333175479842,6.51421391852899,0.728229219528153,-7.01568935234251
1.18903904865118,-0.284462794160293,0.267639277428105,-6.74894429991787,6.52090471040208,0.708810070339436,-7.11343657526499
1.18818910571669,-0.285345336484229,0.263329065400569,-6.74454061422887,6.52739915817984,0.687608528981737,-7.20878782466277
1.18723015973458,-0.286304756117995,0.258930422612635,-6.74013258087186,6.53368429860435,0.664497454126134,-7.30138994740327
1.18615879292505,-0.287346320962767,0.254433240178853,-6.7357304028717,6.53975084250111,0.63935977394387,-7.39091872259091
1.18497205217958,-0.288474558563298,0.249829045207008,-6.73134232069032,6.54559321096795,0.612090146531252,-7.47707868482031
1.18366749840262,-0.289693161311309,0.245111095300964,-6.72697445306962,6.5512094077955,0.582596877036189,-7.55960056510832
1.18224321771245,-0.291004946274998,0.240274387775017,-6.72263074545365,6.55660077153893,0.550804212095156,-7.63823723422438
1.18069779941548,-0.292411862746934,0.235315596949069,-6.7183130067883,6.5617716435852,0.516655071791098,-7.71275902542888
1.17903028600361,-0.293915040093795,0.230232952152408,-6.71402101753826,6.56672897653274,0.480114205564391,-7.78294919630769
1.17724009990038,-0.295514869424598,0.225026066612068,-6.70975269680098,6.57148189496912,0.441171680071815,-7.84860012602602
1.17532695098736,-0.29721111396427,0.219695724807933,-6.70550432199748,6.57604121168491,0.399846530004517,-7.90951067779485
1.17329072861238,-0.299003044007003,0.214243634308561,-6.70127079886644,6.58041889839723,0.356190332060397,-7.9654850057347
1.17113138213639,-0.300889592385761,0.208672148250806,-6.69704598109241,6.58462751180939,0.310290402351618,-8.0163329513665
1.16884879519984,-0.302869525290465,0.202983966708935,-6.69282303719366,6.58867958288935,0.262272274237165,-8.0618720485059
1.16644266062302,-0.304941621076328,0.197181828955509,-6.68859485725435,6.59258698824686,0.212301093992489,-8.10193102569214
1.16391236479021,-0.307104846841201,0.191268213298148,-6.68435448441516,6.59636033513525,0.160581584103962,-8.13635455715774
1.16125689188376,-0.309358519760869,0.18524506557187,-6.68009554724731,6.60000840280966,0.107356276780303,-8.1650088716407
1.15847475869711,-0.311702438436612,0.179113579950173,-6.67581266146565,6.60353768926796,0.0529018202609789,-8.18778769982607
1.15556398931277,-0.314136969835959,0.172874054998922,-6.6715017654742,6.6069521107206,-0.00247669058299467,-8.2046179518922
1.1525221353694,-0.316663080493672,0.166525842833194,-6.66716035621708,6.61025288986471,-0.0584532175307918,-8.21546449445758
1.14934634222207,-0.319282306524396,0.16006739986249,-6.66278760073609,6.61343864892357,-0.114689762928477,-8.22033346046217
1.14603345493197,-0.321996664854806,0.153496435236836,-6.65838431381191,6.61650569786997,-0.170846281709526,-8.21927367692259
1.14258015209649,-0.324808516318545,0.146810140176166,-6.65395281020981,6.61944848268934,-0.226590822270657,-8.21237601195315
1.13898309149175,-0.327720397957814,0.140005470776192,-6.64949665723115,6.62226013877154,-0.281609139105943,-8.19977068341246
1.1352390503517,-0.330734845446004,0.133079451044262,-6.64502036545379,6.62493308487259,-0.335613070324135,-8.18162279032513
1.13134504504563,-0.333854226266635,0.126029462934538,-6.64052906015377,6.62745959499398,-0.388347125103318,-8.158126486699
1.12729841928992,-0.337080600518736,0.118853495523055,-6.63602817260614,6.62983229728303,-0.439592948597987,-8.12949829647145
1.12309689562112,-0.340415620199022,0.111550334397405,-6.63152318104037,6.63204456672959,-0.489171578812186,-8.09597007038324
1.1187385903329,-0.343860471133335,0.104119682478272,-6.62701941848413,6.63409079741312,-0.536943635165187,-8.05778202876714
1.11422199639802,-0.347415855820607,0.0965622127041614,-6.62252195217957,6.63596655650992,-0.582807747803457,-8.0151762433905
1.1095459415246,-0.351082011217928,0.088879559899023,-6.61803552902692,6.63766863398579,-0.626697634466107,-7.96839080979658
1.1047095294112,-0.354858753227695,0.0810742631946188,-6.61356457476166,6.63919500836439,-0.668578259808227,-7.91765486584122
1.09971207180049,-0.358745539145018,0.0731496718156552,-6.60911323137361,6.64054475093838,-0.708441484593844,-7.86318453171812
1.09455301758308,-0.362741540102526,0.065109826505799,-6.60468541697318,6.64171788967417,-0.746301548478202,-7.80517978513601
1.08923188346328,-0.366845717053372,0.0569593271591807,-6.60028489392686,6.64271525132349,-0.782190649238756,-7.7438222421297
1.08374818895591,-0.371056895574293,0.048703195028515,-6.59591533366039,6.64353829707601,-0.81615479851023,-7.67927378712114
1.0781013969895,-0.37537383639845,0.0403467357277132,-6.59158036930138,6.64418896422059,-0.848250059481463,-7.61167598259659
1.07229086027273,-0.379795299897163,0.0318954074509133,-6.58728362980876,6.64466952407092,-0.878539210968734,-7.54115018650474
1.06631577286863,-0.384320103634761,0.0233546975354982,-6.58302875115998,6.64498246489289,-0.907088836398819,-7.46779831184899
1.06017512609212,-0.388947172617911,0.014730009725543,-6.57881936147651,6.6451304076059,-0.933966804665194,-7.39170417587325
1.05386766785037,-0.393675581992539,0.00602656419185632,-6.57465903771931,6.6451160614079,-0.959240090408262,-7.31293540383761
1.04739186482906,-0.398504591770681,-0.00275068755368026,-6.57055123190855,6.64494222597898,-0.982972871438564,-7.23154587282103
1.04074586744623,-0.403433672763635,-0.0115971303518357,-6.56649916487933,6.64461184635823,-1.00522483835394,-7.14757870229813
1.03392747821387,-0.40846252232303,-0.0205085326711142,-6.56250568556466,6.64412812578455,-1.02604965397857,-7.06106981803318
1.0269341250406,-0.41359106781651,-0.0294810698575015,-6.5585730939092,6.64349470055012,-1.0454935068052,-6.97205213096967
1.01976284204362,-0.41881945507069,-0.0385113192605891,-6.55470292600858,6.64271587898381,-1.06359371255725,-6.88056037895212
1.01241026156573,-0.424148018409461,-0.0475962229120505,-6.55089570123479,6.64179694372509,-1.08037733131453,-6.78663667045333
1.0048726222131,-0.429577228555308,-0.0567330137051289,-6.54715063329707,6.6407445120379,-1.09585978480801,-6.69033673850957
0.997145798672817,-0.435107614760688,-0.0659191020891219,-6.54346531077729,6.63956694257775,-1.11004348005698,-6.59173685118188
0.989225359561431,-0.44073965837413,-0.0751519224871292,-6.53983535800049,6.6382747683913,-1.12291647171789,-6.49094122403522
0.981106659216612,-0.446473656934639,-0.0844287422793448,-6.53625409428441,6.63688112497637,-1.13445122550313,-6.3880896363937
0.97278496771525,-0.452309561094958,-0.0937464414150584,-6.53271221834115,6.63540212968212,-1.14460357608808,-6.28336477220105
0.964255640059712,-0.458246791271813,-0.103101277295629,-6.52919755381153,6.63385715647381,-1.1533119997257,-6.17699861060095
0.95551432023513,-0.46428404658199,-0.112488656660705,-6.5256948995363,6.63226894146401,-1.16049733635506,-6.06927702569262
0.946557169037174,-0.470419124424685,-0.12190294219384,-6.52218603118111,6.63066345417913,-1.16606308908665,-5.96054168584464
0.937381097295944,-0.476648773450773,-0.131337324191711,-6.51864989583902,6.62906948194368,-1.16989639340774,-5.85118844505834
0.927983980246746,-0.482968603694482,-0.140783784636864,-6.51506302575354,6.62751790268132,-1.17186968399223,-5.74166174527906
0.918364826552128,-0.489373073729507,-0.150233171126419,-6.51140017146793,6.62604066304125,-1.17184300442585,-5.63244509232841
0.908523878582607,-0.495855565479085,-0.159675382207311,-6.50763512250588,6.62466952637507,-1.16966682653545,-5.52404833495185
0.898462629233235,-0.502408544273803,-0.169099647153679,-6.50374165267964,6.62343469640642,-1.16518519833428,-5.41699309416722
0.888183752985204,-0.509023788152252,-0.178494867159822,-6.49969450601842,6.62236344485169,-1.15823904313389,-5.3117980661342
0.877690961751302,-0.515692660051451,-0.187849976033041,-6.49547033433561,6.62147886751122,-1.14866948961022,-5.20896592726379
0.866988805702846,-0.522406392195291,-0.197154279009127,-6.49104850943435,6.62079886519941,-1.13632120492671,-5.10897320269359
0.856082443508403,-0.529156354202091,-0.206397737122758,-6.48641175700319,6.62033540332558,-1.12104579794181,-5.01226384297867
0.844977405078515,-0.535934283497435,-0.215571177857774,-6.48154658722499,6.62009406053145,-1.10270542439272,-4.91924657872682
0.83367936469239,-0.542732465611526,-0.224666426060531,-6.47644352121914,6.62007384393479,-1.08117674001435,-4.83029556080818
0.822193935779172,-0.549543860055745,-0.233676358910443,-6.47109712795743,6.62026723185583,-1.05635530704023,-4.74575344097305
0.810526492871567,-0.556362172965558,-0.242594893694764,-6.46550589241895,6.62066040394792,-1.02816047538501,-4.66593591460984
0.798682022678167,-0.56318188013093,-0.251416917686151,-6.45967193466073,6.621233628835,-0.996540651819238,-4.59113678485838
0.786665005161269,-0.569998204006139,-0.26013816717971,-6.45360059480654,6.62196179455565,-0.961478761280108,-4.52163274465598
0.774479326507208,-0.576807046947337,-0.268755059694833,-6.44729989440209,6.62281508158928,-0.922997614954252,-4.45768724775608
0.762128228023221,-0.583604881548562,-0.277264481295378,-6.44077988309592,6.62375978758714,-0.881164845059275,-4.3995530106815
0.749614297183986,-0.590388598665146,-0.285663531267278,-6.4340518830035,6.6247593143251,-0.836097052157576,-4.34747283810655
0.736939508176354,-0.597155315336753,-0.293949229735927,-6.42712765197242,6.62577531958227,-0.78796283118183,-4.30167859618658
0.724105318396012,-0.603902148714037,-0.302118200208236,-6.42001850057239,6.62676901993022,-0.736984379368844,-4.26238828520673
0.711112823786344,-0.610625968047348,-0.310166347660584,-6.41273441393766,6.62770260668349,-0.683437419474986,-4.2298013019178
0.697962969536138,-0.617323143919397,-0.318088561928584,-6.40528324524087,6.62854071001762,-0.627649177573302,-4.20409214686625
0.684656804053966,-0.623989320564029,-0.325878483188282,-6.39767005814735,6.62925182048774,-0.569994139690044,-4.18540302568644
0.671195754785993,-0.630619241073026,-0.333528368127617,-6.38989669620329,6.62980955892476,-0.510887309350108,-4.17383600084252
0.657581896654422,-0.637206654165918,-0.341029089129461,-6.38196164358972,6.63019368118562,-0.45077475885001,-4.16944553603221
0.643818180386534,-0.643744323282302,-0.348370283047879,-6.37386021231221,6.63039071843409,-0.390121472873409,-4.17223238698166
0.629908591020757,-0.650224144073012,-0.355540642379214,-6.36558504820621,6.63039418815051,-0.329396848540362,-4.18213977436322
0.615858217048124,-0.656637357409217,-0.362528314669079,-6.35712689972453,6.63020436226101,-0.269058692223215,-4.19905259092815
0.601673226187078,-0.662974826570988,-0.369321353292815,-6.34847555084843,6.62982763707402,-0.209537011913749,-4.22280005081745
0.587360760657601,-0.669227334892997,-0.375908151741207,-6.33962079446523,6.62927560152655,-0.15121917703128,-4.25316174046868
0.572928778116801,-0.675385857891809,-0.382277798369441,-6.33055332258799,6.62856393242011,-0.0944379743937373,-4.28987657256507
0.558385870425499,-0.681441772387755,-0.388420307872324,-6.32126543440122,6.62771125032895,-0.0394637049244649,-4.33265377957131
0.543741090159287,-0.687386981205871,-0.394326713130114,-6.31175150406012,6.62673804881964,0.013499158924813,-4.38118488544481
0.529003806188952,-0.693213950297432,-0.399989027991358,-6.30200819510889,6.62566577140259,0.0643109193518794,-4.43515558556255
0.514183598354301,-0.698915670357435,-0.405400110995541,-6.29203444599024,6.62451606759465,0.112891930768848,-4.49425661683552
0.499290190817638,-0.704485564117682,-0.410553468814114,-6.28183127484011,6.62331022244599,0.159215266870973,-4.55819295088458
0.484333416375498,-0.709917363022554,-0.415443037130624,-6.27140146071278,6.62206872900423,0.20329791242331,-4.62669092416105
0.469323200450709,-0.715204974481898,-0.420062969121871,-6.26074915580016,6.62081096143775,0.245191491589421,-4.69950317380279
0.454269553067001,-0.720342355678684,-0.424407451558068,-6.24987947398305,6.61955490531227,0.284973306350328,-4.77641144272648
0.439182558660934,-0.725323404119887,-0.428470558924238,-6.23879808967073,6.6183169067788,0.322738187384352,-4.85722743986037
0.424072355968058,-0.730141870178322,-0.432246148655299,-6.22751087040722,6.61711141042442,0.358591413634024,-4.94179199572896
0.408949102609796,-0.734791293437455,-0.435727796138113,-6.21602355865469,6.61595066361785,0.392642765291938,-5.02997275326125
0.393822920964108,-0.739264962808188,-0.438908766336025,-6.20434151283109,6.61484437197501,0.425001645087185,-5.12166059554426
0.37870382329624,-0.743555899908306,-0.441782019138527,-6.1924695147157,6.61379929574752,0.455773127905324,-5.21676495296637
0.363601615027262,-0.747656865736264,-0.444340247159084,-6.18041164907174,6.61281878090728,0.485054766663057,-5.31520806706236
0.348525775611701,-0.751560391876716,-0.446575947086869,-6.16817126100935,6.61190222235517,0.512933980489339,-5.41691823170357
0.333485317025293,-0.755258839008537,-0.448481528299378,-6.15575099643939,6.61104446125101,0.539485869695426,-5.5218219989074
0.318488620612723,-0.758744486994014,-0.450049464712945,-6.14315293010354,6.61023512540891,0.564771334200462,-5.6298353434278
0.303543254328185,-0.762009661875653,-0.451272497122082,-6.13037878315489,6.60945793257459,0.588835414445657,-5.74085384715814
0.28865577454929,-0.76504690511037,-0.452143892682564,-6.11743022704597,6.60868999250338,0.611705824520092,-5.8547421118212
0.273831519944176,-0.767849188572224,-0.452657764640587,-6.10430926156839,6.60790116548954,0.633391704162551,-5.97132285131029
0.259074409433432,-0.770410174417748,-0.452809447794693,-6.0910186418082,6.60705356081295,0.653882674784636,-6.09036644940279
0.244386761824023,-0.772724511213522,-0.452595912877864,-6.07756231234194,6.60610128370522,0.67314833494035,-6.21158215233268
0.229769160241919,-0.774788146922644,-0.452016186779446,-6.06394579020267,6.6049905550884,0.691138356967037,-6.33461240002927
0.21522038825173,-0.776598627037389,-0.451071728292723,-6.05017642668026,6.60366032248838,0.707783329548082,-6.4590319267943
0.200737464076582,-0.778155335812372,-0.449766696556445,-6.03626347941579,6.60204344179047,0.722996415833183,-6.58435300118843
0.186315792340978,-0.779459635074734,-0.4481080487962,-6.02221794693036,6.60006843409449,0.736675765413352,-6.71003740949661
0.171949438525259,-0.780514862874814,-0.446105421013295,-6.00805215846973,6.59766172084963,0.748707459938541,-6.83551457693625
0.157631511948915,-0.78132617442816,-0.443770779813429,-5.99377916441206,6.59475014119834,0.758968640626253,-6.96020386335728
0.143354623629617,-0.781900236209658,-0.441117877380913,-5.97941201986528,6.59126349324303,0.767330419887195,-7.08353802896913
0.129111371998764,-0.782244811945453,-0.438161580514148,-5.96496307871264,6.58713684148427,0.773660250279506,-7.20498455683947
0.114894806614616,-0.782368297180846,-0.434917165136849,-5.95044340781749,6.58231239702884,0.777823595221826,-7.32406207814711
0.100698828090538,-0.782279261736615,-0.431399663892323,-5.93586239554977,6.57674088017118,0.779684958886137,-7.44035034565369
0.0865184978217285,-0.781986047788814,-0.427623330466242,-5.9212275801481,6.57038237895688,0.779108518074237,-7.5534935836413
0.0723502482462274,-0.781496451589379,-0.423601250976221,-5.90654467876629,6.5632067911187,0.775958708882445,-7.66319816910643
0.0581919985755053,-0.78081749633558,-0.41934510146401,-5.8918177687556,6.55519396715366,0.770101143069971,-7.76922623250743
0.0440431897461316,-0.779955287770643,-0.414865028508496,-5.87704956169092,6.54633366379634,0.761404178113091,-7.87138690531411
0.029904755676542,-0.778914934938467,-0.410169619304403,-5.86224171431952,6.53662538398684,0.749741365763717,-7.96952673400666
0.0157790470845197,-0.777700515710067,-0.405265926545827,-5.84739513293593,6.52607813708628,0.734994877741429,-8.06352041020069
0.00166972086568983,-0.776315068550946,-0.400159518929622,-5.83251024317579,6.51471011331704,0.71705986735239,-8.15326257874916
-0.0124183961494871,-0.774760596625498,-0.394854536988772,-5.81758721225856,6.50254823620588,0.695849581259535,-8.23866116034712
-0.0264794643103266,-0.773038076224027,-0.389353744019246,-5.80262612347149,6.48962753953305,0.671300896993821,-8.31963238799637
-0.0405068077012925,-0.77114746759306,-0.383658571594508,-5.78762711246886,6.47599031210247,0.643379846254146,-8.39609759983352
-0.0544931109136209,-0.769087731805453,-0.377769167553937,-5.77259048148413,6.46168496445965,0.612086615580481,-8.46798173215885
-0.0684306376884905,-0.766856861710681,-0.371684460554014,-5.75751681057136,6.44676459534318,0.577459520082312,-8.53521339214102
-0.0823114725263073,-0.764451937683195,-0.365402258473915,-5.7424070842225,6.43128526964707,0.539577539382699,-8.59772634034252
-0.0961277843582413,-0.761869219329964,-0.3589193974892,-5.72726284702679,6.41530405976359,0.498561184490965,-8.65546216655308
-0.109872108113146,-0.759104282215083,-0.35223195415331,-5.71208639378401,6.39887694245464,0.454571699453522,-8.70837389312892
-0.123537635876537,-0.756152204052952,-0.345335524665607,-5.69688098868909,6.38205667696294,0.407808837627375,-8.7564301890018
-0.137118504939574,-0.75300779821641,-0.338225564721501,-5.68165109660861,6.36489081038027,0.358507625170081,-8.79961983049657
-0.150610066143487,-0.749665884751744,-0.330897771663776,-5.66640259926016,6.34741995876625,0.306934582825034,-8.83795601104597
-0.16400911334892,-0.746121581637838,-0.323348480169017,-5.65114296247686,6.32967649583288,0.253383804017693,-8.8714800910691
-0.177314054314165,-0.742370593094275,-0.315575035430713,-5.63588131942559,6.3116837474873,0.19817310814545,-8.90026440111001
-0.19052500524294,-0.73840946849854,-0.307576105316976,-5.62062843957116,6.29345574541398,0.141640263753784,-8.9244137722819
-0.203643795928299,-0.734235805741928,-0.299351896155584,-5.60539656428141,6.2749975429467,0.0841390829900679,-8.94406556962798
-0.216673879534956,-0.729848376990512,-0.29090424565596,-5.59019910613026,6.25630604845671,0.0260350915373342,-8.95938814095766
-0.229620149922238,-0.725247162587173,-0.282236580114713,-5.57505022799428,6.23737129095109,-0.0322994897625943,-8.97057775285541
-0.242488678841511,-0.720433289319529,-0.273353739616614,-5.55996433681593,6.21817800352001,-0.0904915636150031,-8.97785424587406
-0.255286393831088,-0.715408880897438,-0.264261691761838,-5.54495554175034,6.19870739501854,-0.148173664090704,-8.9814557761834
-0.268020723617717,-0.710176839178844,-0.254967168446084,-5.53003713393474,6.17893897956803,-0.204990818212716,-8.98163309544153
-0.280699240132503,-0.704740582398388,-0.245477268648751,-5.51522114329133,6.15885234596272,-0.260607269513384,-8.97864383695679
-0.293329324445234,-0.699103769929785,-0.235799071470669,-5.50051801677158,6.13842877187526,-0.314712526427393,-8.9727472218636
-0.305917878538815,-0.693270041562934,-0.225939297948699,-5.48593644477798,6.1176526164167,-0.36702626975904,-8.96419948859841
-0.318471097187305,-0.687242793692063,-0.215904049266503,-5.47148334221406,6.09651245411094,-0.417301811857665,-8.95325020966384
-0.33099430591794,-0.681025006837216,-0.205698635690976,-5.45716397196993,6.07500193930184,-0.465327995950853,-8.94013952244986
-0.343491863629033,-0.674619130464793,-0.195327497763938,-5.44298218482143,6.05312040960259,-0.5109296075929,-8.9250961909724
-0.355967122889658,-0.668027023725406,-0.1847942110992,-5.42894074211689,6.03087324933118,-0.55396650672364,-8.90833634641175
-0.368422437624012,-0.661249945428435,-0.174101559594707,-5.41504168596084,6.00827203971724,-0.594331764601925,-8.89006272751898
-0.380859206619792,-0.654288583569684,-0.163251658952511,-5.40128672447585,5.98533452375795,-0.631949109077149,-8.87046424940087
-0.393277941621071,-0.64714311375067,-0.152246112409165,-5.38767760532892,5.9620844119488,-0.666769959072353,-8.84971575870177
-0.405678350101986,-0.63981327633777,-0.141086182544875,-5.37421645740264,5.93855105244041,-0.698770282502636,-8.8279778725717
-0.418059424652994,-0.632298463620171,-0.129772966029265,-5.36090608707305,5.91476898665118,-0.727947456545525,-8.80539683844411
-0.430419532859931,-0.624597810038018,-0.118307561448379,-5.34775022132253,5.89077740959325,-0.75431725593327,-8.78210438545184
-0.442756503370798,-0.616710280408439,-0.106691223464477,-5.33475369456637,5.86661955326873,-0.777911049652886,-8.75821756343883
-0.455067705396732,-0.608634752759638,-0.0949254992289859,-5.3219225795762,5.84234201127728,-0.798773251247153,-8.73383858155446
-0.467350120136572,-0.600370093785797,-0.0830123451003665,-5.30926426535615,5.81799402290379,-0.816959042523826,-8.70905466642322
-0.479600403554669,-0.59191522602789,-0.070954223313475,-5.29678748644021,5.79362673505916,-0.832532373384349,-8.68393796167407
-0.491814940612782,-0.58326918668324,-0.0587541793596581,-5.28450230901095,5.7692924602147,-0.845564229760643,-8.65854548817341
-0.503989891503745,-0.574431178488002,-0.0464159015450924,-5.2724200796541,5.74504394769489,-0.856131155461448,-8.6329191794589
-0.516121230703627,-0.565400613448842,-0.033943764581684,-5.26055334259986,5.72093368428243,-0.864314010546206,-8.6070860011064
-0.528204779793667,-0.556177150370089,-0.0213428592090438,-5.24891573107919,5.6970132380645,-0.870196947493762,-8.58105815717376
-0.54023623504104,-0.546760727173693,-0.00861900981806584,-5.23752183803824,5.67333265692043,-0.873866586080173,-8.55483338216335
-0.552211190700152,-0.537151588978647,0.00422121809309743,-5.22638707098807,5.64993993018549,-0.875411367963081,-8.52839531350665
-0.564125158929001,-0.527350312824448,0.0171705190015321,-5.2155274952833,5.62688051902087,-0.874921072133244,-8.50171393751238
-0.575973587127761,-0.5173578298136,0.0302208555754797,-5.20495966967098,5.60419695807219,-0.872486472428606,-8.47474610095157
-0.587751873413632,-0.507175445328618,0.0433634728355883,-5.19470047756382,5.58192852828271,-0.86819911810718,-8.44743608077203
-0.59945538085705,-0.496804857861418,0.0565889172631148,-5.18476695718955,5.5601109983823,-0.86215121800726,-8.41971620555691
-0.611079451025428,-0.486248176884102,0.0698870600075584,-5.17517613355565,5.53877643069552,-0.854435608104684,-8.39150752395473
-0.622619417314526,-0.475507940092418,0.083247123454267,-5.16594485504206,5.51795304555653,-0.845145781365542,-8.36272051709688
-0.63407061849407,-0.464587130265171,0.0966577104805027,-5.15708963737631,5.49766513780041,-0.834375957784435,-8.33325585368505
-0.645428412851234,-0.4534891919004,0.110106835764395,-5.14862651773293,5.47793303850284,-0.822221171524392,-8.30300518771301
-0.656688193278809,-0.442218047705579,0.123581958527521,-5.14057092170131,5.45877311532163,-0.808777351301369,-8.27185199945953
-0.667845403619204,-0.430778114926688,0.137070016103752,-5.13293754584986,5.44019780539136,-0.794141369782379,-8.23967248028585
-0.678895556534769,-0.41917432139168,0.150557457751082,-5.12574025854382,5.42221567566158,-0.778411038014821,-8.20633646078563
-0.689834253123184,-0.407412121010115,0.164030278175652,-5.11899202151623,5.40483150675897,-0.761685022005304,-8.17170837995029
-0.700657204428253,-0.395497508307293,0.177474050332204,-5.11270483441762,5.38804639779813,-0.744062660732426,-8.13564829031117
-0.711360254906962,-0.38343703137569,0.19087395721256,-5.10688970416008,5.3718578909563,-0.725643668270387,-8.0980128907105
-0.721939407800462,-0.37123780240067,0.204214822537452,-5.10155664031947,5.35626011595562,-0.706527707386155,-8.05865657478787
-0.73239085221957,-0.358907504667737,0.217481140523526,-5.09671467717288,5.34124395575325,-0.686813827885042,-8.0174324799466
-0.742710991596517,-0.346454394696111,0.230657105195239,-5.09237192215544,5.32679723562851,-0.666599769880187,-7.97419351912814
-0.752896472978538,-0.333887297882761,0.243726640032,-5.08853562966256,5.31290493840377,-0.645981139626781,-7.92879337692642
-0.76294421645138,-0.321215595798857,0.256673429060674,-5.08521229825816,5.29954944870532,-0.625050472992422,-7.88108745323933
-0.772851443787881,-0.308449203072425,0.269480950798378,-5.08240778853488,5.286710828975,-0.603896208302051,-7.83093374260977
-0.782615705223296,-0.295598531628115,0.282132516701155,-5.08012745816163,5.27436712945305,-0.58260159542223,-7.77819364642138
-0.792234903066552,-0.282674439941254,0.294611315972972,-5.07837631007619,5.26249473369492,-0.561243570817481,-7.72273272884792
-0.801707310662774,-0.26968816489262,0.306900468747163,-5.07715914932856,5.25106874053605,-0.53989162838274,-7.66442144643409
-0.81103158502043,-0.25665123376586,0.318983089802263,-5.07648074369671,5.24006338297988,-0.51860671287989,-7.60313590580224
-0.820206771196798,-0.243575353886258,0.330842365174528,-5.07634598276587,5.22945248445338,-0.497440156901304,-7.53875873449785
-0.829232296289389,-0.230472277329781,0.342461644361306,-5.07676002951393,5.21920995340097,-0.476432673973336,-7.47118018651976
-0.838107950607357,-0.217353638015738,0.353824551367843,-5.07772845735952,5.20931031832584,-0.455613410628062,-7.40029964643217
-0.846833853313036,-0.204230758340702,0.36491511872746,-5.0792573638644,5.19972930703738,-0.434999050323349,-7.32602774320562
-0.855410399581436,-0.191114422372571,0.375717949881383,-5.08135344961449,5.19044447569388,-0.41459295365199,-7.24828933457432
-0.86383818623405,-0.178014612645587,0.386218416918935,-5.08402404710628,5.18143589458978,-0.394384314391102,-7.16702766907699
-0.872117913058863,-0.164940208059463,0.396402902471105,-5.08727707983374,5.17268689743802,-0.37434731205237,-7.08221006484045
-0.880250257944824,-0.15189864175954,0.40625909606498,-5.09112092673043,5.16418489749899,-0.354440251578133,-6.99383544145857
-0.888235725984873,-0.138895520869054,0.415776355596901,-5.09556416293086,5.15592226507409,-0.334604702845105,-6.90194397150236
-0.896074476387608,-0.125934215495298,0.424946142293841,-5.10061514682822,5.14789724397616,-0.314764689535733,-6.8066289347484
-0.903766136890603,-0.113015433544028,0.433762530489842,-5.10628142933999,5.14011485729411,-0.294826029820314,-6.7080505054796
-0.91130962350871,-0.1001368111796,0.442222779277935,-5.11256897901667,5.13258771471509,-0.274675996868228,-6.60645063531408
-0.918702993027248,-0.0872925656554941,0.450327929765057,-5.11948125078885,5.12533658914965,-0.254183534094747,-6.50216741580368
-0.925943364137721,-0.0744732746571571,0.458083360013088,-5.12701817797238,5.11839059157998,-0.233200305652748,-6.39564643455505
-0.933026945987643,-0.0616658577522605,0.465499195826179,-5.13517522953384,5.11178676127661,-0.211562854437776,-6.28744596482316
-0.939949204590443,-0.0488538316126105,0.472590452438204,-5.14394272791839,5.10556892978827,-0.189096046039548,-6.17823279859599
-0.946705174315542,-0.0360178825560264,0.479376787850217,-5.15330563656857,5.09978582821119,-0.165617788586542,-6.06876658707555
-0.953289885981404,-0.0231367460384982,0.485881797321007,-5.16324397247051,5.09448857630842,-0.140944772395677,-5.95987279744005
-0.959698845885304,-0.0101883145497582,0.492131868155275,-5.17373387351067,5.08972786779054,-0.114898755883312,-5.85240730142218
-0.965928477626134,0.00284916334639717,0.498154718653734,-5.18474918822494,5.0855512736464,-0.0873128343611398,-5.74721806028307
-0.971976443031133,0.015995954539049,0.503977824074479,-5.19626332080779,5.0820010689107,-0.0580372159401027,-5.64511021348064
-0.977841789369045,0.0292699246515143,0.509626952852573,-5.20825101394394,5.07911285034522,-0.0269442537333597,-5.54681968490959
-0.983524913701146,0.0426859190891727,0.515124993574036,-5.22068980025993,5.0769150154322,0.00606726348805175,-5.4529977862345
-0.98902737381176,0.056255462093504,0.520491171736724,-5.23356096628351,5.07542899791878,0.041068390269305,-5.36420642166272
-0.994351596968338,0.0699867405338643,0.525740670564314,-5.24684999624473,5.07467005459387,0.0780966688318287,-5.28092142950746
-0.999500541411846,0.0838848090468817,0.530884608185227,-5.2605465546389,5.07464837787752,0.11715302578539,-5.20354074849884
-1.00447735690182,0.0979519450863106,0.535930292603099,-5.27464411157639,5.07537034208852,0.158198968748049,-5.13239428966903
-1.00928507746581,0.112188088511392,0.540881670341024,-5.28913932153187,5.07683974329426,0.201154300319945,-5.06775317628714
-1.01392636716635,0.126591312113993,0.545739893364594,-5.30403125130037,5.07905893878547,0.245895699302489,-5.00983696346195
-1.01840333042629,0.141158281443169,0.550503942161945,-5.31932053225791,5.08202982253895,0.292256584175156,-4.95881830547796
-1.02271739207552,0.155884672262724,0.555171255057933,-5.33500849464169,5.08575458895571,0.340028655690667,-4.91482519553969
-1.02686924755231,0.170765522141296,0.559738323273248,-5.35109633044676,5.0902362457386,0.38896541015581,-4.87794134333683
-1.0308588793563,0.185795500195159,0.564201218755729,-5.36758432530507,5.09547884582141,0.438787731888139,-4.84820549989233
-1.03468563127045,0.200969086967958,0.568556029232931,-5.38447119500361,5.10148742319381,0.489191437010842,-4.82561061173919
-1.03834832721773,0.216280665189409,0.572799183789522,-5.40175355578059,5.10826763975607,0.539856390052491,-4.81010361284312
-1.0418454177118,0.231724531127941,0.576927662999936,-5.41942554736062,5.11582517747377,0.590456596949841,-4.80158647339367
-1.04517513475081,0.247294844163525,0.58093909937801,-5.43747861414532,5.12416493685875,0.640670537557292,-4.79991886069804
-1.04833563647046,0.26298553760744,0.584831784812878,-5.45590143526439,5.13329012334049,0.690190967040125,-4.80492247915233
-1.05132512604784,0.278790215658067,0.588604609696778,-5.47467998143386,5.14320131310444,0.738733493814575,-4.81638689450016
-1.05414193460986,0.294702059508435,0.59225696215115,-5.49379766849602,5.15389558801893,0.786043411697345,-4.83407645241084
-1.05678456408629,0.310713760705906,0.595788614757833,-5.5132355754689,5.16536581687152,0.83190048676007,-4.85773779360021
-1.05925169175886,0.326817493215508,0.599199621282448,-5.53297269851405,5.17760014078062,0.876121629855803,-4.88710744683023
-1.06154214266196,0.343004928728698,0.602490238586481,-5.55298621968271,5.19058169837031,0.918561584845319,-4.92191903014561
-1.06365483846754,0.359267293804633,0.605660881018238,-5.57325177828829,5.2042886044514,0.959111905550587,-4.96190968427527
-1.06558873205402,0.375595463147612,0.608712107512977,-5.59374374114755,5.2186941766398,0.997698573381846,-5.00682547456593
-1.06734273603421,0.391980080895871,0.611644636313911,-5.61443547431281,5.23376738844812,1.03427862818385,-5.05642560848663
-1.06891565170382,0.408411700995589,0.614459378943311,-5.63529962269844,5.24947351499403,1.06883616118702,-5.11048541113731
-1.07030610277167,0.424880938105559,0.617157483637979,-5.65630840529938,5.26577492834449,1.10137796777357,-5.16879807453602
-1.07151247631959,0.441378621513916,0.619740378484384,-5.67743393304027,5.28263199343434,1.13192909433041,-5.23117524609158
-1.07253287201282,0.457895945803393,0.622209805436642,-5.69864855436782,5.30000401236484,1.16052844930329,-5.29744654923198
-1.07336505977369,0.47442461315256,0.624567837817485,-5.71992523114427,5.31785016467999,1.18722459099274,-5.36745813814739
-1.07400644594839,0.490956963016169,0.626816875449108,-5.74123794469886,5.33613039386278,1.21207175726967,-5.44107038344286
-1.0744540483614,0.507486085412536,0.628959613035904,-5.76256212933245,5.35480619555794,1.23512616623734,-5.51815477107405
-1.0747044814479,0.524005914173323,0.630998978751782,-5.78387512824413,5.37384127048321,1.25644259141609,-5.59859007848829
-1.0747539537413,0.540511296359486,0.632938041204885,-5.80515666469185,5.39320201406276,1.27607119915163,-5.68225787502251
-1.07459828122331,0.556998033743879,0.634779884179459,-5.826389319021,5.41285782489099,1.29405462852285,-5.76903738440626
-1.07423292124588,0.573462891976607,0.636527449965435,-5.84755899972474,5.43278122468748,1.31042529422453,-5.85879975224747
-1.07365303269961,0.589903572997914,0.638183353892984,-5.86865539364119,5.45294779309805,1.3252029002191,-5.95140178737534
-1.07285356855975,0.606318646703073,0.639749675102534,-5.88967237650761,5.47333593140087,1.33839216599236,-6.04667929888168
-1.07182940654278,0.62270743908302,0.641227731752207,-5.91060836031801,5.49392647987848,1.34998078729358,-6.14444023408649
-1.07057552195298,0.639069876341273,0.642617852799693,-5.9314665485397,5.51470222421452,1.35993767769159,-6.24445793440686
-1.06908720350412,0.655406288004675,0.643919162936258,-5.95225506501736,5.53564733627474,1.36821156309049,-6.34646495487127
-1.06736030774967,0.671717176758949,0.645129401558699,-5.97298691874979,5.55674680284593,1.37473002372605,-6.45014801458703
-1.06539154091268,0.688002968227778,0.646244799764873,-5.99367976668477,5.57798590031681,1.37939909093273,-6.5551447218917
-1.06317874915396,0.704263759270083,0.647260039836109,-6.01435544252348,5.59934977130771,1.3821035029906,-6.66104270255927
-1.06072119115664,0.7204990872528,0.648168318114623,-6.03503923307014,5.62082314858526,1.38270770203285,-6.76738161044367
-1.05801976238249,0.736707743685296,0.648961523770017,-6.05575890523174,5.64239025152938,1.38105761416515,-6.8736582010418
-1.05507714049623,0.752887652498677,0.649630533078283,-6.07654351430454,5.66403485316106,1.376983206595,-6.97933422939136
-1.05189782741332,0.769035826043603,0.650165603493683,-6.09742205303802,5.6857404868237,1.37030177341399,-7.08384647745193
-1.04848807473416,0.785148401815405,0.650556837243276,-6.11842202492387,5.70749073866251,1.3608218809335,-7.18661784142534
-1.04485569370928,0.801220752320688,0.650794673929145,-6.13956803849986,5.72926956198887,1.34834791239718,-7.28706822962966
-1.04100976493993,0.817247651943056,0.650870368077395,-6.16088051923242,5.75106155552727,1.3326851859388,-7.38462409681717
-1.0369602735293,0.833223479932694,0.65077641101332,-6.18237462279,5.77285216694691,1.31364566109302,-7.47872575097759
-1.03271770055632,0.849142438076925,0.650506865022139,-6.20405941272787,5.7946278087621,1.29105427310339,-7.56883202210683
-1.0282926017022,0.864998764151012,0.650057588426525,-6.22593734266988,5.81637589661792,1.26475591839449,-7.65442235640714
-1.02369520036135,0.880786926104475,0.64942634007007,-6.24800406291267,5.83808483275805,1.23462304809646,-7.73499678774499
-1.01893501797286,0.896501785424504,0.648612759034553,-6.2702485563437,5.85974395667205,1.20056371481071,-7.81007448264501
-1.01402056057234,0.912138720287903,0.647618220105156,-6.29265359815736,5.88134347167788,1.16252978159757,-7.87919165038038
-1.00895907859832,0.927693699965265,0.646445568685672,-6.3151965255357,5.90287433537198,1.12052487180872,-7.9418995883456
-1.00375641650235,0.94316330226156,0.645098742342481,-6.33785029396349,5.924328080498,1.07461154462344,-7.99776354221524
-0.998416968446219,0.958544666778615,0.643582291626191,-6.36058478345104,5.94569651832858,1.0249171441886,-8.04636294235703
-0.992943754527182,0.973835379692183,0.641900821309191,-6.38336829941361,5.96697127545645,0.971637790523062,-8.0872934561336
-0.987338626731997,0.989033291397462,0.640058384617467,-6.40616919009578,5.98814313074766,0.915040035912708,-8.12017116983766
-0.981602603857526,1.00413627692391,0.638057876019483,-6.42895747818486,6.00920115231717,0.855459766288844,-8.14463906152015
-0.975736319643652,1.01914195958598,0.635900479852302,-6.45170638355806,6.03013168075311,0.793297956681252,-8.16037571093367
-0.969740549581703,1.03404742888449,0.633585238492601,-6.47439360334588,6.05091725626221,0.729012903363813,-8.16710588301286
-0.963616762480785,1.04884899108658,0.631108800346292,-6.49700222155323,6.07153563230723,0.663108616776369,-8.16461221291256
-0.957367628027477,1.0635419916017,0.628465390905856,-6.51952114899815,6.09195904338601,0.596119273661763,-8.15274676393737
-0.950997407387116,1.07812073948675,0.62564701874583,-6.54194504704422,6.11215388829604,0.52859008538587,-8.13144084191521
-0.944512165281142,1.0925785460531,0.622643886941176,-6.56427376034867,6.13208094742965,0.461055638212631,-8.10071129575304
-0.937919769652562,1.10690786550981,0.61944493905247,-6.58651136099076,6.15169617916832,0.394017541284459,-8.06066176615584
-0.931229683416043,1.12110050332942,0.616038440726455,-6.6086649690134,6.17095205391191,0.327923787745949,-8.01147801583528
-0.924452590831635,1.13514784571175,0.612412493840106,-6.63074354337135,6.18979930884041,0.26315229820175,-7.95341747584503
-0.917599926614336,1.1490410658319,0.608555402390293,-6.65275682277745,6.20818896273901,0.200000546794637,-7.88679421595636
-0.910683381563107,1.1627712780366,0.604455850158396,-6.67471454307438,6.2260744260456,0.138682109369663,-7.81196138689663
-0.903714444941668,1.17632963305733,0.600102895275782,-6.6966259843644,6.24341356995119,0.0793297704341726,-7.7292935726795
-0.896704018694686,1.18970736745941,0.595485822631034,-6.7184998292249,6.2601706643515,0.0220038603161917,-7.63917139282594
-0.88966211185209,1.20289583336574,0.590593914536668,-6.74034425977519,6.27631814214706,-0.0332960014239638,-7.54197023425971
-0.882597602947976,1.21588653876705,0.58541620388038,-6.76216719299087,6.29183818685834,-0.0866175870166079,-7.43805437671536
-0.875518047385243,1.22867122665712,0.579941267726688,-6.78397654837283,6.30672416764687,-0.138042657812216,-7.32777718335849
-0.868429505072581,1.24124201616621,0.574157109443882,-6.80578045331904,6.32098195914597,-0.187674484989502,-7.21148754538863
-0.861336369169186,1.25359162328765,0.568051168086521,-6.82758731299874,6.33463118078387,-0.235626839437775,-7.08954236893037
-0.854241187133886,1.26571367323081,0.56161048553969,-6.84940569991221,6.3477063670374,-0.282014660753302,-6.9623244560347
-0.847144478935892,1.27760310928897,0.554822051814525,-6.87124405381722,6.36025803066801,-0.326946441199411,-6.83026449417027
-0.840044573121363,1.28925669114647,0.547673331264876,-6.893110227108,6.37235350289806,-0.370518335854632,-6.69386489219026
-0.832937497657854,1.30067355519441,0.540152941421382,-6.91501096342368,6.38407733557594,-0.412810086546999,-6.55372189069915
-0.825816975270528,1.31185577932542,0.532251409572093,-6.93695144966414,6.39553095803415,-0.453882943579197,-6.41054103131393
-0.818674575849837,1.32280885947409,0.523961877987516,-6.95893511305632,6.4068312465267,-0.493779779149513,-6.26514038821195
-0.811500064002345,1.3335419785009,0.515280588605921,-6.98096381624854,6.41810774845778,-0.532527409948696,-6.118436894856
-0.804281944496879,1.34406795032234,0.506206982967314,-7.00303851380433,6.42949854079789,-0.570140757950729,-5.97141428222589
-0.797008158945218,1.35440276950706,0.49674332455283,-7.02516028581378,6.44114504853966,-0.606627992951181,-5.82507612108623
-0.789666841813356,1.36456478444017,0.48689387653857,-7.04733151654953,6.45318647025841,-0.641995458694239,-5.68039233460247
-0.782247024222784,1.37457360916226,0.476663797711528,-7.06955691488568,6.46575459186727,-0.676251211732118,-5.53824985371984
-0.774739190305986,1.38444895190319,0.46605799152625,-7.09184412024765,6.4789696388284,-0.709406430675044,-5.39941650900608
-0.767135634493667,1.39420954069925,0.455080128262231,-7.11420377612094,6.49293748979148,-0.741474580658765,-5.2645226755834
-0.75943061786532,1.40387227525283,0.443731977923249,-7.13664910831886,6.50774821390221,-0.772468754999284,-5.13406000794938
-0.75162035834403,1.41345166037596,0.432013090598252,-7.15919515031752,6.52347564374149,-0.802397883698384,-5.00839299017054
-0.743702905391744,1.42295951174547,0.419920783507383,-7.18185778978052,6.54017760736032,-0.831262498953794,-4.88777777218458
-0.735677948319008,1.43240488573069,0.407450356092289,-7.20465278576017,6.55789648298636,-0.859050597507593,-4.77238337319905
-0.727546596444552,1.44179417181261,0.394595450250316,-7.22759485657806,6.57665984253982,-0.88573396339839,-4.66231182699528
-0.719311156356865,1.45113129004237,0.381348487259555,-7.25069688952739,6.59648105917916,-0.911265185564335,-4.55761540996225
-0.710974920610549,1.46041794757274,0.367701132768909,-7.27396928778969,6.61735983948283,-0.935575539165047,-4.45831031485051
-0.702541974740393,1.46965392086653,0.353644758545823,-7.29741944951927,6.63928269410135,-0.958573878449929,-4.36438691530205
-0.694017025276932,1.47883734045074,0.33917088153986,-7.3210513659782,6.66222338543435,-0.980146680631414,-4.2758171743902
-0.685405249624171,1.48796496222181,0.324271567356976,-7.34486532559893,6.68614339524876,-1.00015935482218,-4.19255989483028
-0.676712168228898,1.49703241385323,0.308939787993862,-7.36885771501241,6.71099244776436,-1.01845886866501,-4.11456448667932
-0.6679435395708,1.50603440787411,0.293169724580705,-7.3930209133902,6.73670911201958,-1.034877644074,-4.04177381142461
-0.659105278484049,1.51496491552648,0.276957006642788,-7.41734328072829,6.76322149690681,-1.04923854518293,-3.97412649972804
-0.650203397791672,1.52381729829272,0.26029888118843,-7.44180924253662,6.79044804650488,-1.06136065214611,-3.91155897190242
-0.641243972084799,1.53258439725632,0.243194308216635,-7.46639947215497,6.81829844305813,-1.07106541550434,-3.8540072458382
-0.632233120871542,1.54125858400604,0.225643983750754,-7.491091167773,6.84667462851781,-1.07818274431386,-3.80140851843313
-0.623177006610839,1.54983178009497,0.207650296460361,-7.51585841509697,6.87547195958643,-1.08255660994564,-3.75370246361386
-0.614081841754867,1.55829545454832,0.189217228358916,-7.54067261986258,6.90458051186973,-1.08404984075685,-3.7108321989076
-0.604953898188439,1.5666406101766,0.170350213151933,-7.56550298850211,6.93388654326513,-1.08254791903289,-3.67274491725739
-0.59579951253037,1.57485776940663,0.151055967164459,-7.59031703139043,6.96327411443074,-1.07796174070808,-3.63939223889393
-0.586625081595601,1.58293696921634,0.131342307479013,-7.61508106181996,6.99262684677632,-1.07022943149866,-3.61073038772878
-0.577437043692125,1.59086777297828,0.111217970414011,-7.63976066520232,7.02182977932553,-1.05931740967574,-3.5867203225259
-0.568241843058713,1.59863930505641,0.0906924413784891,-7.66432111653263,7.05077126902643,-1.04522093656463,-3.56732794874454
-0.55904587637809,1.60624031224792,0.0697758050160013,-7.68872772923885,7.07934486800872,-1.02796440192021,-3.5525245044953
-0.549855421755265,1.61365925482951,0.0484786227720518,-7.71294612454056,7.10745110778959,-1.00760155990583,-3.54228716105191
-0.540676551776107,1.62088442907355,0.026811843707297,-7.73694241687769,7.13499912461354,-0.984215871859318,-3.53659981442736
-0.531515033304369,1.62790412248307,0.00478675341669823,-7.76068331754599,7.16190807049471,-0.957921032510125,-3.5354539787741
-0.52237621765321,1.63470680235267,-0.0175850349913746,-7.78413616522534,7.18810826858817,-0.928861662332213,-3.53884963231153
-0.513264925820151,1.64128133720233,-0.0402915451398453,-7.80726889844141,7.21354208633753,-0.89721404375227,-3.54679581829276
-0.504185334712338,1.64761724872157,-0.0633203560843528,-7.83004999082308,7.23816451276301,-0.863186666757813,-3.5593107732032
-0.495140871732813,1.65370498872291,-0.086658477619612,-7.85244837463586,7.26194343537825,-0.827020237707308,-3.57642134909255
-0.486134126617006,1.65953623104083,-0.110292188215839,-7.87443338038187,7.28485961687033,-0.788986709253584,-3.59816152555353
-0.477166790665353,1.66510416250116,-0.134206846055206,-7.89597471879195,7.30690637266834,-0.749386835104639,-3.62456987886601
-0.468239633957973,1.67040375078857,-0.158386687801164,-7.91704252482074,7.32808895026546,-0.708545776070002,-3.655685997789
-0.459352530060651,1.67543196173086,-0.182814632400397,-7.93760747051607,7.34842361331633,-0.666806420299801,-3.69154600507939
-0.45050453449652,1.68018789627788,-0.207472107150396,-7.95764093575526,7.36793644207063,-0.624520353318392,-3.73217754297238
-0.44169401761229,1.68467282043941,-0.232338909785867,-7.97711520613867,7.38666187925796,-0.582036809305731,-3.77759477171355
-0.432918844899328,1.68889007097585,-0.257393113936111,-7.99600365146849,7.40464107649442,-0.53969038859536,-3.82779405887619
-0.424176589733465,1.69284483514431,-0.282611017888491,-8.01428083268034,7.42192012558266,-0.497788721841527,-3.88275104854065
-0.415464756937862,1.69654382133217,-0.307967130970321,-8.03192249425859,7.4385482829073,-0.456601464631092,-3.94241966061849
-0.406780992599042,1.69999485417462,-0.333434190503806,-8.04890542257709,7.45457630395814,-0.416351920331094,-4.00673329264235
-0.398123257336154,1.70320643785094,-0.358983205958645,-8.06520718194802,7.47005499293619,-0.377212205911006,-4.07560813957573
-0.389489946425166,1.70618733174597,-0.384583534087191,-8.08080576939048,7.48503404040839,-0.339302292664955,-4.14894820313278
-0.380879949116179,1.70894617383683,-0.410202996328588,-8.09567924683268,7.4995611780169,-0.302692637228971,-4.22665131788346
-0.372292648799613,1.71149117224622,-0.435808054434077,-8.1098054109473,7.51368163482379,-0.267409632893206,-4.30861542574093
-0.363727873305578,1.7138298689533,-0.461364060371268,-8.12316154761873,7.52743784521673,-0.233442857221363,-4.3947443790151
-0.355185809425345,1.71596896567361,-0.486835592380846,-8.13572429632089,7.5408693388177,-0.200753080580119,-4.4849526980526
-0.346666897642627,1.71791419265593,-0.512186882354188,-8.14746962701576,7.55401273831805,-0.169280171710366,-4.57916888814154
-0.338171722716423,1.71967019693518,-0.537382332732611,-8.15837291466431,7.56690179743713,-0.138950301172982,-4.67733707512431
-0.329700914106396,1.72124042647995,-0.562387115753556,-8.16840908735551,7.57956742273951,-0.109682119221107,-4.77941681553099
-0.32125506811444,1.72262698929501,-0.587167845087012,-8.17755282402688,7.59203763513746,-0.0813918172507888,-4.88538096520524
-0.312834701559558,1.72383047075246,-0.611693309820233,-8.18577878566584,7.60433743681631,-0.0539971478751627,-4.99521146061594
-0.304440244956333,1.72484969773485,-0.635935262708453,-8.19306187784369,7.61648855653769,-0.0274205766730637,-5.10889280434449
-0.296072081301363,1.72568144485015,-0.659869257328346,-8.19937756021774,7.62850905228465,-0.00159177898626303,-5.22640298850606
-0.287730634093649,1.72632008700001,-0.683475530323393,-8.20470223753893,7.64041275817561,0.0235503096810878,-5.34770159055467
-0.279416504196923,1.72675721538893,-0.70673992264421,-8.20901378282196,7.65220857699672,0.0480557215064121,-5.47271490866792
-0.271130648459672,1.72698125199818,-0.729654824122906,-8.21229225052398,7.6638996457934,0.0719618650582467,-5.60131836193656
-0.262874582688404,1.7269771207467,-0.752220105134182,-8.21452082670691,7.67548244400429,0.09529211535287,-5.73331705758498
-0.254650577693296,1.72672605912245,-0.774443964995552,-8.21568702303801,7.68694597150401,0.118054702914117,-5.86842646178702
-0.246461802117544,1.7262056739396,-0.796343581114838,-8.21578404351025,7.69827118768432,0.140242134413973,-6.00625638264221
-0.23831235563724,1.72539034508929,-0.817945396576427,-8.21481214074956,7.70943094738593,0.161831447250981,-6.14630258592893
-0.230207140083065,1.72425204542856,-0.83928485945504,-8.2127796613041,7.72039065663611,0.182785565763876,-6.28795061321072
-0.222151542456698,1.72276156506628,-0.860405454446667,-8.20970341390532,7.73110976521633,0.203055841120189,-6.43049498583441
-0.214150952579746,1.72089001790283,-0.881356966953932,-8.20560804803965,7.74154401299314,0.222585536077627,-6.57317368423444
-0.206210194370652,1.71861040809149,-0.902193079866448,-8.2005243311708,7.75164811233462,0.241313671487166,-6.71521340846261
-0.198332987420612,1.71589899532253,-0.922968570232043,-8.1944865085898,7.76137838668663,0.259178455866707,-6.85587752212416
-0.19052155300974,1.71273624800584,-0.94373647368715,-8.18752919431871,7.77069488592529,0.276119596540714,-6.99450764100335
-0.18277643540179,1.70910729244773,-0.964545572595369,-8.17968435181768,7.77956266788916,0.292079117193256,-7.13055208199489
-0.175096547075907,1.70500189789587,-0.985438451413984,-8.17097884281335,7.78795218578499,0.307000721907782,-7.26357859786048
-0.167479393988578,1.70041412802761,-1.00645020838986,-8.16143281653304,7.79583893752591,0.320828068365811,-7.39327293053399
-0.159921411076123,1.69534181772453,-1.02760777954537,-8.15105898817693,7.80320264468461,0.33350245162444,-7.51942722123167
-0.152418338955072,1.68978601197271,-1.04892975346677,-8.13986269504538,7.81002623348588,0.344960375320773,-7.64192291233139
-0.144965589551545,1.68375045817642,-1.07042653408304,-8.12784254536477,7.81629482904188,0.3551313780836,-7.76071203715242
-0.137558569482497,1.67724119700821,-1.09210072463469,-8.11499147036031,7.82199489312006,0.363936364440597,-7.8757995192018
-0.130192947939641,1.67026626197201,-1.11394763801354,-8.10129802219288,7.82711356516146,0.371286603136494,-7.98722787787294
-0.122864867886376,1.66283547648101,-1.13595587153109,-8.08674780188596,7.83163821729025,0.37708351038596,-8.09506483027303
-0.115571105902695,1.65496032689599,-1.15810791052339,-8.07132493663739,7.83555620582836,0.381219320276455,-8.19939372548748
-0.108309188520569,1.64665388684762,-1.18038074308483,-8.05501354909504,7.83885478866311,0.383578740260712,-8.30030647693031
-0.101077472955633,1.63793076910917,-1.20274647857439,-8.03779917246954,7.84152117366586,0.384041675775662,-8.39789857596325
-0.0938751989492002,1.62880708423759,-1.22517296734454,-8.01967006792099,7.84354266363902,0.382487065433469,-8.49226579662543
-0.0867025167523835,1.61930038906627,-1.24762442053207,-8.00061839884221,7.84490686514243,0.378797782309392,-8.58350228242521
-0.079560494564973,1.60942961243222,-1.27006202861086,-7.98064121514806,7.84560193063515,0.372866421864282,-8.67169980683136
-0.0724511072592443,1.59921495005485,-1.29244457724613,-7.95974120387867,7.84561680535989,0.364601622476688,-8.7569480961497
-0.0653772071566106,1.58867772509375,-1.31472905979075,-7.93792717368906,7.84494145276115,0.353934380979551,-8.83933617860152
-0.0583424771085376,1.5778402153452,-1.33687128778318,-7.91521426134945,7.84356703595718,0.34082368515218,-8.91895476023786
-0.0513513662116784,1.56672545194206,-1.35882650340079,-7.8916238762283,7.84148603908309,0.325260751184686,-8.99589961380098
-0.0444090090923673,1.55535699744838,-1.38054999951052,-7.86718342834779,7.83869232213609,0.307271277963435,-9.07027589641755
-0.037521130620531,1.5437587131817,-1.40199775190614,-7.84192590907778,7.83518111635827,0.286915420937441,-9.14220319652519
-0.0306939388487393,1.53195452648704,-1.42312706323276,-7.81588940335451,7.83094898285323,0.264285593402499,-9.21182097723789
-0.0239340096045552,1.51996820876426,-1.44389720914801,-7.78911660474605,7.82599377221812,0.239502613967046,-9.27929397134686
-0.0172481662896378,1.50782317461699,-1.46427006645937,-7.76165438192161,7.82031463381854,0.212711010711671,-9.34481702901496
-0.0106433580322096,1.49554231173758,-1.4842106935384,-7.73355341453855,7.81391212672182,0.184074376826062,-9.40861894206712
-0.00412653854222478,1.48314785008275,-1.50368782833707,-7.70486788754877,7.80678847873491,0.153771535323429,-9.47096486196671
0.00229545293258788,1.47066127740021,-1.52267427040526,-7.67565521255373,7.79894802615969,0.121993971889145,-9.53215706402418
0.0086160080038738,1.45810330607913,-1.5411471199645,-7.64597573556105,7.79039784706335,0.0889446345086261,-9.59253395289544
0.0148288628781147,1.44549389349749,-1.55908785729489,-7.61589239040539,7.78114857767611,0.0548378703444147,-9.65246732737547
0.0209282094528839,1.43285231448253,-1.57648225696564,-7.58547026222122,7.77121537687537,0.0199000335187843,-9.71235801682247
0.0269088032367567,1.42019728022416,-1.59332014191777,-7.55477603227638,7.76061897861317,-0.0156298285141225,-9.77263007491765
0.032766066403196,1.40754709315781,-1.60959499133026,-7.52387728286375,7.74938674746623,-0.0514998243075676,-9.83372378500856
0.0384961827024317,1.39491982234388,-1.62530342375652,-7.49284164957342,7.73755363010379,-0.0874461514573832,-9.89608780877545
0.0440961792721149,1.38233347936808,-1.64044458377113,-7.46173581984538,7.72516287903592,-0.123195520248254,-9.96017089883007
0.0495639890793843,1.36980617165769,-1.65501946659635,-7.43062439232207,7.71226641978863,-0.158469269641189,-10.0264136829865
0.0548984872745917,1.35735620928517,-1.66903022043386,-7.39956863037885,7.69892474410299,-0.192989122711545,-10.095241086858
0.060099495442364,1.34500214347101,-1.68247946930549,-7.3686251622349,7.68520624315304,-0.226484252012611,-10.1670559608528
0.0651677495515753,1.33276272014386,-1.69536969858731,-7.33784469465095,7.67118594486782,-0.25869907046165,-10.2422343939743
0.0701048298776344,1.32065673930318,-1.70770274001908,-7.30727081297409,7.65694368128814,-0.289400984107176,-10.3211230256287
0.0749130535541068,1.30870281908389,-1.71947938284852,-7.27693893481315,7.64256177387431,-0.318387287659219,-10.4040384270355
0.0795953319336625,1.29691907055573,-1.73069912445333,-7.24687546877311,7.62812237360484,-0.345490475135015,-10.4912683526276
0.0841549950845399,1.28532269382818,-1.74136005996228,-7.21709720741916,7.61370461777837,-0.370581462133125,-10.5830743990009
0.0885955844293755,1.27392950705359,-1.75145889915092,-7.18761096075342,7.59938176142991,-0.393570523310636,-10.6796953814724
0.0929206120871705,1.26275341733821,-1.76099109282346,-7.15841341875273,7.58521840962664,-0.414406069853801,-10.7813505495886
0.0971332825622852,1.25180583707398,-1.76995105158185,-7.12949122333825,7.57126792462064,-0.433071662763683,-10.8882415930418
0.101236169927652,1.24109504213048,-1.77833244778002,-7.10082123405012,7.55757001925869,-0.449581837808645,-11.0005522053361
0.105230842777699,1.23062546170968,-1.78612860611944,-7.07237098852265,7.544148486973,-0.463977396900255,-11.1184437471741
0.109117431797093,1.22039688651252,-1.79333300853627,-7.04409938796227,7.53100897188705,-0.476320813238739,-11.2420452925209
0.112894143682705,1.21040358701152,-1.79993996222816,-7.01595767638497,7.51813666534876,-0.486692329194486,-11.3714361335465
0.116556744597764,1.2006333544929,-1.80594550034729,-6.98789082272711,7.50549384815951,-0.49518721509338,-11.5066188947684
0.120098071247388,1.19106652411414,-1.81134859147558,-6.95983943975514,7.49301730835794,-0.501914500080204,-11.6474822061102
0.123507680470179,1.18167512079193,-1.81615270558906,-6.93174235047188,7.4806158807453,-0.506997248683017,-11.7937540802434
0.126771811234507,1.17242238349661,-1.82036769157218,-6.90353979501029,7.46816868024491,-0.510574084457761,-11.9449513924593
0.129873876735453,1.16326303911448,-1.82401174196629,-6.87517702156462,7.45552496447234,-0.51280113205066,-12.1003370656361
0.132795672304815,1.15414473172676,-1.82711297733273,-6.84660765455831,7.44250675614629,-0.513852970417552,-12.2589025670173
0.135519316937034,1.14501085193936,-1.82970999098344,-6.81779595082453,7.42891506955919,-0.513920895397257,-12.4193942190615
0.138029647451971,1.13580459679862,-1.83185075263149,-6.7887171238587,7.4145396196164,-0.513207237175566,-12.5803922223763
0.140316491760469,1.12647355618682,-1.83358970993447,-6.7593555113346,7.39917052298261,-0.511915827073984,-12.7404314395452
0.142376179541504,1.11697379099791,-1.83498360867139,-6.7297012529479,7.38260953965868,-0.510240375868971,-12.8981331809735
0.144211907399892,1.10727251073172,-1.83608706408036,-6.69974675287173,7.36467859443466,-0.508353421817716,-13.0523116561003
0.145833010701317,1.09734900275525,-1.83694891857389,-6.66948410712387,7.34522457219287,-0.506398008018729,-13.2020317890147
0.147253528867104,1.08719405120477,-1.83760996890055,-6.63890403445583,7.32412082426077,-0.504482817558567,-13.346616614568
0.148490532660736,1.07680839856852,-1.83810209087062,-6.6079961663555,7.30126663754945,-0.502680148858354,-13.4856185039865
0.149562563782164,1.06620080287815,-1.83844843224943,-6.57675018677669,7.27658594090487,-0.501025495902533,-13.6187731209907
0.150488358904605,1.05538607206392,-1.83866424985686,-6.54515728620502,7.25002608886843,-0.499517588110707,-13.745951281112
0.151285891530865,1.04438326777261,-1.83875804025798,-6.51321154545743,7.2215570593048,-0.498118193904927,-13.8671174410918
0.151971692876853,1.03321413940323,-1.83873273867869,-6.48091104083385,7.19117103402331,-0.496751492180984,-13.9822980927621
0.152560392314719,1.02190178372494,-1.8385868692582,-6.44825859287951,7.15888213933044,-0.495303217914045,-14.0915599809617
0.153064424399385,1.01046950609831,-1.83831559992189,-6.41526215605193,7.12472606948911,-0.493620055731011,-14.1949964781268
0.153493864884108,0.998939863276547,-1.83791169052272,-6.38193488080347,7.08875935075365,-0.491509892731348,-14.2927199468652
0.153856372452773,0.987333878806888,-1.83736633467026,-6.34829489056831,7.05105808671793,-0.488743555226088,-14.3848579635091
0.154157222192161,0.975670431049866,-1.83666989472087,-6.31436481670097,7.01171612717266,-0.485058545873174,-14.471551550579
0.154399420557344,0.963965816863533,-1.83581252397329,-6.28017113211792,6.97084269953921,-0.480165077997744,-14.552953936661
0.154583890976502,0.952233490615003,-1.83478466565883,-6.24574332297683,6.9285596172621,-0.473754402953502,-14.6292287788944
0.154709716324159,0.940483970145676,-1.83357741782411,-6.21111293836434,6.88499822370193,-0.465509098149128,-14.7005472221988
0.154774421417537,0.928724891555126,-1.83218275749053,-6.17631256012861,6.84029624214431,-0.455114695614696,-14.7670835992158
0.154774277184744,0.916961186244646,-1.83059362557794,-6.1413747372006,6.79459468936039,-0.442271845328521,-14.8290099501398
0.1547046091057,0.905195348852517,-1.8288038839192,-6.10633092934937,6.74803498284154,-0.426708158698303,-14.8864898134556
0.154560095850747,0.893427764428552,-1.82680816491944,-6.07121050325758,6.70075634121684,-0.408188962630049,-14.9396718732131
0.154335048856318,0.881657066913662,-1.8246016412047,-6.03603981906382,6.6528935504415,-0.386526377191901,-14.9886840405512
0.154023668622856,0.869880507184181,-1.82217974611971,-6.00084143904744,6.60457514715521,-0.361586356617438,-15.03362842254
0.153620277630179,0.858094315736619,-1.819537876326,-5.96563348336104,6.55592205345306,-0.333293553345638,-15.0745774382804
0.153119532203224,0.846294050971763,-1.81667110582592,-5.93042915194451,6.50704668112592,-0.301634043291963,-15.111571136185
0.152516616240087,0.834474928095433,-1.81357393749554,-5.89523642769935,6.45805250590545,-0.266656073517455,-15.14461559585
0.151807418717246,0.822632125707382,-1.8102401144629,-5.86005797366567,6.40903409287982,-0.22846906374119,-15.1736821944922
0.150988694876171,0.810761067558798,-1.80666250986241,-5.82489123576826,6.36007753418974,-0.187241123116542,-15.1987074932272
0.150058208609734,0.798857676354256,-1.80283310970089,-5.78972876183356,6.31126124137898,-0.143195348396261,-15.2195935463552
0.149014851368766,0.786918595518072,-1.79874309958589,-5.75455874614775,6.26265701925303,-0.0966051622039717,-15.2362085383871
0.147858731304871,0.774941374069281,-1.79438306156539,-5.71936580606903,6.21433133689651,-0.0477889397079511,-15.2483877828809
0.146591225583879,0.762924609480938,-1.78974328197688,-5.68413199252231,6.16634670471034,0.00289583732780163,-15.2559352464239
0.145214988913132,0.750868043753455,-1.78481416474551,-5.64883802911135,6.11876306325179,0.055058669773362,-15.2586258640128
0.143733912270087,0.738772608849702,-1.77958673687962,-5.61346476465939,6.07163908930554,0.108282161468052,-15.2562089659395
0.142153027472582,0.726640418954826,-1.77405322403478,-5.57799481085136,6.02503332634014,0.162127995519592,-15.2484131228126
0.140478355459308,0.714474708548955,-1.76820766425398,-5.54241432002072,5.97900505056658,0.216142663015369,-15.2349526214214
0.138716698882388,0.702279716900759,-1.76204651803944,-5.50671483806123,5.93361479160427,0.269862958009436,-15.2155356037907
0.136875382886583,0.690060521323763,-1.75556922406726,-5.47089514476515,5.88892444047613,0.322821414785198,-15.1898736404699
0.134961951861757,0.677822823525594,-1.74877864417761,-5.43496297073852,5.84499689935047,0.374552046045619,-15.157692190997
0.13298383451554,0.665572695762683,-1.74168134144805,-5.39893646036275,5.80189525770755,0.424596888336166,-15.1187410799409
0.130947994487739,0.653316296229977,-1.73428764381469,-5.36284523974701,5.75968151663758,0.472513889269883,-15.0728038645748
0.128860588031671,0.641059565750138,-1.72661146405835,-5.32673095361925,5.71841492298034,0.517886489947183,-15.0197048850384
0.126726652631839,0.628807919641403,-1.71866987323523,-5.29064716050692,5.6781500140401,0.560334817842299,-14.9593129504414
0.124549849389136,0.616565948892483,-1.71048245323667,-5.25465852202311,5.63893450949253,0.599527763958579,-14.8915410485864
0.122332276915652,0.604337143178051,-1.70207047690481,-5.21883928421526,5.60080721932922,0.635194557374054,-14.8163421085888
0.120074366118382,0.592123645338995,-1.69345597336768,-5.18327111573252,5.56379616335346,0.667134040570112,-14.7337015498127
0.117774855896571,0.579926043999348,-1.68466072864953,-5.14804042536842,5.52791711231712,0.69521992225237,-14.6436279476834
0.115430842448205,0.567743209540412,-1.67570524996662,-5.11323531832972,5.49317275316311,0.719400895310451,-14.5461435212351
0.113037892110824,0.555572179933234,-1.66660769397199,-5.07894235949624,5.45955264391332,0.739695479173326,-14.441276289903
0.110590210551404,0.543408107499962,-1.65738273323166,-5.0452432924746,5.42703406080916,0.756182452086267,-14.3290557507836
0.108080869133619,0.53124428535806,-1.64804031810839,-5.01221182042917,5.39558376616508,0.76898847096987,-14.2095139271775
0.105502100653939,0.519072282202815,-1.63858428728452,-4.9799104974064,5.36516065860922,0.778274779564995,-14.0826937294837
0.102845688707568,0.506882224234862,-1.62901079352829,-4.94838771922531,5.33571921780956,0.784224807110722,-13.9486667244808
0.100103483872521,0.494663269306293,-1.61930654943949,-4.91767475761624,5.30721361388494,0.787034098270652,-13.8075624009691
0.0972680793484761,0.482404312595407,-1.60944697342037,-4.88778277492688,5.27960228473711,0.78690353094477,-13.6596103318703
0.0943336583488699,0.470094931704858,-1.5993944431399,-4.85869982559885,5.25285264410324,0.784036230579947,-13.5051944196742
0.0912969721229745,0.457726505448742,-1.58909704270208,-4.83038803713668,5.22694533320364,0.778637931421647,-13.3449137142147
0.0881583133100265,0.445293318386714,-1.57848837618516,-4.80278148624924,5.20187710617476,0.770919681966005,-13.1796368873489
0.0849222328059371,0.432793323772245,-1.56748909137258,-4.77578567363002,5.17766123227784,0.76110079837748,-13.010529520679
0.0815976762774557,0.420228174904254,-1.55601052989504,-4.74927972000395,5.15432454916125,0.749409255122568,-12.8390308366837
0.0781972901640557,0.407602274336144,-1.54396029128981,-4.72312210887088,5.13190127612733,0.736077032280405,-12.6667668186379
0.0747359142908326,0.394920963389445,-1.53124866829446,-4.69715981851903,5.11042513764442,0.721329807637171,-12.4954108735777
0.0712286276625663,0.382188396508878,-1.51779440002001,-4.6712393911927,5.0899223386157,0.705373106452,-12.3265289514399
0.067688911823585,0.369405809589597,-1.50352843193389,-4.6452177010021,5.07040760399147,0.688378826921383,-12.1614543783188
0.0641273994915035,0.356570668273299,-1.48839523513147,-4.61897045590106,5.05188399550962,0.670475661827594,-12.0012217386053
0.0605513786347822,0.343676758936862,-1.47235212307917,-4.59239753686272,5.03434563916504,0.651744861467614,-11.8465618731933
0.0569649406215871,0.330714956785928,-1.45536742904339,-4.56542537893584,5.01778176709868,0.632220671033554,-11.6979399744478
0.0533695291867997,0.31767430596901,-1.43741834375095,-4.53800719989071,5.00218065937917,0.611893752319585,-11.5556134702345
0.04976465509136,0.304543117978516,-1.4184889164746,-4.51012195066169,4.98753266883207,0.590715974395928,-11.4196916029269
0.0461486141274962,0.291309919835051,-1.39856843160424,-4.48177264180007,4.97383206847343,0.568605568295128,-11.2901868159822
0.0425191218515745,0.277964186951636,-1.37765018592135,-4.45298442606865,4.96107779756664,0.545452289855076,-11.1670546286394
0.0388738315603065,0.264496856212196,-1.35573060657069,-4.42380260674959,4.94927331942957,0.521122697954421,-11.0502224357707
0.0352107313436961,0.250900640968719,-1.33280862896713,-4.39429061839398,4.93842582383671,0.495465900737984,-10.9396091993623
0.0315284289902268,0.237170176204364,-1.30888526369102,-4.36452797356588,4.92854497795237,0.468320189694431,-10.8351382370971
0.0278263376203235,0.223302020564071,-1.28396330096277,-4.33460815864678,4.91964139109145,0.439520913433789,-10.7367449760688
0.0241047752272304,0.209294538916379,-1.25804712043025,-4.30463647147341,4.9117249265091,0.408909767265904,-10.6443810421787
0.0203649904964656,0.19514768748311,-1.23114258884927,-4.2747278083965,4.90480297201029,0.376345409893006,-10.5580156044899
0.0166091265074399,0.180862724082094,-1.20325703780804,-4.24500441997999,4.89887876952599,0.341714988948538,-10.4776345762039
0.0128401335425101,0.166441868256402,-1.17439931815512,-4.21559366021597,4.893949899223,0.304945806170155,-10.4032381134819
0.00906164224805793,0.151887939022323,-1.14457992806608,-4.18662575506669,4.89000701249625,0.266016049807365,-10.3348368329326
0.00527780869285188,0.137204000388682,-1.11381120915068,-4.15823161583809,4.88703290542456,0.224963354440242,-10.2724472394879
0.00149314325865311,0.122393045352045,-1.08210760170246,-4.13054072477283,4.88500201404184,0.18188999998535,-10.2160869478434
-0.00228766450777963,0.107457746643177,-1.0494859484095,-4.10367912554416,4.88388038971706,0.136963874909463,-10.165770318377
-0.00605991331004276,0.092400296553469,-1.01596583722327,-4.07776755795467,4.88362617494319,0.0904148730182721,-10.1215050599094
-0.0098190392408976,0.0772223490651131,-0.981569978626143,-4.05291977951423,4.88419055048707,0.0425270569606877,-10.0832901672033
-0.0135607383076721,0.0619250665730198,-0.946324618198114,-4.02924111212228,4.88551907356869,-0.00637245869092468,-10.0511152986162
-0.0172810569806934,0.0465092626982603,-0.910259988743924,-4.00682723813867,4.88755328576716,-0.0559265333980024,-10.0249614278619
-0.02097644863732,0.0309756240445378,-0.873410804098053,-3.98576324937428,4.89023244880955,-0.105761439061148,-10.0048023938674
-0.024643796667517,0.0153249885719939,-0.83581678769266,-3.96612293108762,4.89349527008054,-0.155499380693035,-9.99060686909798
-0.0282804070903285,-0.000441343159169344,-0.79752321421079,-3.94796824776867,4.89728150393008,-0.204769144645855,-9.98234027676035
-0.0318839746367447,-0.016321285992629,-0.758581425397206,-3.93134899295684,4.90153335073416,-0.253214383149986,-9.97996628648641
-0.0354525265281057,-0.0323116561405981,-0.719049265460918,-3.91630257235517,4.90619661296175,-0.300499482167814,-9.98344766616121
-0.0389843479627976,-0.0484078799731101,-0.678991371164004,-3.90285390513725,4.91122159824318,-0.346313296896285,-9.99274642479086
-0.0424778929960616,-0.0646037371771582,-0.638479249131983,-3.89101544738123,4.91656377968189,-0.390371244322506,-10.0078233185243
-0.0459316843398557,-0.0808911474871104,-0.597591079192468,-3.88078735836083,4.92218423342858,-0.432416318265352,-10.0286368928489
-0.0493442057408806,-0.0972600087659464,-0.556411197417043,-3.87215784047545,4.92804987556712,-0.472219561522985,-10.0551422925627
-0.0527137909719816,-0.1136980933318,-0.515029234744564,-3.86510368451977,4.93413351842534,-0.50958042051519,-10.0872900876303
-0.0560385139355094,-0.130191008568549,-0.473538914532166,-3.85959104383386,4.94041376394326,-0.544327248483981,-10.1250253409753
-0.0593160847167664,-0.146722226592862,-0.432036542396269,-3.85557644588906,4.94687475085839,-0.576318041420154,-10.1682870894197
-0.0625437564488144,-0.163273185832993,-0.390619251075705,-3.85300803176035,4.9535057737794,-0.605441314739746,-10.2170083296115
-0.0657182474387807,-0.179823464822752,-0.349383088358986,-3.85182699680613,4.96030079495736,-0.631616887582093,-10.2711165080057
-0.0688356821555532,-0.196351025579769,-0.308421054125669,-3.85196919304891,4.9672578722782,-0.654796261929908,-10.3305344209345
-0.0718915535100461,-0.212832521029528,-0.267821200700724,-3.85336684694144,4.97437852830065,-0.674962282321034,-10.3951813503063
-0.0748807076009884,-0.229243658510264,-0.227664907679309,-3.85595034526621,4.98166708428156,-0.692127838791504,-10.4649742017724
-0.0777973510427195,-0.245559609840134,-0.188025428447492,-3.85965004525863,4.98912998007351,-0.706333511672788,-10.5398283783952
-0.0806350804251768,-0.261755457992864,-0.148966782820652,-3.86439807045634,4.99677509610863,-0.717644218059158,-10.6196581104778
-0.0833869335983791,-0.277806671166895,-0.11054304193937,-3.87013005923208,5.00461108813274,-0.726145067996915,-10.7043759633849
-0.0860454634203553,-0.29368959679826,-0.0727980218398214,-3.87678683703289,5.01264673956297,-0.731936743111291,-10.793891251745
-0.088602836304589,-0.309381970511336,-0.0357653747160039,-3.88431598510535,5.02089033085084,-0.735130756378437,-10.8881070966329
-0.0910509601345245,-0.324863437575441,0.00053095551597846,-3.89267327715004,5.02934902070313,-0.735844940727198,-10.9869158770036
-0.0933816484829684,-0.34011608636816,0.0360759630721937,-3.90182394993685,5.03802823151913,-0.734199459751114,-11.0901928638457
-0.0955868299634372,-0.355124993606325,0.0708625561024602,-3.9117437632553,5.04693103261025,-0.730313553964774,-11.1977879137627
-0.0976588120309013,-0.36987877838057,0.104890346066212,-3.92241978787566,5.05605752185747,-0.72430314595962,-11.3095152772352
-0.099590606368874,-0.384370154825468,0.138164324015158,-3.93385083821693,5.06540422164329,-0.716279335917852,-11.4251418884221
-0.101376316603599,-0.39859646028149,0.170693503169229,-3.94604744316417,5.07496352930784,-0.7063477266726,-11.5443749764777
-0.103011577072644,-0.412560116826048,0.202489613435428,-3.95903123288761,5.0847232942615,-0.69460842298295,-11.6668504545845
-0.104494013430696,-0.426268961284101,0.233565936802841,-3.9728336258947,5.09466662630001,-0.681156454488203,-11.7921241929328
-0.105823674201777,-0.43973635841504,0.26393636644378,-3.98749374567837,5.10477205908189,-0.666082288700557,-11.9196687319162
-0.107003362958197,-0.452981004301978,0.293614749315979,-4.0030555914512,5.11501418097207,-0.649472057517714,-12.0488779069668
-0.108038793024112,-0.466026344032447,0.322614528380945,-4.01956462620375,5.12536478747072,-0.631407155180028,-12.1790809313416
-0.108938499874028,-0.478899576657803,0.350948642401892,-4.03706409452782,5.13579450582404,-0.611963002576618,-12.309565672357
-0.10971348399422,-0.491630295506644,0.378629586878272,-4.05559148722998,5.14627471907215,-0.5912069981221,-12.4396085740539
-0.110376610861012,-0.5042488918603,0.405669512560784,-4.07517557740714,5.15677952037686,-0.569195923259322,-12.5685067516975
-0.110941846612991,-0.516784905249007,0.432080252916795,-4.09583434683876,5.16728740353935,-0.545973247198755,-12.6956070593224
-0.111423438371035,-0.529265512201614,0.457873223423108,-4.11757393749585,5.17778245672755,-0.52156681145697,-12.82032776025
-0.111835147134445,-0.541714305615602,0.48305919993735,-4.14038856995949,5.18825494766418,-0.495987268034769,-12.9421704260626
-0.112189613372492,-0.5541504477362,0.507648033361948,-4.16426123251223,5.19870132000328,-0.469227458587622,-13.0607219867799
-0.112497895291818,-0.566588207726992,0.531648377862826,-4.18916488942746,5.20912371804058,-0.44126274050085,-13.1756486359744
-0.112769182391303,-0.579036840503928,0.555067501207361,-4.215063973176,5.21952920123853,-0.41205214951116,-13.2866841693326
-0.113010661375131,-0.591500734625225,0.577911220265236,-4.24191598081475,5.22992880760026,-0.381540253746849,-13.393615373631
-0.113227499583692,-0.603979750505328,0.600183975794769,-4.26967305813692,5.24033659475602,-0.349659583105521,-13.4962666059798
-0.113422909927898,-0.616469678040409,0.621889037258813,-4.29828350661922,5.25076874864239,-0.316333579824377,-13.5944850501417
-0.113598266534075,-0.628962756992848,0.64302881384994,-4.32769318099931,5.26124281399174,-0.281480082584796,-13.6881275391443
-0.1137532482305,-0.641448218774027,0.663605241420306,-4.35784676107244,5.27177707326931,-0.245015407791229,-13.7770493950891
-0.113885995287043,-0.653912821883234,0.683620214086649,-4.38868888520039,5.28239008093604,-0.206859115755131,-13.861095470458
-0.113993272293157,-0.666341364404922,0.703076031189004,-4.42016513072742,5.29310034540989,-0.166939538944952,-13.9400934460904
-0.114070636274984,-0.6787171657927,0.72197583286009,-4.4522228227638,5.30392613893151,-0.12520009905679,-14.0138494003681
-0.114112613921361,-0.691022517068893,0.740323999351608,-4.484811651244,5.31488540358033,-0.0816063464014783,-14.082145664869
-0.114112894885389,-0.703239103744508,0.758126489924549,-4.51788407935347,5.32599570915284,-0.0361535202986047,-14.1447409848256
-0.11406454916092,-0.715348409045172,0.775391096799788,-4.55139553585538,5.33727420633546,0.0111257378050552,-14.2013729790668
-0.113960274988892,-0.727332105896323,0.792127589402288,-4.5853043997715,5.34873750904634,0.0601540646222635,-14.251762825542
-0.11379267920684,-0.739172443927932,0.808347725583937,-4.61957180683215,5.36040143677967,0.110803148789008,-14.2956219794282
-0.113554584433212,-0.750852632118601,0.824065111662701,-4.65416132971648,5.37228055558985,0.1628893834488,-14.332660570248
-0.113239347800681,-0.762357208968286,0.839294903653379,-4.68903860326184,5.38438747847499,0.216172155262853,-14.3625969466624
-0.112841165953539,-0.773672381753711,0.854053358514127,-4.72417097582613,5.39673192322446,0.270355358962983,-14.3851676794325
-0.112355333366045,-0.784786307110955,0.868357265170053,-4.75952726437397,5.40931957498109,0.325092422535739,-14.400137236216
-0.111778418535304,-0.795689280121315,0.88222330686147,-4.79507767239329,5.4221508538747,0.379994734401102,-14.4073065418912
-0.111108327191332,-0.806373800958826,0.895667423801,-4.83079389955845,5.43521973372996,0.434642958609639,-14.4065197524009
-0.110344233455107,-0.816834497975461,0.90870425303197,-4.86664943704086,5.44851278423905,0.488600393082836,-14.3976687905709
-0.109486376778938,-0.827067902388453,0.921346717545794,-4.90262001090413,5.46200860767872,0.541427332889847,-14.3806954857969
-0.108535740775602,-0.837072088828941,0.933605819290463,-4.93868411493221,5.47567781020873,0.592695366171224,-14.3555914767285
-0.107493645519488,-0.846846213260485,0.945490664331056,-4.97482356651621,5.48948359233731,0.64200063196682,-14.3223963258864
-0.106361294412552,-0.856389991183914,0.957008719002309,-5.01102402351749,5.50338297443139,0.688975259254926,-14.2811945173675
-0.105139319021587,-0.865703162596776,0.968166269551835,-5.04727541190335,5.51732860481839,0.733296436710805,-14.2321121414936
-0.103827361287045,-0.874784986327098,0.978969038977453,-5.08357222808298,5.53127104233897,0.774692800388268,-14.1753141090642
-0.102423724591668,-0.883633797617535,0.989422905238306,-5.1199136920264,5.54516136994682,0.812948056225202,-14.1110026889558
-0.100925116355653,-0.89224665273298,0.999534663703529,-5.15630373546421,5.55895398282235,0.847901968398447,-14.0394180331048
-0.0993264976955479,-0.900619076285628,1.00931278051395,-5.19275081426239,5.57260939923312,0.879449032701764,-13.9608411415003
-0.0976210517032769,-0.908744923140851,1.01876808857501,-5.22926753795655,5.58609695643526,0.907535298407787,-13.8755994140448
-0.0958002809419092,-0.916616367566977,1.02791438074163,-5.26587011602042,5.59939726691885,0.932153880398796,-13.7840745160261
-0.0938542449783067,-0.924224035920004,1.03676885361403,-5.30257763323007,5.61250431338282,0.953339697551343,-13.6867117384072
-0.0917719468688981,-0.931557301665932,1.04535235108215,-5.33941118729156,5.62542705011699,0.971163878052962,-13.5840293909085
-0.0895418694793945,-0.938604757506986,1.05368935338488,-5.37639294897959,5.63819035844694,0.985728101836742,-13.4766261296143
-0.0871526452229684,-0.945354863549255,1.06180766188431,-5.41354523144059,5.65083518919727,0.997158942441358,-13.3651836989017
-0.0845938162968375,-0.951796740670712,1.06973774967126,-5.45088966904168,5.66341773840765,1.00560208474902,-13.2504626448852
-0.0818566121759328,-0.95792103879429,1.07751178784828,-5.48844659395523,5.67600756588786,1.01121619969301,-13.1332893846849
-0.0789346478277645,-0.963720772829375,1.08516241296831,-5.52623465390164,5.68868468685445,1.01416630314038,-13.0145346213778
-0.0758244424120255,-0.969192001482616,1.09272135823536,-5.56427064517522,5.70153582443509,1.01461661426143,-12.8950851301463
-0.0725256814371675,-0.974334239080496,1.10021810887983,-5.6025694652924,5.71465015773176,1.01272319188251,-12.7758127211609
-0.0690411915280032,-0.979150538253431,1.10767874362213,-5.64114404912535,5.72811498194149,1.00862685327592,-12.6575449915644
-0.0653766511586075,-0.983647246674173,1.11512508647278,-5.68000515971941,5.74201168250037,1.00244696868038,-12.5410419747296
-0.0615401044695214,-0.987833500923693,1.12257422990058,-5.719160956062,5.75641232477507,0.994276644906943,-12.4269812305555
-0.0575413663068116,-0.991720556344572,1.13003842396045,-5.7586163317806,5.77137701886939,0.984179611137058,-12.3159519693529
-0.0533914036264189,-0.995321057638196,1.13752527550374,-5.79837208373036,5.78695208718408,0.972188890354299,-12.2084571607402
-0.0491017590053454,-0.998648337515824,1.14503817558147,-5.83842400994193,5.80316897404488,0.958307160398765,-12.1049216418426
-0.0446840566760314,-1.00171580216507,1.15257686941406,-5.87876204882429,5.82004379895774,0.942508615621998,-12.0057040243277
-0.0401496085070766,-1.00453643367357,1.1601380939454,-5.91936956222408,5.83757745520649,0.924742126865898,-11.9111104839047
-0.0355091207628508,-1.00712241724139,1.16771622468738,-5.96022284339809,5.85575617399395,0.90493553392668,-11.8214090172215
-0.0307724928118247,-1.00948488679818,1.1753038904563,-6.00129090488072,5.87455249444335,0.883000957567495,-11.7368432512274
-0.025948694811519,-1.01163377544333,1.18289252889029,-6.04253557504593,5.8939265918765,0.858841062490167,-11.6576452709832
-0.02104571082589,-1.01357775478679,1.19047286672992,-6.083911907613,5.9138279181348,0.832356224040493,-11.584047159625
-0.0160705350964013,-1.01532424764987,1.19803531730724,-6.12536888579369,5.9341971004119,0.803452543322625,-11.5162910358784
-0.0110292110147625,-1.0168795000162,1.20557029442553,-6.16685038230635,5.95496803368811,0.772050615407732,-11.4546373701725
-0.00592690387557613,-1.01824869942804,1.21306844759363,-6.20829631848799,5.97607009148111,0.738094882185584,-11.3993713052891
-0.000767999174855019,-1.01943612742759,1.2205208288342,-6.24964395112984,5.9974303744807,0.701563294215452,-11.3508066437741
0.00444378222702,-1.02044533270775,1.22791900601822,-6.29082920583337,6.01897591918503,0.662476865710157,-11.3092871282986
0.00970526235002649,-1.0212793093078,1.23525514143156,-6.33178797236098,6.0406357991314,0.620908540416185,-11.2751846627963
0.0150136903752642,-1.02194066093864,1.24252205613916,-6.37245728249578,6.0623430675873,0.576990611854,-11.2488942248886
0.0203666478432623,-1.02243172950266,1.24971329941649,-6.41277630597819,6.08403650850076,0.530919793854829,-11.2308254182304
0.025761990446624,-1.02275466493175,1.25682323676345,-6.45268712602682,6.10566217686449,0.48295896913143,-11.2213909063715
0.0311978398286132,-1.02291141683876,1.26384715902707,-6.49213529206264,6.12717471561876,0.433434718340699,-11.220992332032
0.0366726321627797,-1.02290363805858,1.27078139942396,-6.53107019034379,6.14853843133489,0.382730005818366,-11.2300046960922
0.0421852190039542,-1.02273250645772,1.27762342710521,-6.5694453171211,6.16972809667046,0.331271890469317,-11.2487604478506
0.0477350013415512,-1.02239849264417,1.2843718694608,-6.60721857508717,6.19072942966261,0.279514794572065,-11.277534593655
0.0533220630013518,-1.02190112323665,1.29102640545311,-6.64435273344052,6.21153918631995,0.227920574247805,-11.3165318453468
0.0589472584010003,-1.02123880671933,1.29758747262854,-6.68081618881512,6.23216480017813,0.176937211425206,-11.3658761462498
0.0646122053840382,-1.02040879702112,1.30405574212531,-6.7165841382576,6.2526235117503,0.126978209752494,-11.4256018861653
0.0703191378000827,-1.01940736691465,1.31043133736219,-6.7516402318366,6.27294094733767,0.0784046250940633,-11.4956449371783
0.0760705842692911,-1.01823024997423,1.31671280119345,-6.78597871893584,6.29314912372641,0.0315111227544676,-11.5758306212018
0.0818688587551369,-1.01687338726823,1.32289585451453,-6.81960704161734,6.31328387260243,-0.0134833167016772,-11.6658552770793
0.0877153772179944,-1.01533398048698,1.32897204374903,-6.85254875173093,6.33338171139524,-0.0564401936634005,-11.7652587631828
0.0936098582248887,-1.01361179752292,1.33492745563337,-6.88484651357619,6.35347627039076,-0.0973024819321164,-11.873387651882
0.0995495291549665,-1.01171058700844,1.34074178667417,-6.91656477711222,6.37359456190073,-0.136092656680418,-11.9893535901351
0.105528537214478,-1.00963933391963,1.34638816146088,-6.94779147486152,6.39375365729939,-0.172908287240422,-12.1119980686109
0.11153782177058,-1.00741296611901,1.35183411557461,-6.97863789561312,6.41395863420926,-0.20791507968386,-12.2398813953903
0.117565675809473,-1.00505209473167,1.35704397640443,-7.00923591106372,6.43420273696176,-0.241336636473814,-12.3713150206734
0.123599050382882,-1.0025815512216,1.36198243341583,-7.03973218744191,6.45447027746002,-0.273440148720899,-12.5044469967092
0.129625364915374,-1.0000278848275,1.36661853670081,-7.07027990281222,6.47474185576269,-0.304518115664963,-12.6373903254966
0.13563433500776,-0.997416422036042,1.37092904872415,-7.10102942275683,6.49500045839954,-0.334867694240449,-12.7683634073622
0.141619301487058,-0.994768675860054,1.37490027570706,-7.13211977779939,6.51523660413869,-0.364770439743276,-12.8958052665826
0.147577770121049,-0.99210069547416,1.3785281214464,-7.16367237053487,6.5354512411612,-0.394475148034366,-13.018440787496
0.153511189215846,-0.98942252479663,1.38181672947485,-7.19578743357254,6.55565612710921,-0.424185330959286,-13.1352931117439
0.159424209796666,-0.986738570544175,1.38477637727885,-7.22854293039302,6.57587225772925,-0.454051411680084,-13.2456572975305
0.165323721895016,-0.984048520824978,1.38742123411867,-7.26199518004715,6.59612721129004,-0.484166804157399,-13.3490547395142
0.171217893966621,-0.981348479610252,1.38976736962657,-7.2961804720954,6.61645215061911,-0.51456683841293,-13.445184332962
0.177115344014282,-0.978632088471703,1.39183117717655,-7.33111712433205,6.63687894165652,-0.545229757140833,-13.5338796972109
0.183024491745743,-0.975891513804192,1.39362823048944,-7.3668076501862,6.65743759902487,-0.576079398516726,-13.6150759423536
0.188953094076639,-0.973118252389037,1.39517252388638,-7.40324086353316,6.6781541197283,-0.60698947255686,-13.6887857967242
0.194907944639648,-0.970303749859788,1.39647602749684,-7.44039384332267,6.69904870279523,-0.637789454126372,-13.7550831827811
0.200894710720775,-0.967439846159315,1.39754849161369,-7.47823372626542,6.72013433952811,-0.668272067470595,-13.8140918627057
0.206917880051102,-0.964519069979201,1.39839744299441,-7.51671931485333,6.74141576491522,-0.698202182382493,-13.865976987301
0.21298079088293,-0.961534807149627,1.39902832343601,-7.55580249669939,6.76288876704642,-0.727326752167892,-13.9109378922144
0.219085720329729,-0.958481369065538,1.39944472627757,-7.59542947856055,6.78453985055939,-0.755385264059973,-13.9492010751956
0.225234008011378,-0.955353987287334,1.39964869085839,-7.63554184737416,6.80634624212259,-0.782120089675552,-13.9810128353564
0.231426194932927,-0.95214875928455,1.39964101989047,-7.67607748037716,6.82827621423716,-0.807286134845841,-14.0066314943415
0.237662161327927,-0.948862567681489,1.39942159094261,-7.71697133456747,6.85028969230993,-0.830659285270948,-14.0263194207431
0.243941251628848,-0.94549299144789,1.39898964058321,-7.7581561502757,6.87233910184642,-0.85204329748283,-14.0403352418984
0.250262379238385,-0.942038222764256,1.39834400735339,-7.79956310341827,6.89437040865392,-0.87127495628424,-14.0489266712271
0.256624107780156,-0.93849699847281,1.39748332664653,-7.84112243636889,6.91632430448451,-0.888227476880139,-14.0523243364751
0.263024708577074,-0.934868550737016,1.396406176,-7.88276408954861,6.93813749220635,-0.902812250591294,-14.0507368994349
0.269462196064868,-0.931152578186471,1.39511117294268,-7.92441834644359,6.95974402708695,-0.914979109196156,-14.044347641257
0.275934343763594,-0.927349236553317,1.39359702950491,-7.96601649537981,6.98107667340409,-0.924715317749743,-14.0333125713751
0.282438683535578,-0.923459146507927,1.39186256820079,-8.00749150318089,7.0020682383199,-0.932043509230232,-14.017760015546
0.288972490460592,-0.919483415827755,1.38990670428206,-8.04877868947247,7.02265284814316,-0.937018759016758,-13.9977915556589
0.295532755058331,-0.915423672887079,1.38772839886461,-8.08981638608937,7.04276713622876,-0.939724974476709,-13.9734841323593
0.302116144028843,-0.911282108466924,1.38532658754664,-8.13054656369252,7.06235131708798,-0.940270753393151,-13.9448930805153
0.308718950330518,-0.907061522854678,1.38270008960575,-8.17091540704699,7.08135012771882,-0.938784849531696,-13.9120558459137
0.315337033361048,-0.902765375021061,1.37984750382741,-8.21087382113958,7.09971362428652,-0.935411375800445,-13.8749961283393
0.321965750269006,-0.89839783030164,1.37676709835838,-8.25037785212872,7.1173978294553,-0.930304873848112,-13.8337282107559
0.328599879967975,-0.893963802510613,1.37345670345054,-8.28938900976562,7.13436523225282,-0.923625380335623,-13.7882612660795
0.335233542181449,-0.889468985856407,1.36991361725212,-8.32787448117315,7.15058514786563,-0.915533620434492,-13.7386034809107
0.341860114729978,-0.884919871501974,1.36613453562092,-8.36580722948739,7.16603394902939,-0.906186454513784,-13.6847658973986
0.34847215320445,-0.88032374319043,1.3621155170733,-8.40316597461534,7.18069518379401,-0.895732691814754,-13.6267659465563
0.355061318102592,-0.875688646072595,1.35785199338691,-8.43993505699697,7.19455959670674,-0.884309364353349,-13.5646307237344
0.361618315436199,-0.871023322715477,1.35333883515059,-8.47610418857583,7.20762507219053,-0.872038526609946,-13.4984001330799
0.368132857790006,-0.866337110194364,1.34857047992494,-8.51166809807713,7.2198965202659,-0.859024614946569,-13.4281300949004
0.37459365390772,-0.861639792133242,1.3435411288774,-8.54662608023591,7.23138572562072,-0.845352369651715,-13.3538960588969
0.380988436164387,-0.856941399577346,1.33824501588613,-8.58098146111122,7.24211118082217,-0.831085297081841,-13.2757970864663
0.387304036737454,-0.852251954817571,1.33267675095709,-8.61474099461261,7.25209792223673,-0.816264634202581,-13.1939607435987
0.393526524694024,-0.847581153127287,1.32683173671935,-8.64791420959002,7.26137738173511,-0.800908776369562,-13.1085489662436
0.39964141701708,-0.842937979503203,1.32070665162983,-8.68051273303895,7.26998725721371,-0.785013142851151,-13.0197649044983
0.405633975790966,-0.838330261901633,1.3142999849015,-8.71254962353449,7.27797138945172,-0.768550481950484,-12.927860505257
0.411489599870719,-0.833764170234355,1.30761259484164,-8.74403875937504,7.28537961202763,-0.751471653406052,-12.8331442527187
0.417194310641475,-0.829243682321057,1.30064824414846,-8.77499433588199,7.29226751720974,-0.733706960231557,-12.7359880801887
0.422735316628953,-0.824770053774844,1.29341404506867,-8.80543053148403,7.29869605926319,-0.715168121072133,-12.636832073152
0.428101621047908,-0.820341346031399,1.28592072997454,-8.83536139639782,7.30473090619381,-0.695750961359707,-12.5361853422347
0.433284613143605,-0.815952080314659,1.27818265805938,-8.86480099485382,7.31044146203968,-0.675338845023307,-12.4346215363683
0.438278565288109,-0.811593088070026,1.27021748636944,-8.8937637899082,7.31589952225786,-0.653806769252246,-12.3327680436488
0.443080952397976,-0.807251613670819,1.26204547842739,-8.9222652052689,7.32117759339989,-0.631025924210376,-12.231289002699
0.44769252578576,-0.802911691188701,1.25368849061766,-8.95032224723682,7.32634699033956,-0.606868417915155,-12.1308636013168
0.452117110631051,-0.798554770054475,1.24516874702494,-8.97795404248252,7.3314758934717,-0.581211827663676,-12.0321623390945
0.45636114586883,-0.794160518320695,1.23650756278722,-9.00518215869943,7.3366275775338,-0.553943287298537,-11.9358245068111
0.460433031700518,-0.789707702377404,1.22772418537839,-9.03203062429564,7.34185899988932,-0.524962941273759,-11.8424398347608
0.464342378215676,-0.785175037553099,1.21883489016619,-9.05852563259165,7.34721986805262,-0.494186746229575,-11.7525362025824
0.468099252034448,-0.780541923637512,1.20985240601105,-9.08469498052788,7.3527522197474,-0.46154872411892,-11.6665739048334
0.471713500043347,-0.775789012919105,1.20078568160479,-9.11056733240743,7.35849047249884,-0.427002831159396,-11.584945714658
0.475194200405563,-0.770898593305595,1.1916399528639,-9.13617140982874,7.36446185189242,-0.390524597376019,-11.5079812027261
0.478549261847954,-0.765854796297579,1.18241704440244,-9.16153519599013,7.37068709143021,-0.352112630026639,-11.4359535202204
0.481785169779913,-0.760643655506534,1.17311583201653,-9.18668521778043,7.37718130448868,-0.311789988514369,-11.3690870235289
0.484906864325859,-0.755253047238741,1.16373280075787,-9.21164594326541,7.38395494835576,-0.269605353840449,-11.3075645143408
0.487917729625133,-0.749672543876807,1.15426264649219,-9.23643931171851,7.3910148214947,-0.225633849662434,-11.2515333252171
0.490819673041098,-0.743893207009491,1.14469888201905,-9.2610844000852,7.39836505197231,-0.179977334173848,-11.2011098930295
0.493613274509122,-0.737907343125506,1.13503441904196,-9.28559722255,7.40600804538563,-0.132763976304495,-11.1563827857168
0.496297988203948,-0.731708241552876,1.12526210411071,-9.30999065623405,7.41394536546461,-0.084146956469731,-11.1174143744679
0.498872380045126,-0.725289912456391,1.11537519115189,-9.3342744835313,7.42217852213694,-0.0343021885871448,-11.084241483793
0.501334385131855,-0.718646841645703,1.10536773692363,-9.35845553847667,7.43070964289579,0.0165749595690666,-11.0568754200866
0.503681569404798,-0.711773777907731,1.09523491006668,-9.3825379401624,7.43954200606317,0.0682738758048235,-11.035301787872
0.50591138031444,-0.704665566784365,1.08497321012182,-9.40652339093518,7.44868042030375,0.120573674149396,-11.0194804630348
0.508021372629863,-0.697317041675319,1.07458059984729,-9.43041151203761,7.45813144366778,0.173248673661742,-11.009346015371
0.510009398073169,-0.689722978796073,1.06405656152363,-9.45420018593673,7.46790344657844,0.226074073462033,-11.0048087718877
0.511873751149982,-0.681878117250284,1.0534020943276,-9.47788587406033,7.4780065348179,0.278831488314711,-11.005756602523
0.513613267933529,-0.673777239995974,1.04261967391683,-9.50146388166771,7.48845235875816,0.331314024093069,-11.0120574063836
0.515227378986418,-0.665415306609735,1.03171319613281,-9.5249285479206,7.49925384218453,0.383330622875049,-11.0235621918855
0.516716121382575,-0.656787625167644,1.02068792394626,-9.54827334792514,7.51042486713902,0.434709483917414,-11.0401085862659
0.518080117400094,-0.647890048650239,1.00955045093089,-9.57149090315547,7.52197995019371,0.485300456361117,-11.0615245810909
0.519320528656746,-0.638719181070239,0.998308686734532,-9.59457290574256,7.53393394112193,0.534976388692347,-11.087632317742
0.5204389943168,-0.629272579741855,0.986971861568307,-9.61750996942038,7.54630176819656,0.583633497373578,-11.1182517341121
0.521437560806303,-0.619548942308163,0.975550538965109,-9.64029142478832,7.55909824655888,0.631190875263506,-11.1532039231832
0.522318608648738,-0.609548269829306,0.964056620007093,-9.66290507886037,7.57233795836018,0.677589296490799,-11.1923140885587
0.523084779995312,-0.599271999993809,0.952503318543369,-9.68533695897643,7.58603520646215,0.722789489208678,-11.2354140157177
0.523738908520298,-0.588723107064336,0.940905085881265,-9.70757105967726,7.60020403782217,0.766770044659382,-11.2823440070822
0.524283951813255,-0.577906167364281,0.929277464974593,-9.72958910881404,7.61485832842441,0.809525115053666,-11.3329542521368
0.524722925341399,-0.566827390921465,0.917636857940842,-9.75137036663731,7.63001191867999,0.85106202892982,-11.3871056204547
0.525058836496084,-0.555494621346141,0.906000196336045,-9.77289146939389,7.6456787864381,0.891398925316742,-11.4446698761894
0.525294617133644,-0.543917307191937,0.894384510413608,-9.79412632736405,7.66187324391713,0.93056248062585,-11.505529318597
0.525433053297246,-0.532106448976888,0.882806400949238,-9.81504608640802,7.67861014478401,0.968585777113527,-11.5695758559827
0.525476711380025,-0.520074526740652,0.871281424485517,-9.83561916190097,7.69590508811316,1.00550634041287,-11.6367095218343
0.525427860786116,-0.507835413456146,0.859823409456276,-9.855811354223,7.71377460690833,1.04136435670357,-11.7068364436793
0.525288394104844,-0.495404279736777,0.84844372614545,-9.87558605543093,7.73223633016439,1.07620106771644,-11.7798662794155
0.525059746886088,-0.482797495000547,0.837150537570923,-9.89490455698981,7.75130910900748,1.11005733376592,-11.8557091447937
0.524742820247844,-0.470032529485302,0.825948061160471,-9.91372646803594,7.77101309924301,1.14297235099045,-11.934272071813
0.524337910706385,-0.457127860195409,0.814835872750487,-9.93201025207736,7.79136979467729,1.17498250846872,-12.015455063527
0.523844652715634,-0.44410288199348,0.803808285418643,-9.94971388677002,7.81240200793857,1.20612037328832,-12.0991468482253
0.523261980311792,-0.430977822713228,0.792853836436507,-9.96679564589414,7.83413379833727,1.23641379625555,-12.185220486009
0.522588114801988,-0.417773658566121,0.781954916521611,-9.98321499443729,7.85659034971844,1.2658851368125,-12.2735290418135
0.521820585373857,-0.404512023601822,0.771087576520488,-9.9989335765623,7.87979780533413,1.29455061161734,-12.3639016053715
0.52095628856392,-0.391215105074373,0.760221547023745,-10.0139162624943,7.90378307134323,1.32241977553872,-12.4561399995097
0.519991590456,-0.377905515889209,0.749320504915696,-10.0281322050991,7.92857360510177,1.34949514467024,-12.5500165569146
0.518922472154815,-0.364606136478307,0.738342615739202,-10.041555842286,7.95419720794262,1.37577196664092,-12.6452733415521
0.517744714601479,-0.351339921874395,0.727241370272726,-10.0541677705214,7.98068184326568,1.40123813295263,-12.7416231246433
0.516454113617023,-0.338129675362766,0.71596671689872,-10.06595541144,8.00805549799657,1.42587421173631,-12.838752285503
0.515046710993314,-0.324997797140602,0.704466468772893,-10.0769134010772,8.03634609783444,1.4496535596339,-12.9363256007206
0.513519023561126,-0.311966023484082,0.692687939060119,-10.0870436511242,8.06558147433301,1.47254245293056,-13.0339926394676
0.51186825049112,-0.299055177190711,0.680579732863014,-10.0963550622832,8.09578936639082,1.49450016611146,-13.1313952461778
0.510092440287485,-0.286284951866895,0.668093605769789,-10.1048629064023,8.12699742316243,1.51547892560565,-13.2281754199226
0.508190603019602,-0.273673750099334,0.655186289949318,-10.1125879294159,8.1592331632599,1.53542368004991,-13.3239828368952
0.506162759585975,-0.261238589002303,0.641821190726363,-10.1195552538803,8.19252383925836,1.55427165486568,-13.4184813251301
0.504009926985365,-0.248995077519706,0.627969868018859,-10.1257931730965,8.22689615818862,1.57195169398503,-13.5113537711825
0.501734045332202,-0.236957460251218,0.613613234291045,-10.1313319273832,8.26237581722611,1.58838342925758,-13.6023051720801
0.499337857624165,-0.225138714454434,0.598742419668426,-10.1362025399346,8.29898682713064,1.60347635291543,-13.6910637873814
0.496824756488419,-0.21355068158567,0.583359272537047,-10.140435770425,8.33675061174431,1.61712889690932,-13.7773805486181
0.4941986132638,-0.202204212734695,0.56747647917586,-10.1440612253283,8.37568488817375,1.6292276437531,-13.8610270195703
0.49146360415602,-0.191109308270909,0.551117299409704,-10.1471066499737,8.41580234836414,1.6396468072682,-13.9417922655497
0.48862404633471,-0.180275235178728,0.534314928585532,-10.1495974217462,8.45710917875087,1.64824812947528,-14.0194789948471
0.485684254227374,-0.16971061000799,0.517111510994638,-10.1515562673215,8.49960347109848,1.65488134258032,-14.0938993010663
0.482648423326062,-0.15942344027011,0.49955684692057,-10.1530032378766,8.54327359479458,1.65938534223994,-14.1648702827814
0.479520545884704,-0.149421121815475,0.481706854158626,-10.1539559911317,8.5880966181941,1.66159020854332,-14.2322097649208
0.476304360209406,-0.139710393761094,0.463621863120332,-10.1544304417988,8.63403688235931,1.6613201918507,-14.2957323070526
0.473003333046246,-0.13029725560437,0.445364839456528,-10.1544418439391,8.68104484180146,1.65839774844845,-14.3552456638901
0.469620673007318,-0.121186853157638,0.426999635987986,-10.154006349031,8.72905628994432,1.6526486620456,-14.4105478633686
0.466159372078345,-0.112383341024178,0.408589373335128,-10.15314303106,8.77799207838081,1.64390821732898,-14.4614250817169
0.462622271829821,-0.103889730002374,0.390195033709611,-10.1518762777888,8.82775841602014,1.63202829758252,-14.5076505103541
0.459012150517868,-0.0957077288870511,0.371874324487453,-10.1502383207331,8.87824779644146,1.61688515903861,-14.5489844071997
0.455331826068885,-0.0878375926082879,0.353680829910847,-10.1482715410625,8.92934055146279,1.59838749644172,-14.5851754834072
0.451584267292987,-0.0802779930800743,0.335663426691189,-10.1460300940756,8.98090697124114,1.5764842757093,-14.6159636797889
0.447772701454292,-0.0730259349200814,0.3178659020095,-10.143580402632,9.03280987352863,1.55117170341041,-14.6410842376322
0.443900701581988,-0.0660767430194464,0.300326691420757,-10.1410002234528,9.08490745555356,1.52249866975716,-14.6602727966436
0.439972233895327,-0.0594241491328872,0.283078657578966,-10.1383762774532,9.13705622983788,1.49057007247535,-14.6732711137538
0.435991647069561,-0.0530604969466106,0.266148858922322,-10.1358007715417,9.1891138373659,1.45554760152106,-14.6798329480024
0.431963592239656,-0.0469770688598403,0.249558301108382,-10.1333673964792,9.24094155266524,1.41764779585017,-14.6797297239198
0.427892874647312,-0.0411645162802089,0.233321707069304,-10.1311674598299,9.29240634607781,1.3771374062392,-14.6727557386535
0.423784251395729,-0.0356133546882528,0.217447368775348,-10.1292866869231,9.34338244312631,1.33432625992213,-14.6587328404743
0.419642200826985,-0.0303144711203372,0.201937147391685,-10.1278029710069,9.3937524068061,1.28955791764886,-14.6375145959914
0.415470694620728,-0.0252595884024542,0.186786670326016,-10.1267850931854,9.4434078480748,1.24319848309184,-14.608989936665
0.411273002945925,-0.0204416372856215,0.171985742142109,-10.1262922552688,9.49224992432428,1.19562402458695,-14.5730861490045
0.407051556837893,-0.0158550019004944,0.15751895167727,-10.1263742047216,9.54018980182589,1.14720722797217,-14.529770915813
0.402807882384277,-0.0114956219730277,0.143366428449431,-10.1270717553561,9.58714923252807,1.09830409035092,-14.4790530173398
0.398542610516867,-0.007360953400019,0.129504683096154,-10.1284175704141,9.63306133643094,1.04924161331352,-14.4209813346493
0.39425555631484,-0.00344980399615234,0.115907461705271,-10.1304371318751,9.6778716060764,1.00030747321221,-14.3556419911935
0.389945854441568,0.000237928760362562,0.102546552246541,-10.1331498484736,9.72153908149201,0.951742482121092,-14.2831537938536
0.385612133727392,0.00370158744519208,0.0893925001039516,-10.1365702543969,9.76403760073153,0.903736319019148,-14.203662516886
0.381252714147812,0.00694012364104905,0.0764152142580854,-10.140709233617,9.80535702184542,0.856426585190448,-14.1173349201372
0.376865812765472,0.00995248466317961,0.0635844707189795,-10.14557518608,9.84550433380729,0.809900831913483,-14.024353633736
0.372449750150506,0.0127380054489394,0.0508703410179131,-10.1511750407939,9.88450461438394,0.764200918870851,-13.9249141423309
0.36800315365438,0.0152968014381718,0.0382435883993889,-10.1575150189531,9.92240183562338,0.719328935929121,-13.819225067504
0.363525157105917,0.0176301640652351,0.0256760819283577,-10.1646010544843,9.95925954652499,0.675253949627946,-13.7075127947768
0.359015596768343,0.0197409617784163,0.0131412787134893,-10.1724387866426,9.99516146480197,0.63191896828608,-13.5900312172471
0.354475199844269,0.0216340446323453,0.000614815655210903,-10.1810330507423,10.0302119768033,0.589247689566491,-13.4670769164428
0.349905753991035,0.0233166379695572,-0.0119247684182333,-10.1903868169682,10.0645364727807,0.547150740864853,-13.3390093616401
0.345310234653983,0.0247986898509984,-0.0244951959089889,-10.2004995783652,10.0982813377537,0.505531204310132,-13.206274554576
0.340692853846714,0.0260931096502151,-0.0371095696304638,-10.2113652840848,10.1316132949381,0.464289220324688,-13.069428943378
0.336058984661502,0.0272158088579537,-0.0497755869784489,-10.2229700587013,10.164717701064,0.423325408544334,-12.9291586217024
0.331414918828669,0.0281854441455529,-0.0624950492059422,-10.2352901192648,10.1977953877561,0.382542797333918,-12.786287519877
0.326767438806863,0.0290227860347451,-0.0752638832809271,-10.2482904306087,10.2310578014825,0.341847010657929,-12.6417686041371
0.322123232956136,0.0297497063612835,-0.0880728287074988,-10.2619246265023,10.2647205404393,0.301144705918399,-12.4966550208137
0.317488239424371,0.0303878833271541,-0.100908785429049,-10.2761364973374,10.298995839187,0.260340676305636,-12.3520535264921
0.312867044607012,0.0309574235199052,-0.113756620772811,-10.2908629399527,10.33408492213,0.219334472149394,-12.2090685077617
0.308262459705793,0.031475643151192,-0.126601087785841,-10.3060378480231,10.3701712368089,0.178017628133259,-12.0687484064162
0.303675349927712,0.0319562083754608,-0.139428492447378,-10.3215961957102,10.4074153255392,0.136272468148789,-11.9320453953989
0.29910471861839,0.032408727689109,-0.152227864917653,-10.3374776273597,10.4459516307922,0.0939730665001259,-11.7997942780623
0.294547987295935,0.0328387718672774,-0.164991567101319,-10.3536291361885,10.485887083904,0.050988493068578,-11.6727105131731
0.290001383885393,0.0332482167168223,-0.177715416751351,-10.3700067266389,10.5273010651154,0.00718815757945142,-11.5514027448709
0.285460355639913,0.0336357777075088,-0.190398479327368,-10.3865761722662,10.5702462741146,-0.0375510515190206,-11.4363934067587
0.28091994669675,0.0339976213544685,-0.203042676592,-10.4033130619781,10.614750140593,-0.0833361394536087,-11.3281414244936
0.27637510815913,0.0343279737163583,-0.215652316656001,-10.4202023056552,10.6608165375296,-0.130248194591643,-11.2270626387773
0.271820932039221,0.0346196834241167,-0.228233595749152,-10.4372372047844,10.7084276700056,-0.178331784555946,-11.1335453569788
0.267252816498465,0.0348647259289419,-0.240794077668034,-10.4544181341868,10.7575460746854,-0.22758414019679,-11.0479599343719
0.262666579143425,0.0350546545372582,-0.253342131359341,-10.471750855327,10.8081166841449,-0.277944970269526,-10.9706623807597
0.25805853908357,0.035181012851481,-0.265886301965526,-10.4892444984208,10.8600689033305,-0.329287994801994,-10.9019927522645
0.253425588041489,0.0352357239322232,-0.278434603543586,-10.5069093027884,10.9133186313867,-0.38141540269181,-10.8422696033926
0.248765266587846,0.0352114655791477,-0.290993747521733,-10.5247542745349,10.9677701553019,-0.434056331979605,-10.7917820716421
0.244075854218915,0.0351020308698502,-0.303568352218688,-10.5427849826657,11.0233178505615,-0.486870103047881,-10.750781231632
0.239356472817423,0.034902661578352,-0.31616020613141,-10.5610017440856,11.0798476509681,-0.53945436232004,-10.71947217468
0.234607194083611,0.0346103328499704,-0.328767672354264,-10.5793984280151,11.1372382931225,-0.591357658295596,-10.6980078771559
0.229829135062891,0.0342239635386656,-0.341385317915926,-10.5979620399809,11.1953623948477,-0.642095442835383,-10.6864854134809
0.225024523596647,0.0337445293075766,-0.354003829898042,-10.6166731398833,11.2540874809637,-0.691168189217995,-10.6849445785812
0.220196717798201,0.0331750642433347,-0.366610245172558,-10.6355070334117,11.3132771106907,-0.738080264427706,-10.6933686220468
0.215350169571006,0.0325205489158613,-0.379188480931897,-10.6544355778159,11.3727922741119,-0.78235831203813,-10.7116866095953
0.210490329904752,0.0317876953743378,-0.391720117626862,-10.6734293806748,11.4324931997199,-0.823568083155557,-10.7397768887967
0.205623501164518,0.0309846496521302,-0.404185361097735,-10.6924601512898,11.4922416485635,-0.861328817477874,-10.7774711689998
0.200756647175484,0.0301206380804805,-0.416564099936526,-10.7115029852935,11.5519036713323,-0.895324414954599,-10.8245587500177
0.195897174674189,0.0292055844419302,-0.428836977413647,-10.7305384129897,11.611352691603,-0.925310798722433,-10.8807904045264
0.191052699528276,0.0282497212850398,-0.440986411707949,-10.7495541058572,11.6704726762259,-0.951119111431001,-10.9458813382821
0.186230808609255,0.0272632120822185,-0.452997518737808,-10.7685461979736,11.7291610865551,-0.972654731784374,-11.0195125631174
0.18143882441766,0.0262557934144676,-0.464858912788148,-10.7875202265768,11.7873312884109,-0.98989250741305,-11.1013299817759
0.176683575808012,0.0252364401697366,-0.476563375987483,-10.8064917199783,11.844914138568,-1.00286898772449,-11.1909405615819
0.17197117571092,0.0242130536591596,-0.488108394681785,-10.8254864589254,11.9018585530581,-1.01167271009502,-11.2879052164057
0.167306806649933,0.0231921737644004,-0.499496557268405,-10.8445404128993,11.9581309811304,-1.01643367801221,-11.3917284631733
0.162694517782625,0.0221787220865377,-0.510735794992487,-10.8636993150117,12.0137138392116,-1.01731305418137,-11.5018455935317
0.158137043260513,0.0211757928732903,-0.521839428202746,-10.8830178024355,12.0686030841502,-1.01449380737524,-11.6176089833127
0.153635660042331,0.0201845200829292,-0.532825962304609,-10.9025580319237,12.1228052086862,-1.00817266529946,-11.7382761353478
0.149190111610193,0.019204058221567,-0.543718569827765,-10.9223877011895,12.1763340074005,-0.99855332350426,-11.8630028417157
0.144798628419386,0.0182317158059957,-0.554544208586091,-10.942577480071,12.2292074681616,-0.985840539804304,-11.9908450265257
0.140458071704389,0.0172632678171869,-0.565332368333046,-10.9631979768106,12.281445074924,-0.970234599546771,-12.1207719335864
0.136164211424602,0.0162934454054863,-0.576113506692627,-10.984316504374,12.3330656637765,-0.951925730962622,-12.2516911771816
0.131912123305794,0.0153165628721248,-0.586917311504639,-11.0059940161575,12.3840857912383,-0.931088366321087,-12.3824832005825
0.127696661819069,0.0143272066543585,-0.597770982019371,-11.0282825960255,12.4345184200381,-0.907875567587278,-12.5120399375421
0.123512946603018,0.0133208936873063,-0.608697729763481,-11.0512237937653,12.4843716715974,-0.882414285032213,-12.6393011585367
0.119356797601797,0.0122946151669943,-0.619715654932892,-11.074847924413,12.5336474615331,-0.854802244792689,-12.7632827339475
0.115225069497029,0.0112472122426093,-0.630837073774895,-11.0991742649606,12.5823399877911,-0.825107133990394,-12.883093478317
0.111115861447342,0.010179569038145,-0.642068287823072,-11.1242119479235,12.6304342055679,-0.79336845864386,-12.997940233311
0.107028603431799,0.00909464124591406,-0.653409723684503,-11.149961296537,12.6779045320663,-0.75960212626113,-13.1071232656761
0.102964038053114,0.00799735711789929,-0.664856343270704,-11.176415360981,12.7247140489223,-0.723807548205714,-13.2100253169923
0.0989241240997821,0.00689443152498613,-0.676398224841525,-11.2035614688832,12.7708144199658,-0.685976887241309,-13.306097794946
0.0949118872981617,0.00579412731836273,-0.688021233616901,-11.2313826671835,12.8161466442211,-0.646105957230514,-13.3948470462744
0.0909312381265821,0.00470598721186742,-0.699707725651751,-11.2598589887064,12.8606426464692,-0.604206164995359,-13.475822833387
0.0869867698368992,0.00364054848093494,-0.711437252264103,-11.288968519738,12.9042275912337,-0.560316739416533,-13.5486103333178
0.0830835445070655,0.00260904499350513,-0.723187250169526,-11.3186882755785,12.9468227057978,-0.514516326252334,-13.6128262992338
0.0792268725205993,0.00162309812141146,-0.73493371249472,-11.3489949121858,12.9883483262756,-0.466932880224799,-13.66811946887
0.0754220918149559,0.000694400473850302,-0.746651837248224,-11.3798653150016,13.028726849068,-0.417750723269572,-13.7141748316909
0.0716743570403925,-0.000165596492087096,-0.758316643127095,-11.4112771103541,13.0678852867819,-0.367213727153775,-13.7507209563268
0.0679884538990532,-0.000945970143016393,-0.769903530056402,-11.4432091391672,13.1057571953414,-0.31562386434897,-13.7775392530317
0.064368658072954,-0.00163655972791294,-0.78138874806877,-11.4756419171197,13.1422838503332,-0.263334848476145,-13.7944738585757
0.0608186588031032,-0.00222811065072372,-0.792749729039222,-11.5085580828456,13.1774146869518,-0.210741187588434,-13.8014408435842
0.057341562614994,-0.00271229958889526,-0.803965237092309,-11.5419428122967,13.211107151326,-0.158263580282809,-13.798435680938
0.0539399827878536,-0.00308162305025716,-0.815015308173048,-11.5757841603068,13.2433262109113,-0.106332059386679,-13.7855383423451
0.0506162067217081,-0.00332915214601537,-0.825880975914769,-11.6100732853028,13.2740438140691,-0.0553685246133051,-13.7629159092649
0.0473724194723262,-0.003448179360147,-0.836543813953212,-11.6448045214602,13.3032385648301,-0.00577026548754052,-13.7308230593256
0.0442109506563657,-0.00343180365866082,-0.846985356563464,-11.6799752813101,13.3308957967694,0.0421042038320934,-13.6896010935765
0.04113450596226,-0.00327251414323373,-0.857186483062612,-11.7155857950256,13.3570081123599,0.0879461039735671,-13.639676223104
0.0381463444452393,-0.00296183742648063,-0.867126862767908,-11.7516387144975,13.381576328724,0.131503716822407,-13.5815576210576
0.0352503682295567,-0.00249010979023633,-0.876784555438519,-11.7881386269697,13.4046106613919,0.172586063999939,-13.5158353185168
0.0324511012466104,-0.00184642286238197,-0.886135847909814,-11.8250915327756,13.4261319000426,0.2110632217391,-13.4431774850366
0.0297535472839266,-0.00101877206501364,-0.89515538222355,-11.8625043438345,13.4461722917435,0.246863725329201,-13.364326134013
0.0271629340156424,5.58848346394816e-06,-0.903816594949112,-11.9003844526715,13.4647758511141,0.279969571968574,-13.2800899999025
0.0246843674108946,0.00123961070786837,-0.912092443490135,-11.9387394036221,13.4819978653803,0.310409315717646,-13.1913334080262
0.022322437350315,0.00269579316394324,-0.919956347911859,-11.9775766673887,13.4979034560333,0.338249713861721,-13.0989604851677
0.0200808265455075,0.00438547784269683,-0.927383235427699,-12.0169034801691,13.5125651914869,0.363586372277576,-13.0038949847206
0.0179619769383059,0.00631819451725816,-0.934350551053061,-12.0567266683831,13.5260598974976,0.38653386337093,-12.9070570915116
0.015966858544047,0.00850113668969869,-0.940839101761352,-12.097052353306,13.5384649516837,0.407215835547743,-12.8093394739088
0.0140948667264265,0.0109388281645819,-0.946833634455104,-12.1378854291046,13.5498544389721,0.42575565751515,-12.7115852330061
0.0123438503361707,0.0136330032864014,-0.952323101361386,-12.1792287370859,13.560295561938,0.44226810594265,-12.614570116649
0.0107102517683133,0.0165826874403907,-0.957300623946792,-12.2210819114472,13.5698456435403,0.456852498931548,-12.518990537659
0.00918932615272291,0.0197844371017686,-0.961763211995701,-12.2634399326511,13.5785499531966,0.469587520731162,-12.4254578709326
0.00777540255912186,0.0232326854304376,-0.965711318642956,-12.3062914782392,13.5864404652972,0.480527815466376,-12.3344985436989
0.00646215382921163,0.026920139555852,-0.969148314359775,-12.3496171974846,13.5935355525513,0.489702288058406,-12.246558802372
0.00524285008373919,0.0308381850095448,-0.972079949221981,-12.3933880531909,13.5998405411148,0.497113960553423,-12.1620127941285
0.00411058060267293,0.0349772660067322,-0.974513851596856,-12.4375638739322,13.6053490114358,0.502741192715808,-12.0811726649639
0.0030584371768681,0.039327223278823,-0.976459089785253,-12.4820922477081,13.6100447098761,0.506540073901378,-12.0042996150826
0.00207965803241145,0.043877581563276,-0.977925805472122,-12.5269078672044,13.6139039305611,0.508447811101317,-11.9316151418601
0.00116773493147295,0.0486177859370414,-0.978924915710693,-12.5719324098155,13.6168982259345,0.508386960224753,-11.8633119560653
0.000316487545692948,0.0535373902361322,-0.979467873423626,-12.6170750032967,13.6189973036952,0.506270364225281,-11.7995642395711
-0.000479890620172617,0.058626202600687,-0.979566473979757,-12.662233291153,13.6201719666456,0.502006667994738,-11.7405370177557
-0.00122681093111742,0.0638743935724337,-0.979232695952206,-12.7072950720534,13.6203969524982,0.495506275132956,-11.6863944623483
-0.00192928968291731,0.0692725718962897,-0.978478566377689,-12.7521404471605,13.6196535358778,0.486687596578188,-11.6373069436496
-0.00259196655350932,0.0748118328089342,-0.977316043577372,-12.7966443716837,13.6179317671649,0.475483416844762,-11.5934566380039
-0.00321913836233993,0.0804837835017254,-0.975756912942018,-12.8406794760699,13.6152322436107,0.461847171348467,-11.5550414864557
-0.00381480456152529,0.0862805507760279,-0.973812692368534,-12.8841190015676,13.6115673366361,0.44575888939051,-11.5222773078094
-0.00438272023471512,0.0921947765928209,-0.971494543937576,-12.9268396870407,13.6069618329138,0.427230514589445,-11.4953979028754
-0.00492645196375136,0.0982196079568833,-0.968813187031941,-12.9687244499445,13.6014529819364,0.406310273448145,-11.4746530511471
-0.00544943222428512,0.104348687876912,-0.965778805961144,-13.0096647237907,13.5950899750774,0.383085732784384,-11.4603043970625
-0.00595500946367812,0.110576153406211,-0.962400943255359,-13.0495623452504,13.5879329069853,0.357685181479045,-11.4526193462611
-0.00644649400737125,0.116896644436649,-0.95868836937529,-13.0883309232669,13.5800512873339,0.330277007430555,-11.4518632325133
-0.0069272044026173,0.123305322684145,-0.954648921894394,-13.1258966666262,13.5715221792917,0.301066831380817,-11.4582901545535
-0.00740052422499327,0.129797894326611,-0.950289313075347,-13.1621986916134,13.5624280423061,0.270292312675634,-11.4721329906343
-0.00786998470268603,0.136370622802765,-0.945614914198728,-13.1971888739505,13.5528543538228,0.238215751388358,-11.4935931415297
-0.00833939232015072,0.143020311699043,-0.940629536969463,-13.2308313455936,13.5428870802905,0.205114851632125,-11.5228304938034
-0.00881302131440807,0.149744233118995,-0.935335244825947,-13.2631017639899,13.5326100639806,0.171272240347555,-11.5599539103043
-0.00929588741347311,0.156539976051258,-0.929732237516527,-13.2939864966558,13.5221023889179,0.136964504266915,-11.6050122472548
-0.00979411054920278,0.163405193205385,-0.923818858567746,-13.3234818662546,13.5114357856604,0.10245157200113,-11.6579855111914
-0.0103153603675355,0.170337234240063,-0.917591775555285,-13.3515935907975,13.5006721304564,0.0679672081943765,-11.718775397494
-0.0108693591536132,0.177332668730379,-0.911046376163231,-13.378336530609,13.4898610917323,0.0337112151786853,-11.7871942372946
-0.0114683923591128,0.18438672430964,-0.904177407186604,-13.4037348172896,13.4790379820432,-0.000156301515347895,-11.8629515036408
-0.0121277479878313,0.19149269502926,-0.896979855643686,-13.4278223855789,13.4682218957617,-0.0335184918342673,-11.9456376897703
-0.0128659759651696,0.198641411584769,-0.889450026278385,-13.4506438485703,13.4574142599118,-0.0663032206608506,-12.0347067245235
-0.01370483633299,0.205820903201212,-0.881586704935144,-13.4722555431032,13.4465979960498,-0.0984825969438245,-12.1294600998509
-0.0146688078606391,0.213016405759653,-0.873392218918829,-13.4927264318627,13.4357375624664,-0.130070733459341,-12.229038115468
-0.0157840786877105,0.220210856827943,-0.864873138742414,-13.5121384191933,13.4247801682244,-0.161119830953834,-12.3324250685411
-0.0170770514084658,0.227385939685619,-0.856040356440335,-13.5305855948419,13.4136583588133,-0.191714633530184,-12.4384743802523
-0.0185725491152284,0.234523592472955,-0.84690837018207,-13.5481720512071,13.40229393109,-0.221965361464068,-12.5459555252387
-0.0202920459062124,0.241607729541419,-0.837493807386215,-13.5650082539109,13.3906027915675,-0.251999426784665,-12.6536178900765
-0.0222522857196392,0.248625814093431,-0.827813458286998,-13.5812063848832,13.378500074034,-0.281952508073919,-12.7602602315358
-0.0244645562514294,0.255569945203995,-0.817882249323216,-13.5968754181943,13.3659047458903,-0.311959754409749,-12.8647918689111
-0.0269346900708002,0.262437275403338,-0.807711576006464,-13.6121167545827,13.3527431158386,-0.342147874358124,-12.9662747286445
-0.0296636700412936,0.269229776415698,-0.797308254748421,-13.627021014424,13.3389510080285,-0.372628636290923,-13.0639420567285
-0.0326486041367487,0.275953523617884,-0.786674141103978,-13.6416662160617,13.3244747107489,-0.403493977259794,-13.1571963480417
-0.0358838258639847,0.282617726487699,-0.775806298344744,-13.6561172312336,13.3092710122507,-0.434812636079694,-13.2455930306651
-0.0393619363718518,0.289233706367874,-0.76469752809969,-13.6704262176156,13.2933066806349,-0.466628076522574,-13.3288171582987
-0.0430746841080183,0.295813957517011,-0.753337079756782,-13.684633683327,13.2765576827165,-0.498957447854557,-13.4066589074783
-0.0470136443979599,0.302371360824105,-0.741711399783342,-13.6987698856826,13.2590083370446,-0.531791391533523,-13.4789914830913
-0.0511707032752341,0.308918570690186,-0.729804833819539,-13.7128563479144,13.2406505054516,-0.565094587410739,-13.5457530698529
-0.0555383701314243,0.315467567250089,-0.717600236389411,-13.7269073551749,13.2214828643996,-0.598807000290423,-13.6069331017241
-0.0601099499527663,0.322029353342589,-0.705079471033075,-13.7409313494104,13.2015102623616,-0.632845819691023,-13.6625623496046
-0.0648796050853881,0.328613772012451,-0.692223799770848,-13.7549321804518,13.1807431551296,-0.667108080062046,-13.712705996623
-0.0698423331756001,0.335229420884172,-0.679014169088473,-13.7689101928527,13.1591971087118,-0.701473913606417,-13.7574588157137
-0.074993884407534,0.341883641592525,-0.665431403609885,-13.7828631406016,13.1368923624566,-0.735810336467327,-13.7969416607365
-0.080330638110635,0.348582564356771,-0.651456320605697,-13.7967869296319,13.1138534486342,-0.76997541603984,-13.8312986481254
-0.085849456154614,0.355331189521896,-0.637069779627475,-13.810676193957,13.0901088664693,-0.803822625687469,-13.8606945907452
-0.0915475279690497,0.362133489686414,-0.62225268222171,-13.8245247165615,13.0656908078097,-0.837205172370672,-13.8853124193385
-0.0974222192696404,0.368992518175545,-0.606985936816237,-13.8383257109983,13.0406349286479,-0.869980086459353,-13.9053504724266
-0.103470933589526,0.375910512234584,-0.59125040333665,-13.8520719835399,13.014980156687,-0.902011889671153,-13.9210196443355
-0.109690992636951,0.382888982335624,-0.575026830838523,-13.8657559981827,12.988768521318,-0.933175700737288,-13.9325404514836
-0.116079538573297,0.389928782174136,-0.55829579952652,-13.8793698674627,12.9620449898583,-0.963359690879282,-13.94014011275
-0.122633458781897,0.39703015697392,-0.541037676204866,-13.8929052909449,12.9348572933519,-0.992466854239265,-13.9440497476255
-0.129349331763577,0.404192770339846,-0.523232589762052,-13.9063534607039,12.9072557268527,-1.02041610542288,-13.944501784454
-0.136223391528461,0.41141571191021,-0.504860431022089,-13.9197049496456,12.8792929126455,-1.0471427531734,-13.9417276487056
-0.143251507227032,0.418697489393648,-0.4859008794093,-13.9329495946892,12.851023519746,-1.07259842435461,-13.935955774753
-0.150429174668928,0.426036009264741,-0.466333457489287,-13.9460763831374,12.8225039385639,-1.09675052639369,-13.9274099589549
-0.157751516665152,0.433428550547362,-0.446137613583217,-13.9590733473725,12.7937919150782,-1.11958134093287,-13.916308049862
-0.165213289641457,0.440871735880951,-0.425292832247339,-13.9719274705285,12.7649461536553,-1.14108683901911,-13.90286095433
-0.172808894569882,0.4483615035907,-0.403778772358063,-13.9846246040656,12.7360259012704,-1.16127530107017,-13.8872719263597
-0.180532390847537,0.455893083895838,-0.381575432718136,-13.9971493971693,12.7070905281178,-1.18016581509127,-13.8697360980785
-0.188377512249816,0.463460981785743,-0.358663345376464,-14.0094852374937,12.6781991203256,-1.19778671569785,-13.8504402086169
-0.196337684466627,0.471058968531185,-0.335023797123334,-14.0216142028231,12.6494100998253,-1.21417401547217,-13.8295624858868
-0.204406043988994,0.478680083305087,-0.310639079796656,-14.0335170235956,12.6207808845607,-1.22936986969533,-13.8072726376782
-0.212575458262404,0.486316645967054,-0.285492770049751,-14.0451730567819,12.5923675994597,-1.24342110591482,-13.7837319114484
-0.220838547085548,0.493960281705257,-0.259570039044168,-14.0565602722417,12.5642248452428,-1.25637784129996,-13.7590931861863
-0.229187705235682,0.501601957907293,-0.232857992116543,-14.0676552533143,12.5364055285447,-1.26829220335791,-13.7335010644329
-0.237615126270924,0.509232033325968,-0.205346037814013,-14.0784332139858,12.5089607532467,-1.2792171633196,-13.7070919376225
-0.24611282741758,0.51684031929815,-0.177026284795003,-14.0888680354834,12.4819397696123,-1.28920548631736,-13.679994003175
-0.254672675414022,0.52441615245323,-0.147893963955883,-14.0989323255617,12.4553899749357,-1.29830879830581,-13.6523272170244
-0.263286413162797,0.531948478008703,-0.117947871780603,-14.1085975040487,12.4293569570767,-1.30657676646224,-13.6242031704106
-0.271945687045206,0.539425942398417,-0.0871908293400838,-14.1178339184061,12.4038845704964,-1.31405638747311,-13.5957248846844
-0.280642074778481,0.54683699362545,-0.0556301496225371,-14.1266109931036,12.3790150332418,-1.32079137659672,-13.5669865225388
-0.289367113742049,0.554169987392701,-0.0232781040013348,-14.1348974164961,12.354789032709,-1.3268216496105,-13.5380730184584
-0.298112329760596,0.561413296759511,0.00984762329036321,-14.1426613685878,12.3312458279003,-1.33218288961716,-13.5090596352687
-0.306869266400129,0.568555422821961,0.0437235057208544,-14.1498707925395,12.3084233362215,-1.33690619110438,-13.4800114574932
-0.315629514900644,0.575585103736605,0.0783197848721666,-14.1564937119819,12.2863581935853,-1.34101777452111,-13.4509828358019
-0.324384744927048,0.582491419317782,0.113600137013343,-14.1624985951022,12.2650857776592,-1.34453876583543,-13.4220168001857
-0.333126736361375,0.589263888448052,0.149521413202458,-14.1678547650493,12.2446401854881,-1.34748503694681,-13.3931444626272
-0.341847412378896,0.595892556654384,0.186033470733261,-14.1725328544373,12.2250541584333,-1.3498671043012,-13.3643844329483
-0.350538874046157,0.602368071417665,0.223079113407822,-14.1765052996279,12.2063589493922,-1.35169008445437,-13.3357422741735
-0.359193436651366,0.608681743090723,0.2605941568426,-14.1797468680833,12.1885841296211,-1.3529537064953,-13.307210026102
-0.367803667931445,0.614825589684706,0.298507632681869,-14.1822352094615,12.1717573351722,-1.35365238202615,-13.2787658277472
-0.376362428303134,0.62079236422373,0.336742142137633,-14.1839514184048,12.1559039559849,-1.35377533365765,-13.2503736707951
-0.384862913146843,0.62657556383792,0.37521436471645,-14.1848805942771,12.1410467740076,-1.35330678259644,-13.221983317115
-0.393298697140274,0.632169420238864,0.413835722443788,-14.1850123806381,12.1272055603048,-1.35222619478481,-13.1935304135208
-0.401663780599877,0.637568871675038,0.45251319357272,-14.1843414651857,12.114396644824,-1.35050858315741,-13.1649368362733
-0.409952637761765,0.642769516880285,0.491150262985182,-14.1828680194915,12.102632476184,-1.34812486091574,-13.136111296102
-0.418160266911821,0.647767551898022,0.529647989668463,-14.1805980572897,12.0919211922871,-1.34504223736748,-13.1069502316719
-0.426282242240409,0.652559690992273,0.567906165245623,-14.1775436905504,12.0822662254784,-1.34122464398745,-13.0773390153058
-0.434314767225064,0.657143073161758,0.605824532048515,-14.1737232642097,12.0736659680554,-1.33663317416251,-13.0471534893003
-0.442254729205048,0.661515156084416,0.643304025114846,-14.16916135331,12.0661135248475,-1.33122651589097,-13.0162618443027
-0.450099754574853,0.665673599672521,0.680248000163737,-14.1638886104078,12.0595965790148,-1.32496135289541,-12.9845268429975
-0.45784826366781,0.669616141847383,0.716563409336,-14.1579414563281,12.054097394898,-1.31779270660094,-12.9518083829488
-0.46549952391926,0.673340469670984,0.752161888398581,-14.1513616134777,12.0495929775265,-1.3096741896797,-12.9179663822245
-0.473053699307082,0.676844089602204,0.786960723150289,-14.1441954876603,12.0460554022492,-1.30055814180479,-12.8828639609574
-0.480511893408123,0.680124201350769,0.820883668686922,-14.1364934112988,12.0434523200702,-1.29039562027503,-12.8463708821015
-0.487876182751316,0.683177580522591,0.853861602578099,-14.1283087677037,12.04174763503,-1.27913622254796,-12.8083672063641
-0.495149636582569,0.686000475894086,0.885833001333314,-14.1196970220731,12.040902339976,-1.26672772458984,-12.7687471108116
-0.502336318783513,0.688588527606498,0.916744238168196,-14.1107146898067,12.0408754870579,-1.25311552829057,-12.7274228191038
-0.50944126760249,0.690936712714673,0.94654970838505,-14.1014182760645,12.0416252601236,-1.23824192280453,-12.6843285945658
-0.516470449136226,0.693039324252841,0.975211796064332,-14.091863222009,12.0431101086995,-1.22204517824937,-12.6394247556048
-0.523430681183464,0.694889989223174,1.00270070174313,-14.0821028926938,12.0452898981123,-1.2044585053554,-12.5927016856078
-0.530329525171759,0.696481729652497,1.02899415499933,-14.0721876391443,12.0481270279605,-1.18540893108867,-12.5441838244944
-0.537175145287496,0.697807069134166,1.05407703819985,-14.0621639630634,12.0515874716683,-1.16481615778499,-12.4939336431689
-0.543976135637442,0.698858185157122,1.07794094810237,-14.0520738072045,12.0556416929628,-1.14259149191202,-12.4420556105799
-0.550741318146706,0.699627105125499,1.10058372064815,-14.0419539883519,12.0602654002521,-1.11863694829843,-12.3887001602818
-0.557479515869339,0.700105941387406,1.12200894136308,-14.031835783616,12.0654401063356,-1.09284465647399,-12.3340676434471
-0.564199308388544,0.700287157891272,1.14222545955864,-14.0217446749228,12.071153468033,-1.06509671705215,-12.2784122131939
-0.570908777956979,0.700163858317644,1.16124691928876,-14.0117002514607,12.0773993878752,-1.03526567615586,-12.222045518275
-0.577615256891267,0.699730082750961,1.17909131411186,-14.0017162654521,12.0841778681561,-1.00321580132266,-12.1653399941844
-0.584325088324146,0.698981097304451,1.19578056657186,-13.9918008325928,12.0914946171434,-0.968805347538202,-12.1087314341239
-0.591043413427409,0.697913658922168,1.21134012757145,-13.9819567641786,12.0993604191767,-0.931889989260556,-12.0527204158009
-0.597773998177052,0.6965262364484,1.22579858633216,-13.9721820125462,12.1077902957068,-0.892327554341366,-11.9978720744248
-0.60451911105578,0.694819169822841,1.23918727950196,-13.9624702044376,12.1168025031647,-0.849984119935967,-11.9448136734893
-0.611279459258439,0.692794752859129,1.25153988928553,-13.9528112283866,12.1264174343126,-0.804741413525759,-11.894229457129
-0.618054184824542,0.690457232139176,1.26289202595296,-13.9431918334407,12.1366565086407,-0.756505305517285,-11.8468523849069
-0.624840914208488,0.68781272495709,1.27328079950557,-13.9335961899388,12.1475411486344,-0.70521499440284,-11.8034525472166
-0.631635846563001,0.684869071574651,1.28274439697308,-13.9240063620086,12.1590919358809,-0.650852291985943,-11.7648223107152
-0.638433859702745,0.681635648538988,1.29132169254725,-13.9144026491732,12.1713280192847,-0.593450243121716,-11.7317585062336
-0.645228610809366,0.678123176816807,1.29905192326135,-13.9047637726605,12.1842668069391,-0.533100193258406,-11.7050422043747
-0.65201261319465,0.674343557626214,1.30597445921931,-13.8950669094724,12.1979239196565,-0.469956377520744,-11.6854168036294
-0.658777280897167,0.670309758436719,1.31212868248322,-13.8852876091965,12.2123133300958,-0.404237172286179,-11.6735652898015
-0.665512947301137,0.666035752966074,1.3175539641906,-13.8753996572005,12.2274475721562,-0.336222343686513,-11.6700876440507
-0.672208878058307,0.661536496740826,1.32228970091286,-13.865374964566,12.2433378940793,-0.266245958533528,-11.6754795056288
-0.678853307300026,0.656827900849809,1.3263753473849,-13.8551835632261,12.259994251264,-0.194685086132188,-11.6901133217528
-0.685433525529623,0.651926757942527,1.32985037271006,-13.8447937624994,12.2774250860936,-0.1219449759291,-11.7142232730253
-0.691936036834544,0.646850580577098,1.3327540770311,-13.8341724853982,12.2956369067315,-0.0484419607199412,-11.7478951448422
-0.698346785302511,0.641617331932862,1.33512523522324,-13.8232857603885,12.3146337342749,0.0254142202395738,-11.7910619414565
-0.704651432072504,0.636245056506649,1.33700157590038,-13.8120993096985,12.3344165200845,0.099236797065013,-11.8435054166639
-0.71083565218769,0.630751444376674,1.33841914550854,-13.8005791589899,12.3549826350088,0.172675322987885,-11.9048629520807
-0.716885418669448,0.625153378434238,1.33941163616346,-13.7886921981998,12.3763255052368,0.24542478128143,-11.9746385684168
-0.722787249801556,0.619466515620141,1.34000976501311,-13.7764066444133,12.3984344310153,0.31722993301345,-12.0522165243205
-0.728528410125868,0.613704942374247,1.34024078261621,-13.7636923841919,12.421294591742,0.387885136596306,-12.1368760592298
-0.734097069861304,0.607880927034428,1.34012816445086,-13.7505211941487,12.4448872252456,0.457230467700121,-12.2278063350108
-0.739482436061233,0.602004774502369,1.33969151152221,-13.7368668484222,12.469189971452,0.525145312122294,-12.3241213478541
-0.744674869334798,0.596084775860527,1.33894665967491,-13.7227051200365,12.4941773826094,0.59154067490976,-12.4248752610432
-0.749665993155929,0.590127239331797,1.33790597577969,-13.7080136753901,12.5198216101492,0.656351295453888,-12.529079001867
-0.754448792034498,0.584136587829068,1.33657880287489,-13.6927718553057,12.5460932693707,0.719528363378564,-12.6357189107441
-0.759017684778181,0.578115509738221,1.33497200511879,-13.6769603392131,12.5729624518523,0.781033281855427,-12.7437777149181
-0.763368554075682,0.572065150941059,1.33309055714242,-13.6605607038983,12.6003998071619,0.840832600938079,-12.8522572814405
-0.767498716121713,0.565985335931693,1.33093812199981,-13.6435549116772,12.6283775659354,0.898894002534594,-12.9602017746027
-0.771406823447095,0.559874804234179,1.32851756820933,-13.625924786788,12.6568703458629,0.955183094056473,-13.0667193152574
-0.775092707120233,0.553731446428157,1.32583138887011,-13.6076515538111,12.6858555856084,1.00966076103875,-13.1710002147647
-0.778557176279402,0.547552523568211,1.32288200224767,-13.5887155117985,12.7153134914995,1.0622809104182,-13.2723303330017
-0.781801799549288,0.541334855763551,1.31967193016312,-13.5690959021685,12.7452264467588,1.11298855674742,-13.3700988966262
-0.784828692700331,0.535074970241379,1.31620386482369,-13.5487710024654,12.7755779046265,1.16171831428983,-13.4638009357495
-0.787640330997006,0.528769205434351,1.31248064454128,-13.5277184493465,12.8063508480338,1.20839342574279,-13.5530351247508
-0.790239395805873,0.522413774095742,1.30850516383679,-13.5059157692761,12.8375259402853,1.25292547268219,-13.6374981393018
-0.792628656218569,0.516004793814446,1.3042802445756,-13.4833410780086,12.8690795127779,1.29521488130379,-13.7169766839331
-0.794810879908574,0.509538296682344,1.29980849325835,-13.4599739006669,12.9009815418412,1.33515227632854,-13.7913381938241
-0.796788764189845,0.503010230919812,1.29509216644743,-13.4357960617157,12.9331937633203,1.37262066352261,-13.8605209773835
-0.798564878199094,0.496416466130695,1.29013306219459,-13.4107925963331,12.9656680648328,1.40749835081691,-13.9245243253553
-0.800141609487728,0.489752811008138,1.28493245057307,-13.3849526396754,12.9983452832107,1.4396624581579,-13.9833989136891
-0.801521111971794,0.483015048410775,1.2794910512028,-13.3582702568804,13.0311545176033,1.4689928214935,-14.0372376856916
-0.802705256027389,0.476198988508842,1.27380906022294,-13.3307451834146,13.0640130450414,1.49537606852455,-14.0861673090319
-0.803695584611089,0.469300536863267,1.267886223872,-13.3023834519348,13.0968268931854,1.51870963345718,-14.1303402520873
-0.804493281024729,0.462315771423659,1.26172195115061,-13.273197887846,13.1294920841937,1.53890548474687,-14.1699274985648
-0.805099154094382,0.4552410208864,1.25531545445733,-13.2432084609582,13.1618965160542,1.55589336302174,-14.205111908967
-0.805513645213815,0.448072936762004,1.24866590500375,-13.2124424849863,13.1939223974905,1.56962336452727,-14.23608223536
-0.8057368593187,0.440808552720676,1.24177258942532,-13.1809346601444,13.2254491055736,1.58006775581366,-14.2630277976654
-0.805768618986427,0.433445326955705,1.23463505524445,-13.1487269569571,13.2563562978811,1.58722196367994,-14.2861338323692
-0.805608538105479,0.425981165930169,1.22725323538091,-13.1158683419703,13.2865270889934,1.59110474484965,-14.3055775259284
-0.805256109434364,0.418414430434079,1.21962754522345,-13.0824143486995,13.3158510976732,1.59175759599984,-14.3215247435989
-0.804710799182357,0.410743926942539,1.21175894928002,-13.048426500285,13.3442271866129,1.58924351050338,-14.3341274589529
-0.803972141568776,0.402968888560326,1.20364899757324,-13.0139715941801,13.3715657485128,1.58364521904911,-14.3435218798948
-0.803039827023301,0.395088950286967,1.19529983436216,-12.9791208638204,13.39779043551,1.57506306507312,-14.3498272542529
-0.801913779009462,0.387104123033286,1.18671418327858,-12.9439490373648,13.4228392774877,1.56361266324505,-14.35314532338
-0.800594216071801,0.379014769974436,1.17789531359759,-12.9085333187848,13.4466651825119,1.54942247299622,-14.353560377267
-0.799081697339033,0.370821587689254,1.16884699229514,-12.8729523211486,13.469235854646,1.53263139362925,-14.3511398509794
-0.797377151154115,0.36252559334754,1.15957342603237,-12.83728498522,13.4905331973961,1.51338645779153,-14.3459353909689
-0.795481887635014,0.354128118145399,1.15007919650053,-12.8016095178693,13.5105522935458,1.4918406705195,-14.3379843116947
-0.793397596766734,0.345630806362358,1.14036919186588,-12.7660023839304,13.5293000641624,1.46815101516348,-14.3273113583211
-0.791126334112069,0.337035618865258,1.13044853650078,-12.7305373819503,13.5467937122058,1.44247662749661,-14.3139306899699
-0.788670496460377,0.328344839605886,1.12032252082934,-12.6952848290429,13.5630590512093,1.41497712612701,-14.2978479998399
-0.786032789770835,0.319561083614234,1.10999653294414,-12.6603108732685,13.5781288089098,1.38581108081332,-14.279062693063
-0.783216191663226,0.310687305124374,1.09947599361458,-12.6256769443358,13.5920409814625,1.35513459947879,-14.2575700500213
-0.780223910508307,0.301726804728381,1.08876629633592,-12.5914393456975,13.6048372977461,1.32310001819756,-14.2333633115743
-0.77705934290422,0.292683234780231,1.07787275408712,-12.5576489840039,13.6165618367216,1.28985468456506,-14.206435632826
-0.773726031022397,0.283560602616038,1.0668005544128,-12.5243512259372,13.6272598250233,1.25553983207536,-14.1767818633159
-0.770227620990084,0.274363271475767,1.05555472427723,-12.491585868042,13.6369766277857,1.22028955003397,-14.1444001234514
-0.766567823169804,0.265095959269915,1.04414010583718,-12.4593872024245,13.6457569337008,1.18422985907005,-14.1092931592323
-0.762750374920096,0.255763735508138,1.03256134385198,-12.4277841600666,13.6536441257667,1.14747790578452,-14.071469469423
-0.758779006194464,0.246372016783138,1.02082288492033,-12.3968005137656,13.6606798221973,1.11014129116581,-14.0309442108608
-0.754657408169376,0.236926561182734,1.00892898814878,-12.366455124069,13.666903567405,1.07231754615502,-13.9877398980602
-0.750389204992848,0.227433461898364,0.996883746268117,-12.3367622136657,13.672352650591,1.03409376446841,-13.9418869221859
-0.745977928710793,0.217899140130984,0.984691115674924,-12.3077316581929,13.677062028921,0.995546398010551,-13.8934239213485
-0.74142699744981,0.208330337193223,0.972354953431954,-12.2793692840331,13.6810643331273,0.956741214569707,-13.842398038598
-0.736739696998059,0.198734105499213,0.959879058947334,-12.2516771661939,13.6843899352268,0.917733411625331,-13.7888651056491
-0.731919166011834,0.189117797948229,0.947267217886416,-12.2246539216355,13.6870670604942,0.878567874597966,-13.7328897890922
-0.726968385164584,0.179489055068209,0.934523245855199,-12.198294995374,13.6891219285084,0.839279563185287,-13.6745457316421
-0.721890170627299,0.169855789207612,0.921651029520603,-12.1725929383011,13.6905789107264,0.799894005847214,-13.6139157140537
-0.716687172305507,0.160226165060353,0.908654563082592,-12.1475376769425,13.691460694421,0.760427880154562,-13.5510918541013
-0.711361877241767,0.150608575885369,0.89553797836445,-12.1231167763412,13.6917884448126,0.720889655584821,-13.4861758481139
-0.705916618509609,0.141011614942409,0.882305567219269,-12.099315697926,13.6915819587836,0.681280275319092,-13.4192792488009
-0.700353589765642,0.131444041908224,0.868961795444392,-12.076118054617,13.6908598047068,0.641593854498611,-13.3505237615549
-0.694674865386684,0.121914744357474,0.855511307935137,-12.0535058655347,13.6896394437016,0.601818374067135,-13.2800415312663
-0.688882425802102,0.112432694779395,0.841958925379178,-12.0314598125118,13.6879373281924,0.561936351621978,-13.2079753842376
-0.68297818725163,0.103006904034798,0.828309633373733,-12.0099595001507,13.6857689740935,0.521925473542662,-13.1344789863143
-0.676964034781162,0.0936463726072277,0.814568565411084,-11.9889837204326,13.6831490034427,0.48175917603968,-13.0597168798916
-0.670841856870805,0.0843600414239134,0.800740981683866,-11.9685107219019,13.6800911549633,0.441407166680252,-12.9838643696157
-0.664613579717782,0.0751567443631046,0.786832246057807,-11.9485184822891,13.6766082609279,0.400835882418506,-12.9071072392726
-0.658281198923235,0.0660451647669667,0.772847803786381,-11.9289849822004,13.6727121898459,0.360008885161138,-12.8296412995914
-0.651846806204793,0.0570337982910656,0.758793162541005,-11.9098884763369,13.6684137558411,0.318887201342978,-12.7516717866047
-0.645312608812054,0.0481309242071128,0.744673879058696,-11.8912077577523,13.6637225970134,0.277429617693653,-12.6734126502112
-0.638680939575235,0.0393445868266425,0.730495553151116,-11.8729224100687,13.6586470264157,0.235592951100097,-12.5950857896705
-0.631954255958805,0.0306825880545891,0.716263829997699,-11.8550130424368,13.6531938603609,0.193332315930607,-12.5169203040895
-0.625135127088011,0.0221524912704737,0.701984410625045,-11.8374615023999,13.6473682294654,0.150601417120624,-12.4391518293552
-0.61822620841486,0.0137616358518646,0.687663069354038,-11.8202510626691,13.6411733780521,0.107352901522557,-12.3620220273732
-0.611230204431675,0.00551716079002779,0.673305675895547,-11.8033665790337,13.6346104573238,0.0635388033594319,-12.285778279119
-0.604149820568937,-0.00257396491555508,0.658918218818798,-11.7867946180716,13.6276783171661,0.0191111220134541,-12.2106736112987
-0.596987706086497,-0.010504907995596,0.644506826413015,-11.7705235548079,13.6203733007691,-0.0259774282681161,-12.136966859603
-0.58974639035746,-0.0182689360910811,0.63007778059644,-11.7545436418145,13.6126890456827,-0.071772457052862,-12.0649230422029
-0.582428215440607,-0.0258593858673312,0.615637519550196,-11.7388470523031,13.6046162946978,-0.118316686612327,-11.9948138877892
-0.57503526823625,-0.0332696375290862,0.60119262519179,-11.7234279004198,13.5961427202757,-0.165648456677594,-11.9269184351756
-0.567569315814143,-0.0404930989780689,0.58674979245524,-11.7082822421314,13.5872527672601,-0.213799917857856,-11.8615235978806
-0.560031747667502,-0.0475232024289909,0.572315778593981,-11.6934080597876,13.5779275203413,-0.262794898228903,-11.7989245683557
-0.552423528637486,-0.0543534156593393,0.557897332331039,-11.6788052326615,13.5681446050992,-0.312646445279195,-11.7394249236522
-0.544745165994331,-0.0609772691822043,0.543501104582372,-11.66447549462,13.5578781341609,-0.363354070321064,-11.6833362884083
-0.536996693561746,-0.0673883994658264,0.529133544561258,-11.6504223786936,13.5470987126328,-0.414900755369858,-11.6309774134119
-0.529177674737181,-0.0735806068637222,0.514800787153129,-11.6366511469608,13.5357735188184,-0.467249823041268,-11.5826725402377
-0.521287224732255,-0.0795479252028957,0.500508539262018,-11.623168703185,13.5238664764771,-0.520341816242462,-11.5387489461583
-0.513324050352984,-0.0852846981323826,0.486261974008269,-11.6099834854631,13.5113385325149,-0.574091582191137,-11.4995335997922
-0.505286503304096,-0.0907856556082579,0.472065641770563,-11.5971053372477,13.4981480481183,-0.628385798035114,-11.4653489067152
-0.497172640645411,-0.0960459826595318,0.457923405681479,-11.5845453578739,13.4842513013231,-0.683081204413184,-11.4365075834199
-0.488980284129718,-0.101061372308924,0.443838405992319,-11.5723157383116,13.4696030849102,-0.738003819038327,-11.4133067628304
-0.480707069304263,-0.105828055680285,0.429813052681005,-11.5604295940325,13.4541573664062,-0.792949376074145,-11.3960214973712
-0.472350476048968,-0.110342805233525,0.415849039175987,-11.5489008137954,13.4378679591062,-0.847685173478774,-11.3848978763452
-0.463907835053901,-0.114602911740148,0.401947363015061,-11.5377439494309,13.4206891378704,-0.901953410409072,-11.3801460022782
-0.455376309627557,-0.118606141613513,0.388108333033862,-11.5269741755306,13.4025761250315,-0.955475968688639,-11.3819330669589
-0.446752858681055,-0.122350687619808,0.374331538934732,-11.5166073474362,13.3834853739871,-1.00796045223437,-11.3903767282055
-0.438034193730786,-0.125835131524092,0.36061575938639,-11.5066601796534,13.3633745935401,-1.05910716727265,-11.4055389171051
-0.429216748903611,-0.129058440444886,0.346958790216865,-11.4971505542099,13.342202485254,-1.10861662591367,-11.4274201168938
-0.420296686712005,-0.132020018358987,0.333357185036781,-11.4880979501145,13.3199282068838,-1.15619710341781,-11.4559540730151
-0.411269962497188,-0.134719829538292,0.319805916067631,-11.4795239626515,13.2965106228778,-1.20157178350066,-11.4910028507109
-0.402132466079395,-0.137158601560379,0.306297981481995,-11.4714528573278,13.2719074520311,-1.24448508315229,-11.5323521847766
-0.39288025006079,-0.139338102422579,0.292824004945413,-11.4639120810801,13.2460744659865,-1.28470784475142,-11.5797071918039
-0.383509840807499,-0.141261470366585,0.279371890506128,-11.456932636607,13.2189649237882,-1.32204119731272,-11.6326887457624
-0.374018611559978,-0.142933558175567,0.26592660820184,-11.4505492188374,13.1905294406527,-1.35631899703585,-11.6908311287379
-0.364405179531102,-0.144361238740501,0.25247018887634,-11.4448000205988,13.160716477373,-1.38740884087693,-11.7535818921548
-0.354669773620178,-0.145553609443066,0.238981996617662,-11.4397261422204,13.1294735953219,-1.41521169722768,-11.8203050863999
-0.344814511011767,-0.146522033866883,0.225439320735502,-11.4353705892553,13.0967495492502,-1.43966022118894,-11.8902889988197
-0.334843524186781,-0.147279974375351,0.211818286081201,-11.4317769100527,13.0624971910571,-1.46071583840523,-11.9627591653154
-0.324762897771208,-0.147842599145148,0.19809502591289,-11.428987598371,13.0266770466421,-1.47836471711667,-12.0368966680989
-0.314580406077883,-0.148226188199642,0.184247006777012,-11.4270424458617,12.9892613268414,-1.4926128214676,-12.1118607342876
-0.304305080606683,-0.148447405230083,0.170254355232171,-11.4259770538858,12.9502380653968,-1.503480347326,-12.1868136872959
-0.293946671515227,-0.148522533109379,0.156101025066712,-11.4258216909464,12.9096150562001,-1.51099595644453,-12.2609457045297
-0.283515087537832,-0.148466780922593,0.141775666127806,-11.4266006143672,12.8674232869769,-1.51519130260851,-12.3334968233763
-0.273019899192401,-0.148293756066276,0.127272105937138,-11.4283318822522,12.8237196205429,-1.51609634821229,-12.4037742123871
-0.262469971773998,-0.148015161827379,0.11258941827551,-11.4310275914248,12.7785885356315,-1.51373589056255,-12.4711636649921
-0.25187326486312,-0.147640739502964,0.0977316122588177,-11.434694412077,12.7321427910735,-1.50812757207222,-12.5351352577201
-0.241236803131354,-0.147178435570909,0.0827070189208922,-11.4393342614257,12.6845229166348,-1.49928147237254,-12.5952438744655
-0.230566796563259,-0.146634746114642,0.0675274751076285,-11.4449449653845,12.6358954695173,-1.4872012081921,-12.6511257091587
-0.219868870687543,-0.146015175343288,0.0522074080619923,-11.4515207897595,12.5864500406014,-1.47188632217835,-12.702491944718
-0.209148359563677,-0.145324741667149,0.0367629133569981,-11.4590527691264,12.5363950590693,-1.45333563508458,-12.7491206768706
-0.198410614639529,-0.144568470615992,0.0212108994345004,-11.4675288120396,12.4859525298054,-1.43155116888549,-12.7908479339737
-0.187661288977741,-0.14375182580171,0.00556834876320732,-11.4769336077553,12.4353519366182,-1.40654222044245,-12.8275584337471
-0.176906566514983,-0.142881044328356,-0.0101482777885613,-11.4872483966681,12.3848236395551,-1.37832917506967,-12.8591765625593
-0.166153317948798,-0.141963359179158,-0.0259234876871497,-11.4984506904013,12.3345921665925,-1.34694669468867,-12.8856579687086
-0.15540917675441,-0.14100710617517,-0.0417430654408453,-11.51051403592,12.2848698312307,-1.31244599128609,-12.9069821087934
-0.144682539207501,-0.140021725502394,-0.0575942652063795,-11.5234079111006,12.2358510880238,-1.27489599402548,-12.9231460484429
-0.133982500014902,-0.139017676452006,-0.0734659145028748,-11.5370978189569,12.1877079685393,-1.23438332501135,-12.9341597728517
-0.123318739655037,-0.138006288467602,-0.0893484562679166,-11.5515456181766,12.1405868320132,-1.19101110079553,-12.940043197707
-0.112701380814643,-0.136999572081038,-0.105233952446723,-11.5667100938902,12.0946065368334,-1.1448966629734,-12.9408249884896
-0.102140829894962,-0.136010010635265,-0.12111606574034,-11.582547739962,12.0498580120164,-1.09616840515501,-12.9365432058997
-0.091647616275006,-0.135050348935508,-0.136990028614605,-11.5990136970584,12.0064051002264,-1.0449619043293,-12.9272477108823
-0.0812322377594343,-0.134133389264631,-0.152852601479606,-11.6160627723017,11.9642864673165,-0.991415585894906,-12.9130041963034
-0.0709050161804079,-0.133271799487154,-0.168702015967609,-11.6336504577692,11.9235183317895,-0.935666159643979,-12.8938996700441
-0.0606759630231402,-0.132477932913397,-0.184537894941267,-11.651733866181,11.8840977580937,-0.877844065227984,-12.8700491948625
-0.0505546515400901,-0.131763655605474,-0.200361138447902,-11.6702725114673,11.8460062727876,-0.818069165125073,-12.8416036843148
-0.0405500892973658,-0.131140174120806,-0.216173764380428,-11.6892288775882,11.8092135927821,-0.756446923583051,-12.8087585441467
-0.0306705836023511,-0.130617855500949,-0.231978694227859,-11.7085687390431,11.7736812907052,-0.693065311647272,-12.7717629116851
-0.0209235919891501,-0.130206031868564,-0.247779478230168,-11.7282612193949,11.739366256248,-0.62799267892565,-12.7309291561393
-0.0113155511926517,-0.129912784617396,-0.263579960802237,-11.748278598781,11.7062238391418,-0.561276827261284,-12.6866421384646
-0.00185168121871704,-0.129744708195456,-0.279383896443289,-11.7685959070226,11.6742105775268,-0.492945502018308,-12.6393674831585
0.00746423343074597,-0.129706660994588,-0.295194538165531,-11.7891903644186,11.6432864270241,-0.423008472236428,-12.5896578079429
0.0166300755720726,-0.129801520378703,-0.311014233370972,-11.8100407551904,11.6134164168045,-0.351461288878426,-12.5381555573651
0.0256456210698516,-0.130029968888089,-0.326844073188039,-11.8311268343155,11.5845716782641,-0.278290680729527,-12.4855909108541
0.0345127303258951,-0.130390346370174,-0.342683646231624,-11.8524288707418,11.5567298286326,-0.203481369760749,-12.4327733367228
0.0432354716307907,-0.130878604545376,-0.358530941939443,-11.873927412354,11.5298747503867,-0.127023878919504,-12.3805758735772
0.0518201434703947,-0.131488393062326,-0.374382429403826,-11.895603318052,11.5039958820789,-0.0489227032445124,-12.3299121689131
0.0602751728923779,-0.132211288553162,-0.390233306898794,-11.917438045326,11.4790872091229,0.0307959279465026,-12.2817075431325
0.0686108854323561,-0.133037153689601,-0.40607788275619,-11.9394141223158,11.4551461883142,0.112077505942195,-12.2368665490119
0.076839164506689,-0.133954588696925,-0.421910021152384,-11.9615156908559,11.4321728355014,0.194834628687061,-12.1962402685054
0.084973037763281,-0.134951421322495,-0.437723576557533,-11.9837289966517,11.4101691469058,0.278944823008164,-12.1605966573312
0.0930262383537088,-0.136015178304325,-0.453512751279389,-12.0060427274213,11.389138928326,0.364251029560031,-12.1305966050988
0.101012787709453,-0.137133492019364,-0.469272336602319,-12.0284481484393,11.3690880046787,0.450564684360487,-12.1067772816189
0.108946635025926,-0.138294415248471,-0.484997829060134,-12.0509390384728,11.3500247059373,0.537671068405582,-12.0895431641208
0.116841372313636,-0.139486637742707,-0.50068543906678,-12.0735114702582,11.3319604912416,0.625336391030209,-12.0791641952755
0.124710028103866,-0.14069961455842,-0.51633202350481,-12.096163499563,11.3149105795117,0.713315936325446,-12.0757799459383
0.132564931522208,-0.141923625102729,-0.53193497644814,-12.1188948261392,11.2988944885311,0.801362542196536,-12.0794084238998
0.140417632767125,-0.143149783774162,-0.547492106342809,-12.1417064753413,11.2839364277776,0.889234702302289,-12.0899581708734
0.148278865280474,-0.144370020182618,-0.563001518349677,-12.1646005293143,11.2700655294445,0.976703678928404,-12.1072424108601
0.156158537255406,-0.145577041854717,-0.578461511087303,-12.1875799181616,11.2573159298344,1.0635591751633,-12.1309941791547
0.164065743693252,-0.146764287219721,-0.593870489956225,-12.2106482680187,11.2457267284538,1.14961331131081,-12.1608815398808
0.172008793590998,-0.147925872749557,-0.609226895194489,-12.233809795265,11.2353418573753,1.234702850811,-12.196522183424
0.179995249285645,-0.149056535752741,-0.624529141325509,-12.2570692331466,11.2262098928187,1.31868979470039,-12.2374968824415
0.188031976346376,-0.150151573282836,-0.639775564768126,-12.2804317771168,11.2183838379846,1.40146058990113,-12.2833614714973
0.196125202887961,-0.151206777457604,-0.654964377165276,-12.3039030365779,11.2119209031415,1.48292426726985,-12.3336571907163
0.204280587109817,-0.152218367734919,-0.67009362281399,-12.327488982329,11.2068823064983,1.56300984405737,-12.3879193858826
0.212503291553503,-0.153182921024814,-0.685161139142535,-12.3511958803755,11.203333117071,1.64166330380981,-12.4456846757923
0.220798062230972,-0.154097300763109,-0.700164519444436,-12.3750302037938,11.2013421576043,1.71884441950001,-12.5064967765349
0.229169310515204,-0.154958586191439,-0.715101077164175,-12.3989985152887,11.2009819805685,1.79452362678848,-12.5699112110047
0.237621195532165,-0.155764003120701,-0.729967811109773,-12.4231073142347,11.2023289225316,1.8686790947156,-12.6354991340738
0.246157704731228,-0.156510857469779,-0.744761371200853,-12.44736284362,11.2054632314232,1.94129408800602,-12.7028504764469
0.254782730307343,-0.157196472933715,-0.759478024849283,-12.4717708545862,11.2104692474875,2.01235467227918,-12.7715765621855
0.263500139170724,-0.157818134287028,-0.774113624844793,-12.4963363292009,11.2174356027174,2.08184778196981,-12.8413122960548
0.27231383418471,-0.158373038081425,-0.788663580640809,-12.5210631656471,11.226455386391,2.14975965013139,-12.9117179570227
0.281227804401784,-0.15885825283975,-0.803122836104176,-12.5459538339549,11.2376262076148,2.21607458800653,-12.9824805823654
0.290246162006207,-0.159270691246526,-0.817485857954526,-12.5710090144962,11.2510500715197,2.28077409828478,-13.0533148901782
0.299373163605612,-0.159607097241718,-0.831746640086836,-12.5962272353637,11.2668329762972,2.34383630708824,-13.1239636715313
0.308613213395812,-0.159864051277102,-0.845898729537636,-12.6216045281313,11.2850841361281,2.40523570361301,-13.1941975891343
0.317970845561789,-0.160037997216288,-0.859935279810298,-12.6471341239368,11.305914742776,2.4649431807171,-13.2638143463348
0.327450683112934,-0.160125294351365,-0.873849136422199,-12.6728062129272,11.3294361984023,2.52292637243799,-13.332637235066
0.337057370264962,-0.16012229764877,-0.887632957719573,-12.698607789425,11.3557577854933,2.57915028360174,-13.4005131282703
0.346795475606627,-0.16002546848295,-0.901279371142993,-12.7245226022701,11.3849837868307,2.63357820104236,-13.4673100439816
0.356669363800296,-0.159831516629033,-0.914781161261384,-12.750531224349,11.4172101272979,2.6861728649819,-13.5329144661695
0.366683034650269,-0.159537572065319,-0.928131481252612,-12.7766112472591,11.452520675477,2.73689786341759,-13.5972286526418
0.376839930188726,-0.159141382176022,-0.941324074553482,-12.8027375967109,11.4909834089361,2.78571919380412,-13.6601681840496
0.387142713039799,-0.158641526387945,-0.954353488832239,-12.8288829525681,11.5326467027467,2.83260691806654,-13.7216600030995
0.39759302263375,-0.158037636455198,-0.967215261131669,-12.855018245894,11.5775360347018,2.87753682310623,-13.7816411551825
0.408191219560672,-0.157330607048244,-0.979906051895828,-12.8811131959557,11.6256514024827,2.92049199367092,-13.8400583711911
0.418936131981234,-0.15652277866182,-0.992423707330905,-12.9071368448278,11.6769657109671,2.9614642109642,-13.8968685365143
0.429824820919627,-0.155618073793568,-1.0047672344166,-12.9330580474586,11.7314243115992,3.00045510975148,-13.9520399791703
0.440852382809971,-0.154622068368446,-1.01693668051276,-12.9588458812023,11.7889457676294,3.03747705716614,-14.0055544011819
0.452011807363854,-0.153541983685396,-1.02893291889361,-12.9844699499031,11.8494237936277,3.07255375327068,-14.0574091882216
0.463293906486969,-0.152386589519269,-1.0407573512264,-13.0099005715332,11.9127301941474,3.10572059014006,-14.1076197781436
0.474687325792197,-0.151166015788946,-1.0524115464123,-13.0351088524377,11.9787185244467,3.1370248360522,-14.1562217577335
0.486178644787403,-0.14989147747714,-1.06389684102072,-13.0600666629493,12.0472281315455,3.16652572910794,-14.2032723888334
0.497752565837711,-0.148574924249889,-1.07521392906502,-13.0847465369862,12.1180882151303,3.19429456790678,-14.2488513316558
0.509392186326684,-0.147228631613207,-1.08636246811245,-13.1091215219262,12.1911215747453,3.22041487657424,-14.2930604204984
0.521079343720353,-0.145864753932261,-1.09734072537658,-13.1331650053979,12.2661477743117,3.24498270077561,-14.336022439122
0.532795019830498,-0.144494861114537,-1.10814528260209,-13.1568505440799,12.3429855439798,3.26810706493451,-14.3778789256111
0.544519788505633,-0.143129480498824,-1.11877081340853,-13.1801517176243,12.4214543373269,3.28991059323245,-14.4187871001807
0.556234290000385,-0.141777664032479,-1.12920994229307,-13.2030420294402,12.5013750547031,3.31053027162758,-14.4589160505923
0.567919714981754,-0.140446598781369,-1.13945319128558,-13.2254948756328,12.582570019898,3.33011830722524,-14.4984423303221
0.579558281105688,-0.139141276736403,-1.14948901841131,-13.2474836035835,12.6648623499977,3.34884302565456,-14.5375451296975
0.591133685031462,-0.137864238088098,-1.15930395133991,-13.2689816817152,12.7480748838597,3.36688973644715,-14.576401176571
0.602631512513177,-0.13661540071179,-1.16888281928749,-13.2899630009398,12.8320288329065,3.38446148990579,-14.6151795169273
0.61403958889824,-0.135391987386986,-1.17820908567994,-13.3104023252003,12.9165422915453,3.40177964525551,-14.6540363215876
0.625348252209401,-0.134188560964877,-1.18726528261076,-13.3302759026344,13.0014286987472,3.41908416724213,-14.6931098652118
0.636550531293865,-0.13299717596073,-1.19603354522028,-13.3495622396408,13.0864952853234,3.43663356468384,-14.7325158286663
0.64764221255923,-0.131807652599475,-1.20449623945979,-13.3682430271189,13.1715414844843,3.45470437761826,-14.7723430850826
0.658621780746144,-0.130607975990157,-1.21263667011478,-13.3863041910017,13.2563572406948,3.47359010810664,-14.8126501429352
0.66949022207807,-0.129384818703689,-1.22043984737073,-13.4037370175754,13.3407211401699,3.4935994738485,-14.8534624355715
0.680250682046257,-0.128124179386569,-1.22789327961656,-13.420539277936,13.4243983223444,3.51505384739214,-14.8947706645411
0.690907975261454,-0.126812122840584,-1.23498774783287,-13.4367162462669,13.5071382288037,3.53828373562834,-14.9365304202007
0.701467951751772,-0.12543559783356,-1.24171800364814,-13.4522814766362,13.5886724092471,3.56362416833363,-14.97866330948
0.7119367335792,-0.123983297571535,-1.24808332097195,-13.4672571794317,13.6687128213935,3.59140891808969,-15.0210598039366
0.722319848371701,-0.122446514767731,-1.25408782366572,-13.4816740322229,13.7469512959651,3.62196358280727,-15.0635839636411
0.732621302267167,-0.120819930423332,-1.25974051416021,-13.495570284308,13.8230610191469,3.65559773267293,-15.1060800774278
0.742842652233001,-0.119102266271655,-1.26505494575941,-13.5089900812135,13.8967009143606,3.69259654263891,-15.1483810814142
0.752982153086203,-0.117296729999974,-1.27004851781238,-13.5219810473545,13.9675235794074,3.73321255982313,-15.190318390221
0.763034062402388,-0.115411194146483,-1.27474142568852,-13.5345913072919,14.0351868959632,3.77765842704356,-15.2317325410952
0.772988181376541,-0.113458075530333,-1.27915535656209,-13.546866264187,14.0993686252127,3.82610142385364,-15.2724838743079
0.782829688585337,-0.111453918996304,-1.28331207094161,-13.5588455419377,14.1597824279,3.87866053899745,-15.3124624200938
0.792539288378399,-0.109418728992474,-1.28723203140417,-13.5705604955632,14.216193096998,3.93540644879024,-15.3515962721983
0.80209365360937,-0.107375124474743,-1.29093322413167,-13.5820325909016,14.2684286491504,3.9963643070991,-15.3898579892705
0.811466104216296,-0.105347408118506,-1.29443026873583,-13.5932727758336,14.3163874037217,4.06151876769091,-15.4272689136932
0.820627438620264,-0.103360636597631,-1.29773384316789,-13.6042817659384,14.360039154921,4.13082027861688,-15.4639016405004
0.82954682931828,-0.101439757962552,-1.30085038431233,-13.615051006679,14.3994206886787,4.20419148842183,-15.4998811234409
0.838192706652817,-0.0996088523859165,-1.30378197844446,-13.6255639899628,14.434626852912,4.28153259406207,-15.5353850256428
0.846533580095091,-0.097890481944642,-1.30652633678541,-13.6357976013885,14.4657989242348,4.3627245894306,-15.5706439069946
0.854538777253821,-0.0963051297710999,-1.30907675806556,-13.6457232359168,14.4931120867408,4.44762956469424,-15.6059417158071
0.862179110906722,-0.0948706918965523,-1.31142200525866,-13.6553075141393,14.5167635656812,4.53608739744722,-15.6416168498185
0.869427509499327,-0.093601977248623,-1.3135460604556,-13.6645125335086,14.5369625198213,4.62790834724216,-15.6780637888658
0.876259664364098,-0.0925101727872598,-1.31542776667847,-13.6732956861174,14.5539223480456,4.72286125434693,-15.7157349757546
0.882654755176302,-0.0916022429463037,-1.31704041894467,-13.6816091668645,14.5678556993628,4.8206573552179,-15.7551422150135
0.888596309934494,-0.0908802586039727,-1.31835143177173,-13.6893993902723,14.5789722103118,4.92093032583854,-15.7968563560503
0.894073229980526,-0.0903406952754745,-1.31932228619983,-13.6966066355858,14.5874787937003,5.0232142471773,-15.8415034490107
0.899080954841127,-0.089973805652752,-1.31990903445652,-13.7031653371707,14.5935820994361,5.12692289491377,-15.8897550191557
0.903622649481489,-0.0897632513116884,-1.3200636809694,-13.7090054888267,14.5974924925467,5.2313359739276,-15.9423098615922
0.907710176276208,-0.0896862462141367,-1.31973670422309,-13.714055556231,14.5994285208819,5.33559997853124,-15.9998652544959
0.911364504706417,-0.089714469334783,-1.31888076477892,-13.7182469949972,14.599620456643,5.43875182403222,-16.0630772396229
0.914615188527622,-0.0898158841910729,-1.31745523620666,-13.7215199167159,14.5983113159846,5.53977037818506,-16.1325128620169
0.917498683988315,-0.0899573368988045,-1.31543070000627,-13.723828769186,14.5957540883377,5.6376535013032,-16.2086014157212
0.920055608072916,-0.0901074691542717,-1.3127922205786,-13.7251464540545,14.5922048888569,5.73150791644355,-16.2915950851969
0.922327425621098,-0.0902392586320216,-1.30954035042494,-13.7254654959539,14.5879131192266,5.82063122322005,-16.3815495947674
0.924353294959116,-0.0903315585657405,-1.30568947598251,-13.7247957952475,14.5831108223735,5.90456525564762,-16.478331284487
0.926167736780258,-0.0903693569903121,-1.30126400250338,-13.723159719409,14.5780036224054,5.98310918179605,-16.5816496399873
0.927799458660337,-0.0903429212084137,-1.29629350978315,-13.7205861304577,14.5727648780967,6.05629446075691,-16.6911071474972
0.929271269943323,-0.0902462929106756,-1.29080809546881,-13.7171049938195,14.5675334661732,6.12433456436421,-16.8062547597988
0.93060075712737,-0.0900756459066138,-1.28483474139164,-13.712743601791,14.5624146042985,6.18756579300928,-16.9266422214474
0.931801324878437,-0.0898278744347506,-1.27839500174081,-13.7075246417707,14.5574826551262,6.24639234100923,-17.0518564460492
0.932883285783257,-0.0894995799348652,-1.27150389241846,-13.7014657523787,14.5527848604968,6.30124275605743,-17.181545594233
0.933854808649383,-0.089086468009914,-1.26416965940273,-13.6945799800289,14.5483452006493,6.35253950636123,-17.3154297387031
0.934722644531842,-0.0885830870754183,-1.25639408349091,-13.6868765997177,14.5441678549131,6.40068003461015,-17.453300538503
0.935492618340625,-0.0879828221154774,-1.24817305612265,-13.6783619504212,14.5402399633119,6.44602636725961,-17.5950125343273
0.936169905888831,-0.0872780737807843,-1.23949726786351,-13.6690401394976,14.5365335394442,6.48890033383832,-17.74046813203
0.936759124920525,-0.0864605824002502,-1.2303529509453,-13.6589136304131,14.533006484999,6.52958202508214,-17.8895975867652
0.937264266625541,-0.0855218849232452,-1.22072269705202,-13.6479838261145,14.5296027328662,6.56830983315626,-18.0423346931498
0.937688490490953,-0.0844539130869609,-1.21058642865025,-13.6362517992764,14.5262516235629,6.60528107218154,-18.1985886701833
0.938033806173226,-0.0832497480024058,-1.19992263373246,-13.6237193063872,14.5228667182119,6.6406527255038,-18.3582130941229
0.938300675487111,-0.0819045341827156,-1.18870997093742,-13.6103901563156,14.5193443809038,6.67454232201302,-18.5209738154386
0.938487587314142,-0.080416519121852,-1.17692929941862,-13.5962718846892,14.5155626137676,6.70702931557643,-18.6865195683646
0.938590685391668,-0.078788121979791,-1.16456607231388,-13.581377523727,14.5113807531487,6.73815758639463,-18.854361024035
0.938603553110028,-0.0770268592904818,-1.1516128616869,-13.5657270951951,14.5066406462472,6.76793969564198,-19.0238653362926
0.938517262310813,-0.0751458998221138,-1.1380716066142,-13.549348374643,14.5011697224307,6.79636318913789,-19.1942723176898
0.938320756122881,-0.0731640313643954,-1.12395508959829,-13.532276572293,14.4947859164003,6.82339855940131,-19.3647341870388
0.938001556400683,-0.0711049303229766,-1.10928724358754,-13.5145528800505,14.4873038122933,6.84900767037074,-19.5343739789197
0.937546690209739,-0.0689958087862279,-1.09410218301328,-13.4962222412662,14.4785409334284,6.87315095135322,-19.7023510965544
0.936943662856412,-0.0668656928798975,-1.07844221916849,-13.4773310010637,14.4683230678066,6.89579182308822,-19.8679198154515
0.936181301853776,-0.0647436707490637,-1.06235537933949,-13.4579251200583,14.4564879372245,6.91689759700466,-20.0304694779224
0.935250353867842,-0.0626574050809282,-1.04589298470665,-13.4380493851836,14.4428871581718,6.93643707797597,-20.189541865851
0.934143799131839,-0.0606320758591785,-1.02910768112053,-13.4177476875004,14.4273869835538,6.95437583915992,-20.3448280736255
0.932856915587347,-0.0586897793746216,-1.01205208114846,-13.3970641385326,14.4098685639501,6.97067043203995,-20.4961512817818
0.931387159009303,-0.0568493137818544,-0.994777979959414,-13.3760446512477,14.3902284317344,6.98526276093108,-20.6434426000056
0.929733928898653,-0.0551262425141847,-0.977336000639493,-13.3547386037405,14.3683797093589,6.99807573204821,-20.7867157185673
0.927898276912664,-0.0535331287727137,-0.959775496314149,-13.3332002698773,14.3442542933699,7.00901126697459,-20.9260439351836
0.925882598335216,-0.0520798539127448,-0.942144552585682,-13.3114897829321,14.3178060347166,7.01795188590807,-21.0615411890036
0.923690335406993,-0.0507739526080303,-0.924489963077165,-13.2896734625834,14.2890147416828,7.02476718689701,-21.1933474235804
0.921325716505944,-0.0496209105884401,-0.906857076734611,-13.2678233755532,14.2578906690868,7.02932637704994,-21.3216179414167
0.918793555001238,-0.0486243778916953,-0.889289437512052,-13.2460160310121,14.2244790183805,7.0315171368098,-21.446516298141
0.916099130315948,-0.0477862604647281,-0.871828168140071,-13.2243301690235,14.1888638568828,7.03126919017876,-21.5682105755219
0.913248163600977,-0.0471066774591146,-0.854511108717888,-13.2028437283746,14.151170779869,7.02857820688737,-21.6868733564106
0.910246876433558,-0.0465838171807627,-0.837371815868167,-13.1816302991145,14.1115676137602,7.02352326847161,-21.8026860294958
0.907102088163106,-0.0462137802884896,-0.820438634311411,-13.1607556186524,14.0702625499854,7.01627110594606,-21.9158477062135
0.903821284238711,-0.0459905321485355,-0.803734107622674,-13.1402748101869,14.0274993872463,7.00706405266268,-22.0265878159788
0.900412595178206,-0.045906063221232,-0.787274936874132,-13.1202309351779,13.9835500768845,6.99619497565619,-22.1351798154894
0.896884667188041,-0.0459507756880601,-0.771072526638737,-13.1006550325142,13.9387053910059,6.98397760196347,-22.2419524399221
0.893246458017816,-0.0461140191015802,-0.755133961385211,-13.081567342432,13.8932649891282,6.97072129135102,-22.3472953305027
0.889507024196038,-0.0463846418819241,-0.739463135384275,-13.062979115401,13.8475281937219,6.9567155079023,-22.4516574970415
0.885675364405157,-0.0467514310223344,-0.724061758826519,-13.0448943945615,13.8017863787517,6.9422240986373,-22.5555389586482
0.881760357750427,-0.047203361133897,-0.708930049096955,-13.0273113580531,13.7563172535951,6.92748603863977,-22.65947721281
0.877770803426956,-0.0477296331634757,-0.694067027922568,-13.0102230643191,13.7113807768963,6.91271849419812,-22.7640307052276
0.873715542713647,-0.048319530318428,-0.679470439383812,-12.9936176507798,13.6672161402277,6.89811908646249,-22.869761460061
0.86960362937361,-0.0489621472029542,-0.665136366415892,-12.9774781578897,13.6240392448012,6.88386588091353,-22.9772187857238
0.865444509358352,-0.0496460599726969,-0.651058656748935,-12.961782194696,13.5820402777385,6.87011505153345,-23.0869256381068
0.861248172927326,-0.0503590042917118,-0.637228278914317,-12.9465016492183,13.5413812626382,6.85699704558075,-23.1993687997329
0.857025249824144,-0.0510876171802503,-0.623632719136112,-12.931602596627,13.5021937046354,6.84461238993463,-23.3149934792438
0.852787028857382,-0.051817281527022,-0.610255504546982,-12.9170454879657,13.4645765958361,6.83302815382023,-23.4342022539076
0.848545394512258,-0.0525320920970738,-0.597075903362541,-12.9027856301955,13.4285950589866,6.82227568294551,-23.5573575354206
0.844312682176015,-0.0532149442220214,-0.584068817338028,-12.888773912407,13.3942797969376,6.81234971931563,-23.6847860316304
0.84010145768599,-0.0538477358146007,-0.571204855896544,-12.8749577067214,13.361627329443,6.80320856556406,-23.8167830707082
0.835924224765581,-0.054411673287212,-0.558450572892176,-12.8612818816349,13.3306007985505,6.79477463721915,-23.953614148087
0.831793055462668,-0.0548876835873727,-0.545768860602628,-12.8476899080875,13.3011309645581,6.78693460676825,-24.0955105871824
0.827719125395998,-0.0552569567760707,-0.533119531773477,-12.8341251056713,13.2731169344062,6.77953837462673,-24.2426557139978
0.823712120774319,-0.0555016725087634,-0.520460175578036,-12.8205321541708,13.2464261889578,6.77239629456169,-24.3951575099681
0.819779474431804,-0.0556059907505336,-0.507747436195921,-12.8068590612733,13.2208936345815,6.76527445958951,-24.5530037448771
0.815925396279395,-0.0555573937578498,-0.494938906825558,-12.7930597889824,13.1963197485035,6.75788849675539,-24.7159971235945
0.812149710848349,-0.0553484189948402,-0.481995802656276,-12.7790976264661,13.1724684798331,6.74989731598481,-24.8836727582164
0.808446625964989,-0.0549786746112101,-0.468886387645699,-12.7649490626288,13.149066408211,6.74089955286972,-25.0552101535394
0.804803735833832,-0.0544567542033834,-0.455589708640022,-12.750607323588,13.125805506545,6.73043653754456,-25.2293663837318
0.801201741143725,-0.053801341338205,-0.442098608546424,-12.7360840992225,13.1023520358188,6.71800537218212,-25.4044691938169
0.797615377637844,-0.053040668168933,-0.428420619875227,-12.7214078502398,13.0783627280056,6.70308290372937,-25.5785035636608
0.794015708195257,-0.0522098813017721,-0.414575735370458,-12.7066180695956,13.053506348558,6.68515648817907,-25.7492913919032
0.790373320925617,-0.0513467637557619,-0.400591342583796,-12.691756778018,13.0274856176979,6.66375373138313,-25.9147143689524
0.786661497092572,-0.0504870923038549,-0.386495997115202,-12.6768600267436,13.0000538729323,6.63846455244491,-26.0729030680012
0.782858458724451,-0.0496610099145926,-0.372314090801994,-12.6619519958605,12.9710234758402,6.60895455297171,-26.2223361758866
0.778948304328504,-0.0488911491173572,-0.358062662901792,-12.6470426954221,12.940266612475,6.57497417316096,-26.3618436138791
0.774920767907477,-0.048192450308233,-0.343750444758167,-12.6321286993809,12.9077112058538,6.53636968450013,-26.4905462166602
0.770770189748344,-0.0475731829864188,-0.329378534474655,-12.6171956965039,12.873334580188,6.4930998374737,-26.6077742279083
0.766494079037517,-0.0470366413577868,-0.31494200327669,-12.6022218176534,12.8371563764994,6.44525819770919,-26.7129961189822
0.762091538291805,-0.0465831318476922,-0.300431942465556,-12.5871811484856,12.7992311757657,6.3930976206641,-26.8057737149522
0.757561731691214,-0.0462120053954552,-0.285837673076573,-12.5720471681244,12.759640828251,6.33705065902771,-26.8857474866925
0.752902551062503,-0.0459235380948251,-0.271148929101797,-12.5567959520069,12.7184865770307,6.27773835469288,-26.9526479969587
0.74810964083433,-0.0457204492108376,-0.256357797101896,-12.5414089018956,12.6758814394937,6.21596036720177,-27.0063242858097
0.74317593689417,-0.0456088317987201,-0.241460134720218,-12.525874658953,12.6319436676011,6.15266223467683,-27.0467766964974
0.738091810008618,-0.0455983270001344,-0.226456203869304,-12.5101898672259,12.5867921917663,6.0888806152908,-27.074181019294
0.732845775834275,-0.0457015245993632,-0.211350403820006,-12.4943586639057,12.5405446506639,6.02567330772344,-27.0888938953476
0.727425585986607,-0.0459327732282522,-0.196150239731829,-12.4783911197235,12.4933180056309,5.96404540646785,-27.0914357557585
0.721819421203615,-0.0463067366074291,-0.18086488997285,-12.4623011610358,12.445231079013,5.90488401743133,-27.0824547421881
0.716016916149026,-0.0468370589474529,-0.165503817901621,-12.4461046058021,12.3964079063879,5.84891107205872,-27.0626800031834
0.710009843264591,-0.0475354011524445,-0.150075780658565,-12.4298178025874,12.3469806955411,5.79665847044856,-27.0328738736166
0.703792412134775,-0.0484109473420195,-0.134588392251003,-12.4134570801225,12.2970914149786,5.74846449823941,-26.9937903452577
0.697361242518209,-0.0494703388197912,-0.119048208143505,-12.3970389434726,12.2468914586074,5.70448699663093,-26.9461438046765
0.690715116881724,-0.0507179144427492,-0.103461182846675,-12.3805807857044,12.1965393012824,5.6647275503985,-26.8905889237712
0.68385461803603,-0.0521561225496664,-0.0878333206870816,-12.3641018343504,12.1461964618005,5.62906139624712,-26.8277105876865
0.676781730705071,-0.0537859958604609,-0.0721713658376052,-12.3476240831955,12.0960223653468,5.59726895405922,-26.7580218080457
0.669499452932563,-0.0556076204003256,-0.0564834263176551,-12.3311730260082,12.0461688255211,5.56906617760563,-26.6819673535641
0.662011436369467,-0.057620564858745,-0.0407794735294268,-12.3147780774544,11.9967748538623,5.54413199100978,-26.5999310073482
0.65432165793432,-0.0598242604892633,-0.0250716928253095,-12.2984726228664,11.9479623798096,5.52213186102951,-26.5122447250552
0.64643411831461,-0.0622183333817429,-0.00937468017434029,-12.2822936804453,11.8998332680444,5.50273710797772,-26.4191984143627
0.638352562411164,-0.0648028937133122,0.00629451140656233,-12.2662811900425,11.8524678005829,5.48563995398903,-26.3210495244381
0.630080220066805,-0.0675787841160652,0.0219164698416244,-12.2504769657639,11.8059245908446,5.47056459747852,-26.2180320782287
0.621619569942808,-0.0705477846220025,0.0374696611765424,-12.2349233674819,11.7602417463429,5.45727480989781,-26.1103651587154
0.612972133841265,-0.0737127666915207,0.0529308017562125,-12.2196617593015,11.7154390086587,5.44557868067912,-25.9982611389695
0.604138312535339,-0.0770777845675834,0.0682753616254949,-12.2047308305535,11.6715205707601,5.43533118918609,-25.8819341031522
0.595117277132829,-0.0806480890167312,0.0834781947669907,-12.1901648568824,11.628478287774,5.42643526239707,-25.7616089310536
0.58590693211244,-0.0844300466960062,0.0985142897620336,-12.1759919767974,11.5862950379433,5.4188418933987,-25.6375314085129
0.576503967133965,-0.0884309484763982,0.113359630208031,-12.1622325557609,11.5449480361855,5.41254976253266,-25.5099794785447
0.566904013738852,-0.0926586931375884,0.127992146364211,-12.1488977097398,11.504411938667,5.40760463690684,-25.3792753659473
0.557101918788681,-0.0971213405010439,0.142392726370697,-12.1359880669697,11.464661596013,5.40409864404724,-25.2457978113311
0.547092137333158,-0.101826541893219,0.156546235944877,-12.1234928616441,11.4256743172343,5.40216934469817,-25.1099930990958
0.536869232451321,-0.106780876415856,0.17044247075154,-12.1113894723093,11.387431507646,5.40199839638352,-24.9723830842738
0.526428449095599,-0.111989146923052,0.18407694047552,-12.0996435302761,11.3499195605856,5.4038095341028,-24.8335682135839
0.515766306698497,-0.117453714186871,0.197451367270253,-12.0882097137004,11.3131299337027,5.40786562031005,-24.6942238221723
0.504881138114584,-0.123173962374236,0.210573785555506,-12.0770332966666,11.2770584344732,5.41446463035264,-24.5550889108331
0.493773498526341,-0.12914598424369,0.223458164116002,-12.0660524363938,11.2417038631176,5.42393459821107,-24.4169480820448
0.482446382608395,-0.13536254609564,0.236123534204323,-12.0552010716605,11.2070662771026,5.43662767009208,-24.280608945753
0.470905219860485,-0.141813345881545,0.248592684127283,-12.0444122055714,11.1731452031299,5.45291341619422,-24.1468785054761
0.459157656975681,-0.148485527695791,0.260890547161223,-12.0336212927494,11.1399381000171,5.47317139761674,-24.0165422929146
0.447213169028662,-0.155364379367401,0.273042443250087,-12.0227694642429,11.1074392771575,5.49778272285919,-23.8903492037062
0.435082558017192,-0.162434127653415,0.285072327588532,-12.0118063927384,11.0756393425251,5.52712007755426,-23.7690034286196
0.422777395956371,-0.169678756496254,0.297001160670407,-12.0006926920468,11.0445251474431,5.56153561698964,-23.6531631693626
0.41030945638887,-0.17708279712886,0.308845466038052,-11.9894018189922,11.0140801508014,5.60134628329622,-23.5434445196158
0.397690162517398,-0.18463206071551,0.320616105479848,-11.9779214763738,10.9842851480473,5.64681658052327,-23.4404282527547
0.384930070434836,-0.192314294510654,0.332317289951774,-11.9662544976268,10.9551193747493,5.69813954664722,-23.3446672694891
0.372038405914749,-0.200119737910937,0.343945859388702,-11.954419142206,10.9265620593247,5.75541743558435,-23.2566929231887
0.359022681734965,-0.208041538904907,0.355490896553082,-11.9424486738889,10.8985945229481,5.81864421456931,-23.1770191084128
0.345888434488438,-0.216075972906374,0.366933772781621,-11.930390065222,10.8712028788097,5.88769212309972,-23.1061436470806
0.332639128350657,-0.224222395438148,0.378248738271132,-11.9183016982646,10.844381263919,5.96230405934006,-23.0445469740991
0.319276271800159,-0.23248286688942,0.389404151103804,-11.9062500270687,10.8181353685888,6.04209252505741,-22.9926883216572
0.305799777819703,-0.240861416422985,0.400364380962142,-11.8943053202315,10.7924858569075,6.12654463427534,-22.9509995307355
0.292208568318901,-0.249362961816218,0.411092330168048,-11.8825367792657,10.7674711463763,6.2150318311201,-22.9198763825219
0.278501382682293,-0.257991965757959,0.421552400751285,-11.8710074862933,10.7431489754317,6.30682295479306,-22.8996671318586
0.264677704587018,-0.266750976080942,0.431713621535259,-11.859769733756,10.719596256029,6.40110024299197,-22.8906579696475
0.250738679436166,-0.275639253521215,0.441552556023714,-11.8488613061294,10.6969068983147,6.49697933803316,-22.893055631128
0.236687869315575,-0.284651717947621,0.451055565951257,-11.8383032098111,10.6751876154085,6.59353544757977,-22.9069683517886
0.222531698502983,-0.293778422180199,0.460220036786472,-11.828099180081,10.6545521543272,6.68983752294309,-22.9323876660391
0.208279492315266,-0.303004677132067,0.469054305742583,-11.8182370395113,10.635114870821,6.78499015921031,-22.969174686521
0.193943103034084,-0.312311810460472,0.477576267970228,-11.8086916721124,10.6169848932464,6.87817943177245,-23.0170548701447
0.179536223038307,-0.32167838359389,0.485810920012236,-11.7994290845359,10.6002620894765,6.96871567338717,-23.0756243760043
0.165073564304833,-0.331081581528218,0.493787333539904,-11.7904108481204,10.5850355603993,7.0560651676992,-23.1443689478555
0.150570099265803,-0.340498475807569,0.501535641553704,-11.7815982245075,10.5713845763331,7.13986481396419,-23.2226934547099
0.136040506414971,-0.349906945860344,0.509084531540343,-11.7729554650565,10.5593810998803,7.21991818619595,-23.3099578270895
0.121498875287804,-0.359286180278179,0.516459528056994,-11.7644520534925,10.5490926492541,7.29617601045274,-23.4055139889863
0.106958642208771,-0.368616804599096,0.523682110050968,-11.7560639220695,10.5405843790108,7.36870699426918,-23.5087387371937
0.0924326792200857,-0.377880754701754,0.530769529901245,-11.7477738428506,10.5339197522156,7.43766544713856,-23.6190589427551
0.0779334481872904,-0.38706103014165,0.537735114337875,-11.7395712667878,10.5291597733759,7.50326076703816,-23.7359672265798
0.0634731474806914,-0.396141439188786,0.544588818574873,-11.731451882995,10.5263612030827,7.56573172788487,-23.8590277819389
0.049063803266334,-0.40510641140501,0.551337841178565,-11.7234171345782,10.525574370208,7.62532652200176,-23.9878729861143
0.0347172795185055,-0.41394092127127,0.557987158811695,-11.7154738783429,10.526841149503,7.68228815824097,-24.1221918701076
0.0204451954094493,-0.422630544483267,0.564539890225311,-11.7076343209301,10.5301934688037,7.73684414743816,-24.261711590149
0.00625874586941041,-0.431161656544358,0.570997442672737,-11.6999163012975,10.5356524562247,7.78919926636332,-24.4061730300998
-0.00783157617833077,-0.439521776700383,0.577359433339933,-11.6923439138621,10.5432281229822,7.83953037894224,-24.5553018287935
-0.0218163547279487,-0.447700052827436,0.583623418016904,-11.6849483745401,10.5529193625611,7.88798264799141,-24.7087767045314
-0.0356877139415677,-0.455687867951192,0.589784502351572,-11.6777689262052,10.5647140633899,7.93466688094056,-24.8661980667602
-0.0494398439054915,-0.463479521532218,0.595834955593692,-11.6708534769005,10.5785892810168,7.97965812946098,-25.0270614414013
-0.0630695351963211,-0.471072898648823,0.601763981494551,-11.6642585999564,10.5945116567919,8.02299590286719,-25.1907416440402
-0.0765766352988217,-0.478469998117543,0.607557804858118,-11.6580485541,10.6124385072997,8.0646863378065,-25.3564938887431
-0.0899643161976368,-0.485677168953827,0.613200182340124,-11.6522931502747,10.6323200980689,8.10470630896023,-25.5234759722806
-0.103239049036516,-0.492704930218021,0.618673336860736,-11.647064592026,10.6541034267323,8.14300882735201,-25.6907909380701
-0.116410232035364,-0.499567333715671,0.623959176494473,-11.6424337496154,10.6777373686608,8.17952842144495,-25.8575434864144
-0.129489502389744,-0.506280949777195,0.629040552288893,-11.6384665357145,10.7031784658734,8.21418490492096,-26.0228986706102
-0.142489847364362,-0.512863661346378,0.633902291068577,-11.6352210158757,10.7303962590005,8.24688422861079,-26.1861307348335
-0.155424675188274,-0.519333491679631,0.638531816869824,-11.6327456294643,10.7593770672733,8.27751587799837,-26.3466537167229
-0.168306995701083,-0.525707654011711,0.642919301919732,-11.6310785604485,10.7901254700658,8.30594714459454,-26.5040314880489
-0.181148807919802,-0.532001926468026,0.647057401241488,-11.6302480421791,10.8226632128332,8.33201523862271,-26.6579702232199
-0.193960726735769,-0.53823036583955,0.650940685391358,-11.6302732818259,10.8570256313138,8.35551854180457,-26.8082990231515
-0.20675182847698,-0.544405309277745,0.654564893398016,-11.6311657255854,10.893255875831,8.37620847791553,-26.9549445385988
-0.219529664212337,-0.550537579789637,0.657926106472196,-11.6329304828572,10.9313972744136,8.39378373881405,-27.0979039785024
-0.232300376723381,-0.556636799839463,0.66101991984453,-11.6355678160994,10.9714842163635,8.40788910279705,-27.2372190172764
-0.245068853328367,-0.562711713395746,0.663840684834903,-11.6390746371268,11.0135320783622,8.41812179311774,-27.3729516072648
-0.257838845136668,-0.568770410807228,0.666380915167359,-11.6434459090416,11.057527011973,8.42404892528513,-27.5051619357732
-0.270612982430449,-0.574820342944006,0.668630997586187,-11.6486757392138,11.1034168292646,8.42523934553244,-27.633888880937
-0.283392622296263,-0.580868014273486,0.67057939552477,-11.654757803789,11.1511045872843,8.42131094131694,-27.7591342965359
-0.29617749245975,-0.58691828508651,0.672213538715756,-11.6616846673302,11.2004464569154,8.41198933157888,-27.8808539765853
-0.308965158262117,-0.592973317425236,0.673521486834342,-11.6694457008956,11.2512547173518,8.39716627704462,-27.9989593510643
-0.32175043287561,-0.599031362586627,0.674494207380166,-11.6780237612736,11.3033052026022,8.37693982873316,-28.1133334587541
-0.334524933029199,-0.605085741855538,0.675127988685214,-11.6873914580875,11.3563468630666,8.3516191698339,-28.2238614776267
-0.347276989518792,-0.611124402516526,0.675426313103195,-11.6975083008123,11.4101104355399,8.32168869219884,-28.3304708234098
-0.359992021975302,-0.617130273774776,0.675400627656562,-11.7083198564834,11.4643142803886,8.28774310893611,-28.4331715313993
-0.37265332799368,-0.623082373618008,0.675069845598254,-11.7197592601213,11.5186676641899,8.25041689306644,-28.5320873373793
-0.385243112148573,-0.628957390175207,0.674458846306806,-11.7317505123179,11.5728735614825,8.21032952794469,-28.6274716624441
-0.397743548231642,-0.634731388340031,0.673596470183881,-11.7442125174063,11.626633263822,8.16805628735651,-28.7197077289078
-0.410137712260556,-0.640381356340549,0.672513484699891,-11.7570628863085,11.6796538804356,8.12412191782027,-28.8092954651523
-0.422410293401366,-0.645886422262868,0.671240842626243,-11.770220902649,11.7316582201892,8.07900807587634,-28.89682902799
-0.434548048381777,-0.651228671459486,0.669808389196954,-11.7836094391093,11.7823954766449,8.03316501621191,-28.9829686035588
-0.446540002758472,-0.65639356249879,0.668244057291449,-11.797155876983,11.8316509070984,7.98702095014199,-29.0684096418709
-0.458377424097582,-0.661369978169044,0.666573518889722,-11.8107922231484,11.8792531077913,7.94098596658159,-29.1538522417232
-0.470053603912995,-0.666149969547447,0.664820220375889,-11.8244546782264,11.9250781627289,7.89545008044966,-29.2399730168786
-0.481563491103403,-0.670728262227885,0.663005706335767,-11.8380829220628,11.9690505710879,7.85077658609617,-29.3274013369862
-0.492903222053874,-0.675101598334087,0.661150125992225,-11.8516193638842,12.0111412899089,7.80729265014931,-29.4167013019832
-0.504069592954902,-0.679267988056106,0.659272816767422,-11.8650085604606,12.0513634577796,7.76527924630003,-29.5083601900339
-0.515059518636288,-0.683225940869312,0.657392869877071,-11.878196941461,12.0897664528827,7.72496230688112,-29.6027834581059
-0.525869518781854,-0.686973738976458,0.655529601922,-11.8911329056687,12.1264289481715,7.68650647203621,-29.7002957295089
-0.536495266028302,-0.690508803385062,0.653702881468979,-11.9037672772824,12.1614515909807,7.65001217162097,-29.801146646782
-0.546931221101251,-0.693827186963825,0.651933286680562,-11.9160540513692,12.1949498606248,7.6155161035932,-29.9055200743179
-0.557170368929738,-0.696923210927297,0.650242094666665,-11.9279513216236,12.2270475442384,7.58299460023186,-30.0135449505014
-0.567204058659191,-0.699789244636364,0.648651121471877,-11.9394222756313,12.2578711254563,7.55236899141718,-30.1253061133485
-0.577021941866987,-0.702415616455729,0.647182441201939,-11.9504361596378,12.2875452219922,7.52351191568146,-30.2408536058142
-0.586611998700398,-0.704790637680908,0.645858013523537,-11.9609691481131,12.3161890616932,7.49625356948474,-30.3602092259963
-0.59596064178275,-0.706900722770587,0.644699242214295,-11.9710050928873,12.3439138729728,7.47038706095447,-30.4833693434342
-0.605052892378522,-0.708730596587688,0.643726476250295,-11.9805361627382,12.3708209955112,7.44567227698299,-30.6103032054082
-0.613872631676941,-0.710263591566325,0.642958452236546,-11.9895634095348,12.3970004919864,7.42183793012726,-30.7409461046821
-0.622402940878784,-0.711482052617864,0.642411666272088,-11.9980973057744,12.4225300573875,7.39858170098987,-30.8751869279519
-0.630626555062368,-0.712367882226354,0.64209965869259,-12.0061582858693,12.4474740751009,7.37556863748008,-31.0128498680709
-0.638526464150643,-0.712903267872007,0.642032201764036,-12.0137772853269,12.4718827570592,7.35242823717321,-31.1536706319864
-0.646086693970044,-0.71307163119614,0.642214404541457,-12.0209962048636,12.4957914282221,7.32875094497051,-31.2972684978473
-0.653293283054612,-0.712858812904495,0.642645796052886,-12.0278681333972,12.5192201655982,7.30408514001342,-31.4431171780129
-0.660135427582517,-0.71225444925096,0.643319516898417,-12.0344570623252,12.5421741496988,7.27793599872273,-31.5905194739538
-0.666606694367741,-0.711253403536725,0.644221825099491,-12.0408367548337,12.5646451687968,7.24976776306073,-31.7385925121346
-0.672706112832159,-0.709857008900708,0.645332168804286,-12.0470884615977,12.5866146437561,7.21901072989241,-31.8862707097451
-0.678438887620735,-0.708073804660349,0.646624046782219,-12.0532973561606,12.6080582440619,7.18507360111093,-32.0323311974026
-0.683816475429014,-0.705919469620402,0.648066734095521,-12.0595478977215,12.6289516765794,7.14736082989771,-32.175440855933
-0.688855876812268,-0.703415805714089,0.649627718561754,-12.0659187108131,12.6492767315953,7.10529369342458,-32.3142170915773
-0.693578184776047,-0.700588865547083,0.651275466328443,-12.0724778216888,12.6690264285368,7.05833350988985,-32.4472894260237
-0.698006626859981,-0.697466543008365,0.65298202395036,-12.07927907344,12.6882082707732,7.00600585185021,-32.573348926374
-0.702164448222146,-0.694076054967304,0.65472501907617,-12.0863602696394,12.7068451049935,6.94792540292976,-32.6911776079646
-0.70607297633879,-0.690441707989364,0.656488793935154,-12.0937432214476,12.7249736200329,6.88382159697301,-32.7996573786566
-0.709750118871962,-0.686583223281252,0.658264596246431,-12.1014355617578,12.7426408822933,6.81356491169796,-32.8977643163576
-0.713209439247021,-0.682514766885769,0.660049888035534,-12.1094340113661,12.7598994396092,6.73719268029057,-32.9845571484779
-0.716459872935126,-0.678244746898787,0.661846904397719,-12.1177286977554,12.7768015363871,6.65493191629911,-33.0591688401993
-0.719506094564142,-0.673776389455601,0.663660637876723,-12.12630805605,12.7933930063098,6.56721538737555,-33.1208082709236
-0.72234949668665,-0.66910905257863,0.665496482128281,-12.1351637334969,12.8097075096151,6.474686377754,-33.1687759814537
-0.724989666944831,-0.664240144661023,0.667357855086811,-12.1442947931087,12.8257619141337,6.37818749024925,-33.2024942626468
-0.727426144243265,-0.65916737618447,0.669244206287689,-12.1537104594802,12.84155364665,6.27872974370908,-33.2215476067678
-0.729660125998411,-0.653890931895116,0.671149826204696,-12.1634307917124,12.8570606089459,6.1774405654567,-33.2257253770688
-0.731695750210715,-0.648415089733973,0.673063747187916,-12.1734850754745,12.8722437031776,6.07549338705271,-33.2150558328435
-0.733540649553993,-0.642748910458238,0.674970745995459,-12.1839083266616,12.8870512888443,5.97402688680297,-33.1898209942219
-0.735205676889432,-0.636905881998178,0.676853120671631,-12.1947368576343,12.901424333652,5.87406651781343,-33.1505459311192
-0.736703956304998,-0.630902722332659,0.678692683215922,-12.2060040928399,12.9153009522952,5.77646212798332,-33.0979627142578
-0.738049599409937,-0.624757768924045,0.680472406958377,-12.2177376071095,12.9286195120037,5.68185179998143,-33.0329557517569
-0.739256460999048,-0.618489413508838,0.682177380647911,-12.2299578286,12.9413202387167,5.59065486189353,-32.9564989608337
-0.740337202688748,-0.612114900962991,0.683795016197022,-12.2426782867041,12.9533458650561,5.50308970396538,-32.8695952708238
-0.741302768793587,-0.605649606328599,0.685314686578925,-12.2559069294643,12.9646420655715,5.41920758042798,-32.7732262479348
-0.742162239061715,-0.599106737633687,0.686727065529861,-12.269647947839,12.9751582524815,5.33893288472906,-32.6683159262607
-0.742922947893814,-0.592497328493342,0.688023420116749,-12.2839036456356,12.9848489599674,5.26210242446296,-32.5557096756122
-0.743590745116541,-0.585830373840988,0.689195029686727,-12.2986760634537,12.9936757334483,5.188499269938,-32.4361667992428
-0.744170294635473,-0.579112992127374,0.690232822169068,-12.3139682164776,13.0016092698692,5.11787948291771,-32.3103645274054
-0.744665340559295,-0.572350539084549,0.691127257496806,-12.3297849058892,13.008631530136,5.04999186515197,-32.1789108149514
-0.74507890143949,-0.565546635774562,0.691868452348344,-12.3461331153426,13.0147376110214,4.98459178225608,-32.0423634602581
-0.74541337697956,-0.558703102409165,0.692446523227762,-12.3630220259304,13.0199372543307,4.92145035967399,-31.9012532113538
-0.745670568258909,-0.551819810705818,0.692852115636815,-12.3804626953246,13.0242559347971,4.86036019529383,-31.7561085066198
-0.745851624609492,-0.5448944844457,0.693077076517416,-12.3984674642799,13.0277354805159,4.80113841251734,-31.6074792431692
-0.745956940087713,-0.537922492483689,0.693115209597208,-12.4170491837168,13.0304341438172,4.74362754395713,-31.4559565683219
-0.745986030887834,-0.530896690155329,0.692963028562498,-12.4362203954645,13.0324259841558,4.68769449530558,-31.3021854205677
-0.745937430885003,-0.523807370159831,0.692620398056516,-12.4559926351564,13.0337993933202,4.63322776095468,-31.1468668171702
-0.745808642853745,-0.516642377023996,0.692090941022285,-12.4763760334123,13.034654634394,4.58013317238839,-30.990748080462
-0.74559617469609,-0.509387416103963,0.691382108213889,-12.4973793492034,13.035100402942,4.52832871284425,-30.8346013848092
-0.745295672596326,-0.502026550569462,0.690504859034157,-12.5190104727087,13.0352496262318,4.47773920529888,-30.6791937015691
-0.744902140218852,-0.494542837835563,0.689472982357195,-12.5412773087077,13.0352149170046,4.42829181749432,-30.525253432331
-0.744410212443299,-0.486919025258692,0.688302165131221,-12.5641888426948,13.0351041998073,4.37991322094391,-30.3734397553646
-0.743814441164412,-0.479138215423746,0.687008965340642,-12.587756143986,13.0350169786693,4.33252890879475,-30.2243196002113
-0.74310955242044,-0.47118442588156,0.685609848407878,-12.6119930864441,13.0350415386123,4.28606475489987,-30.0783547383311
-0.742290645761317,-0.463042998166821,0.684120408494798,-12.6369166456609,13.0352531516798,4.24045054619154,-29.9358988049103
-0.74135332209626,-0.454700843300697,0.682554839783259,-12.6625467216014,13.0357131783043,4.19562503689448,-29.7972021096551
-0.740293739463113,-0.446146535497049,0.680925669984359,-12.6889055050988,13.0364688662858,4.15154204841553,-29.6624212669969
-0.739108604308743,-0.437370278517113,0.67924373194032,-12.7160164426697,13.0375536536683,4.10817719519058,-29.5316308482235
-0.73779510903925,-0.428363771648263,0.677518330951407,-12.7439028625406,13.0389878480832,4.0655348617035,-29.4048350295866
-0.736350826633387,-0.419119998894626,0.675757559985625,-12.7725863200182,13.0407796436541,4.02365501981714,-29.2819781847753
-0.734773572284709,-0.40963296013686,0.673968714812708,-12.8020847173127,13.0429265103273,3.98261932499249,-29.1629542833636
-0.733061242243587,-0.399897360184655,0.672158760356815,-12.8324102626692,13.0454170183571,3.94255566760486,-29.0476156754576
-0.731211642468647,-0.389908272926268,0.670334795088101,-12.8635673620232,13.0482331168887,3.90364002304163,-28.9357823023737
-0.72922232472323,-0.379660803974178,0.668504452281613,-12.8955505833987,13.0513527536852,3.86609413605872,-28.8272525180835
-0.72709045462654,-0.369149785557605,0.666676169063427,-12.9283428928562,13.0547525098055,3.83017746080901,-28.7218164620032
-0.724812742614021,-0.358369548916683,0.66485925317625,-12.9619144143866,13.0584096816942,3.79617211324581,-28.6192722191793
-0.722385470601037,-0.347313826061638,0.663063692288425,-12.9962219869454,13.062303092694,3.76436066432335,-28.5194438506237
-0.719804638876445,-0.335975825771421,0.661299689044488,-13.0312097440988,13.0664120236808,3.73499854310922,-28.4221989937056
-0.717066235284694,-0.324348500425567,0.659576966502806,-13.0668107967924,13.0707131418106,3.70828528683403,-28.32746263816
-0.714166594364056,-0.312424971591404,0.657903957552368,-13.1029498640037,13.0751761037281,3.68434082538141,-28.2352235910977
-0.711102780136345,-0.300199029459577,0.65628703806585,-13.1395464370088,13.0797592576231,3.66319298632576,-28.145531543063
-0.70787291122355,-0.287665591778592,0.654729957567064,-13.1765178978654,13.0844070830878,3.64477967220385,-28.0584852511518
-0.704476362743362,-0.274821022205794,0.653233558665177,-13.2137820408849,13.0890504579636,3.62896459589549,-27.9742149928369
-0.700913819626728,-0.261663260363451,0.651795787280848,-13.2512586678871,13.0936098035615,3.61556138146319,-27.8928637595325
-0.697187199242607,-0.248191777111655,0.65041192390619,-13.2888702332526,13.0980002235597,3.60435928855097,-27.8145711215195
-0.693299487507014,-0.234407408800845,0.649074938502675,-13.326541760374,13.1021373522243,3.59514507143886,-27.7394619177769
-0.689254536261278,-0.220312133179815,0.647775884426168,-13.3642003567716,13.1059427829058,3.58771820329205,-27.6676400239835
-0.68505685804274,-0.205908836236138,0.646504278371198,-13.4017746306874,13.1093483888462,3.58189926400905,-27.5991862170395
-0.680711438486266,-0.191201098754172,0.64524844359435,-13.439194217643,13.1122992925984,3.57753283404974,-27.5341587377512
-0.676223573825055,-0.176193014347778,0.643995813231809,-13.4763895203707,13.1147555438004,3.57448672760452,-27.4725952959618
-0.671598733519525,-0.160889040603138,0.642733199203116,-13.5132916829275,13.116692713912,3.57264922186511,-27.4145156305504
-0.666842445024075,-0.145293880715605,0.641447033766583,-13.5498327684522,13.1181016570075,3.57192549756092,-27.3599241048207
-0.661960197297176,-0.129412392238388,0.640123589131706,-13.5859460853841,13.1189876694127,3.57223405386224,-27.3088120910047
-0.656957360365802,-0.11324952026121,0.638749178164301,-13.6215666006659,13.1193692434194,3.5735035062261,-27.2611600648647
-0.651839119170994,-0.0968102533022876,0.637310337329494,-13.6566313829715,13.119276570126,3.5756699373272,-27.2169394166499
-0.646610420643786,-0.0800996008986206,0.635793991931736,-13.6910800289894,13.1187499110927,3.57867482903261,-27.176114017832
-0.641275933383485,-0.0631225921891403,0.634187603334931,-13.7248550378441,13.1178379297138,3.5824635287777,-27.1386415880662
-0.635840019467599,-0.0458842947581927,0.63247929794456,-13.7579021108332,13.1165960504103,3.5869841717171,-27.1044748994868
-0.630306717895396,-0.0283898527552008,0.630657978073869,-13.7901703646198,13.115084895726,3.59218697262182,-27.0735628447277
-0.624679739036913,-0.0106445429380681,0.628713415219436,-13.8216124552303,13.113368836977,3.59802380693781,-27.0458513853142
-0.618962469290414,0.00734615311509082,0.626636326624754,-13.8521846173933,13.111514682351,3.60444801161968,-27.0212843899502
-0.613157984987816,0.0255764627655863,0.62441843625636,-13.8818466288856,13.1095905166061,3.61141434928321,-26.9998043678665
-0.607269074454713,0.0440402245208457,0.62205252143897,-13.910561712779,13.1076646983638,3.61887909176181,-26.981353100341
-0.601298267041068,0.0627307814385643,0.619532446403637,-13.9382963920452,13.1058050141456,3.62680019030427,-26.9658721730782
-0.595247867892166,0.0816408686898266,0.616853183920571,-13.9650203112053,13.1040779826154,3.63513750905022,-26.9533034127007
-0.58911999722279,0.100762498393208,0.614010826046792,-13.990706038932,13.1025482978557,3.64385310604119,-26.9435892316623
-0.582916632883179,0.12008684492699,0.611002584849712,-14.0153288640483,13.1012783968463,3.65291155201662,-26.9366728870714
-0.576639655053881,0.139604133971323,0.607826783800163,-14.0388665955046,13.1003281335631,3.66228028182628,-26.9324986599744
-0.570290891968914,0.159303538529983,0.604482840386607,-14.0612993748945,13.099754540185,3.67192997670007,-26.9310119624659
-0.563872165634133,0.179173085133853,0.600971240405036,-14.0826095080633,13.0996116547001,3.68183497808008,-26.9321593804664
-0.557385336573478,0.199199573334521,0.597293504338643,-14.1027813205197,13.0999503936371,3.69197373543475,-26.9358886601275
-0.550832346694719,0.21936851145366,0.593452146263238,-14.1218010397523,13.1008184486217,3.70232929160408,-26.9421486455533
-0.544215259415937,0.239664071357312,0.589450625797035,-14.1396567062391,13.1022601858769,3.71288980989165,-26.9508891748652
-0.537536296234274,0.260069064767807,0.585293293748059,-14.1563381139407,13.1043165285978,3.72364914740799,-26.9620609405787
-0.53079786895237,0.280564943302747,0.580985332282703,-14.1718367803872,13.1070248032896,3.73460747912659,-26.9756153188037
-0.524002606811541,0.301131824032838,0.576532690621772,-14.1861459460988,13.1104185326686,3.74577197674242,-26.9915041699247
-0.51715337782328,0.321748541870906,0.571942017435439,-14.1992606030006,13.1145271596231,3.75715754568724,-27.0096796111958
-0.510253303654506,0.34239272953621,0.567220591220158,-14.2111775516778,13.1193756890911,3.76878762247483,-27.0300937591445
-0.503305767522357,0.363040925174978,0.562376249958299,-14.221895487737,13.1249842376386,3.78069503279106,-27.0526984369262
-0.496314414708883,0.383668706954834,0.557417321242382,-14.2314151181436,13.1313674841538,3.79292290822235,-27.0774448389835
-0.489283145533889,0.404250853084262,0.552352553748109,-14.2397393091348,13.1385340195575,3.80552565598366,-27.1042831428213
-0.482216100944374,0.424761524737462,0.547191050426324,-14.2468732680663,13.1464855989354,3.81856997114996,-27.1331620558211
-0.475117641308416,0.445174468293141,0.541942203026004,-14.252824762201,13.1552163061582,3.8321358743407,-27.1640282843751
-0.467992319551067,0.465463232132195,0.536615626548383,-14.2576043778117,13.164711649011,3.84631774913853,-27.1968259140007
-0.460844850441172,0.485601392003736,0.531221090983151,-14.2612258227812,13.1749476121565,3.86122534233274,-27.2314956935175
-0.453680078616025,0.505562777697383,0.525768446247674,-14.2637062748351,13.1858897058962,3.87698467605192,-27.2679742250355
-0.446502948777156,0.525321692513364,0.520267534749551,-14.2650667752402,13.197492060517,3.89373880393001,-27.306193075774
-0.439318482334542,0.544853115897756,0.514728084602039,-14.2653326638398,13.2096966286447,3.91164832407131,-27.3460778489188
-0.432131765506758,0.564132878754732,0.509159575505718,-14.2645340452918,13.2224325708041,3.93089154099986,-27.3875472798037
-0.424947954342428,0.58313780056772,0.503571069022987,-14.2627062680969,13.2356159111441,3.95166414946653,-27.4305124608048
-0.417772302109193,0.601845777828515,0.497970995845272,-14.2598903875263,13.2491495592544,3.9741782989721,-27.4748763420916
-0.410610213764521,0.620235814709994,0.492366895143308,-14.2561335714903,13.2629237975733,3.99866089485285,-27.5205337021288
-0.403467330547745,0.638287989752001,0.486765105580514,-14.2514893960659,13.2768173286151,4.02535100671758,-27.5673718249857
-0.396349644954963,0.655983356805591,0.481170414203463,-14.2460179670632,13.2906989580817,4.05449629477047,-27.6152721514476
-0.389263642479711,0.673303784622677,0.47558567790449,-14.2397857986577,13.3044299549563,4.08634843333017,-27.6641131759112
-0.382216461784435,0.690231746930234,0.470011441549749,-14.23286538314,13.3178670756174,4.12115760674358,-27.7137748297703
-0.375216059997296,0.706750082729869,0.464445585555183,-14.2253344000408,13.3308661672368,4.15916626424714,-27.7641445176137
-0.368271365488925,0.72284175355516,0.458883041546315,-14.2172745392685,13.3432861833544,4.20060242394854,-27.8151248574239
-0.361392397783574,0.738489628877634,0.453315615671231,-14.2087699494129,13.3549933654487,4.24567287932966,-27.8666430348145
-0.354590334018352,0.753676331381392,0.447731953931802,-14.1999053633781,13.3658652876671,4.29455664962101,-27.9186615404622
-0.347877503839229,0.768384169892509,0.442117673030848,-14.1907639905531,13.3757944474568,4.34739890208644,-27.9711899501768
-0.341267299233871,0.782595180205023,0.43645566627913,-14.1814252887079,13.3846911262393,4.40430535355452,-28.0242973518008
-0.334773991133034,0.79629128524264,0.430726581389784,-14.1719627330256,13.3924853426595,4.46533684994249,-28.0781250239303
-0.328412448754829,0.809454579323854,0.424909460439036,-14.1624416826005,13.3991278626909,4.53050346960935,-28.1328989973132
-0.32219775883466,0.822067740232676,0.418982535843855,-14.1529174112837,13.404590390875,4.59975716183028,-28.1889421129026
-0.316144739164869,0.834114579699532,0.412924191304516,-14.1434333309681,13.4088652158317,4.67298169893179,-28.2466850293561
-0.310267335022387,0.845580757708824,0.406714120710816,-14.134019407116,13.4119646938434,4.74997871355302,-28.3066752024076
-0.304577881483195,0.856454704638003,0.400334742738963,-14.1246907677174,13.4139210030122,4.8304490175917,-28.3695820362788
-0.299086216572594,0.866728806872496,0.393772937649809,-14.1154465585655,13.4147865598876,4.91396959127675,-28.436195137474
-0.293798651829759,0.876400895684727,0.387022137816823,-14.1062692157835,13.414635319082,4.9999690285553,-28.507411044492
-0.288716863589065,0.885476004690464,0.380084687717898,-14.0971245048136,13.4135648188563,5.08770811490019,-28.5842026064506
-0.283836869120229,0.893968197608715,0.372974165339467,-14.087962850393,13.4116982619742,5.17627701981251,-28.6675657506753
-0.279148376405493,0.901902022685819,0.365717057844096,-14.0787224982374,13.4091852319367,5.26462377658758,-28.7584427493881
-0.274634868235245,0.909312928097431,0.358352967567409,-14.0693346888928,13.4061992019099,5.35162547382675,-28.8576305350465
-0.270274680357735,0.91624599453963,0.350932660458778,-14.0597302029401,13.4029303775355,5.43619965305054,-28.9656947809914
-0.266042999764559,0.922752801313441,0.343513928544483,-14.0498456918382,13.3995739581863,5.51743181618107,-29.082917665144
-0.261914282620149,0.928887025653478,0.336156172853264,-14.0396278774182,13.3963160221988,5.59467957893703,-29.2093006170624
-0.257864376828879,0.934699978475754,0.328915180841455,-14.0290344698562,13.3933205182469,5.66761981994998,-29.3446226403759
-0.253871816124304,0.940237230044952,0.321839320598844,-14.0180320805157,13.3907202702673,5.7362308942199,-29.488532301496
-0.249918182180023,0.945536840014915,0.314967539297184,-14.0065924735079,13.3886129596725,5.80072871054682,-29.6406416608635
-0.245987793147387,0.950628988003302,0.308328775103508,-13.9946886476215,13.3870611390983,5.86148613210934,-29.8005963525005
-0.242067101485492,0.95553641946414,0.301942062841228,-13.9822917470854,13.3860943953369,5.91895908984852,-29.9681091194344
-0.238144122191596,0.960275117596485,0.2958166798632,-13.9693692459506,13.3857117948313,5.97363026581478,-30.1429547154201
-0.234208093894064,0.964854805698269,0.289951905562298,-13.9558845635298,13.3858832428529,6.02597108601182,-30.3249286895264
-0.230249480367707,0.969279115222038,0.284336204310731,-13.9417982401036,13.3865490199307,6.07641784722926,-30.5137733835969
-0.226260357151125,0.97354546729667,0.27894587639372,-13.9270708495826,13.3876174727743,6.12535704449029,-30.7090761504611
-0.222235160886294,0.977644919742445,0.273743518691842,-13.9116677021464,13.3889617549104,6.17311659323618,-30.9101521133979
-0.218171662096473,0.981562422856469,0.268677028812677,-13.8955648514708,13.3904176677974,6.21996235549197,-31.1159390800059
-0.214071847018398,0.9852780101118,0.26368023899347,-13.8787549153419,13.3917856150825,6.26610197406295,-31.32495023012
-0.209942250333103,0.988769238046808,0.258676201378387,-13.8612502413033,13.3928393675853,6.3116987130121,-31.5353332224007
-0.205793352550845,0.992014593080766,0.25358327884766,-13.8430811086377,13.39334176058,6.35689516285258,-31.745051259865
-0.201638042403559,0.994996898839626,0.248322748573089,-13.8242886775179,13.3930634744829,6.4018413353648,-31.9521377060849
-0.197489631400827,0.997705583760959,0.242825658305994,-13.8049151806406,13.3917987945773,6.44671839037345,-32.1549285726141
-0.193360094385072,1.00013724614485,0.237037094849647,-13.7849950687737,13.3893739741351,6.49175155537179,-32.3521920618412
-0.189258965700222,1.00229479420974,0.230917446162045,-13.7645495718668,13.3856479821579,6.53721157082561,-32.543136729009
-0.185192914966966,1.00418589705151,0.224441466853715,-13.7435848846853,13.3805085274496,6.58340808297717,-32.7273343031122
-0.181165768388058,1.00582142097435,0.217596329672535,-13.7220927160734,13.3738667776559,6.63067855826279,-32.9046086922285
-0.177178702246419,1.00721422517462,0.210379572810119,-13.7000516969471,13.3656530534088,6.67937395630328,-33.0749296083675
-0.173230420610427,1.00837842235183,0.202797407818597,-13.6774285993557,13.3558143828393,6.72983977643483,-33.2383300934692
-0.169317243607422,1.00932905851676,0.19486350346847,-13.6541789320342,13.344313826378,6.78238944838511,-33.3948542362824
-0.165433137584696,1.01008209731297,0.186598144443152,-13.6302470279995,13.331130953175,6.83726703002342,-33.5445356350531
-0.16156980913927,1.01065455023811,0.178027527197238,-13.6055662083626,13.3162625856176,6.89459854701048,-33.6874050891944
-0.157717050839043,1.01106454584086,0.169182862242757,-13.5800599658154,13.2997227960988,6.95433671830837,-33.8235236148558
-0.153863529310677,1.01133109620951,0.160098930605854,-13.5536452054653,13.2815411497018,7.01621149073307,-33.9530318156859
-0.149998095142809,1.01147335864735,0.150811873126658,-13.5262381759371,13.2617584835705,7.07970494552129,-34.0761997083991
-0.146111465211172,1.01150935923649,0.141356320013223,-13.4977627593529,13.2404202543505,7.14406764844082,-34.1934568743318
-0.142197885010567,1.01145440836832,0.131762383474954,-13.468159646071,13.2175685727624,7.20838118875244,-34.3053868468739
-0.13825629107219,1.01131964623648,0.122053275710782,-13.4373943010415,13.1932349748039,7.27165376610701,-34.4126827268242
-0.134290646524238,1.01111115639559,0.112244179305109,-13.4054619687867,13.1674361371755,7.33292356005339,-34.5160764584453
-0.130309421514919,1.01082987425204,0.102342562150558,-13.3723890057505,13.1401739712045,7.39134532070778,-34.6162630090961
-0.126324451003174,1.01047223964839,0.0923496714729879,-13.3382309043832,13.1114402709455,7.44624602274888,-34.713839275959
-0.122349513628237,1.01003134831718,0.0822626837713777,-13.3030680091995,13.0812249534944,7.49714727611255,-34.809269222295
-0.118398946139288,1.00949829706524,0.0720769655014234,-13.2670000697525,13.0495262403206,7.54376003425516,-34.9028772041244
-0.114486505763133,1.00886346047102,0.0617880289754569,-13.2301406066146,13.0163609173524,7.58596038892423,-34.9948644633262
-0.110624578357749,1.00811752874887,0.0513929523923071,-13.1926117647263,12.9817729974904,7.62375550123491,-35.0853403995786
-0.106823736821758,1.00725223491015,0.0408912069027222,-13.1545400098137,12.9458395911301,7.65724740723728,-35.1743599356095
-0.103092594639382,1.00626077879804,0.0302849618746635,-13.1160527570845,12.9086734324386,7.68660031391247,-35.261959928623
-0.0994378731937338,1.00513800459909,0.0195790091907807,-13.0772758434729,12.8704221421291,7.71201459096393,-35.3481900087068
-0.0958646003570475,1.00388040740512,0.00878046376455544,-13.0383316695432,12.8312647816974,7.73370846255798,-35.4331355662794
-0.0923763708480378,1.00248604139743,-0.00210162265086656,-12.999337823405,12.7914064951181,7.7519067837905,-35.5169323887683
-0.0889756164911012,1.00095438761289,-0.0130566345262292,-12.9604060255178,12.7510720543632,7.76683537684736,-35.5997735527769
-0.0856638511016564,0.999286221390362,-0.0240726921719769,-12.9216412737474,12.7104989949496,7.77871910628179,-35.6819097292047
-0.0824418680554586,0.997483503282619,-0.0351368513092489,-12.8831411072241,12.6699308326614,7.78778198864573,-35.7636442474696
-0.0793098786326407,0.995549304222019,-0.0462352013610655,-12.8449949399939,12.6296106623748,7.79424795792458,-35.8453242621018
-0.0762675867495548,0.993487766092439,-0.057352878695113,-12.8072834412448,12.589775295149,7.79834130112768,-35.9273292842845
-0.0733142015366933,0.99130409201445,-0.0684740220923232,-12.7700779598311,12.5506500030806,7.80028615780003,-36.010058240124
-0.0704483939539442,0.989004556024745,-0.0795817036913647,-12.7334400080948,12.512443905921,7.80030480824138,-36.0939161130068
-0.0676682075013053,0.986596519074773,-0.0906578704352974,-12.6974208334413,12.4753460321479,7.79861474593534,-36.1793011109579
-0.0649709360649981,0.984088437235699,-0.10168332907888,-12.6620611145735,12.4395221006348,7.79542473521752,-36.2665931526128
-0.0623529838508626,0.981489848593823,-0.112637802446187,-12.6273908212395,12.4051120802094,7.79093019070709,-36.3561442701085
-0.0598097229834369,0.978811327379421,-0.123500076431294,-12.5934292711202,12.372228581218,7.78530827608584,-36.4482712776865
-0.0573353636024744,0.976064397008115,-0.134248247257104,-12.5601854058051,12.340956109999,7.77871310674073,-36.5432507607025
-0.0549228493473173,0.973261397298347,-0.14486006829709,-12.5276582920977,12.3113511747189,7.77127136285203,-36.6413161255235
-0.0525637884895607,0.970415304369055,-0.155313387136673,-12.4958378387295,12.2834431758744,7.76307849621674,-36.7426561493822
-0.0502484284352716,0.967539503839409,-0.165586658155363,-12.4647057056744,12.2572359571774,7.75419557250766,-36.84741421278
-0.0479656797596411,0.964647518399198,-0.175659514753834,-12.4342363764294,12.2327098438241,7.74464666001333,-36.9556872095181
-0.0457031961335176,0.961752689473379,-0.185513388422936,-12.4043983638069,12.2098239649468,7.73441658210426,-37.0675230255017
-0.0434475188692714,0.958867810021161,-0.195132167944852,-12.3751555257192,12.1885186516325,7.72344881320388,-37.182915469371
-0.041184299162068,0.956004702630941,-0.204502898682665,-12.3464684756597,12.1687177239813,7.7116433300032,-37.3017956497389
-0.0388986163363868,0.953173735942468,-0.213616525495116,-12.3182960777232,12.1503305305889,7.6988543396704,-37.4240190775454
-0.0365754141446022,0.95038327587148,-0.222468678547927,-12.2905970111785,12.1332536807852,7.68488799956074,-37.5493483172415
-0.0342000753721486,0.947639079656877,-0.231060483823045,-12.2633313676532,12.1173725121026,7.66950051417504,-37.6774319290824
-0.0317591420941791,0.944943663695096,-0.239399345121764,-12.2364622001937,12.1025624565586,7.65239731790861,-37.8077818079297
-0.0292411592325412,0.942295711198856,-0.247499592165784,-12.2099568810409,12.0886905917785,7.63323435646362,-37.9397527314785
-0.0266375707482841,0.939689627167901,-0.255382830730733,-12.1837880622272,12.0756177495483,7.61162263951543,-38.0725295379849
-0.0239435390440619,0.937115380043877,-0.26307779140414,-12.1579340070901,12.0632015480566,7.58713709338377,-38.2051279858082
-0.0211585117428566,0.934558766839536,-0.270619490995748,-12.1323781171477,12.0513005590438,7.5593301905557,-38.3364139441025
-0.018286358771005,0.932002179260694,-0.278047624896109,-12.1071076412609,12.0397795086183,7.52774995258801,-38.4651416062097
-0.0153349704164059,0.929425833085287,-0.285404292231196,-12.0821117876149,12.0285150233535,7.49196104018276,-38.590005803252
-0.0123153342025383,0.926809288639645,-0.292731356862963,-12.057379664927,12.0174011342558,7.45156719251428,-38.7096986553544
-0.00924024627761183,0.924132995925569,-0.300067875670188,-12.0328985490125,12.0063536906839,7.40623348532303,-38.8229593857097
-0.0061229010212665,0.921379587515109,-0.307448021005379,-12.008652866818,11.9953130407843,7.35570754575452,-38.9286090621452
-0.00297560941246362,0.918534713559301,-0.314899799094639,-11.9846240750839,11.9842446847682,7.29983948734524,-39.025567758153
0.000191162879777349,0.915587324618176,-0.322444689321836,-11.9607913946862,11.973137931293,7.23860046972327,-39.1128573209372
0.00336933198628991,0.912529413070222,-0.330098171174328,-11.9371332201202,11.9620027827156,7.17209933751614,-39.1895964603511
0.00655327815396024,0.909355299644897,-0.33787099653635,-11.9136289629102,11.9508653516241,7.10059595856957,-39.2549956790514
0.00973950331626817,0.906060601260863,-0.345770994983078,-11.8902610692195,11.9397621484223,7.02450898985845,-39.3083582391644
0.0129259407537838,0.902641052952771,-0.353805145044332,-11.8670169376262,11.9287336568761,6.94441515138988,-39.3490907424918
0.016111040857957,0.899091385445369,-0.361981595450753,-11.8438904471694,11.9178177587805,6.86103695661213,-39.3767236001598
0.0192928028737343,0.895404469654425,-0.370311294620674,-11.820882819217,11.9070437368414,6.77521654359239,-39.390938159797
0.0224679493487212,0.891570907309851,-0.378808921516188,-11.7980026253469,11.8964276746545,6.68787508525652,-39.3915942159014
0.0256314219002377,0.887579156466241,-0.387492937304262,-11.7752649377339,11.8859699702899,6.5999602601045,-39.3787500331516
0.0287762997499914,0.883416143350931,-0.396384784984922,-11.7526898561484,11.8756553334075,6.5123877875255,-39.3526677755369
0.0318941233949169,0.879068174810833,-0.405507487208034,-11.7303008330877,11.865455117481,6.42598567377051,-39.3138004962539
0.0349754921898626,0.874521889640017,-0.414884036547235,-11.7081232506229,11.8553313362406,6.34145007966176,-39.262761551218
0.0380107466571399,0.869765007068583,-0.424535974890227,-11.6861835524651,11.8452414287684,6.25931909889423,-39.2002816114861
0.040990563267692,0.864786729936439,-0.434482431590706,-11.6645089812888,11.8351428624998,6.17996624289203,-39.127160784188
0.0439063597833282,0.859577784091178,-0.444739707911395,-11.6431277428228,11.8249969340341,6.10361099649245,-39.044223234426
0.0467504911387325,0.854130170718909,-0.45532134025155,-11.6220693057948,11.814771488776,6.03034104585888,-38.9522797899673
0.0495162756800675,0.848436750674852,-0.466238490781839,-11.60136456166,11.8044425891256,5.96014017119641,-38.8521014521867
0.052197917960023,0.842490776497227,-0.477500499551091,-11.5810456616661,11.7939953482421,5.8929168128273,-38.7444044799907
0.0547903937445727,0.83628546034676,-0.489115459707701,-11.5611454599346,11.7834242141302,5.8285300423462,-38.6298462040027
0.0572893483571313,0.829813634617589,-0.501090718527116,-11.5416965789176,11.7727329734003,5.76681134274116,-38.5090299659989
0.0596910416810465,0.823067537443153,-0.513433243721414,-11.5227301647338,11.7619346838937,5.70758183157194,-38.3825173234522
0.0619923575661685,0.816038740174658,-0.526149821387443,-11.504274421247,11.7510516657347,5.65066527075823,-38.2508456130767
0.0641908831042452,0.808718225200878,-0.539247071335237,-11.4863530186264,11.7401155932235,5.59589748614939,-38.1145488800334
0.0662850528449482,0.80109661503369,-0.552731283268123,-11.4689834801485,11.729167640459,5.54313281432253,-37.9741799009403
0.0682743425056089,0.79316454220853,-0.566608098928622,-11.4521756708261,11.718258548241,5.49224804256306,-37.8303305478588
0.0701594849816403,0.784913130915728,-0.580882093087345,-11.4359305448154,11.7074484132467,5.44314412968798,-37.6836472238946
0.0719426695273859,0.776334536045631,-0.595556336294695,-11.4202393446968,11.6968059774023,5.39574588825382,-37.5348379046233
0.0736276766283735,0.767422459955794,-0.610632043648844,-11.4050834608928,11.6864072436516,5.34999984127116,-37.3846679016282
0.0752199019892455,0.758172553586804,-0.626108411308928,-11.3904351239466,11.6763333772003,5.30587065281532,-37.2339431476973
0.076726237808994,0.74858261900273,-0.641982705259966,-11.3762589973822,11.6666680457908,5.26333680516536,-37.0834824473597
0.0781548075472103,0.738652569647999,-0.658250598880281,-11.3625145765335,11.6574945426698,5.22238641616206,-36.9340829648193
0.0795145838600658,0.728384162914926,-0.674906679714515,-11.3491591280592,11.6488931377246,5.18301411355126,-36.7864850775254
0.0808149459480205,0.717780575365686,-0.691944992864233,-11.3361507912006,11.6409390632128,5.14521964930901,-36.6413427313094
0.0820652421733053,0.706845922429539,-0.709359480051307,-11.3234514491231,11.6337013762236,5.10900852097475,-36.4992035910791
0.0832744145764685,0.695584822540491,-0.727144208437289,-11.3110290633511,11.6272427251848,5.07439442958657,-36.3605004729855
0.0844507202861186,0.684002077565374,-0.745293341074544,-11.2988593018028,11.621619868073,5.04140308832895,-36.225552949994
0.085601560614683,0.672102503024653,-0.76380085644682,-11.2869264263701,11.616884695424,5.01007675420803,-36.0945764479433
0.0867334095403962,0.659890907646651,-0.782660062090586,-11.2752235027553,11.613085502491,4.98047884718762,-35.9676957511123
0.0878518222758941,0.647372199494402,-0.80186296390357,-11.263752044462,11.6102683005384,4.95269806697023,-35.844960293942
0.0889615007702953,0.63455158535111,-0.821399554349407,-11.2525212155213,11.608478019276,4.92685144897173,-35.7263594597157
0.0900663935584802,0.621434827492736,-0.841257077781556,-11.2415467107913,11.6077595024718,4.90308578980563,-35.6118369586567
0.0911698096785596,0.608028523118503,-0.861419326216313,-11.2308494239023,11.6081582225552,4.88157683480955,-35.5013040039272
0.0922745287075083,0.594340373577668,-0.881866017418237,-11.2204540096533,11.6097206352204,4.8625256099925,-35.3946513679591
0.0933828907602887,0.580379412042931,-0.902572309091774,-11.2103874510027,11.6124940686174,4.84615138030752,-35.2917604871345
0.0944968520167322,0.566156160104828,-0.92350850541659,-11.2006777454741,11.6165260092311,4.83268101684174,-35.1925136354881
0.0956179941330554,0.551682687804853,-0.944640010120518,-11.1913528222221,11.6218626322013,4.82233512188856,-35.0968028844002
0.0967474810937355,0.536972560169214,-0.965927567963717,-11.1824397785169,11.6285464579161,4.81531207222511,-35.0045372187608
0.0978859654147418,0.522040667701998,-0.987327809754299,-11.1739644765502,11.6366131257707,4.81177202967226,-34.9156469402838
0.0990334564092959,0.506902957460275,-1.00879407560446,-11.1659514718611,11.646087464917,4.811823606123,-34.8300845093232
0.100189173827479,0.49157610088476,-1.03027744527356,-11.1584241703138,11.6569792750698,4.81551586736541,-34.747821346659
0.101351416638538,0.476077147783144,-1.05172786770901,-11.1514050576681,11.6692794290446,4.82283748174136,-34.6688407839333
0.102517475722347,0.460423216837728,-1.07309526910062,-11.1449158375148,11.6829569781926,4.83372321026019,-34.5931281018291
0.103683610295849,0.444631260353698,-1.09433053630538,-11.1389773555487,11.697957824357,4.84806614644725,-34.5206591373125
0.104845094141602,0.428717919350562,-1.11538631342325,-11.1336092640125,11.7142052383656,4.86573284484253,-34.4513890634272
0.105996324263318,0.412699462915212,-1.13621759673356,-11.1288294592183,11.7316021514135,4.88657817235134,-34.3852426349483
0.107130975773883,0.396591790458448,-1.15678215002576,-11.1246533802006,11.7500348414889,4.91045734057993,-34.3221066281854
0.108242184134868,0.38041047023673,-1.17704077981886,-11.121093276225,11.7693774645981,4.93723371015155,-34.2618246273441
0.109322738090183,0.364170790670732,-1.19695750959185,-11.1181575398411,11.789496856482,4.96678209626043,-34.2041939010229
0.110365271283781,0.347887808643967,-1.21649968166032,-11.115850173773,11.810257118098,4.99898811517767,-34.1489639272295
0.1113624453717,0.331576387214401,-1.23563800303513,-11.1141704275751,11.8315236401778,5.03374450498957,-34.0958361256288
0.112307121117848,0.315251221553267,-1.25434654291169,-11.1131126125361,11.8531663688527,5.07094541488079,-34.0444644672723
0.113192516063328,0.298926855471104,-1.27260268628684,-11.1126660848043,11.8750622356574,5.11047953316691,-33.9944567889027
0.114012347941323,0.282617691606294,-1.29038705000835,-11.11281537782,11.8970967604766,5.15222274733297,-33.9453767998783
0.114760962297435,0.266337996677328,-1.30768337252542,-11.1135404648641,11.9191648876695,5.19603088591103,-33.896746914194
0.115433441004583,0.250101899729984,-1.32447839454942,-11.1148171390535,11.9411711427806,5.24173302253392,-33.8480521560458
0.116025685796121,0.233923376757486,-1.34076175255962,-11.1166175089938,11.9630292108955,5.2891258317848,-33.7987454606605
0.116534467992574,0.217816210378753,-1.35652590849099,-11.1189106202996,11.9846610477656,5.33796955267117,-33.7482546998726
0.116957432966267,0.20179390971418,-1.3717661351224,-11.1216632221057,12.0059956484342,5.38798619453344,-33.6959916733604
0.117293046632723,0.185869574795862,-1.38648056635099,-11.1248406985861,12.026967618154,5.43886064891069,-33.6413630920027
0.117540472675356,0.170055693364537,-1.40067030474359,-11.1284081738586,12.0475157142809,5.49024527663656,-33.5837832299622
0.117699374430984,0.154363866613927,-1.41433955776669,-11.1323317723842,12.0675815469705,5.54176826118548,-33.5226874716946
0.117769644677271,0.13880447366713,-1.42749575380231,-11.1365799789141,12.0871086277061,5.5930455410569,-33.4575455264045
0.117751078742938,0.123386299545584,-1.44014957611366,-11.1411250014091,12.1060419248274,5.64369551801459,-33.3878727783432
0.117643018492826,0.108116163693788,-1.45231485327489,-11.1459440111897,12.1243280184727,5.69335513352195,-33.3132382494601
0.117444003004522,0.0929985913294984,-1.46400826012096,-11.1510201304633,12.1419158518851,5.7416955110079,-33.2332680683304
0.117151463107131,0.0780355658737546,-1.47524880968777,-11.1563430642017,12.1587579752909,5.78843534211395,-33.1476441319543
0.116761490868304,0.0632263891884471,-1.48605714429819,-11.1619093244934,12.1748121038647,5.83335059729218,-33.0560986450894
0.116268704256081,0.0485676624435919,-1.49645465216103,-11.16772205331,12.1900427886662,5.87627985814716,-32.9584061939744
0.115666216490262,0.0340533904357405,-1.50646243774864,-11.1737904928179,12.2044230379275,5.91712538584968,-32.8543757795584
0.114945714253429,0.0196752107875375,-1.51610015989123,-11.1801291649525,12.217935814878,5.95585073207498,-32.7438457553529
0.114097652648023,0.00542275808331089,-1.52538472794655,-11.1867567985066,12.2305754527917,5.99247612079897,-32.6266849683013
0.113111588735613,-0.0087158107165451,-1.53432882591358,-11.1936949878287,12.2423491388567,6.02707294675373,-32.5028036922728
0.111976697698458,-0.0227530857402699,-1.54293923427826,-11.2009664970679,12.2532786956159,6.05975859710465,-32.3721781260504
0.110682539330187,-0.0367014182191624,-1.55121496367818,-11.2085930637814,12.2634028954908,6.0906924762556,-32.2348918744119
0.109220152153215,-0.0505716542127682,-1.55914533394446,-11.2165925512736,12.2727804251511,6.12007363746456,-32.0911958985658
0.107583518759224,-0.0643716502652526,-1.56670835206456,-11.2249754236921,12.2814932967169,6.14813979177756,-31.9415832291208
0.105771328607313,-0.0781048048609137,-1.57387004055811,-11.2337408559129,12.2896499303417,6.17516667828421,-31.7868648020948
0.103788740880277,-0.0917690667999793,-1.58058559719095,-11.2428733493962,12.297386413189,6.20146599920629,-31.6282194351445
0.101648583295078,-0.105357021809714,-1.58680311891324,-11.2523412713585,12.3048640151076,6.22737981862825,-31.467182086721
0.0993713176279428,-0.11885747443739,-1.59246980436217,-11.2620987211209,12.3122616316096,6.25327014967921,-31.3055440095211
0.0969834019563502,-0.132258326936811,-1.59753924240079,-11.2720910725628,12.3197637626086,6.27950456132071,-31.1451734887971
0.0945143579872461,-0.145549826960774,-1.60197749454447,-11.2822627912856,12.3275469842273,6.30644092059469,-30.9878095125714
0.0919934632469529,-0.158727011947591,-1.60576608652687,-11.292564958081,12.3357687885673,6.3344150501352,-30.8348978463201
0.0894470547925773,-0.171790657822453,-1.60890153346211,-11.3029603168347,12.3445613175978,6.3637334956294,-30.6875135868644
0.0868969687953479,-0.184746813642518,-1.61139244387926,-11.3134251516627,12.3540300938031,6.39467107995563,-30.5463694160736
0.0843600803504153,-0.197605491973572,-1.61325571056905,-11.3239486411831,12.3642561455139,6.42747122402308,-30.4118784633178
0.0818485968726131,-0.210379119709143,-1.61451292096113,-11.3345308403873,12.3752995938008,6.46234672128552,-30.2842362728421
0.0793707277691759,-0.223081135742829,-1.61518749702251,-11.3451802595978,12.3872033156523,6.4994792563186,-30.163497459376
0.0769314637032419,-0.235724885243049,-1.61530261255134,-11.3559115966241,12.3999960229864,6.53901678449043,-30.0496358269092
0.0745333261503842,-0.248322810142187,-1.61487972248448,-11.3667438280918,12.4136946318514,6.58106860353468,-29.94258565341
0.0721770385407708,-0.260885873593358,-1.61393750218095,-11.3776986614795,12.4283060837538,6.62569850905783,-29.8422661073267
0.0698621183937919,-0.273423149969391,-1.61249104431133,-11.3887992659407,12.4438288867454,6.67291689471008,-29.7485921035687
0.0675874065895558,-0.285941531895277,-1.61055123753488,-11.4000691914201,12.4602546385944,6.72267306126502,-29.6614749832969
0.0653515474501494,-0.298445533229411,-1.60812432306565,-11.4115314161977,12.4775697224713,6.77484928619887,-29.5808161824365
0.0631534210776446,-0.310937190974802,-1.60521167537381,-11.4232075092674,12.4957572530142,6.82925826180889,-29.5064969063167
0.0609925149369266,-0.323416082884917,-1.60180987114037,-11.4351169383564,12.5147992205829,6.8856452157226,-29.4383667375243
0.0588692114521288,-0.335879477058028,-1.59791109224362,-11.44727658193,12.5346786634087,6.94369534289991,-29.3762338760403
0.0567849672190998,-0.348322615276694,-1.59350386006777,-11.4597005036471,12.5553816238838,7.00304621265559,-29.3198591525132
0.0547423688151533,-0.360739108658697,-1.58857403691871,-11.4724000190043,12.5768986397808,7.06330382705961,-29.2689550248558
0.0527450672339982,-0.373121401638726,-1.58310597878263,-11.4853840365376,12.5992255847066,7.12406031141318,-29.2231896310117
0.0507976114850437,-0.385461247556613,-1.57708370083046,-11.4986596081334,12.6223637802633,7.18491103260717,-29.1821949303294
0.0489052153276942,-0.397750140804945,-1.57049192888728,-11.5122325921661,12.6463194168172,7.24546928653257,-29.1455773059153
0.0470734956619964,-0.409979664847953,-1.56331694830694,-11.5261083279034,12.6711024062152,7.30537739695115,-29.1129288444185
0.0453082169526811,-0.422141736171931,-1.55554721011325,-11.5402922371533,12.6967248316195,7.36431386201572,-29.0838377877545
0.0436150663787381,-0.434228744255828,-1.54717369744922,-11.5547902993192,12.7231991597374,7.42199684441247,-29.0578971709079
0.0419994731713004,-0.446233602117661,-1.53819008442024,-11.5696093775524,12.7505363540845,7.4781847104332,-29.0347112156356
0.0404664759040595,-0.458149729349059,-1.52859273283118,-11.584757398732,12.7787439917296,7.5326744772509,-29.0138995003291
0.0390206348012058,-0.469970990799224,-1.51838057350591,-11.6002434055498,12.8078244530332,7.58529898993682,-28.995099214948
0.0376659825158417,-0.481691611366106,-1.50755491290295,-11.6160775057628,12.8377732305098,7.63592350357623,-28.9779659449076
0.0364060056208147,-0.493306082849143,-1.49611919705745,-11.632270744198,12.8685773900655,7.68444216173684,-28.9621734490007
0.0352436493422497,-0.504809074079305,-1.48407875640081,-11.6488349201271,12.9002142132503,7.7307746862873,-28.9474128491436
0.0341813390721626,-0.516195351438661,-1.47144054813271,-11.6657823683321,12.9326500493724,7.77486344772414,-28.9333915706686
0.0332210133846712,-0.527459713733303,-1.45821290785649,-11.6831257179258,12.9658394079246,7.81667097618816,-28.9198322852143
0.0323641643562282,-0.538596943169011,-1.44440531884792,-11.7008776394218,12.9997243220561,7.85617789880888,-28.9064720272328
0.0316118818423562,-0.549601772715634,-1.43002820508756,-11.7190505878443,13.0342340109869,7.8933812428893,-28.8930615854837
0.0309648989945871,-0.560468869209322,-1.41509275253126,-11.7376565476997,13.0692848625142,7.92829302013979,-28.879365214086
0.0304236367726127,-0.571192830932495,-1.39961076162653,-11.7567067841914,13.1047807462444,7.96093899885932,-28.8651606632471
0.0299882455954638,-0.581768197986133,-1.38359453257781,-11.7762116038886,13.1406136548545,7.9913575739162,-28.8502394965722
0.0296586426489997,-0.592189473444995,-1.3670567832573,-11.7961801269885,13.1766646560821,8.01959865484705,-28.8344076386966
0.0294345437671879,-0.602451153034222,-1.3500105980149,-11.8166200722356,13.2128051241072,8.04572250736643,-28.8174860828138
0.0293154892433374,-0.612547760893404,-1.33246940410541,-11.8375375544752,13.2488982073008,8.06979850061779,-28.7993116814244
0.0293008633886879,-0.622473888928838,-1.31444697119262,-11.8589368938026,13.2848004813919,8.09190372965735,-28.7797379440965
0.0293899081043339,-0.632224237324702,-1.29595742855452,-11.880820434421,13.3203637337209,8.11212149852693,-28.7586357718386
0.0295817311255252,-0.641793654004453,-1.27701529428625,-11.9031883707931,13.3554368254404,8.13053966299902,-28.735894067264
0.0298753098960579,-0.651177171199148,-1.25763551099025,-11.9260385785381,13.3898675836108,8.14724884344255,-28.7114201714948
0.0302694922097476,-0.660370037759923,-1.2378334830913,-11.949366447854,13.4235046829038,8.16234052760664,-28.685140091224
0.0307629948098396,-0.669367746398314,-1.21762511189724,-11.9731647180065,13.456199485568,8.1759050912482,-28.6569984913063
0.0313544010794137,-0.67816605558848,-1.19702682568784,-11.9974233125453,13.4878078169239,8.18802977246907,-28.6269584388114
0.0320421588158491,-0.68676100635465,-1.17605560329075,-12.0221291762635,13.518191660688,8.19879664437858,-28.595000893134
0.0328245788984777,-0.695148934536392,-1.15472899064166,-12.0472661163675,13.5472207629934,8.20828064091724,-28.5611239433219
0.0336998354691645,-0.703326479328726,-1.13306511060284,-12.0728146517413,13.5747741356876,8.21654770237918,-28.5253417983209
0.0346659680814962,-0.711290588909784,-1.11108266674442,-12.0987518754934,13.6007414483807,8.22365311944898,-28.4876835386044
0.0357208861521739,-0.719038523797448,-1.08880094183716,-12.1250513371183,13.625024295214,8.22964016542196,-28.4481916391306
0.0368623759681674,-0.726567858248112,-1.06623979147536,-12.1516829516248,13.6475373171663,8.23453911262499,-28.4069202744457
0.0380881104494133,-0.733876479584515,-1.04341963261311,-12.178612943906,13.6682091548945,8.23836672705472,-28.363933418019
0.0393956618136217,-0.740962584898339,-1.02036142598173,-12.2058038375004,13.6869832018618,8.24112632103597,-28.3193027507497
0.0407825172099739,-0.747824674214739,-0.997086650534362,-12.2332144976578,13.7038181242009,8.24280841454244,-28.2731053992781
0.0422460972639812,-0.754461539025064,-0.973617267438391,-12.2608002391219,13.71868811386,8.24339201152713,-28.225421534149
0.0437837773055206,-0.760872245161355,-0.949975670892632,-12.2885130089619,13.7315828462968,8.24284644173202,-28.17633187105
0.0453929108551769,-0.767056109325619,-0.926184623311074,-12.3163016537364,13.7425071240043,8.24113365864499,-28.1259151340557
0.0470708547551434,-0.773012669161219,-0.902267173203403,-12.3441122778857,13.7514802021697,8.23821083127422,-28.0742455554433
0.0488149951887997,-0.778741647466637,-0.878246555284697,-12.3718886963192,13.7585348113183,8.2340330324901,-28.0213904986942
0.050622773766455,-0.78424291186805,-0.854146073744869,-12.3995729788025,13.7637159113319,8.22855581827885,-27.9674082962398
0.0524917128720349,-0.789516431848373,-0.829988970937835,-12.4271060774328,13.7670792286629,8.22173751301327,-27.9123463890028
0.054419439552766,-0.794562235372165,-0.805798284776102,-12.4544285219769,13.7686896410406,8.21354106145993,-27.8562398404988
0.0564037073622661,-0.799380367403719,-0.781596698698923,-12.4814811620364,13.7686194796588,8.20393536866732,-27.7991102761366
0.0584424157059701,-0.803970852408541,-0.757406388202019,-12.5082059306978,13.7669468173874,8.19289611152727,-27.7409652720112
0.0605336263649411,-0.808333662522865,-0.733248867658219,-12.5345466020379,13.7637538040479,8.18040605930238,-27.6817981911701
0.0626755769831658,-0.812468692558025,-0.709144840659779,-12.5604495147655,13.7591250982709,8.16645497745105,-27.6215884428082
0.0648666914001818,-0.816375742457625,-0.68511405651532,-12.5858642361973,13.7531464322484,8.15103920744023,-27.5603021235785
0.0671055868065696,-0.820054507304742,-0.661175174942741,-12.6107441442887,13.7459033328375,8.134161017069,-27.4978929911355
0.0693910778032311,-0.823504574518888,-0.637345640471318,-12.6350469100294,13.7374800113449,8.11582780589574,-27.4343037177797
0.0717221775577944,-0.82672542750333,-0.613641567618043,-12.6587348676575,13.7279584255654,8.09605123412308,-27.3694673754324
0.0740980963657627,-0.829716454707071,-0.590077637528096,-12.6817752653796,13.7174175113288,8.07484632546207,-27.3033091105379
0.0765182380267214,-0.832476962853744,-0.566667006455236,-12.704140394283,13.7059325765929,8.05223057832618,-27.2357479773277
0.0789821945211764,-0.835006192964393,-0.543421226199582,-12.7258075976289,13.6935748485438,8.02822310691018,-27.1666989088225
0.0814897395067918,-0.83730333776745,-0.520350176424862,-12.7467591666123,13.6804111627485,8.00284382475101,-27.0960748159575
0.0840408211333163,-0.839367559152913,-0.497462008662732,-12.7669821318697,13.6665037827697,7.97611267789736,-27.0237888154564
0.0866355545977167,-0.84119800449323,-0.47476310180327,-12.7864679625339,13.6519103385065,7.94804893207522,-26.9497565958762
0.0892742147247279,-0.842793820921507,-0.452258028993573,-12.8052121864942,13.6366838716845,7.91867051736163,-26.8738989379404
0.0919572286676784,-0.844154167023315,-0.429949536140399,-12.8232139468204,13.6208729772356,7.88799343406584,-26.7961444091346
0.0946851685889869,-0.845278221849142,-0.407838532646003,-12.840475510137,13.6045220296662,7.85603122409778,-26.7164322526722
0.09745874391254,-0.846165191668574,-0.385924095588899,-12.8570017432258,13.5876714837789,7.82279451255565,-26.6347154862798
0.100278792459936,-0.846814315431267,-0.364203489258927,-12.8727995743886,13.570358239146,7.78829062417887,-26.550964215588
0.103146269514738,-0.847224870426369,-0.342672202703063,-12.8878774562259,13.5526160573764,7.75252327837804,-26.4651691491007
0.106062233637015,-0.847396180078252,-0.321324008631854,-12.9022448465084,13.5344760203292,7.71549236454216,-26.3773452759182
0.109027827917143,-0.847327626102893,-0.300151047531621,-12.9159117237115,13.515967015917,7.67719379612564,-26.2875356336987
0.112044255362779,-0.847018667285023,-0.279143940942738,-12.9288881534112,13.4971162360333,7.63761943771243,-26.1958150543273
0.115112747307165,-0.84646886682965,-0.258291937395451,-12.9411839208656,13.4779496686284,7.59675709421715,-26.1022937322915
0.118234524151147,-0.845677929521699,-0.237583093251005,-12.952808243413,13.458492563449,7.55459054640964,-26.0071204224084
0.121410748418871,-0.84464574877381,-0.217004488553351,-12.9637695734638,13.4387698491067,7.51109961333198,-25.9104850485922
0.124642470983546,-0.843372462119952,-0.19654247496931,-12.9740754985897,13.4188064787358,7.46626022168131,-25.8126205045382
0.127930572306368,-0.841858511999325,-0.176182949201476,-12.9837327395049,13.398627683353,7.4200444668707,-25.7138034603835
0.131275701462571,-0.840104707065044,-0.155911641357778,-12.9927472399084,13.378259116669,7.37242066208338,-25.6143540618583
0.134678216390413,-0.838112278118404,-0.135714404325389,-13.0011243349722,13.3577268825411,7.3233533912478,-25.5146345170569
0.138138128977668,-0.835882922481554,-0.115577487990202,-13.008868978822,13.3370574457521,7.27280360916217,-25.4150466968068
0.14165505814696,-0.833418831433249,-0.0954877818372579,-13.0159860068868,13.316277436939,7.22072886498961,-25.3160290035388
0.145228192994434,-0.830722697278948,-0.0754330114270066,-13.0224804075184,13.2954133714317,7.16708376049586,-25.2180528608315
0.148856266414809,-0.827797699475086,-0.055401878375743,-13.0283575792591,13.2744913078184,7.11182078725147,-25.1216192137005
0.15253753779451,-0.824647472512082,-0.0353841392078783,-13.0336235552855,13.2535364742538,7.05489171294126,-25.0272553906287
0.156269781642091,-0.821276061394467,-0.0153706248743685,-13.038285183898,13.2325728889603,6.9962497015802,-24.9355125599423
0.160050277819746,-0.817687872972892,0.00464679120032075,-13.0423502620151,13.2116229971839,6.93585235154071,-24.8469638286611
0.163875798634157,-0.813887632648517,0.0246752639190343,-13.0458276259457,13.1907073418294,6.87366581363687,-24.7622028059609
0.167742588610917,-0.809880355830779,0.0447210707847449,-13.0487272089601,13.1698442808713,6.8096701016907,-24.6818422156952
0.171646334350086,-0.805671341890434,0.0647897139394658,-13.0510600774559,13.1490497625357,6.74386561983643,-24.6065119234607
0.175582124330379,-0.801266195241994,0.0848860164920455,-13.0528384564076,13.1283371692094,6.67628079253017,-24.5368555732111
0.179544401608891,-0.796670873780513,0.1050142042951,-13.0540757503763,13.1077172418316,6.60698048567166,-24.4735249374147
0.183526915530973,-0.791891759589097,0.12517797083242,-13.0547865593523,13.0871980958244,6.5360746516991,-24.4171711074298
0.18752268101791,-0.786935741434158,0.14538053010307,-13.0549866806975,13.066785334451,6.46372634034392,-24.3684318224436
0.191523954708898,-0.781810294424084,0.165624668445945,-13.0546930821171,13.046482253088,6.39015794316956,-24.3279145818601
0.195522235215772,-0.776523541110301,0.185912808649285,-13.0539238294908,13.0262901069344,6.31565437002634,-24.2961757042614
0.199508289622857,-0.771084281926947,0.206247096100346,-13.0526979610265,13.0062083867767,6.24056189257049,-24.2736961311755
0.20347220104865,-0.765501991700661,0.22662950638301,-13.0510353170229,12.9862350182043,6.16528171771069,-24.2608554092526
0.207403425224649,-0.759786791184834,0.247061958978796,-13.0489563596036,12.9663663787216,6.09025798539396,-24.2579057632671
0.211290841583623,-0.75394941355059,0.267546408634823,-13.0464820404528,12.9465970260942,6.01596072492735,-24.2649483598383
