-4.95813587974964,0,0.144836957231611
-4.95843997619143,0,0.142943280920347
-4.95904806962768,0,0.139154732419472
-4.95995996441192,0,0.133468879892524
-4.96117535399011,0,0.125882107111396
-4.96269381333233,0,0.116389599719916
-4.96451478675722,0,0.104985338200166
-4.96663757209687,0,0.0916620901368472
-4.96906130104254,0,0.076411401022706
-4.97178491528479,0,0.0592235831448835
-4.9748071381719,0,0.0400877021817703
-4.97812644135798,0,0.0189915611250654
-4.98174100591844,0,-0.00407831891906785
-4.98564867730193,0,-0.0291367214774569
-4.98984691339863,0,-0.0561997614970248
-4.99433272489713,0,-0.0852849166753362
-4.99910260699094,0,-0.116411063897843
-5.00415246135604,0,-0.149598521309018
-5.00947750718358,0,-0.184869096619359
-5.01507217987937,0,-0.222246142207983
-5.02093001585467,0,-0.261754617567706
-5.02704352162575,0,-0.303421159636146
-5.03340402519511,0,-0.347274161461326
-5.04000150741958,0,-0.393343859572022
-5.04682441076736,0,-0.441662430292632
-5.05385942252699,0,-0.492264095064075
-5.06109122915368,0,-0.545185234600931
-5.06850223801927,0,-0.600464511392941
-5.07607226237446,0,-0.65814299967162
-5.083778164835,0,-0.718264321468663
-5.09159345416836,0,-0.780874786749536
-5.09948782959765,0,-0.846023534848499
-5.10742666625837,0,-0.913762673459615
-5.11537043486634,0,-0.984147410289734
-5.12327404809907,0,-1.05723617106156
-5.13108612569795,0,-1.13309069586791
-5.13874816990956,0,-1.21177610388022
-5.14619364265896,0,-1.29336091402114
-5.15334693587212,0,-1.37791700645895
-5.16012222673358,0,-1.46551950656267
-5.16642221050745,0,-1.5562465692789
-5.17213670502399,0,-1.65017903777347
-5.17714112322206,0,-1.74739994556667
-5.18129481346924,0,-1.84799382639818
-5.18443927201384,0,-1.95204579074801
-5.18639623815279,0,-2.05964032248744
-5.18696569085268,0,-2.17085974379205
-5.1859237759856,0,-2.28578229157355
-5.18302070638759,0,-2.4044797447634
-5.17797869294311,0,-2.52701453953015
-5.17048998411039,0,-2.65343630969517
-5.16021511387363,0,-2.78377779344708
-5.14678148399063,0,-2.91805005617323
-5.12978243524529,0,-3.05623699450443
-5.10877699342387,0,-3.19828911033089
-5.08329050751248,0,-3.34411657763646
-5.05281642793017,0,-3.49358167167545
-5.01681949817963,0,-3.64649069120473
-4.97474064947443,0,-3.80258558176445
-4.92600388851059,0,-3.96153556175518
-4.87002544573727,0,-4.1229291619338
-4.80622539589938,0,-4.28626720865997
-4.73404186408022,0,-4.45095740331699
-4.65294777935696,0,-4.61631126083625
-4.56246992789287,0,-4.7815442488053
-4.46220978787228,0,-4.94577998843886
-4.35186531134487,0,-5.10805930857636
-4.23125247972547,0,-5.2673547531504
-4.10032514584255,0,-5.42259080937116
-3.9591914486646,0,-5.57266964600245
-3.80812501870698,0,-5.71650155740366
-3.64756934736145,0,-5.85303866597335
-3.47813410825644,0,-5.9813098446002
-3.30058288042632,0,-6.10045440110965
-3.11581255842995,0,-6.20975192716457
-2.92482561730906,0,-6.30864591881018
-2.72869717751954,0,-6.39675931922468
-2.52853934682805,0,-6.47390093529842
-2.32546551379272,0,-6.54006260109072
-2.12055711490567,0,-6.59540784622089
-1.91483495010152,0,-6.64025354013525
-1.7092364833522,0,-6.67504643890964
-1.50459985755712,0,-6.70033673567042
-1.3016546844329,0,-6.71675063760042
-1.1010191180405,0,-6.72496372441074
-0.903202325530989,0,-6.72567646033442
-0.708611238420465,0,-6.71959280514313
-0.517560386343685,0,-6.70740245619811
-0.33028365328957,0,-6.68976689203064
-0.146946919121799,0,-6.66730910011
0.032339277078447,0,-6.64060666478823
0.207507719963363,0,-6.61018776287136
0.378523621269024,0,-6.57652955397016
0.545375141116594,0,-6.54005844707489
0.708065475311701,0,-6.50115175884494
0.866606538339374,0,-6.46014033865538
1.0210141843341,0,-6.41731180814851
1.17130484870284,0,-6.37291413900115
1.31749345647574,0,-6.32715936465152
1.45959242447647,0,-6.28022728510685
1.59761157784759,0,-6.23226907610995
1.7315588029287,0,-6.18341075394162
1.86144126458692,0,-6.13375647527542
1.98726702462774,0,-6.08339166887633
2.10904690770799,0,-6.03238600418711
2.22679647197728,0,-5.98079620291159
2.34053795383081,0,-5.92866869569549
2.45030207032334,0,-5.87604211905975
2.55612957959973,0,-5.8229496399137
2.65807251945222,0,-5.76942108811004
2.75619506663145,0,-5.71548487305684
2.85057398401377,0,-5.66116965934613
2.9412986478206,0,-5.60650577906492
3.0284706711079,0,-5.55152636466937
3.1122031609105,0,-5.49626819524634
3.19261966319632,0,-5.44077225947831
3.26985286110205,0,-5.38508404931036
3.34404309735717,0,-5.3292536079265
3.41533679162654,0,-5.27333536313153
3.48388481853841,0,-5.21738778198684
3.5498409036416,0,-5.16147288435986
3.61336008384062,0,-5.10565565213038
3.67459726733301,0,-5.05000336766722
3.73370591685803,0,-4.99458491053115
3.79083686999213,0,-4.93947003592262
3.84613730179572,0,-4.88472865286124
3.89974982852962,0,-4.83043011501311
3.95181174637215,0,-4.77664253286334
4.00245439587668,0,-4.72343211276325
4.05180264100998,0,-4.67086252632885
4.09997445069223,0,-4.61899431262192
4.1470805705091,0,-4.5678843153574
4.19322427245269,0,-4.5175851577862
4.23850117097997,0,-4.46814475867522
4.28299909424932,0,-4.41960589368236
4.32679800004496,0,-4.37200580721467
4.36996992661817,0,-4.32537588038447
4.41257896947021,0,-4.27974136085832
4.45468127600326,0,-4.23512116017322
4.49632505099016,0,-4.19152772349905
4.53755056698059,0,-4.14896697589863
4.57839017506325,0,-4.10743834797942
4.61886831282985,0,-4.06693488254162
4.65900150790717,0,-4.02744342251788
4.69879837700853,0,-3.98894487926114
4.73825962206321,0,-3.95141457915714
4.77737802658332,0,-3.91482268565261
4.81613845698774,0,-3.87913469312752
4.85451787510001,0,-3.84431198857956
4.89248536944869,0,-3.81031247679758
4.93000221430511,0,-3.77709126450592
4.96702196657163,0,-3.74460139878774
5.00349061164939,0,-3.71279465484188
5.03934677022047,0,-3.68162236770794
5.07452197841021,0,-3.65103630190779
5.10894105396176,0,-3.62098955192455
5.14252256074578,0,-3.59143746501906
5.17517938301607,0,-3.56233857604717
5.20681941916765,0,-3.53365554171205
5.23734640222498,0,-3.50535605914728
5.26666085077677,0,-3.47741375102449
5.29466114952743,0,-3.44980899672342
5.32124475307858,0,-3.42252968677816
5.34630950012515,0,-3.39557187615168
5.36975501821972,0,-3.36894031124952
5.39148419203618,0,-3.34264880631036
5.41140466119068,0,-3.31672044719123
5.42943030778965,0,-3.29118760475672
5.44548268963489,0,-3.26609174608918
5.45949237303835,0,-3.24148303933682
5.47140011994546,0,-3.21741975678866
5.48115788776649,0,-3.19396749008378
5.48872960689547,0,-3.17119820058175
5.49409170997152,0,-3.14918913604231
5.49723339782425,0,-3.12802165116583
5.49815663885827,0,-3.10777997366608
5.49687591038904,0,-3.08854995906033
5.49341770119423,0,-3.07041787623464
5.4878198035006,0,-3.05346926229604
5.48013042923422,0,-3.03778787971616
5.47040718935737,0,-3.02345480189499
5.45871597651271,0,-3.01054764568407
5.44512979025035,0,-2.99913996172416
5.4297275412428,0,-2.98930078620848
5.41259286660922,0,-2.98109435126955
5.39381298329435,0,-2.97457994585796
5.37347760085862,0,-2.96981191484212
5.35167790942642,0,-2.96683978111007
5.32850565320033,0,-2.96570847360706
5.30405229506695,0,-2.96645864335978
5.27840827348713,0,-2.96912704945952
5.25166234909929,0,-2.97374699753912
5.223901035238,0,-2.98034881433192
5.19520810381767,0,-2.98896034330784
5.16566415568482,0,-2.99960744802294
5.1353462425332,0,-3.01231451158774
5.10432752575769,0,-3.02710492245546
5.07267695617301,0,-3.04400153843918
5.0404589573449,0,-3.06302712238376
5.00773309441205,0,-3.08420474410714
4.97455370977557,0,-3.10755814396172
4.94096950699066,0,-3.13311205349475
4.90702306471725,0,-3.16089246808727
4.87275026380246,0,-3.19092686499592
4.83817961261506,0,-3.22324435784205
4.80333145877889,0,-3.25787577527374
4.76821707960072,0,-3.29485364734018
4.73283764889182,0,-3.33421207824055
4.69718308463552,0,-3.37598647884233
4.66123079009266,0,-3.4202131271472
4.62494431040731,0,-3.46692852027957
4.58827193739271,0,-3.51616847825808
4.55114530660173,0,-3.56796695851794
4.51347804249708,0,-3.62235454161218
4.4751645188423,0,-3.67935655335922
4.43607881151205,0,-3.73899079734465
4.39607392888347,0,-3.80126488426015
4.35498140999771,0,-3.86617316081152
4.3126113821352,0,-3.93369326023279
4.26875316701817,0,-4.00378231783778
4.22317651864201,0,-4.07637291739442
4.17563356628178,0,-4.15136885630836
4.12586152441729,0,-4.22864083883491
4.07358621823508,0,-4.30802222648763
4.01852645993988,0,-4.38930499386381
3.96039929780895,0,-4.47223605732063
3.8989261463555,0,-4.55651416492518
3.83383979054515,0,-4.64178756060633
3.76489223671298,0,-4.72765266472797
3.69186335317597,0,-4.81365404730301
3.6145701988468,0,-4.89928600629626
3.5328768722988,0,-4.98399609584069
3.44670462148693,0,-5.06719096701123
3.35604183359832,0,-5.14824487115095
3.26095337930042,0,-5.22651111221685
3.16158862955206,0,-5.30133659806257
3.05818732214341,0,-5.37207941283281
2.9510823681021,0,-5.43812900833359
2.84069870248393,0,-5.49892820926147
2.72754744497261,0,-5.55399579516775
2.61221496892565,0,-5.60294804303303
2.49534697081319,0,-5.64551739000112
2.37762822350452,0,-5.68156639987241
2.25975927967545,0,-5.71109553945114
2.14243183916909,0,-5.73424386927923
2.02630469980174,0,-5.75128252693642
1.91198212573695,0,-5.76260167626995
1.79999611707559,0,-5.76869225404725
1.69079353845857,0,-5.77012425267865
1.58472848308248,0,-5.76752339387547
1.48205972216334,0,-5.761547906541
1.38295269169884,0,-5.75286680402494
1.28748522508745,0,-5.74214065645449
1.19565613980594,0,-5.73000545484474
1.10739579455268,0,-5.71705981864738
1.02257780958798,0,-5.70385553145858
0.941031252377845,0,-5.69089120231312
0.862552708733733,0,-5.67860873083711
0.786917773284036,0,-5.66739218739437
0.713891597902253,0,-5.65756868907729
0.64323823347343,0,-5.64941084742826
0.574728591762313,0,-5.64314037654811
0.508146942089132,0,-5.63893247612009
0.443295941795115,0,-5.63692063966975
0.380000277387682,0,-5.63720158106576
0.318109060241331,0,-5.63984001832774
0.257497171562575,0,-5.64487309930663
0.198065781420912,0,-5.65231429508901
0.139742273145417,0,-5.66215662159869
0.082479786791948,0,-5.67437507734304
0.0262565557021172,0,-5.68892820735289
-0.0289248473606333,0,-5.70575872377651
-0.083038307436642,0,-5.72479313704197
-0.136035035144976,0,-5.7459403826278
-0.187844603769306,0,-5.76908947069572
-0.238376316036155,0,-5.79410624057863
-0.287521106190187,0,-5.82082936857797
-0.335154206695775,0,-5.84906585294441
-0.381138807670302,0,-5.87858628023132
-0.425330909222101,0,-5.90912025780919
-0.467585511857414,0,-5.94035247361268
-0.507764208496157,0,-5.97191991158696
-0.545744134022612,0,-6.00341080453138
-0.5814280951058,0,-6.03436593760366
-0.614755544874431,0,-6.06428291386616
-0.645713886565109,0,-6.09262394000895
-0.674349395684915,0,-6.11882756142901
-0.700776860211151,0,-6.14232454356376
-0.725186886648311,0,-6.16255773839505
-0.747849756339743,0,-6.17900528868532
-0.76911480087104,0,-6.19120594257628
-0.789404549501005,0,-6.19878466347204
-0.809203402715677,0,-6.20147625918206
-0.829041260802649,0,-6.19914457511062
-0.849473270368708,0,-6.19179502046887
-0.871057480166427,0,-6.17957885141815
-0.894332557258292,0,-6.16278861827208
-0.9197977069976,0,-6.14184528064667
-0.947896573455668,0,-6.11727844895935
-0.979006280911325,0,-6.08970181834403
-1.01343207653826,0,-6.0597860350728
-1.05140740439434,0,-6.02823101815728
-1.09309877763695,0,-5.99573928121095
-1.13861454193012,0,-5.96299122058593
-1.18801650131322,0,-5.93062278983026
-1.24133334180131,0,-5.89920555318947
-1.29857477106859,0,-5.86922883928287
-1.35974524923466,0,-5.84108360371881
-1.42485610303559,0,-5.81504764335187
-1.49393471629007,0,-5.79127196721021
-1.56702942841798,0,-5.76976839970083
-1.64420882558158,0,-5.75039884335628
-1.72555435272751,0,-5.73286701877403
-1.8111456607857,0,-5.71671386579947
-1.90103883022099,0,-5.70131805348344
-1.99523851015254,0,-5.68590312820742
-2.09366594997316,0,-5.66955267588314
-2.19612571866038,0,-5.65123447790009
-2.30227446839533,0,-5.62983404421287
-2.41159532995761,0,-5.60419718228223
-2.52338142712619,0,-5.57318046997221
-2.63673160636078,0,-5.53570766510303
-2.7505608189046,0,-5.49082918563143
-2.86362662280872,0,-5.437780824752
-2.97457189398078,0,-5.37603691380747
-3.08198198313678,0,-5.30535247063025
-3.18445234195997,0,-5.22578888352968
-3.28066046914814,0,-5.13771879313634
-3.36943454965226,0,-5.04180819444234
-3.44981103770606,0,-4.93897705013336
-3.52107496868698,0,-4.83034306057148
-3.58277967700321,0,-4.71715568047066
-3.6347460201796,0,-4.60072830534239
-3.67704418463079,0,-4.4823756834177
-3.70996298003185,0,-4.36336154141218
-3.73397202981209,0,-4.24485892336868
-3.74968169581783,0,-4.12792352216857
-3.75780440923209,0,-4.01347872332438
-3.75911977043039,0,-3.90231025427007
-3.75444463099695,0,-3.79506810563081
-3.74460851633992,0,-3.69227355281426
-3.73043419725679,0,-3.59432946050393
-3.7127229174539,0,-3.50153245877069
-3.69224365567701,0,-3.41408595680919
-3.66972577692257,0,-3.33211327419572
-3.64585445593848,0,-3.25567041429809
-3.62126830531863,0,-3.18475818852437
-3.5965586925938,0,-3.11933353641181
-3.57227027896346,0,-3.05931998696606
-3.54890235593003,0,-3.00461727957083
-3.52691059702217,0,-2.95511021281672
-3.50670888244959,0,-2.91067681840753
-3.48867089673713,0,-2.8711959648692
-3.47313124411295,0,-2.83655448179513
-3.46038587408437,0,-2.80665386032975
-3.45069166049198,0,-2.78141653174696
-3.44426503177738,0,-2.76079165774616
-3.44127960868351,0,-2.74476029026457
-3.44186286828681,0,-2.73333968411711
-3.44609191950754,0,-2.72658648298076
-3.45398854324062,0,-2.72459845869018
-3.46551371688107,0,-2.72751447461015
-3.4805619041477,0,-2.73551237188438
-3.49895544214804,0,-2.74880454382765
-3.52043939425856,0,-2.76763106448882
-3.54467725621955,0,-2.7922503633675
-3.57124790185861,0,-2.82292757676719
-3.59964413373619,0,-2.85992084319192
-3.62927316428269,0,-2.90346593217025
-3.65945929818738,0,-2.953759692274
-3.68944902243852,0,-3.01094286840929
-3.71841864379483,0,-3.07508286934752
-3.74548455286852,0,-3.14615706811448
-3.76971614720179,0,-3.22403719995765
-3.7901514178335,0,-3.30847539964679
-3.80581519465094,0,-3.39909240954581
-3.81574004698901,0,-3.49536851047696
-3.81898982884329,0,-3.59663779352852
-3.81468581284421,0,-3.70208650801748
-3.80203523427664,0,-3.81075637779551
-3.78036182240539,0,-3.92155393989429
-3.74913749528918,0,-4.0332670608549
-3.7080138266562,0,-4.14458973133775
-3.65685120063074,0,-4.25415591489694
-3.59574286729191,0,-4.36058253086466
-3.52503059517081,0,-4.46252054608003
-3.44530853496175,0,-4.55871171939581
-3.35741249004524,0,-4.64804702927433
-3.26239313263205,0,-4.7296215980044
-3.16147368246542,0,-4.80278041857456
-3.05599480588228,0,-4.86714967533984
-2.94735147612384,0,-4.92264993847748
-2.83692777673589,0,-4.96948970848475
-2.72603585905045,0,-5.00814019277595
-2.61586450302961,0,-5.03929430394229
-2.50744123389973,0,-5.06381432950007
-2.40161007242435,0,-5.08267341150341
-2.29902507996951,0,-5.09689595070301
-2.20015815436055,0,-5.10750146888417
-2.10531820966002,0,-5.11545550184102
-2.01467804005457,0,-5.12162992275259
-1.9283048770139,0,-5.12677387021438
-1.84619088566236,0,-5.13149532697829
-1.7682805198214,0,-5.13625249363746
-1.69449260667027,0,-5.14135351098244
-1.62473607004692,0,-5.14696282771147
-1.55891915032599,0,-5.1531125447879
-1.49695271881658,0,-5.1597173060284
-1.43874876878326,0,-5.1665916402289
-1.38421541041781,0,-5.17346899487856
-1.33324975848968,0,-5.18002196129393
-1.28573004315189,0,-5.18588333248386
-1.24150814743122,0,-5.19066764509005
-1.20040360645183,0,-5.19399274975963
-1.16219989802055,0,-5.19550076941341
-1.12664360401574,0,-5.19487760165612
-1.0934467214767,0,-5.19186997137878
-1.06229206155161,0,-5.18629901035961
-1.0328413261098,0,-5.17806947714987
-1.00474514668278,0,-5.16717403669357
-0.97765416296933,0,-5.15369245148026
-0.951230147445046,0,-5.13778601369056
-0.925156257316008,0,-5.11968797715057
-0.899145689986575,0,-5.0996910517779
-0.872948283582124,0,-5.07813316199201
-0.846354882219511,0,-5.05538264760501
-0.819199527560081,0,-5.03182393727455
-0.791359713224711,0,-5.00784450187235
-0.762755036941921,0,-4.98382364690488
-0.733344613323014,0,-4.96012346509631
-0.70312358431636,0,-4.93708206206331
-0.672119004992001,0,-4.91500899629443
-0.64038530933227,0,-4.89418273850338
-0.607999491356271,0,-4.87484985184791
-0.575056084206434,0,-4.85722552185666
-0.541661991696368,0,-4.8414950240704
-0.507931225484248,0,-4.82781571088414
-0.473979622951209,0,-4.81631912878217
-0.439919657555942,0,-4.80711294193131
-0.405855493379267,0,-4.80028243186167
-0.37187846687672,0,-4.79589145432648
-0.338063192099148,0,-4.79398284802508
-0.304464476005012,0,-4.79457838924033
-0.271115198540191,0,-4.79767845768379
-0.238025263060519,0,-4.80326161387467
-0.205181664200829,0,-4.81128428676607
-0.172549660493488,0,-4.82168073902161
-0.140074984304504,0,-4.83436342843603
-0.107686975812434,0,-4.8492238312754
-0.0753024921501437,0,-4.86613374867597
-0.0428304170758542,0,-4.88494708800553
-0.0101765794143073,0,-4.90550209882163
0.0227511213521108,0,-4.92762404399434
0.0560375876841155,0,-4.95112829324033
0.0897555984102461,0,-4.97582382992821
0.123961281656817,0,-5.00151715476376
0.158690170345366,0,-5.0280165470663
0.193954004984,0,-5.05513660528899
0.229738420966138,0,-5.08270293735526
0.2660016205655,0,-5.11055681644794
0.302674082843639,0,-5.13855956983848
0.339659309033811,0,-5.16659643829063
0.37683554009716,0,-5.19457964052315
0.414058322621427,0,-5.22245040582001
0.451163745898991,0,-5.25017979698738
0.487972133669228,0,-5.2777682284086
0.524291953862121,0,-5.30524367824855
0.55992371118941,0,-5.33265868607014
0.594663609786981,0,-5.36008630421899
0.628306812567168,0,-5.38761522373808
0.660650174810488,0,-5.41534431879135
0.691494385521899,0,-5.44337684847063
0.720645505541601,0,-5.47181452674686
0.747915942165971,0,-5.50075162830671
0.773124943753739,0,-5.53026924914378
0.796098733789058,0,-5.56042979452534
0.81667043265738,0,-5.59127173023871
0.834679937999616,0,-5.6228046107786
0.849973951834655,0,-5.65500439337773
0.862406354818152,0,-5.68780906084302
0.871839133959812,0,-5.72111460896758
0.878144067276606,0,-5.75477150448301
0.881205353088806,0,-5.78858178430638
0.880923337541116,0,-5.82229704158869
0.877219435359584,0,-5.85561762169228
0.870042250206332,0,-5.88819342147718
0.859374778767503,0,-5.91962673433634
0.845242427725766,0,-5.94947759402562
0.827721392641366,0,-5.97727202307497
0.806946759182677,0,-6.00251346776317
0.783119517075013,0,-6.02469748814629
0.756511561782768,0,-6.04332946732775
0.727467739235039,0,-6.05794472690968
0.696404101801189,0,-6.068130027286
0.66380181003032,0,-6.07354505787482
0.63019652633496,0,-6.07394226444057
0.596163658692108,0,-6.06918329626917
0.562300344267933,0,-6.05925053592411
0.529205514439097,0,-6.04425260009438
0.497459659999841,0,-6.02442331392177
0.467605959064076,0,-6.00011435587042
0.44013423465858,0,-5.97178241691083
0.415468823511028,0,-5.93997220272168
0.393960949032393,0,-5.90529686214673
0.375885697005599,0,-5.86841743861283
0.361443272645462,0,-5.83002275378612
0.350763920594497,0,-5.79081081470488
0.343915727810311,0,-5.75147246340487
0.340914488057059,0,-5.71267762564958
0.341734854911774,0,-5.67506420512714
0.346322112579919,0,-5.63922943142935
0.35460401872182,0,-5.60572330683753
0.366502296696725,0,-5.57504370015097
0.381943459996598,0,-5.54763259259314
0.400868729978449,0,-5.52387297809514
0.423242855343569,0,-5.50408594727273
0.44906165786605,0,-5.48852753402288
0.478358116047064,0,-5.47738497242118
0.511206761382911,0,-5.47077209930496
0.547726107924144,0,-5.46872374678277
0.588078774708032,0,-5.47118910236526
0.632468905562346,0,-5.47802417568911
0.681136457985585,0,-5.48898370116723
0.734347941175084,0,-5.50371302273408
0.792383252807565,0,-5.52174074181916
0.855518413678022,0,-5.54247314717518
0.924004243296866,0,-5.56519166152402
0.998041364839691,0,-5.5890547034031
1.07775237009285,0,-5.61310543413184
1.1631524954362,0,-5.63628679495842
1.25412072171812,0,-5.65746499078443
1.35037375537685,0,-5.67546209890461
1.45144579027945,0,-5.68909773963207
1.55667717610685,0,-5.69723873401888
1.6652149944187,0,-5.69885443839777
1.77602793375229,0,-5.69307411343197
1.88793667312479,0,-5.67924148221328
1.99965925150343,0,-5.65696086543902
2.10986880676652,0,-5.62612927456872
2.21725897462868,0,-5.58694981908662
2.32061061800644,0,-5.53992374253275
2.41885285095588,0,-5.48582105876366
2.5111117772938,0,-5.42563259124978
2.59674193770995,0,-5.36050861716067
2.67533782431926,0,-5.29169078976781
2.74672548510668,0,-5.22044431863503
2.81093669716487,0,-5.14799658156779
2.8681700437358,0,-5.07548671107678
2.91874426559585,0,-5.00392864776029
2.96304942972741,0,-4.93418810145682
3.00150087503033,0,-4.86697215409303
3.03449977075457,0,-4.8028290969814
3.06240272785469,0,-4.74215559426086
3.08550150299178,0,-4.68520834036691
3.10401263997011,0,-4.63211787171386
3.11807602489299,0,-4.58290289835393
3.12776081484383,0,-4.5374842512924
3.13307698593131,0,-4.49569815776596
3.13399074507121,0,-4.45730898632
3.13044216554826,0,-4.42202182773119
3.12236356428984,0,-4.38949531589284
3.10969729718188,0,-4.35935498348904
3.09241179984609,0,-4.33120723741819
3.07051486265989,0,-4.30465377839514
3.0440633291004,0,-4.27930602950346
3.01316866895568,0,-4.25479893046192
2.97799820606782,0,-4.23080334195885
2.9387721506173,0,-4.20703631543028
2.89575695142297,0,-4.18326862110783
2.84925578688834,0,-4.15932916602123
2.79959720477266,0,-4.13510622634904
2.74712297551905,0,-4.11054570809562
2.69217614665899,0,-4.08564688587523
2.6350901083316,0,-4.06045621948742
2.57617924785331,0,-4.03505990311126
2.51573153036611,0,-4.00957577369571
2.45400312829318,0,-3.9841451173313
2.39121505493869,0,-3.9589247927187
2.32755164293986,0,-3.93407996413978
2.26316064171972,0,-3.90977762103809
2.19815467917845,0,-3.88618096863736
2.13261382955979,0,-3.86344470874398
2.06658904082699,0,-3.84171119171241
2.00010619256622,0,-3.82110740557178
1.93317057383633,0,-3.80174277009563
1.86577158652706,0,-3.78370771428879
1.79788749278277,0,-3.7670730271681
1.72949003555535,0,-3.75188997647005
1.66054877110283,0,-3.73819118271688
1.5910349636578,0,-3.7259922146145
1.52092490823107,0,-3.71529383724695
1.45020257010173,0,-3.7060848014969
1.37886146079496,0,-3.69834501855748
1.30690571085988,0,-3.69204892545948
1.23435034845177,0,-3.68716882398582
1.16122084658696,0,-3.68367797220611
1.08755205609371,0,-3.68155322836029
1.01338668938204,0,-3.68077709082574
0.938773555169466,0,-3.68133904175234
0.863765759608396,0,-3.68323617867908
0.788419080007314,0,-3.68647319832948
0.712790681837069,0,-3.69106186831559
0.636938290663952,0,-3.69702017384656
0.560919855695926,0,-3.70437134765547
0.484793662856442,0,-3.71314297619694
0.408618787365257,0,-3.72336632393086
0.332455732804789,0,-3.73507593776226
0.256367095404381,0,-3.74830949984336
0.180418121148758,0,-3.76310780754807
0.104677082783026,0,-3.77951469304382
0.0292154794956153,0,-3.79757666530119
-0.0458918646900666,0,-3.81734206999804
-0.120566675206365,0,-3.838859613325
-0.194726926461723,0,-3.86217617171418
-0.268286238913073,0,-3.88733389407346
-0.341152900510509,0,-3.91436667945504
-0.413228517600448,0,-3.9432961687307
-0.484406387641641,0,-3.97412741801612
-0.554569767435269,0,-4.00684442562174
-0.623590273957124,0,-4.04140567031128
-0.691326692969927,0,-4.07773979703463
-0.757624481143078,0,-4.11574156814832
-0.822316232429051,0,-4.15526819291079
-0.885223343524846,0,-4.19613616209085
-0.946159061482027,0,-4.23811875031039
-1.00493303255516,0,-4.28094440450752
-1.06135739590345,0,-4.32429630649056
-1.11525437601101,0,-4.3678134699589
-1.16646521816238,0,-4.41109379110928
-1.21486017615209,0,-4.45369949462013
-1.26034909855081,0,-4.49516537595243
-1.30289197649421,0,-4.53501010763883
-1.34250863398474,0,-4.5727506291318
-1.3792866003783,0,-4.60791927311617
-1.41338615711229,0,-4.640082824807
-1.4450416508038,0,-4.66886223507648
-1.47455844616705,0,-4.69395132057174
-1.50230534481509,0,-4.71513260363396
-1.5287028538147,0,-4.73228856144633
-1.55420823795561,0,-4.74540698471492
-1.57929870564633,0,-4.7545798160295
-1.60445426469292,0,-4.75999559712202
-1.63014171030495,0,-4.76192633034147
-1.65680091364151,0,-4.76071001904009
-1.68483415292943,0,-4.75673033917477
-1.71459876886744,0,-4.75039483806842
-1.74640300805707,0,-4.74211284021628
-1.78050458262197,0,-4.73227396676401
-1.81711122870445,0,-4.7212279335575
-1.85638238187109,0,-4.70926613990587
-1.89843099476222,0,-4.69660551842112
-1.94332450564643,0,-4.68337517541694
-1.9910840463489,0,-4.66960647495701
-2.04168118420215,0,-4.65522735134208
-2.09503184831071,0,-4.64006170653263
-2.15098759101034,0,-4.62383469344062
-2.20932493194181,0,-4.60618445378298
-2.26973412835293,0,-4.58668045683057
-2.33180918515145,0,-4.56484800740362
-2.39504114156633,0,-4.5401978387772
-2.45881657303054,0,-4.51225908833183
-2.52242282351144,0,-4.48061347993192
-2.585060803409,0,-4.44492828661084
-2.64586536749632,0,-4.40498565250873
-2.70393245413281,0,-4.36070609959662
-2.75835142999647,0,-4.31216448624451
-2.80824051915126,0,-4.25959726361869
-2.85278284544834,0,-4.20340053835467
-2.89126050643723,0,-4.14411914891739
-2.92308423532508,0,-4.08242765138269
-2.94781658978808,0,-4.0191047318192
-2.96518720168943,0,-3.9550030503792
-2.97509936443809,0,-3.89101681082046
-2.9776280269217,0,-3.82804939373227
-2.9730099918692,0,-3.76698318744448
-2.96162768169825,0,-3.70865333936608
-2.94398817353471,0,-3.65382661110867
-2.9206993043589,0,-3.60318594668859
-2.89244454010591,0,-3.55732083809258
-2.85995805089548,0,-3.51672315314909
-2.82400110822155,0,-3.48178780077835
-2.78534057956112,0,-3.4528174439606
-2.74472998371044,0,-3.43003040899272
-2.70289330857869,0,-3.41357095168966
-2.66051158837954,0,-3.40352109933395
-2.6182120850843,0,-3.39991336927984
-2.57655981083773,0,-3.40274375588487
-2.53605105431945,0,-3.41198446735076
-2.49710852690419,0,-3.42759597749185
-2.46007771852413,0,-3.44953803085872
-2.42522404533651,0,-3.47777930025833
-2.39273038053052,0,-3.51230544094573
-2.36269458615933,0,-3.55312531328724
-2.33512670908671,0,-3.60027515392787
-2.30994557014107,0,-3.65382046439065
-2.28697456514074,0,-3.71385535789127
-2.26593661265068,0,-3.78049906539649
-2.24644832887178,0,-3.85388925960816
-2.22801368633721,0,-3.93417182334138
-2.21001761884512,0,-4.02148668260761
-2.19172026504831,0,-4.11594936253216
-2.17225278710533,0,-4.21762802403949
-2.15061594340238,0,-4.32651591682695
-2.12568281618344,0,-4.44249945101852
-2.09620727478373,0,-4.56532245241398
-2.06083987246427,0,-4.6945476271299
-2.01815291009893,0,-4.82951682379194
-1.96667633029324,0,-4.96931235438887
-1.9049458921378,0,-5.11272243623713
-1.83156464348499,0,-5.25821476557138
-1.74527791493417,0,-5.40392331623832
-1.64506069107137,0,-5.54765456796903
-1.53021400696755,0,-5.68692020612885
-1.40046378507247,0,-5.81900329914267
-1.2560514133179,0,-5.94106313856233
-1.09780119114264,0,-6.05027932642378
-0.927147267683173,0,-6.14402786158065
-0.746104219795458,0,-6.22007190889575
-0.557172796400249,0,-6.27674068581847
-0.363185181452995,0,-6.31306591873342
-0.167108755308189,0,-6.32885012516082
0.0281619455525225,0,-6.32465439813411
0.219993128484341,0,-6.30171078767139
0.406154354345038,0,-6.26177916389443
0.584902972446718,0,-6.20697584519938
0.755010144046275,0,-6.1396005749657
0.915737509748666,0,-6.06198221139477
1.06677827391967,0,-5.97635529619638
1.20817731982764,0,-5.88477213967739
1.34024334342337,0,-5.78904942836176
1.46346317744118,0,-5.69074479704427
1.57842533248251,0,-5.59115699240735
1.68575681322441,0,-5.49134275925732
1.78607475812017,0,-5.39214400385871
1.87995254500921,0,-5.29421978621981
1.96789874396356,0,-5.19807896849688
2.05034663488996,0,-5.10411065981014
2.12765182733899,0,-5.01261077744407
2.20009567697711,0,-4.92380399379235
2.26789254088106,0,-4.83786102694962
2.33119933044333,0,-4.75491167764645
2.39012622048189,0,-4.67505425941348
2.44474770678112,0,-4.59836216348306
2.49511345265695,0,-4.5248882921123
2.54125853087692,0,-4.45466802153385
2.58321276654896,0,-4.38772124625632
2.62100894226946,0,-4.32405392924475
2.65468966291264,0,-4.26365945127655
2.68431271477393,0,-4.20651992790446
2.70995480665817,0,-4.15260755261782
2.73171365472276,0,-4.10188593726371
2.74970846548435,0,-4.05431136094839
2.76407897233782,0,-4.00983380910889
2.7749832763932,0,-3.9683976844286
2.78259481876029,0,-3.92994209661885
2.78709885857337,0,-3.89440068221681
2.78868884458305,0,-3.86170096084946
2.78756304917147,0,-3.83176329379077
2.78392178731984,0,-3.80449956853841
2.77796547621276,0,-3.77981178578506
2.76989371012183,0,-3.75759077006139
2.7599054344455,0,-3.73771526016363
2.74820020478513,0,-3.72005165690482
2.73498041325925,0,-3.70445470852394
2.72045425738637,0,-3.69076939103476
2.70483912234789,0,-3.6788341837751
2.6883649555123,0,-3.66848584268582
2.67127714794826,0,-3.65956563336787
2.65383841957083,0,-3.65192680894945
2.63632924977736,0,-3.64544292107665
2.61904651418886,0,-3.6400163631406
2.602300177792,0,-3.63558639681781
2.58640813633382,0,-3.63213583874059
2.57168955675189,0,-3.62969560621141
2.55845729987483,0,-3.62834644448155
2.54701017117524,0,-3.62821736837293
2.53762580519852,0,-3.6294806167597
2.53055493131876,0,-3.63234320108022
2.52601759718621,0,-3.63703539335047
2.52420166290299,0,-3.64379672145472
2.52526355655437,0,-3.65286021063637
2.52933094043883,0,-3.66443573202305
2.5365066222459,0,-3.67869339683539
2.54687280488707,0,-3.69574796836295
2.56049465021134,0,-3.71564524216235
2.5774221722805,0,-3.73835124941184
2.59768968636345,0,-3.76374495220464
2.62131239183252,0,-3.79161482272829
2.64828008999974,0,-3.82165935896507
2.6785484348575,0,-3.85349124470585
2.71202839499056,0,-3.88664458335329
2.74857471803809,0,-3.92058448747073
2.78797414334458,0,-3.95471832455605
2.82993396588508,0,-3.98840810055162
2.8740714068216,0,-4.02098376817594
2.91990418518202,0,-4.05175761757843
2.96684278112211,0,-4.08004027223385
3.01418516887013,0,-4.10515909684277
3.06111526656347,0,-4.12647993759098
3.10670692963859,0,-4.14343295028342
3.14993584679099,0,-4.15554270611842
3.18970191580491,0,-4.16246169871019
3.22486421783488,0,-4.16400481847501
3.25428921754957,0,-4.16018055280023
3.27691017247465,0,-4.15121317856928
3.29179234305297,0,-4.13754985820125
3.29819552418884,0,-4.11984805887748
3.29562410775327,0,-4.0989421775018
3.28385637247238,0,-4.07579276029087
3.2629488259081,0,-4.05142559869767
3.23321671629036,0,-4.02686973949074
3.19519628640123,0,-4.0031025674223
3.14959655860335,0,-3.9810073245395
3.09724823030861,0,-3.9613450735884
3.03905541094657,0,-3.94474036833744
2.97595353487924,0,-3.93167830244115
2.90887467426712,0,-3.92251011214532
2.83872003852672,0,-3.91746473454539
2.7663387084977,0,-3.91666426036063
2.69251145377865,0,-3.92014176326745
2.61793861497995,0,-3.92786037312936
2.54323131890066,0,-3.93973264496719
2.46890560169654,0,-3.95563930179649
2.39537925772564,0,-3.97544639077119
2.32297136571185,0,-3.99901989664811
2.25190446066773,0,-4.0262369902482
2.1823092405126,0,-4.05699338416597
2.11423156027838,0,-4.09120668852493
2.04764131884699,0,-4.12881611862425
1.98244271930577,0,-4.16977929942224
1.91848530375384,0,-4.21406715661569
1.85557512993515,0,-4.26165794451961
1.79348546368353,0,-4.31253134891758
1.73196639946058,0,-4.36666336308718
1.67075288720561,0,-4.42402232419711
1.60957073923447,0,-4.484566168792
1.54814032158498,0,-4.54824066295199
1.48617780462349,0,-4.61497811601582
1.42339405697874,0,-4.684695917671
1.35949150564506,0,-4.75729415980862
1.2941595354831,0,-4.83265162248548
1.22706923917408,0,-4.91061951591322
1.15786852757454,0,-4.99101256871481
1.08617874626172,0,-5.07359732177781
1.01159399879812,0,-5.15807780788785
0.933684341213203,0,-5.24407914976752
0.852003884618423,0,-5.33112997516998
0.766104629957394,0,-5.41864491500731
0.675556568891587,0,-5.50590881548687
0.579974219382152,0,-5.59206466295999
0.479049307272481,0,-5.67610759806275
0.372588711361881,0,-5.75688777578534
0.260555985075185,0,-5.83312515458056
0.143113671393276,0,-5.90343942211153
0.020662210393583,0,-5.96639790550085
-0.106130369326154,0,-6.02058305611266
-0.236315164399563,0,-6.06467850828615
-0.368673083509377,0,-6.09756861297324
-0.50175547335339,0,-6.11844124416629
-0.633956381038467,0,-6.12687906580508
-0.763611558576065,0,-6.12292259281502
-0.889112233311901,0,-6.10709124172504
-1.00901691939088,0,-6.08035630323937
-1.1221444176042,0,-6.04407001310652
-1.2276358508853,0,-5.9998637663457
-1.32498101641932,0,-5.94953285663639
-1.41401146514188,0,-5.89492419849831
-1.49486732853496,0,-5.83783892164228
-1.56794645247287,0,-5.77995603627124
-1.63384364991768,0,-5.72277853110259
-1.69328609701985,0,-5.66760012086692
-1.74706910355764,0,-5.61548931183307
-1.79599524527765,0,-5.56728697565754
-1.84081927215686,0,-5.52361367165494
-1.88220112951193,0,-5.48488319088984
-1.9206695217633,0,-5.45131910798941
-1.95659834998941,0,-5.42297158994483
-1.99019777962046,0,-5.39973244848126
-2.02152054002772,0,-5.38134746999476
-2.05048246043613,0,-5.36742627496177
-2.07689455583466,0,-5.3574510505964
-2.1005026285882,0,-5.35078614313769
-2.12102969757807,0,-5.34669050684606
-2.13821673876407,0,-5.34433443964695
-2.15185809658388,0,-5.34282114562946
-2.16182919751437,0,-5.34121277172974
-2.16810550257973,0,-5.33855990496354
-2.17077268288035,0,-5.33393315861987
-2.1700286503798,0,-5.32645534350281
-2.1661783499573,0,-5.31533267099494
-2.15962226531031,0,-5.29988335973051
-2.15083960085302,0,-5.27956190937893
-2.14036722088012,0,-5.25397726391404
-2.12877569600118,0,-5.22290326636098
-2.11664414440258,0,-5.18628032239159
-2.10453580287939,0,-5.14420803559562
-2.09297626433509,0,-5.09692960108595
-2.08243600253862,0,-5.04480969963707
-2.0733182184829,0,-4.98830828232303
-2.06595232713516,0,-4.92795283970039
-2.06059272881378,0,-4.86431151813089
-2.057422008107,0,-4.79796890406432
-2.05655743385607,0,-4.72950562006757
-2.0580595836668,0,-4.65948222245432
-2.06194202832924,0,-4.58842736246236
-2.06818121449234,0,-4.51682981199497
-2.07672591605822,0,-4.44513375461172
-2.08750584334806,0,-4.37373667042146
-2.10043918118892,0,-4.30298915978605
-2.11543896492473,0,-4.23319611893967
-2.13241829871026,0,-4.16461877299268
-2.151294479754,0,-4.09747716974165
-2.17199212335454,0,-4.03195283039639
-2.19444539422547,0,-3.96819133550454
-2.2185994462368,0,-3.90630469439882
-2.24441116058311,0,-3.84637340490975
-2.27184925567405,0,-3.78844815844754
-2.30089382402081,0,-3.73255118576721
-2.33153533471526,0,-3.6786772725887
-2.36377312694623,0,-3.62679450313711
-2.39761341215259,0,-3.5768448143877
-2.43306680123691,0,-3.5287444644347
-2.47014537958732,0,-3.48238453433996
-2.50885936661713,0,-3.4376315928304
-2.54921341739469,0,-3.39432865569808
-2.59120264996062,0,-3.3522965650635
-2.63480851035565,0,-3.31133589652134
-2.67999461458701,0,-3.27122947419469
-2.72670272862464,0,-3.23174553571618
-2.77484905998368,0,-3.19264154350143
-2.82432103421373,0,-3.15366858923149
-2.87497471482595,0,-3.11457629024737
-2.92663299598698,0,-3.07511803512778
-2.97908465606925,0,-3.03505640628944
-3.03208431131999,0,-2.99416859396987
-3.08535325843825,0,-2.95225162034453
-3.13858114927331,0,-2.90912721420679
-3.19142840626806,0,-2.86464621250362
-3.24352926832922,0,-2.81869240986541
-3.29449535600446,0,-2.77118582452661
-3.34391966211625,0,-2.72208539171397
-3.39138090667463,0,-2.67139112714648
-3.43644823791906,0,-2.61914581846999
-3.47868630768497,0,-2.56543629777999
-3.51766079037594,0,-2.51039432271759
-3.5529444410842,0,-2.45419704847973
-3.58412379004616,0,-2.39706701313055
-3.61080653883233,0,-2.33927149203845
-3.63262965248848,0,-2.28112101598306
-3.64926803071499,0,-2.22296680655037
-3.66044349782501,0,-2.16519687832004
-3.66593369384195,0,-2.10823060449048
-3.66558030627959,0,-2.05251164856033
-3.65929598910827,0,-1.99849932508468
-3.64706930591774,0,-1.94665864767691
-3.62896712975543,0,-1.89744951854395
-3.60513413164104,0,-1.85131566972363
-3.57578926582323,0,-1.8086740446139
-3.54121946311555,0,-1.76990528808683
-3.50177101620573,0,-1.73534589677645
-3.45783933305953,0,-1.7052823934285
-3.40985781877313,0,-1.67994767065082
-3.35828662197526,0,-1.65951944226689
-3.30360187168405,0,-1.64412057773069
-3.24628586963648,0,-1.63382099395122
-3.18681852800715,0,-1.62864074063544
-3.1256701822297,0,-1.62855392925907
-3.06329578112636,0,-1.63349320542878
-3.00013036839936,0,-1.64335453246457
-2.93658571892173,0,-1.65800212602549
-2.87304797329859,0,-1.67727344529607
-2.80987611589814,0,-1.70098419962752
-2.74740115604793,0,-1.72893336803385
-2.68592589162528,0,-1.76090825242648
-2.62572515279804,0,-1.79668959531153
-2.56704643691625,0,-1.83605679104939
-2.51011085091454,0,-1.87879320923927
-2.45511427397833,0,-1.92469163191515
-2.40222864094755,0,-1.97355978540864
-2.35160322749142,0,-2.02522592492503
-2.30336579402726,0,-2.07954440646674
-2.25762342000433,0,-2.13640115736098
-2.21446283736293,0,-2.19571893311207
-2.17395005574267,0,-2.25746222369632
-2.13612906632012,0,-2.32164164534513
-2.10101941969847,0,-2.38831762286051
-2.06861249936128,0,-2.45760313166919
-2.03886635867041,0,-2.52966522842597
-2.0116990584737,0,-2.60472505620479
-1.98698053543855,0,-2.6830559697253
-1.96452314816569,0,-2.76497939489669
-1.94407118660774,0,-2.85085802484866
-1.92528978465996,0,-2.94108597274138
-1.90775383607865,0,-3.0360755609968
-1.89093766550954,0,-3.13624053547457
-1.87420633081355,0,-3.24197565412695
-1.8568095099177,0,-3.35363280676423
-1.83787893760878,0,-3.47149405940771
-1.81643029579629,0,-3.59574225745503
-1.79137032949099,0,-3.72643003551102
-1.76150978231666,0,-3.86344824026381
-1.7255825588548,0,-4.00649486217798
-1.68227137552729,0,-4.15504560335715
-1.63024010252691,0,-4.30832722758193
-1.56817304941432,0,-4.46529492447346
-1.49482158422852,0,-4.62461518039124
-1.40905860956892,0,-4.78465619753738
-1.30994136881678,0,-4.94348882009814
-1.19678254126678,0,-5.09890219380005
-1.06922824684469,0,-5.24843978764047
-0.927339072427775,0,-5.38946240931866
-0.771666437078493,0,-5.51924451042273
-0.603312015614993,0,-5.63510716179427
-0.423954012038295,0,-5.73458454303123
-0.235823309405605,0,-5.81561079726625
-0.0416175490349855,0,-5.87670311513649
0.15564715160642,0,-5.91710974425257
0.352831659223995,0,-5.93689333711469
0.546888163968277,0,-5.93693229257588
0.735060500170232,0,-5.91884144296104
0.915043390524716,0,-5.88483069847949
1.08508624511788,0,-5.83752941521463
1.24404041944524,0,-5.77980370895444
1.39135785703756,0,-5.71458689210395
1.52705245165393,0,-5.6447344858693
1.65163470016267,0,-5.5729083778601
1.76602770042389,0,-5.50149087461793
1.87147026083764,0,-5.43252807511021
1.96941181091835,0,-5.36770181532133
2.06140395761357,0,-5.30832909536508
2.14899430010557,0,-5.25538662862171
2.23362864674089,0,-5.20955592217907
2.31656740055474,0,-5.17128175415977
2.39882039142837,0,-5.14083503633115
2.48110215521915,0,-5.11837067788488
2.56380724755779,0,-5.10397249202837
2.6470032937053,0,-5.09768003446944
2.73043851224608,0,-5.09949568929495
2.8135604515741,0,-5.10937341297181
2.89554342302816,0,-5.1271927011483
2.97532328623012,0,-5.15272241463229
3.05163955583649,0,-5.18557936392781
3.1230860317651,0,-5.22518650363975
3.18817208637519,0,-5.27073573302327
3.24539705227695,0,-5.32116095776072
3.29333935313708,0,-5.37512820863148
3.33075950488975,0,-5.43105068594472
3.35671148462989,0,-5.48713645007405
3.37065063780775,0,-5.54147356295898
3.37252018815461,0,-5.59215067519909
3.36279594219277,0,-5.63740098876185
3.34247331796969,0,-5.67574758711712
3.31299292259673,0,-5.70612348867636
3.27611646901052,0,-5.72794414014439
3.23377687173482,0,-5.74112236351797
3.18792964825993,0,-5.746030340177
3.14042721306877,0,-5.74342370489955
3.09292758669712,0,-5.7343462321764
3.04683946936333,0,-5.72003107974006
3.00329939588702,0,-5.70180930956458
2.96317405468982,0,-5.68103125389936
2.92708065224144,0,-5.65900260286693
2.89541909569208,0,-5.63693498008051
2.86841086791291,0,-5.61590976642
2.84614042226788,0,-5.59685348814779
2.8285957029001,0,-5.58052285048697
2.81570508784428,0,-5.56749734090703
2.80736871949012,0,-5.55817726514344
2.80348282491201,0,-5.55278517985854
2.80395619060303,0,-5.55136899020335
2.80871840270249,0,-5.55380547419001
2.81771979707409,0,-5.55980361613948
2.83092333011845,0,-5.56890779404988
2.84828884829089,0,-5.58050149235294
2.86975055942522,0,-5.59381274961041
2.89518892207522,0,-5.60792297990254
2.92439867696615,0,-5.62178113119626
2.95705535079407,0,-5.63422536882657
2.99268328211629,0,-5.64401456263888
3.0306290627199,0,-5.64987168733781
3.07004519667638,0,-5.65054056320332
3.10988951468604,0,-5.64485580451985
3.14894592287084,0,-5.63182307598683
3.18587063673355,0,-5.61070280691695
3.21926443554207,0,-5.58108617844611
3.24776566404892,0,-5.54294926008032
3.2701520835568,0,-5.49667188302685
3.28543495143872,0,-5.44301353302507
3.29292864700733,0,-5.38304813451795
3.29228458631204,0,-5.3180694617042
3.28348701115891,0,-5.24948487354755
3.26681672613412,0,-5.17871504819076
3.24279391707077,0,-5.10711245445877
3.21211199431861,0,-5.0359044231069
3.17557213910865,0,-4.96616066971517
3.1340247596005,0,-4.89878136144077
3.08832084294768,0,-4.83450031802727
3.03927389773991,0,-4.77389799716736
2.98763187862504,0,-4.71741975985461
2.93405793342957,0,-4.66539599013193
2.87911871312876,0,-4.61806166657023
2.82327909043038,0,-4.57557384789842
2.76690228049148,0,-4.53802623544157
2.71025445914141,0,-4.50546053199365
2.6535129986896,0,-4.47787474611281
2.59677739813028,0,-4.4552288928801
2.5400819088962,0,-4.43744870816703
2.48340879817276,0,-4.42442801894006
2.42670119836776,0,-4.41603030937645
2.36987460052002,0,-4.41208982679444
2.31282627553474,0,-4.41241233781006
2.25544223635182,0,-4.41677543783406
2.19760174578575,0,-4.42492819367897
2.13917976952257,0,-4.43658989668008
2.08004810718194,0,-4.45144783052493
2.0200761513723,0,-4.4691541933898
1.95913229045897,0,-4.48932261608019
1.89708687480499,0,-4.51152503399259
1.83381741945367,0,-4.53528994649258
1.7692163442156,0,-4.56010328098361
1.70320108935761,0,-4.58541312095043
1.63572593391846,0,-4.6106394088769
1.56679433937818,0,-4.63518935212276
1.49647021978521,0,-4.65847861807781
1.424886298903,0,-4.67995752634637
1.35224776297304,0,-4.69914043072972
1.27882983551447,0,-4.71563552743991
1.20496869225696,0,-4.72917169385384
1.13104618475325,0,-4.73961891102941
1.05746991752866,0,-4.74699948604026
0.984651040220233,0,-4.75148858261034
0.912982444928455,0,-4.75340418464536
0.842819827006248,0,-4.75318813677856
0.774467383531635,0,-4.75138096179965
0.708169019189882,0,-4.74859356648506
0.644105053874116,0,-4.7454787537077
0.582393759080758,0,-4.74270485162756
0.523096664185628,0,-4.74093298801238
0.466226451632296,0,-4.74079877598071
0.411756334485408,0,-4.74289855366613
0.359630001400667,0,-4.74777987537116
0.30977145513976,0,-4.75593567501779
0.262094313474269,0,-4.76780137850108
0.216510356363799,0,-4.78375418910493
0.172937274674272,0,-4.80411377462111
0.131305695399911,0,-4.82914362184773
0.0915656224902726,0,-4.8590523797861
0.0536924394523359,0,-4.89399458106211
0.0176925707659017,0,-4.93407021030484
-0.0163912018486124,0,-4.97932267853238
-0.0484749161622254,0,-5.02973486460704
-0.0784294198097716,0,-5.08522300013436
-0.106077678502372,0,-5.14562830695369
-0.131194080340895,0,-5.21070645468701
-0.153506558983999,0,-5.28011510211771
-0.17270245509934,0,-5.35340003673812
-0.188439067639083,0,-5.42998075084928
-0.200359795333479,0,-5.50913671107132
-0.208116606250917,0,-5.58999611049219
-0.211399250565462,0,-5.67152954707615
-0.209971068185787,0,-5.75255182121843
-0.203710325098167,0,-5.83173578145667
-0.192654622558706,0,-5.90764261515411
-0.177044025689817,0,-5.97877271713324
-0.157356356587141,0,-6.04363961952563
-0.134326225390251,0,-6.10086580113351
-0.108938958974007,0,-6.14929341659849
-0.0823929333499649,0,-6.18809619696175
-0.0560295492556039,0,-6.21687356542152
-0.0312381491960787,0,-6.23570762660643
-0.00935060785881875,0,-6.24516995512179
0.008456324153092,0,-6.24627653258677
0.0212352610737622,0,-6.2404011800904
0.0283101846443511,0,-6.22916549028698
0.0292852956507575,0,-6.21432436038749
0.0240257065170227,0,-6.19766201212157
0.0126176251881909,0,-6.18090693905297
-0.00468437142723799,0,-6.16566829947921
-0.0275168150534467,0,-6.15339221249135
-0.0554690497545698,0,-6.14533427058884
-0.088143799408413,0,-6.14254378424869
-0.125213755568589,0,-6.14585519926561
-0.166471353589949,0,-6.15588238308231
-0.211868672238061,0,-6.17301193911621
-0.26154418818223,0,-6.19739243775611
-0.315833158754774,0,-6.22891755758595
-0.375258825183461,0,-6.26720264773506
-0.440502458420311,0,-6.31155605337631
-0.512351450764424,0,-6.36094847106097
-0.591626056104266,0,-6.41398536551115
-0.67908684891812,0,-6.4688889201055
-0.775326435401875,0,-6.52349711921472
-0.880650542534492,0,-6.57528852581901
-0.994955765303276,0,-6.62144221198967
-1.11761464076701,0,-6.65894274403059
-1.24738385144023,0,-6.6847387758437
-1.38235768423395,0,-6.69595813718094
-1.51999351315995,0,-6.69016943064354
-1.65723331815516,0,-6.66565953633807
-1.79072884409406,0,-6.62167391838468
-1.91714742603876,0,-6.55855583964919
-2.03350212788154,0,-6.47773580330643
-2.13743366874369,0,-6.38156451698822
-2.22738582493154,0,-6.27303173587868
-2.30265346875416,0,-6.15544241310701
-2.3633210239669,0,-6.03211838413351
-2.41013057922593,0,-5.90616798378019
-2.44432017785025,0,-5.78033641377594
-2.46746211471659,0,-5.6569292376386
-2.48131802270628,0,-5.53779262321291
-2.48771752548958,0,-5.42433330040024
-2.48846141341482,0,-5.31756411580258
-2.48524764841901,0,-5.21816453594722
-2.47961759171989,0,-5.12654820657128
-2.47291962235833,0,-5.0429315475636
-2.46628724260477,0,-4.96739863620744
-2.46062870172346,0,-4.89995864374187
-2.45662516529127,0,-4.84059305974542
-2.45473461261772,0,-4.78929093347893
-2.45519901674999,0,-4.74607134304737
-2.45805293526928,0,-4.71099319184446
-2.46313234211092,0,-4.68415315685795
-2.47008326148,0,-4.66567314136427
-2.47837043189497,0,-4.6556789217909
-2.4872867670638,0,-4.65427186121773
-2.4959647616023,0,-4.66149564179055
-2.50339121480408,0,-4.67730000115969
-2.50842673368174,0,-4.70150349786424
-2.50983144733485,0,-4.73375742630627
-2.50629822166125,0,-4.77351319399954
-2.49649437630746,0,-4.81999578463136
-2.47911239936621,0,-4.8721863447184
-2.45292931241535,0,-4.92881736311123
-2.41687303216557,0,-4.9883841657254
-2.37009224747781,0,-5.0491761964462
-2.31202412011105,0,-5.10933038390388
-2.24245199172735,0,-5.16690645452249
-2.16154406587955,0,-5.21998034301227
-2.06986470562344,0,-5.26674750899278
-1.96835316001567,0,-5.30562432288692
-1.85826988039217,0,-5.33533433285383
-1.7411166448852,0,-5.35496818417326
-1.61854140852058,0,-5.36401091730741
-1.49224052926506,0,-5.36233665538609
-1.36386949987729,0,-5.35017614146714
-1.23496959736934,0,-5.32806565893297
-1.10691360310754,0,-5.29678625323162
-0.980870319516821,0,-5.2573006035119
-0.857785631922429,0,-5.21069250957607
-0.738377244379451,0,-5.15811172731849
-0.623140473874555,0,-5.10072532399074
-0.512363068653602,0,-5.03967592517983
-0.40614750670223,0,-4.97604700448521
-0.304439417228105,0,-4.91083542992586
-0.207060633338906,0,-4.84493154848799
-0.113745051505186,0,-4.77910697546357
-0.0241751360000079,0,-4.71400989955795
0.0619832484584351,0,-4.65016718160337
0.145049847248499,0,-4.58799195941243
0.225304581584352,0,-4.52779503889102
0.3029686955173,0,-4.4697981744386
0.378192748161264,0,-4.41414745997601
0.451051034717511,0,-4.36092541928191
0.521541536818221,0,-4.31016089596368
0.589590264342618,0,-4.26183637956709
0.655058838428209,0,-4.21589286846582
0.717754316023777,0,-4.17223270880419
0.777440490890809,0,-4.13072105151139
0.833850151450715,0,-4.09118665548534
0.886697977331723,0,-4.05342276566939
0.935693879713459,0,-4.01718873830524
0.980556620119977,0,-3.98221298902112
1.02102747884372,0,-3.94819770593661
1.0568836039741,0,-3.91482559320322
1.08795048820771,0,-3.88176868251443
1.11411284353231,0,-3.84869897291146
1.13532303604522,0,-3.81530035440758
1.15160626596227,0,-3.78128098485542
1.16306187049313,0,-3.74638508669017
1.16986048531835,0,-3.71040307486006
1.17223726592611,0,-3.67317905711485
1.17048184263003,0,-3.63461505286523
1.16492605167423,0,-3.59467169556287
1.15593066713498,0,-3.55336562148346
1.14387232842174,0,-3.51076411022016
1.12913164964005,0,-3.46697776522359
1.11208318292041,0,-3.42215208842362
1.09308757014465,0,-3.37645873489812
1.07248592189351,0,-3.33008707919636
1.05059624556603,0,-3.2832365357458
1.02771161502268,0,-3.236109892944
1.00409972073577,0,-3.18890776911671
0.980003441964328,0,-3.1418241882877
0.955642119428504,0,-3.09504320352902
0.931213260392516,0,-3.04873645846473
0.906894465260492,0,-3.00306156417825
0.882845418033185,0,-2.95816117067582
0.859209828473527,0,-2.91416262218571
0.836117250453365,0,-2.87117809885294
0.813684729133944,0,-2.82930516057746
0.792018250582669,0,-2.78862762001121
0.771213982616013,0,-2.7492166803397
0.751359306512185,0,-2.71113227941266
0.732533646991151,0,-2.67442458550973
0.714809113491117,0,-2.63913559223941
0.698250969990722,0,-2.6053007615807
0.682917953903608,0,-2.5729506656491
0.66886246716311,0,-2.54211258005979
0.656130664616488,0,-2.51281198521676
0.64476246624072,0,-2.48507393671089
0.634791520395209,0,-2.45892427225219
0.626245145244214,0,-2.43439062996975
0.619144274542618,0,-2.41150326109662
0.613503432164627,0,-2.39029562851812
0.609330757115769,0,-2.37080479086804
0.606628097419148,0,-2.3530715793157
0.605391187376771,0,-2.33714058048557
0.605609918473155,0,-2.32305994382846
0.607268709815404,0,-2.31088103508125
0.610346979672955,0,-2.30065795924146
0.614819715535435,0,-2.29244697688303
0.620658136245316,0,-2.28630583688408
0.627830436233161,0,-2.28229304701915
0.636302598701538,0,-2.28046710168388
0.646039261763358,0,-2.28088568356259
0.657004619036694,0,-2.28360485355698
0.669163334046055,0,-2.28867824096006
0.682481446030424,0,-2.29615624380009
0.696927243505409,0,-2.30608524754829
0.712472081305843,0,-2.31850686897695
0.729091117009404,0,-2.33345723081094
0.746763943777392,0,-2.35096627182909
0.765475098879912,0,-2.37105709612965
0.785214430564204,0,-2.393745364234
0.805977310433461,0,-2.41903872744915
0.827764683951466,0,-2.44693630534713
0.850582957752119,0,-2.47742820429589
0.87444372865564,0,-2.51049507270188
0.899363365123824,0,-2.54610768605505
0.925362456735993,0,-2.58422655213966
0.95246515058447,0,-2.62480152405486
0.980698394831226,0,-2.66777140618832
1.01009110876313,0,-2.71306353622046
1.04067329546319,0,-2.7605933248143
1.07247510781815,0,-2.81026373403738
1.10552587132429,0,-2.86196467591931
1.13985305847806,0,-2.91557231396826
1.17548119995142,0,-2.9709482530749
1.21243070776842,0,-3.02793860714232
1.25071657580021,0,-3.08637293922914
1.29034691352405,0,-3.14606307633418
1.33132126059247,0,-3.20680181074888
1.37362862284994,0,-3.26836151298924
1.41724516575299,0,-3.33049269881125
1.46213149981888,0,-3.39292261616448
1.50822949650633,0,-3.45535394885484
1.55545858447519,0,-3.51746377400487
1.60371149933521,0,-3.5789029617209
1.65284950003947,0,-3.63929626843922
1.70269712868212,0,-3.69824344897963
1.75303668518329,0,-3.7553217914048
1.80360272111771,0,-3.81009055219888
1.85407703093192,0,-3.86209781673932
1.90408482802318,0,-3.9108902995854
1.9531930148566,0,-3.95602648698287
2.00091164246548,0,-3.99709326032841
2.04669972716432,0,-4.03372568384342
2.08997644942519,0,-4.06562898953113
2.13013830388327,0,-4.09260101785803
2.166581958689,0,-4.11455264282359
2.19873149466812,0,-4.13152328121955
2.22606756435602,0,-4.14368872453491
2.24815519171612,0,-4.15135938359909
2.26466676752044,0,-4.15496850064462
2.27539743866247,0,-4.15505159248502
2.28027140033914,0,-4.15221983438847
2.27933918142409,0,-4.147130856614
2.27276739592486,0,-4.14046035609714
2.26082328080816,0,-4.13287717946119
2.24385655717734,0,-4.1250234485957
2.22228085515441,0,-4.11750022449802
2.1965563535255,0,-4.11085837368978
2.16717461730524,0,-4.10559380316875
2.1346460160507,0,-4.10214604178429
2.09948964192035,0,-4.1008991898347
2.06222533141676,0,-4.1021844456714
2.02336721154651,0,-4.10628367171178
1.98341811436639,0,-4.11343372377142
1.94286421012896,0,-4.12383149245186
1.90216927935183,0,-4.13763975843689
1.86176816150631,0,-4.15499401797526
1.82205906642961,0,-4.17601037422712
1.78339459794068,0,-4.20079441393334
1.74607150357129,0,-4.22945071699503
1.71031932093178,0,-4.26209232121231
1.67628823763969,0,-4.29884914656333
1.64403662036368,0,-4.33987414354129
1.61351880169956,0,-4.38534583451769
1.58457383763957,0,-4.43546601188924
1.55691605024263,0,-4.4904516531683
1.53012822916351,0,-4.55052057979678
1.50365836140296,0,-4.61587095215597
1.47682068089126,0,-4.68665526256546
1.44880168698507,0,-4.7629499660194
1.41867160304713,0,-4.84472220696013
1.38540157734963,0,-4.93179523780968
1.34788681640515,0,-5.02381411255592
1.3049758232015,0,-5.12021315505088
1.25550600423804,0,-5.2201866597442
1.19834608787425,0,-5.32266441465415
1.13244598729004,0,-5.42629407816223
1.0568947923748,0,-5.52943330679193
0.970987228891565,0,-5.63015586107479
0.874297803628241,0,-5.72627757439397
0.76675951429554,0,-5.81540957237598
0.648740127246634,0,-5.89504645529349
0.521103872357301,0,-5.96269470034629
0.385241428986212,0,-6.01603959452042
0.243049287267199,0,-6.05313709549225
0.0968446805343867,0,-6.07260280473731
-0.0507839417367831,0,-6.07376031501793
-0.197171873719981,0,-6.05671334799027
-0.339783833114643,0,-6.02232322058161
-0.476392102508411,0,-5.97209894089624
-0.605199472300414,0,-5.90802922625534
-0.724897679796249,0,-5.83239437909423
-0.83466872442712,0,-5.74759058969597
-0.934145564985316,0,-5.65598629745661
-1.0233499878631,0,-5.55981717808133
-1.10262193356154,0,-5.46111735498601
-1.17254962229424,0,-5.36168018623442
-1.2339054919655,0,-5.26304115044465
-1.28758997770677,0,-5.16647631012034
-1.33458344837406,0,-5.07301136561142
-1.37590580896753,0,-4.98343777537946
-1.41258300985251,0,-4.89833355698401
-1.44561970075148,0,-4.818087166192
-1.47597735986599,0,-4.74292333876976
-1.50455732470179,0,-4.67293005363727
-1.53218821063185,0,-4.60808591290001
-1.55961721584669,0,-4.54828729315201
-1.587504784573,0,-4.49337464545953
-1.61642205127991,0,-4.44315733548062
-1.64685043796078,0,-4.39743643493816
-1.67918274487194,0,-4.35602490739007
-1.71372507863272,0,-4.31876467702099
-1.75069901008018,0,-4.28554013087662
-1.79024344963616,0,-4.25628768645589
-1.83241586410886,0,-4.23100116334998
-1.87719262260852,0,-4.20973283362986
-1.92446843218662,0,-4.192590188958
-1.97405498541176,0,-4.17972864154346
-2.02567907401845,0,-4.1713405500712
-2.07898051334204,0,-4.16764110415669
-2.13351027007872,0,-4.16885168729829
-2.18872920111405,0,-4.17518135466101
-2.24400781380012,0,-4.18680701046238
-2.29862747406978,0,-4.20385277025443
-2.35178354466934,0,-4.22636888154557
-2.40259105302278,0,-4.25431049872716
-2.45009367712305,0,-4.28751661895079
-2.49327708952894,0,-4.3256896418207
-2.5310879737458,0,-4.36837637339489
-2.56246023443456,0,-4.41495189570555
-2.58634990402289,0,-4.46460856540888
-2.60177976591328,0,-4.51635339219656
-2.6078934845587,0,-4.56901791493077
-2.60401684082462,0,-4.62128495445701
-2.58972060043996,0,-4.67173561345031
-2.56487625501391,0,-4.71891703412311
-2.52969371982636,0,-4.7614267156977
-2.4847307063911,0,-4.79800372986608
-2.4308678812644,0,-4.82761312771577
-2.36925128973495,0,-4.84950949153583
-2.30121120168553,0,-4.86326979945549
-2.22817134802504,0,-4.86879307010859
-2.15156272371812,0,-4.86627160352097
-2.07275237508994,0,-4.85614331301889
-1.99299210757293,0,-4.83903567909843
-1.9133871223735,0,-4.81571004381294
-1.83488145733486,0,-4.78701187507668
-1.7582558747714,0,-4.75382962056027
-1.68413396634274,0,-4.71706255110914
-1.6129930640208,0,-4.6775966996668
-1.54517754766081,0,-4.63628745626606
-1.48091303708421,0,-4.59394731861274
-1.42032063747542,0,-4.55133749130916
-1.36343086053269,0,-4.50916231641903
-1.31019710503208,0,-4.4680658107787
-1.26050869725053,0,-4.42862983424614
-1.21420351049975,0,-4.39137359918792
-1.17108014397742,0,-4.35675435208343
-1.13090957733001,0,-4.32516911922641
-1.09344615489068,0,-4.29695742141094
-1.05843771141291,0,-4.27240484164493
-1.02563464029636,0,-4.25174729111834
-0.994797728598739,0,-4.23517577700271
-0.965704635795961,0,-4.22284144358575
-0.93815496491015,0,-4.21486064379596
-0.911973952186345,0,-4.21131980429135
-0.88701487232436,0,-4.212279872202
-0.863160310735448,0,-4.21778017019258
-0.840322487163473,0,-4.22784153204155
-0.818442825532649,0,-4.2424686368725
-0.797490955841516,0,-4.26165150135175
-0.777463310178242,0,-4.28536612237954
-0.758381441957972,0,-4.31357428678382
-0.740290160212522,0,-4.34622257958351
-0.723255532914954,0,-4.3832406298751
-0.707362777176785,0,-4.42453863522346
-0.692714020671181,0,-4.47000420373698
-0.679425887774106,0,-4.51949854991513
-0.667626835039951,0,-4.57285207796477
-0.65745413286579,0,-4.62985938668566
-0.649050362714805,0,-4.69027373546044
-0.642559271426436,0,-4.75380102405071
-0.638120795644624,0,-4.82009336343809
-0.635865040581406,0,-4.88874235619551
-0.635904969866103,0,-4.95927227081641
-0.638327541518778,0,-5.0311333966838
-0.643183018687121,0,-5.10369602077144
-0.650472210957341,0,-5.17624569305128
-0.660131494196613,0,-5.24798076414483
-0.672015662765331,0,-5.31801359592538
-0.685879054524291,0,-5.38537734578698
-0.701356032453583,0,-5.44904073141374
-0.717942861794031,0,-5.50793351614144
-0.734984256886809,0,-5.56098529413858
-0.751669165549278,0,-5.60717904325621
-0.767041191442573,0,-5.64561839340998
-0.780028607574358,0,-5.67560350570717
-0.789496344724204,0,-5.69670557113604
-0.794317421893217,0,-5.70882604427945
-0.793455134100215,0,-5.71222632363477
-0.786042437032093,0,-5.70751835554838
-0.771444076228273,0,-5.69561574089548
-0.749291080863212,0,-5.67765479367335
-0.719484559730906,0,-5.65490135818845
-0.682172962950699,0,-5.62865981362371
-0.637711366440624,0,-5.60019650789263
-0.586612149854321,0,-5.57068369399018
-0.529494660924285,0,-5.54116455515404
-0.467038662716653,0,-5.5125364164999
-0.399943764425833,0,-5.48554777164192
-0.32889521193144,0,-5.46080467219297
-0.254535432991448,0,-5.43878263031996
-0.177440425916324,0,-5.41984096743562
-0.0981002288305316,0,-5.40423724978092
-0.0169031153116173,0,-5.3921400144997
0.0658763244206856,0,-5.38363844713123
0.150084572273666,0,-5.37874810745527
0.235691060957535,0,-5.37741229539492
0.32278348223681,0,-5.37949924017448
0.411555706551084,0,-5.38479595534912
0.502288060641122,0,-5.39300023125086
0.595320513160409,0,-5.40371269258909
0.691020198906881,0,-5.41643099682018
0.789745468893519,0,-5.43054801673367
0.89180910064816,0,-5.44535526960062
0.997443327863731,0,-5.4600520607315
1.10676894619733,0,-5.47376000298923
1.21977002972063,0,-5.48554195992859
1.33627493881984,0,-5.49442418207938
1.45594353255641,0,-5.49942050512629
1.57826000551046,0,-5.49955788911087
1.70253066736484,0,-5.49390314964423
1.82788629583563,0,-5.48159127295942
1.95328934917427,0,-5.46185602043799
2.07754716834714,0,-5.43406344443474
2.19933309992408,0,-5.39774833330322
2.31721792767627,0,-5.35265243700148
2.42971376786455,0,-5.29876168922408
2.53533134840385,0,-5.23633784162717
2.63264923863735,0,-5.16593851768524
2.72039041282327,0,-5.08841941073452
2.79749833937669,0,-5.00491382786357
2.86320280151071,0,-4.91678813975285
2.91706596906649,0,-4.82557623149424
2.95900217841862,0,-4.73290034228056
2.98926964203064,0,-4.64038822315461
3.00843730199355,0,-4.54959651639321
3.01733367508895,0,-4.4619479393979
3.01698598288581,0,-4.37868633834707
3.00855725865948,0,-4.30085022790921
2.99328724748206,0,-4.22926291683889
2.97244065764774,0,-4.16453600659062
2.94726432489239,0,-4.10708276049619
2.91895340937881,0,-4.05713820004479
2.88862587830214,0,-4.01478342856722
2.85730410987593,0,-3.97997235333782
2.82590232641814,0,-3.95255953321863
2.79521858740478,0,-3.93232826560763
2.7659301544463,0,-3.91901823940385
2.73859113062533,0,-3.91235213962104
2.71363136430722,0,-3.91206052349369
2.69135570626811,0,-3.91790413265068
2.6719428483251,0,-3.92969260487264
2.65544318554496,0,-3.94729835850922
2.6417754577341,0,-3.9706643130081
2.63072234119559,0,-3.99980415754088
2.62192564490446,0,-4.03479415412323
2.61488224257573,0,-4.07575599488693
2.60894224038281,0,-4.12283099804016
2.60331103441947,0,-4.17614682302634
2.59705678503035,0,-4.2357787504919
2.5891244327844,0,-4.30170822459231
2.57835679576105,0,-4.3737816518727
2.56352267800162,0,-4.45167234809563
2.54335145474794,0,-4.53484810357551
2.51657339765817,0,-4.62254629021183
2.48196507035916,0,-4.71375800284028
2.43839933728845,0,-4.80722262785198
2.38489964325073,0,-4.90143456460923
2.32069792074698,0,-4.99466450580755
2.2452944592401,0,-5.08499838695535
2.15851615941602,0,-5.17039726048689
2.06056696605055,0,-5.24878017614589
1.9520616372406,0,-5.31812898463252
1.83403267246447,0,-5.37660874498497
1.70790172877144,0,-5.42269118218672
1.57541208685718,0,-5.45526377610454
1.43852687710196,0,-5.47370637894188
1.29930608458558,0,-5.47792228280308
1.15978033776731,0,-5.46832018815896
1.02183904010438,0,-5.445753915046
0.887145115476672,0,-5.41143398364619
0.757081211837476,0,-5.36682734785805
0.632725621529362,0,-5.31355919726541
0.51485215596258,0,-5.25332602858051
0.403946910923188,0,-5.18782433666381
0.300235461087736,0,-5.1186956055372
0.203715507351099,0,-5.04748613697764
0.114191600997047,0,-4.97561938075208
0.0313098823570622,0,-4.90437836629644
-0.0454083192803723,0,-4.83489616318721
-0.116534632001276,0,-4.76815273128417
-0.182703857826629,0,-4.70497690492455
-0.244586458351632,0,-4.64605252756884
-0.302863460060767,0,-4.59192790936857
-0.358203905738599,0,-4.54302784405584
-0.411244951220375,0,-4.49966742683312
-0.462574668655911,0,-4.46206689426022
-0.512717572458373,0,-4.43036668751414
-0.562122841326397,0,-4.40464194184976
-0.611155178163997,0,-4.38491564110892
-0.660088234546491,0,-4.37116975471061
-0.709100527013896,0,-4.3633537987988
-0.758273782461641,0,-4.36139043109104
-0.807593658506585,0,-4.36517789239264
-0.856952780018451,0,-4.37458933177732
-0.906156005977409,0,-4.38946927547711
-0.954927789297428,0,-4.40962769561892
-1.00292142363409,0,-4.43483227852656
-1.04972990238701,0,-4.46479956471069
-1.09489806920711,0,-4.49918562874594
-1.13793573944146,0,-4.53757689964463
-1.17833153388218,0,-4.57948162177806
-1.21556729200152,0,-4.62432236714456
-1.24913310607697,0,-4.67142998149297
-1.27854320621918,0,-4.7200394244119
-1.30335307760957,0,-4.76928817623
-1.32317823748342,0,-4.81821823362171
-1.33771495998473,0,-4.86578315830272
-1.34676282805867,0,-4.91086207134561
-1.35024825066736,0,-4.9522827060426
-1.34824702009307,0,-4.98885536388681
-1.34100275332501,0,-5.01941854488242
-1.32893703263826,0,-5.04289493955809
-1.31264680176456,0,-5.05835351851062
-1.29288566404868,0,-5.06507034508671
-1.27052838275999,0,-5.06257870924763
-1.24652158449682,0,-5.05069952194171
-1.22182715669212,0,-5.02954613468924
-1.19736666879119,0,-4.9995030256151
-1.17397455338721,0,-4.96118319825491
-1.15236512001283,0,-4.91537271199578
-1.13311496467684,0,-4.86297156513495
-1.11665929674514,0,-4.8049385620223
-1.10329889350653,0,-4.74224498497724
-1.09321387788404,0,-4.6758390477494
-1.08648091810547,0,-4.60662095528011
-1.08309128570097,0,-4.53542713719449
-1.08296810555897,0,-4.46302172480057
-1.08598188455698,0,-4.39009334573044
-1.09196394672628,0,-4.3172555754061
-1.10071774579369,0,-4.24504973962532
-1.11202821497328,0,-4.1739491095488
-1.12566939764536,0,-4.10436382443624
-1.1414106213424,0,-4.03664610616042
-1.1590214603333,0,-3.97109549674053
-1.17827569820614,0,-3.90796396626977
-1.19895446291955,0,-3.84746081527508
-1.22084866950558,0,-3.78975734319166
-1.24376087340627,0,-3.73499128183255
-1.26750661175992,0,-3.68327100608724
-1.29191529105757,0,-3.63467953853764
-1.31683066699546,0,-3.58927836378461
-1.34211095519628,0,-3.54711106451064
-1.3676286087387,0,-3.50820678629956
-1.39326979908907,0,-3.47258353300845
-1.4189336401357,0,-3.44025128963021
-1.4445311998074,0,-3.41121496540378
-1.46998434960948,0,-3.38547714658616
-1.49522450888117,0,-3.36304064588535
-1.5201913473217,0,-3.3439108341244
-1.54483151604684,0,-3.32809773928311
-1.56909748379945,0,-3.31561789859533
-1.59294656056068,0,-3.3064959506719
-1.61634019519381,0,-3.30076595631163
-1.6392436362884,0,-3.29847243816299
-1.66162604531802,0,-3.29967112990226
-1.68346114772984,0,-3.30442942410746
-1.70472849969501,0,-3.31282650344223
-1.72541543492605,0,-3.32495313105662
-1.74551973609921,0,-3.34091106242166
-1.76505304784672,0,-3.36081202175947
-1.78404501184899,0,-3.38477616219464
-1.80254805821468,0,-3.41292990124669
-1.82064273038646,0,-3.44540299527311
-1.83844335328509,0,-3.48232469266073
-1.85610377769923,0,-3.52381879239225
-1.87382285160997,0,-3.56999743986951
-1.89184918782445,0,-3.62095352365645
-1.91048472725241,0,-3.67675160176737
-1.93008655215647,0,-3.73741738705682
-1.95106639950553,0,-3.80292595440499
-1.97388737569934,0,-3.87318898532703
-1.99905748892722,0,-3.94804151692245
-2.02711979139943,0,-4.02722878368461
-2.05863914231785,0,-4.11039380385288
-2.09418582951287,0,-4.19706634576327
-2.13431647789464,0,-4.28665381004797
-2.17955278005391,0,-4.37843440010626
-2.23035857453088,0,-4.47155277043402
-2.28711566116475,0,-4.56501820447097
-2.35009850430683,0,-4.65770535513983
-2.41944769362655,0,-4.74835775550537
-2.49514180545722,0,-4.83559473505975
-2.57696726942637,0,-4.9179230954867
-2.66448617051774,0,-4.99375589831704
-2.75700281925751,0,-5.06144189394676
-2.85353162295367,0,-5.11931020152617
-2.95277140976464,0,-5.16573526957107
-3.05309467965187,0,-5.19922597821269
-3.15256336443047,0,-5.2185388186742
-3.24898365371221,0,-5.22280761189973
-3.34000865797417,0,-5.21167201271649
-3.42328733040929,0,-5.18537773714452
-3.49664272451487,0,-5.14481914163489
-3.55824867515638,0,-5.09150445157339
-3.60676977586582,0,-5.02744427400778
-3.64143916448075,0,-4.95498598081329
-3.66206760245723,0,-4.87662900655783
-3.66899560670626,0,-4.79485422420187
-3.66301005187802,0,-4.71198839797615
-3.64524646245238,0,-4.63011047547811
-3.61709203850297,0,-4.55099632862439
-3.58009712034625,0,-4.47609419603204
-3.53589730787648,0,-4.4065230741968
-3.48614565782447,0,-4.34308828503823
-3.43245378894155,0,-4.28631052229008
-3.37634135008959,0,-4.23646584875877
-3.31919420533843,0,-4.19363417509715
-3.26223220157248,0,-4.15775303802209
-3.20648722248306,0,-4.12867261629088
-3.15279147802011,0,-4.10620746475293
-3.10177496164457,0,-4.0901807536515
-3.05387012768001,0,-4.08045786727124
-3.0093213863701,0,-4.07696774779806
-2.96819707031296,0,-4.07971195137167
-2.93040199087841,0,-4.08876265941172
-2.89568937671073,0,-4.10425167350917
-2.86367166894792,0,-4.12635270820563
-2.83383020408206,0,-4.155259194393
-2.80552419067971,0,-4.1911594730617
-2.77799958929304,0,-4.23421083841624
-2.75039857935326,0,-4.28451348460781
-2.72177029543913,0,-4.34208508189929
-2.69108348405061,0,-4.40683648327584
-2.65724170263085,0,-4.47854894948298
-2.61910167002209,0,-4.55685328018521
-2.57549537877701,0,-4.64121135231836
-2.5252565717817,0,-4.73090079578529
-2.46725212272104,0,-4.82500387880843
-2.40041867210553,0,-4.9224021101757
-2.32380446859854,0,-5.02177853544681
-2.23661565893175,0,-5.12163009109731
-2.13826520694282,0,-5.22029249254857
-2.02842125238351,0,-5.31597971683868
-1.90705026372577,0,-5.40683895305624
-1.77444922379392,0,-5.49101982805723
-1.63126088270858,0,-5.5667539732115
-1.47846732108856,0,-5.63243819387356
-1.31735980775854,0,-5.68671257012918
-1.14948670638761,0,-5.72852465292362
-0.976584909448893,0,-5.75717289888964
-0.80050273456108,0,-5.77232615122546
-0.623122628641365,0,-5.77402016167996
-0.446290424345571,0,-5.76263553402798
-0.271755049573573,0,-5.73886316024231
-0.10111957437933,0,-5.70366305523355
0.064197807510512,0,-5.65822093924881
0.222995346637469,0,-5.60390473126268
0.374314174162089,0,-5.54222104953682
0.517460787737566,0,-5.47477042586388
0.652025111903263,0,-5.40319954571053
0.777892019039813,0,-5.32914949972072
0.895243104195197,0,-5.25420059610616
1.0045453752467,0,-5.17981632115357
1.10652452395863,0,-5.1072909515583
1.20212242760186,0,-5.03770648843296
1.29244101695003,0,-4.97190453116458
1.37867697212227,0,-4.91047730284289
1.46205324820591,0,-4.85377952958644
1.54375381059973,0,-4.80195982163807
1.62486714988291,0,-4.75500728867693
1.70634243977053,0,-4.71280696314703
1.78896007459886,0,-4.67519661713767
1.87331626988371,0,-4.64201788499732
1.95981981457754,0,-4.61315611213681
2.04869812836307,0,-4.58856566322512
2.14000951224241,0,-4.56828000191709
2.23365874672932,0,-4.55240813536403
2.32941377340923,0,-4.54112056756367
2.42692187877655,0,-4.53462854051533
2.52572442956264,0,-4.5331601416823
2.62526971132384,0,-4.53693608794225
2.72492378902907,0,-4.54614698758912
2.82397957064935,0,-4.56093291040648
2.92166445521709,0,-4.58136533343988
3.01714712420556,0,-4.60743104435416
3.10954421766718,0,-4.63901737158779
3.19792784086945,0,-4.67589813700524
3.28133507600176,0,-4.71771995956771
3.35878090985136,0,-4.76398896173804
3.4292761832429,0,-4.81405854371546
3.49185222436376,0,-4.86711969094992
3.54559358694354,0,-4.92219622287321
3.58967956125955,0,-4.97814833147007
3.62343364643856,0,-5.0336883932742
3.64637788609602,0,-5.0874128852705
3.65828613955174,0,-5.13785273765407
3.65922778168968,0,-5.18354128306598
3.64959226561562,0,-5.22309444908509
3.630086677448,0,-5.25529328921951
3.6017031814206,0,-5.27915633554109
3.56565985283637,0,-5.29399021674316
3.52332434719496,0,-5.29941162414526
3.47613279379321,0,-5.2953402809689
3.42551538865185,0,-5.28196846380395
3.3728363936869,0,-5.25971588995334
3.31935158112295,0,-5.22917901083065
3.26618229384049,0,-5.19108182488326
3.21430301215902,0,-5.14623256778196
3.16453856705748,0,-5.09548809651347
3.11756743070556,0,-5.0397259641493
3.07392831094662,0,-4.97982315035283
3.03402818413058,0,-4.91664000812305
2.99815070302819,0,-4.85100799177309
2.96646452807009,0,-4.78371995791562
2.93903154109613,0,-4.71552215015279
2.91581513497249,0,-4.64710730941005
2.89668886367643,0,-4.57910865008284
2.88144571996566,0,-4.51209468249771
2.86980821406334,0,-4.44656503131534
2.86143928837529,0,-4.38294749188618
2.85595395077832,0,-4.3215965838902
2.85293137081568,0,-4.26279381326569
2.85192708216212,0,-4.20674975626789
2.85248488520981,0,-4.15360795553685
2.85414804910192,0,-4.10345049067849
2.85646946621203,0,-4.05630497539165
2.85902049963352,0,-4.01215265338116
2.86139836809781,0,-3.97093722192719
2.86323201619847,0,-3.93257400341868
2.86418650811549,0,-3.89695910470444
2.86396605275785,0,-3.86397824278682
2.86231581497786,0,-3.83351496440949
2.85902269269026,0,-3.8054580395168
2.85391524703368,0,-3.77970785985609
2.84686296662223,0,-3.75618172191154
2.83777503172182,0,-3.73481791731726
2.82659872338091,0,-3.71557859425727
2.81331759881515,0,-3.69845139077148
2.79794952962331,0,-3.68344987583838
2.78054467512252,0,-3.67061286669067
2.76118344037482,0,-3.6600027206419
2.73997444829594,0,-3.65170272594409
2.71705253841363,0,-3.64581373772565
2.69257679198465,0,-3.64245022063819
2.66672857460371,0,-3.64173586835174
2.63970958308947,0,-3.64379897072524
2.61173988287741,0,-3.64876769216196
2.58305592461712,0,-3.65676540984358
2.5539085331688,0,-3.66790623941978
2.5245608676425,0,-3.68229085004785
2.49528635649068,0,-3.70000264249795
2.46636661607175,0,-3.72110433546105
2.43808936388571,0,-3.74563497812127
2.41074633841046,0,-3.77360738299059
2.38463123592188,0,-3.80500595300245
2.36003767082339,0,-3.83978486152538
2.33725715993862,0,-3.87786653352142
2.31657712312818,0,-3.91914037054609
2.29827888274267,0,-3.96346166156437
2.28263563314253,0,-4.01065062557832
2.26991033919473,0,-4.06049154087972
2.26035350979517,0,-4.11273192962237
2.254200779735,0,-4.16708178585212
2.25167022158084,0,-4.22321286088511
2.252959300056,0,-4.28075805288389
2.25824137669554,0,-4.33931098856818
2.2676616751432,0,-4.39842593480273
2.28133263122344,0,-4.45761823608545
2.29932858180603,0,-4.51636553882072
2.32167979829342,0,-4.57411013004215
2.34836595022231,0,-4.63026277816175
2.37930919641666,0,-4.68420850215398
2.41436724563735,0,-4.73531469304889
2.45332689810038,0,-4.7829419424003
2.49589875381263,0,-4.82645777032102
2.5417139185198,0,-4.86525317197306
2.59032360420768,0,-4.89876151716637
2.64120245377035,0,-4.92647887751602
2.6937561752805,0,-4.94798439577217
2.74733364167999,0,-4.96295896474765
2.80124304330407,0,-4.97120037060967
2.85477107945663,0,-4.9726332648236
2.907203684158,0,-4.96731286920195
2.95784653355983,0,-4.9554220971286
3.00604365068459,0,-4.93726261822808
3.05119278815964,0,-4.91324110771977
3.09275682924367,0,-4.88385235545161
3.1302710576391,0,-4.8496610050372
3.1633466737035,0,-4.81128348873915
3.19167129341491,0,-4.7693713212421
3.2150073311223,0,-4.72459643616854
3.2331891597911,0,-4.67763879489296
3.24611981058281,0,-4.62917613235656
3.2537677692212,0,-4.57987545638613
3.25616419355542,0,-4.53038578585048
3.25340064653054,0,-4.48133158501568
3.24562723225104,0,-4.43330640827396
3.23305085425084,0,-4.38686639297435
3.21593319602797,0,-4.34252341138983
3.19458796513803,0,-4.30073789814172
3.16937695310765,0,-4.26191158554042
3.14070454945158,0,-4.22638058032558
3.10901050639959,0,-4.19440937133701
3.07476096717956,0,-4.16618643886677
3.03843801756633,0,-4.14182211946369
3.00052826011994,0,-4.12134925507814
2.96151110128528,0,-4.10472693212388
2.92184754661466,0,-4.09184732419695
2.88197029647173,0,-4.08254533777991
2.84227582185355,0,-4.07661047591882
2.80311889691066,0,-4.07380012811137
2.76480980716253,0,-4.07385339722647
2.72761418335896,0,-4.07650459584014
2.69175517059722,0,-4.08149567213169
2.65741745981044,0,-4.08858702927234
2.62475259809555,0,-4.09756644285655
2.59388495467962,0,-4.10825601898851
2.56491773854909,0,-4.12051733861339
2.53793852385334,0,-4.13425507984489
2.51302382133755,0,-4.14941948927369
2.49024232257359,0,-4.16600808546994
2.4696565282437,0,-4.18406693032177
2.45132254761841,0,-4.20369170806586
2.43528792426638,0,-4.22502872155811
2.42158740738383,0,-4.24827576493761
2.41023665551552,0,-4.27368267603227
2.40122393673268,0,-4.30155122552355
2.39449998178907,0,-4.33223387812373
2.38996625615451,0,-4.36613087861286
2.38746203982316,0,-4.40368508565204
2.38675083126521,0,-4.44537400795667
2.38750670945529,0,-4.49169859286894
2.38930137844989,0,-4.54316846922022
2.39159266703792,0,-4.60028353650294
2.39371525328702,0,-4.66351199352274
2.39487433448597,0,-4.73326508048752
2.39414288659504,0,-4.80986894132089
2.39046308825601,0,-4.89353408351555
2.38265246723893,0,-4.9843229287898
2.36941540840823,0,-5.08211594559682
2.34936087925576,0,-5.18657690304104
2.3210275957587,0,-5.29711798727859
2.28291833812656,0,-5.41286600883425
2.23354562857584,0,-5.53263185323327
2.1714912773702,0,-5.65488681991698
2.09548199325055,0,-5.77775158213113
2.00448175294277,0,-5.89900593934006
1.89779825582228,0,-6.01612956988523
1.77519515348145,0,-6.12638416254362
1.6369944199641,0,-6.22694359582899
1.4841465714088,0,-6.31506963375566
1.31824460577772,0,-6.38831656770153
1.14146460317032,0,-6.44473391681384
0.956432343816376,0,-6.48302929492522
0.766035374800543,0,-6.502659839618
0.573214158992585,0,-6.50383910084338
0.380767461779741,0,-6.4874683251464
0.191196830701023,0,-6.45501636895945
0.00659995935366303,0,-6.40837615052553
-0.171389613664647,0,-6.34971984300059
-0.341625069709349,0,-6.28136569890059
-0.503440131050974,0,-6.20566144235823
-0.656620564056412,0,-6.12488478197538
-0.801356952428287,0,-6.04116059590397
-0.938180886578448,0,-5.95639529982578
-1.06788715173201,0,-5.87223016810488
-1.19144632138828,0,-5.79001567021985
-1.30991429641262,0,-5.71080767601865
-1.42434660364331,0,-5.63538396287935
-1.53572491951313,0,-5.56427672271455
-1.64490126721915,0,-5.49781476229078
-1.75256227970691,0,-5.43616851204696
-1.85921277713184,0,-5.37939187759215
-1.96517550459283,0,-5.32745690112941
-2.07060262477548,0,-5.28027942477255
-2.17549442141192,0,-5.23773584190384
-2.27972131491612,0,-5.19967225564838
-2.38304631604921,0,-5.1659079035584
-2.48514611682955,0,-5.1362347159585
-2.58562994289976,0,-5.11041457914456
-2.68405599158105,0,-5.08817547638075
-2.77994575626665,0,-5.06920731788639
-2.87279682702821,0,-5.05315801763032
-2.96209490050031,0,-5.03963025016915
-3.04732575903305,0,-5.02817931183861
-3.12798790263618,0,-5.01831258372654
-3.20360633528581,0,-5.00949120149983
-3.27374771048765,0,-5.00113462011256
-3.338036626806,0,-4.99262875112562
-3.39617235449952,0,-4.98333817718966
-3.44794473525261,0,-4.97262256058697
-3.49324754658082,0,-4.95985675685081
-3.5320874166332,0,-4.94445339523733
-3.56458655902964,0,-4.92588595975246
-3.59097823363496,0,-4.90370992054339
-3.6115948457849,0,-4.87757942855252
-3.6268497408149,0,-4.84725758142782
-3.63721472265718,0,-4.81261920250928
-3.6431958618779,0,-4.77364619809673
-3.64531015189506,0,-4.73041656762699
-3.64406509863959,0,-4.6830888024188
-3.63994259165823,0,-4.6318836329432
-3.63338763344421,0,-4.57706492933438
-3.62480187140269,0,-4.5189211694589
-3.61454146364282,0,-4.45774842305425
-3.60291861318609,0,-4.39383538414794
-3.59020607157399,0,-4.32745068894969
-3.57664396957183,0,-4.25883260644084
-3.56244840943689,0,-4.1881811736413
-3.54782129276271,0,-4.11565293428196
-3.53296082092012,0,-4.04135857808331
-3.51807197582626,0,-3.96536389982376
-3.50337608462226,0,-3.88769451748429
-3.48911835524016,0,-3.8083446160974
-3.4755721522364,0,-3.72728955367017
-3.4630389042467,0,-3.64450148938907
-3.45184300923006,0,-3.55996640812507
-3.44232193417527,0,-3.47370028093002
-3.43481272124656,0,-3.38576192346821
-3.42963698911587,0,-3.29626058451219
-3.42708691368106,0,-3.20535735114991
-3.42741440735844,0,-3.11326076488378
-3.43082488383518,0,-3.02021815710081
-3.43747591127632,0,-2.92650479646386
-3.44748008835127,0,-2.83241291065462
-3.46091087218695,0,-2.73824215435519
-3.4778099056396,0,-2.64429240739122
-3.49819454423825,0,-2.55085913726475
-3.52206462035308,0,-2.45823108490814
-3.54940786590631,0,-2.36668976599792
-3.58020375537598,0,-2.27651019178695
-3.61442578733614,0,-2.18796224689553
-3.65204238945905,0,-2.10131226197449
-3.6930167211162,0,-2.0168244448457
-3.73730567798273,0,-1.93476195778164
-3.78485839254141,0,-1.85538753618934
-3.83561448829256,0,-1.77896362861113
-3.88950229558277,0,-1.7057520982704
-3.94643718202236,0,-1.63601356399364
-4.00632009676055,0,-1.57000647642648
-4.06903637971321,0,-1.50798602799771
-4.13445484681113,0,-1.45020298624358
-4.20242713169494,0,-1.3969025238281
-4.27278724314542,0,-1.34832309836468
-4.34535128519913,0,-1.30469541374197
-4.41991728211935,0,-1.26624147414566
-4.49626505168194,0,-1.23317372364777
-4.57415607609629,0,-1.20569424880127
-4.6533333289796,0,-1.18399400929431
-4.73352102808834,0,-1.16825205222895
-4.81442429626447,0,-1.15863465865129
-4.89572872688837,0,-1.15529436617852
-4.97709986496015,0,-1.15836880864523
-5.05818263089954,0,-1.16797931244733
-5.13860073157137,0,-1.1842291898257
-5.21795612226888,0,-1.20720167207122
-5.29582860471701,0,-1.23695743129972
-5.37177566966872,0,-1.27353164914091
-5.44533271801369,0,-1.31693060590696
-5.51601382049062,0,-1.3671277863121
-5.58331320112988,0,-1.4240595295388
-5.64670765025046,0,-1.48762029414403
-5.7056600845223,0,-1.5576576630698
-5.75962446810624,0,-1.63396728061539
-5.80805228285029,0,-1.71628798910252
-5.850400679336,0,-1.80429751241982
-5.88614234799893,0,-1.89760910699793
-5.91477701813351,0,-1.99576965449209
-5.93584432646252,0,-2.09825968818094
-5.94893760926978,0,-2.20449581054811
-5.95371798593027,0,-2.31383586087825
-5.94992794800969,0,-2.42558702673144
-5.93740358020787,0,-2.53901687356549
-5.9160845442487,0,-2.65336701913628
-5.88602106574839,0,-2.76786894155331
-5.84737736667473,0,-2.8817612224384
-5.80043124999603,0,-2.99430742131734
-5.74556982201569,0,-3.10481376736225
-5.68328158390624,0,-3.21264593020517
-5.61414530173929,0,-3.31724426331517
-5.53881616032009,0,-3.41813706179901
-5.45800973063525,0,-3.51495150395632
-5.37248426229614,0,-3.60742202781045
-5.28302178767953,0,-3.6953959242221
-5.19040852685881,0,-3.77883592023077
-5.09541513226035,0,-3.85781950772794
-4.99877741073233,0,-3.93253477818198
-4.9011782892608,0,-4.00327258661594
-4.80323191197657,0,-4.07041500916527
-4.70547082257757,0,-4.13442028190449
-4.60833714984562,0,-4.19580469545961
-4.51217853930946,0,-4.25512222954427
-4.41724925153798,0,-4.31294298760916
-4.32371640167909,0,-4.36983167395895
-4.23167080588634,0,-4.42632739486255
-4.14114141458324,0,-4.48292593817101
-4.05211194322264,0,-4.54006540467711
-3.9645381331699,0,-4.59811567550287
-3.87836412282375,0,-4.65737177345113
-3.79353666472179,0,-4.71805078772935
-3.71001632449107,0,-4.78029174136001
-3.62778525214569,0,-4.84415762117596
-3.54685153580058,0,-4.90963876218408
-3.46725046613694,0,-4.97665685687585
-3.38904322592809,0,-5.04506900877932
-3.31231357592843,0,-5.11467143122948
-3.23716306402341,0,-5.18520257882067
-3.16370517746147,0,-5.25634567429868
-3.09205872703875,0,-5.32773075284401
-3.02234062968996,0,-5.39893649113606
-2.95465816618073,0,-5.46949222503884
-2.88910075045376,0,-5.53888068940425
-2.82573126842013,0,-5.60654213125769
-2.76457713409401,0,-5.67188053664288
-2.70562137142723,0,-5.73427273977637
-2.64879425136556,0,-5.79308110378963
-2.59396626675825,0,-5.84767021936531
-2.54094345707293,0,-5.8974276136804
-2.48946621623237,0,-5.94178778806246
-2.43921263117044,0,-5.98025807367455
-2.38980702611657,0,-6.01244397400572
-2.34083371754455,0,-6.03807109882145
-2.29185511798612,0,-6.05700074552896
-2.24243247591144,0,-6.06923680203829
-2.19214696358434,0,-6.07492286736538
-2.14061872288373,0,-6.07433001702282
-2.0875218899021,0,-6.06783705577334
-2.03259440345038,0,-6.05590602662463
-1.97564231196688,0,-6.03905600673887
-1.91653908301449,0,-6.01783787941235
-1.85522093755534,0,-5.99281204968439
-1.79167944466744,0,-5.96453023272956
-1.72595257861785,0,-5.93352169452147
-1.65811525544547,0,-5.90028377119275
-1.5882701222284,0,-5.8652761571665
-1.51653913384192,0,-5.82891829815357
-1.4430562531771,0,-5.79158919826803
-1.36796146101777,0,-5.75362899745155
-1.29139615570255,0,-5.71534175540602
-1.21349994838168,0,-5.67699896557339
-1.13440880433227,0,-5.63884340446025
-1.0542544341409,0,-5.60109299403711
-0.973164794384063,0,-5.56394441977706
-0.891265513913448,0,-5.52757630820595
-0.808682020987109,0,-5.49215182962404
-0.72554211285844,0,-5.4578206562053
-0.641978688469541,0,-5.42472027265287
-0.558132361012912,0,-5.39297670298921
-0.474153682156485,0,-5.36270477790118
-0.39020474206437,0,-5.33400811661041
-0.306459954077154,0,-5.30697903037247
-0.223105882957465,0,-5.28169856802047
-0.140340023522428,0,-5.25823691622984
-0.0583684765082215,0,-5.23665433905506
0.022597501737172,0,-5.2170027945007
0.10234607766511,0,-5.19932830219196
0.180670529376126,0,-5.18367405672138
0.257376000715112,0,-5.17008418665798
0.33228722888643,0,-5.15860795106884
0.405257079169046,0,-5.14930404855917
0.476175614229619,0,-5.14224459917543
0.544979294820924,0,-5.13751826589479
0.611659772710466,0,-5.13523193579002
0.676271626717952,0,-5.13551040918943
0.738938345816357,0,-5.1384936684228
0.799855911236894,0,-5.14433151704562
0.859293485922623,0,-5.15317566954409
0.917590970007859,0,-5.16516967816268
0.975153482308552,0,-5.18043734221897
1.03244311955217,0,-5.19907039831442
1.08996856770595,0,-5.2211163069823
1.14827325304896,0,-5.24656683930365
1.20792271390132,0,-5.27534796469762
1.26949176479901,0,-5.30731130360162
1.33355184900433,0,-5.34222718924024
1.40065877270254,0,-5.37977921917812
1.4713408187684,0,-5.41956008844401
1.54608707154571,0,-5.46106848401902
1.62533565707624,0,-5.50370687862029
1.7094615185304,0,-5.54678018141017
1.79876330532348,0,-5.58949537926582
1.89344896179816,0,-5.63096253448403
1.99361967225461,0,-5.67019779655451
2.09925198227069,0,-5.70612943748695
2.21017821632889,0,-5.73760831850297
2.32606580579394,0,-5.76342459452625
2.44639688372354,0,-5.78233275812628
2.57045051069152,0,-5.79308712979035
2.69729108608883,0,-5.79448934000281
2.8257676083895,0,-5.78544790176217
2.95452897093985,0,-5.76504742733012
3.08205972477269,0,-5.73262155692844
3.20673810169924,0,-5.6878200459951
3.32691355219379,0,-5.63065819390621
3.44099565069297,0,-5.56153755802501
3.54754197969346,0,-5.48123148109078
3.64533161431153,0,-5.39083636692708
3.73341390638505,0,-5.29169719266595
3.8111282584793,0,-5.18532050791788
3.87809701432841,0,-5.07328865806619
3.93419818352428,0,-4.95718579844928
3.97952648048062,0,-4.8385413962036
4.01435048436684,0,-4.71879232247265
4.03907170764871,0,-4.59926145139525
4.05418904893805,0,-4.48114910320625
4.06027014727378,0,-4.36553333350185
4.05792977678011,0,-4.25337546338035
4.0478145835087,0,-4.14552794205561
4.0305930240311,0,-4.04274237774269
4.00694916810882,0,-3.94567625225169
3.97757896825382,0,-3.85489743022323
3.94318762286422,0,-3.77088610781183
3.90448675754208,0,-3.69403434491492
3.86219034018287,0,-3.62464379661018
3.81700855536086,0,-3.5629226773696
3.76963930183343,0,-3.50898329765602
3.72075751646311,0,-3.46284163132727
3.6710030956484,0,-3.4244202392304
3.62096867203667,0,-3.39355546810582
3.57118879248383,0,-3.37000920996513
3.52213204723187,0,-3.35348475893336
3.47419740023932,0,-3.34364559496999
3.42771542449705,0,-3.34013540715112
3.38295447265075,0,-3.34259744299386
3.34013115284094,0,-3.3506913575185
3.29942395194212,0,-3.36410608548176
3.26098852303793,0,-3.3825677750482
3.22497304444462,0,-3.40584239360033
3.19153213442682,0,-3.43373315879515
3.16083801949531,0,-3.46607340691913
3.13308795674658,0,-3.50271586513084
3.10850726786358,0,-3.54351954362699
3.08734773521561,0,-3.588335612616
3.06988152778064,0,-3.63699367539621
3.05639125073323,0,-3.68928978096277
3.04715711630548,0,-3.74497732101327
3.04244256381992,0,-3.80376161898908
3.04247984911399,0,-3.86529855878575
3.04745711800951,0,-3.92919706840501
3.05750824395167,0,-3.99502475240055
3.07270626473001,0,-4.06231555539147
3.09306067046971,0,-4.13057812293554
3.11851818753288,0,-4.19930354926933
3.14896619048546,0,-4.26797144953759
3.18423754784949,0,-4.33605370046469
3.22411560473287,0,-4.40301566333331
3.268338108013,0,-4.46831514601464
3.31659912943245,0,-4.53139971577303
3.36854836814637,0,-4.59170322124041
3.42378755924172,0,-4.64864253528967
3.48186404941261,0,-4.70161562530509
3.54226192853712,0,-4.75000212892332
3.60439145550938,0,-4.79316767942481
3.66757792923115,0,-4.83047327000006
3.73105166218136,0,-4.86129090843238
3.7939413049317,0,-4.88502657873553
3.85527335558366,0,-4.90115093509678
3.91398105942082,0,-4.9092370451642
3.96892572447216,0,-4.90900280629928
4.01893235703672,0,-4.90035354985725
4.06283921237203,0,-4.88341836485255
4.09955755789445,0,-4.85857270241378
4.12813451592988,0,-4.82644078313979
4.14780965566859,0,-4.78787457726641
4.15805627116899,0,-4.74391095960098
4.15860129101415,0,-4.69571339132866
4.14942249247058,0,-4.64450734770605
4.13072633329573,0,-4.5915187804354
4.10291270521204,0,-4.53792257798397
4.06653367907404,0,-4.48480455186206
4.02225227527427,0,-4.43313726895762
3.97080535667914,0,-4.38376786418429
3.91297273813549,0,-4.33741495646169
3.84955302448555,0,-4.29467169599405
3.78134567293923,0,-4.25601240930697
3.70913825777199,0,-4.22180095676447
3.63369774804114,0,-4.19229957186506
3.55576464783532,0,-4.16767751674298
3.4760489857945,0,-4.14801933785767
3.39522730909237,0,-4.13333284734921
3.31394000130312,0,-4.1235572049654
3.23278838872264,0,-4.11857164263351
3.1523312224508,0,-4.11820545531621
3.07308022615998,0,-4.12224985994236
2.99549448700843,0,-4.13047217078646
2.91997354699444,0,-4.14263242649615
2.84684913522728,0,-4.15850211972752
2.77637558434848,0,-4.17788405169073
2.70871911765913,0,-4.20063164373537
2.64394639823161,0,-4.22666542957779
2.58201300765333,0,-4.25598410686148
2.52275285611143,0,-4.2886676164794
2.46586986870964,0,-4.32487033785755
2.410933562471,0,-4.36480360607296
2.35738022286436,0,-4.4087082021162
2.3045212146387,0,-4.45681897311468
2.25155946459958,0,-4.5093250130226
2.19761434243246,0,-4.56632963221114
2.14175412586108,0,-4.62781451572185
2.08303413143548,0,-4.69361197255648
2.02053764230851,0,-4.76338807936227
1.95341620229388,0,-4.83663799403513
1.88092585064734,0,-4.91269302376336
1.80245650146834,0,-4.99073749863857
1.71755281965721,0,-5.069832432734
1.62592635778203,0,-5.14894255761697
1.52746006444503,0,-5.22696363471623
1.42220724976874,0,-5.30274786602287
1.31038750486999,0,-5.37512647595318
1.19238187603682,0,-5.4429298374856
1.06872887620081,0,-5.50500660390544
0.940121837782034,0,-5.56024399833784
0.807406859595967,0,-5.60759159174434
0.671579369027459,0,-5.64609049564384
0.533776320143457,0,-5.6749088674177
0.395260532946474,0,-5.69338298890229
0.257393939848641,0,-5.70106108241159
0.121597789346132,0,-5.69774485232189
-0.0106998033027636,0,-5.68352212691311
-0.138125542494717,0,-5.65878368993386
-0.259425573497411,0,-5.62421898072177
-0.373525040525456,0,-5.58078872582455
-0.479574863169608,0,-5.52967686474664
-0.576980312983083,0,-5.47222796254438
-0.665409508877737,0,-5.40987842983663
-0.744783505760562,0,-5.34408981192828
-0.815252185849902,0,-5.27629056145704
-0.877161227617207,0,-5.20783000245108
-0.931015182226148,0,-5.13994556608539
-0.977440631458269,0,-5.07374242232888
-1.01715206701117,0,-5.01018352353811
-1.05092189770047,0,-4.95008769979314
-1.07955504209813,0,-4.8941335636611
-1.10386793301739,0,-4.84286735973669
-1.12467139862245,0,-4.79671335794207
-1.14275671711358,0,-4.75598583370179
-1.15888409641404,0,-4.72090204996711
-1.17377285257622,0,-4.69159593480033
-1.18809261526078,0,-4.6681323279386
-1.20245495670742,0,-4.65052174872535
-1.21740491647489,0,-4.63873561377859
-1.23341198296289,0,-4.632721703411
-1.25086020826212,0,-4.63241944351409
-1.27003729573423,0,-4.63777424987478
-1.29112273264614,0,-4.64874981362328
-1.31417535978147,0,-4.66533686066348
-1.33912117361351,0,-4.6875566987216
-1.36574260693913,0,-4.71545789712904
-1.39367094733751,0,-4.74910483742484
-1.42238380359223,0,-4.78855767474297
-1.45120947899141,0,-4.83384439365684
-1.47933965896379,0,-4.88492692234275
-1.50585097496048,0,-4.94166437421638
-1.52973491631457,0,-5.00377709522648
-1.5499345011161,0,-5.07081510678
-1.56538539938135,0,-5.14213377227555
-1.57505905745508,0,-5.21687834583179
-1.57800584624101,0,-5.29397790917567
-1.57339717163955,0,-5.372148496875
-1.56056649163721,0,-5.44990523592344
-1.53904984653059,0,-5.52558412394643
-1.50862641145144,0,-5.59737539893384
-1.4693584226362,0,-5.66337178177931
-1.42162754176523,0,-5.7216353979315
-1.3661616503501,0,-5.77028592840128
-1.30404317865427,0,-5.80760867210617
-1.23668900624003,0,-5.83217469045609
-1.16579453041893,0,-5.84295760872672
-1.09324146025671,0,-5.83942630070398
-1.02097867682296,0,-5.8215933847817
-0.950894105751351,0,-5.79000782216763
-0.884698647454338,0,-5.74569334324672
-0.823839156988623,0,-5.69004713902509
-0.769448517162376,0,-5.62471995368332
-0.722331401556449,0,-5.5514978657843
-0.682977935308343,0,-5.47219997204645
-0.651595220326095,0,-5.38859867133001
-0.628147639035497,0,-5.30236314423347
-0.612399317074961,0,-5.21502301803916
-0.603954754908475,0,-5.12794784514103
-0.602295721949107,0,-5.04233811624051
-0.606813860908214,0,-4.9592243121696
-0.616839173091117,0,-4.87947144723701
-0.631664837982748,0,-4.80378739539217
-0.65056884578208,0,-4.73273391329842
-0.672832829362837,0,-4.66673967385503
-0.697758365541926,0,-4.60611483713178
-0.724680928501248,0,-4.55106676539716
-0.752981644664881,0,-4.50171648656458
-0.782097019886004,0,-4.45811546909789
-0.811526872188464,0,-4.42026222218036
-0.840840782284259,0,-4.38811819554873
-0.869683440954192,0,-4.36162242975958
-0.897779299032146,0,-4.34070439742252
-0.924936888874971,0,-4.3252944737073
-0.951053070662318,0,-4.31533147777273
-0.976117258406718,0,-4.31076674155148
-1.00021540865623,0,-4.31156420587927
-1.02353323584279,0,-4.31769614433682
-1.0463577977221,0,-4.32913430530449
-1.06907633713929,0,-4.34583656884217
-1.0921711499468,0,-4.36772964073024
-1.11620934790289,0,-4.39468881651707
-1.14182674657013,0,-4.42651636215093
-1.16970572209697,0,-4.46292045447549
-1.20054766167464,0,-4.50349677494307
-1.23504142209533,0,-4.54771466061137
-1.27382981337678,0,-4.59490917852582
-1.31747636732624,0,-4.644279701047
-1.36643444896633,0,-4.69489471032307
-1.42102016248644,0,-4.74570187727478
-1.48138965342462,0,-4.79554213833077
-1.54752054946408,0,-4.84316663589272
-1.6191966583812,0,-4.8872559879457
-1.69599485689497,0,-4.92644229862768
-1.77727349533784,0,-4.95933542615149
-1.86216267230984,0,-4.98455602694743
-1.94955836741109,0,-5.00077844372472
-2.038124460792,0,-5.00678613214461
-2.12630862483332,0,-5.00154048104286
-2.21237903976371,0,-4.98426017076888
-2.29448761209739,0,-4.95450284248646
-2.37076079864067,0,-4.91223521962303
-2.4394114173634,0,-4.85787465765787
-2.49885627779687,0,-4.79228740140313
-2.5478191844683,0,-4.71673765066294
-2.58540039764436,0,-4.63279418688718
-2.61110211375126,0,-4.54221222632391
-2.62481109960326,0,-4.44681244698722
-2.62674904135389,0,-4.34837581534416
-2.61740525830094,0,-4.24856489391059
-2.59746533273402,0,-4.14887397759405
-2.56774518393897,0,-4.05060454322428
-2.52913559004736,0,-3.95485980838825
-2.48255859444561,0,-3.86255195344822
-2.42893504288612,0,-3.77441663148858
-2.36916148307725,0,-3.69103086599478
-2.30409442035967,0,-3.61283179881737
-2.23454009757368,0,-3.54013480050486
-2.16124830426127,0,-3.47315017255837
-2.08490907713453,0,-3.41199811544231
-2.0061514627977,0,-3.35672188435093
-1.92554375213212,0,-3.30729917582435
-1.84359476372442,0,-3.26365183562693
-1.76075586180603,0,-3.22565398983253
-1.67742345667997,0,-3.19313870241148
-1.59394176742177,0,-3.16590327002031
-1.51060564180822,0,-3.14371328730527
-1.42766323948365,0,-3.12630565735066
-1.34531840182445,0,-3.11339078062548
-1.26373256372885,0,-3.10465422622209
-1.18302611327407,0,-3.09975826159851
-1.10327917543664,0,-3.09834367823563
-1.02453188181425,0,-3.10003238521442
-0.946784280791118,0,-3.10443123540126
-0.86999612944328,0,-3.11113748783419
-0.794086875944157,0,-3.11974619043935
-0.718936177728167,0,-3.12985959505649
-0.644385300457881,0,-3.14109850823724
-0.570239708130686,0,-3.15311525972211
-0.496273094581161,0,-3.16560775905707
-0.422233032549262,0,-3.1783339247831
-0.347848335331975,0,-3.19112561425662
-0.272838135223023,0,-3.20390105404714
-0.196922570663127,0,-3.2166746778223
-0.119834826952512,0,-3.22956325063003
-0.0413340919228644,0,-3.24278725218268
0.0387812090493979,0,-3.25666677162959
0.120660694105749,0,-3.271611664158
0.204390673841316,0,-3.28810639122964
0.289984919192744,0,-3.30669067534364
0.377378031968513,0,-3.32793765419053
0.466421518503632,0,-3.35243144575228
0.556882266507262,0,-3.38074586258834
0.648442815801432,0,-3.41342550016275
0.740702670155617,0,-3.45096973199071
0.833179936631654,0,-3.49381946319791
0.925312763653286,0,-3.54234597001309
1.0164603137252,0,-3.59684085169397
1.10590328755845,0,-3.65750603291681
1.19284427347094,0,-3.72444282143653
1.27640842213587,0,-3.79763917955118
1.35564516489546,0,-3.87695455821842
1.42953194741832,0,-3.96210185561177
1.49698129041872,0,-4.05262633009804
1.55685295656745,0,-4.1478817059087
1.60797360229922,0,-4.24700439656513
1.64916694875928,0,-4.34888791777433
1.67929798987666,0,-4.45216134762764
1.69733459812694,0,-4.5551781756623
1.70242832353765,0,-4.65602475845457
1.69401227110556,0,-4.75255984265304
1.67190712166816,0,-4.84249621470099
1.6364175343157,0,-4.92352986385613
1.58839384580257,0,-4.99350956611928
1.5292339081166,0,-5.05062289042334
1.46081155515537,0,-5.09356106541589
1.38533951206508,0,-5.12162460791757
1.30519554706507,0,-5.1347477173316
1.22274975787643,0,-5.13344477710743
1.14022420483106,0,-5.11870336039379
1.05959977738128,0,-5.0918558079337
0.982569016291061,0,-5.05445630004297
0.910523825293419,0,-5.00817909915486
0.844564264241168,0,-4.95474282859257
0.785516450292157,0,-4.8958584158359
0.733951257667765,0,-4.83319482997297
0.690199296764202,0,-4.7683558746209
0.654360902447258,0,-4.70286193239781
0.626312441625188,0,-4.63813200783193
0.605712128291215,0,-4.5754633767758
0.592009558710632,0,-4.51600844429965
0.584463110978207,0,-4.46075075173268
0.582168064327116,0,-4.41048396866302
0.584095993515176,0,-4.36579858766333
0.589143300290547,0,-4.3270805313541
0.596184502092113,0,-4.29452405262532
0.604124818557574,0,-4.2681587160349
0.611946937444458,0,-4.24788770715121
0.618748332491922,0,-4.23353294168143
0.62376753596437,0,-4.22488178139239
0.62639969377865,0,-4.22173053390849
0.62620311165651,0,-4.22392096891887
0.62289918133329,0,-4.23136740846897
0.616368130002209,0,-4.24407321749769
0.606642655357563,0,-4.26213655433193
0.593900903636409,0,-4.28574599076047
0.578459591297778,0,-4.31516710606047
0.560767476758446,0,-4.3507214544793
0.541398917279244,0,-4.39275945373086
0.521046918451958,0,-4.44162878371174
0.500514897764221,0,-4.49763985202563
0.480706329072192,0,-4.56102980379327
0.462611501009513,0,-4.63192644858472
0.447290797607612,0,-4.71031335302826
0.435854170102563,0,-4.79599718835561
0.429436765533101,0,-4.88857819683347
0.429170927178807,0,-4.98742432461423
0.436154875721948,0,-5.09164917389525
0.451418211332367,0,-5.20009353515984
0.475883879252384,0,-5.31131003537399
0.51032543012524,0,-5.42355062820009
0.555317418907251,0,-5.53475757678355
0.611175936667719,0,-5.64256060692675
0.677886140096021,0,-5.74428639156303
0.755015217632717,0,-5.83699159627906
0.841613964724644,0,-5.91753674098446
0.936119614464777,0,-5.98272269962639
1.03628702806764,0,-6.02950936699721
1.13919060746998,0,-6.05531884881629
1.24134365807529,0,-6.05838826833284
1.33895933696566,0,-6.03808932914816
1.42832311613214,0,-5.99510481025358
1.5061861877191,0,-5.93138213679907
1.57006830609725,0,-5.84986921756775
1.61839891961491,0,-5.75412368457975
1.65049714105514,0,-5.64791575391534
1.66644399312461,0,-5.53491150012709
1.66691197989776,0,-5.41846658714684
1.65299952297322,0,-5.30151786326826
1.62609316897221,0,-5.1865429152371
1.5877619020728,0,-5.07555851637436
1.53967813030606,0,-4.97013736999826
1.48355679878531,0,-4.87143185763291
1.42110481166704,0,-4.7802008214751
1.3539755259721,0,-4.69684004113561
1.2837262735155,0,-4.62141907598713
1.21177978857998,0,-4.55372688323184
1.13939235521891,0,-4.49332670506204
1.06763198522804,0,-4.43961807400898
0.99736898839986,0,-4.39190148433295
0.929279386719624,0,-4.3494401725281
0.863859531036722,0,-4.31151385270419
0.801448721272227,0,-4.27746086695366
0.742255988117898,0,-4.24670736401942
0.686387437595401,0,-4.21878411671732
0.633871386613805,0,-4.19333297921516
0.584679551453287,0,-4.1701056395236
0.538743495758429,0,-4.14895735239142
0.495966243229106,0,-4.1298379625331
0.45622937971374,0,-4.11278196393103
0.419396153663252,0,-4.09789874452095
0.385311108030065,0,-4.08536362393965
0.353796717298504,0,-4.07540983771961
0.324647424648579,0,-4.06832125462342
0.297621424900938,0,-4.06442532241413
0.272430553238993,0,-4.06408551034231
0.24872873965402,0,-4.06769235306961
0.226099683731152,0,-4.07565211395039
0.204044686844734,0,-4.08837210343695
0.181971920292665,0,-4.1062418490544
0.159188751733665,0,-4.12960965519716
0.134899011851953,0,-4.1587546353349
0.108207149277342,0,-4.19385502860451
0.078130984969093,0,-4.23495445003035
0.0436241654937271,0,-4.28192852350305
0.0036084380639837,0,-4.33445491269565
-0.042985345792677,0,-4.39198989863572
-0.0971698083843722,0,-4.45375422556521
-0.159850436431473,0,-4.51872996102657
-0.231775372445259,0,-4.58566877426101
-0.313488858246143,0,-4.65311064840454
-0.405290610461068,0,-4.7194109722999
-0.507202046961347,0,-4.78277350934247
-0.618938894868594,0,-4.84128707230807
-0.739888685554162,0,-4.89296483596256
-0.86909133516229,0,-4.9357869395949
-1.00522171912731,0,-4.9677490945779
-1.14657511381191,0,-4.98692189555371
-1.29105971485364,0,-4.99152676432916
-1.43620492488509,0,-4.98003387038995
-1.57919871259778,0,-4.95128353722739
-1.71696972751811,0,-4.90462430490776
-1.8463263454604,0,-4.84004835407108
-1.96415213869038,0,-4.75829239360806
-2.06763630299267,0,-4.66086740894921
-2.15449670765738,0,-4.54999188116868
-2.22314577231191,0,-4.42843024536645
-2.27276346627421,0,-4.29926923169985
-2.30327142411687,0,-4.16568210580801
-2.31523091552996,0,-4.03072636000525
-2.30970148041456,0,-3.8972004013063
-2.28809455185036,0,-3.76756260200484
-2.25204455484659,0,-3.64390134690183
-2.20330712643551,0,-3.52793940969631
-2.14368486387254,0,-3.42105722813712
-2.07497615310022,0,-3.32432367505854
-1.99894102639514,0,-3.23852721370215
-1.91727820961195,0,-3.16420379104908
-1.83160850758598,0,-3.10166027929834
-1.7434608921192,0,-3.05099391064436
-1.65425889657523,0,-3.01210919797636
-1.56530614963517,0,-2.98473443507527
-1.47777109212782,0,-2.96844004905356
-1.39267204718092,0,-2.96266078951398
-1.31086469448102,0,-2.96672295377641
-1.23303441856225,0,-2.97987664494079
-1.15969578653234,0,-3.00133167722875
-1.09120054672795,0,-3.03029453982631
-1.02775422472618,0,-3.06600316158681
-0.969439990469105,0,-3.10775628373897
-0.916247367955601,0,-3.1549349997306
-0.86810281433449,0,-3.20701519724189
-0.824899252646645,0,-3.26357088402736
-0.786522158202911,0,-3.32426939976062
-0.75287053966028,0,-3.38886015969939
-0.723871907626603,0,-3.45715884430824
-0.699490956760342,0,-3.52902894184115
-0.679732171104444,0,-3.60436239470577
-0.664636938344834,0,-3.68306089123814
-0.654276096116341,0,-3.76501911901307
-0.64873918277939,0,-3.85011103026315
-0.648122019041324,0,-3.93817980296221
-0.652514520074111,0,-4.02903165595258
-0.661990678772813,0,-4.12243299421921
-0.67660230775018,0,-4.21810962282006
-0.696377302502283,0,-4.31574617876292
-0.721321987304089,0,-4.41498372978147
-0.751425821422721,0,-4.51541383615068
-0.786665771794574,0,-4.61656823429248
-0.827007317657145,0,-4.71790443885437
-0.872399421500526,0,-4.8187886319227
-0.922761685093733,0,-4.91847794577474
-0.977962963412085,0,-5.01610458614587
-1.03779163096349,0,-5.11066434381099
-1.10191838214502,0,-5.20101218653555
-1.16985305082943,0,-5.28586807874308
-1.24089781602093,0,-5.36383705757745
-1.31410078438273,0,-5.43344873157087
-1.38821668815362,0,-5.49322215205096
-1.46168526967022,0,-5.54176123565964
-1.53264183554834,0,-5.57788184636871
-1.59897592417362,0,-5.60076269881229
-1.65844919585814,0,-5.61009879102198
-1.70886955094019,0,-5.60622272398534
-1.7482971794199,0,-5.59015502629887
-1.77523951360667,0,-5.56355765425723
-1.78878887302453,0,-5.52859367729177
-1.78867410423341,0,-5.48772659941809
-1.77522651393061,0,-5.44350771349232
-1.74928437551601,0,-5.39839339650596
-1.71206893056402,0,-5.35461459442555
-1.66505941971524,0,-5.31410092383468
-1.60988303627925,0,-5.27844975148053
-1.54822472009438,0,-5.24892704184619
-1.48175444096297,0,-5.22648859554477
-1.41206609515248,0,-5.2118141050171
-1.34062126134431,0,-5.20534990706105
-1.26869184781557,0,-5.20735817402967
-1.19729765192683,0,-5.21796998844575
-1.12713804110628,0,-5.23723723862134
-1.05852146545797,0,-5.26517426158206
-0.991302057467069,0,-5.30177647825968
-0.924837989444502,0,-5.34700278287053
-0.857989290264979,0,-5.40071388260437
-0.789170807712418,0,-5.46257055539497
-0.716467476446026,0,-5.53191038487821
-0.637805429093521,0,-5.60763236165343
-0.551158341410737,0,-5.6881198748349
-0.454759538765277,0,-5.77122283609865
-0.347290664596099,0,-5.8543035874945
-0.228026696129985,0,-5.93433649985055
-0.0969302296636783,0,-6.00804396144203
0.0453009712329026,0,-6.07205338202916
0.197224909351393,0,-6.12306770414149
0.356680291180058,0,-6.15804982068273
0.520850152250818,0,-6.17442331549534
0.686377637256129,0,-6.17028443692319
0.849548529105379,0,-6.14460399349911
1.00654297214412,0,-6.09737997391696
1.15373439679906,0,-6.02969445783269
1.28798787638372,0,-5.94364252446411
1.40689952409193,0,-5.84213515274309
1.50893256370118,0,-5.72861603990367
1.59343755131899,0,-5.60675317589147
1.66057593472038,0,-5.48016132080734
1.71118326428735,0,-5.35218930255825
1.74660863521165,0,-5.22578121106797
1.76855710753391,0,-5.10340342068974
1.77894997116623,0,-4.98702210860488
1.77980851637083,0,-4.87811571093424
1.7731615723556,0,-4.7777097675823
1.7609746831744,0,-4.68642519314873
1.74509812932051,0,-4.60453394913308
1.72723105887209,0,-4.53201812190119
1.70889917339383,0,-4.46862971586171
1.69144348263062,0,-4.41394933682409
1.67601757853418,0,-4.36744258017318
1.66359076431661,0,-4.32851343743166
1.65495430921754,0,-4.29655435954403
1.6507281655228,0,-4.27099266215253
1.65136573675832,0,-4.25133262247594
1.65715477199012,0,-4.23719186989
1.66821323541024,0,-4.22832962952949
1.68448011343673,0,-4.22466334651261
1.70570256243668,0,-4.22626967898358
1.73142240433837,0,-4.23336634460578
1.76096635693788,0,-4.24627321505179
1.79344497262466,0,-4.26535429885471
1.82776452530424,0,-4.29094610953984
1.86265388509827,0,-4.32328111926911
1.89670525294033,0,-4.36241623876927
1.92842457142798,0,-4.40817486924668
1.95628568910312,0,-4.46010745472517
1.97878265876113,0,-4.51747100059187
1.99447677886878,0,-4.57922441024688
2.00203827491168,0,-4.64403498783544
2.00028567858467,0,-4.71029247344273
1.98822791602507,0,-4.77613011767634
1.96511406318807,0,-4.83945660897804
1.93049312112819,0,-4.89800677459355
1.88428076875871,0,-4.94942103785628
1.82682241130169,0,-4.99136131414819
1.75893416995322,0,-5.02166237583345
1.68190007149757,0,-5.0385031172059
1.59740944019404,0,-5.04056672719203
1.5074345880526,0,-5.02715179146758
1.4140693171532,0,-4.99820528381281
1.31936243058402,0,-4.95427138546101
1.22517960432928,0,-4.89637520711496
1.13311345083451,0,-4.82587486682221
1.04444444365144,0,-4.74431463909183
0.96014296760194,0,-4.65330105668126
0.880897993538024,0,-4.55441096713675
0.807158959951018,0,-4.44913096641599
0.739181152738961,0,-4.33882270462083
0.677068787636796,0,-4.2247072358508
0.620813006905232,0,-4.10786224237347
0.570323911381557,0,-3.98922734677847
0.525456778151234,0,-3.8696141326393
0.486033064840572,0,-3.74971863784965
0.451856923780679,0,-3.630134909099
0.422727911287058,0,-3.51136875361043
0.398450478407857,0,-3.39385116517102
0.37884072216448,0,-3.27795110140922
0.363730784704498,0,-3.16398739992497
0.352971220542759,0,-3.05223967941053
0.346431610008597,0,-2.94295810366211
0.343999677349629,0,-2.83637190822364
0.345579170162556,0,-2.73269661240503
0.351086767223572,0,-2.63213987075292
0.360448297197335,0,-2.53490596180959
0.373594561998827,0,-2.44119896890996
0.390457054809299,0,-2.35122477399675
0.410963832754157,0,-2.26519205105265
0.435035740744123,0,-2.18331249452258
0.462583088577202,0,-2.10580053089315
0.493502775597859,0,-2.0328727248405
0.527675766770425,0,-1.96474700815482
0.564964782794688,0,-1.90164175575617
0.605212089067601,0,-1.84377464917329
0.648237338190705,0,-1.79136123813438
0.693835499285188,0,-1.74461314216574
0.741774955111361,0,-1.70373590166547
0.791795847118216,0,-1.66892655263608
0.843608708444859,0,-1.64037103082378
0.896893370472507,0,-1.61824150083312
0.951298083877088,0,-1.60269366405333
1.00643877382258,0,-1.59386404367498
1.06189835346015,0,-1.59186719106244
1.11722604628458,0,-1.59679271416675
1.17193671067521,0,-1.60870199862274
1.22551021512129,0,-1.62762447573767
1.27739097853101,0,-1.65355328844227
1.32698786672899,0,-1.6864402176243
1.37367472424985,0,-1.72618976076049
1.41679191890188,0,-1.77265230892342
1.45564938057948,0,-1.82561645611933
1.48953171400955,0,-1.88480060682696
1.51770603613765,0,-1.9498442322568
1.53943319878717,0,-2.02029936510578
1.55398295980452,0,-2.09562320358116
1.56065340882273,0,-2.17517298105029
1.55879449475589,0,-2.25820447876039
1.54783483629148,0,-2.34387561604875
1.52731018967613,0,-2.43125633467304
1.4968911589621,0,-2.51934542255687
1.45640720188584,0,-2.60709400871774
1.40586396120167,0,-2.69343435277625
1.34545158676732,0,-2.77731152559827
1.27554295036752,0,-2.85771495395076
1.19668220245191,0,-2.93370681166906
1.10956554946775,0,-3.00444490487889
1.01501705374402,0,-3.06919881354003
0.913962483468978,0,-3.12735927599028
0.807403823511921,0,-3.17844181159851
0.696396231750224,0,-3.22208617370875
0.582028274868357,0,-3.25805337808221
0.465405431915338,0,-3.28622184928604
0.34763624089284,0,-3.30658380738429
0.229820116949494,0,-3.31924251019561
0.113035764941913,0,-3.32441046618119
-0.00167080465514102,0,-3.32240829503329
-0.113299418488915,0,-3.31366356572349
-0.220910472965732,0,-3.29870870088801
-0.323641290143785,0,-3.27817691495219
-0.420723699780176,0,-3.25279516489406
-0.511502028290238,0,-3.22337324837952
-0.595450311607231,0,-3.19078848616163
-0.672187299971566,0,-3.15596585812566
-0.741487742517891,0,-3.11985398455998
-0.803288566312033,0,-3.08339788995302
-0.857688906235539,0,-3.04750997128881
-0.9049434667445,0,-3.01304092918187
-0.945449331323216,0,-2.98075253926906
-0.979726978650272,0,-2.9512940123908
-1.00839680737667,0,-2.92518333464568
-1.03215282466596,0,-2.90279446006319
-1.05173526929106,0,-2.88435064940733
-1.06790382164706,0,-2.86992371580318
-1.08141275110716,0,-2.85943854017487
-1.09298894712601,0,-2.85268200817296
-1.1033133649964,0,-2.84931550150096
-1.11300606987284,0,-2.84889021454197
-1.12261483785231,0,-2.85086479468177
-1.13260719161484,0,-2.85462503719365
-1.14336579599909,0,-2.85950551701796
-1.15518726842645,0,-2.8648130403718
-1.16828459723411,0,-2.86985161440994
-1.18279342394983,0,-2.873948282458
-1.19878236185079,0,-2.87647873877429
-1.21626726085926,0,-2.87689125834124
-1.23522891650429,0,-2.87472731140547
-1.25563324813751,0,-2.8696373993874
-1.27745256224163,0,-2.86139117291974
-1.30068627854625,0,-2.84988167523601
-1.32537947545126,0,-2.83512439626641
-1.35163777262646,0,-2.81725249671554
-1.37963732244424,0,-2.79650989461628
-1.40962893558728,0,-2.77324384077228
-1.44193557713222,0,-2.74789820876786
-1.47694266591067,0,-2.72100814195224
-1.51508086792526,0,-2.69319611285885
-1.55680146143657,0,-2.66516900049247
-1.602544869372,0,-2.63771552805799
-1.65270352481085,0,-2.61170326970038
-1.70758074087336,0,-2.5880743015293
-1.76734762031631,0,-2.56783833728245
-1.83200026800159,0,-2.55206187649886
-1.9013197130451,0,-2.54185167278598
-1.97483702683719,0,-2.53833091277586
-2.05180609984269,0,-2.54260697370526
-2.13118638857537,0,-2.55573038753727
-2.21163775391949,0,-2.57864544650862
-2.29152950181405,0,-2.61213357086458
-2.3689661242902,0,-2.65675119338175
-2.44183300971842,0,-2.71276483320882
-2.5078660815636,0,-2.7800876821453
-2.56474892789354,0,-2.8582246414852
-2.61023814821881,0,-2.94623589513108
-2.64231136755314,0,-3.04273131636045
-2.65932320487816,0,-3.14590692325022
-2.66014562442649,0,-3.25362817396138
-2.64426585278095,0,-3.36355349610853
-2.61182170910639,0,-3.47327923141637
-2.56356994159218,0,-3.58048050686163
-2.50080108606823,0,-3.68302556891281
-2.42522579607951,0,-3.77905232845144
-2.33885813242421,0,-3.86700917301775
-2.24391296764036,0,-3.94567132569707
-2.14272313811693,0,-4.01414641624681
-2.03767252124363,0,-4.07187942312273
-1.93113654705455,0,-4.11866060187923
-1.82542201229791,0,-4.15463348255885
-1.72270207316524,0,-4.18029582365429
-1.62494775518727,0,-4.1964857532073
-1.53386192153118,0,-4.2043480742465
-1.45082369249061,0,-4.2052804987746
-1.37685032700758,0,-4.20086439973726
-1.31258036438746,0,-4.19278779050766
-1.25827793495428,0,-4.18276888959725
-1.21385506854329,0,-4.17248715727111
-1.17890736128806,0,-4.16352615214972
-1.15275848211033,0,-4.15733006610957
-1.13451013300081,0,-4.15517406489415
-1.12309549925296,0,-4.15814775056864
-1.11733538756859,0,-4.16715090664301
-1.11599690288398,0,-4.18290073466897
-1.11785467734499,0,-4.20594961510172
-1.1217544986311,0,-4.23671175620213
-1.12667884714232,0,-4.27549586935272
-1.13181337080485,0,-4.32253935630121
-1.13661253501273,0,-4.37803769966802
-1.14086124947272,0,-4.44216124371936
-1.14472686251313,0,-4.51505095301598
-1.14879254351488,0,-4.59678589247644
-1.15405959078755,0,-4.68731907117232
-1.16190465351884,0,-4.78638554827454
-1.17398119798592,0,-4.89339651012195
-1.19206501131765,0,-5.00734210563167
-1.21785981446198,0,-5.12672873930268
-1.25279443604894,0,-5.24956878120736
-1.29784776206591,0,-5.37342343224086
-1.3534262023854,0,-5.49548135262124
-1.41929528606771,0,-5.61264770941714
-1.49454505270932,0,-5.72162591398244
-1.57756028079869,0,-5.81899375092441
-1.66597582410149,0,-5.90129806371777
-1.75662224304496,0,-5.96520927707886
-1.84550267574318,0,-6.00778060879476
-1.92787915286937,0,-6.02683425112386
-1.99856171571997,0,-6.02143338855952
-2.05244679956285,0,-5.99230149883997
-2.08522259835224,0,-5.94198186626446
-2.09401514645935,0,-5.87458811180295
-2.07772810761701,0,-5.7951916998803
-2.03698292949657,0,-5.70907687116296
-1.97376390596826,0,-5.62111215801408
-1.89095713372072,0,-5.53536164758225
-1.79192868780461,0,-5.45492426332424
-1.6802017150835,0,-5.38192775427381
-1.55923153844687,0,-5.31760655438217
-1.43225488933663,0,-5.26241929032863
-1.30218984755968,0,-5.2161859317619
-1.17157147970066,0,-5.17823804384317
-1.04251539412278,0,-5.14757947132672
-0.916703911920917,0,-5.12305303051535
-0.795387515860319,0,-5.10350512269374
-0.679390403197412,0,-5.08793676050039
-0.569107117864905,0,-5.07562673735654
-0.464480429419118,0,-5.06621033811819
-0.364959619473592,0,-5.05969589327352
-0.269450982576911,0,-5.05640413021198
-0.176284282928375,0,-5.05682438681392
-0.0832253388650317,0,-5.06139754156376
0.0124373469375707,0,-5.07025438104174
0.113715400075254,0,-5.08295414219972
0.223654900366848,0,-5.09827569014015
0.345006342134441,0,-5.11410996968164
0.47987461320548,0,-5.12748625863197
0.629405329298873,0,-5.13473859311035
0.793561676051472,0,-5.13178865531921
0.971028090125897,0,-5.11449675297312
1.159249001209,0,-5.07902206803036
1.35458298762011,0,-5.02214032148749
1.55253522839298,0,-4.94148684400202
1.74802846709636,0,-4.83571621815777
1.935682152436,0,-4.70458707760844
2.11008402622935,0,-4.54898769483024
2.26605094967985,0,-4.3709151668158
2.39888128624479,0,-4.17341231073889
2.50459804019014,0,-3.96045733647955
2.58017201051605,0,-3.73679745423904
2.6237026784532,0,-3.50772248911577
2.63452866012828,0,-3.27878800661267
2.61324508478046,0,-3.05551391266843
2.56162218676785,0,-2.843095363843
2.48244073570087,0,-2.64616165521272
2.37927583291481,0,-2.46860583083832
2.25626486037128,0,-2.31348969854536
2.11788863187551,0,-2.18301372788808
1.96878252509534,0,-2.07853353689667
1.81358244528512,0,-2.00060427402865
1.65680228719376,0,-1.94903838561143
1.50273574684349,0,-1.92296792844463
1.35537489738955,0,-1.9209076678204
1.21833947734181,0,-1.9408188010076
1.09481318612533,0,-1.98017516269681
0.987485696549366,0,-2.03603445590986
0.89850116785963,0,-2.10511674643718
0.829415571281332,0,-2.18389146761249
0.781166017783581,0,-2.26867276509786
0.754055450218469,0,-2.35572140498008
0.747755514402693,0,-2.44134991418623
0.76132919957966,0,-2.52202638108633
0.79327307102429,0,-2.5944716917913
0.841576864721496,0,-2.65574517329061
0.903796288825843,0,-2.70331483375227
0.977133641318709,0,-2.73511060711264
1.0585209228463,0,-2.7495618325317
1.14470190061954,0,-2.74562274326123
1.2323128208268,0,-2.72279072733078
1.31796492629308,0,-2.6811204585464
1.39833358235657,0,-2.6212327296901
1.47025696620855,0,-2.54431178958447
1.53084208637053,0,-2.4520821761448
1.5775697861751,0,-2.34675762884232
1.60838660812082,0,-2.23096032352178
1.6217718646131,0,-2.10761574970745
1.61677250772562,0,-1.97983396875284
1.59300434464312,0,-1.8507900402373
1.55062362666675,0,-1.72361515764692
1.49027672438234,0,-1.60130665186147
1.41303714557529,0,-1.48666086225015
1.320338860374,0,-1.38222898139486
1.21391334636368,0,-1.29029293521906
1.09573554238987,0,-1.2128563582483
0.967981460618763,0,-1.15164469538528
0.832997825553747,0,-1.10810821594749
0.693281887860992,0,-1.08342207397556
0.55146749637348,0,-1.078478402498
0.410311607849402,0,-1.0938668568078
0.272673832566187,0,-1.12984223589694
0.141480821896122,0,-1.18628104545381
0.0196681235895616,0,-1.26263309533105
-0.0899044855370572,0,-1.357878769144
-0.184561794763812,0,-1.47050585108592
-0.261935303791587,0,-1.59851950183476
-0.320080481332861,0,-1.73949349306089
-0.357568295472087,0,-1.89066077578791
-0.373534894348884,0,-2.04903046621969
-0.367684166126619,0,-2.21151130892489
-0.340250257979844,0,-2.37502174533973
-0.291935855174958,0,-2.53657321880552
-0.223844565259823,0,-2.69332273963302
-0.137422894268051,0,-2.84259922685391
-0.0344215848372368,0,-2.98191369804237
0.0831201750156427,0,-3.1089658987728
0.212869884939158,0,-3.22166030370283
0.352183626608422,0,-3.31814329398066
0.498087262837149,0,-3.39687067420491
0.647274524824548,0,-3.45670967702386
0.796143344370575,0,-3.49707104504322
0.940891558834196,0,-3.5180543366077
1.07768522941368,0,-3.52057539290221
1.20289501064966,0,-3.50643465699539
1.31337097440024,0,-3.47828681731843
1.40670359437144,0,-3.43949148941419
1.48141119145608,0,-3.39385786521171
1.5370094955845,0,-3.34532976313022
1.57395190533508,0,-3.29767505875543
1.59346409122974,0,-3.25423755499195
1.59731881861399,0,-3.21778571046806
1.58760077988712,0,-3.19046445844381
1.56650123921404,0,-3.17383478324823
1.5361668824844,0,-3.16897495350664
1.49861328415977,0,-3.17661549216566
1.45570384277285,0,-3.19728271281771
1.40918952711809,0,-3.23142890289609
1.36080094277325,0,-3.27952861616065
1.31237894570873,0,-3.3421199407456
1.26602070264388,0,-3.41976958415641
1.22420462325531,0,-3.5129463683873
1.18984493449317,0,-3.62180534198093
1.16622592073785,0,-3.74591604749172
1.15678946279734,0,-3.88400413465253
1.16479901999132,0,-4.03379340694422
1.19295834384285,0,-4.19201382837821
1.24308914552601,0,-4.35458116516963
1.31594711941742,0,-4.51688768928001
1.41119392707285,0,-4.67411050187285
1.52748225637471,0,-4.82145937775472
1.66258240031779,0,-4.95433196675279
1.81348605244907,0,-5.06839188432705
1.97645201546939,0,-5.15961713462979
2.14699481062988,0,-5.22438026109369
2.31985503944296,0,-5.25962052249916
2.48902824088433,0,-5.2631485624865
2.64795593432553,0,-5.23407247749499
2.78996657552615,0,-5.17324440213619
2.90895767850135,0,-5.08353406817454
3.00015112595954,0,-4.96973089152986
3.06064949000302,0,-4.83802478625391
3.08959443024853,0,-4.69523564152932
3.08793655375029,0,-4.54806728825275
3.05799064794814,0,-4.40258210237681
3.00296755959068,0,-4.26393506021913
2.92659356378675,0,-4.13629972658973
2.83284204711402,0,-4.02289489593821
2.72575417552792,0,-3.92604425331213
2.60931212823129,0,-3.84723478854725
2.48733416778794,0,-3.78716526920995
2.36337295506461,0,-3.74579063263634
2.24061084309819,0,-3.72237365926806
2.12175567863871,0,-3.71555456832067
2.00894683688724,0,-3.72344492356501
1.90368375092022,0,-3.74374683211546
1.80678872395093,0,-3.77389354465975
1.71841312263368,0,-3.81120382700593
1.63809145021589,0,-3.85303964197344
1.56484119223347,0,-3.8969546096581
1.49729825680841,0,-3.94082010760249
1.43387049211678,0,-3.98291797403038
1.37288845958081,0,-4.02199404811348
1.3127355118645,0,-4.05727387643947
1.25194723124057,0,-4.08844816339616
1.18927963356628,0,-4.11563859564073
1.12375227093652,0,-4.13935382041955
1.05467465794782,0,-4.16044159582293
0.981662958255893,0,-4.18003832918249
0.904650488696296,0,-4.19951329968809
0.823892140251253,0,-4.22040328795298
0.739960457139539,0,-4.2443347303788
0.653730409373989,0,-4.2729343092736
0.566350844490871,0,-4.30773334874863
0.479202661295853,0,-4.35007436951306
0.393845936805868,0,-4.40102830486395
0.311959590871153,0,-4.46132840162824
0.235277274302168,0,-4.53132322330681
0.165522362814938,0,-4.61094814833868
0.104344027296401,0,-4.69971320408822
0.0532559673053669,0,-4.79670477303279
0.0135795605098249,0,-4.90059878621624
-0.0136067005451456,0,-5.00968274600487
-0.0275103330237154,0,-5.12188324473417
-0.0276613836450631,0,-5.23479526618776
-0.0139461212290208,0,-5.345710564848
0.0133554824318584,0,-5.45164580118395
0.0535207515571939,0,-5.54937735302818
0.105318634844253,0,-5.63549844671887
0.166930638023016,0,-5.70652350912534
0.235877387600251,0,-5.75906948951895
0.30899102403187,0,-5.79013513306783
0.382490089733309,0,-5.79746602167803
0.452205162090165,0,-5.77993538947512
0.51395266524997,0,-5.7378162434688
0.563974994915074,0,-5.67282164772233
0.599312977096833,0,-5.58787451124499
0.618001901341949,0,-5.4866878016304
0.619068397250491,0,-5.37330235104221
0.602384532877972,0,-5.251706293881
0.568462239292939,0,-5.12558886496381
0.518253147326006,0,-4.99821951031382
0.45298686843005,0,-4.87241487542954
0.374055552881459,0,-4.75055416342694
0.28293900354982,0,-4.63461266812421
0.181159363658272,0,-4.52619424605218
0.0702531436719567,0,-4.42655279142676
-0.0482512776074733,0,-4.33660057116184
-0.172860855370976,0,-4.25690831187833
-0.302156168211832,0,-4.18770782479091
-0.434840896341741,0,-4.12891082475303
-0.569795154469303,0,-4.08015525757662
-0.706119798623611,0,-4.04088254780457
-0.843158135297597,0,-4.01043848349157
-0.980486252003079,0,-3.98818163588597
-1.11787117576086,0,-3.97357987025281
-1.25520377638301,0,-3.96627810521176
-1.39241837367587,0,-3.96612691750892
-1.52941286595709,0,-3.97316936733742
-1.66598233253711,0,-3.98759113447717
-1.80177572814014,0,-4.00964607668779
-1.93627944327951,0,-4.03957444072104
-2.06882393897976,0,-4.07753186058064
-2.19860293059495,0,-4.12354205588023
-2.32469208247635,0,-4.17747580582353
-2.4460574809537,0,-4.2390478746605
-2.5615513884118,0,-4.30781737239991
-2.66989995717396,0,-4.38317769154352
-2.76969177515469,0,-4.46432768880102
-2.85937721964546,0,-4.55022254395923
-2.93728846011529,0,-4.63950846716368
-3.00169035190917,0,-4.73045037258889
-3.05087354446917,0,-4.82086764472558
-3.08330061706347,0,-4.90810181309926
-3.09780909150837,0,-4.98905021064598
-3.09385582230396,0,-5.06030467687087
-3.07175432055311,0,-5.11842059630056
-3.03282352677355,0,-5.16029693973854
-2.97936433463573,0,-5.18358198806565
-2.91443369757608,0,-5.18697588338905
-2.84147505652345,0,-5.17032798300562
-2.76392446578083,0,-5.13451746703266
-2.68490067630748,0,-5.08119326996372
-2.60702586345436,0,-5.01247753711851
-2.53236426978579,0,-4.9307088113356
-2.46243837777566,0,-4.83825588407438
-2.3982826419836,0,-4.73740011071069
-2.34050735109503,0,-4.63026950080388
-2.28935823567163,0,-4.51880612050472
-2.24476667395312,0,-4.40475204823884
-2.20639072982168,0,-4.28964387744214
-2.1736500787172,0,-4.17480976863751
-2.14575935490703,0,-4.06136599893435
-2.12176525652831,0,-3.95021213087806
-2.10059287387865,0,-3.84202574112043
-2.08110554855079,0,-3.73725933602383
-2.06217931081181,0,-3.63614341550782
-2.04278747735716,0,-3.53869993772904
-2.02208489634482,0,-3.44476897318906
-1.99947770239651,0,-3.35404818286689
-1.97466596145277,0,-3.26614115871764
-1.94765309430466,0,-3.18060838614262
-1.91872425599321,0,-3.09701460484518
-1.88840207229904,0,-3.01496822913006
-1.85739042420206,0,-2.93415099259082
-1.82651587823756,0,-2.85433804031607
-1.79667353838021,0,-2.77540989758541
-1.76878098543202,0,-2.69735818824085
-1.74374137167314,0,-2.62028690753581
-1.722414955414,0,-2.54441069542934
-1.70559741957309,0,-2.4700510781942
-1.6940030875996,0,-2.39763118683748
-1.68825140094652,0,-2.32766912016268
-1.68885550127682,0,-2.26076994289256
-1.69621225580417,0,-2.19761628125094
-1.71059344491659,0,-2.13895754571562
-1.73213805121551,0,-2.08559790695349
-1.76084566487992,0,-2.03838322105342
-1.79657100168786,0,-1.99818711209791
-1.83901947496744,0,-1.96589636615632
-1.88774372117645,0,-1.94239568201283
-1.94214098597711,0,-1.92855168270548
-2.0014513535934,0,-1.92519594560728
-2.06475695409504,0,-1.93310668607529
-2.13098250791462,0,-1.95298865970905
-2.19889785164458,0,-1.98545086088137
-2.26712340964832,0,-2.0309817214563
-2.3341398917304,0,-2.08992178371637
-2.39830374577314,0,-2.16243425842712
-2.45786998889446,0,-2.24847448541275
-2.51102387522102,0,-2.34776005331317
-2.55592232884106,0,-2.45974411021932
-2.59074511663502,0,-2.58359503854691
-2.61375439777526,0,-2.71818595002507
-2.62335975585698,0,-2.86209715554305
-2.61818444310221,0,-3.01363375604459
-2.59712777063048,0,-3.17085886855333
-2.55941871042914,0,-3.33164108679474
-2.50465691438274,0,-3.49371310821606
-2.43283921607664,0,-3.65473756588529
-2.34437166648882,0,-3.81237627801047
-2.24006857616607,0,-3.96436027822288
-2.12114037552879,0,-4.10855965066761
-1.98917120172231,0,-4.24305367802028
-1.84608523046587,0,-4.36620241527113
-1.69409852111622,0,-4.47671999460737
-1.53565143912431,0,-4.57374753797747
-1.37331661312227,0,-4.65691977503882
-1.20967982160171,0,-4.72641523736119
-1.04719660868583,0,-4.78297678573015
-0.888035179109019,0,-4.82788914397327
-0.733924249218498,0,-4.86290458005062
-0.586030038073239,0,-4.89011700621638
-0.444886572313542,0,-4.9117966019638
-0.31039663934104,0,-4.93020788762695
-0.181908266968143,0,-4.94743998059189
-0.0583569336801456,0,-4.96527606320774
0.0615490192483781,0,-4.98512005690002
0.179129748070174,0,-5.00798484949838
0.295552511124233,0,-5.03453234027262
0.411691701562912,0,-5.06514525953699
0.528043277389067,0,-5.10000702904137
0.64469369619483,0,-5.13916922274407
0.761332810237993,0,-5.18259414098001
0.877294660724897,0,-5.23016881214183
0.991610423711395,0,-5.28169316819103
1.10306234973735,0,-5.33684806001987
1.21023385317709,0,-5.39514904134594
1.31155684675404,0,-5.45589118727849
1.40536200043383,0,-5.51809020657651
1.48994068516288,0,-5.58042681616206
1.56362881557138,0,-5.64120532717021
1.62492166245136,0,-5.69834345207243
1.67262271200835,0,-5.7494165880848
1.70601610293034,0,-5.79178125194805
1.72503119978844,0,-5.82279082641332
1.73034759843125,0,-5.84008620165142
1.72338664209677,0,-5.8419011304661
1.70616602328141,0,-5.82729338509969
1.68104853070689,0,-5.79622743830689
1.65045978470598,0,-5.74949207190582
1.61665274993624,0,-5.68849930052041
1.58156300401707,0,-5.61503983272019
1.54675723312984,0,-5.53105887396804
1.51345140100599,0,-5.43848601158958
1.48256804582342,0,-5.33912636107809
1.45480620468984,0,-5.23460549163133
1.43070451116152,0,-5.12635561233079
1.41068455769362,0,-5.01562985097744
1.39506779533803,0,-4.90353159529567
1.38406622031562,0,-4.79104601176912
1.37775477768778,0,-4.67906230286755
1.37603956074514,0,-4.56837953000228
1.3786373547321,0,-4.45969567013491
1.38507747958873,0,-4.35358639944037
1.39472830474772,0,-4.25048366131449
1.4068425880962,0,-4.15066299669687
1.4206114846347,0,-4.05424427315564
1.4352173874545,0,-3.96120560013055
1.44987899068842,0,-3.87140697114273
1.46388576411334,0,-3.78461909153324
1.47662184920728,0,-3.70055334068063
1.48758078852254,0,-3.61888996957522
1.49637278889807,0,-3.53930277935295
1.50272594542778,0,-3.4614793800361
1.50648248716306,0,-3.38513668712786
1.50759090518566,0,-3.31003168841498
1.50609483531051,0,-3.23596780851123
1.50211969636869,0,-3.16279745615136
1.49585819002837,0,-3.09042154222694
1.48755574498058,0,-3.01878686534133
1.47749680937612,0,-2.94788225106227
1.46599260296673,0,-2.87773420848604
1.4533706108037,0,-2.80840266847358
1.43996580568831,0,-2.73997713778603
1.42611337249081,0,-2.67257338211067
1.4121425898953,0,-2.60633056424535
1.39837149882338,0,-2.54140862366749
1.38510203632613,0,-2.47798559476368
1.37261542119515,0,-2.41625452609817
1.36116772490245,0,-2.35641968776457
1.35098572875578,0,-2.29869184623425
1.34226332976947,0,-2.24328255255242
1.33515888019094,0,-2.19039762641552
1.32979388974141,0,-2.1402303012184
1.32625344995635,0,-2.09295477110004
1.32458854066373,0,-2.04872107189124
1.32482007039572,0,-2.00765224745896
1.32694415079856,0,-1.96984454113852
1.33093780832079,0,-1.93537091231448
1.33676419293418,0,-1.90428759728743
1.34437640949045,0,-1.87664286276328
1.35371935848328,0,-1.85248670101823
1.36472934957758,0,-1.8318800935133
1.3773316330457,0,-1.81490263372387
1.3914362864939,0,-1.80165766940534
1.40693304912798,0,-1.79227457288539
1.42368571700725,0,-1.78690815665438
1.44152663881898,0,-1.78573554592508
1.46025173235211,0,-1.78895097781941
1.47961631948441,0,-1.79675903628826
1.49933197890389,0,-1.80936679057435
1.51906455201716,0,-1.82697522356217
1.5384334078785,0,-1.84977024807192
1.55701206971821,0,-1.8779135368501
1.57433031728272,0,-1.91153334853285
1.58987789253773,0,-1.95071552207901
1.60310993751334,0,-1.99549483472487
1.6134542687133,0,-2.04584696664996
1.62032053105992,0,-2.10168137732142
1.6231111688886,0,-2.16283545690031
1.62123400327526,0,-2.2290703502185
1.61411602686158,0,-2.30006883881102
1.60121784569026,0,-2.37543559080513
1.58204805022351,0,-2.454699942818
1.55617672686501,0,-2.53732117361195
1.52324736153318,0,-2.62269599741149
1.48298655177848,0,-2.71016779304569
1.4352112167125,0,-2.79903694617748
1.37983332653716,0,-2.88857165846751
1.31686249643572,0,-2.97801868799634
1.2464070301249,0,-3.06661371650404
1.16867409861823,0,-3.15359134842085
1.08396966998443,0,-3.2381950721174
0.992698568902683,0,-3.31968778662231
0.895364673050921,0,-3.39736365359291
0.792570802654763,0,-3.47056202414032
0.685017403164917,0,-3.5386839816724
0.573498744789766,0,-3.6012116286138
0.458895158407677,0,-3.65772965278868
0.34215988167244,0,-3.70794800554667
0.224299463457853,0,-3.75172382037908
0.106347380320477,0,-3.78908014693821
-0.0106685076973692,0,-3.82021883227102
-0.125762940011813,0,-3.84552508012888
-0.238031954681167,0,-3.86556191307799
-0.346689910653733,0,-3.8810538871929
-0.451101288254836,0,-3.89286077968578
-0.550804166972261,0,-3.90194331526014
-0.645523247408753,0,-3.90932403477654
-0.735171569803015,0,-3.9160469294461
-0.819841404811147,0,-3.92313938801207
-0.899785884401126,0,-3.93157940376869
-0.975393619184903,0,-3.94227004517564
-1.04715875558789,0,-3.95602213478508
-1.11564872242428,0,-3.97354510700364
-1.18147143983478,0,-3.99544525395952
-1.24524317745147,0,-4.02223006253488
-1.30755769767021,0,-4.05431706618571
-1.36895690531345,0,-4.09204551493618
-1.42990299920021,0,-4.13568913194029
-1.490752094326,0,-4.18546822047929
-1.55172943362305,0,-4.24155939036136
-1.61290659046924,0,-4.30410120358514
-1.67418141479222,0,-4.37319414084991
-1.73526182293961,0,-4.44889351851632
-1.79565479965491,0,-4.53119438057791
-1.85466211206177,0,-4.62000795400087
-1.91138421518081,0,-4.71512994165499
-1.9647337052629,0,-4.81620165645809
-2.01345956909425,0,-4.92266571163018
-2.05618354170322,0,-5.03371870000737
-2.09145024446221,0,-5.14826419454068
-2.11779340013371,0,-5.26487082088628
-2.1338209713324,0,-5.38174250722372
-2.13832172967785,0,-5.49671153851916
-2.13039317130028,0,-5.60726926393002
-2.10958422799375,0,-5.71065230146709
-2.0760351163154,0,-5.80399991588992
-2.03058317237994,0,-5.88458586458698
-1.97479489376276,0,-5.95010319890695
-1.9108911670035,0,-5.99895007644321
-1.84156020864961,0,-6.03044622081898
-1.76969158517658,0,-6.04492104409146
-1.69809256411776,0,-6.04365528755137
-1.62924800762917,0,-6.02870522634192
-1.56516068663145,0,-6.00266524667261
-1.50727898230239,0,-5.96842264081548
-1.45649928309382,0,-5.92893921410427
-1.41322421497772,0,-5.88707386707327
-1.37745949416093,0,-5.84544746538785
-1.34893498101916,0,-5.80634626697956
-1.32723621043941,0,-5.77165921497525
-1.31193175053297,0,-5.74284410734124
-1.30268148170801,0,-5.72091671566105
-1.2993132003747,0,-5.70645589532356
-1.3018600599302,0,-5.69961773875597
-1.31055784521926,0,-5.70015340224565
-1.32580691717047,0,-5.70742793933115
-1.34810740462802,0,-5.720440311788
-1.37797750297402,0,-5.73784687997486
-1.41586412902155,0,-5.7579917915284
-1.46205365281947,0,-5.77894796885542
-1.51658891028757,0,-5.79857219226748
-1.57919784479915,0,-5.81457728873131
-1.64923920714092,0,-5.82462352880388
-1.72567159932402,0,-5.82642952231062
-1.80705308719825,0,-5.81789956904383
-1.89157839388202,0,-5.7972592877338
-1.97715783917078,0,-5.76318513891282
-2.06153580185107,0,-5.71490835383763
-2.14243735122241,0,-5.65227297340239
-2.21772287995964,0,-5.57573364613655
-2.28552630395032,0,-5.48629101908004
-2.34435547149456,0,-5.38537676602925
-2.39314301681177,0,-5.27471072250294
-2.43124789368564,0,-5.15615542001341
-2.4584175428034,0,-5.03158877564353
-2.47472546618625,0,-4.90280713574082
-2.48049903838365,0,-4.77146213588203
-2.47624943810831,0,-4.63902832796925
-2.46261154615298,0,-4.50679486250642
-2.4402977755263,0,-4.37587322345658
-2.4100666080914,0,-4.24721331689565
-2.3727042159939,0,-4.12162147767078
-2.3290159245449,0,-3.99977577147071
-2.27982342022085,0,-3.88223605463128
-2.22596353563309,0,-3.7694483502357
-2.16828511617047,0,-3.66174491811106
-2.10764174023388,0,-3.55934265290617
-2.04487964787634,0,-3.46234293369771
-1.98082177229794,0,-3.37073572141482
-1.9162499184428,0,-3.28440969600142
-1.85188765813371,0,-3.20316884111353
-1.78838635476802,0,-3.12675449105628
-1.72631601957358,0,-3.05487078794286
-1.6661616918768,0,-2.98721096471341
-1.60832502104088,0,-2.9234819104863
-1.55312994689423,0,-2.86342497653045
-1.50083095631544,0,-2.8068317435393
-1.4516223429594,0,-2.75355428134792
-1.40564713112654,0,-2.70351012558899
-1.36300471791742,0,-2.65668268157514
-1.32375671792548,0,-2.61311802497951
-1.28793087171143,0,-2.57291913275557
-1.25552315475201,0,-2.53623850134317
-1.22649838611618,0,-2.50326995071556
-1.20078969985469,0,-2.47424022087752
-1.1782972337537,0,-2.44940077626828
-1.15888633900329,0,-2.42902006338804
-1.14238554595396,0,-2.41337632698391
-1.1285844543111,0,-2.40275098197644
-1.11723166272818,0,-2.39742245947211
-1.10803281882162,0,-2.39766039151491
-1.10064885789757,0,-2.40371996649562
-1.09469450613063,0,-2.41583627215103
-1.08973714886742,0,-2.43421844401161
-1.08529620339228,0,-2.45904345358869
-1.08084318330986,0,-2.49044940331638
-1.07580269317715,0,-2.52852824582127
-1.0695546405199,0,-2.57331791514267
-1.06143798989728,0,-2.62479394803829
-1.05075640083564,0,-2.68286078373552
-1.03678607781467,0,-2.74734305684212
-1.01878610555155,0,-2.81797733300758
-0.996011437745406,0,-2.89440486793208
-0.967728547465268,0,-2.97616608007737
-0.933233534798509,0,-3.0626974947516
-0.891872234318377,0,-3.153331919826
-0.843061594768199,0,-3.24730253228054
-0.786311349823587,0,-3.34375138012167
-0.721244801633599,0,-3.44174254025524
-0.647617436247162,0,-3.54027984124051
-0.565332109223077,0,-3.6383286981867
-0.474449688603478,0,-3.73484126292718
-0.375194305533202,0,-3.8287838131071
-0.267952703795272,0,-3.91916512421857
-0.153267550123301,0,-4.0050645039745
-0.0318249196460078,0,-4.08565821130041
0.0955635301741381,0,-4.16024310739335
0.227982954482105,0,-4.22825656047935
0.364441379857207,0,-4.28929181876307
0.503898410752965,0,-4.34310825860847
0.645295487695524,0,-4.38963610268576
0.787586539601896,0,-4.4289753932907
0.929767826049271,0,-4.46138921257308
1.07090574406527,0,-4.48729137491919
1.21016139718435,0,-4.50722907871509
1.34681081374793,0,-4.52186128319204
1.48025987287433,0,-4.53193384573901
1.61005325400755,0,-4.53825268156256
1.73587705708935,0,-4.54165635464421
1.85755511689795,0,-4.54298954687436
1.97503941722301,0,-4.54307876507189
2.08839535462372,0,-4.54271143534292
2.19778286849656,0,-4.54261922103044
2.30343461710115,0,-4.54346601882536
2.40563242776319,0,-4.54584067973426
2.50468319091418,0,-4.55025411020728
2.60089522399469,0,-4.5571400704106
2.69455593426153,0,-4.56685872761919
2.78591139437047,0,-4.5797018574062
2.87514824407501,0,-4.59589851711544
2.96237817158872,0,-4.61562003993046
3.04762512616706,0,-4.63898330315925
3.13081537708492,0,-4.66605139818819
3.21177056358876,0,-4.6968310592283
3.29020397083779,0,-4.73126648364431
3.36572041137671,0,-4.76922949430844
3.43782028227978,0,-4.81050635934554
3.50590859301768,0,-4.85478201463239
3.56930999408184,0,-4.90162296017517
3.62729102819727,0,-4.95046075896123
3.67909086924363,0,-5.00057887389391
3.72396153029241,0,-5.05110648712461
3.76121766253627,0,-5.10102377009438
3.79029437761981,0,-5.14918341138848
3.81080892004509,0,-5.19435243966902
3.82261884748797,0,-5.23527583019338
3.8258666766394,0,-5.27075879188448
3.82100032180398,0,-5.29975875219344
3.80876152072037,0,-5.32147294444939
3.79014087574708,0,-5.33540583380094
3.7663061445772,0,-5.34140403738269
3.73851669678721,0,-5.33965403781888
3.70803901090275,0,-5.33064668210876
3.67607543935833,0,-5.31511868882382
3.64371312242956,0,-5.29398339149626
3.61189444410849,0,-5.26826125453508
3.5814065224818,0,-5.23901713463396
3.55288535532811,0,-5.2073076050614
3.52682994919801,0,-5.17413892439318
3.50362232315358,0,-5.14043465225696
3.48355010202101,0,-5.10701128090647
3.46682916194662,0,-5.07456021884166
3.45362434947227,0,-5.04363473275922
3.44406668742172,0,-5.01464083026848
3.43826578898154,0,-4.98783144391231
3.43631651332445,0,-4.96330361372327
3.43829927371212,0,-4.94099864681255
3.44427387352888,0,-4.92070545136
3.45426727705134,0,-4.90206738827728
3.4682562679272,0,-4.88459304265542
3.48614644164045,0,-4.86767127876345
3.50774935452607,0,-4.8505908099818
3.53275986828994,0,-4.83256431025598
3.56073577613427,0,-4.81275685351152
3.59108170185988,0,-4.7903182326588
3.62303908278155,0,-4.76441850737598
3.6556838462622,0,-4.73428595672293
3.68793321425176,0,-4.6992464272359
3.71856291532141,0,-4.65876279602707
3.74623586700125,0,-4.61247283320819
3.76954294815014,0,-4.56022311465547
3.78705560092824,0,-4.50209587914829
3.79738852321165,0,-4.43842507998991
3.79926867065901,0,-4.36979774548512
3.79160455712633,0,-4.29703757300673
3.77354815106414,0,-4.22116968133444
3.74454137361735,0,-4.14336842169124
3.7043408619642,0,-4.06489333704213
3.65301809156751,0,-3.9870206942651
3.59093618493872,0,-3.91097863628464
3.51870843501986,0,-3.83789272490123
3.4371456885167,0,-3.76874603464573
3.34719995180919,0,-3.70435498212882
3.24991030166463,0,-3.6453596086323
3.14635516588215,0,-3.59222553384506
3.03761300142698,0,-3.54525427902162
2.92473178291543,0,-3.50459885713187
2.80870667013793,0,-3.47028211208688
2.69046469565027,0,-3.4422159849877
2.57085516009989,0,-3.4202205239246
2.45064449407382,0,-3.4040419608152
2.33051452227112,0,-3.39336954205073
2.21106327026023,0,-3.38785103874639
2.09280764163107,0,-3.38710700677722
1.97618744332323,0,-3.39074394458149
1.8615703428129,0,-3.39836652961583
1.74925740358658,0,-3.40958911671167
1.63948886925443,0,-3.42404666146222
1.53244985773871,0,-3.44140519253168
1.42827559251208,0,-3.46137189875942
1.3270557469891,0,-3.48370481884429
1.22883742259323,0,-3.50822202136899
1.13362623555591,0,-3.53481003919825
1.04138497020695,0,-3.56343117384654
0.952029288271592,0,-3.5941291127815
0.865420087420883,0,-3.62703210943702
0.781352301812798,0,-3.66235277149999
0.699540255322705,0,-3.70038330754963
0.619600132524125,0,-3.74148493089916
0.541030729244298,0,-3.78607006913631
0.463194365565032,0,-3.83457615817047
0.385300629917404,0,-3.88743020734437
0.306396353746345,0,-3.94500410081339
0.225365701759062,0,-4.007561801153
0.140944255330648,0,-4.07520119809364
0.0517502149452337,0,-4.1477951002009
-0.0436658033306758,0,-4.22493742667497
-0.146753386441741,0,-4.30590152048905
-0.25888130563709,0,-4.38961719194337
-0.381249527370741,0,-4.4746713662756
-0.514802629075757,0,-4.55933423001158
-0.660153084132161,0,-4.64160920253728
-0.817521217670819,0,-4.71930185616016
-0.986695681441014,0,-4.79010097381317
-1.167014961285,0,-4.85166476240057
-1.35736772979401,0,-4.90170672947963
-1.55620854573539,0,-4.93807825077305
-1.76158575834068,0,-4.95884749593973
-1.97118027128006,0,-4.96237623154563
-2.18235642383096,0,-4.94739637534722
-2.39222873094517,0,-4.91308664227145
-2.59774947764836,0,-4.85914623778723
-2.79582106285384,0,-4.78585797306839
-2.98343279813357,0,-4.69412885012648
-3.15781489014817,0,-4.58549422943762
-3.31659446689544,0,-4.46207421326435
-3.45793301184759,0,-4.32647850558561
-3.5806246157532,0,-4.18166687575493
-3.68414103561351,0,-4.030782421454
-3.7686204262454,0,-3.87697999929566
-3.83480745882731,0,-3.72327075955193
-3.88395953299026,0,-3.57239717823034
-3.91773553296681,0,-3.42674467922459
-3.93808116541958,0,-3.28828895416444
-3.94712057943849,0,-3.15857390449751
-3.94705968031577,0,-3.03871366221101
-3.94010336569242,0,-2.92941247701141
-3.92838703820774,0,-2.83099738282561
-3.9139218983105,0,-2.74345976836044
-3.89855326942993,0,-2.66650293668131
-3.88393119337626,0,-2.59959338285451
-3.8714925296137,0,-2.5420139256479
-3.86245369820101,0,-2.49291711655104
-3.85781300935806,0,-2.45137760945385
-3.8583612504831,0,-2.41644244849667
-3.86469888885834,0,-2.38717850992329
-3.87725792148371,0,-2.36271656960438
-3.8963260826723,0,-2.34229159786751
-3.92207083505865,0,-2.32527884721725
-3.95456037960612,0,-2.31122505938483
-3.9937789252641,0,-2.2998736839644
-4.03963379198833,0,-2.29118244928283
-4.09195270852549,0,-2.28533112251669
-4.15047095912594,0,-2.28271708568409
-4.21480972362355,0,-2.28393670363064
-4.2844487287304,0,-2.28975154098567
-4.35869770554534,0,-2.30104023474379
-4.43667164673148,0,-2.31873887318503
-4.51727422669089,0,-2.3437744560674
-4.59919215409366,0,-2.37699679911084
-4.68090124272004,0,-2.41911377771544
-4.76068337621296,0,-2.47063324201786
-4.83665293239411,0,-2.53181287846318
-4.9067918663294,0,-2.60261754916694
-4.96899430943623,0,-2.68268294688619
-5.02112359750754,0,-2.77128523517975
-5.06108613550037,0,-2.86731880538932
-5.08692621718144,0,-2.9692879820949
-5.09694254966908,0,-3.07532232383758
-5.08982004220697,0,-3.18322704262992
-5.06476037842474,0,-3.29057735347914
-5.02158578357128,0,-3.39485648931205
-4.96078819500454,0,-3.493623138158
-4.88350530754081,0,-3.58468105822923
-4.79142408478923,0,-3.66621927940927
-4.68663262673019,0,-3.73689930683712
-4.57145262956891,0,-3.79588220385505
-4.44828290195424,0,-3.84280466679784
-4.31947329190051,0,-3.87772229863922
-4.18723524580638,0,-3.90103891946458
-4.0535855377269,0,-3.91343593186631
-3.92031512470191,0,-3.91580941396351
-3.78897456885183,0,-3.90921732266026
-3.66086917995822,0,-3.89483585280315
-3.53705947040785,0,-3.8739224680725
-3.41836479870464,0,-3.84778288611643
-3.30536981270817,0,-3.81773986127976
-3.19843436303292,0,-3.78510257683406
-3.09770794303242,0,-3.75113654541155
-3.00314950187982,0,-3.71703488810136
-2.91455281824072,0,-3.68389252860785
-2.83157672776327,0,-3.65268507095912
-2.75377862080398,0,-3.62425389602395
-2.6806490020459,0,-3.59929839634108
-2.61164468318744,0,-3.57837544773404
-2.54621839346615,0,-3.56190540568329
-2.48384315191382,0,-3.5501832999961
-2.42403048786179,0,-3.54339358676603
-2.36634234846244,0,-3.54162680903349
-2.31039715936315,0,-3.54489674758
-2.25587093630535,0,-3.55315700441544
-2.2024945712725,0,-3.56631634894246
-2.15004846827145,0,-3.584252492969
-2.09835563066422,0,-3.60682420443192
-2.04727415425026,0,-3.63388181214835
-1.9966898984903,0,-3.66527620861009
-1.94650992033625,0,-3.70086644921305
-1.8966570779859,0,-3.7405260008181
-1.84706605434906,0,-3.78414763328977
-1.79768091578022,0,-3.83164689218995
-1.74845421130762,0,-3.88296405092077
-1.6993475298583,0,-3.93806442311718
-1.65033336513032,0,-3.9969369235344
-1.60139808588871,0,-4.05959079695423
-1.55254576877037,0,-4.12605048544993
-1.50380261617835,0,-4.19634866795116
-1.45522164949253,0,-4.27051757431589
-1.40688733597334,0,-4.34857874081639
-1.3589197782129,0,-4.43053142779543
-1.31147807310424,0,-4.5163399573083
-1.26476244014573,0,-4.6059202440355
-1.21901473189735,0,-4.69912578277902
-1.17451697198787,0,-4.79573331815493
-1.13158760806878,0,-4.89542835841672
-1.09057519794513,0,-4.99779061570455
-1.05184923920814,0,-5.1022793831087
-1.01578777938217,0,-5.20821883741165
-0.982761290579861,0,-5.31478335092968
-0.953112071987175,0,-5.42098319780044
-0.927128210786777,0,-5.52565166604908
-0.9050110101442,0,-5.62743567044494
-0.886835004310889,0,-5.72479361946724
-0.872500582109127,0,-5.81600652905626
-0.86168131503205,0,-5.8992108874721
-0.853771797403874,0,-5.97246359443062
-0.847847137456094,0,-6.03384845089999
-0.842650846592603,0,-6.08162731794161
-0.83663027029665,0,-6.1144250123337
-0.828032859270351,0,-6.13141715797278
-0.815059603566937,0,-6.13247369445161
-0.796048592780241,0,-6.11821131186363
-0.769645138007949,0,-6.08993285321774
-0.73491763922678,0,-6.04947044341111
-0.691399840863248,0,-5.99897916176747
-0.639066342176421,0,-5.94073367252228
-0.578264671034358,0,-5.87696426932382
-0.509629524556542,0,-5.80974589545898
-0.433997803701036,0,-5.74093625507634
-0.352333802085007,0,-5.67215105859624
-0.265666669820611,0,-5.60476362204608
-0.175038246529829,0,-5.53991875059098
-0.0814580252500354,0,-5.47855427056759
0.0141375991645524,0,-5.42142628734375
0.110923390467664,0,-5.369135787156
0.20822076115318,0,-5.32215468397349
0.305529561636047,0,-5.28084923648067
0.402554259453439,0,-5.24549842379184
0.499222360443397,0,-5.21630481296988
0.595693133983415,0,-5.19339593507427
0.692355190080195,0,-5.17681522739376
0.789812050169164,0,-5.1665030094547
0.888855457315415,0,-5.1622694439137
0.990426764778408,0,-5.16376269812983
1.09556734759046,0,-5.17043635451682
1.20535961596794,0,-5.18152041148159
1.3208608448489,0,-5.19599996764085
1.44303259321918,0,-5.21260497017514
1.57266886531909,0,-5.22981338053959
1.71032627391994,0,-5.24586896385606
1.85625927766051,0,-5.25881386386088
2.01036315432121,0,-5.26653539141263
2.17212692622914,0,-5.26682617223942
2.34059824755226,0,-5.25745697978013
2.51436259419215,0,-5.23626203997293
2.69154017195901,0,-5.20123691368061
2.86980571806103,0,-5.15064857037401
3.0464382616389,0,-5.08315515781058
3.2184086905904,0,-4.99792863870836
3.38251079801245,0,-4.89476713916301
3.53553463541091,0,-4.7741773811177
3.6744694406425,0,-4.63740462030893
3.79671037946397,0,-4.48639219216066
3.90023517062681,0,-4.32366652111779
3.98371936955173,0,-4.15216230794285
4.04657348587173,0,-3.97501821111283
4.08890510407184,0,-3.7953782327474
4.11142564756672,0,-3.61622690966359
4.11532840704514,0,-3.44027240047626
4.10216197856309,0,-3.26987774033482
4.073715441867,0,-3.1070315150794
4.03192300022713,0,-2.95334583612984
3.97878914341152,0,-2.81007023013139
3.91633144071896,0,-2.67811281100769
3.84653641495737,0,-2.55806332136958
3.77132384740726,0,-2.45021549284856
3.69251567797614,0,-2.35458837630738
3.61180696423392,0,-2.27094777275732
3.53073786838844,0,-2.19882966208928
3.45066712692114,0,-2.13756759717354
3.37274869191244,0,-2.08632545645889
3.29791398257683,0,-2.04413586530423
3.2268622750331,0,-2.00994325567336
3.16006114923413,0,-1.98264927162885
3.09775774730692,0,-1.96115737812018
3.04000017702512,0,-1.94441331535552
2.98666708071775,0,-1.93143849604061
2.93750248939921,0,-1.92135441349269
2.89215275159746,0,-1.9133973399764
2.85020254970532,0,-1.90692375463606
2.81120764332793,0,-1.90140783017068
2.77472280002186,0,-1.89643282462458
2.74032419398466,0,-1.89167837783952
2.70762623692425,0,-1.88690558299729
2.67629328853965,0,-1.88194140201396
2.64604697283333,0,-1.87666362142912
2.61666993448697,0,-1.87098717809261
2.58800685583087,0,-1.8648523653658
2.55996346798035,0,-1.85821517832919
2.53250416868329,0,-1.85103987046544
2.50564873148593,0,-1.84329366497359
2.47946847206299,0,-1.83494347876213
2.45408213556254,0,-1.82595446457886
2.42965168556551,0,-1.81629014746516
2.40637810957345,0,-1.80591391930955
2.38449730523811,0,-1.79479165544308
2.36427607293357,0,-1.78289522709493
2.34600821106186,0,-1.7702067009245
2.33001068836344,0,-1.75672303978638
2.31661985049438,0,-1.74246114535605
2.30618760446629,0,-1.72746311113982
2.29907751259461,0,-1.71180158153939
2.29566071587243,0,-1.69558513683156
2.2963115939261,0,-1.67896364293679
2.30140305409218,0,-1.66213351645257
2.31130132552895,0,-1.64534285739323
2.3263601164098,0,-1.62889639227051
2.34691397504335,0,-1.61316014668751
2.37327068239407,0,-1.59856572818615
2.40570249836583,0,-1.58561404631133
2.44443609287175,0,-1.57487822881932
2.48964102134004,0,-1.5670054137078
2.54141665910021,0,-1.56271701178192
2.59977759531968,0,-1.56280695199215
2.66463760794395,0,-1.56813735263809
2.73579249612853,0,-1.57963101860182
2.81290223103098,0,-1.59826016168098
2.89547308940796,0,-1.625030790266
2.98284064211928,0,-1.66096232486223
3.07415466288188,0,-1.70706217011473
3.16836718251576,0,-1.76429520729257
3.26422502507351,0,-1.83354845146784
3.36026821665485,0,-1.9155914279677
3.45483565701666,0,-2.01103314671215
3.54607939820982,0,-2.12027688209441
3.6319887950301,0,-2.24347430581303
3.71042568025861,0,-2.38048089354982
3.77917154822372,0,-2.53081496885523
3.83598743622579,0,-2.69362328969063
3.87868666021414,0,-2.86765672065272
3.90521964103816,0,-3.05126018857947
3.91376861634629,0,-3.24238160210394
3.90284803273722,0,-3.43860441873012
3.87140401408101,0,-3.63720768895602
3.81890394110098,0,-3.83525537945233
3.74540554291669,0,-4.02971351168422
3.65159475616006,0,-4.21758950522314
3.53878347822018,0,-4.39608388529116
3.40886221869074,0,-4.56274122911484
3.26420790379893,0,-4.71558575034349
3.10755268419571,0,-4.85322760737641
2.94182453991025,0,-4.97492863393145
2.76997413815635,0,-5.08062015021861
2.59480454126398,0,-5.17087026253645
2.41882087837264,0,-5.24680324532116
2.24411574609511,0,-5.30997894588057
2.072302518668,0,-5.36224514701236
1.90450277107583,0,-5.4055795340034
1.74138619072837,0,-5.44193917308691
1.58325315186151,0,-5.47313337340359
1.43014365604586,0,-5.50073057285817
1.28195349689569,0,-5.52600274471048
1.13854003638871,0,-5.54990382986087
0.999805054396549,0,-5.57307381156973
0.865748745702135,0,-5.59585826905542
0.73649490137755,0,-5.61833435876666
0.612291197680163,0,-5.6403371171066
0.493490035792371,0,-5.66148351414392
0.380515138880719,0,-5.68119489147218
0.273818111487177,0,-5.69872081387917
0.173828331135926,0,-5.71316876134528
0.0808994966078594,0,-5.72354432387948
-0.00474290171970015,0,-5.72880536727171
-0.0830473225366229,0,-5.72793074246043
-0.154167892928142,0,-5.71999962975725
-0.218475019605088,0,-5.70427252548869
-0.276540490667255,0,-5.68026115802094
-0.329097794445103,0,-5.64777445971501
-0.376984296967456,0,-5.60693208135103
-0.42107611151699,0,-5.55814446520204
-0.462227164556401,0,-5.5020660524555
-0.501221178439198,0,-5.43953279865873
-0.53874073404257,0,-5.37149569402665
-0.575353267319741,0,-5.29895938312205
-0.611511035965139,0,-5.22293114303427
-0.647560963041249,0,-5.14438201364203
-0.683760362029419,0,-5.0642195444474
-0.720295259357591,0,-4.98327047105283
-0.757298894067338,0,-4.90227133700166
-0.794868750932602,0,-4.82186524505287
-0.833081103822925,0,-4.7426032528313
-0.872002528753633,0,-4.66494923971034
-0.911698232355105,0,-4.58928728787012
-0.952237360403889,0,-4.51593073635038
-0.993695708080932,0,-4.44513211901378
-1.03615643625872,0,-4.37709323540025
-1.07970948941096,0,-4.31197466869961
-1.12445040294339,0,-4.2499041765617
-1.17047909009385,0,-4.1909835321848
-1.21789903650592,0,-4.13529356121672
-1.26681713810347,0,-4.08289727578713
-1.31734422720568,0,-4.03384112945289
