0.4,0.4,0.4,0.4,0.4,0.4,0.4
0.399886635664692,0.399867508809843,0.399869434337548,0.399895866235435,0.39995402901302,0.400063851395124,0.400311658523862
0.399660051802786,0.399602611117634,0.399608293657422,0.399687468181689,0.399861807470295,0.400191078404245,0.40093414698619
0.399320532110994,0.399205469690925,0.399216552946995,0.399374539861511,0.399722774028457,0.400380732130833,0.401865820965969
0.398868510408966,0.398676339144179,0.398694185544481,0.398956691242222,0.399536090587824,0.400631382968905,0.403104182284436
0.398304562378253,0.398015557232434,0.398041155214661,0.398433402245491,0.399300639614502,0.400941123337017,0.404645891203915
0.397629409513569,0.397223550750441,0.397257422864747,0.397804028584603,0.39901502673735,0.401307562980023,0.406486741550688
0.396843915010455,0.396300832306809,0.396342944480648,0.397067800706905,0.398677580278088,0.401727828137819,0.408621654489624
0.39594908574796,0.395248004561014,0.395297676688607,0.396223829006861,0.398286353658022,0.40219855678835,0.411044652015021
0.39494606895908,0.394065758537069,0.394121576693773,0.39527110467171,0.3978391258635,0.402715896209669,0.413748841585992
0.393836153399429,0.392754877541217,0.392814608044633,0.39420850541588,0.397333404257442,0.403275497607777,0.416726384833101
0.392620766074048,0.39131623615543,0.391376741765315,0.393034797659421,0.396766425832062,0.403872512574987,0.419968474904882
0.391301472952798,0.389750804247768,0.389807962774453,0.39174864323395,0.39613516075745,0.404501587049256,0.423465299361759
0.389879975440494,0.388059646260104,0.388108271871421,0.390348602712113,0.395436314476532,0.405156857001756,0.427206011077743
0.388358110825512,0.386243925514603,0.386277693065654,0.388833143407157,0.394666332318749,0.405831941851494,0.431178684721652
0.386737848274634,0.384304903510274,0.384316276179582,0.387200643775218,0.393821402582674,0.406519939731721,0.435370281711739
0.385021289162736,0.382243944677189,0.382224105300021,0.385449403023508,0.392897462601954,0.40721342061927,0.439766599794812
0.383210662373451,0.3800625153808,0.380001301741333,0.383577646507946,0.391890203006482,0.407904421621846,0.444352232518214
0.381308324689903,0.3777621893064,0.377648033867201,0.381583537326923,0.390795075734737,0.408584440221382,0.449110511332246
0.379316755123217,0.375344645779275,0.375164520054715,0.379465182562553,0.389607299673603,0.409244430166241,0.454023460180323
0.377238555632219,0.372811676059969,0.372551040238196,0.377220647357697,0.388321871266646,0.409874795398919,0.45907172935932
0.375076444080767,0.370165180415279,0.369807938316233,0.374847961681825,0.386933571685212,0.410465387317647,0.464234546153379
0.372833255726511,0.367407175808229,0.366935635981442,0.372345137607962,0.385436980916373,0.41100550017544,0.469489639361068
0.370511934175666,0.364539790834847,0.363934633643483,0.369710175947695,0.383826486452192,0.411483870684448,0.474813187549298
0.368115534411518,0.36156527569926,0.360805527538343,0.366941087864426,0.382096302129438,0.411888675955219,0.480179732580094
0.365647210671303,0.358485993531587,0.357549007549134,0.364035900061705,0.380240477912014,0.412207536619181,0.485562128287174
0.363110222413435,0.355304434334784,0.354165879447568,0.360992682696568,0.378252925457809,0.412427518775747,0.49093144029523
0.360507917179843,0.352023200044917,0.350657056664224,0.357809550497383,0.376127427637436,0.412535141902645,0.49625690017005
0.357843742142238,0.348645025746133,0.347023591289014,0.354484700659505,0.373857674209022,0.412516386929104,0.501505786816033
0.355121218262769,0.34517275349157,0.343266654140762,0.351016404563637,0.371437267626177,0.412356709924028,0.506643395330069
0.352343962612551,0.341609367454004,0.339387581942349,0.347403063063412,0.368859775241989,0.412041059704765,0.511632891222666
0.349515646452911,0.337957946562191,0.335387834294274,0.343643177641815,0.366118723199061,0.411553896902813,0.51643531105313
0.346640038999229,0.334221727602409,0.331269072843453,0.339735438929935,0.363207678594286,0.410879227591454,0.521009372407025
0.343720933900995,0.330404015680203,0.327033070895536,0.335678652899846,0.360120211994671,0.410000622747756,0.525311538419399
0.340762237466599,0.326508306067359,0.322681859885497,0.331471898402697,0.356850040086665,0.408901282649937,0.529295749159474
0.337767829194111,0.322538105691485,0.318217537015201,0.327114352340823,0.353390909526865,0.407564037865352,0.53291361131385
0.334741746650414,0.318497184723484,0.313642561695786,0.322605601462712,0.34973687443138,0.405971483089207,0.536113981078996
0.331687900024272,0.314389198902681,0.308959331231921,0.317945230639919,0.345881981795834,0.404105898846686,0.538843396522899
0.328610478386693,0.310218243160695,0.304170830878397,0.313133502901019,0.341820876332215,0.401949566097982,0.541045372017034
0.325513321683206,0.305988000653403,0.299279650351532,0.308170362604171,0.337547968679966,0.39948441796461,0.542661293319454
0.322400862950381,0.301703039621678,0.294289516544179,0.303057050484357,0.333058895110158,0.396692876302966,0.543629162207738
0.319276647982727,0.297366768166591,0.289202879212729,0.297793577339797,0.32834827300018,0.3935566253396,0.543885324432501
0.316145651879172,0.292984668488116,0.284024778579075,0.292382860040164,0.323413543325682,0.390059068861118,0.543362280526609
0.31301054954049,0.288559051567362,0.278756542696795,0.286823954425606,0.318248653906935,0.386181218277978,0.541991630416964
0.309877769568445,0.284097648719751,0.273406207194189,0.281123405283911,0.312854961592332,0.381909472815818,0.539700955068941
0.306747470721135,0.279599263668257,0.267970994539153,0.275276004000896,0.307222496997143,0.377221715319362,0.536416969166711
0.303630372885208,0.275078080664985,0.262467236720675,0.269298030768874,0.301363040564174,0.372113459580482,0.532065389225906
0.300519129198868,0.270521944405022,0.256878641884518,0.263169240908695,0.295251458411486,0.366549455064105,0.526563717393574
0.297437791593853,0.265965116410081,0.251247199562006,0.256935857819005,0.288931810717679,0.360555650697246,0.519850660865075
0.294357350132468,0.261362940479413,0.245515493519018,0.250530305365193,0.282328703401539,0.354049287286399,0.511810151382856
0.29133798972211,0.256804916219593,0.239796681819765,0.244082731933238,0.275578725904259,0.347149733628341,0.502452485393954
0.288330064525372,0.252214928116447,0.233993073010162,0.237478454741871,0.268555051452913,0.339722887198888,0.491620400300086
0.285385294699455,0.247671270290603,0.22820508022892,0.230835185406401,0.261385396725141,0.331889659163386,0.479356127393113
0.282455257836805,0.24309810090325,0.222334071416746,0.22403531086084,0.253936192864182,0.323500856541895,0.465461979038055
0.279600601893851,0.238589300521173,0.216502245704423,0.217224858342721,0.246371652141202,0.314726899809593,0.450062272946237
0.27678679777281,0.234090199381012,0.210638249100111,0.210318391316728,0.238593734273899,0.305455193318553,0.432996657995326
0.274016860780134,0.229604371433367,0.204746368930264,0.203320714049185,0.230606362517867,0.295682539864368,0.414213612769343
0.27129368759228,0.225135249314103,0.198830779349437,0.196236645485504,0.2224138231346,0.285407206747283,0.393670705650106
0.268619879875872,0.220685840453668,0.192895155865446,0.189070531696668,0.214020176079249,0.274628320897994,0.371335884948273
0.265998009124306,0.216259167168936,0.186943258425022,0.181826951044976,0.205430087211369,0.263346979414357,0.347191323898747
0.263429952492005,0.211857177732911,0.180977464044752,0.174508881381533,0.196646601745913,0.251563605846359,0.321232231355821
0.260918154133229,0.207482870198381,0.175001630868379,0.167121254093013,0.187675462709963,0.239283483761441,0.293477497735993
0.258462782935984,0.203135521911351,0.169014646327227,0.159662890456424,0.178515225683416,0.226504333192516,0.263954519817862
0.256067689176491,0.198820848022909,0.163024211140033,0.152143748493921,0.169178505804414,0.213243699714733,0.232741413336873
0.253727246608711,0.194528495034716,0.157016284541901,0.14454664803313,0.159644689540978,0.199478119861825,0.199883818440934
0.251455116233579,0.190281682454945,0.151022559431252,0.136911814677007,0.149964634058244,0.185278696169017,0.165581180265043
0.249223491248607,0.186032041147231,0.144977686549022,0.129158289557636,0.140039727078722,0.170526277390622,0.129825030113721
0.247077765298706,0.181858683517492,0.13898910127333,0.121420563864335,0.130037370835002,0.155443905341894,0.0930210859601849
0.245013569993448,0.17775604644766,0.133050523537478,0.113692435826733,0.119953510722908,0.140041138464062,0.0553605771909382
0.243025446098506,0.173716820627552,0.127153335672998,0.105964782707444,0.109780596364808,0.124324395947109,0.0170501897426424
0.24110256944245,0.169724530588465,0.121276726984399,0.0982136314187772,0.0994934699383094,0.108280790168681,-0.0216889509803916
0.239211687316066,0.165724182224379,0.115349120227294,0.0903541428897689,0.0889962131594196,0.0918216842777558,-0.0605743835826307
0.237377685404628,0.161760228309947,0.109429819498336,0.0824584180705341,0.0783761674063235,0.0750622530733773,-0.0993827946728119
0.235568675884443,0.157781742185895,0.103454263834018,0.0744525803535977,0.0675554014857267,0.0579508246644157,-0.137707407690147
0.233797827079234,0.153813245863462,0.0974551867694021,0.0663762838891238,0.0565827184406422,0.0405585900887604,-0.175352190680299
0.232025642554222,0.14979337933313,0.0913570822983601,0.0581470428872797,0.0453793144039539,0.0228612907026494,-0.211716760154798
0.230292291130504,0.145789438455046,0.0852448865342584,0.0498607217998964,0.0340477774934486,0.00495394329128227,-0.246960868352242
0.228590871230601,0.141793264419489,0.0791098237905009,0.0415095495224382,0.0225864332930752,-0.0131347574384198,-0.280837788617842
0.22691455314642,0.137796859982424,0.0729434376838064,0.0330864155010466,0.0109950917629849,-0.0313728004525368,-0.313115086040286
0.225256631777061,0.133792447887526,0.0667376663211326,0.0245849768697295,-0.000724801939278118,-0.0497248325942902,-0.343577443409344
0.223610515369176,0.12977243804571,0.0604848123755394,0.0159996591027494,-0.0125701094040946,-0.0681521516375096,-0.372027873332345
0.221969318290708,0.125728838858857,0.0541769094833308,0.00732513124890557,-0.0245361810601554,-0.0866119363930425,-0.398281022810633
0.220322793776732,0.121649014567158,0.04780125906871,-0.00144725963140926,-0.0366176382590453,-0.105049138155531,-0.42210407221283
0.218641525911945,0.117494459798023,0.0413189056268743,-0.0103451164179243,-0.0488073541615883,-0.123344358659334,-0.442899669510845
0.216912787803266,0.113250392425503,0.0347171438793304,-0.0193721528650396,-0.0610847813489843,-0.141406374419272,-0.46040334002235
0.215145761665687,0.108931052564017,0.0280124226327994,-0.0285112661866263,-0.0734318250786762,-0.159219647331813,-0.474820005415923
0.213305454322812,0.10449371752731,0.0211668303795528,-0.0377779857075705,-0.0858081860589708,-0.176592466940081,-0.485476139873758
0.211437889315044,0.0999981098933035,0.0142377502830451,-0.0471356765253225,-0.0982278044364665,-0.193685968436229,-0.49338982272466
0.209536513743912,0.0954372003207671,0.00722016289091386,-0.0565826155332547,-0.110671914741923,-0.210441020731177,-0.498506378185248
0.207585449234232,0.0907931043160842,0.000100604336797916,-0.0661180312162862,-0.12310679812715,-0.22674697774739,-0.500595872812177
0.205542676609526,0.0860186058517956,-0.00715552402440685,-0.0757393354253778,-0.1354494579802,-0.242336038068192,-0.498927636045774
0.203452532534055,0.0811659333906952,-0.0145056377945829,-0.0854349343526085,-0.147755081174546,-0.25743774430424,-0.494522245201595
0.201297310401643,0.0762164596363789,-0.021961034095972,-0.095196887246103,-0.15997617304715,-0.271925782992481,-0.487162563363308
0.199036337195587,0.0711281143365078,-0.0295456900782991,-0.105004901618663,-0.172005713870286,-0.285518952869928,-0.476226512289023
0.19671641839267,0.0659518611642636,-0.0372249742559955,-0.114866320158605,-0.183935957006694,-0.298512712242942,-0.462754587101445
0.194320837703432,0.0606715637540602,-0.0450056634516655,-0.124766648825348,-0.195713331298605,-0.310788086971822,-0.44659223611284
0.191810637786407,0.055250470825305,-0.0529015737053783,-0.134670258617494,-0.207213946700619,-0.322065427968934,-0.427228823850701
0.189227008614909,0.0497300217877813,-0.0608907779291936,-0.144599614846406,-0.218545601884264,-0.332642041641352,-0.405545694829769
0.186542272949757,0.0440858223466972,-0.0689786801620448,-0.154521785756883,-0.229611188681505,-0.342319620531476,-0.38125621627187
0.183742205780914,0.0383073065914181,-0.0771628911785878,-0.16441080835089,-0.240349971576042,-0.350998259670893,-0.354324473163262
0.180843580013221,0.0324111057382703,-0.0854349628621212,-0.174277108674066,-0.250810724965409,-0.35881791922953,-0.325189632823514
0.177817215941797,0.0263752718149281,-0.0937912417792899,-0.184071033566348,-0.260874660100532,-0.365564689664289,-0.293619500793764
0.174698356257525,0.0202300176101532,-0.102226363454726,-0.193836629701016,-0.27067260912744,-0.371534490795123,-0.260278958809778
0.171456822604921,0.0139543005247639,-0.110732629286485,-0.203516724456694,-0.280075792115301,-0.376502839421132,-0.224954009534652
0.168101088083552,0.00755670716868424,-0.11930551307928,-0.213117605611872,-0.289114737100867,-0.380557534806553,-0.187931518947876
0.164614920418764,0.00102885432832794,-0.127933816356011,-0.222598098957439,-0.297710889170717,-0.383582703315924,-0.149212665750571
0.161016930606239,-0.00561478225394284,-0.136618702804497,-0.231989680399507,-0.305947742374095,-0.385753709477965,-0.109171603136715
0.157283334094214,-0.0123855839136488,-0.145341836436371,-0.241229040166058,-0.313704674912498,-0.38688504813204,-0.0677611446723064
0.153437675807446,-0.0192679261425534,-0.15411145488698,-0.250367012425425,-0.321099349959696,-0.387198084852367,-0.0253596133874946
0.149456185083954,-0.0262707967314309,-0.16290375098252,-0.259332169214796,-0.328001533956484,-0.386497870239312,0.0180392777093297
0.145356907576082,-0.033383171372996,-0.171727680081385,-0.268168586117636,-0.334508862655684,-0.384960078056526,0.0621439570792028
0.141121090546194,-0.0406089919962309,-0.180557310601575,-0.276809580864911,-0.340507207899788,-0.382422775643511,0.10688316434557
0.136765274192883,-0.0479395869043993,-0.189404576364915,-0.285301883155556,-0.346093593556725,-0.379049836725605,0.152016595473279
0.132273925593103,-0.0553751983421771,-0.198241197797812,-0.29358031555916,-0.351161741169628,-0.374696623271212,0.197420358605852
0.127660721938534,-0.0629096112202115,-0.207079678718306,-0.301688225614168,-0.355797679776791,-0.369501371699122,0.242905467722612
0.122914184507502,-0.0705396291559254,-0.215891615155987,-0.309566551487242,-0.359909947611091,-0.363345781175661,0.288305833422966
0.118045293144944,-0.0782608735052615,-0.224688882195947,-0.317253492042527,-0.363571690435188,-0.356342503361173,0.333473449508285
0.113046452268222,-0.0860675139957632,-0.233444507815422,-0.32469811556115,-0.366708135863927,-0.348400598631965,0.378217909374766
0.107926180185171,-0.0939562905841358,-0.24216845384903,-0.331931720708475,-0.369377901497196,-0.339607787267304,0.422420783053104
0.102680413051309,-0.10191968751195,-0.250836709747894,-0.338913221495301,-0.371524232555757,-0.329900812042688,0.465886125629903
0.097315614776299,-0.109954801210054,-0.259456272734776,-0.34566592147513,-0.373190765362571,-0.319344842101726,0.508513672178935
0.0918306654521863,-0.118053413075981,-0.268007237787621,-0.352159367552771,-0.37433864465518,-0.307902801139829,0.550118957784203
0.0862305295678084,-0.126212311039097,-0.276493103054643,-0.358408823655938,-0.374997674967648,-0.295621613113948,0.59061063203055
0.0805162749726868,-0.134423396300802,-0.28489850825692,-0.364393938915987,-0.375144940618715,-0.282486817197619,0.629827729629591
0.0746919767771493,-0.142682744823294,-0.293223637690444,-0.370123109841025,-0.374799186322776,-0.268532947290043,0.667682831191933
0.0687601167949409,-0.150982861484623,-0.301457284843223,-0.375584265716908,-0.373949889456334,-0.253763152026724,0.704043451772727
0.0627244067930936,-0.159319055251738,-0.309597158253819,-0.380781007164703,-0.372608476257556,-0.238205847156552,0.738825944592594
0.0565881185752369,-0.16768454493215,-0.317635225377644,-0.385707046020002,-0.370772707757364,-0.221876728650108,0.771924981308763
0.0503549360764303,-0.17607409416708,-0.325567836359278,-0.390363415050354,-0.368450278086033,-0.20480334551782,0.803263629557451
0.0440285279099935,-0.184481513036374,-0.333389048393982,-0.394747301572531,-0.365643761939546,-0.187010090376542,0.832759202970509
0.0376126883094615,-0.192901335639975,-0.341094810061344,-0.39885885803219,-0.362359658630087,-0.168526999529748,0.860344768792349
0.0311112846477938,-0.201327797337831,-0.348680454552914,-0.402697157857334,-0.358603117257685,-0.149384857559632,0.885955691476033
0.0245282349806224,-0.209755458726823,-0.356142106194165,-0.406262385377482,-0.354380756471283,-0.129617702579227,0.909536910070462
0.0178675173595447,-0.218178874562243,-0.363475910730229,-0.409554626505149,-0.349699140252278,-0.109261466610396,0.931038563185583
0.0111331418577455,-0.226592780123152,-0.370678407167821,-0.412574415926338,-0.344565463857904,-0.0883544445822003,0.950417793986458
0.00432915452569316,-0.234992008592351,-0.377746330432617,-0.415322427781699,-0.338987179598688,-0.0669368734180244,0.967637482735437
-0.00254037650154598,-0.243371535675899,-0.384676678989041,-0.417799562802038,-0.332972106394461,-0.0450508451285085,0.98266644357318
-0.00947136310412378,-0.251726464237494,-0.39146666493886,-0.420006866452435,-0.326528337066315,-0.0227400388670994,0.995479000092874
-0.0164597035044555,-0.260052032476983,-0.398113712247244,-0.421945518998388,-0.319664230984444,-4.94789317242631e-05,1.00605484097984
-0.0235012854975716,-0.268343611321449,-0.404615436567973,-0.423616801972164,-0.312388379572016,0.0229747533974003,1.01437878922892
-0.0305919900946432,-0.2765967046998,-0.410969632231267,-0.425022076940937,-0.304709585970317,0.0462858240874112,1.02044061921448
-0.0377276945152664,-0.284806948116629,-0.417174257745888,-0.426162764306065,-0.296636844582274,0.06983646984712,1.02423486952185
-0.0449042752205471,-0.29297010735994,-0.423227422899608,-0.427040326115494,-0.28817932460935,0.0935793327570116,1.02576066298536
-0.0521176110377215,-0.301082077042694,-0.429127376714328,-0.427656251613135,-0.279346355791907,0.117467300357937,1.02502152517941
-0.059363586602382,-0.309138879278196,-0.434872496566897,-0.428012045663072,-0.270147416104971,0.141453844323621,1.02202519904379
-0.0666380962538748,-0.317136662576722,-0.440461278430866,-0.428109219710005,-0.260592120652866,0.165493350840781,1.01678345248709
-0.0739370484983321,-0.325071701055245,-0.445892328218358,-0.427949284975268,-0.250690211074941,0.18954143583031,1.00931187718309
-0.0812563711107571,-0.332940394003681,-0.451164354142628,-0.427533747526251,-0.240451544759331,0.213555238449376,0.999629677808948
-0.0885920169079324,-0.340739265816616,-0.456276159991378,-0.426864104839747,-0.229886083212821,0.237493686855916,0.987759452162045
-0.0959399701845851,-0.348464966267034,-0.461226639176967,-0.425941843477555,-0.219003879018538,0.261317730982225,0.973726963739293
-0.103296253769363,-0.356114271072528,-0.46601476941759,-0.424768437510305,-0.207815060930117,0.284990538015663,0.95756090942195
-0.110656936626074,-0.363684082685107,-0.470639607901758,-0.423345347359161,-0.196329816792251,0.308477647374326,0.939292685816257
-0.118018141900418,-0.371171431223172,-0.475100286795923,-0.42167401877151,-0.184558374134385,0.331747083137886,0.918956158509778
-0.125376055294222,-0.378573475459289,-0.479396008971486,-0.419755881703589,-0.172510978448879,0.354769423089785,0.896587438992656
-0.132726933637571,-0.385887503778359,-0.483526043849342,-0.41759234894457,-0.160197869326382,0.37751782468872,0.872224674241975
-0.140067113524421,-0.393110935027558,-0.487489723286762,-0.415184814380689,-0.147629254772502,0.399968009363269,0.84590785398439
-0.147393019878136,-0.400241319190272,-0.491286437460013,-0.412534650860145,-0.13481528416289,0.422098207471242,0.817678640447093
-0.154701174318962,-0.407276337829683,-0.494915630724546,-0.409643207676853,-0.121766020402751,0.443889067054019,0.787580225002469
-0.161988203214582,-0.414213804262775,-0.498376797461946,-0.406511807742038,-0.108491411937932,0.465323530128607,0.755657215537292
-0.169250845306145,-0.421051663440465,-0.501669477946877,-0.403141744554803,-0.0950012653147024,0.486386680691054,0.721955557658029
-0.176485958814481,-0.427787991523738,-0.504793254287694,-0.399534279115774,-0.0813052190037437,0.507065568861132,0.686522492009034
-0.183690527943295,-0.434420995157715,-0.507747746509956,-0.395690636950623,-0.067412719190341,0.527349015695551,0.649406549049494
-0.190861668707589,-0.440949010455524,-0.510532608863061,-0.391612005423425,-0.0533329981893614,0.547227403158755,0.610657581628077
-0.197996634025279,-0.447370501710557,-0.51314752643556,-0.387299531522379,-0.0390750560717771,0.566692453592976,0.570326834618274
-0.20509281801808,-0.453684059859476,-0.515592212164902,-0.38275432029334,-0.0246476459927186,0.58573700280149,0.528467049742262
-0.212147759474061,-0.459888400719057,-0.517866404322159,-0.377977434079855,-0.0100592635926591,0.604354770578275,0.485132602520998
-0.219159144429056,-0.465982363017664,-0.51996986454165,-0.372969892702018,0.00468185929267182,0.622540132207774,0.440379667049705
-0.226124807827568,-0.471964906236712,-0.521902376448814,-0.367732674670434,0.0195677565273559,0.640287894139639,0.394266403021995
-0.233042734226933,-0.47783510826988,-0.523663744918055,-0.362266719487007,0.0345907252458728,0.657593076729951,0.346853158139154
-0.239911057511604,-0.483592162897711,-0.525253795964821,-0.356572931031216,0.0497433193286529,0.674450706639528,0.298202677778167
-0.24672805958834,-0.489235377063274,-0.526672377243447,-0.350652181970423,0.0650183391659424,0.690855621193193,0.248380312610607
-0.253492168038742,-0.494764167921435,-0.527919359085122,-0.344505319068065,0.0804088182341449,0.706802286727345,0.197454213842661
-0.260201952713512,-0.500178059620574,-0.528994635969761,-0.338133169197042,0.0959080071279634,0.72228463267735,0.145495504980114
-0.266856121263562,-0.505476679762018,-0.529898128283039,-0.331536545801467,0.11150935577974,0.73729590286911,0.0925784186232205
-0.273453513617246,-0.510659755470498,-0.530629784168571,-0.324716255493841,0.127206494644802,0.751828525167941,0.0387803868857967
-0.279993095430246,-0.515727108999225,-0.531189581247371,-0.31767310443216,0.142993215630192,0.765874000290446,-0.0158179252796377
-0.286473950555016,-0.520678652787547,-0.531577527946932,-0.310407904099599,0.158863453487127,0.779422810195293,-0.0711326531917547
-0.292895272599331,-0.525514383888426,-0.531793664163708,-0.302921476113834,0.174811268272166,0.792464346036205,-0.127076839216614
-0.299256355667293,-0.530234377688589,-0.531838060979752,-0.295214655729048,0.190830829309943,0.804986855195063,-0.183560617614075
-0.305556584399829,-0.534838780856764,-0.53171081916964,-0.287288293763676,0.206916400869086,0.816977406434394,-0.240491478407725
-0.311795423453408,-0.539327803475154,-0.531412066269454,-0.279143256790643,0.22306232950619,0.828421871746364,-0.297774607334088
-0.31797240657384,-0.543701710335948,-0.530941952035718,-0.270780425559992,0.239263032760066,0.839304923066911,-0.355313294836327
-0.32408712543461,-0.547960811416543,-0.530300642196244,-0.262200691778148,0.255512988613711,0.849610041708853,-0.413009403096536
-0.330139218415422,-0.552105451583063,-0.529488310483478,-0.253404953532594,0.271806724910175,0.859319538186286,-0.470763876585417
-0.336128359495121,-0.556135999608368,-0.528505129037016,-0.24439410981105,0.288138807735633,0.868414580083989,-0.528477278872186
-0.342054247424072,-0.560052836625618,-0.52735125735869,-0.235169054706108,0.304503827688576,0.87687522578832,-0.58605033674293
-0.347916595324885,-0.563856344168676,-0.52602683009299,-0.225730672006243,0.320896382951418,0.884680462241008,-0.64338447218812
-0.353715120847707,-0.567546891972898,-0.524531943979571,-0.216079830940829,0.337311058173968,0.891808245385946,-0.700382303583866
-0.359449536979871,-0.57112482572373,-0.522866644378788,-0.206217383865165,0.353742398361482,0.898235542619813,-0.756948099319987
-0.365119543580165,-0.574590454943367,-0.521030911800331,-0.196144166638589,0.370184877219265,0.903938377280456,-0.812988170022199
-0.370724819678593,-0.577944041199042,-0.519024648869438,-0.185861002369189,0.386632859719978,0.908891875960549,-0.868411189088409
-0.376265016554104,-0.581185786800147,-0.516847668145138,-0.17536870907894,0.403080559004421,0.913070320160254,-0.923128435180845
-0.381739751577809,-0.58431582412806,-0.514499681165055,-0.164668111694386,0.419521988076342,0.916447204441725,-0.977053954254838
-0.387148602788364,-0.587334205714165,-0.51198028903613,-0.153760058601662,0.435950907083705,0.91899530377658,-1.0301046423693
-0.392491104150232,-0.590240895150618,-0.509288974825938,-0.142645442831876,0.452360767273815,0.920686753152484,-1.08220025368666
-0.397766741434799,-0.593035758887585,-0.506425097941166,-0.131325227774285,0.468744652953781,0.921493142706701,-1.13326334058615
-0.402974948658543,-0.595718558942062,-0.503387890613323,-0.119800477157884,0.485095222972159,0.921385631672261,-1.18321913462105
-0.408115105011303,-0.598288946518622,-0.500176456551098,-0.108072388902803,0.501404653357756,0.920335084254792,-1.2319953781583
-0.413186532210406,-0.600746456522765,-0.496789771766935,-0.0961423323244861,0.517664582806463,0.918312230210616,-1.27952211701439
-0.418188492222395,-0.603090502933579,-0.493226687544143,-0.0840118880774336,0.533866062697502,0.915287852379493,-1.32573146434799
-0.423120185303028,-0.605320374995021,-0.489485935481573,-0.0716828901519356,0.549999513248999,0.911233002754747,-1.37055734561003
-0.427980748316395,-0.607435234182735,-0.485566134534004,-0.0591574691848567,0.566054687291523,0.906119247864072,-1.41393523360626
-0.432769253306439,-0.609434111907668,-0.481465799959254,-0.0464380963149373,0.582020642950391,0.89991894331382,-1.45580188181142
-0.437484706306891,-0.611315907926261,-0.477183354084602,-0.0335276268017225,0.597885726285884,0.89260553634009,-1.49609506307865
-0.442126046389316,-0.613079389440513,-0.472717138815375,-0.0204293426357339,0.613637564649405,0.884153894147816,-1.53475331988934
-0.446692144962748,-0.61472319088824,-0.468065429825313,-0.00714699339478214,0.629263071178633,0.874540654740181,-1.57171573133549
-0.451181805352112,-0.616245814443832,-0.463226452390121,0.00631516535264643,0.644748460484055,0.863744595888569,-1.60692170115519
-0.455593762695983,-0.617645631271962,-0.458198398850902,0.0199523367316446,0.660079275184245,0.851747016913607,-1.64031077036662
-0.459926684216796,-0.618920883599922,-0.4529794477208,0.033759150885806,0.675240422542548,0.83853212708619,-1.67182245737723
-0.464179169927818,-0.620069687697262,-0.447567784474043,0.0477296373985958,0.690216220061583,0.82408743375441,-1.70139612787969
-0.468349753851013,-0.621090037873869,-0.441961624080215,0.0618572021562745,0.704990448525772,0.808404122793499,-1.7289708963858
-0.4724369058272,-0.621979811626953,-0.43615923536442,0.0761346088779919,0.719546410668447,0.791477423677303,-1.75448556088657
-0.476439034004036,-0.622736776082637,-0.430158967283775,0.0905539654151969,0.733866993402525,0.773306951384598,-1.7778785718558
-0.480354488088849,-0.623358595888585,-0.423959277210978,0.1051067148006,0.747934731415026,0.753897017467856,-1.79908803663629
-0.484181563449128,-0.623842842715591,-0.417558761300516,0.119783630915631,0.761731869901845,0.733256902880511,-1.81805176013934
-0.48791850613558,-0.624187006520109,-0.410956186983314,0.134574818550343,0.77524042432471,0.711401085538812,-1.8347073227469
-0.491563518888452,-0.624388508701859,-0.40415052758603,0.14946971756036,0.788442235309703,0.68834941601757,-1.8489921962935
-0.495114768167242,-0.624444717259896,-0.39714099900026,0.164457110788477,0.801319017171387,0.664127235187867,-1.86084389898484
-0.498570392217266,-0.624352964006432,-0.389927098234318,0.179525135419058,0.813852399024386,0.638765427956681,-1.87020019002961
-0.501928510152145,-0.624110563837034,-0.382508643563429,0.194661297475969,0.826023958008195,0.612300407539506,-1.87699930454462
-0.505187231990235,-0.623714835979734,-0.374885815855687,0.209852489258841,0.837815244768194,0.584774024913161,-1.88118022886883
-0.508344669535454,-0.623163127053701,-0.367059200493007,0.225085009635084,0.849207801963857,0.556233398323045,-1.88268301570717
-0.51139894793888,-0.622452835660848,-0.359029829132353,0.240344587258617,0.860183177166031,0.52673065807024,-1.88144913744847
-0.514348217720367,-0.621581438116306,-0.350799220372468,0.255616406957835,0.87072293201297,0.49632260244281,-1.87742187453078
-0.517190666969553,-0.620546514798184,-0.342369418212593,0.270885139709252,0.880808649870318,0.465070261754783,-1.87054673385575
-0.51992453338883,-0.619345776473166,-0.33374302702835,0.286134976769072,0.890421944447664,0.433038369200857,-1.86077189006098
-0.522548115788673,-0.617977089837762,-0.324923241657657,0.301349668652598,0.899544471831246,0.400294739750486,-1.84804864007585
-0.52505978460673,-0.616438501419966,-0.315913871107077,0.316512569709697,0.908157948191875,0.366909561659926,-1.83233185906019
-0.527457990997502,-0.614728258918799,-0.306719354366793,0.331606689028963,0.916244175018806,0.33295460929842,-1.81358044383912
-0.529741274038061,-0.612844829034795,-0.297344766878014,0.346614748303696,0.923785073147188,0.298502390673572,-1.79175772868511
-0.531908265617695,-0.610786910867156,-0.287795816333363,0.361519247111047,0.930762726130145,0.263625247937687,-1.76683185812185
-0.533957692629221,-0.60855344402989,-0.278078826710832,0.376302535803185,0.937159432722834,0.228394433792346,-1.73877610269054
-0.535888376154636,-0.606143610766679,-0.268200709733996,0.390946895908997,0.942957767465807,0.192879190531747,-1.70756910657405
-0.537699227433819,-0.603556831515871,-0.258168923297373,0.40543462762785,0.948140647654046,0.157145860941511,-1.67319506072474
-0.539389240516002,-0.600792753581032,-0.247991416771044,0.41974814369892,0.95269140442596,0.121257060966749,-1.63564380161297
-0.540957481608719,-0.597851232779527,-0.237676563470883,0.433870068685477,0.956593855352161,0.0852709427298492,-1.59491084361112
-0.542403075251119,-0.594732308157013,-0.227233080923808,0.447783342551863,0.959832375784591,0.0492405731262365,-1.55099736190565
-0.543725187537032,-0.591436170049827,-0.216669939844723,0.461471327349621,0.962391966346796,0.0132134481168934,-1.50391015207055
-0.544923006694767,-0.58796312194172,-0.205996262961631,0.474917915872874,0.964258314298019,-0.0227688435231976,-1.45366160137597
-0.545995721393832,-0.584313536692223,-0.195221214975889,0.488107641282064,0.965417847057759,-0.0586708001984605,-1.40026971485678
-0.546942497198436,-0.58048780781786,-0.184353885038635,0.501025786907221,0.965857776893824,-0.0944630312794106,-1.34375824547595
-0.547762451633744,-0.576486296600618,-0.173403163187614,0.513658495694092,0.965566136608357,-0.130122130852681,-1.28415698177644
-0.548454628388043,-0.572309275904767,-0.162377612256988,0.525992879007539,0.964531806948881,-0.165630412522297,-1.22150224762222
-0.54901797125826,-0.567956871731027,-0.151285336887476,0.538017124708128,0.962744537357895,-0.200975519833103,-1.15583766630872
-0.549451298575246,-0.563429003756916,-0.140133851470636,0.549720604515005,0.960194962474291,-0.23614992894764,-1.08721523465736
-0.549753279032275,-0.558725326428698,-0.128929949200648,0.561093980599095,0.956874617404036,-0.271150361090717,-1.01569674064253
-0.54992241008845,-0.553845172594627,-0.117679574910322,0.572129311045221,0.952775955037344,-0.305977122407381,-0.941355539330423
-0.549957000423818,-0.548787502199818,-0.106387705053842,0.582820153209385,0.947892368435235,-0.340633388773584,-0.864278675061916
-0.549855158253036,-0.54355085915981,-0.0950582390505365,0.593161663009385,0.942218220325569,-0.37512445328494,-0.784569301693519
-0.549614787609512,-0.538133340123417,-0.0836939071693583,0.603150686783433,0.935748879849704,-0.409456955031979,-0.702349307012925
-0.549233594908194,-0.532532579304989,-0.0722962010989417,0.612785840545687,0.928480763754206,-0.443638109526584,-0.617761993563968
-0.548709108073077,-0.526745753747698,-0.0608653341304132,0.622067569369845,0.920411375257566,-0.477674963583031,-0.530974610253468
-0.548038710151362,-0.520769613078763,-0.0494002382271698,0.630998177491276,0.911539329137885,-0.511573699924306,-0.442180475208548
-0.547219688520582,-0.514600536847809,-0.0378986048685812,0.639581817951276,0.901864346849865,-0.545339018143354,-0.35160039233882
-0.546249299472461,-0.508234620777221,-0.0263569751422446,0.647824429779701,0.891387201744362,-0.578973617416393,-0.259483056704135
-0.545124846185078,-0.501667790722988,-0.014770881937244,0.655733611460675,0.880109593088431,-0.612477801044562,-0.166104181603076
-0.543843766073375,-0.494895940073563,-0.00313504328527169,0.663318422278003,0.868033929904893,-0.645849212534256,-0.0717641724151249
-0.542403721595383,-0.48791508316808,0.00855639875501144,0.670589108292673,0.85516301254656,-0.679082697699476,0.0232156833498848
-0.540802687233233,-0.480721514720041,0.0203096041149021,0.677556756812987,0.84149961127477,-0.71217026894003,0.118498360837231
-0.539039024989027,-0.473311963836771,0.0321307402234832,0.684232891304025,0.827045955539416,-0.745101129670116,0.213737245708407
-0.537111541578255,-0.465683731475952,0.0440256841662394,0.690629026281488,0.811803162597905,-0.777861702875537,0.308582806681944
-0.535019522519658,-0.457834802154331,0.0559997390420488,0.696756207272375,0.795770646491556,-0.810435601551192,0.402689239162962
-0.532762741146025,-0.449763924055158,0.0680573801541872,0.702624563204512,0.778945555583644,-0.842803482222462,0.49572054149571
-0.530341443616324,-0.441470655664741,0.0802020428843228,0.708242897186328,0.761322287540673,-0.874942735447731,0.587355586356212
-0.527756313684138,-0.432955380885028,0.0924359592638683,0.713618337033745,0.742892125212298,-0.90682698658884,0.677291910633856
-0.525008422803869,-0.424219297527248,0.104760045337598,0.718756060258382,0.723643027175098,-0.938425402571136,0.765248129802908
-0.522099171931786,-0.415264385810791,0.117173837227658,0.723659100998937,0.703559595291411,-0.96970182234366,0.850965049817
-0.519030231159587,-0.406093363929226,0.129675470847492,0.728328239834551,0.682623230835649,-1.00061374790376,0.934205674207894
-0.515803482350927,-0.396709637133779,0.142261698611694,0.732761972392338,0.660812482091698,-1.03111124809903,1.01475437466236
-0.512420968555478,-0.387117245488277,0.154927936073898,0.736956549430609,0.638103580308012,-1.06113583911824,1.09241551191388
-0.508884852453756,-0.377320813849329,0.167668331865706,0.740906079476366,0.614471157099948,-1.09061941429951,1.16701177130353
-0.505197384667251,-0.367325506031839,0.180475855226239,0.744602684677499,0.589889133834719,-1.1194833021661,1.23838242835512
-0.501360881593384,-0.357136983745334,0.193342396466546,0.748036700769223,0.564331771065332,-1.14763753545293,1.30638169811793
-0.497377711560848,-0.346761369850007,0.20625887665499,0.751196912481859,0.537774862666925,-1.1749804146515,1.37087725902845
-0.493250287564668,-0.336205214830685,0.219215363488786,0.754070816011247,0.510197054280343,-1.20139844611213,1.43174898546137
-0.488981064616831,-0.325475465117894,0.232201190678571,0.756644900190612,0.481581258733248,-1.22676672569355,1.48888787782219
-0.484572539805865,-0.314579431959668,0.245205078246086,0.758904937780033,0.451916132522187,-1.25094982336371,1.54219514752135
-0.480027253450722,-0.303524759897583,0.258215251015211,0.760836278005402,0.421197567882765,-1.27380320183301,1.59158139725456
-0.47534779019714,-0.29231939442954,0.271219552404938,0.762424131395646,0.389430145497207,-1.29517517410681,1.63696583405251
-0.470536779460677,-0.280971549034714,0.284205550569521,0.763653838365801,0.356628484781874,-1.31490937276688,1.67827546167172
-0.465596895175072,-0.2694896722627,0.297160634122518,0.764511114084347,0.322818423314821,-1.33284767066614,1.71544421703653
-0.460530855262327,-0.25788241592976,0.31007209522686,0.764982264029242,0.28803795555458,-1.34883346174479,1.74841203875902
-0.455341421516565,-0.246158605529262,0.322927198756613,0.765054367184897,0.252337864523397,-1.36271518477595,1.7771238800334
-0.450031400630816,-0.234327213711129,0.335713237471806,0.764715426790208,0.215781989105656,-1.37434995414196,1.80152869946574
-0.444603646883849,-0.222397337144455,0.348417574546282,0.763954491515062,0.178447084048061,-1.38360715125551,1.8215784786551
-0.439061066579243,-0.210378176338301,0.361027676139707,0.762761752450284,0.140422249053058,-1.39037182790674,1.8372273229387
-0.433406623777869,-0.198279017203109,0.373531137780267,0.761128622918966,0.101807926369207,-1.39454777783627,1.84843070163166
-0.427643346302153,-0.1861092124543,0.38591570891956,0.759047808541588,0.06271449128849,-1.39606014406572,1.8551448776425
-0.421774330541865,-0.173878160548588,0.39816931999907,0.756513374090156,0.0232604848237556,-1.39485744593981,1.85732656578473
-0.4158027433662,-0.161595279817726,0.410280115686728,0.753520811533767,-0.0164294398242988,-1.39091293075284,1.85493284695067
-0.409731819514299,-0.149269975871264,0.422236496664907,0.750067110587026,-0.0562267679527028,-1.38422517986571,1.84792135372899
-0.403564853212906,-0.136911601149897,0.434027170636375,0.746150829451957,-0.0960014715690889,-1.37481792811646,1.83625073344105
-0.397305183413273,-0.124529406619942,0.445641211288904,0.741772159794776,-0.135624353103651,-1.36273908766014,1.81988138741636
-0.390956172857737,-0.112132486848559,0.457068122079604,0.736932976820111,-0.174969288643686,-1.34805900227278,1.79877648031648
-0.384521182057873,-0.0997297209054119,0.468297900115616,0.731636863029992,-0.213915288391434,-1.33086799418471,1.77290320976461
-0.378003540060517,-0.0873297125237558,0.479321094321419,0.725889093192492,-0.252348311494485,-1.31127330065028,1.7422343238237
-0.371406514484768,-0.0749407335854301,0.490128851631706,0.719696568367609,-0.290162795041377,-1.28939552930084,1.70674987188252
-0.364733283656022,-0.0625706751888596,0.500712945189953,0.71306768856464,-0.327262880021857,-1.26536478727405,1.66643917376968
-0.357986913711239,-0.0502270102993833,0.511065779449635,0.706012156621569,-0.363563337833223,-1.23931665672885,1.62130299339029
-0.351170343315874,-0.0379167713059836,0.521180368591578,0.698540709980223,-0.398990217540461,-1.21138819669948,1.57135590777081
-0.344286378160412,-0.025646544795741,0.531050286668108,0.690664781877184,-0.433481245520773,-1.18171414715977,1.51662887015445
-0.337337696751917,-0.0134224846030942,0.540669590224074,0.682396098738608,-0.466986015173253,-1.15042349556172,1.45717197516358
-0.330326868238971,-0.00125034278803982,0.550032716686116,0.673746225921538,-0.499466005562646,-1.11763654004015,1.39305744137072
-0.323256382145443,0.0108644832793654,0.559134364423528,0.664726079092272,-0.530894465072531,-1.08346254905853,1.32438282606876
-0.316128688954991,0.0229168910474935,0.567969362939797,0.655345423239916,-0.561256190304753,-1.04799807736128,1.25127447124735
-0.308946249482382,0.0349020049152864,0.576532544011855,0.645612385402879,-0.590547222358546,-1.01132595580232,1.17389114131739
-0.3017115898889,0.0468151065403219,0.584818626554718,0.635533010428593,-0.618774472826137,-0.97351493079102,1.09242774669463
-0.294427358078805,0.0586515706638915,0.592822129248343,0.625110891167098,-0.645955280846486,-0.934619890041061,1.00711895291394
-0.287096376151304,0.0704068145308453,0.600537325073703,0.614346904866235,-0.67211689105605,-0.894682576816175,0.918242361148322
-0.279721682776122,0.0820762689597314,0.607958250304082,0.603239085385072,-0.6972958314807,-0.853732666700315,0.826120833172096
-0.27230655910683,0.0936553779474727,0.615078776625395,0.591782655209742,-0.721537162279733,-0.811789061422953,0.731123454455467
-0.264854532488287,0.105139631045045,0.621892748612333,0.579970231350042,-0.744893563382297,-0.768861246833577,0.633664623699125
-0.257369354024506,0.116524628551042,0.62839418004803,0.56779220490093,-0.767424234113814,-0.724950570820219,0.53420086314126
-0.249854949084046,0.127806174244608,0.634577492689492,0.555237276473465,-0.789193592544436,-0.680051325109695,0.433225178831441
-0.242315343680706,0.138980384891609,0.640437772072623,0.542293111419586,-0.810269785871155,-0.634151562698015,0.331259144036423
-0.234754573615715,0.150043801498098,0.645971009280928,0.528947063505436,-0.830723051947741,-0.587233645177413,0.2288432677234
-0.227176586303628,0.160993485629867,0.651174297331883,0.515186907221542,-0.850623999676613,-0.539274581024695,0.126526546535643
-0.219585146434516,0.17182708585726,0.656045956691116,0.501001519697034,-0.870041895074911,-0.490246273541166,0.024856284478773
-0.211983755637404,0.182542864308161,0.66058557530288,0.486381463199932,-0.889043044941795,-0.440115833716067,-0.0756307608739649
-0.204375593368267,0.193139680200593,0.664793961774716,0.47131943586343,-0.907689359751514,-0.388846122998386,-0.174415080147802
-0.19676348219138,0.203616934309077,0.668673022762051,0.455810577379583,-0.926037154846949,-0.336396675840567,-0.270998512346751
-0.189149876532151,0.213974483942786,0.672225584558572,0.439852633707387,-0.944136220574622,-0.282725119963407,-0.364905713914231
-0.18153687077283,0.22421254118219,0.675455183181277,0.423445997427172,-0.962029164717896,-0.227789173344085,-0.455683337767162
-0.173926220748605,0.234331567666737,0.678365847061902,0.406593647184024,-0.979751009822201,-0.171549258088937,-0.542897524832796
-0.166319372339686,0.244332177634226,0.680961893005573,0.389301011259153,-0.997329016298705,-0.113971734767926,-0.626130445139424
-0.158717491678701,0.254215057965246,0.683247750825894,0.371575778127442,-1.01478269931544,-0.0550327237017046,-0.704976648105035
-0.151121493089407,0.263980910443239,0.685227826246084,0.353427672486436,-1.03212401132461,0.00527756358878048,-0.779039922834583
-0.143532062824666,0.273630417858373,0.686906406017396,0.334868209942219,-1.04935766964675,0.0669501148718008,-0.847931259410582
-0.135949678623309,0.283164232291225,0.688287604048478,0.315910438134221,-1.06648161674356,0.129952232157856,-0.911268362796034
-0.128374626767699,0.292582981091762,0.689375342707372,0.296568667078174,-1.08348760687545,0.19422275694618,-0.968677012734524
-0.12080701944908,0.301887283867716,0.690173359385805,0.276858187319136,-1.10036191447017,0.259667778402826,-1.01979438916273
-0.113246815615292,0.311077772418916,0.690685225133772,0.256794971640148,-1.11708615512528,0.326157270374427,-1.06427429488012
-0.105693847910025,0.320155105287587,0.690914360198175,0.236395355256014,-1.13363819912543,0.393523139883561,-1.1017940119472
-0.0981478567469131,0.329119969749154,0.690864031371867,0.215675691337943,-1.14999314052474,0.461559145752865,-1.13206234097094
-0.0906085301207484,0.337973066832713,0.690537318893687,0.194651983731459,-1.16612426491333,0.53002304335842,-1.15482821838401
-0.08307554482633,0.346715079222543,0.689937046553441,0.173339506462429,-1.18200394048101,0.598641127208381,-1.1698892171023
-0.0755486019697416,0.355346627100895,0.689065677204943,0.151752428674418,-1.19760434554793,0.667115095169038,-1.17709923863579
-0.0680274477882398,0.363868222161515,0.687925185710296,0.12990347170872,-1.21289794659775,0.735130885884303,-1.1763748137638
-0.0605118705348873,0.372280233926512,0.686516930341816,0.107803629529778,-1.22785765700774,0.802368896267712,-1.16769963475359
-0.0530016659083609,0.380582884019606,0.684841549607469,0.0854619826101757,-1.24245663740257,0.868514819111688,-1.15112720906243
-0.0454965671293042,0.388776282541444,0.682898912647213,0.0628856280957986,-1.25666773923868,0.933270284779061,-1.12678179670636
-0.0379961407463588,0.396860516196889,0.680688147180125,0.0400797365936803,-1.27046263664827,0.996362551421136,-1.09485800880051
-0.030499654788763,0.404835791017544,0.67820776008693,0.0170477305155396,-1.28381073026375,1.05755264371996,-1.05561955068312
-0.0230059311253545,0.412702624461458,0.675455853583703,-0.00620843679433268,-1.29667793518108,1.11664155069666,-1.00939755966485
-0.0155131981459019,0.420462073465369,0.67243042637146,-0.0296879357074513,-1.30902548087912,1.17347431299844,-0.956588814099693
-0.00801896264149978,0.428115977625492,0.669129735759389,-0.0533906937165219,-1.32080885376229,1.22794202010449,-0.89765380650965
-0.000519920621112579,0.435667190880875,0.665552684902795,-0.0773170586604356,-1.33197700389395,1.2799818732368,-0.833114336291198
0.00698807465304575,0.443119771660191,0.661699190293413,-0.101467543481523,-1.34247191656795,1.3295755428878,-0.763549968858991
0.0145099733205069,0.450479101373919,0.65757048015009,-0.125842697831859,-1.35222861558582,1.37674606956931,-0.689592525791792
0.022051411329847,0.457751905422557,0.653169276446595,-0.150443136634624,-1.36117561767891,1.42155354373218,-0.611917809257107
0.0296185174067453,0.464946160228979,0.648499823844517,-0.175269731087961,-1.36923579883423,1.46408978238372,-0.531234081002971
0.0372176584102404,0.472070883808923,0.643567748185108,-0.200323935931771,-1.37632757164467,1.50447221867218,-0.448267390525441
0.0448551469091704,0.479135824034127,0.63837975308379,-0.225608194371861,-1.38236622246033,1.54283724656522,-0.363744554806059
0.05253694113212,0.486151074420346,0.632943190129221,-0.251126337944271,-1.38726523405095,1.57933330744746,-0.278375226793551
0.0602683680899504,0.493126657884773,0.627265559119164,-0.276883891185734,-1.39093743409754,1.61411404558397,-0.192834836131205
0.0680538953118007,0.500072121524562,0.621354003737755,-0.302888203778593,-1.39329586065985,1.64733186798619,-0.107750115968329
0.075896966885404,0.506996179648055,0.615214863031917,-0.329148362358088,-1.3942543087808,1.67913220514985,-0.0236884672446336
0.0837999082243247,0.513906430297761,0.608853322630385,-0.355674871338534,-1.39372759680075,1.70964868560997,0.0588482827099282
0.0917638941095169,0.52080915616441,0.602273187750319,-0.382479126506361,-1.39163164809792,1.73899932956547,0.139425879173846
0.0997889679634894,0.527709207840297,0.595476778999003,-0.409572729242137,-1.38788351388524,1.76728376179543,0.217676091321159
0.107874097503873,0.534609958192139,0.588464936259084,-0.436966700540393,-1.38240146540656,1.7945813634954,0.293292601439742
0.116017252261369,0.541513311941315,0.581237107210948,-0.464670654304138,-1.37510526622134,1.82095023671043,0.366025366308041
0.124215490780778,0.548419753702653,0.573791494635948,-0.492691982712328,-1.36591670619745,1.8464268423911,0.435674359549214
0.132465048510313,0.555328419511264,0.566125238686884,-0.521035096874576,-1.3547604458813,1.87102618504884,0.502083388322286
0.140761420589952,0.562237179992652,0.558234614756026,-0.549700756386294,-1.34156518776212,1.89474244243111,0.565134441902021
0.149099436510277,0.569142726828541,0.550115232785497,-0.578685513163217,-1.32626516164324,1.91754996762096,0.624742817531363
0.157473325763306,0.576040657442731,0.541762228832972,-0.607981288242719,-1.30880188534183,1.93940461636403,0.680853100455188
0.165876775159671,0.582925555592181,0.533170443936855,-0.637575094569953,-1.28912613919705,1.96024537016817,0.733435953827558
0.174302979535915,0.589791067720425,0.524334588685217,-0.667448913401424,-1.26720007354,1.9799962343206,0.782485595147105
0.182744688226504,0.596629976536852,0.515249394424355,-0.697579726242672,-1.24299935305623,1.99856838985449,0.828017790968367
0.191194250013337,0.60343427438764,0.505909753848473,-0.727939697897214,-1.21651523201464,2.01586257143057,0.870068183062395
0.199643659346421,0.610195239638937,0.496310854878832,-0.758496499339008,-1.18775645093781,2.03177163167049,0.90869076062213
0.208084606484304,0.616903519541593,0.48644831231858,-0.789213752192287,-1.15675084940752,2.04618323968603,0.943956309709721
0.216508533849621,0.623549222916628,0.476318301774075,-0.820051570330093,-1.12354660150866,2.05898265037013,0.975950699128464
0.22490670035,0.630122025512578,0.46591769976616,-0.850967169301569,-1.08821299899513,2.07005547396598,1.00477289791567
0.233270254702685,0.636611290068105,0.455244232832748,-0.881915511696747,-1.05084073057662,2.07929037416778,1.03053266040133
0.241590317960203,0.643006202005813,0.444296636799758,-0.912849956624304,-1.0115416309062,2.08658162802762,1.05334785691966
0.249858074515875,0.649295920346287,0.433074825378434,-0.943722884301988,-0.970447896779135,2.09183149151207,1.07334146860326
0.25806486993337,0.655469741943593,0.421580064996698,-0.97448627200858,-0.927710788081129,2.09495232884648,1.09063830051906
0.266202313060798,0.661517275602866,0.409815150503925,-1.00509220461466,-0.883498845635149,2.0958684793081,1.10536149683043
0.274262379123752,0.667428621159934,0.397784574346621,-1.03549331064019,-0.83799566731043,2.09451784924318,1.11762896379515
0.282237509907746,0.673194547309363,0.385494680250872,-1.06564312224318,-0.791397289129897,2.09085322760207,1.12754982126696
0.290120706799007,0.678806660998665,0.372953791603021,-1.09549636379028,-0.743909222284618,2.08484332892909,1.13522101160416
0.297905612406501,0.684257560700983,0.360172304780986,-1.12500917801345,-0.695743202852252,2.07647356838382,1.14072419729177
0.305586576780072,0.689540965964878,0.347162738767122,-1.15413930089408,-0.647113720859285,2.06574657001277,1.14412307565529
0.3131587048905,0.694651816407912,0.333939734468828,-1.18284619640232,-0.59823440981298,2.05268240398043,1.1454612307129
0.320617883035639,0.699586334797047,0.3205200001504,-1.21109116047973,-0.549314395617784,2.03731854303068,1.14476062787809
0.327960783125303,0.704342050974989,0.306922202957639,-1.23883740086266,-0.500554721581049,2.01970952514003,1.14202083607815
0.335184845268545,0.708917785971688,0.29316681028948,-1.26605009628384,-0.45214497944379,1.99992630956489,1.13721903343662
0.342288240585558,0.713313598404649,0.279275888257163,-1.29269643597416,-0.404260280393592,1.97805531776307,1.13031081743352
0.349269817513787,0.717530697879202,0.265272867201691,-1.31874563871989,-0.357058691439868,1.95419715852349,1.12123180015786
0.356129035898386,0.721571332202173,0.251182285845208,-1.34416895021406,-0.310679240306483,1.92846504686721,1.1098999269676
0.3628658937164,0.72543865653834,0.237029525943951,-1.36893961797428,-0.265240557886836,1.90098293736619,1.09621841656304
0.369480851315153,0.729136593011472,0.222840548319892,-1.3930328443521,-0.220840185561833,1.87188340304512,1.08007918639653
0.375974757562869,0.732669688678752,0.208641639109367,-1.41642571970286,-0.177554531030442,1.84130530001052,1.06136660318413
0.382348781403789,0.736042978435733,0.194459172357116,-1.43909713922324,-0.135439416598609,1.80939126496618,1.03996138659991
0.388604351124555,0.739261857493721,0.180319392135729,-1.46102770802756,-0.0945311328258809,1.77628509786517,1.01574449609876
0.394743102339938,0.742331965918018,0.166248214585925,-1.48219963961653,-0.0548478907875408,1.7421290853647,0.988600845877544
0.400766834452852,0.745259085618221,0.152271047959592,-1.50259665302544,-0.0163915585376758,1.70706132267828,0.958422719772366
0.406677474262074,0.748049048374987,0.138412627084675,-1.52220387373275,0.0208504296403455,1.67121309178272,0.925112794209306
0.412477044563513,0.750707652121931,0.124696857710802,-1.54100774300293,0.0569030914293774,1.63470635237718,0.888586720653517
0.418167635050221,0.75324058183267,0.111146665878096,-1.55899593984658,0.0918019259495667,1.59765139798892,0.848775266724456
0.423751372555276,0.75565333097133,0.0977838476435854,-1.57615731930655,0.125591019499573,1.56014472276943,0.805626064684536
0.429230387663447,0.757951119475753,0.0846289150206404,-1.59248187041359,0.158321273537506,1.52226713481112,0.75910506482368
0.434606774890626,0.76013880455768,0.0717009346485398,-1.60796069700348,0.190048783199697,1.48408213983675,0.70919783678426
0.439882543947345,0.762220781135689,0.0590173563495858,-1.6225860247748,0.220833379228098,1.44563460618282,0.655910901388465
0.445059560037041,0.764200869415059,0.0465938292472306,-1.6363512386166,0.250737333394215,1.40694971006549,0.599273305964299
0.450139471700848,0.766082188008888,0.0344440035017403,-1.64925095542157,0.279824217482051,1.36803215157258,0.539338673693173
0.455123625466323,0.767867012149582,0.022579316086314,-1.66128113926307,0.308157898644811,1.32886562919003,0.47618795696567
0.460012967600131,0.769556618145459,0.0110087596445788,-1.67243926766884,0.335801649561811,1.28941256623974,0.409933098940253
0.464807934762241,0.771151117531133,-0.000261365230415498,-1.68272455915131,0.362817350536937,1.24961409801546,0.340721746657211
0.469508337484163,0.772649287587859,-0.0112277114056415,-1.69213827211758,0.389264762927641,1.20939035410516,0.268743050996641
0.47411324326876,0.77404840922001,-0.0218901529900834,-1.70068408231959,0.415200859598395,1.16864110494235,0.194234420996811
0.478620869685702,0.775344128436994,-0.0322520453829885,-1.70836853836362,0.440679208813151,1.1272468807938,0.117488864953168
0.483028501740132,0.776530363271245,-0.0423204543085477,-1.7152015808929,0.465749422815048,1.0850707072507,0.0388622549816693
0.487332451144077,0.777599282479797,-0.052106319928702,-1.72119709031616,0.490456699633402,1.04196062192152,-0.0412204708544638
0.491528076474713,0.778541383638661,-0.0616245123954128,-1.72637340208973,0.514841502725363,0.99775312778689,-0.122261431627827
0.49560988074288,0.779345693587678,-0.0708937303069441,-1.73075370280845,0.538939432071998,0.952277686132143,-0.203689634232367
0.499571695069276,0.780000101480575,-0.0799361983258688,-1.73436620378954,0.562781335478331,0.905362250644995,-0.284865730439797
0.503406943725951,0.780491813850968,-0.0887771386384149,-1.73724399246271,0.586393685111218,0.856839704039168,-0.365092387936073
0.507108968808637,0.780807895493495,-0.0974440232969736,-1.73942449404568,0.60979920251409,0.80655490785475,-0.443630094219534
0.510671376800439,0.780935836518954,-0.105965655282528,-1.74094853636737,0.633017664566248,0.754371955399055,-0.519717194917351
0.514088359953346,0.780864073065119,-0.114371164339132,-1.74185908672226,0.65606677906699,0.700181163070396,-0.592592114469425
0.517354947006593,0.78058239283908,-0.122689026584159,-1.74219979911924,0.67896299824177,0.643905358997249,-0.661515324579458
0.520467150718377,0.780082177153244,-0.130946216074697,-1.7420135506056,0.701722150124542,0.585505110819792,-0.725788858243125
0.523422000121504,0.779356462296853,-0.139167571854876,-1.74134114410784,0.724359807690706,0.52498263599345,-0.784771912130044
0.526217466959909,0.77839983543628,-0.147375423733134,-1.74022031553253,0.746891369942604,0.462384219345764,-0.837892043612472
0.52885231252457,0.77720820517123,-0.155589476279317,-1.73868512006843,0.769331881381928,0.397801007045967,-0.884652318157571
0.531325889829908,0.775778499818561,-0.163826913969939,-1.73676570581545,0.791695654525892,0.331368064826339,-0.924635273988088
0.533637936549325,0.774108347338898,-0.172102667013348,-1.73448842700761,0.813995779985259,0.263261610647141,-0.95750468960498
0.535788388226128,0.772195782378907,-0.180429768222218,-1.73187621173361,0.836243611864542,0.193694388867324,-0.98300595176853
0.537777231615647,0.770039011972183,-0.188819734250098,-1.72894908132263,0.858448307342014,0.122909261754562,-1.00096547893449
0.539604407071172,0.767636255524713,-0.197282916186524,-1.72572471799928,0.880616482762326,0.051171250793567,-1.01128930762186
0.541269758656845,0.76498565959091,-0.205828781409291,-1.72221899029318,0.902752027987478,-0.0212415607662596,-1.01396070334477
0.542773022640013,0.762085275706474,-0.214466107470746,-1.71844636798365,0.924856098918311,-0.0940476912818023,-1.0090365633911
0.544113840163471,0.758933081617654,-0.223203086689547,-1.71442018581411,0.94692728757685,-0.166971815660551,-0.996642432970065
0.545291778608341,0.755527023296096,-0.232047354510952,-1.7101527433241,0.968961952321805,-0.239753526907825,-0.976966117221584
0.546306348145067,0.751865056915473,-0.24100596384063,-1.70565525260313,0.990954679473436,-0.312154708515922,-0.950250077387837
0.547157004320887,0.747945175363264,-0.250085330824943,-1.70093766324246,1.01289884254875,-0.383965094541937,-0.916782987955788
0.547843132955619,0.743765411151532,-0.259291175543702,-1.69600840265939,1.03478722578672,-0.455005813898468,-0.876890956622901
0.548364018804951,0.739323814950311,-0.268628475362464,-1.69087407070619,1.05661268290977,-0.525130937867316,-0.830928948902141
0.548718803415519,0.734618414944392,-0.278101441256525,-1.68553912207382,1.07836880790898,-0.594227236192501,-0.779272916731767
0.548906439856989,0.729647166011948,-0.287713520125825,-1.68000556127277,1.10005060010195,-0.662212473063261,-0.722313025422944
0.548925652584783,0.724407899223303,-0.297467420287644,-1.67427266564497,1.12165510955935,-0.729032633230732,-0.660448232824672
0.548774909911738,0.71889828173398,-0.307365153604409,-1.66833674395375,1.14318205081052,-0.794658468461316,-0.594082324546115
0.548452414930393,0.713115795399987,-0.317408086129815,-1.66219093269169,1.16463437273217,-0.859081712102527,-0.523621368812135
0.54795611867703,0.707057739972489,-0.327596989404721,-1.65582502955422,1.18601877124424,-0.922311243464504,-0.449472435554007
0.547283757182003,0.70072126398861,-0.337932086095167,-1.6492253631436,1.20734612951155,-0.984369410223055,-0.372043331704233
0.546432911981692,0.694103423745039,-0.348413086003342,-1.64237469913855,1.22863186835392,-1.04528864750545,-0.291743039621824
0.545401091741475,0.687201268163709,-0.359039211112863,-1.63525218499949,1.24989618800432,-1.10510847293617,-0.208982508191319
0.54418583087734,0.680011945014384,-0.369809210834174,-1.62783333690853,1.27116418169109,-1.16387288967073,-0.124175437029629
0.542784799504879,0.672532821940945,-0.380721370636088,-1.62009007331923,1.29246580221223,-1.22162819353661,-0.0377387149390487
0.541195917785086,0.664761614197563,-0.391773518485541,-1.61199079867955,1.31383566513026,-1.27842115375149,0.049907774290756
0.539417466940731,0.656696510151824,-0.402963033749891,-1.60350053836575,1.33531267669484,-1.33429751715256,0.138342183086556
0.537448189084117,0.648336285681376,-0.41428686235339,-1.59458112178305,1.35693948102925,-1.38930077203224,0.227142664653316
0.535287368693815,0.639680399733418,-0.425741540111754,-1.58519140551881,1.37876172896649,-1.443471099166,0.315890244796675
0.532934890164545,0.630729065526013,-0.437323223598091,-1.57528752330088,1.40082717917342,-1.49684443497709,0.404172454456054
0.530391268214312,0.621483294910658,-0.449027725105478,-1.56482314540705,1.4231846494996,-1.54945157590397,0.491587476976704
0.527657650767651,0.611944916839675,-0.460850545845583,-1.55374972810851,1.4458828414467,-1.60131726448882,0.577748502638945
0.524735796804652,0.602116574109176,-0.472786899990823,-1.54201673437326,1.46896906226929,-1.65245921611082,0.662287969145811
0.521628034106733,0.592001705018999,-0.484831721880296,-1.52957181056823,1.49248786719774,-1.70288706909308,0.74486140013398
0.518337203460432,0.581604517901532,-0.49697964975155,-1.51636090991924,1.5164796391893,-1.75260126754973,0.825150623600068
0.514866596502098,0.570929966476127,-0.509224981554107,-1.50232836129588,1.54097911679565,-1.80159191277107,0.902866240840653
0.511219894008814,0.559983732797928,-0.521561601385282,-1.48741689063513,1.56601387397762,-1.84983764224661,0.977749304893895
0.507401110250649,0.548772222498586,-0.53398287843491,-1.47156761125164,1.59160275088928,-1.89730461325907,1.04957223980136
0.503414547303127,0.53730257445824,-0.546481543639121,-1.45472000787851,1.61775423346121,-1.94394567876945,1.1181390792048
0.499264761277059,0.525582684383598,-0.559049552221482,-1.4368119472275,1.64446478328243,-1.9896998461579,1.18328512314402
0.494956540509274,0.513621239296022,-0.57167794273631,-1.41777975494668,1.67171712853811,-2.03449210391035,1.24487610969246
0.490494894045659,0.501427757852164,-0.58435670497767,-1.39755840481239,1.69947854175116,-2.07823368752562,1.30280698101412
0.485885047335145,0.489012629837061,-0.597074670047936,-1.37608187032922,1.7276991502709,-2.12082283409443,1.35700030023941
0.481132440986565,0.476387147145614,-0.609819435841973,-1.35328369081491,1.75631034949181,-2.16214604597807,1.40740435390242
0.47624272774736,0.463563518150729,-0.622577340022675,-1.32909780239129,1.78522341429888,-2.20207984927406,1.45399096005467
0.471221762584119,0.450554857611867,-0.635333490072893,-1.30345967777078,1.81432842775767,-2.24049299467285,1.49675299751909
0.466075580945627,0.437375145295522,-0.648071856108021,-1.27630780605353,1.84349366318193,-2.27724901021876,1.53570167760321
0.460810361059045,0.424039148354144,-0.660775426877826,-1.24758552406678,1.87256556159678,-2.31220898159009,1.57086359447589
0.455432367529002,0.410562305290795,-0.673426423067459,-1.21724318400362,1.90136943698132,-2.34523441044907,1.60227761134048
0.449947875604008,0.396960572963609,-0.686006555211599,-1.18524060931248,1.92971101400208,-2.3761899895882,1.62999166253021
0.444363078160937,0.383250242323944,-0.698497307134224,-1.15154975434497,1.95737885765753,-2.40494613826752,1.65405957226489
0.438683980499762,0.369447732992814,-0.710880220881349,-1.11615744684466,1.98414769534101,-2.43138116343596,1.67453800470195
0.432916291042986,0.355569380732598,-0.723137156695511,-1.07906806049113,2.00978256656496,-2.45538295081656,1.69148366350269
0.427065318485073,0.34163123463423,-0.735250502525905,-1.04030594214457,2.0340436731128,-2.47685013954444,1.70495085022331
0.421135887295691,0.327648881725036,-0.747203312241311,-0.999917409276578,2.05669175150048,-2.49569278828873,1.71498946914693
0.415132283295557,0.313637315228935,-0.758979359845005,-0.957972140012223,2.07749375648582,-2.51183259162802,1.72164353353886
0.409058239050014,0.299610858751141,-0.770563107645401,-0.914563801965863,2.09622863084949,-2.52520274550985,1.72495018849554
0.402916965109446,0.285583152520972,-0.781939598031358,-0.869809805236999,2.11269294015976,-2.53574758459938,1.72493922366898
0.39671122803333,0.271567200243674,-0.793094289450899,-0.823850116308113,2.12670616578792,-2.54342211989434,1.72163301078766
0.390443470322399,0.257575467157247,-0.804012865626124,-0.776845128689899,2.13811546810198,-2.54819159300277,1.71504677134038
0.384115961705037,0.243620012803576,-0.814681051514103,-0.728972648004893,2.14679974906895,-2.55003113737412,1.70518906329529
0.377730966600375,0.229712637005041,-0.825084469205223,-0.680424108907056,2.15267285743838,-2.54892560157065,1.69206237506075
0.371290909835115,0.215865015519986,-0.835208561767994,-0.631400194348747,2.15568579241594,-2.54486955087287,1.67566373099661
0.364798522386073,0.202088803295293,-0.845038603750041,-0.582106070253628,2.15582777880343,-2.53786742623477,1.65598524449973
0.358256951217859,0.188395688000231,-0.854559805089449,-0.532746477057567,2.15312611483231,-2.52793380795404,1.63301459854494
0.351669821877331,0.174797383848878,-0.86375750251346,-0.48352093074031,2.14764473880476,-2.51509370829646,1.60673548379156
0.34504124864222,0.161305564331991,-0.872617421154472,-0.434619277686525,2.13948152370763,-2.49938280437015,1.5771280733453
0.33837579364385,0.14793174086735,-0.881125980864446,-0.386217819435898,2.12876438634046,-2.48084752031257,1.54416965260764
0.331678382359073,0.134687101107858,-0.88927061769708,-0.338476176997217,2.11564638024106,-2.45954487590231,1.50783554484604
0.324954187238291,0.121582324689618,-0.897040091552231,-0.291535004573271,2.1003000176422,-2.43554203580321,1.4681004733411
0.318208493436156,0.108627395144045,-0.90442475549411,-0.245514596260319,2.08291112254228,-2.40891551789623,1.42494047836131
0.311446560559255,0.0958314247834887,-0.911416769568645,-0.200514364612574,2.06367254544933,-2.37975004816599,1.37833546524793
0.304673492410811,0.0832025053712192,-0.918010250525148,-0.156613114354492,2.04277806647527,-2.34813708062685,1.32827240539635
0.297894123568809,0.0707475923572496,-0.924201357172128,-0.113869993311816,2.02041677921595,-2.31417303084258,1.27474915320858
0.291112928056393,0.0584724254609487,-0.929988317941896,-0.0723259781732495,1.99676819034474,-2.27795729778959,1.21777878674264
0.284333952040213,0.0463814842521901,-0.935371411822221,-0.032005744376659,1.97199819914101,-2.23959016847144,1.15739433280768
0.277560769901148,0.0344779746287478,-0.940352915835676,0.00708022560451411,1.94625604786464,-2.1991707107373,1.09365370027971
0.27079646138164,0.0227638408557306,-0.944937031818386,0.0449334270046593,1.91967226690692,-2.1567947609733,1.02664461706596
0.264043606807996,0.0112397979725911,-0.949129802780534,0.0815651224312859,1.89235758388942,-2.11255310460743,0.956489343504251
0.257304297425174,-9.46194662593878e-05,-0.952939025214245,0.116994226941676,1.86440272571806,-2.06652992976331,0.883348915695009
0.250580158383374,-0.0112409946223204,-0.956374159041398,0.151245358049889,1.83587901624554,-2.01880161014519,0.807426656758888
0.243872382577472,-0.0222019520558171,-0.959446232198647,0.184347100820948,1.80683965663125,-1.96943584554596,0.728970687090039
0.23718177409734,-0.0329810668535565,-0.962167732879468,0.216330520728637,1.77732156667808,-1.91849116112681,0.648275175673064
0.230508800314834,-0.0435827573925997,-0.964552479896678,0.247227941095549,1.74734765959477,-1.86601674394525,0.565680115453181
0.223853651533215,-0.0540121600332428,-0.9666154610738,0.277071987333215,1.71692941734491,-1.81205258085444,0.481569487080749
0.21721630669429,-0.0642749850922867,-0.968372631344758,0.30589488676242,1.68606962857223,-1.75662985848126,0.396367800334913
0.210596603020077,-0.0743773553080863,-0.969840666260782,0.333728000921747,1.65476514768408,-1.69977159423516,0.310535161824466
0.203994306870697,-0.0843256303204853,-0.971036672290957,0.360601557842259,1.62300953509375,-1.64149348549523,0.224561187097625
0.197409182750081,-0.0941262229555958,-0.971977861611491,0.386544545834794,1.59079544809683,-1.58180498814498,0.138958219742372
0.190841057448571,-0.103785414803985,-0.972681204712437,0.41158472867339,1.55811667135959,-1.52071065970114,0.0542544021982448
0.184289876824691,-0.113309179307099,-0.973163077918609,0.435748744708326,1.52496970518868,-1.45821182033382,-0.0290128639778262
0.177755753609993,-0.122703020160122,-0.973438924099678,0.459062258538252,1.49135486577785,-1.39430859214086,-0.110302633019463
0.171239005674968,-0.131971831431785,-0.97352294339348,0.481550141814919,1.45727688988351,-1.32900237019698,-0.189075050052699
0.164740185177671,-0.141119783763704,-0.973427827294058,0.503236667689299,1.42274507184087,-1.26229875729102,-0.26479487414771
0.158260099714769,-0.150150238822269,-0.97316454495786,0.524145709766979,1.38777298938323,-1.19421095841525,-0.336934079231981
0.151799826879354,-0.159065692265234,-0.972742186075786,0.544300940341223,1.35237789396415,-1.12476358203831,-0.404973905802297
0.145360723490971,-0.167867744110132,-0.972167860867042,0.563726024037494,1.3165798506144,-1.05399673423844,-0.468406853779506
0.138944430306828,-0.176557094581883,-0.971446654935466,0.582444802441802,1.28040071262791,-0.981970220933085,-0.526739146341509
0.13255287244657,-0.185133563090011,-0.970581634704064,0.600481463834856,1.24386300927628,-0.908767596912698,-0.579494155918184
0.126188255312632,-0.193596127625848,-0.9695738974307,0.617860691013691,1.20698881248306,-0.834499726187178,-0.626217174984863
0.119853055704248,-0.201942981244136,-0.968422657873602,0.634607780478055,1.16979863341182,-0.759307459144194,-0.666481749892877
0.113550008269853,-0.21017160118883,-0.967125361189517,0.650748728836016,1.13231038489169,-0.683363005305545,-0.699897594702765
0.107282088431639,-0.218278824677327,-0.965677808710073,0.666310287491078,1.09453843320296,-0.606869604408808,-0.72611988792858
0.101052494242113,-0.22626092374548,-0.964074280511815,0.681319994139342,1.05649275524652,-0.530059187359061,-0.744859556826086
0.0948646308550025,-0.234113670576789,-0.962307637343352,0.695806198062299,1.01817821571769,-0.453187875790766,-0.755894000999166
0.0887221018017812,-0.241832385271057,-0.960369385923238,0.709798103500072,0.979593983023833,-0.376529382059164,-0.759077623547754
0.0826287104466198,-0.249411960817053,-0.958249697079006,0.723325858819545,0.940733109653217,-0.300366610992283,-0.754351533090157
0.0765884724675301,-0.256846865415849,-0.955937376086295,0.736420716141749,0.901582308113155,-0.224981989581924,-0.741751841700065
0.0706056360717712,-0.264131129773392,-0.953419798074847,0.749115274931105,0.862121952413067,-0.150647219089607,-0.721416078479691
0.0646847015995548,-0.271258335162012,-0.95068283628055,0.761443803945709,0.822326323415806,-0.0776132256984381,-0.693587320891899
0.0588304274744667,-0.278221624820829,-0.94771082386636,0.773442611356355,0.782164092917462,-0.00610107142997161,-0.658615678505801
0.0530478067331503,-0.285013764193504,-0.944486597101433,0.785150407443936,0.741599008469536,0.0637055111634304,-0.616956739076954
0.0473419991518978,-0.291627272492759,-0.940991665360694,0.79660858434283,0.700590705115518,0.13166545232328,-0.56916654309436
0.0417182092279096,-0.298054638140752,-0.93720653967913,0.807861329415822,0.659095540906016,0.197683221298346,-0.515892670727874
0.0361815097760079,-0.304288614597999,-0.933111227097446,0.818955498165878,0.617067340875219,0.261709109537115,-0.457861198796677
0.0307366229848893,-0.310322574026139,-0.928685866804137,0.829940200658107,0.574457947407872,0.323736969935236,-0.395859672840955
0.0253876823915064,-0.316150879067931,-0.923911453304573,0.840866098430448,0.531217515619604,0.383799638233115,-0.330716811315558
0.0201380067783385,-0.321769223196813,-0.91877057010116,0.851784457446872,0.48729455349794,0.441962425475977,-0.263280279916799
0.0149899177039643,-0.327174891368788,-0.913248051505528,0.862746044193526,0.442635772816747,0.498315203761937,-0.19439434071702
0.00994462561337555,-0.332366905366522,-0.907331502305736,0.873799975213839,0.397185869906406,0.552963689013858,-0.124879310006408
0.00500219720064083,-0.33734603859568,-0.901011631194324,0.884992629797222,0.350887381446997,0.606020535504249,-0.0555144796916238
0.000161602652596245,-0.342114707089315,-0.894282385915658,0.896366713729855,0.303680755992178,0.657596794297413,0.0129744507414408
-0.00457917052252311,-0.346676761194016,-0.887140907072947,0.907960527815054,0.25550475395171,0.707794169050294,0.0799231318076946
-0.00922295764409925,-0.351037212341542,-0.879587337236553,0.919807459091159,0.206297250109237,0.756698359555904,0.144731888043147
-0.0137732335746446,-0.355201931050842,-0.871624530486004,0.931935683849941,0.155996475605349,0.804373649572732,0.206865445239115
-0.0182339263873278,-0.359177347805135,-0.863257706515668,0.944368053749587,0.104542707667924,0.850858794528034,0.265850092650127
-0.0226092436733971,-0.362970180567773,-0.854494086453716,0.957122129354763,0.0518803960315797,0.896164205166002,0.321269278217202
-0.0269035216414538,-0.366587203985458,-0.845342538099396,0.970210326601064,-0.0020392987149746,0.940270400156323,0.37275845269925
-0.0311211019267052,-0.370035067407234,-0.835813248848273,0.983640147539763,-0.0572555932046413,0.983127700964345,0.419999733629708
-0.0352662366575559,-0.373320162411649,-0.825917436365992,0.997414474352854,-0.113794852781985,1.02465715044252,0.462716719828211
-0.0393430189556162,-0.376448535621982,-0.815667100344369,1.01153191309555,-0.171667130550813,1.06475263902097,0.500669594127812
-0.0433553335993261,-0.37942583894507,-0.805074813186678,1.0259871798717,-0.230862594892618,1.10328420948543,0.533650525674869
-0.0473068209509686,-0.382257306718742,-0.79415354288594,1.0407715266889,-0.291348011198371,1.1401024782536,0.561479326623452
-0.0512008463866834,-0.384947747460159,-0.782916497512493,1.05587320681695,-0.353063492024674,1.17504405738053,0.583999323186278
-0.0550404674286661,-0.387501537026194,-0.771376977729453,1.07127797985284,-0.415919774656051,1.20793779077146,0.601073452459677
-0.0588283916758687,-0.389922600243727,-0.759548221996063,1.08696965463751,-0.479796316205453,1.23861153721704,0.6125806740831
-0.062566920584996,-0.392214369737737,-0.747443229160963,1.10293066355218,-0.544540502491213,1.26689915185718,0.618412866931375
-0.0662578772029126,-0.394379714028516,-0.735074545546814,1.11914265476807,-0.60996823718301,1.29264724896447,0.618472443238455
-0.0699025199549095,-0.396420832045329,-0.722454008711317,1.13558708051586,-0.675866105007907,1.31572128642892,0.61267093747204
-0.0735014491734941,-0.398339117747775,-0.709592447712071,1.15224575081353,-0.741995187179619,1.33601050952751,0.60092880509249
-0.0770545175937141,-0.400135005896573,-0.696499349178558,1.1691013152804,-0.808096458389301,1.35343133866444,0.583176599500291
-0.0805607597723098,-0.401807817153635,-0.683182508489681,1.18613763268986,-0.873897532375305,1.36792888617103,0.559357600103163
-0.0840183575489697,-0.403355626421074,-0.669647694193389,1.20333999028216,-0.939120373954522,1.37947643469685,0.529431867618898
-0.0874246587108803,-0.404775181562546,-0.655898359852153,1.22069514299837,-1.00348948709821,1.38807288755536,0.493381635420081
-0.0907762637752213,-0.406061899713269,-0.641935439627026,1.23819115580758,-1.06674004243605,1.39373838514144,0.451217932339956
-0.0940691915127877,-0.407209965198143,-0.627757261815777,1.25581704820108,-1.12862543226204,1.39650844472198,0.402988379903425
-0.0972991280363777,-0.408212547115438,-0.613359608742243,1.27356225644025,-1.18892383045486,1.3964271023301,0.348786196949292
-0.100461757533953,-0.409062146633654,-0.598735942769569,1.29141594472971,-1.24744346925523,1.39353960541819,0.288760530154661
-0.1035531653215,-0.409751074493683,-0.583877807413481,1.30936621122113,-1.30402649703841,1.38788522723474,0.223128237860727
-0.106570295623671,-0.410272047929242,-0.568775399215949,1.32739925051826,-1.35855142181427,1.37949076298956,0.152187099412212
-0.109511436754437,-0.410618882194955,-0.553418288584059,1.34549855387783,-1.41093424867951,1.36836524059338,0.0763300202324871
-0.112376694667148,-0.410787233729705,-0.537796243942236,1.36364425278067,-1.46112846809248,1.35449634359059,-0.00394088782165939
-0.115168402800019,-0.410775329283847,-0.521900082367753,1.38181273712419,-1.5091240390121,1.33784899149016,-0.0880023940902976
-0.117891404787899,-0.410584590895521,-0.505722435045079,1.39997669375367,-1.55494544526464,1.31836642343203,-0.175103379106392
-0.120553143108601,-0.410220048472931,-0.489258288721472,1.41810569392331,-1.5986488134161,1.29597394653671,-0.264366696264371
-0.123163499166625,-0.409690433014178,-0.47250516353766,1.43616738835341,-1.64031801454651,1.27058522108649,-0.354802716313544
-0.125734364421408,-0.409007877195742,-0.455462831605022,1.45412924010112,-1.6800596871789,1.24211059536858,-0.445335843111764
-0.128278975120079,-0.408187219282516,-0.438132573381485,1.47196056537865,-1.71799724942824,1.21046667520997,-0.534842384298783
-0.130811100096431,-0.407244995500581,-0.420516087303654,1.4896345212487,-1.75426419492392,1.17558614831997,-0.622195048288204
-0.133344209526375,-0.406198282951568,-0.40261426640416,1.50712964343258,-1.78899720414484,1.13742696047848,-0.706307377969212
-0.135890754937274,-0.405063587236559,-0.384426089482935,1.524430626368,-1.8223297386246,1.09598021856949,-0.786171602714136
-0.138461655994539,-0.403855943517911,-0.365947829795821,1.54152821843404,-1.85438674868717,1.05127652827203,-0.860885613313061
-0.141066033536885,-0.40258833145322,-0.347172685826547,1.55841830279814,-1.88528092879378,1.00339070426737,-0.929667947694548
-0.143711173333487,-0.401271423987929,-0.328090831156203,1.57510037824111,-1.91511067974374,0.952444844948147,-0.991862455656052
-0.1464026673352,-0.399913625051213,-0.308689800603607,1.59157571415004,-1.94395967818072,0.898609678669326,-1.04693582916084
-0.149144663556917,-0.3985213146556,-0.288955091763626,1.607845440666,-1.9718977703804,0.842103966417266,-1.09447134807284
-0.151940158088566,-0.397099210380578,-0.268870859161794,1.62390877961093,-1.99898281192919,0.78319168865045,-1.13416143131172
-0.154791275851135,-0.39565076330545,-0.248420598648006,1.6397615531123,-2.02526305108556,0.722176812505917,-1.16580046568412
-0.157699504300452,-0.394178525346998,-0.227587749791982,1.65539504191761,-2.05077967805329,0.65939563650214,-1.18927834721913
-0.160665862270162,-0.392684447415835,-0.206356175975056,1.67079521106411,-2.07556921798405,0.595207003685492,-1.20457444762539
-0.163691002190358,-0.391170090064463,-0.184710511367663,1.68594227879134,-2.09966552261784,0.529980990257675,-1.2117513758223
-0.166775256533447,-0.389636747913516,-0.162636388451166,1.7008105765355,-2.12310120704932,0.464086933818115,-1.21094789594067
-0.169918647479172,-0.388085504188206,-0.140120577029804,1.71536863490697,-2.14590847508166,0.397881794557441,-1.20237058552248
-0.173120881936072,-0.38651724073925,-0.11715107413388,1.72957943303535,-2.16811936670986,0.331699808172153,-1.18628414855063
-0.176381352469486,-0.384932631428345,-0.0937171834423152,1.74340076423019,-2.18976553167001,0.265844198907115,-1.16300062573117
-0.179699159474478,-0.383332143408024,-0.0698096142283256,1.75678569416325,-2.21087767461056,0.200581422713409,-1.13286798937785
-0.183073162783099,-0.381716063392639,-0.0454206162894293,1.76968311153097,-2.23148482794271,0.136138074051445,-1.0962587344907
-0.186502063586311,-0.380084556815553,-0.0205441524607716,1.78203838856544,-2.25161359244419,0.0727002846040588,-1.05355908247437
-0.18998451148115,-0.378437758965051,0.00482390267925947,1.79379417533607,-2.27128745248393,0.0104152175568985,-1.00515932737154
-0.19351922739007,-0.376775890300032,0.0306855583810469,1.80489134637046,-2.29052623275904,-0.0506058618151389,-0.951445715264048
-0.197105131177603,-0.375099383842007,0.0570405225135544,1.81527010269081,-2.30934572539744,-0.110283485001359,-0.892794091867774
-0.200741462696521,-0.373409010786366,0.0838860607337031,1.82487121096809,-2.3277574856512,-0.168565346908767,-0.82956540744782
-0.204427886203786,-0.371705990795786,0.111216922095041,1.83363733895076,-2.34576877335586,-0.225421546632892,-0.76210304607343
-0.208164570047581,-0.369992075193194,0.139025347766121,1.84151442702541,-2.36338260557003,-0.28083999935187,-0.690731851822214
-0.211952235785975,-0.368269593856521,0.167301172721855,1.84845302290333,-2.3805978817036,-0.334822210551379,-0.615758655066757
-0.215792173139873,-0.366541459567443,0.196032022660258,1.85440950163179,-2.39740954395602,-0.387379514316274,-0.537474051548459
-0.219686219230469,-0.364811126578121,0.225203600387183,1.85934709647284,-2.41380874115163,-0.438529809964871,-0.456155149314771
-0.223636702346802,-0.363082503077988,0.254800047805274,1.86323667648636,-2.42978297161085,-0.488294786265895,-0.372068969063778
-0.227646352066329,-0.361359820019662,0.284804361752879,1.86605722191844,-2.44531618945023,-0.53669759695744,-0.285476160006802
-0.231718179002053,-0.359647461411315,0.315198834674647,1.86779596651247,-2.46038886781779,-0.583760940678176,-0.196634677349793
-0.235855328878667,-0.357949763717592,0.34596548502872,1.86844819468611,-2.47497802129087,-0.629505497598995,-0.105803063626248
-0.24006091711154,-0.356270794388872,0.377086438167171,1.86801669983962,-2.48905719723126,-0.673948679160919,-0.0132429918385782
-0.244337851547453,-0.354614121607602,0.408544217006709,1.8665109273049,-2.50259645154567,-0.717103652373223,0.0807792278067021
-0.24868865236656,-0.352982588818973,0.440321903982482,1.86394584158403,-2.51556232738371,-0.75897860333939,0.175992397102661
-0.253115279061041,-0.351378108126898,0.472403142211198,1.86034057266519,-2.52791785546345,-0.799576204827969,0.272121539577938
-0.257618974559239,-0.34980148582031,0.504771954709615,1.85571691008436,-2.53962259208731,-0.838893250181924,0.368890331376482
-0.262200135672313,-0.348252290943104,0.53741237546942,1.85009772506497,-2.55063270623285,-0.876920412429815,0.466024658042851
-0.266858217008725,-0.346728774033589,0.570307903919571,1.84350540889723,-2.56090112162603,-0.91364208565885,0.563256959286541
-0.271591672509414,-0.345227838406364,0.603440812818669,1.83596041790538,-2.57037771488662,-0.949036267908248,0.66033092135056
-0.276397935255699,-0.343745061410789,0.636791356523905,1.82748001066081,-2.57900956792002,-0.983074452373188,0.757006035523216
-0.281273432803203,-0.342274758864961,0.670336939590799,1.81807725154428,-2.58674127232379,-1.01572150628549,0.853061569766468
-0.286213632587615,-0.340810083076272,0.704051313086098,1.80776033787088,-2.59351528546385,-1.04693553261781,0.948299590653702
-0.291213110325169,-0.339343143904548,0.737903867077767,1.79653228827161,-2.5992723411138,-1.07666772599017,1.04254680379455
-0.296265633892722,-0.337865143144169,0.771859082661196,1.78439101094932,-2.60395192081497,-1.10486224808211,1.13565512528653
-0.301364255743101,-0.336366514669969,0.805876196441552,1.77132975430299,-2.60749279414284,-1.1314561575208,1.2275010288188
-0.306501408141572,-0.334837065684027,0.83990911580897,1.75733793048811,-2.60983363600993,-1.15637943386502,1.31798381504891
-0.311668997014053,-0.333266117395124,0.873906605855631,1.74240229445649,-2.61091372674185,-1.17955513529284,1.40702301416688
-0.316858491672784,-0.331642646088385,0.907812749551755,1.72650845521516,-2.61067373625913,-1.20089972598992,1.49455516056503
-0.322061008971218,-0.329955427546479,0.941567662957742,1.70964268985042,-2.60905658806642,-1.22032360332472,1.58053017745826
-0.327267391520936,-0.328193189111088,0.975108428037743,1.69179402129624,-2.60600839293251,-1.23773184778719,1.66490758863128
-0.332468280569047,-0.326344774402843,1.00837018853473,1.67295650521364,-2.60147943727175,-1.25302521108346,1.74765274332215
-0.337654185107627,-0.324399325962943,1.04128734107013,1.65313164798952,-2.59542520832824,-1.26610134998505,1.82873320594909
-0.342815549853288,-0.322346490902427,1.07379474590743,1.63233084682537,-2.58780743804355,-1.27685630541783,1.90811543033943
-0.347942825879325,-0.320176653991593,1.10582888113734,1.61057770673595,-2.5785951501405,-1.28518621741602,1.98576181210532
-0.353026548750678,-0.317881201307439,1.13732887113475,1.58791005363169,-2.5677656998756,-1.29098925625022,2.06162819543566
-0.3580574297066,-0.315452815307059,1.16823733458572,1.56438143611854,-2.55530580147205,-1.29416773720524,2.13566190334249
-0.363026465365901,-0.312885798753268,1.19850101742466,1.54006190174729,-2.54121254175176,-1.29463036972627,2.20780036325546
-0.367925070199744,-0.310176420193084,1.22807119870782,1.51503785630556,-2.52549437646742,-1.29229456944419,2.27797041026629
-0.372745233359759,-0.307323267900225,1.25690387922018,1.48941087373188,-2.50817209486842,-1.28708873312272,2.34608836237008
-0.377479697366585,-0.304327592960721,1.28495978018696,1.46329541847378,-2.48927971611966,-1.2789543433218,2.41206096626905
-0.382122151028359,-0.30119361650223,1.31220419070992,1.43681556130887,-2.46886524938701,-1.26784773714745,2.47578729700788
-0.386667423545335,-0.297928772167261,1.33860670705235,1.41010089468482,-2.44699121316678,-1.25374135266572,2.53716164926771
-0.391111662153157,-0.294543854009832,1.36414090585099,1.38328196048767,-2.42373477869914,-1.23662427189294,2.59607737769105
-0.395452473052958,-0.291053042947708,1.38878398885193,1.35648556931081,-2.39918738960883,-1.21650192389887,2.65243153360485
-0.399689005755222,-0.287473792047926,1.41251643089859,1.32983040145364,-2.37345372651987,-1.1933948997426,2.706130023753
-0.403821964774206,-0.283826561821014,1.43532165685234,1.30342323424941,-2.34664993645852,-1.1673369517193,2.75709291065265
-0.407853539524851,-0.280134410089868,1.45718576708017,1.27735604892509,-2.31890112776669,-1.13837237608521,2.80525941362329
-0.411787252164248,-0.276422454939935,1.47809732465954,1.25170415307782,-2.29033822717298,-1.10655307666854,2.85059217606635
-0.415627732296267,-0.272717241481793,1.49804721017326,1.22652533498868,-2.26109438538192,-1.07193564810099,2.89308044343022
-0.41938043513038,-0.269046051602948,1.51702854214691,1.20185996323649,-2.2313011801784,-1.0345787914856,2.93274193358952
-0.42305132447655,-0.265436199226503,1.53503665375266,1.17773187215754,-2.20108488800644,-0.994541294008959,2.96962334862088
-0.42664654325567,-0.261914351570704,1.55206911062064,1.15414983502381,-2.17056307388404,-0.951880695152678,3.0037996406043
-0.43017209224476,-0.258505910318724,1.56812575151761,1.13110941970589,-2.13984169379251,-0.90665265738853,3.03537227565164
-0.43363353344218,-0.255234477014975,1.5832087337321,1.10859503885814,-2.10901282855307,-0.858910982432061,3.06446682324374
-0.437035728918755,-0.252121416231727,1.59732256799438,1.08658203939347,-2.07815309029781,-0.808708175624211,3.09123022898358
-0.440382620469539,-0.249185519758738,1.61047413287032,1.0650387157633,-2.04732267550383,-0.756096458371608,3.11582811560517
-0.443677050685396,-0.246442766470409,1.6226726647518,1.04392817164073,-2.01656499034621,-0.701129151346233,3.13844241284676
-0.446920622764742,-0.243906166294511,1.63392972580585,1.0232099905615,-1.98590674752236,-0.643862386372851,3.15926955583668
-0.450113594707469,-0.241585673052455,1.64425915772267,1.00284170550266,-1.95535842726095,-0.584357141071219,3.17851942552559
-0.45325480347599,-0.239488149757344,1.65367703325876,0.982780079454414,-1.92491500522431,-0.522681618903631,3.19641514054619
-0.456341616147252,-0.237617370986197,1.66220162005246,0.962982223940773,-1.89455687204895,-0.458914012776342,3.21319374992665
-0.459369907830856,-0.235974049911709,1.66985337173871,0.943406590783868,-1.86425089932546,-0.393145689119612,3.22910781816833
-0.462334069972095,-0.234555882259982,1.67665495975428,0.92401387482715,-1.83395164166236,-0.325484808651533,3.24442783278741
-0.465227057294352,-0.233357605675788,1.68263135505376,0.904767862196726,-1.80360270148952,-0.256060357346286,3.25944529191151
-0.468040486588664,-0.232371080512025,1.68780996180678,0.885636249982074,-1.77313831986557,-0.185026494792382,3.27447623811548
-0.470764805040857,-0.231585406500951,1.69222079459134,0.866591448683252,-1.7424852893836,-0.112567037845876,3.28986488907732
-0.473389548554154,-0.230987098261917,1.69589667649565,0.847611358219465,-1.71156530921219,-0.0388997910571701,3.30598687696464
-0.475903709812762,-0.230560349617391,1.69887341849148,0.82868008228062,-1.68029790982074,0.0357196741806249,3.32325145935399
-0.478296229501447,-0.230287419851973,1.70118992237252,0.809788516506958,-1.64860405607177,0.110995278179539,3.34210193423604
-0.480556610147684,-0.230149171297815,1.70288813421933,0.790934718073363,-1.61641048118558,0.186589250185339,3.3630134287854
-0.482675629591526,-0.230125773905995,1.70401276839356,0.77212394526228,-1.58365470207819,0.262122973676217,3.38648729948756
-0.484646101626026,-0.230197567047263,1.70461073012148,0.753368255126004,-1.55029051809658,0.33718017542317,3.41304164257153
-0.48646359993863,-0.230346033072604,1.70473019330535,0.734685574472184,-1.51629361377309,0.411312537637236,3.44319790222621
-0.488127036845267,-0.230554797136029,1.70441934058765,0.716098218653897,-1.4816667041799,0.484047557691225,3.47746425039507
-0.489638981131411,-0.230810534053955,1.70372483902818,0.697630919429044,-1.44644352872829,0.554898299779624,3.51631717935685
-0.491005618526055,-0.231103648446555,1.70269019310268,0.679308521380474,-1.41069097344413,0.62337465193749,3.56018339954087
-0.492236306402288,-0.23142860955961,1.7013541676597,0.661153590425243,-1.37450872881929,0.688995813458869,3.60942444336078
-0.49334274377539,-0.231783869589293,1.69974948825379,0.643184219986748,-1.33802618075281,0.751303871066557,3.6643261722328
-0.494337851430483,-0.232171365257624,1.6979019947621,0.625412301434731,-1.30139664302504,0.809878285088149,3.72509464463708
-0.495234513288798,-0.232595677869119,1.69583035068467,0.607842444987595,-1.26478947624903,0.864350760416093,3.79185868804977
-0.496044350919277,-0.233062984469132,1.69354631410621,0.590471616595264,-1.22838098065488,0.914419372769382,3.86467832551747
-0.496776682101075,-0.233579954940303,1.69105548434633,0.573289431146304,-1.19234510016723,0.959860237410732,3.94355725903136
-0.497437759928845,-0.23415273272228,1.68835837584821,0.556278948506035,-1.15684489844552,1.00053481921747,4.02845711904386
-0.498030320417391,-0.23478609021615,1.68545165093366,0.53941777788935,-1.12202550611255,1.03639142438373,4.11931118512012
-0.498553405553064,-0.23548279235963,1.68232936335636,0.522679308603568,-1.08800888749466,1.06746041089091,4.21603563975032
-0.499002390812114,-0.236243151908003,1.67898411103895,0.506033935112036,-1.05489043798367,1.093843854952,4.31853693558329
-0.499369136661888,-0.237064729547812,1.67540805080935,0.489450208839927,-1.02273717198706,1.1157013876641,4.42671435930747
-0.499642198802508,-0.237942124415868,1.67159377508066,0.472895908274091,-0.991587123684862,1.13323439087348,4.54045727289878
-0.499807063517982,-0.238866812864772,1.6675350811299,0.456339060267594,-0.961449550073575,1.14667067649504,4.65963681911944
-0.499846413588172,-0.239827019809413,1.66322767444724,0.439748963332404,-0.932305573591327,1.15625131920168,4.78409219856921
-0.49974046915104,-0.240807642123756,1.65866983829895,0.42309725577493,-0.904109005867632,1.1622206789266,4.91361212678808
-0.499467479416339,-0.241790281808988,1.65386307328645,0.406359036401096,-0.876787237465278,1.16482000094417,5.04791293701712
-0.499004455837524,-0.242753480275919,1.64881266621661,0.389513983719332,-0.850242246222046,1.16428439418996,5.18661609452126
-0.498328222478556,-0.243673261264539,1.64352809505746,0.372547339138466,-0.824351945597457,1.16084247644878,5.32922947516549
-0.497416802133106,-0.244524070874632,1.63802313365989,0.355450544160339,-0.798972220320468,1.15471755015574,5.47513806612086
-0.496251055219759,-0.245280133546573,1.63231551360674,0.338221292891915,-0.773940015248971,1.14612890589907,5.62360978654891
-0.494816365592717,-0.245917125379739,1.62642605749488,0.320862825387809,-0.749077696947596,1.13529187968703,5.77381991300457
-0.493104075640427,-0.246413936438058,1.62037732137969,0.303382459568466,-0.724198597887129,1.12241573127067,5.9248929930442
-0.491112372557025,-0.246754214267366,1.61419193493443,0.285789589703823,-0.699113283108564,1.10769921128326,6.07595558474177
-0.488846442402053,-0.246927405236859,1.60789093471603,0.268093560582238,-0.673635823780705,1.09132455083112,6.22618931227204
-0.486317896459573,-0.246929139047674,1.60149238997762,0.250301860489239,-0.647589360564192,1.0734511410238,6.37487371998928
-0.483543648449518,-0.246760974456559,1.59501052029527,0.232418948220901,-0.620810491333785,1.05421014458959,6.52141220766392
-0.48054450877933,-0.24642966138941,1.58845535613529,0.214445817033397,-0.593152383758767,1.03370079605599,6.66533977271758
-0.47734374847732,-0.245946130196882,1.58183286730933,0.196380207877522,-0.564486821752833,1.01198851718444,6.80631577136557
-0.473965807250074,-0.245324398283786,1.57514541942092,0.17821728007732,-0.534705546596386,0.989104493141359,6.94410704930831
-0.470435227824283,-0.244580523691718,1.56839241339618,0.159950532411715,-0.503721247838402,0.965046142826942,7.07856672779719
-0.466775826685239,-0.243731670655423,1.56157099356337,0.141572806952988,-0.471468452911815,0.939777936693444,7.20961261771724
-0.463010070310069,-0.242795304132784,1.55467674982814,0.123077263798555,-0.437904421589234,0.913232165712261,7.3372076210373
-0.459158611238314,-0.241788503525777,1.54770437330576,0.104458262579718,-0.4030100161337,0.885309455976976,7.46134312580552
-0.455239939776447,-0.240727376142881,1.54064824652649,0.0857121171953942,-0.366790412556635,0.855879004012508,7.58202549157567
-0.451270115785808,-0.239626551787596,1.53350295958742,0.0668377041930909,-0.329275451329677,0.824778661377906,7.6992652247637
-0.447262555001395,-0.238498745469098,1.52626374555126,0.047836907290608,-0.290519399811975,0.79181512555527,7.81306825364852
-0.443227852831426,-0.237354381850018,1.51892682553205,0.0287148760722115,-0.250599913996341,0.756764605503083,7.92342873134504
-0.439173634946028,-0.236201280807317,1.51148964923047,0.00948007050156348,-0.209616042549561,0.719374431231864,8.03032295173638
-0.435104428929388,-0.235044408026534,1.50395101234346,-0.00985594200366192,-0.167685206946583,0.679366167871673,8.13370421118851
-0.431021556352507,-0.233885698542685,1.49631102967858,-0.0292789712802523,-0.124939208627797,0.636440866260598,8.233498748304
-0.426923051473912,-0.232723965682673,1.48857094283449,-0.0487730010465512,-0.0815194432994312,0.59028710933929,8.32960319623807
-0.422803622477534,-0.231554913729655,1.48073274468638,-0.0683213169192622,-0.037571624975784,0.540592452955303,8.42188421904145
-0.418654683427747,-0.230371279396191,1.47279861060765,-0.0879079668041098,0.0067595835667229,0.487058651016478,8.51018108893963
-0.414464497614188,-0.229163132526157,1.46477013980787,-0.107519526531655,0.0513355934074341,0.429420638128977,8.59431180879373
-0.410218481066708,-0.227918366044973,1.45664743093691,-0.127147104327307,0.0960281484215845,0.367468592237737,8.67408294121736
-0.405899712701848,-0.226623393904478,1.44842804470299,-0.146788467923883,0.140722501656378,0.301071569657206,8.74930260063379
-0.401489679486098,-0.225264050095771,1.44010594033728,-0.166450123405496,0.185319351038864,0.230200360398295,8.8197952380651
-0.396969249600378,-0.223826642837444,1.43167050570145,-0.18614912730466,0.229735568241693,0.154946609712682,8.88541614620443
-0.392319818616609,-0.222299073404014,1.42310582218542,-0.205914390058747,0.273903930769597,0.0755351547945362,8.94606331062872
-0.387524524425814,-0.220671891793073,1.41439030389619,-0.225787245891084,0.317772180617919,-0.00767291921922053,9.00168451623028
-0.382569390828204,-0.21893914566708,1.40549681850644,-0.245821129328232,0.361301753441641,-0.0941878424951497,9.05227846911594
-0.377444250286235,-0.217098894168542,1.39639333525288,-0.266080305853229,0.404466449602462,-0.183409154914942,9.09788987372246
-0.372143319649799,-0.215153304742049,1.38704406455804,-0.286637733546821,0.447251181527131,-0.274652369816154,9.13859954525897
-0.366665355711266,-0.213108319577595,1.37741097215399,-0.307572254938055,0.489650778058417,-0.367181239500267,9.17451140572914
-0.36101338827569,-0.210972951913015,1.36745548981132,-0.328965403829952,0.531668706434458,-0.460241774889072,9.20573844573136
-0.355194099102546,-0.208758332022671,1.35714022188547,-0.350898139164639,0.573315523061034,-0.553094087820068,9.23238948304658
-0.349216967160753,-0.206476653087549,1.34643046767041,-0.373447781965193,0.614606895561003,-0.64503876821541,9.2545580094694
-0.343093321829666,-0.204140162707463,1.33529543541755,-0.396685346261084,0.655561131083963,-0.735435719585686,9.27231381919669
-0.336835434431329,-0.201760312516817,1.3237090953437,-0.420673349103716,0.696196260617327,-0.823714823423537,9.28569762121815
-0.330455743720969,-0.199347130310234,1.31165068430938,-0.445464089291544,0.736526827257765,-0.909379103824376,9.29471851942888
-0.323966266961103,-0.196908831805105,1.29910491895622,-0.471098320996364,0.776560585847274,-0.992001939655872,9.29935408108502
-0.317378208010477,-0.194451653558138,1.28606199238172,-0.49760422408975,0.816295340659228,-1.07122023574955,9.29955265245964
-0.310701745088774,-0.191979868475608,1.27251742623371,-0.524996581910523,0.855716139094637,-1.14672540284989,9.29523756448305
-0.303945965173065,-0.189495938931226,1.25847183399601,-0.553276107380272,0.894793017060025,-1.21825368148286,9.28631286095872
-0.297118906986759,-0.187000765062507,1.24393063071156,-0.582428897165975,0.933479464733594,-1.28557694962092,9.27267015607695
-0.290227676427309,-0.184493992527774,1.22890370561784,-0.612426031150003,0.971711751242636,-1.34849479803767,9.2541961796901
-0.283278603531376,-0.181974351302371,1.21340506061402,-0.643223364297988,1.00940921009076,-1.40682839627904,9.23078050285085
-0.276277416261103,-0.179440002988047,1.19745241052142,-0.674761576225174,1.0464755404128,-1.46041650774471,9.2023228666096
-0.269229412180832,-0.176888877928928,1.18106674076024,-0.706966548206102,1.08280112205149,-1.50911390809996,9.16873948634487
-0.262139613956277,-0.174318985382968,1.16427182343887,-0.739750127298469,1.11826627934747,-1.55279235884834,9.12996770038246
-0.255012898504438,-0.171728680841139,1.14709370217264,-0.773011313591113,1.15274536645457,-1.59134412441426,9.0859684055002
-0.247854092764037,-0.169116875379261,1.12956016652162,-0.806637872545722,1.18611149174822,-1.62468775134053,9.03672589717635
-0.240668031782803,-0.166483173846417,1.11170024525159,-0.840508335742782,1.21824165142044,-1.6527754519585,8.98224501558484
-0.233459577502326,-0.163827932761035,1.09354374996701,-0.874494317657793,1.24902199856336,-1.67560101804726,8.92254586567767
-0.226233599543648,-0.161152235476408,1.07512089433229,-0.908463050798354,1.27835292987435,-1.6932068615194,8.85765677058076
-0.218994922494286,-0.158457791038632,1.05646199879476,-0.942280031162275,1.30615363138303,-1.70568868959619,8.78760644227674
-0.21174824738508,-0.155746772707495,1.03759726939339,-0.975811670272099,1.33236570353009,-1.71319657198676,8.71241652062676
-0.204498057705821,-0.153021620230808,1.01855661748447,-1.0089278642845,1.35695550855813,-1.71593173332454,8.63209558652564
-0.197248521944882,-0.150284834733873,0.999369471298717,-1.04150440840835,1.37991496798511,-1.7141391635188,8.54663551001548
-0.19000340503573,-0.147538795598083,0.980064524548455,-1.07342520136275,1.40126068366752,-1.70809686653634,8.45601063140819
-0.182766000417981,-0.144785625379707,0.960669372738957,-1.10458419881169,1.42103143693245,-1.69810306967161,8.36017991334008
-0.175539093081769,-0.142027123070146,0.941210001968714,-1.13488708862395,1.43928429515753,-1.68446289295859,8.25909195541439
-0.168324962346962,-0.139264779447452,0.921710113675365,-1.16425267711419,1.4560896842687,-1.66747585203379,8.1526926923317
-0.161125431346387,-0.136499882003933,0.9021902882092,-1.1926139951484,1.47152584622463,-1.64742524065982,8.04093569592125
-0.153941967940559,-0.133733711073047,0.882667008427837,-1.21991915433165,1.48567309351109,-1.62457003935788,7.92379520360998
-0.146775838364964,-0.13096782239211,0.863151582347815,-1.24613200181014,1.49860821896256,-1.59913962781517,7.80128218419426
-0.139628309210555,-0.128204402656814,0.843649024051457,-1.27123263057634,1.51039935064887,-1.57133129520827,7.67346377229399
-0.132500884140597,-0.125446671524677,0.82415697824455,-1.29521779191296,1.52110148999214,-1.54131034706664,7.54048607337955
-0.125395548285011,-0.122699284511404,0.804664808446919,-1.31810121851996,1.53075295861169,-1.50921246284743,7.40259947861796
-0.118314976426958,-0.119968667253203,0.785153009134161,-1.33991379448823,1.53937300775069,-1.47514780884613,7.26018413136841
-0.111262645251477,-0.117263188704708,0.765593136024363,-1.36070340537696,1.5469608863423,-1.43920621099438,7.11377120487936
-0.104242784176747,-0.114593072090777,0.74594845163357,-1.38053419336671,1.55349665975655,-1.40146244767802,6.96405380745417
-0.0972601158801278,-0.111969965804082,0.726175423642733,-1.39948488287349,1.55894394403576,-1.3619805295982,6.81188080596465
-0.0903193846786182,-0.109406164560801,0.706226071835094,-1.41764590220391,1.56325442432762,-1.3208158699297,6.65822898484164
-0.0834247410979777,-0.10691357488234,0.686050955488924,-1.43511525072932,1.56637361298331,-1.27801467431366,6.50415418786719
-0.0765791159434258,-0.104502618684322,0.665602400073475,-1.45199340673174,1.5682469445238,-1.23361067183655,6.35072892175714
-0.0697837399169774,-0.102181310437915,0.644837475616887,-1.468377895848,1.56882520994736,-1.18762016771447,6.19897907083957
-0.0630379266193165,-0.099954697069521,0.62372031214332,-1.48435827578713,1.56806858790464,-1.14003690468645,6.04983290549812
-0.0563391550780602,-0.0978247365909197,0.602223535381826,-1.50001216750401,1.56594901176841,-1.09082813934023,5.90409113593509
-0.0496834044553775,-0.0957905692112021,0.580328830181352,-1.51540265318899,1.56245107398569,-1.03993280160157,5.76241995464031
-0.0430656435597346,-0.0938490552654389,0.558026798470777,-1.53057702649837,1.55757192367318,-0.987261970654163,5.62536321592392
-0.0364803701719253,-0.0919954340395283,0.535316339415617,-1.54556664861565,1.55132062882568,-0.932701479166547,5.4933670322479
-0.0299221166795151,-0.0902239806967473,0.512203762339398,-1.560387573935,1.54371733978007,-0.876116351307266,5.36681000263235
-0.0233858695958105,-0.0885285787139967,0.488701789445046,-1.57504162940621,1.53479242010402,-0.817356913463892,5.2460337952369
-0.0168673775044995,-0.086903162877515,0.464828549060671,-1.58951770746223,1.5245855808037,-0.756266650011848,5.13137064940789
-0.0103633396964397,-0.0853420148292139,0.440606617348777,-1.60379312149428,1.51314498968376,-0.692692083867222,5.02316583026722
-0.00387147709032908,-0.0838399097010517,0.416062139477553,-1.61783495407893,1.50052632203992,-0.626495049846568,4.92179396286774
0.00260950866081499,-0.082392122649749,0.391224045269783,-1.6316013965753,1.48679174826705,-0.557567626801456,4.82766859791994
0.00908007891705173,-0.0809943128204312,0.366123362517678,-1.64504313555708,1.47200889084094,-0.485849645271465,4.74124453891302
0.0155400907220819,-0.0796423130057071,0.340792618021835,-1.6581048860554,1.4562498019516,-0.411348064407379,4.66301262378036
0.0219890955734635,-0.0783318674069515,0.315265300049123,-1.67072719588027,1.43958999617159,-0.334156660562529,4.59348699322019
0.0284266685211348,-0.0770583756638994,0.289575339475341,-1.6828486337639,1.42210751745716,-0.25447355836368,4.53318550064728
0.0348527174687333,-0.0758167131814098,0.263756558770296,-1.69440840922978,1.40388194546737,-0.17261347279936,4.48260481013027
0.0412677125653944,-0.0746011974243769,0.237842048790328,-1.70534934728621,1.38499319170611,-0.0890115016534675,4.44219271953281
0.0476727774621006,-0.0734057496168137,0.211863469094075,-1.71562097556658,1.36551994540262,-0.00421619256652821,4.4123210321779
0.0540696035373459,-0.0722242596418571,0.185850321948586,-1.72518232687228,1.34553772478229,0.0811286344930322,4.39326253906314
0.0604601840995841,-0.0710511077180696,0.159829302590016,-1.7340039854701,1.32511664938859,0.166311671103274,4.38517514317788
0.0668464087266099,-0.0698817474724582,0.133823851735142,-1.74206896342534,1.30431920842155,0.250588054274746,4.38809489929538
0.0732295937272836,-0.0687132301515838,0.107854013755062,-1.74937218464327,1.28319838332237,0.333215144010755,4.40193808562828
0.0796100406388855,-0.0675445584601492,0.0819366403972558,-1.7559186205493,1.26179644826169,0.413486125995635,4.42651085066997
0.0859867065950742,-0.0663767961451261,0.0560859009001419,-1.76172037238449,1.24014463472127,0.490758510405853,4.46152390720697
0.0923570438598838,-0.0652129105029196,0.0303139958093207,-1.76679315434161,1.21826366472032,0.564475920068287,4.50660936126653
0.0987170318376889,-0.064057372171042,0.00463194406569503,-1.77115266786337,1.19616499852921,0.634182666181303,4.56133699478525
0.105061394034265,-0.0629155683882505,-0.0209496767597972,-1.77481128730861,1.17385255101472,0.699531342311289,4.62522793964078
0.111383971050396,-0.0617930993789047,-0.0464201211576501,-1.77777534711794,1.15132461560546,0.760284106794923,4.69776444454875
0.117678209982932,-0.0606950263536694,-0.0717680375385555,-1.78004318168645,1.12857577793716,0.816308613405947,4.77839518408867
0.123937728158922,-0.0596251306551062,-0.0969812054260637,-1.7816039595022,1.10559867101777,0.867569768133594,4.86653623658514
0.130156910801903,-0.0585852335637558,-0.122046432483967,-1.78243729009067,1.08238548939088,0.914118623483491,4.96156848572193
0.136331503909791,-0.0575746198105186,-0.146949593409196,-1.7825135627288,1.05892922037438,0.956079717055013,5.06283281636104
0.142459162545337,-0.0565896062493372,-0.171675801545116,-1.78179498102708,1.03522455953573,0.993637986037522,5.1696250673364
0.148539910526018,-0.0556232981225191,-0.196209713949067,-1.78023726071796,1.01126846364916,1.02702606757662,5.28119316674805
0.154576462792747,-0.0546655734240531,-0.220535970395505,-1.77779193445773,0.987060278016548,1.05651240562315,5.3967389985037
0.160574361879191,-0.0537033242493823,-0.24463974887011,-1.7744091449629,0.962601381697249,1.08239023637217,5.51542708196244
0.166541890980444,-0.0527209581205036,-0.268507385619616,-1.77004071628998,0.937894342653841,1.10496731683015,5.63640094592322
0.172489751370138,-0.0517011237758513,-0.292126969137352,-1.76464320613408,0.912941664118382,1.12455624525062,5.75880628621939
0.178430528170581,-0.0506255846714711,-0.315488794666599,-1.75818060445076,0.887744306737824,1.14146537071094,5.8818181167182
0.184378005573483,-0.0494761343897109,-0.338585576204922,-1.75062638694415,0.862300244743097,1.15599050068295,6.00466786198085
0.190346417536729,-0.0482354436170589,-0.361412359377947,-1.7419647521542,0.836603321983176,1.16840776282354,6.12666623580018
0.196349723886663,-0.0468877506162248,-0.383966145415859,-1.73219102728908,0.810642608513119,1.17896797572371,6.24721884439864
0.202400984777351,-0.0454193469985756,-0.406245298411071,-1.7213113654213,0.784402347828101,1.18789273361742,6.36583325920536
0.208511876926989,-0.0438188531103228,-0.428248844185183,-1.70934193547482,0.757862472320003,1.19537218512449,6.48211810714215
0.214692364142161,-0.0420773097749803,-0.449975772765636,-1.69630781830505,0.73099958517954,1.20156427893468,6.59577597056362
0.22095051082123,-0.040188129948315,-0.471424434684851,-1.68224178524199,0.703788273479551,1.20659512296494,6.70659238230396
0.227292413701451,-0.0381469564492659,-0.492592087428426,-1.66718307769283,0.676202621909666,1.21056007307783,6.81442307014085
0.233722223028792,-0.0359514654073293,-0.51347461451692,-1.65117625098202,0.648217822462063,1.21352521203144,6.91918111906527
0.240242226438141,-0.0336011447983766,-0.534066413064602,-1.63427010487091,0.619811805930608,1.21552896453953,7.02082513309876
0.246852973867161,-0.0310970672708526,-0.554360428401366,-1.6165166997067,0.590966845847237,1.21658368955217,7.11934895413994
0.253553427405283,-0.0284416683472089,-0.574348305499116,-1.59797044774144,0.5616711001366,1.21667717644137,7.21477310265127
0.260341124779202,-0.0256385355450318,-0.59402062429556,-1.57868726874126,0.531920060424465,1.21577403859102,7.30713784963654
0.267212348703213,-0.0226922107226785,-0.613367187318522,-1.55872380284112,0.501717876023495,1.21381704399668,7.39649768669195
0.274162296581693,-0.0196080064344009,-0.632377331552862,-1.53813667826799,0.471078512432211,1.21072844962008,7.48291689890039
0.281185246282902,-0.0163918366812395,-0.651040241119703,-1.5169818350743,0.440026696046735,1.20641141753025,7.56646593602294
0.288274714220494,-0.0130500626731979,-0.669345242378004,-1.49531390758903,0.408598590679322,1.20075158962989,7.64721830054209
0.295423602083548,-0.00958935471900883,-0.68728206814726,-1.4731856679596,0.376842149822105,1.19361888724145,7.72524771354605
0.302624328505503,-0.00601657189495166,-0.704841082690245,-1.45064753148722,0.344817093088403,1.18486958515595,7.80062537325601
0.309868941964305,-0.00233866156633789,-0.722013463765282,-1.42774712226001,0.312594466721043,1.17434869008337,7.8734171811931
0.317149211418924,0.00143741894335206,-0.738791342356285,-1.40452889569081,0.280255766271484,1.16189263391814,7.94368087379694
0.324456691725378,0.00530475627248578,-0.755167904503608,-1.38103381365542,0.247891623254084,1.14733227572209,8.01146305916003
0.331782761811398,0.0092565085872397,-0.77113746285391,-1.35729906842851,0.215600084531927,1.13049619505758,8.07679621556492
0.339118634956572,0.0132859054862281,-0.786695507968996,-1.33335785364943,0.18348454045986,1.11121425439366,8.13969575662601
0.346455342319819,0.0173862199157897,-0.801838750913133,-1.30923918391389,0.151651382186897,1.08932140935992,8.20015730311811
0.353783693036197,0.0215507131173911,-0.816565169007844,-1.28496776879519,0.120207487029203,1.06466175052267,8.25815432079608
0.361094216688434,0.0257725553705754,-0.830874065748338,-1.26056395143554,0.0892576412482877,1.03709276536659,8.31363628468391
0.368377096617947,0.0300447274347692,-0.844766153597084,-1.23604372546038,0.0589020108659564,1.006489809385,8.36652751314022
0.375622105191445,0.0343599100998561,-0.858243664645675,-1.21141884594518,0.0292337636907815,0.97275076536702,8.41672678116445
0.382818554525137,0.0387103720305017,-0.871310488998618,-1.18669704965143,0.000336931282880936,0.935800845651838,8.46410777564051
0.389955277942039,0.0430878689294433,-0.883972334359311,-1.16188239606864,-0.0277154190066046,0.895597450897399,8.50852040120027
0.397020658153908,0.047483569603772,-0.896236893070814,-1.1369757335996,-0.0548626511318849,0.852134941739113,8.54979289126019
0.404002717292432,0.051888026280189,-0.908113995434301,-1.11197528463492,-0.0810576326918714,0.805449111946927,8.5877346322442
0.410889280919158,0.0562912068068855,-0.919615721460337,-1.086877330041,-0.106267390776827,0.755621083572232,8.62213957696137
0.417668222575277,0.0606826044415088,-0.930756438567049,-1.06167695922001,-0.130473336248183,0.702780290831158,8.65279010996294
0.424327787130451,0.0650514360666604,-0.941552731580063,-1.03636883858048,-0.153671043650141,0.647106197569113,8.67946123370205
0.430856980499267,0.0693869315185168,-0.952023195110697,-1.0109479416633,-0.175869574718862,0.58882841993062,8.70192496457635
0.437246001259035,0.0736787054845931,-0.962188067950284,-0.985410181014727,-0.197090336802977,0.528225012493096,8.71995485293386
0.443486678126841,0.0779171901966236,-0.972068704572781,-0.959752887253457,-0.217365477675407,0.465618822231106,8.73333055909046
0.44957286850914,0.0820940939023833,-0.981686898926942,-0.933975095279562,-0.236735838230323,0.401372003533749,8.74184241824059
0.455500769870775,0.0862028395018477,-0.991064097725799,-0.908077619822867,-0.255248514944626,0.33587898530529,8.74529590663139
0.461269099281848,0.0902389325070718,-1.00022056059308,-0.882062928996962,-0.272954122008039,0.269558343047808,8.74351588379374
0.466879107635668,0.0942002096268378,-1.00917453859283,-0.855934850193626,-0.289903882924016,0.202844111749238,8.73635044316032
0.472334412409772,0.0980869293280651,-1.01794154754023,-0.829698162315141,-0.306146715628247,0.13617705455122,8.72367417219691
0.477640653651219,0.101901682463752,-1.02653380653447,-0.803358138122662,-0.321726496368502,0.0699962835035775,8.70539061765929
0.482804998480278,0.105649121752777,-1.03495989606576,-0.776920098930438,-0.336679690255768,0.00473145093642112,8.68143377960966
0.487835536339158,0.109335530025211,-1.043224666533,-0.750389032229773,-0.351033518024204,-0.0592044468323241,8.65176851862404
0.492740617927432,0.112968265243027,-1.05132940103142,-0.723769304374514,-0.364804789816341,-0.121421727320167,8.61638984600956
0.497528194078057,0.116555132660776,-1.05927221012312,-0.697064479467592,-0.377999481363729,-0.181560231572244,8.57532116440133
0.502205206895475,0.120103739546733,-1.06704861478942,-0.670277236206577,-0.390613061925599,-0.23929509272349,8.52861162261858
0.506777075546083,0.123620885363914,-1.07465225962096,-0.643409359943603,-0.402631515024365,-0.294341924734425,8.47633283275256
0.511247305155129,0.127112031159445,-1.08207569287107,-0.616461779550327,-0.414032931839338,-0.346461146509388,8.41857526096941
0.515617231715389,0.130580878106877,-1.08931115309305,-0.589434618341542,-0.424789512220895,-0.395461073325212,8.3554446418747
0.519885901187913,0.134029069340811,-1.09635131210762,-0.562327234392271,-0.434869786435239,-0.441199427722287,8.28705877827336
0.524050069173074,0.13745601423896,-1.10318993835872,-0.535138236041576,-0.444240874476217,-0.483583049355131,8.21354507504497
0.528104300078409,0.140858822570814,-1.10982246022722,-0.507865470549386,-0.452870626562124,-0.522565784905247,8.13503912022452
0.532041142148211,0.144232329012757,-1.11624642270371,-0.480505995074842,-0.460729531317496,-0.558144760232602,8.05168457055296
0.535851356688383,0.147569186914993,-1.12246184084493,-0.453056047217055,-0.467792327618306,-0.590355421743762,7.96363452314488
0.539524185226936,0.150860013363891,-1.12847145854079,-0.425511035971951,-0.474039302438718,-0.619265843564526,7.87105445663149
0.543047645643022,0.154093574220557,-1.13428092120311,-0.39786557263962,-0.479457292336515,-0.644970817502494,7.7741266976702
0.546408855717911,0.15725700618292,-1.13989886679857,-0.370113555184087,-0.484040425413004,-0.667586182509865,7.67305620358514
0.549594388329437,0.160336081039825,-1.14533693259071,-0.342248309547887,-0.48779064187286,-0.687243731800451,7.56807724341775
0.552590664950354,0.163315523091983,-1.15060966698647,-0.314262778727846,-0.490718016034856,-0.704086885665225,7.45946031331292
0.555384391828055,0.166179392169954,-1.15573432946351,-0.286149737026599,-0.4928408752585,-0.718267161207413,7.3475183656
0.557963035473161,0.168911540083573,-1.16073055949913,-0.257901995786044,-0.494185679389892,-0.729941327889809,7.23261122313686
0.560315321355428,0.171496136947268,-1.1656199003983,-0.229512561959205,-0.494786598534053,-0.739269028715691,7.11514698080095
0.562431724329366,0.173918246723957,-1.17042517745701,-0.200974715984833,-0.494684719110664,-0.746410588275169,6.99557936298762
0.56430490562388,0.1761644121022,-1.17516975110715,-0.172281992709512,-0.49392682788133,-0.751524734056505,6.87440047241405
0.5659300446908,0.17822319331105,-1.17987669036669,-0.143428076728287,-0.492563773267147,-0.754766029240144,6.75212910300316
0.567305019330132,0.180085600063687,-1.1845679330338,-0.114406654663134,-0.490648473778371,-0.756281939083409,6.62929564640415
0.568430405347691,0.181745364550703,-1.18926350909172,-0.0852112912868691,-0.488233714959316,-0.756209595575269,6.50642535161005
0.569309293760708,0.183199025473617,-1.1939808981372,-0.0558354045161461,-0.485369925316136,-0.754672443280937,6.38402205606879
0.569946951657041,0.184445822528457,-1.19873457116782,-0.0262724021739344,-0.482103131484269,-0.75177700790366,6.26255437077237
0.570350374082939,0.185487428806276,-1.20353573792069,0.00348398519720018,-0.478473261476765,-0.747610016114014,6.14244573169591
0.570527783629441,0.186327567737065,-1.20839229172119,0.0334391768589004,-0.474512905288075,-0.74223602586465,6.02406893663059
0.570488131281958,0.18697156805076,-1.21330892166733,0.0635970534878012,-0.470246574974309,-0.735695633140117,5.9077450236353
0.57024064010298,0.187425905945042,-1.21828735030887,0.0939591637600411,-0.465690449909522,-0.7280042372149,5.79374580241752
0.569794417554926,0.187697772336174,-1.22332665316831,0.124523891876812,-0.460852556939334,-0.719151293688839,5.68229909223651
0.569158147216854,0.187794689400269,-1.22842362143007,0.155285652173072,-0.455733319931084,-0.709099969199807,5.57359571478835
0.568339858974325,0.187724188143693,-1.23357313726369,0.186234171019943,-0.450326412842307,-0.697787128546738,5.46779744899602
0.567346769301047,0.187493549332964,-1.23876853965287,0.217353907636152,-0.444619856955555,-0.685123623628272,5.36504538197642
0.566185179609036,0.18710960419121,-1.24400196557279,0.248623656286753,-0.438597309509148,-0.670994903936238,5.26546831473813
0.564860419900683,0.186578588411022,-1.24926465625616,0.280016363433155,-0.432239493318286,-0.655262023045734,5.16919106075057
0.563376826175824,0.185906042522649,-1.25454722117317,0.311499184573687,-0.425525713656674,-0.637763170595079,5.07634259401065
0.561737742526024,0.185096752811198,-1.25983985362092,0.343033796302471,-0.418435400555726,-0.618315912921083,4.98706406024093
0.559945542166267,0.184154729287956,-1.26513249198957,0.374576969110655,-0.410949604437269,-0.596720376836125,4.90151666786898
0.55800166560692,0.183083220336802,-1.27041492039676,0.406081395522556,-0.403052364428213,-0.572763658106132,4.81988943444387
0.555906678640025,0.181884767275053,-1.27567680207078,0.437496756430148,-0.394731866133504,-0.546225774471837,4.74240668890053
0.553660357615967,0.180561305780025,-1.28090763938591,0.468770996197231,-0.385981313230956,-0.516887503612934,4.66933512918804
0.551261814179172,0.179114324244132,-1.28609665683762,0.499851764338467,-0.37679945823003,-0.484540434241289,4.60099011564561
0.548709675329292,0.177545090487398,-1.29123260881501,0.530687968046474,-0.367190773521323,-0.448999490954224,4.53774074971107
0.546002335887864,0.175854956197324,-1.29630352425748,0.561231364769069,-0.357165293130081,-0.41011804014723,4.48001315147547
0.543138297059721,0.174045740888852,-1.30129641634092,0.591438106383386,-0.346738213552943,-0.367805409184217,4.42829121623245
0.540116594307674,0.172120182079333,-1.30619700715993,0.621270125675193,-0.335929399826432,-0.322046220267389,4.38311401365734
0.536937298192273,0.170082414929326,-1.31098954224232,0.650696233038922,-0.324762987589895,-0.272920339114734,4.3450689233155
0.533602043148863,0.167938414881607,-1.31565679069473,0.679692771592266,-0.31326728718183,-0.220621499750298,4.31477963624334
0.530114505501915,0.165696307768437,-1.32018033187496,0.708243672958282,-0.301475164843859,-0.165471910034429,4.29288839473697
0.52648072344657,0.163366436183633,-1.32454120362293,0.736339780337027,-0.289424986447927,-0.107929604153413,4.28003242148736
0.522709143913916,0.160961084927587,-1.32872091853406,0.763977378288122,-0.277162061229878,-0.0485853241131531,4.27681550350261
0.518810310272817,0.158493824513144,-1.33270274614944,0.79115599906231,-0.264740339749799,0.0118533913350457,4.28377709074773
0.514796176968197,0.155978527390157,-1.33647303731775,0.817875749075058,-0.252223951630896,0.072591344274956,4.30136270411291
0.510679138209898,0.153428220541961,-1.34002228218451,0.844134569597111,-0.239688081235128,0.1327859062256,4.32990029112976
0.506470951797094,0.15085401598632,-1.34334559620994,0.86992594431538,-0.227218727926479,0.191593697265737,4.36958674729578
0.502181783995214,0.148264367278963,-1.34644243714981,0.895237535986975,-0.214911088929662,0.248217527738661,4.42048686765623
0.497819574400481,0.145664826576079,-1.34931553401437,0.920051068289181,-0.202866580014983,0.30194740061412,4.48254396897041
0.493389833826811,0.143058354872161,-1.35196918234726,0.944343523749466,-0.191188773056015,0.352190847139519,4.55559837408954
0.488895883700879,0.140446120543409,-1.3544071610663,0.968089495620519,-0.179978687895783,0.398490246709902,4.63940792532714
0.484339463688008,0.13782864941513,-1.35663053283422,0.991264386239803,-0.169329887932647,0.440527295407211,4.73366417839876
0.47972159490605,0.135207171774872,-1.3586355321153,1.01384811044899,-0.159323716169163,0.478116821746861,4.83799874774657
0.475043581838223,0.13258502655257,-1.36041167881987,1.03582900950813,-0.150024837486114,0.511193382259976,4.9519759711323
0.470308043278473,0.129968996096196,-1.36194023189515,1.05720774586174,-0.141477107626731,0.539794442563725,5.07507040057124
0.465519856587971,0.127370428345887,-1.3631931414469,1.07800096402494,-0.133699751975716,0.564043551555324,5.20663084285381
0.460686867875289,0.124805949247732,-1.36413275667812,1.09824441854482,-0.126683971842246,0.584135885919036,5.34583724410099
0.455820175319391,0.122297503383253,-1.3647126375801,1.11799508523483,-0.120390415474592,0.600327031460765,5.49166254998234
0.450933777828125,0.119871452993322,-1.36487978842799,1.13733157216878,-0.114748353852851,0.612924128005008,5.6428569000123
0.446043461957031,0.117556603813646,-1.36457836323894,1.15635212135931,-0.109657619901784,0.622277053799053,5.79797188137465
0.441165013181247,0.115381346394784,-1.36375438202407,1.17516985223005,-0.104994053723857,0.628766952001006,5.95543351036479
0.436312119652352,0.113370492836304,-1.36236046377363,1.19390566715157,-0.100618216860579,0.632790676037988,6.11365449833376
0.431494517782234,0.111542604246622,-1.36035940276513,1.21268008175577,-0.0963859006597536,0.634742212221758,6.27115816888287
0.426716860703173,0.109908454289399,-1.35772579736325,1.23160562742781,-0.092158243223585,0.634994279904878,6.42668057450509
0.421978500081708,0.108470831209536,-1.35444567569118,1.25078113678105,-0.0878095768508435,0.633883657659718,6.57922823420061
0.41727404841141,0.107225428601583,-1.35051469136213,1.27028842193204,-0.0832321818608997,0.63170230325748,6.72808817540097
0.412594408052093,0.106162348930684,-1.3459356866261,1.2901910982597,-0.0783382038046711,0.628694262776317,6.87280223544835
0.407927949250407,0.105267768487456,-1.34071627955199,1.31053491628606,-0.0730595864478955,0.625056928951091,7.01312288895804
0.403261617207146,0.104525468204221,-1.33486684509329,1.33134894042759,-0.0673469385590458,0.620944793622921,7.14896520599338
0.398581860620461,0.10391809765494,-1.32839900835358,1.35264708459092,-0.0611680181662406,0.616474140966664,7.28036383667145
0.393875354880197,0.103428150125726,-1.32132461918963,1.37442972040127,-0.0545062181198888,0.611727688254544,7.40743874142461
0.389129535217223,0.10303868037244,-1.31365511872196,1.39668523263684,-0.0473591976476189,0.606758697132023,7.53037003102268
0.384332969533971,0.102733811847237,-1.30540120392374,1.41939149063129,-0.0397376582647228,0.601594439094392,7.64938061386829
0.379475600502604,0.102499076191434,-1.29657271498271,1.44251724629518,-0.0316641954472339,0.596239104013783,7.7647247896446
0.374548881157916,0.102321617745344,-1.28717869291165,1.46602347806074,-0.0231721448461665,0.59067632874582,7.8766809534562
0.3695458226854,0.102190286496582,-1.27722757337355,1.48986469171364,-0.0143043611270262,0.584871534192449,7.98554684676893
0.364460969440924,0.102095636846678,-1.26672749429746,1.5139901750924,-0.0051119019303016,0.57877422454799,8.09163613469326
0.359290314743121,0.102029847075907,-1.25568669991142,1.53834519110224,0.00434737325463025,0.572320344078709,8.19527542601222
0.354031171121434,0.101986574595446,-1.24411402379454,1.56287208623191,0.0140102481041107,0.565434721785797,8.2968011547303
0.348682009652809,0.101960763782887,-1.23201943024128,1.58751129116102,0.0238095774688747,0.558033577263278,8.39655600221347
0.343242283957303,0.101948425204248,-1.21941458831437,1.6122021956249,0.0336756322938121,0.550027025066502,8.49488475661399
0.337712254696051,0.101946406348817,-1.20631344787264,1.6368838896958,0.0435373044205177,0.541321511407122,8.59212968310393
0.332092829586416,0.101952173924656,-1.19273278281421,1.66149577551784,0.0533231344644748,0.531822154718059,8.68862561794453
0.326385431752753,0.101963625772156,-1.17869266495659,1.68597806455172,0.06296215215736,0.521435044211246,8.78469510593118
0.320591905479991,0.101978946132154,-1.16421683372265,1.71027218302012,0.0723845444447989,0.510069671283544,8.88064397680481
0.314714462967377,0.101996510977616,-1.14933293363249,1.73432111063653,0.0815221862066143,0.497641801063187,8.97675779724586
0.308755668448426,0.102014840246534,-1.13407260470232,1.7580696741343,0.0903090775128334,0.484077176789239,9.07329962315904
0.302718447519604,0.102032581830879,-1.11847142975238,1.7814648086498,0.0986817291928981,0.469316391209262,9.17050937893558
0.296606101350726,0.10204850068521,-1.10256876326729,1.8044557899537,0.106579529134062,0.453320944914226,9.26860497009767
0.290422300974997,0.102061440555013,-1.08640748008258,1.82699443392836,0.113945112543906,0.436079893021196,9.36778488943476
0.28417104046058,0.102070232038521,-1.07003367786709,1.84903526099221,0.120724756478879,0.41761569724145,9.46823168248259
0.277856542122371,0.10207354240638,-1.05349633992344,1.87053563234506,0.126868820434721,0.397987344562171,9.57011537337877
0.271483129055656,0.102069694478079,-1.03684692403702,1.89145587535605,0.132332249281193,0.377288968655998,9.67359601614024
0.265055100242814,0.102056508679971,-1.02013881384325,1.91175941758886,0.137075130367403,0.355643330423355,9.77882498407934
0.25857664958779,0.102031227559836,-1.00342657548789,1.93141293861847,0.141063255447063,0.3331911722589,9.8859452377502
0.252051858037404,0.101990560766235,-0.986765006422203,1.95038653179771,0.144268600355128,0.31007878777726,9.99509126019299
0.24548476458755,0.10193085296109,-0.970208021241961,1.96865385556358,0.14666962440828,0.286446451658041,10.106389373802
0.238879500566681,0.10184834683512,-0.953807460651832,1.98619225243355,0.148251314748692,0.262419624786766,10.2199588039962
0.232240461407511,0.101739500814024,-0.937611918193385,2.00298282187159,0.149004946390243,0.238103659081456,10.3359133848622
0.225572491810242,0.101601325782591,-0.921665660250863,2.01901044466952,0.148927577447655,0.213581708466343,10.4543634483588
0.218881068438329,0.101431718794223,-0.906007683189072,2.03426376672466,0.14802133746491,0.188915018812878,10.5754172866857
0.212172472985235,0.101229785577136,-0.890670920531284,2.04873515783811,0.146292590764329,0.164144687604426,10.6991815794059
0.205453953865685,0.100996152797938,-0.875681589398942,2.06242066725981,0.14375106824314,0.139294162365147,10.8257602419818
0.198733875701614,0.100733274222384,-0.861058650349042,2.07532000318452,0.140409063764325,0.114372003770269,10.9552512152874
0.192021852345451,0.100445732564462,-0.846813347656432,2.08743656836887,0.136280788205693,0.0893746683607728,11.0877407604547
0.185328851909795,0.100140531524353,-0.83294879774418,2.09877758738385,0.131381966521432,0.0642892278993514,11.223294880596
0.178667251672602,0.0998273604344277,-0.819459602832332,2.10935436027051,0.125729749554877,0.0390960350225395,11.3619476288168
0.172050807745676,0.0995187971479144,-0.806331486935212,2.11918266856023,0.119342988565608,0.0137713762163875,11.5036863777454
0.165494491382015,0.0992303945068175,-0.793540983934082,2.12828333746276,0.112242879427752,-0.0117098703371015,11.6484347265338
0.159014135754291,0.0989805759953999,-0.781055251911608,2.13668291728767,0.1044539175407,-0.0373716294342621,11.7960346743376
0.152625842299905,0.0987902557705754,-0.76883213734613,2.14441438640823,0.0960050112942968,-0.0632342514233725,11.9462309262769
0.146345124451032,0.0986821105847905,-0.756820650203691,2.15151770596587,0.0869304942339982,-0.0893126718227817,12.0986613885351
0.140185825080881,0.0986794797136794,-0.744962009626694,2.15803999796261,0.0772706910734918,-0.115615509548814,12.2528583997491
0.134158925362734,0.0988049567705712,-0.733191352927341,2.16403511299886,0.0670716888952245,-0.142145477911274,12.4082642358929
0.128271439583563,0.0990788439938961,-0.721440062097872,2.1695624380011,0.0563840937586641,-0.1689012779969,12.564261495638
0.12252562115311,0.099517720281604,-0.709638487836222,2.17468496888663,0.0452608107913339,-0.195880789105717,12.7202147279801
0.116918658292645,0.100133380277137,-0.697718714946761,2.1794668820108,0.0337541838642065,-0.223085003166213,12.8755158481235
0.111442920845089,0.100932316379802,-0.685616986512531,2.18397098732576,0.0219130297303873,-0.250521953958054,13.0296244794909
0.106086681618746,0.101915772889862,-0.673275505441226,2.18825646285419,0.0097801023093577,-0.278209971156636,13.1820961545893
0.100835137331946,0.103080266709375,-0.660643510025127,2.19237715422885,-0.00260966152179295,-0.30617988850246,13.3325952879698
0.0956715282662129,0.104418394421342,-0.647677692563398,2.1963805419139,-0.0152300254222245,-0.334476188874308,13.4808939739859
0.0905781931783468,0.105919742695516,-0.634342136504864,2.20030731462426,-0.0280635982066798,-0.363157321058841,13.6268603407782
0.0855374633272422,0.107571764628516,-0.620607974883951,2.20419138916977,-0.0411014894305483,-0.392295509085098,13.7704409670603
0.0805323642541871,0.109360545505965,-0.606452943486459,2.20806018834674,-0.0543427451630825,-0.421976316156381,13.9116412496014
0.0755471389213667,0.111271433493981,-0.591860948488007,2.21193500658653,-0.0677937931471366,-0.452298074923545,14.0505064034113
0.0705676282460879,0.113289544165963,-0.57682171465015,2.21583133068365,-0.081468067251255,-0.4833710944324,14.1871046068209
0.0655815498338801,0.115400162812565,-0.561330538457591,2.21975902151713,-0.0953859270045192,-0.515316312513897,14.3215129760864
0.0605787089322869,0.117589069324217,-0.545388143415888,2.22372229494993,-0.10957494620928,-0.548262769920801,14.453806635823
0.0555511614648152,0.119842801110913,-0.529000619898456,2.22771946800706,-0.124070609084736,-0.582342929454848,14.5840510906088
0.0504933291274412,0.122148852657757,-0.512179425298318,2.23174246890131,-0.138917407336019,-0.617684479722311,14.7122983032679
0.0454020413445752,0.124495788023696,-0.494941416405803,2.23577616070648,-0.154170253350025,-0.654396980845278,14.8385872154598
0.0402764503432546,0.126873219158532,-0.477308877715252,2.23979761469338,-0.169895985847052,-0.692551842970051,14.9629496962525
0.0351177416606234,0.129271588654411,-0.459309488328758,2.24377559859944,-0.186174527326556,-0.732155217299704,15.0854227273672
0.0299285614519699,0.131681709232486,-0.440976132030644,2.24767069470221,-0.203098983387695,-0.773116030615567,15.2060665683047
0.0247121311593357,0.134094075484047,-0.422346413144129,2.25143654920948,-0.220773769046782,-0.815215695850421,15.3249863792915
0.0194711371714349,0.136498079259854,-0.403461739702726,2.25502263141433,-0.239309929244236,-0.858090572250891,15.4423517414203
0.0142066408401234,0.138881383033898,-0.384365940149782,2.25837842279479,-0.258817413050682,-0.901239651377945,15.558406397333
0.00891735917488643,0.141229739533736,-0.365103611155026,2.26145823790044,-0.279395132871148,-0.944064564995594,15.6734617832741
0.00359960663252896,0.143527412598216,-0.345718648898168,2.26422528578243,-0.301120710435432,-0.985936927543648,15.7878735746803
-0.00175205493175195,0.145758093309644,-0.326253490299986,2.26665360101038,-0.324042169212241,-1.02627543212918,15.9020080712488
-0.00714370488769575,0.147905980514049,-0.30674935878265,2.26872723817815,-0.348173152401248,-1.06461048974085,16.0162099041132
-0.0125808954397976,0.149956655865597,-0.287247383925458,2.27043719671226,-0.373491960525634,-1.10062068548188,16.1307810943017
-0.0180677753918286,0.151897531633025,-0.267790118353354,2.27177727444185,-0.399943636249261,-1.13413792362542,16.2459753592011
-0.0236066654070163,0.153717858372032,-0.248422897927348,2.27274011651983,-0.427443977235573,-1.16512877645367,16.3620050888157
-0.0291980545536549,0.155408424592418,-0.229194658255479,2.27331429037432,-0.455884619858649,-1.19366371114081,16.4790549622231
-0.0348408808985639,0.156961122254818,-0.210158074392903,2.27348265116505,-0.485138770649184,-1.21988426590283,16.5972962352649
-0.0405329391362251,0.158368521166898,-0.191369091625583,2.27322184313894,-0.515067421624034,-1.24397415819912,16.716897824557
-0.0462712902565745,0.159623539380516,-0.172886012780703,2.27250259008043,-0.545525887587874,-1.26613652029661,16.8380327401509
-0.0520525961605026,0.160719245917595,-0.154768320800871,2.27129041209823,-0.576370358455334,-1.28657712815667,16.9608801996981
-0.0578733452780295,0.161648796784628,-0.137075385856781,2.26954648173928,-0.607464023430098,-1.30549253818681,17.0856246483805
-0.0637299662882326,0.162405484644101,-0.119865166696337,2.26722843415336,-0.638682296810711,-1.32306192719266,17.212453068804
-0.0696188455319906,0.16298287323809,-0.103192981936883,2.26429103743714,-0.669916774220345,-1.33944163912007,17.3415516671972
-0.0755362716992271,0.163374986642981,-0.0871104015972864,2.26068669633551,-0.701077728482472,-1.35476168259957,17.4731025170282
-0.0814783316023115,0.163576528294165,-0.0716642893879992,2.25636580445087,-0.732095149227621,-1.36912358714162,17.6072802106575
-0.0874407761929246,0.163583113310925,-0.0568960081940026,2.25127698330206,-0.762918483957749,-1.38259911146895,17.7442481234488
-0.0934188692029725,0.163391507842075,-0.0428407823940786,2.24536726008632,-0.793515323147105,-1.39522934215039,17.8841535827778
-0.0994072243319906,0.162999878854201,-0.0295271910315002,2.23858224859721,-0.823869288817915,-1.40702376205795,18.0271210699617
-0.105399632773594,0.162408064987515,-0.0169767473894606,2.23086641537331,-0.853977354688457,-1.4179589312683,18.1732425714874
-0.111388882663783,0.161617881778651,-0.00520350701104601,2.22216353693378,-0.883846774050442,-1.42797652177006,18.3225643613544
-0.117366576938257,0.160633470483373,0.00578635701158022,2.21241747861823,-0.913491746206304,-1.4369805897324,18.4750698995592
-0.123322966684117,0.159461686618311,0.0159950588860419,2.20157343810117,-0.942929935851444,-1.44483415890366,18.6306592641431
-0.129246832610833,0.158112500585605,0.0254337948058543,2.18957977638525,-0.972178986141662,-1.45135541901179,18.7891266709652
-0.135125464376492,0.156599349484325,0.0341233716072427,2.17639048163728,-1.00125323528992,-1.45631408151191,18.9501391291954
-0.140944798923146,0.154939343405182,0.0420947257863977,2.16196816075621,-1.03016093558765,-1.45942860868267,19.1132208092001
-0.146689773914319,0.153153206296724,0.0493891026922575,2.14628724409281,-1.05890233097693,-1.46036503142452,19.277748560532
-0.152344920843357,0.151264841828525,0.0560576235892963,2.12933688495537,-1.08746890430978,-1.45873780006325,19.4429632659748
-0.157895163888055,0.149300474311659,0.0621600191664542,2.11112294762436,-1.11584390880246,-1.45411258683062,19.6079987138409
-0.163326722017786,0.147287417426901,0.0677624710902544,2.09166860616379,-1.1440039784034,-1.4460103916087,19.7719248640208
-0.168627964726602,0.145252632373077,0.072934734386639,2.0710134244941,-1.17192129901824,-1.43391206329316,19.9337976273934
-0.173790074119894,0.143221299617903,0.0777469114924025,2.04921121642045,-1.19956568852962,-1.41726274945377,20.0927049902712
-0.178807420817072,0.141215611213061,0.0822663143544623,2.02632727697894,-1.22690607134534,-1.39547683237237,20.2478008189671
-0.183677641425269,0.139253904229493,0.0865547558949045,2.00243558512535,-1.25391118133008,-1.36794523957051,20.3983221834049
-0.1884014732858,0.137350146463106,0.0906664162957192,1.97761631578894,-1.28054971244652,-1.33404807966864,20.5435912754629
-0.192982433240848,0.135513702210586,0.0946462335746339,1.95195361243151,-1.30679038873538,-1.29317582057556,20.683006842993
-0.197426419917208,0.133749274269218,0.0985286525658946,1.92553323706172,-1.33260245505568,-1.24476127315916,20.8160316218172
-0.201741288016845,0.132056937260926,0.10233656454694,1.89843956686132,-1.35795689230353,-1.1883221833809,20.9421817861239
-0.205936406445094,0.130432230271432,0.106080372096177,1.87075151514541,-1.38282828764446,-1.12351032517509,21.0610226742478
-0.210022183942099,0.128866341692099,0.109757281720883,1.84253732269759,-1.40719684432893,-1.0501584600202,21.1721726458955
-0.214009534702887,0.127346472363275,0.113351097047558,1.81384870886932,-1.43104965997326,-0.968313311683735,21.2753144232961
-0.217909265247102,0.125856481320899,0.116832876757174,1.78471539707487,-1.45438033145711,-0.878243305282266,21.3702112161013
-0.221731389191081,0.12437788648846,0.120162763595284,1.75514127908882,-1.47718628002008,-0.780415680563101,21.456723908547
-0.225484408459151,0.122891215594578,0.123293072163871,1.72510327285325,-1.49946385190399,-0.675447244589275,21.5348259303168
-0.229174624191759,0.121377609851799,0.126172419963518,1.69455329906697,-1.52120194340899,-0.56404208183512,21.6046138946571
-0.232805548489972,0.119820513935779,0.128750429547574,1.66342303081881,-1.54237528929896,-0.4469333154552,21.6663138513892
-0.236377479963121,0.118207264482908,0.1309824231674,1.63163050149326,-1.5629385030755,-0.32484286116011,21.7202841350022
-0.239887291839576,0.116530409645459,0.132833585912649,1.5990874736373,-1.58282160817366,-0.198465269647123,21.7670157969747
-0.243328471386499,0.114788628052307,0.134282215825698,1.56570661592538,-1.6019274224612,-0.0684732264683681,21.8071306611871
-0.246691444507061,0.112987144676318,0.135321818320498,1.53140780364895,-1.62013093590854,0.0644638218317305,21.8413757522814
-0.249964208952562,0.111137563290732,0.135961892369922,1.4961230745296,-1.63728073895488,0.199658936503397,21.8706119596298
-0.253133268365547,0.109257071181182,0.136227319188316,1.45979989652765,-1.65320246747531,0.336394901703274,21.8957949252094
-0.256184801042095,0.107367044910273,0.136156360747001,1.42240252746941,-1.66770399592928,0.473925677758802,21.9179475606823
-0.259105926364524,0.105491196500591,0.135797446234794,1.38391148490498,-1.68058175235129,0.611492892077443,21.9381260168924
-0.261885882440904,0.103653510927669,0.135205140994888,1.34432151580353,-1.69162724278702,0.748352625760045,21.9573833948099
-0.264516934303858,0.101876281024656,0.134435858469122,1.30363882472576,-1.70063289855106,0.883804197429637,21.9767367557504
-0.26699489967049,0.100178507432622,0.133543893308674,1.26187848455625,-1.70739677863066,1.01721240784285,21.9971423075193
-0.269319279662699,0.0985748128854629,0.132578201707871,1.21906280644542,-1.7117263012235,1.14801748707655,22.0194813179662
-0.271493070070618,0.0970748779463722,0.13158010639442,1.17522105147616,-1.71344173041376,1.27573106515887,22.0445564724861
-0.273522373589613,0.0956832979062714,0.130581870463753,1.13039040493448,-1.71238035340151,1.39991997650947,22.0730961893002
-0.275415931373497,0.0943997162490381,0.129605945919807,1.08461777005286,-1.70840206906871,1.52018164540969,22.1057633376108
-0.277184659124916,0.0932191036107341,0.128664678047922,1.03796174968611,-1.70139653466252,1.63611533220865,22.1431646988429
-0.278841228345036,0.0921321005291504,0.127760310239431,0.990494173941591,-1.69129122315307,1.74729338611067,22.185857920328
-0.280399690738034,0.0911254053580942,0.126885245518824,0.942300671410806,-1.67805891759056,1.85323656817811,22.2343533044647
-0.281875109959704,0.0901822488259595,0.126022641805191,0.893480037666033,-1.66172257237393,1.95339780863973,22.2891085297716
-0.283283144606345,0.0892830394205329,0.125147509553428,0.844142476830171,-1.64235544206271,2.04715923705235,22.350515549921
-0.284639525838641,0.0884062727093772,0.124228501008606,0.794407090000848,-1.62007521955697,2.13384719859039,22.4188807342191
-0.285959399071017,0.0875297571146713,0.123230492295911,0.744399132726409,-1.59503266138717,2.21276810602105,22.4944017447905
-0.287256551826267,0.0866321160107322,0.122117856999214,0.694247465853977,-1.56739730070203,2.28326353677701,22.5771469828009
-0.288542614004189,0.0856944074853533,0.120858070744478,0.644082310674521,-1.53734433992501,2.34477652247152,22.6670443607396
-0.289826362287911,0.0847016138307502,0.119425091382765,0.594033085944936,-1.50504665607012,2.39691512232441,22.7638844727781
-0.291113258415335,0.0836437478837097,0.117801948633612,0.544225996387315,-1.47067380457816,2.43949780182847,22.8673389811733
-0.29240529732862,0.0825164148309175,0.11598217704551,0.494781247011426,-1.4343968936261,2.47256982462643,22.976989965646
-0.293701163137656,0.0813208097372179,0.113970036926542,0.445810113531518,-1.39639578212548,2.49638893117824,23.0923625983574
-0.294996627672948,0.0800632514953693,0.111779734879209,0.397412339243811,-1.35686438186941,2.51138734534829,23.2129533242424
-0.296285101270235,0.0787544080196984,0.109433979740152,0.349674309014471,-1.31601098996259,2.51812165433586,23.33824835548
-0.297558254921429,0.0774083577544141,0.106962194093907,0.302668230807611,-1.27405271989198,2.51722159157234,23.4677310560932
-0.29880665843607,0.0760415906165478,0.104398612573484,0.25645229385595,-1.23120519380918,2.50934517873788,23.6008800421071
-0.300020403403254,0.0746720086914296,0.101780402711005,0.211071592294759,-1.18766998750588,2.49514359035415,23.7371617186188
-0.301189694137212,0.0733179593221077,0.0991458769706374,0.166559537149582,-1.14362266379483,2.47523604787289,23.8760214855074
-0.302305393813953,0.071997322776203,0.0965328316661446,0.122939501009671,-1.09920375966359,2.45019338538191,24.0168773260289
-0.303359509856015,0.0707266787999653,0.0939770421172293,0.0802265071302461,-1.05451416398238,2.42052834201276,24.1591183447746
-0.304345596698897,0.06952058456453,0.0915109527881175,0.0384288561423091,-1.00961529780433,2.38669067737749,24.3021093554172
-0.305259049914335,0.0683910040262866,0.089162615019363,-0.00245034192595541,-0.964533647654287,2.34906553985032,24.4452010917083
-0.306097267057813,0.0673469294698965,0.0869549322241886,-0.0424117100399826,-0.919268629237435,2.30797394571532,24.5877442877717
-0.306859659322291,0.0663942262083504,0.0849052644946681,-0.0814581801119608,-0.873802490277879,2.26367463850853,24.7291050040375
-0.307547512931394,0.0655357113911136,0.0830254188987627,-0.119593574564604,-0.828110945652775,2.21636692627372,24.8686783405121
-0.308163716398831,0.0647714522016662,0.0813220133960984,-0.156821202494106,-0.782173395850096,2.16619430931299,25.0058980872831
-0.308712384655287,0.064099244218156,0.0797971615811375,-0.193142523257189,-0.735981828190675,2.11324881822645,25.1402407323718
-0.309198420179442,0.0635152132719298,0.0784493929910977,-0.2285559637075,-0.689547770107653,2.05757601682901,25.2712232875933
-0.309627053682016,0.0630144765174038,0.0772747059897086,-0.263055987715562,-0.642906910559523,1.99918063338421,25.3983953281566
-0.31000340379975,0.0625917999525851,0.0762676481799263,-0.296632506677596,-0.596121212948171,1.93803280504981,25.5213263087397
-0.310332088907596,0.0622421975640924,0.0754223297021452,-0.329270693052259,-0.549278517042559,1.87407497459728,25.63958959087
-0.310616916610454,0.0619614285511042,0.0747332928917959,-0.360951223860063,-0.502489785406922,1.80722956684336,25.7527447607935
-0.310860668939148,0.0617463614662344,0.0741961833354092,-0.39165094507128,-0.455884305887499,1.73740768258967,25.860319830694
-0.311064994072352,0.0615951864605648,0.0738081894168705,-0.421343916058307,-0.409603317200662,1.664519158016,25.9617948765295
-0.311230408294044,0.0615074688368917,0.0735682382986696,-0.450002768373527,-0.363792664699072,1.58848441501006,26.0565886106693
-0.311356404422876,0.0614840489626442,0.0734769552788888,-0.477600295222096,-0.318595190215212,1.5092485270362,26.1440493196495
-0.311441654689276,0.0615268056554911,0.0735364108913981,-0.504111175032128,-0.274143581645604,1.42679778453493,26.223451500437
-0.311484286729892,0.0616383128936302,0.0737496971802097,-0.529513720325967,-0.230554330294941,1.34117869120222,26.2939993810591
-0.311482201144508,0.0618214333647735,0.0741203929674096,-0.553791526571113,-0.187923261393717,1.25251869191907,26.3548382881775
-0.31143338889874,0.0620789062457888,0.0746519984711255,-0.57693487160253,-0.146322836681358,1.1610470013539,26.4050744829076
-0.311336199299459,0.0624129978547701,0.0753474399480406,-0.598941687724588,-0.105801126663794,1.06711274643707,26.4438035467582
-0.311189508937703,0.062825286424917,0.0762087571659038,-0.619817910082558,-0.0663820845530668,0.971196502563302,26.4701465403157
-0.31099275495699,0.0633166375221062,0.0772370765659508,-0.639577023237103,-0.0280665993635628,0.873910650824316,26.4832918689228
-0.310745826964529,0.0638873868462156,0.0784329257779936,-0.658238715000826,0.0091661831152407,0.775984419668728,26.4825391196461
-0.310448859270196,0.0645376825519232,0.0797968549487531,-0.675826719811896,0.0453576016533626,0.678231504038735,26.4673394871854
-0.310102016828198,0.0652678646532036,0.081330213114291,-0.692366170263495,0.0805683284800477,0.581501752055518,26.4373266378682
-0.309705403366201,0.0660787030191573,0.0830358239184179,-0.707881000390888,0.114877103900228,0.486622659087936,26.3923330191796
-0.309259219424842,0.0669713063992736,0.0849182617144356,-0.722392058842933,0.148379002597886,0.394339642925478,26.3323902884714
-0.308764257227947,0.0679465616619998,0.0869834695319098,-0.735916533143376,0.181182916182525,0.305264690458318,26.257718150049
-0.308222753115601,0.0690040465109205,0.0892375641299356,-0.748469087147709,0.213408072789561,0.219840486569389,26.1687117128884
-0.307639546665928,0.0701404513175654,0.0916847940780581,-0.760064876152092,0.245179529464082,0.138322617623305,26.0659413060189
-0.307023422342099,0.0713476379357434,0.0943247299602288,-0.770724415804304,0.276622619356493,0.0607778473759261,25.9501785667642
-0.306388412873369,0.0726105857824591,0.097148909297804,-0.78048011017589,0.307856424488511,-0.0129064655530759,25.8224567259172
-0.305754697645617,0.0739056759716686,0.100137424233929,-0.78938390352137,0.338986729547157,-0.083007194490899,25.6841591720252
-0.305148562560427,0.0752000313780123,0.10325637816423,-0.797514777996894,0.370099806025998,-0.149948024611623,25.5371077075339
-0.304600854828252,0.0764527797480008,0.106457570875829,-0.804983735909698,0.401259543119194,-0.21427998837772,25.3835972263894
-0.304143721417529,0.0776187699247554,0.10968166801988,-0.811933262945768,0.432510798675458,-0.276657175268368,25.2263181110428
-0.303806237089439,0.0786542350472374,0.112864928115886,-0.818529389700943,0.463889986559415,-0.337804548332896,25.0681466320745
-0.303610336371875,0.0795226689845366,0.11594765320916,-0.824947685413694,0.495440104171869,-0.398478357205899,24.9118590351875
-0.303568485761306,0.0801988545344866,0.118881406906054,-0.83135774814384,0.527224619929608,-0.459424574638253,24.7598778763039
-0.303683616978777,0.0806699934501603,0.121632831309998,-0.837911171944507,0.559335652572466,-0.521342473751685,24.6141374582344
-0.303950772762718,0.0809343499691858,0.124183836943755,-0.844735418933418,0.591895587328495,-0.584857333125271,24.4760817313034
-0.304359474003383,0.0809985987106216,0.126529379461185,-0.851933018946293,0.625054264184574,-0.650501446745376,24.3467489863666
-0.304896019713313,0.0808749610413983,0.128674287011684,-0.859584076166106,0.658984480602853,-0.718699845036442,24.2268848079409
-0.305545345103576,0.0805787252387687,0.130630123844523,-0.867750186418614,0.693877599727935,-0.789757326393471,24.1170424494126
-0.306292367499512,0.0801263310519001,0.132412519893649,-0.876478615745149,0.729939900336048,-0.863845380175173,24.0176525226188
-0.307122880110759,0.0795339953308494,0.134039058583911,-0.885806252904241,0.767389599269658,-0.940989950508014,23.9290594738075
-0.308024071491117,0.0788168083496944,0.135527696809351,-0.895763201272295,0.806454246780017,-1.02106284590557,23.851530180236
-0.308984726395453,0.077988250157681,0.136895694156372,-0.906375963770986,0.847368241806975,-1.10378041683469,23.7852431931271
-0.309995146278049,0.0770600989664861,0.138159062099588,-0.91767011920041,0.89037033247471,-1.1887126082118,23.73026801831
-0.311046831177491,0.0760427001617582,0.13933255248041,-0.92967230682184,0.935701004261256,-1.27530368981533,23.6865432906847
-0.312131985011918,0.0749455345051609,0.140430169770188,-0.942411312850108,0.983599536716385,-1.36290340652936,23.6538609726559
-0.31324292800981,0.0737779855767352,0.141466126656153,-0.955918123660195,1.03430024997724,-1.45080489850608,23.631861070127
-0.314371507552239,0.0725501822506077,0.142456097892574,-0.970224959374508,1.08802718385381,-1.53828442809918,23.6200384637912
-0.315508585820443,0.0712737950678202,0.143418590370537,-0.985363476947765,1.1449863277953,-1.62463813106139,23.6177610835891
-0.316643655282762,0.069962692228585,0.144376246069851,-1.00136248099722,1.20535470434286,-1.70921242072312,23.6242972866264
-0.317764604490772,0.068633395707227,0.145356916666076,-1.01824557374111,1.26926617740793,-1.79142659924576,23.6388498700381
-0.318857638916194,0.0673053037138599,0.146394373722543,-1.03602920754526,1.33679477281843,-1.8707879220949,23.6605941979599
-0.319907358925611,0.066000654453036,0.147528533983559,-1.054721577506,1.40793739412417,-1.94690035958128,23.6887179387722
-0.320897004407048,0.0647442028150942,0.148805089406869,-1.07432270096211,1.48259878704299,-2.0194685120381,23.7224596519587
-0.321808881721886,0.0635625808076653,0.150274454622049,-1.09482586056402,1.56058205069157,-2.08829775882787,23.7611430657915
-0.322624982081556,0.0624833297057238,0.151990000528089,-1.11622033312198,1.64158755169462,-2.15329110204845,23.8042037521819
-0.3233277763042,0.0615336333551652,0.154005637025982,-1.13849502056708,1.72522166389692,-2.21444266710732,23.8512054519475
-0.323901135100468,0.0607388386009727,0.156372921173371,-1.16164232044806,1.81101465849697,-2.27182770141291,23.901844671883
-0.324331291186275,0.0601208987826134,0.159137961849581,-1.18566141999581,1.89844501855835,-2.32558922410085,23.9559440660831
-0.324607744679523,0.0596968979194701,0.162338433858734,-1.21056023818907,1.9869662198801,-2.37592205985797,24.0134368987477
-0.324724022603527,0.0594777984215297,0.166000993535712,-1.2363554729113,2.07603202085218,-2.42305554904622,24.0743459370771
-0.324678230869229,0.0594675137821742,0.170139324278871,-1.26307056593855,2.16511738473597,-2.4672365071862,24.1387601521896
-0.32447336947332,0.0596623599227955,0.174752968150972,-1.29073177952735,2.25373374615966,-2.50871390582951,24.2068117746643
-0.32411740675382,0.0600509021106994,0.179827044433001,-1.31936290161149,2.34143879256239,-2.54772633119617,24.2786550182645
-0.323623121459129,0.0606141948592134,0.185332921794324,-1.34897931142363,2.42784185661498,-2.58449271334688,24.3544466419389
-0.323007724487526,0.0613264051023875,0.191229882635983,-1.37958221994395,2.51260632248887,-2.6192062802586,24.4343277915769
-0.32229227135503,0.0621558044975111,0.197467775540589,-1.41115384375182,2.59545028330286,-2.65203129711534,24.5184063509604
-0.321500877065034,0.0630661070060327,0.203990582134197,-1.44365408970449,2.67614628131734,-2.68310194990309,24.6067392667041
-0.320659749749273,0.0640181101137414,0.210740730785125,-1.47701906218916,2.75452052305232,-2.71252271323201,24.6993148486183
-0.319796068669555,0.0649715737454371,0.217663887498414,-1.5111614223438,2.83045161730411,-2.7403696564553,24.7960357406863
-0.318936745811294,0.0658872430883826,0.224713865337808,-1.54597240433279,2.90386868175539,-2.76669232420442,24.8967039958655
-0.318107128749459,0.0667288923039997,0.23185723582253,-1.58132517557607,2.97474859099774,-2.79151601239676,25.001010359339
-0.317329725597281,0.0674652375739918,0.2390772110962,-1.61707921083074,3.0431121565286,-2.81484439528055,25.1085302977068
-0.316623057153235,0.0680715457756151,0.246376403400614,-1.65308537708309,3.10901910195093,-2.83666250830924,25.2187292399595
-0.316000757531038,0.0685307615582468,0.253778167727049,-1.68919142206326,3.17256180710209,-2.8569400455282,25.3309786342614
-0.315471038915382,0.0688340068898163,0.261326398765189,-1.725247482564,3.23385794080054,-2.87563481066773,25.4445826719413
-0.315036597745546,0.068980383136553,0.269083869882926,-1.76111111029308,3.29304227654563,-2.89269602346254,25.5588132001949
-0.314694970251258,0.0689761174881288,0.27712942529727,-1.79665124627555,3.35025815826995,-2.90806709879126,25.6729481996864
-0.314439263551652,0.0688332118118429,0.285554500662193,-1.8317506553563,3.40564919951689,-2.9216875396615,25.7863081383936
-0.314259123159276,0.0685678321660482,0.294459495255409,-1.86630658470712,3.45935180627146,-2.93349371835577,25.8982850334312
-0.314141771807004,0.0681986936179293,0.303950436796162,-1.90022976236969,3.5114889947359,-2.94341851238363,26.0083609340964
-0.314072973027859,0.0677456481212737,0.314136204631928,-1.93344217857941,3.56216576601751,-2.95138994299208,26.1161149720533
-0.314037822440092,0.0672285979758597,0.325126373180767,-1.96587428917325,3.61146606932165,-2.95732908744768,26.2212202140364
-0.314021328609561,0.0666667665146655,0.33702956276416,-1.99746230780755,3.65945120109838,-2.96114759968416,26.3234327737362
-0.314008795387524,0.0660782857012855,0.349952069335847,-2.0281461336447,3.70615938651662,-2.96274520684414,26.4225759613294
-0.313986049392991,0.0654800177496496,0.363996491588408,-2.05786824342124,3.75160627131046,-2.96200758534264,26.5185219645997
-0.313939568599554,0.0648875141375498,0.37926007406867,-2.08657361272103,3.79578608926185,-2.95880507282827,26.6111730305522
-0.313856564170369,0.0643150247010403,0.395832528737927,-2.1142104673629,3.83867332570822,-2.95299272548708,26.7004436177796
-0.313725052755515,0.0637754948508152,0.413793180037304,-2.14073144959934,3.88022473718716,-2.94441224260493,26.7862446326488
-0.313533935681542,0.0632805231862289,0.43320739645617,-2.16609466598909,3.92038159383164,-2.9328962031829,26.8684706374228
-0.313273079971458,0.0628402873588201,0.454122415556726,-2.19026410674942,3.95907198885285,-2.91827485780585,26.9469907517299
-0.312933378596701,0.0624634753244069,0.476562819150561,-2.21320910253925,3.99621303511254,-2.90038539193437,27.0216437799365
-0.312506757248419,0.0621572758657603,0.500526041034574,-2.23490277929754,4.03171278211956,-2.87908316611758,27.0922378381343
-0.311986093883295,0.0619274833470064,0.525978360807706,-2.25531980580744,4.06547177256329,-2.85425402227851,27.1585544222315
-0.31136502526278,0.0617787576850322,0.552851835238578,-2.27443400373843,4.09738432469679,-2.82582641824828,27.2203564826916
-0.310637630557283,0.0617150547123936,0.581042546788857,-2.29221652360655,4.12733984412926,-2.79378200301747,27.2773996943927
-0.309798004306437,0.0617402085366967,0.610410433136589,-2.30863524200932,4.15522466397863,-2.75816333010453,27.3294457744722
-0.308839757347927,0.0618586104337867,0.640780839176239,-2.32365581453569,4.180924991834,-2.71907773335722,27.3762764497598
-0.307755510567835,0.0620758937472769,0.671947833233855,-2.33724447477423,4.20433142443581,-2.67669690465614,27.4177065567863
-0.306536465664216,0.0623995093172412,0.703679255612172,-2.34937227962693,4.22534515091689,-2.63125230772574,27.4535948218873
-0.305172141332724,0.0628390711487733,0.735723394223851,-2.36002015356482,4.2438854648984,-2.58302710228341,27.4838511501128
-0.303650346334849,0.0634063752775772,0.767817071105404,-2.36918386385019,4.25989769299213,-2.53234562302766,27.5084397385757
-0.301957423100887,0.0641150463221449,0.799694756228026,-2.37687802398403,4.27336030906985,-2.47956160145452,27.5273779489707
-0.300078745368457,0.0649798353381942,0.831098126129849,-2.38313838676774,4.28428998443208,-2.42504624787691,27.5407314978531
-0.297999405148991,0.0660156601392801,0.861785320902524,-2.38802200943884,4.29274365310559,-2.36917708972667,27.5486070095301
-0.295704992169979,0.0672365252819695,0.891539099878717,-2.39160526544254,4.29881724389388,-2.31232817056532,27.55114322005
-0.293182360752465,0.0686544714091454,0.920173196953355,-2.39398004016268,4.30264135611301,-2.25486192133746,27.5485020921397
-0.290420293855679,0.0702786829623611,0.947536416150697,-2.39524870108122,4.3043746465484,-2.1971227669416,27.540860849744
-0.287410003681444,0.0721148403104043,0.973514322107612,-2.3955185389079,4.30419594084676,-2.13943235006518,27.5284055668649
-0.284145442192085,0.0741647523347055,0.998028685733232,-2.39489634320613,4.30229607529698,-2.08208614617554,27.5113265557225
-0.280623424429791,0.0764262615927675,1.02103507589884,-2.3934836432517,4.29887028387914,-2.02535120251173,27.4898154741511
-0.276843587983442,0.0788933837391241,1.04251911246776,-2.39137296259406,4.29411166884364,-1.96946474613782,27.4640638515781
-0.272808222670579,0.0815566273427591,1.0624919182932,-2.38864524890936,4.28820601700285,-1.91463345363151,27.434262621463
-0.268522007340846,0.0844034370028866,1.08098525414515,-2.38536847991799,4.28132800155973,-1.86103323897823,27.4006022283623
-0.263991688426699,0.0874187075167338,1.0980467240896,-2.38159732693492,4.27363866025799,-1.80880947972637,27.3632729239439
-0.259225729965676,0.0905853257745322,1.11373532862407,-2.37737368325991,4.26528396056332,-1.7580776514911,27.3224649524838
-0.254233959055326,0.0938847070958193,1.12811753884372,-2.37272783067563,4.25639423531449,-1.70892436974007,27.2783684306093
-0.249027225050759,0.0972973021414295,1.14126397768907,-2.36768001552712,4.24708427901948,-1.66140884349254,27.2311728309128
-0.243617085682406,0.100803058563216,1.15324672746808,-2.36224222688958,4.23745391964098,-1.61556473143023,27.181066071526
-0.238015528757289,0.104381828015204,1.16413723564153,-2.35642000442841,4.22758891194804,-1.5714023641283,27.1282332850274
-0.232234734204109,0.108013714163896,1.17400476059707,-2.35021414523798,4.21756202954801,-1.52891126556327,27.0728553855966
-0.226286877922588,0.111679361108759,1.18291528247433,-2.34362222125655,4.20743426032069,-1.48806288107731,27.0151075728006
-0.220183976227713,0.11536018435979,1.1909307978413,-2.33663985747756,4.19725603319473,-1.44881340343158,26.9551579070721
-0.213937767673541,0.119038548386661,1.1981089182829,-2.32926175333179,4.18706842322231,-1.41110658598237,26.8931660716941
-0.207559627712374,0.122697895900508,1.20450269929676,-2.32148245398503,4.17690429734088,-1.37487644161411,26.8292824058727
-0.201060510956966,0.126322834588311,1.21016063522476,-2.31329689475387,4.16678937568469,-1.34004974481629,26.7636472599156
-0.19445091568073,0.129899187122398,1.21512676662674,-2.30470075117589,4.15674319332413,-1.30654827807195,26.6963906919039
-0.187740865491158,0.133414010042205,1.21944085728149,-2.29569063082148,4.14677995523091,-1.27429078848823,26.6276324989209
-0.180939903705268,0.136855586666447,1.22313860801172,-2.28626414223139,4.13690928336287,-1.24319464318267,26.557482556417
-0.174057096712193,0.140213398646206,1.22625188330125,-2.27641987292636,4.12713685928435,-1.21317719033295,26.4860414265845
-0.167101043413195,0.143478080187006,1.22880893396781,-2.26615730349994,4.11746496891507,-1.18415684619408,26.4134011897153
-0.160079888602526,0.146641358416177,1.23083460501317,-2.2554766793823,4.10789295808545,-1.15605393682104,26.3396464498866
-0.153001338837026,0.149695982885294,1.23235052231008,-2.24437885659548,4.09841760879726,-1.12879132736423,26.2648554664259
-0.145872679908373,0.152635646802927,1.23337525522547,-2.23286513313424,4.08903344666491,-1.10229487252792,26.1891013641056
-0.138700795466549,0.15545490229918,1.23392445483572,-2.22093707370218,4.07973299012375,-1.07649372006791,26.1124533769486
-0.131492186646569,0.158149071833514,1.23401096927614,-2.20859633249142,4.07050695177832,-1.0513204959237,26.0349780823632
-0.124252992729707,0.160714157759797,1.23364493914092,-2.19584447648975,4.06134440181597,-1.02671139546916,25.9567405839761
-0.11698901293781,0.163146752042603,1.23283387683996,-2.18268281037804,4.05223290278469,-1.00260620098407,25.8778056032417
-0.109705729430002,0.16544394814788,1.23158273449251,-2.16911220334354,4.04315862424342,-0.978948241223126,25.7982384422194
-0.102408331464015,0.16760325717756,1.22989396534013,-2.15513291798389,4.03410644484018,-0.955684305179633,25.7181057834777
-0.0951017405218794,0.169622530337495,1.22776758379114,-2.1407444417794,4.02506004824603,-0.932764519013801,25.6374762985595
-0.0877906360082514,0.17149988978003,1.22520122907251,-2.12594532223812,4.01600201807651,-0.910142192748982,25.5564210442688
-0.0804794809387122,0.173233669707446,1.22219023706361,-2.11073300761635,4.00691393549364,-0.887773641771417,25.4750136363014
-0.0731725468757046,0.174822369326712,1.21872772423065,-2.09510369590985,3.99777648165725,-0.865617987370615,25.3933302020582
-0.0658739372696591,0.176264618803904,1.21480468673443,-2.079052195452,3.98856954568275,-0.843636940412154,25.3114491279374
-0.0585876083439849,0.177559158787065,1.21041011681771,-2.0625718007954,3.97927233737898,-0.821794572579056,25.229450629688
-0.0513173867362067,0.178704833384461,1.20553113759477,-2.04565418748912,3.96986350290917,-0.80005708024223,25.1474161859617
-0.0440669832712769,0.179700595761172,1.20015315648334,-2.028289328871,3.96032124075165,-0.778392546695505,25.0654278835469
-0.0368400024816898,0.180545524814814,1.19426003682742,-2.01046543709033,3.95062341500051,-0.756770709019542,24.9835677267965
-0.0296399477757836,0.181238850782474,1.18783428683485,-1.99216892937188,3.94074766315639,-0.73516273606598,24.9019169629521
-0.0224702224582407,0.181779987169232,1.18085726481028,-1.97338441916424,3.93067149606821,-0.713541023905511,24.8205554696487
-0.0153341270927795,0.182168566108095,1.17330939977082,-1.95409473044688,3.92037238850129,-0.691879014563383,24.7395612417041
-0.00823485393863819,0.18240447417504,1.16517042681954,-1.93428093226381,3.90982785980011,-0.670151043037509,24.6590100027052
-0.00117547937161756,0.18248788577411,1.15641963700543,-1.91392238961543,3.8990155451478,-0.648332216572676,24.5789749543977
0.00584104469143949,0.182419291448881,1.14703614170422,-1.89299682625004,3.88791325887801,-0.626398329068076,24.4995266648961
0.0128118993080002,0.182199518829142,1.13699915169919,-1.87148039467221,3.87649905207429,-0.604325812433018,24.420733086361
0.0197344059334747,0.181829744346543,1.12628827103161,-1.84934774880058,3.86475126723978,-0.582091725751806,24.3426596847275
0.0266060317990981,0.181311494316247,1.11488380526271,-1.82657211510967,3.85264859311213,-0.559673782309219,24.2653696585538
0.0334243924095982,0.180646634462488,1.10276708302261,-1.80312535872267,3.84017012273819,-0.537050413854838,24.1889242209962
0.0401872504781671,0.179837347446481,1.08992078861653,-1.77897804171205,3.82729541772986,-0.514200870918432,24.113382917937
0.0468925107940989,0.178886098428215,1.07632930205515,-1.75409947175494,3.8140045812242,-0.491105357479337,24.03880395592
0.0535382107183952,0.17779558915836,1.0619790412552,-1.72845774024516,3.80027834149639,-0.467745197783244,23.9652445153128
0.0601225062212296,0.176568701546411,1.04685879940767,-1.70201974993377,3.78609814744991,-0.444103032546872,23.8927610265656
0.06664365360963,0.175208432081465,1.03096006876597,-1.67475123312744,3.77144627635713,-0.420163041160571,23.8214093902742
0.0730999873402555,0.173717818885375,1.01427734051731,-1.64661676239553,3.75630595327223,-0.395911185772252,23.7512451247728
0.0794898945632317,0.172099863536352,0.996808369123219,-1.6175797565813,3.74066148051314,-0.37133547232009,23.6823234280882
0.0858117872893391,0.170357450098841,0.97855438872433,-1.58760248565936,3.72449837455144,-0.346426222689436,23.6146991442757
0.0920640733014263,0.168493264011771,0.959520269057237,-1.55664607860323,3.70780350660684,-0.321176351229361,23.54842662748
0.0982451271272311,0.166509713604325,0.939714598964734,-1.52467053891766,3.6905652422826,-0.295581637903261,23.4835595005852
0.104353262539248,0.164408857010899,0.919149687078168,-1.49163477285885,3.6727735747742,-0.269640989393645,23.4201503090833
0.110386708134711,0.162192337140738,0.897841471644369,-1.45749663566573,3.65442024561677,-0.243356678546124,23.358250074808
0.116343587565079,0.159861327126537,0.875809334704393,-1.422213001443,3.63549884668673,-0.216734551627633,23.2979077583839
0.122221905925496,0.157416488346528,0.853075819772835,-1.38573986279864,3.61600489730135,-0.189784191983968,23.2391696434732
0.12801954368332,0.15485794271364,0.829666256598414,-1.34803246710717,3.5959358908084,-0.162519027804388,23.1820786599394
0.133734259331002,0.152185260490479,0.805608301230699,-1.30904549752059,3.57529130603219,-0.13495637083438,23.1266736665937
0.139363701707934,0.149397464459293,0.780931404147661,-1.26873330873479,3.55407258031137,-0.107117372042703,23.072988716914
0.144905432668761,0.146493050894831,0.755666223296322,-1.22705023015964,3.5322830425637,-0.0790268794853195,23.0210523327254
0.15035696050203,0.143470027486945,0.729844002261346,-1.18395095254893,3.50992780674707,-0.0507131829983918,22.9708868110519
0.155715784240465,0.140325968161973,0.703495936176839,-1.13939101821968,3.48701362814564,-0.0222076300046708,22.9225075880903
0.160979448762259,0.137058084660654,0.676652549285616,-1.0933274394492,3.46354872697947,0.00645590321608891,22.8759226815553
0.166145610360849,0.13366331472883,0.649343108178746,-1.0457194740038,3.43954258581208,0.0352416997687715,22.8311322287632
0.171212112243342,0.130138426821856,0.621595093744764,-0.996529590288557,3.41500572902418,0.0641130633297342,22.7881281331945
0.176177069174841,0.126480141246373,0.593433752817812,-0.945724656301667,3.38994949416191,0.0930333629408499,22.7468938275262
0.181038960170804,0.122685267565914,0.564881747545205,-0.893277385080369,3.36438580618783,0.121967267561753,22.7074041569437
0.185796727692599,0.118750857756219,0.535958916683805,-0.83916806295187,3.33832696648161,0.150882169580715,22.6696253836546
0.190449881156464,0.114674373869394,0.506682158407571,-0.783386573672892,3.31178546873251,0.179749786206619,22.6335153124934
0.19499860166204,0.110453867703511,0.477065438705141,-0.725934709345649,3.28477385344778,0.208547913069354,22.5990235386295
0.199443843649259,0.106088168052958,0.44711992294966,-0.666828726008279,3.25730461140157,0.23726228460412,22.5660918215124
0.20378742772261,0.101577068484102,0.416854220622613,-0.606102057160648,3.22939014364261,0.265888470639255,22.5346545935371
0.208032117254402,0.0969215053363113,0.386274724512932,-0.543808043400806,3.20104278136044,0.294433709053035,22.5046396160221
0.212181669837819,0.0921237121126876,0.355386016378066,-0.480022475362466,3.17227486284238,0.322918543426911,22.4759687968016
0.216240853599324,0.087187333218089,0.324191301986785,-0.414845689342091,3.14309885717188,0.351378107918923,22.4485591805231
0.220215418314786,0.0821174780459188,0.292692831276786,-0.348403914309357,3.11352751604474,0.379862887297474,22.4223241123056
0.224112012748961,0.076920696817681,0.260892256240772,-0.280849562680493,3.0835740276157,0.408438787760887,22.397174556708
0.227938043047806,0.071604863347963,0.228790882398967,-0.212360201837838,3.05325214165916,0.437186392019896,22.373020528246
0.231701472374528,0.0661789575225642,0.19638978090441,-0.143136048247428,3.02257623555781,0.466199343098483,22.349772561316
0.23541056874202,0.0606527512560648,0.163689747344312,-0.0733959863434551,2.99156129692915,0.49558189940098,22.3273431234691
0.239073615006206,0.0550364143728102,0.130691117641282,-0.00337230711487435,2.9602228106358,0.525445812403052,22.3056478646984
0.242698600721199,0.0493400686204323,0.0973934763824644,0.0666954520632195,2.92857655312229,0.555906773857039,22.2846066030502
0.246292918575976,0.0435733260451646,0.0637953126491509,0.136567048260681,2.89663831165884,0.587080737196575,22.2641439749027
0.249863087598221,0.0377448501677528,0.0298936881494337,0.206007884174351,2.8644235562016,0.619080421865615,22.2441897219022
0.253414521334514,0.0318619742894288,-0.00431601993249315,0.274794643341789,2.8319470946292,0.652012258453886,22.2246786360234
0.256951352823738,0.0259304020650448,-0.0388402520977634,0.342719808628204,2.79922273783377,0.685973941046652,22.2055502281971
0.260476320929345,0.0199540036725487,-0.0736872461803751,0.409594835730776,2.76626299148598,0.721052644999128,22.1867482155775
0.263990716029709,0.0139347092562836,-0.108866855084566,0.475251931724954,2.73307877939564,0.757323868138425,22.1682199340388
0.267494378268498,0.00787249202189634,-0.144390212218497,0.539544538557035,2.69967919227869,0.794850779064717,22.1499157775189
0.270985738974566,0.00176542755062624,-0.180269266453649,0.602346723704738,2.66607124738128,0.833683915339521,22.1317887496142
0.27446189532944,-0.004390186345643,-0.216516214275143,0.663551731712389,2.63225963942311,0.873861065122905,22.1137941917346
0.277918709386949,-0.0105996642577944,-0.253142857160067,0.723069959310914,2.59824646125316,0.915407180662013,22.0958897315711
0.281350924510727,-0.016869734779842,-0.290159908805996,0.780826597217287,2.56403087246957,0.958334201580298,22.0780354789935
0.284752294620618,-0.0232083180872053,-0.327576271386659,0.836759147622549,2.52960869501795,1.00264070199025,22.0601944849809
0.288115723894009,-0.0296242849066914,-0.365398293972894,0.890814989121877,2.49497191573174,1.04831131244145,22.0423334723354
0.29143341646368,-0.0361271991041941,-0.403629020613554,0.942949127693083,2.4601080766723,1.09531590272726,22.0244238431308
0.294697037016442,-0.0427270436610182,-0.442267430918844,0.99312224671205,2.42499953523886,1.14360854377622,22.0064429650276
0.297897883927464,-0.0494339282612627,-0.481307672662744,1.04129915114232,2.38962257814004,1.19312629660199,21.9883757344501
0.301027076609282,-0.0562577761545519,-0.520738284140501,1.08744768881624,2.35394637771648,1.24378790413587,21.9702164070469
0.304075758091138,-0.0632079884195128,-0.560541403992533,1.13153822124785,2.31793178746597,1.29549248769759,21.9519706730471
0.307035312498654,-0.0702930852095567,-0.600691968202834,1.17354370260307,2.28152998791377,1.34811837262494,21.9336579359516
0.30989759517934,-0.0775203259087857,-0.641156898323405,1.21344040266513,2.24468101613739,1.40152218436745,21.9153137273472
0.312655170937484,-0.0848953131315053,-0.681894292002105,1.25120927267264,2.20731224370203,1.45553836283554,21.8969921598099
0.315301553564541,-0.0924215887726065,-0.722852636821327,1.28683789842416,2.16933690858588,1.50997923394072,21.8787682868892
0.317831438059792,-0.100100233316597,-0.763970081219663,1.32032291344688,2.13065285470054,1.56463574873622,21.860740208667
0.320240916129595,-0.107929481748376,-0.805173811273122,1.35167266229199,2.09114168250766,1.61927895091722,21.8430307390307
0.322527666062281,-0.115904370242031,-0.846379598028545,1.38090982268863,2.05066855703488,1.67366216617716,21.8257884420334
0.324691109830356,-0.124016427330301,-0.887491594766908,1.40807363360077,2.00908294315048,1.7275238315725,21.8091878533448
0.326732532633671,-0.132253422134979,-0.928402474230341,1.43322135471423,1.96622052862762,1.78059081397617,21.7934287299182
0.328655161899051,-0.140599181788258,-0.968993999472441,1.45642861871758,1.92190654121766,1.83258201905249,21.7787342151135
0.330464202657542,-0.149033491979661,-1.0091381159832,1.47778843840077,1.87596056013398,1.88321207596566,21.7653478651291
0.33216682337833,-0.157532099647609,-1.04869863534625,1.49740878910999,1.82820276836438,1.93219489768165,21.7535295543199
0.333772081089658,-0.166066844676968,-1.0875335510323,1.51540888106727,1.77846140680077,1.97924694955017,21.7435503624957
0.335290768863358,-0.174605955356102,-1.12549798472244,1.53191443124647,1.72658100563121,2.0240900894658,21.7356866471126
0.336735165594925,-0.183114545692997,-1.16244770706008,1.54705240213103,1.67243082576685,2.06645385300736,21.7302136123524
0.338118670652981,-0.19155534652874,-1.19824311187007,1.56094576078293,1.61591288894234,2.10607704139369,21.7273987892297
0.339455316076057,-0.199889683771385,-1.23275345342592,1.57370880620466,1.55696904296806,2.1427084432634,21.7274959080312
0.340759165536546,-0.208078687205012,-1.26586109370832,1.58544351665159,1.4955867026704,2.17610651451428,21.7307396446693
0.342043628542726,-0.216084678070113,-1.29746546687695,1.59623720464765,1.43180319139897,2.20603789034545,21.7373416356712
0.343320735319974,-0.223872651598876,-1.32748646681095,1.60616157666022,1.36570890940937,2.23227473742741,21.7474879888163
0.344600428550104,-0.231411749638926,-1.35586700735463,1.61527312281137,1.29744978207883,2.25459117943202,21.7613383055754
0.345889931632497,-0.238676611565875,-1.38257458576236,1.62361464603898,1.22722950861127,2.27275933350662,21.7790260365445
0.347193251628121,-0.245648495951208,-1.40760177498644,1.63121769433341,1.15531198545307,2.28654585199722,21.8006598722659
0.348510872609003,-0.252316073570169,-1.43096565011826,1.6381056724515,1.08202390040467,2.29571023473681,21.8263258708692
0.349839694816179,-0.258675796806758,-1.45270619399976,1.64429744721789,1.0077569039215,2.30000650248065,21.8560901522378
0.351173275874375,-0.264731749159933,-1.4728837199541,1.64981127778038,0.93296803064289,2.29918999313692,21.8900022231084
0.352502425237934,-0.270494879382805,-1.49157531517166,1.65466885597861,0.858176310493687,2.29303087457229,21.9280992786067
0.353816179091748,-0.275981547941233,-1.5088702940747,1.65889911067187,0.783953038522153,2.28133520794747,21.9704120499637
0.355103126006426,-0.281211386447356,-1.52486472198929,1.66254123758607,0.710903359284268,2.26397282270219,22.0169727891967
0.356352959377479,-0.286204612454666,-1.53965527688128,1.66564625391361,0.639638077420209,2.2409089157713,22.0678256419906
0.357558020592498,-0.290979137035361,-1.55333304600549,1.66827639285349,0.570737068962945,2.21223373317917,22.1230388809671
0.358714516374724,-0.295547981099377,-1.56597817959787,1.6705019814691,0.504708823335649,2.1781830912637,22.1827173816207
0.359823106098573,-0.29991756980386,-1.57765643119391,1.67239608183003,0.441953214958132,2.1391431197971,22.2470127280556
0.360888690176517,-0.304087320667102,-1.58841832781939,1.67402789853845,0.382735077245708,2.09563589718444,22.3161279934168
0.361919450736715,-0.308050602174875,-1.59830105848042,1.67545640978558,0.327173842271802,2.04828751916099,22.3903149332551
0.362925405371961,-0.3117967539014,-1.60733241333762,1.6767256119761,0.275250258651637,1.99778444758164,22.4698629580518
0.363916842148554,-0.31531359687822,-1.61553559644541,1.67786222178945,0.226826945580283,1.94482593705189,22.5550812298043
0.364902979752785,-0.318589816129405,-1.62293366699975,1.67887594760895,0.181677016831145,1.89007964913882,22.6462768240887
0.36589107853464,-0.321616739373911,-1.62955268402658,1.67976184528983,0.139514750524664,1.83414530449015,22.7437326091687
0.366886081599741,-0.324389269246136,-1.63542312850232,1.68050397422304,0.100023667893315,1.77752874928367,22.8476881895784
0.367890741618908,-0.326905954302007,-1.64057964652047,1.68107955341936,0.0628793758423016,1.72062690237821,22.9583261156124
0.36890611198675,-0.329168349561592,-1.64505947788446,1.68146297965555,0.0277663216803675,1.66372279845942,23.0757639152435
0.369932251605308,-0.331179903534813,-1.64890007887165,1.68162930366255,-0.00561114762851252,1.60698914778344,23.200050782594
0.370969000514227,-0.332944624611461,-1.65213644607802,1.68155699101826,-0.0375223523369142,1.55049835026299,23.3311663751242
0.372016713617721,-0.334465747872695,-1.65479855631744,1.68122997775927,-0.068207166040517,1.49423672549979,23.4690184501532
0.373076875962977,-0.335744571030915,-1.65690921599895,1.68063914431385,-0.0978749682895291,1.43812087408148,23.6134361720093
0.374152552542052,-0.33677957939284,-1.65848251124013,1.67978336856316,-0.126704638240282,1.38201450455066,23.7641568730754
0.375248641826486,-0.337565948253814,-1.65952299289292,1.67867028517783,-0.154844885251192,1.32574457612597,23.9208058308889
0.376371906527185,-0.338095496030804,-1.66002571476773,1.67731678881644,-0.182414580026362,1.26911601402456,24.0828711691539
0.377530756285233,-0.338357146745558,-1.65997723548606,1.67574919850362,-0.209503127335955,1.21192440268237,24.2496790481264
0.378734768819222,-0.338337920657699,-1.65935764170397,1.67400289001444,-0.236171252270191,1.15396593998987,24.420377108724
0.379993970538197,-0.338024385903111,-1.65814350530129,1.67212115968467,-0.262452758234086,1.0950437165899,24.5939351852099
0.381317954967412,-0.337404377219373,-1.65631144885896,1.67015316312592,-0.28835773896846,1.03496939659834,24.7691698404062
0.382714977349221,-0.336468667837593,-1.65384174422589,1.66815098742668,-0.313877342230378,0.973559925803198,24.9447926614653
0.384191190874209,-0.335212242507179,-1.65072125330208,1.66616619046386,-0.338989618808806,0.91062998552999,25.1194734827966
0.385750156845426,-0.333634912888949,-1.64694514959357,1.6642463316838,-0.363665542453741,0.845982115813516,25.2919031640255
0.3873926744528,-0.33174121384425,-1.64251720486913,1.66243200702303,-0.387874225778787,0.779397144355251,25.4608401418336
0.389116876486326,-0.329539725778693,-1.6374488202409,1.6607546905681,-0.411586713599853,0.710627490484238,25.6251309058107
0.390918470060654,-0.32704209245132,-1.63175724534326,1.65923539901015,-0.434778278228419,0.639395330027405,25.7837032447159
0.39279098530499,-0.324262017964816,-1.6254634948872,1.65788397294027,-0.457429580507119,0.565397056002704,25.9355382892033
0.394725920359218,-0.321214465907255,-1.61859039358453,1.65669868313716,-0.479527243564621,0.488315327327761,26.0796309800649
0.396712718280186,-0.31791519975808,-1.61116105700792,1.65566591374523,-0.501064332575952,0.407840223827995,26.2149491555009
0.398738568826492,-0.314380726505009,-1.60319801249636,1.65475980851429,-0.522041042987978,0.323701190095154,26.3404006253292
0.400788095705614,-0.310628632807019,-1.59472308469785,1.65394195857114,-0.542465658413319,0.235710854225973,26.4548166178424
0.402843070700481,-0.30667821383511,-1.58575807064383,1.65316143667028,-0.562355586979026,0.143819653194605,26.556958973182
0.404882378838398,-0.302551173881507,-1.576326052062,1.65235569674988,-0.581738032431798,0.0481759739486566,26.645556478283
0.406882501009624,-0.298272046817319,-1.56645292106298,1.65145295003294,-0.600649635616979,-0.0508192329805002,26.7193713718079
0.408818710708577,-0.293867924913915,-1.55616841606085,1.65037643290831,-0.619134335743832,-0.152479276920651,26.7772895580098
0.410666945594799,-0.289367213085613,-1.54550588499139,1.64905037982556,-0.637238920048061,-0.255835861239594,26.8184189388921
0.412405959723504,-0.28479749338158,-1.53450032407881,1.64740663202499,-0.655006376360918,-0.359688459724239,26.8421738393347
0.414019077735734,-0.280183059544639,-1.52318496429528,1.64539010668197,-0.672468109711916,-0.462692852097342,26.8483248932441
0.41549488220632,-0.275542971964275,-1.51158742717697,1.64296135636023,-0.689636893060848,-0.563469956775748,26.8370044862771
0.416826524080325,-0.27089036358699,-1.49972676470231,1.64009530276032,-0.706502599538981,-0.660712022295022,26.808673095507
0.418009859430502,-0.266233253559817,-1.48761235589707,1.63677648360699,-0.723032159579031,-0.753268946112198,26.7640634244405
0.419041002372727,-0.261576584382481,-1.47524491600174,1.63299214196157,-0.73917410972495,-0.840207447429113,26.7041217993756
0.419913996120046,-0.256924854262686,-1.46261920315382,1.62872484508281,-0.754867034515626,-0.92084372649921,26.6299606743752
0.420619181271548,-0.252284644201207,-1.44972763260386,1.6239461150639,-0.770050469632733,-0.994753738995713,26.5428269661416
0.421142605068815,-0.247666462832897,-1.43656393588687,1.61861206752017,-0.784676500784015,-1.06176558336428,26.444082817147
0.421466564295335,-0.24308554510989,-1.42312612325467,1.61266152563402,-0.798720286930821,-1.12193787163275,26.33519060532
0.421571149132329,-0.238561478565921,-1.40941822736073,1.60601661056771,-0.812187980698499,-1.17552751741493,26.2176930895058
0.421436469705705,-0.234116766254256,-1.39545058173419,1.59858542376969,-0.825120978283839,-1.22295031802306,26.0931821177524
0.421045122059348,-0.229774644722755,-1.38123869579105,1.59026614070826,-0.837596080017134,-1.26473783317445,25.963254372406
0.420384419983432,-0.225556616034435,-1.36680108153794,1.58095167078136,-0.849721894211979,-1.30149415681833,25.8294584628056
0.4194480059668,-0.221480177216347,-1.35215658597095,1.57053406009401,-0.861632489342217,-1.33385603644951,25.6932419972986
0.418236637530174,-0.21755712410809,-1.33732181717296,1.55890803236123,-0.873479676491461,-1.36245921657713,25.555908196918
0.416758156950179,-0.213792612256929,-1.32230911596884,1.54597340426639,-0.885425263758883,-1.38791281054189,25.4185889101032
0.41502681506866,-0.210184956413413,-1.30712529115791,1.53163644596953,-0.897634226932251,-1.41078214118778,25.2822361244767
0.413062189831229,-0.206726013379449,-1.29177110935604,1.51581047494747,-0.910269188105935,-1.43157922171749,25.1476295253376
0.410887923883205,-0.203401946051109,-1.27624138547371,1.49841603445778,-0.923486102597898,-1.45075921000388,25.0153949041276
0.408530441268586,-0.200194190722934,-1.2605254745547,1.47938094888494,-0.93743075224219,-1.46872088152261,24.886027581547
0.406017731930809,-0.197080506995506,-1.2446079939545,1.45864042970207,-0.95223554991881,-1.48580933490182,24.7599158733647
0.403378239821907,-0.194036046471727,-1.22846966612944,1.43613728416807,-0.968016230167868,-1.50231958066311,24.6373611548771
0.400639863720646,-0.191034414264857,-1.21208823306846,1.4118221890535,-0.984868170954693,-1.51850019139786,24.5185926570014
0.397829075159877,-0.188048711590873,-1.19543943404125,1.38565394838647,-1.0028623074072,-1.53455669216283,24.403776463202
0.394970165784167,-0.185052542823916,-1.17849805181234,1.3575996583237,-1.02204081593979,-1.55065477805213,24.2930192063271
0.392084646938507,-0.182020955272554,-1.16123902086103,1.3276347450909,-1.04241292787367,-1.56692372649361,24.1863677076875
0.389190829189798,-0.178931264754116,-1.14363856313098,1.29574290714405,-1.06395133943729,-1.58346050421085,24.0838062724184
0.38630360416712,-0.175763713629333,-1.12567528535108,1.26191605861172,-1.08658969256746,-1.60033504632043,23.9852535431539
0.383434435285727,-0.172501915464064,-1.10733115085263,1.22615441564807,-1.11022150074957,-1.61759702341341,23.8905607044304
0.380591541412823,-0.169133061850225,-1.08859223829762,1.18846687494713,-1.13470070662635,-1.63528415548009,23.7995124474866
0.377780234676763,-0.165647897023974,-1.06944922262275,1.14887180053572,-1.15984382907362,-1.65343184463592,23.711831533551
0.375003356770057,-0.162040496694783,-1.0498975541481,1.1073982697296,-1.18543344398984,-1.67208364991826,23.6271871635926
0.372261751312267,-0.158307911112437,-1.02993735878047,1.06408774824244,-1.21122259432872,-1.69130196492026,23.5452068079955
0.369554713820337,-0.154449743956465,-1.00957312327109,1.01899608480262,-1.23693966757424,-1.71117819582761,23.4654907632244
0.366880373392035,-0.15046773719773,-0.988813255835256,0.972195648799485,-1.26229331352559,-1.73184175211455,23.3876285102343
0.364235977728694,-0.146365419902559,-0.967669620846231,0.923777384776091,-1.2869770831,-1.75346721240558,23.3112159148221
0.361618072093883,-0.142147859739546,-0.946157138171258,0.873852524353275,-1.3106736223596,-1.77627907007059,23.2358723599113
0.359022580704414,-0.137821533297134,-0.924293516759587,0.822553678164357,-1.33305842719245,-1.80055346980568,23.1612569546037
0.356444814421464,-0.133394307924073,-0.902099162240707,0.770035030066464,-1.35380332717356,-1.82661631969239,23.0870829657357
0.353879440534693,-0.128875505633166,-0.87959726269221,0.716471381809331,-1.3725799957482,-1.85483714026029,23.0131295435199
0.351320457837592,-0.12427600066577,-0.856814018240927,0.66205586217144,-1.3890638473343,-1.88561806425944,22.939249690284
0.348761221398283,-0.119608289457929,-0.833778942723723,0.606996233928806,-1.40293864536434,-1.91937762147425,22.8653733263983
0.346194554302282,-0.114886468945124,-0.810525135679026,0.551509908857426,-1.41390197867571,-1.95652941838472,22.7915043544854
0.343612966517815,-0.110126070628028,-0.787089409418662,0.495817998011474,-1.42167146124257,-1.99745658451358,22.7177109332786
0.341008974259709,-0.105343726024724,-0.763512168078598,0.440138935778962,-1.42599111431145,-2.04248382627171,22.6441088227327
0.338375480668636,-0.100556681961476,-0.739836978330573,0.384682352100185,-1.42663700399414,-2.09184987835154,22.570838627158
0.335706148061619,-0.0957822331266296,-0.716109840472316,0.329643857662674,-1.42342097968586,-2.14568372643148,22.4980388858483
0.332995673563882,-0.0910371803317257,-0.692378247863202,0.2752012173102,-1.41619143008429,-2.20398784792474,22.425817979082
0.33023988252598,-0.0863374404380525,-0.668690187680972,0.221512049161559,-1.40483040638004,-2.26663072077352,22.3542284544602
0.327435581423449,-0.0816979171941311,-0.645093262528483,0.168712802744609,-1.38924719116095,-2.33334916765423,22.2832474523009
0.324580159855008,-0.0771326907174045,-0.62163408669795,0.116918476716546,-1.36936923194618,-2.40375926757156,22.2127663990456
0.321670988665579,-0.0726555079732811,-0.598358035770452,0.0662224517205493,-1.34513207113346,-2.47737326466343,22.1425921670171
0.318704713467298,-0.0682804764624109,-0.575309322610279,0.0166959785325668,-1.31647028218232,-2.55361965570381,22.0724606409175
0.315676576109634,-0.0640227998425398,-0.552531265440556,-0.031612777893822,-1.28331135068639,-2.63186453441404,22.0020622103095
0.312579901018046,-0.0598993659006654,-0.530066535317198,-0.0786798132629017,-1.24557391866678,-2.71143390529661,21.9310771687917
0.309405854034196,-0.0559290163771289,-0.507957147051221,-0.124505826681623,-1.20317095674498,-2.7916382873615,21.8592173964864
0.306143520426998,-0.0521323970883678,-0.486244004080797,-0.169115489016781,-1.15601747523504,-2.87180165766352,21.7862692433312
0.302780268035662,-0.0485313928140469,-0.464965917873213,-0.212554890034219,-1.10404166410415,-2.95129603354991,21.7121316635434
0.299302285428826,-0.0451482621990907,-0.444158161530017,-0.254887035079836,-1.04719819957881,-3.02958075035886,21.6368439033356
0.295695145829156,-0.0420046574571556,-0.423850727816351,-0.296185733992337,-0.98548302680343,-3.10624253681759,21.5605986317258
0.291944270895203,-0.0391207032944565,-0.404066490736699,-0.336528555843201,-0.918950022705174,-3.18103017791804,21.4837388918655
0.288035255470909,-0.0365142142274931,-0.384819405638625,-0.375989597314982,-0.847730999674694,-3.25387709546388,21.4067396249676
0.283954135751447,-0.0341999886214171,-0.366112773484113,-0.414632662978604,-0.772060805335323,-3.32490682066586,21.3301757554956
0.279687790093433,-0.0321889993035682,-0.347937527267668,-0.452505242291777,-0.692308169677107,-3.39441916977564,21.254678550002
0.27522470349455,-0.0304872726005035,-0.330270554424407,-0.489633581157228,-0.609010052621364,-3.46285758814176,21.1808807480299
0.270556262955209,-0.02909435641654,-0.31307328354944,-0.526019292592802,-0.522902575032636,-3.53075983122952,21.1093501771204
0.265678558514957,-0.0280015322365647,-0.296291091752719,-0.561638263511215,-0.434936128196302,-3.59869531132323,21.0405129072685
0.260594362851454,-0.0271902674409325,-0.279854372837954,-0.596442801390857,-0.346258672085113,-3.66719423205564,20.9745717286637
0.255314658640062,-0.0266316684995674,-0.263682078210503,-0.630367589607295,-0.258154097345085,-3.73667674525424,20.911433295418
0.249858986563695,-0.0262876355677744,-0.247687957349498,-0.663338838024141,-0.171935459855165,-3.80739365755459,20.8506638710688
0.244254189116197,-0.0261138854467945,-0.231788653087135,-0.695284452058975,-0.0888130435420811,-3.87939075949036,20.7914929529419
0.238531768223878,-0.0260641984878942,-0.215911813309186,-0.7261422085311,-0.00977281727476425,-3.95250431361221,20.7328722830391
0.232724676508486,-0.0260946729926085,-0.200002185790519,-0.755863684973578,0.0645007255001601,-4.02638684760135,20.6735791532474
0.226864515343629,-0.0261668386527416,-0.184024453279152,-0.784413628457384,0.133642533948709,-4.10055468640876,20.612338474328
0.22097977131385,-0.026249082441605,-0.167962776784597,-0.811766190634353,0.197574259968655,-4.17444551592072,20.5479360330098
0.215095198248578,-0.0263165151801339,-0.151817902188127,-0.83790003140996,0.256442574974377,-4.24747585394116,20.4793043286896
0.209232072849767,-0.0263497965613551,-0.135602951186097,-0.862793853358239,0.310550234869062,-4.3190919873103,20.405574626302
0.203408925369049,-0.0263334957866879,-0.119338840965369,-0.886423188112874,0.360293984873517,-4.38881120289114,20.3260979079893
0.197642399389113,-0.0262544363949573,-0.103049963560563,-0.908758715851297,0.406115205100395,-4.4562521035491,20.2404414994928
0.191948014232594,-0.0261003005813136,-0.0867604883795846,-0.929766129344576,0.448463837416008,-4.52115381664605,20.1483687701517
0.186340718173664,-0.0258586216089725,-0.0704914684409603,-0.94940740683544,0.487773765745983,-4.58338462702445,20.0498085371675
0.180835204090883,-0.0255161890109508,-0.0542588062714511,-0.96764320983247,0.5244472867881,-4.64294136103953,19.9448199219927
0.1754460091844,-0.0250588258974636,-0.0380720432246151,-0.984435964859049,0.558846498187352,-4.69994168348651,19.8335577636681
0.170187442389596,-0.0244714648678458,-0.0219338709056785,-0.999753092585369,0.591289739459021,-4.75461210051555,19.7162431507092
0.165073384091447,-0.0237384442389006,-0.00584023239636051,-1.01356988101079,0.622051467275078,-4.8072746579213,19.5931429923863
0.160116989816066,-0.0228439638406198,0.0102191115183735,-1.02587166983795,0.651364158924964,-4.85833501023554,19.4645617730539
0.155330309883369,-0.021772671023687,0.0262596360286738,-1.03665526648629,0.679421079710969,-4.90827379850571,19.330847811202
0.150723817479664,-0.0205103820436703,0.042300754606548,-1.04592976696442,0.70637905036547,-4.95764226981673,19.1924155237621
0.146305825346209,-0.0190449693110555,0.0583641485933436,-1.05371713140848,0.732360706333089,-5.00706191686986,19.0497841812971
0.142081774761037,-0.0173674464531933,0.0744716860369163,-1.06005291122685,0.75745614485699,-5.05722664065769,18.9036318947981
0.138053410427077,-0.0154732428707269,0.0906429408105604,-1.0649874050667,0.781724304926195,-5.10890453758458,18.7548603263118
0.134217921300541,-0.0133635608317069,0.106892468561989,-1.06858720877883,0.805194885845283,-5.16293500307441,18.6046603410289
0.130567228370214,-0.0110465529211727,0.123227239881624,-1.07093663774227,0.827871949811473,-5.22021587996815,18.4545622779343
0.127087702260644,-0.00853789686972,0.139644896256837,-1.07213797589006,0.849740296457691,-5.28167571304793,18.3064499642499
0.123760619127324,-0.00586029732153605,0.156133593001351,-1.07230926222905,0.870774932458291,-5.34822863838354,18.1625205629903
0.120563524185472,-0.00304164711198536,0.172673903852932,-1.07157874923746,0.89095248494294,-5.4207138979626,18.0251867701748
0.117472358295719,-0.000112050626758873,0.189242550227503,-1.07007635362951,0.910261866830932,-5.49982662205016,17.8969397868015
0.114463853393008,0.00289956354542116,0.205816910014914,-1.06792385737864,0.928710955671269,-5.58604885483857,17.7802076763929
0.111517534955774,0.00596826431200035,0.222378865327947,-1.06522643367624,0.946327072018415,-5.67958895230292,17.677241684488
0.108616795421901,0.00907458769889299,0.238916812692747,-1.06206777469245,0.963151101926125,-5.78033528197369,17.5900437474577
0.105748835079577,0.0122043609370967,0.255425370533806,-1.0585099585553,0.979227056437829,-5.88782921239465,17.5203257147937
0.102903627667003,0.0153471153121962,0.271903077443372,-1.05459784852948,0.994589955002473,-6.00126345230911,17.4694788454047
0.100072332349152,0.018493705864258,0.288348931141016,-1.05036668917018,1.00925511674485,-6.11951318041325,17.4385354289299
0.0972456987075406,0.021633938727967,0.304758904366769,-1.04585077874104,1.02321144523927,-6.24120612794939,17.4281186232915
0.0944129768709319,0.0247549596944205,0.321123546016231,-1.04109077672977,1.03642017630879,-6.36483130561473,17.4383934632706
0.0915616363138405,0.0278408542078892,0.337427373173642,-1.03613758981299,1.04881894377985,-6.48887443455705,17.4690424297411
0.0886778621316529,0.030873416624921,0.353650056809366,-1.03105195106215,1.06032941483347,-6.61195590601873,17.5192864398688
0.0857474859100669,0.0338335865396103,0.36976871967286,-1.02590034659493,1.07086595027764,-6.73294209666651,17.5879569810783
0.0827568896503524,0.036702876083258,0.385760385004749,-1.02074906139897,1.08034318014989,-6.85100820869222,17.673605856699
0.079693542450481,0.0394642924593197,0.401603853961449,-1.01565827025717,1.08868162964067,-6.96564728176427,17.7746265889957
0.0765460764312185,0.0421026216296717,0.41728079801793,-1.01067743122135,1.09581168188377,-7.07663619047294,17.8893612028646
0.0733040188941515,0.0446042415204975,0.432776274728488,-1.00584234025003,1.10167663332216,-7.18397757336964,18.0161750274471
0.0699573881951746,0.0469567559072952,0.44807903491745,-1.00117357864435,1.10623543456771,-7.28783576335285,18.1534937297952
0.0664963454012595,0.0491487084836691,0.463181927265521,-0.996675874648268,1.10946529849981,-7.38847890319132,18.2998061320721
0.0629110268409314,0.0511695329267125,0.478082545174776,-0.992337995331791,1.11136399832727,-7.48623302436114,18.4536420545515
0.0591916064522841,0.0530097812750255,0.492784091392971,-0.98813301412484,1.11195144917659,-7.58144934598782,18.613537282323
0.0553285679539393,0.0546615736563594,0.507296293706779,-0.984019034225947,1.11127002141401,-7.67448372525872,18.7779988353915
0.0513131080541123,0.0561191322160359,0.521636101511434,-0.979940603718604,1.10938294843987,-7.76568631560613,18.9454831625324
0.0471375481697411,0.0573792100479176,0.535827848330565,-0.975831073097941,1.106370232271,-7.85539916395615,19.1143968711012
0.04279561762226,0.0584412232170987,0.549902613369351,-0.97161599086317,1.1023217258894,-7.94395914656509,19.2831234672676
0.0382825014526155,0.0593069599229633,0.563896675556248,-0.967217348512954,1.09732760305199,-8.03170326515131,19.4500712783681
0.0335946198183189,0.0599798667789389,0.577849192143674,-0.962558198817849,1.09146704338876,-8.11897325240611,19.6137304118833
0.0287291957809304,0.0604640501699594,0.591799457361993,-0.957567034836062,1.08479636115927,-8.20611701866616,19.7727239708196
0.0236837330983732,0.0607632180231411,0.605784204227086,-0.952181407173179,1.07733777993105,-8.29348567326622,19.9258421563373
0.0184555390667787,0.0608797899131616,0.619835366783485,-0.946350512995023,1.06906966922444,-8.38142623179223,20.0720551007975
0.0130413939844837,0.060814335714352,0.633978566101665,-0.940036770091892,1.05991861287581,-8.47027117590514,20.2105072098724
0.00743741398497464,0.0605654084740247,0.648232403913438,-0.93321657694951,1.04975349567408,-8.56032654642237,20.3404994816482
0.00163910301113643,0.0601297540515603,0.662608503735038,-0.925880525914339,1.03838206192934,-8.65186029723727,20.4614662363471
-0.00435844498464587,0.0595028240640959,0.677112146932899,-0.918033318783367,1.02555116864352,-8.74509236899212,20.5729502588035
-0.0105602493932039,0.058679488154571,0.691743297241621,-0.909693579776614,1.01095322267159,-8.84018740217662,20.6745772866787
-0.0169711076653575,0.0576548312314217,0.70649777470257,-0.900893678792376,0.994243000581124,-8.93725011903571,20.7660284316042
-0.0235952573773246,0.0564249315512977,0.721368322702411,-0.891679518327841,0.975070877363396,-9.03632206820977,20.8470083703656
-0.0304360240199025,0.0549875535444394,0.736345315367901,-0.882109907221025,0.953139270256245,-9.13737671959543,20.9172086771177
-0.0374953628508497,0.0533427610201322,0.751416889038222,-0.872254588384006,0.928285980730537,-9.24030834619905,20.9762702487134
-0.0447731137774525,0.0514935450038752,0.766568365443942,-0.862189396080698,0.900586439725944,-9.34491016626287,21.0237567766178
-0.0522657812712562,0.0494465914639563,0.781780981184538,-0.851987127564579,0.870443868807451,-9.45084139272114,21.0591603570318
-0.0599648903159858,0.0472131525816006,0.797030160462994,-0.841704723644013,0.838611709478783,-9.55759304407407,21.0819618787536
-0.0678555155975507,0.044809583980654,0.812283855323181,-0.831371448288491,0.806096810030573,-9.66447437821769,21.091749021359
-0.0759160548938801,0.042256791046856,0.827501729307662,-0.820985731284974,0.773952374704692,-9.77064198437118,21.088352745673
-0.0841199990222123,0.039578164690159,0.842635912907583,-0.810525115909036,0.743053733933291,-9.87517227837374,21.0719326799129
-0.0924392730105926,0.0367965606702237,0.857633497974765,-0.799965024797858,0.7139691467433,-9.9771508490464,21.0429645926265
-0.100847756601044,0.033931558365064,0.872440164349769,-0.789296273821405,0.686964297356146,-10.0757462764289,21.0021453045909
-0.109323722626112,0.0309979710645021,0.887003981852981,-0.778533736062759,0.662093619620144,-10.1702536376856,20.950271312228
-0.117850768960765,0.0280058029835548,0.901278673565774,-0.76771506714089,0.639307790863581,-10.2601120104011,20.8881400520079
-0.126417506046422,0.0249612855255546,0.915226072014756,-0.756892770410086,0.618533618943275,-10.3449070605427,20.8164926304969
-0.135016482206896,0.0218684873318994,0.928817791505369,-0.746123667117978,0.599715824152119,-10.4243672384478,20.7359937183612
-0.143642754154905,0.018731093952142,0.942036219405347,-0.735458784122039,0.582828328089232,-10.4983574820844,20.6472356829041
-0.152292366746229,0.015554093409571,0.954874894520907,-0.724935407059099,0.56786719109998,-10.5668712659189,20.550754424455
-0.160960900174372,0.012345202440263,0.967338290439753,-0.714572136424031,0.554835608754378,-10.6300206637775,20.4470477837103
-0.169642187823742,0.00911592457186539,0.979441008413799,-0.704367178843881,0.543728124850181,-10.6880240748805,20.3365909181346
-0.178327282964802,0.00588216987640243,0.99120641926569,-0.694299639556399,0.534518230281118,-10.7411917274697,20.2198459730478
-0.187003734021229,0.00266440692244143,1.00266485980993,-0.684333185544505,0.527151164633712,-10.78990964282,20.0972657073109
-0.195655202369323,-0.000512633993896916,1.0138515544378,-0.67442116455332,0.521542009286165,-10.8346232145707,19.969292510027
-0.204261421938256,-0.00362063812671344,1.02480446556664,-0.664512172975105,0.517578029598022,-10.8758218153737,19.8363553771259
-0.21279846448378,-0.00662865999561926,1.0355622614392,-0.654555197743682,0.515123670375617,-10.9140258221361,19.698867820985
-0.22123925000237,-0.00950423840025708,1.04616253166939,-0.644503761178173,0.514026561612339,-10.9497771636665,19.557229424158
-0.229554236470193,-0.0122145739296507,1.05664030200916,-0.634318860113314,0.514123204285675,-10.983634024941,19.4118330438038
-0.23771223756709,-0.0147277066104515,1.06702682669031,-0.623970797091697,0.515243495633377,-11.0161698075815,19.2630787983853
-0.245681344872206,-0.0170136745010304,1.07734858983106,-0.613440182710676,0.517213761186754,-11.047975938011,19.1113950971561
-0.253429961648018,-0.0190456692765387,1.08762643698623,-0.602718431190474,0.519858392925025,-11.0796676634355,18.9572661087315
-0.260927976629872,-0.020801219266382,1.09787478564975,-0.591808000533474,0.523000520439325,-11.1118915563961,18.8012640712967
-0.268148105657537,-0.0222634139015307,1.10810092539947,-0.580722483223075,0.526462371544482,-11.1453330215463,18.6440835707612
-0.275067394856955,-0.0234221304106275,1.11830450422279,-0.569486474533781,0.530066112809412,-11.1807216647708,18.4865733663418
-0.281668804966836,-0.0242751374561363,1.12847738627842,-0.558134979314299,0.533635967983245,-11.218832033145,18.3297598929523
-0.287942690047002,-0.0248288519904405,1.13860412148778,-0.546712022275475,0.537002227704524,-11.2604771458583,18.1748560183243
-0.293887876895258,-0.0250984575254227,1.14866324242143,-0.535268164344121,0.540007328224351,-11.3064926181329,18.0232499819934
-0.2995119990776,-0.0251071086683875,1.15862946550993,-0.523856835412485,0.542513513698772,-11.3577101297213,17.8764732275255
-0.304830797248901,-0.0248840839533181,1.16847663524369,-0.512529738530263,0.544410871299032,-11.4149203793223,17.7361513178566
-0.309866282193649,-0.0244619882669575,1.17818098830561,-0.501331944420759,0.545624014461919,-11.4788271831146,17.6039471186392
-0.314643921127929,-0.0238733688397235,1.18772413813018,-0.490297527589342,0.546115624705014,-11.5499957291943,17.4815074042131
-0.319189259471838,-0.0231472975666805,1.19709516420483,-0.479446604963053,0.545885498922618,-11.6287990916258,17.3704217933123
-0.323524549541716,-0.0223065304609919,1.20629133208439,-0.468784442778966,0.544964539798958,-11.7153679403025,17.2721974321251
-0.327665997655701,-0.0213657880660503,1.21531720885136,-0.45830298372536,0.54340405339761,-11.8095488236944,17.1882464107049
-0.331622179915285,-0.0203315466009577,1.224182213424,-0.447984785437221,0.541261619897126,-11.9108762073403,17.1198776385742
-0.335394035529491,-0.0192035126648659,1.2328969274724,-0.437808967127801,0.53858559423408,-12.0185626980647,17.0682820659595
-0.338976617900207,-0.0179776678406449,1.24146879020697,-0.427758320109548,0.535400882769654,-12.1315113142016,17.0345005483351
-0.342362439496248,-0.0166504028031312,1.24989808083811,-0.417826284991015,0.531698855569676,-12.248354130027,17.0193682800609
-0.345545789022953,-0.0152228587871679,1.2581752459397,-0.408022189758664,0.527433818035976,-12.3675224932206,17.0234391555951
-0.348526941044872,-0.0137043168975564,1.26628046282585,-0.398373261639159,0.522527129800192,-12.4873519991017,17.0469060263446
-0.351314977454921,-0.0121135715384244,1.27418569835239,-0.388922717523748,0.516877915414414,-12.6062165239023,17.089543105291
-0.353928270958437,-0.0104778425701124,1.2818585645985,-0.379724580414034,0.510377132050497,-12.7226707633867,17.1506969418123
-0.356392537345886,-0.00882971838361851,1.28926650515298,-0.370837094843515,0.502920791254109,-12.8355691095117,17.2293385300098
-0.358737304803912,-0.00720334003583093,1.29637981721512,-0.362316915334288,0.494419102680836,-12.9441315981782,17.3241669243297
-0.360992099931457,-0.00563109313837844,1.30317275875965,-0.354215436535986,0.484800572583419,-13.0479461900223,17.4337368710361
-0.363183415926455,-0.00414153356710634,1.30962295238026,-0.346577373238078,0.474012128378221,-13.1469189544269,17.5565787283446
-0.365332913247217,-0.00275858981638772,1.31570987919413,-0.339440810418556,0.46201713998399,-13.2411964139376,17.6912874432848
-0.36745674917201,-0.00150165116133015,1.32141329657956,-0.332837739330266,0.448792898381715,-13.3310836848923,17.8365707041162
-0.369565664223321,-0.00038605051160394,1.32671213810309,-0.326794353549686,0.434328410213642,-13.4169735722205,17.9912573705367
-0.37166544175442,0.00057644310417265,1.33158414559676,-0.321330748085714,0.418622811024398,-13.4992925524024,18.154273323921
-0.373757474565546,0.00137734264759972,1.33600628079827,-0.316459950352074,0.401684400306795,-13.5784634576888,18.3245941756728
-0.375839315394585,0.00201144504349198,1.33995586300905,-0.312186397955129,0.383530119121865,-13.6548821075326,18.5011852598694
-0.377905205975609,0.00247707396837021,1.34341231054584,-0.308504130149527,0.364185067620259,-13.7289049687273,18.6829407969851
-0.379946654254471,0.0027764238564331,1.3463592597202,-0.305395130036149,0.34368135505309,-13.8008457769197,18.8686361789044
-0.38195315207732,0.0029157892952464,1.3487866756631,-0.302828422318679,0.322055315162702,-13.8709798005004,19.0569081058308
-0.383913089280591,0.00290543606639908,1.35069241400548,-0.300760584615232,0.299342159498346,-13.9395543597959,19.2462736019158
-0.385814832946686,0.0027589320534688,1.35208267174455,-0.299138124078224,0.275567689278103,-14.0068032166497,19.4351887525497
-0.387647841745583,0.00249191858425192,1.35297099329656,-0.297901670408936,0.250737643443121,-14.0729611776566,19.6221338945924
-0.389403634174802,0.00212050547933922,1.35337593999363,-0.296991331920419,0.224826127531285,-14.138274802453,19.8057014031203
-0.391076462917712,0.00165960872832775,1.35331797574283,-0.296352184471301,0.197764774581087,-14.2030061001054,19.9846622386354
-0.392663644288742,0.00112154794906677,1.35281633060962,-0.29593891698031,0.16943371070074,-14.2674280449851,20.1579981650387
-0.394165589140674,0.00051510694117537,1.35188651084215,-0.295719043331917,0.139654481593275,-14.3318124992893,20.3249009199674
-0.395585627444691,-0.00015487656680958,1.35053885672668,-0.295674523319376,0.108184453810694,-14.3964119333717,20.4847497322118
-0.396929703142699,-0.000887412897813397,1.34877828633486,-0.295801889747216,0.0747121633441343,-14.4614363119822,20.6370813554148
-0.398205962180815,-0.00168479599478122,1.34660519365372,-0.296111014015188,0.0388536139931234,-14.5270263070061,20.7815639099225
-0.399424196683925,-0.00255159909817626,1.34401737452853,-0.296622556327892,0.000150438794253183,-14.5932241573795,20.917980524362
-0.400595067767593,-0.00349324925239927,1.34101276085876,-0.297364077173524,-0.0419280449909774,-14.6599441688436,21.0462234552593
-0.401729026221186,-0.00451423402944672,1.33759258839712,-0.29836484680198,-0.0879756663458038,-14.7269458055675,21.1662952503162
-0.402834895578744,-0.00561608698895115,1.33376438669523,-0.299649641142799,-0.138628815695029,-14.7938132486929,21.2783111706934
-0.403918181561171,-0.00679544497294795,1.32954389974216,-0.301232259231773,-0.19452958136955,-14.8599461075006,21.3824967923729
-0.404979325645224,-0.00804264518344021,1.32495482429776,-0.303110075127436,-0.25626854939088,-14.9245669714292,21.4791764491976
-0.406012317921637,-0.00934148117458401,1.32002526738398,-0.305261482752256,-0.324306784105166,-14.9867528684415,21.5687514820239
-0.407004277221345,-0.0106707602416948,1.31478033613512,-0.307648266590551,-0.398884272057974,-15.0454982654197,21.6516712094716
-0.407936658989005,-0.0120080245728292,1.30923152866675,-0.310224196683819,-0.479933639493296,-15.0998134787428,21.7284028908719
-0.408788438543456,-0.0133350560447336,1.30336547106892,-0.312949069767287,-0.567028203386385,-15.1488501300268,21.7994081621701
-0.409540813309233,-0.0146437184568121,1.29713608718332,-0.315804466819134,-0.659392609169622,-15.1920260813484,21.8651311338812
-0.410181991977011,-0.0159399755964041,1.29046393247888,-0.318805572307831,-0.755985291357966,-15.2291088307514,21.9259979629645
-0.410710269506913,-0.0172443790903358,1.28324354208772,-0.322004610181332,-0.855631617768894,-15.2602251936241,21.98242250301
-0.411134327890554,-0.0185889245722292,1.27535592807367,-0.325485535670351,-0.95716524963434,-15.2857964876182,22.0348113805134
-0.411471061922779,-0.0200117832931955,1.26668156798474,-0.329353545891246,-1.05953810425809,-15.3064300506111,22.0835648306741
-0.411742172397049,-0.0215519095386508,1.2571102927564,-0.333724054508923,-1.16188080915808,-15.3228075574402,22.1290735825803
-0.411970810137702,-0.023244899020439,1.24654690351205,-0.338714212237217,-1.26351783201155,-15.3355980949669,22.1717140989505
-0.412179019666013,-0.0251205144581908,1.23491323556166,-0.344437817827651,-1.36395275957167,-15.3454047820116,22.2118443008556
-0.412386161344388,-0.0272016353010612,1.22214807557646,-0.351002998423576,-1.46283961616293,-15.3527404193829,22.2498008185579
-0.412608157149565,-0.0295041579437974,1.20820617925989,-0.358511561282855,-1.55995136539652,-15.3580228279648,22.2858978599268
-0.412857303022686,-0.0320374137590637,1.19305718635611,-0.367059028960624,-1.65515154880545,-15.3615811279351,22.3204273020889
-0.413142416626366,-0.0348048073752361,1.17668481763203,-0.376734664600453,-1.74837133326631,-15.3636667461024,22.3536594886988
-0.413469156544072,-0.037804507379774,1.15908646420228,-0.387621065892849,-1.83959219782128,-15.3644654391949,22.3858442686993
-0.413840413201579,-0.041030113500269,1.14027312973139,-0.399793099111744,-1.92883359109369,-15.3641084307772,22.4172119138851
-0.414256718754303,-0.0444712785402205,1.12026961918344,-0.413316069836082,-2.01614462186459,-15.362681873013,22.4479736420633
-0.414716652441553,-0.0481142897601596,1.09911484927299,-0.42824311228562,-2.10159886036098,-15.3602344569954,22.4783215335539
-0.415217233197564,-0.0519426224688262,1.07686216427699,-0.44461184745052,-2.18529143166856,-15.356783304546,22.5084276654609
-0.41575429640026,-0.0559374748854298,1.05357956479949,-0.462440423040325,-2.26733768021649,-15.3523184249996,22.5384423141914
-0.416322849240077,-0.060078281952964,1.02934978910606,-0.481723105850465,-2.34787273656302,-15.3468061042775,22.5684911115489
-0.416917391226978,-0.0643431897342542,1.00427021898437,-0.502425640623571,-2.42705131827075,-15.3401916609133,22.5986711092641
-0.417532174865433,-0.0687094548179147,0.978452603322453,-0.524480607994316,-2.50504706358027,-15.3324020710046,22.629045843788
-0.418161369895268,-0.0731537203247213,0.95202258709585,-0.547783008370934,-2.58205067454364,-15.3233490128783,22.6596397324502
-0.418799088601985,-0.077652120011931,0.925118985606008,-0.572186300381588,-2.65826620975997,-15.3129328548049,22.6904324932985
-0.419439238003332,-0.0821801846261784,0.897892649455702,-0.597499208095983,-2.7339051096015,-15.3010479140302,22.7213547321479
-0.420075195526958,-0.0867125764908061,0.870504650131953,-0.623483880945354,-2.80917802778761,-15.2875888664032,22.7522862486189
-0.420699359307166,-0.0912227526400179,0.843123447705812,-0.649856480116428,-2.88428524127746,-15.272457490625,22.7830587199278
-0.421302687641831,-0.0956827251697529,0.815920779099373,-0.676291800855357,-2.95940708108645,-15.2555682000325,22.8134639185213
-0.421874381721457,-0.100063104558444,0.789066292697227,-0.702433657803882,-3.03469607369767,-15.236850475505,22.8432673760279
-0.422401846789386,-0.104333543811528,0.762721396088131,-0.727911907886699,-3.11027199473678,-15.2162467929194,22.8722257413063
-0.422870983172229,-0.108463563997719,0.737033173125773,-0.75236504364582,-3.18621992861815,-15.1937059667434,22.9001047813288
-0.423266749114559,-0.112423605887128,0.712129325215383,-0.775464994308448,-3.26259030668091,-15.1691734286403,22.926694831448
-0.423573862708729,-0.116186095325858,0.68811481877461,-0.796939415021627,-3.33939943072361,-15.1425809692256,22.9518216676078
-0.423777504998042,-0.119726353119496,0.665070430102271,-0.816587209819982,-3.41662935559526,-15.1138384148883,22.9753525923175
-0.423863936007214,-0.123023278354628,0.643052931017815,-0.834285075518281,-3.49422680872915,-15.0828288171679,22.9971990623174
-0.423820997973952,-0.126059822205026,0.62209642642651,-0.849985353854845,-3.57210153066779,-15.0494076349526,23.017317883991
-0.423638521884116,-0.12882331084729,0.602214347279688,-0.863707325698713,-3.65012476722692,-15.0134056118762,23.0357128875931
-0.423308665297154,-0.131305672684561,0.583401726199214,-0.875524796334402,-3.72812868656759,-14.9746347479537,23.0524384080664
-0.422826199425193,-0.133503597027767,0.565637538279496,-0.885552569188382,-3.80590740374007,-14.9328968060141,23.0676051840428
-0.422188743959719,-0.135418618380085,0.548887017462335,-0.893933643567826,-3.88322018007407,-14.8879939615747,23.081388615489
-0.421396928966894,-0.13705709431338,0.533103940768901,-0.90082812491659,-3.95979722619477,-14.8397413265317,23.0940387372148
-0.420454450415054,-0.138430031274314,0.51823291071715,-0.906404157288455,-4.03534831228511,-14.787981067403,23.105890762149
-0.419367983408076,-0.139552714418365,0.504211668186526,-0.910830765556081,-4.10957401932073,-14.732597692875,23.1173746361444
-0.418146927153763,-0.140444116012346,0.490973441868873,-0.914272313200283,-4.18217895772844,-14.6735338546952,23.1290217833295
-0.416802977746775,-0.141126090376487,0.478449295860384,-0.916884275872212,-4.2528857400958,-14.6108057696953,23.1414671953758
-0.415349554836123,-0.141622405272423,0.466570387190939,-0.918810122846528,-4.32144810848171,-14.5445171994025,23.1554452953108
-0.413801138267948,-0.141957698987006,0.455270006169944,-0.920179214220901,-4.3876615785579,-14.4748708424525,23.1717785747858
-0.412172591558547,-0.142156476765959,0.444485258287208,-0.921105704287922,-4.4513703679517,-14.4021759674232,23.191358755256
-0.410478553815528,-0.142242261321514,0.43415826321655,-0.921688459426627,-4.51247014499033,-14.3268510695923,23.2151210026545
-0.408732969294731,-0.14223698911799,0.424236790499651,-0.922011948610726,-4.5709070223965,-14.2494202431077,23.2440124228799
-0.406948798520074,-0.142160703500867,0.414674312410846,-0.922147964971315,-4.62667392330781,-14.1705019081696,23.2789566914713
-0.405137923882509,-0.142031547309531,0.405429521316395,-0.92215791869028,-4.67980573469422,-14.0907887537109,23.320817326803
-0.403311232320577,-0.141866010561257,0.396465423218749,-0.922095339710582,-4.73037447554822,-14.0110185404924,23.3703628544966
-0.401478832393889,-0.141679350232444,0.387748173720404,-0.922008177909288,-4.77848516707879,-13.9319369047945,23.4282377614933
-0.399650345641222,-0.141486075083172,0.379245857122074,-0.921940516929358,-4.82427244802735,-13.8542552853634,23.4949432568854
-0.397835204951752,-0.14130038400859,0.370927411245976,-0.921933435053564,-4.86789750055976,-13.7786088973872,23.5708309167718
-0.396042897178338,-0.141136463349994,0.362761862804517,-0.922024927252431,-4.90954471560131,-13.7055204231897,23.6561100689735
-0.394283101846808,-0.141008581753238,0.354717969033014,-0.922248986642764,-4.94941772746696,-13.6353742035798,23.7508666508363
-0.392565696848517,-0.14093095779802,0.346764286218772,-0.922634060464676,-4.98773481308062,-13.5684033491712,23.8550881355076
-0.390900617079552,-0.140917400480422,0.338869635810559,-0.923201103019849,-5.02472394521255,-13.5046892162393,23.9686868570168
-0.38929755596472,-0.140980725751394,0.331003933735565,-0.923961356648759,-5.06061784835605,-13.4441702038466,24.0915130505116
-0.38776549063347,-0.141131934761492,0.323139385498767,-0.924913861188862,-5.09564920892674,-13.3866555751281,24.2233489770663
-0.386311994774813,-0.141379115318465,0.315252101385063,-0.926042609115536,-5.13004584074396,-13.3318401370362,24.3638764106851
-0.384942294396612,-0.141726025557408,0.307324202247598,-0.927313326748883,-5.16402527758715,-13.2793168523088,24.5126121578295
-0.383658049509317,-0.14217038205852,0.299346392688817,-0.928670174733624,-5.19778819013559,-13.2285864209918,24.6688123431729
-0.382455949435642,-0.142702055407935,0.291320691231814,-0.930033283929633,-5.231510500826,-13.1790652087071,24.8313592631988
-0.381326417284538,-0.143301686957583,0.283262511094963,-0.931298834361356,-5.26533533099433,-13.1300950884324,24.9986657166486
-0.380252971475887,-0.143940549896785,0.2752008037369,-0.932343760556723,-5.29936767880051,-13.0809597033041,25.1686520469044
-0.379212873633281,-0.144582442746038,0.267175071261608,-0.933036171804699,-5.33367564764979,-13.0309098931086,25.3388473488591
-0.378179333313808,-0.14518769816217,0.259229223473149,-0.933249871804774,-5.36830026631023,-12.9791964096031,25.5066172685637
-0.377124786046144,-0.14571825424076,0.251404048609462,-0.932878524060724,-5.40327152808836,-12.9251035271541,25.6694459021401
-0.376024163143758,-0.146142075798693,0.243730992977703,-0.931844697807129,-5.43862463579688,-12.8679769500669,25.8251619557387
-0.374857161499785,-0.146435655929877,0.236229085465466,-0.930101804456444,-5.47441096037226,-12.8072440144198,25.9720377308929
-0.373609158655006,-0.146584413436038,0.228905069560792,-0.927630292428721,-5.5107019934087,-12.7424293872824,26.108765101915
-0.372271017392063,-0.146581607482035,0.221755612998255,-0.924430935517127,-5.54758793548944,-12.6731713496154,26.2343618044447
-0.370838245285129,-0.146426553790138,0.214770335885017,-0.920517551596822,-5.58517355291221,-12.5992420348189,26.3480648395434
-0.369309897909183,-0.146122697305984,0.207934844551762,-0.915910343839565,-5.62357321881388,-12.520571539152,26.4492469153883
-0.367687453058158,-0.145675820432749,0.201233413702394,-0.910630247310536,-5.66290598459536,-12.4372722474295,26.5373698476795
-0.365973766049324,-0.145092503081862,0.194651197197171,-0.90469439648711,-5.7032908440156,-12.3496569623969,26.6119743437154
-0.364172168252621,-0.144378901219021,0.188175897432869,-0.898112893257545,-5.74484216200779,-12.2582432699591,26.6726976540764
-0.362285766065857,-0.14353991334833,0.181798799580325,-0.89088716231991,-5.78766535993284,-12.1637378087366,26.7193065180288
-0.360316997618333,-0.142578797420571,0.175515084518143,-0.883010122277436,-5.83185312153961,-12.0669980359674,26.7517315582079
-0.358267481532577,-0.141497249710702,0.169323423648718,-0.874468116377396,-5.87748239391009,-11.9689748023653,26.7700909779707
-0.356138140938308,-0.14029586882117,0.163225008509932,-0.865244144188317,-5.92461223216973,-11.8706444489557,26.7746959712065
-0.353929525632247,-0.138974842124986,0.157222303217667,-0.85532161939488,-5.97328219272798,-11.7729418865413,26.7660362696339
-0.351642214833428,-0.137534652936393,0.151317854039804,-0.844687812696822,-6.02351074445831,-11.6767051158466,26.7447495000877
-0.349277180499876,-0.135976631701173,0.145513426773207,-0.833336338427102,-6.07529320998284,-11.5826376905722,26.711580832354
-0.346836023123481,-0.134303245392473,0.139809609256696,-0.821268387771959,-6.12859906737959,-11.4912907204553,26.6673395647745
-0.344321039569466,-0.132518100406318,0.134205878461549,-0.808492741620864,-6.18336888594852,-11.4030620392532,26.6128578106086
-0.341735126389637,-0.130625696551115,0.12870103678973,-0.795024808811708,-6.23951155174147,-11.3182080165981,26.5489545483122
-0.339081551635175,-0.128631002646784,0.123293883135008,-0.780885010735934,-6.29690263074,-11.2368630725019,26.476406751828
-0.336363642771148,-0.126538932652613,0.117983987032002,-0.766096807936553,-6.35538467812795,-11.159062651584,26.3959283062491
-0.333584442244783,-0.124353796071968,0.112772456158726,-0.750684592920511,-6.41477005904634,-11.0847665840706,26.308156790609
-0.330746380374168,-0.122078786971674,0.107662610607997,-0.734671600394412,-6.4748464680978,-11.0138809443862,26.2136477721899
-0.327851010291289,-0.119715566851978,0.102660493626076,-0.718077935585583,-6.53538490739923,-10.9462774777965,26.1128758980923
-0.324898842400593,-0.117263988068885,0.0977751585274629,-0.700918798056415,-6.5961494925906,-10.8818103288604,26.0062417890334
-0.321889305984604,-0.114721994765195,0.0930186802613657,-0.683202974723322,-6.65690817648291,-10.820330199048,25.8940835904549
-0.318820853304791,-0.112085725794518,0.0884058526380887,-0.664931679304328,-6.71744335897699,-10.7616962554344,25.7766920603696
-0.315691207818711,-0.109349828958466,0.0839535506638416,-0.646097815725656,-6.77756140187171,-10.705786182947,25.6543282614801
-0.312497744576844,-0.106507979492324,0.0796797606103633,-0.626685735060261,-6.83710026184873,-10.6525047741574,25.5272431978668
-0.309237978791353,-0.103553579840056,0.0756023055687263,-0.606671539351851,-6.89593473660034,-10.601791408667,25.3956989590578
-0.305910128123159,-0.100480602843888,0.0717373195227191,-0.586023962954117,-6.95397911595881,-10.5536266897564,25.2599909485333
-0.302513704173588,-0.0972845250744324,0.0680975495515239,-0.564705832087907,-7.01118727770767,-10.5080383705438,25.1204704447706
-0.299050077253482,-0.0939632785004008,0.0646905973134969,-0.542676060724582,-7.06755042838429,-10.4651065169701,24.9775660193703
-0.295522945417283,-0.0905181257212159,0.0615172503118658,-0.519892077710206,-7.12309276082376,-10.4249676508678,24.8318013275092
-0.291938627364276,-0.0869543401314751,0.058570096793756,-0.496312493937953,-7.17786531547419,-10.3878174614914,24.6838058351048
-0.288306097270001,-0.0832815587076365,0.0558326497701168,-0.471899724064796,-7.23193834714732,-10.3539116603505,24.5343147387199
-0.284636698581524,-0.0795136883698025,0.0532791987798761,-0.446622212957546,-7.28539256725323,-10.3235647490273,24.3841553147737
-0.28094351975139,-0.075668300734979,0.0508755371183433,-0.420455933945554,-7.33830977598733,-10.2971468410192,24.2342195021148
-0.277240481631266,-0.0717655417717462,0.0485805747040147,-0.393384956080447,-7.39076358391302,-10.2750790499365,24.0854261655161
-0.273541252260786,-0.0678266856514875,0.0463486786926117,-0.365401097196076,-7.44281105528165,-10.2578280599415,23.9386798169649
-0.269858142400031,-0.0638725348111537,0.0441324501786548,-0.336502903444325,-7.49448607578378,-10.2459001336344,23.7948339608862
-0.266201128006737,-0.0599218801181278,0.0418856017938702,-0.306694322035788,-7.54579498841381,-10.2398340251441,23.654665861206
-0.262577100568042,-0.0559901867102585,0.0395656571243024,-0.275983408752589,-7.59671457319527,-10.2401913447633,23.518865973928
-0.258989387635754,-0.0520885934256522,0.0371363061711086,-0.244381262583915,-7.64719187673259,-10.247542278836,23.3880410910424
-0.255437540729485,-0.0482232464281767,0.0345693568661873,-0.211901189849066,-7.69714488749546,-10.2624445761073,23.2627269140278
-0.251917370122795,-0.0443949567409179,0.0318462710878719,-0.178557958270018,-7.74646278503038,-10.2854146212293,23.1434040960267
-0.248421213913963,-0.0405991802718626,0.0289592492933833,-0.144366966373074,-7.79500464151537,-10.3168913206521,23.0305117873546
-0.244938448539483,-0.036826351611258,0.0259117499192481,-0.109343242878572,-7.84259614164467,-10.3571962359345,22.9244540488566
-0.24145626082618,-0.0330626320991248,0.0227182437971657,-0.0735003773795497,-7.88902507896061,-10.4064962275838,22.8255967607386
-0.237960690570175,-0.0292911286015917,0.0194029711907219,-0.0368496903591359,-7.93403778107972,-10.4647765668941,22.7342554133767
-0.234437909130689,-0.0254935816323359,0.0159975459762147,0.000599941312462338,-7.97733960941683,-10.531831649862,22.6506768239324
-0.230875631633835,-0.021652413380283,0.0125374560894286,0.0388412876027365,-8.0186025621306,-10.6072765655482,22.575019624522
-0.227264494039516,-0.0177529032997236,0.00905779180525616,0.0778670060394051,-8.05748140714455,-10.6905769885598,22.5073386820223
-0.223599194937294,-0.0137851770940629,0.00558878201007469,0.117667346698119,-8.09363706877112,-10.7810897605803,22.4475773260624
-0.219879226760577,-0.00974569938419671,0.00215181619243843,0.158228036720916,-8.12676331747115,-10.8781045140867,22.3955689530311
-0.216109096549603,-0.00563805571668521,-0.00124347290777584,0.199529050496965,-8.15661144061844,-10.9808783793114,22.3510472076157
-0.21229803303169,-0.0014729564635613,-0.00460074473462628,0.241544670966812,-8.18300811735796,-11.0886597885765,22.3136623422809
-0.208459259861479,0.00273246373036952,-0.00793707628931363,0.284244821880753,-8.20586378815598,-11.2007014773361,22.2830008225248
-0.204608963100358,0.00695588406939927,-0.0112818784334666,0.327597301940851,-8.2251713467171,-11.3162654698058,22.258605575348
-0.200765093030924,0.0111713716667758,-0.0146749223240016,0.371570394279746,-8.24099697213928,-11.4346237793152,22.2399950247228
-0.196946128212089,0.0153510989354449,-0.0181638140863894,0.416135351893915,-8.25346587186791,-11.5550581797079,22.2266798146286
-0.193169907538862,0.01946704165713,-0.0218012166189359,0.461268389496159,-8.26274569984367,-11.6768613418594,22.2181766616929
-0.189452612750936,0.02349252920699,-0.0256420593307059,0.506951956074892,-8.26902983697218,-11.7993403770321,22.2140190673816
-0.185807961269445,0.027403550715646,-0.0297409208460604,0.553175167984678,-8.27252197611029,-11.9218227060049,22.2137647381346
-0.182246645787247,0.0311797527202908,-0.0341497201932356,0.599933340454487,-8.27342279846279,-12.0436633743921,22.2169996348928
-0.178776031697691,0.0348050973579625,-0.0389158050239332,0.647226583373631,-8.27191905636716,-12.1642525599876,22.2233386972252
-0.17540009808878,0.0382681843487883,-0.0440804788683486,0.695057448211111,-8.26817507915403,-12.2830220640514,22.2324234942228
-0.172119586726965,0.0415622703536565,-0.0496779663771035,0.743427642879512,-8.26232654929793,-12.3994499377051,22.2439173147529
-0.168932310118532,0.0446850404717356,-0.0557347820853931,0.792333876913581,-8.2544763164728,-12.5130628924891,22.2574984605593
-0.165833566006535,0.0476381957117654,-0.0622694493129892,0.84176296225816,-8.24469200425986,-12.6234366046269,22.2728526860794
-0.162816610324093,0.0504269179427106,-0.0692925119299244,0.891686376605876,-8.23300520341364,-12.7301943261567,22.2896658021716
-0.159873150506158,0.0530592637354145,-0.0768067889627459,0.94205459779224,-8.21941212052557,-12.8330043236665,22.3076174179563
-0.156993832495691,0.0555455253658343,-0.0848078340540783,0.992791635931901,-8.20387563914417,-12.9315766061896,22.3263766441362
-0.154168704782125,0.0578975851935674,-0.093284572397336,1.04379031070374,-8.18632882467833,-13.0256592452511,22.3456003385625
-0.151387649608473,0.0601282813029073,-0.102220092666188,1.09490891563983,-8.16667993809542,-13.1150344071078,22.3649341613285
-0.148640774546937,0.0622507986821783,-0.111592569051892,1.14596993801968,-8.1448189973459,-13.1995140718501,22.3840163523044
-0.145918757493154,0.064278100832784,-0.121376279830247,1.19676141861043,-8.12062583416291,-13.2789353447929,22.402483793498
-0.143213136118799,0.0662224198661899,-0.131542676999251,1.24704131251812,-8.09397944953453,-13.3531552849246,22.4199796305251
-0.140516530851813,0.0680948263606867,-0.142061450830673,1.29654485822062,-8.0647683024317,-13.4220452714339,22.436161562746
-0.137822790518569,0.0699049007498086,-0.15290152825274,1.34499452903345,-8.03290101149953,-13.4854850724259,22.4507099132341
-0.135127053328337,0.0716605236279943,-0.164031948340518,1.39211172035691,-7.99831684416552,-13.5433569301157,22.4633347623001
-0.132425723158655,0.0733677924084813,-0.175422573009584,1.43762901949697,-7.96099533309047,-13.5955400949109,22.4737817286149
-0.129716370859584,0.0750310576070312,-0.187044614400885,1.48130179162573,-7.92096439577138,-13.6419062976529,22.4818363279207
-0.126997580052669,0.0766530568299657,-0.198870987740938,1.52291792267024,-7.87830642020228,-13.6823166312467,22.4873271348841
-0.124268763744894,0.0782351123521558,-0.210876523517351,1.5623048549467,-7.83316189066615,-13.7166202223169,22.4901281399575
-0.121529979656134,0.079777352555084,-0.223038089834541,1.59933345702201,-7.78573024186525,-13.7446549248964,22.4901606926742
-0.118781767438101,0.0812789204518077,-0.235334680982481,1.63391869320091,-7.7362677416554,-13.7662500823613,22.4873952683578
-0.116025020529346,0.0827381439197696,-0.247747520561215,1.6660174217111,-7.68508232492993,-13.7812312036059,22.4818530429383
-0.113260891292059,0.0841526598945102,-0.26026020881351,1.69562390708957,-7.63252545498006,-13.7894262076033,22.4736069921547
-0.110490713354554,0.0855195048989713,-0.272858918287914,1.72276376851922,-7.57898128962501,-13.7906727305489,22.4627820318527
-0.107715913126441,0.0868352023954714,-0.285532615160001,1.74748711426031,-7.52485367304914,-13.784825886804,22.449553652047
-0.104937876231735,0.0880958892922101,-0.298273261355395,1.7698615575504,-7.47055172830261,-13.7717658536105,22.4341446003113
-0.102157735893679,0.0892975265689516,-0.311075939906936,1.78996569787698,-7.41647503420842,-13.7514047288302,22.4168194271543
-0.0993760591087974,0.0904362316702804,-0.32393884529049,1.8078835065675,-7.36299947197299,-13.7236922950754,22.3978770627987
-0.0965924209363099,0.0915087548289935,-0.336863091210932,1.8236998970895,-7.31046477633259,-13.6886205951562,22.3776419697073
-0.0938048743674844,0.0925131015240304,-0.349852306849709,1.83749760661344,-7.25916461593473,-13.6462275417229,22.3564547233148
-0.0910093399966553,0.0934492830049807,-0.362912013721441,1.84935538339022,-7.20933969393941,-13.5966000885797,22.3346630502545
-0.0881989543670095,0.0943201590542421,-0.376048794429707,1.85934737790907,-7.16117397206126,-13.5398777131515,22.312614369291
-0.0853634287646347,0.095132322065487,-0.389269280027033,1.86754358055861,-7.11479376025963,-13.476257028383,22.2906507393184
-0.0824884835598031,0.0958969564015283,-0.402578996767613,1.8740111293147,-7.0702691484931,-13.4059981893201,22.2691068438415
-0.0795554394554539,0.0966305876697698,-0.415981131929064,1.8788163104261,-7.02761712715555,-13.3294333203851,22.2483112538098
-0.0765410664179999,0.0973556102872919,-0.429475309457909,1.88202706669138,-6.98680575843953,-13.2469764181119,22.2285907199281
-0.0734178082879696,0.0981004514813151,-0.443056513193215,1.88371578410806,-6.94775890454747,-13.1591330999965,22.210276660833
-0.0701545026587383,0.0988992087431864,-0.456714351396168,1.88396203349337,-6.9103612514689,-13.0665073455274,22.1937123848918
-0.0667176812748784,0.0997906100773521,-0.470432897121579,1.88285481547598,-6.87446362946007,-12.969801433014,22.1792590586224
-0.0630734478241522,0.100816220372149,-0.4841913242073,1.88049375734371,-6.83988884339992,-12.8698052835039,22.1672982820904
-0.0591897893034609,0.102017965120053,-0.497965449279353,1.87698873733442,-6.80643830026808,-12.7673730295694,22.1582296505935
-0.0550390224503519,0.103435235952449,-0.511730083168681,1.87245764845477,-6.77389960070472,-12.66338791198,22.152462970968
-0.050599978519915,0.105102005143843,-0.525461852635967,1.86702244466217,-6.74205497467997,-12.5587205947907,22.1504065149998
-0.0458595522852419,0.107044419883229,-0.539141987577153,1.86080408386046,-6.71069011825678,-12.4541888454452,22.1524540734304
-0.0408133918353492,0.109279233576835,-0.552758572706782,1.85391727266534,-6.67960280155122,-12.3505266576677,22.1589738908169
-0.0354657191777866,0.111813209791283,-0.566307936902415,1.84646588782625,-6.64861066668186,-12.248368149021,22.1703016534126
-0.0298284518764323,0.114643410154829,-0.579795103131371,1.83853964149302,-6.61755787462965,-12.1482473655988,22.1867380999612
-0.0239198796600765,0.117758140165917,-0.593233427595793,1.83021215246151,-6.58632054276419,-12.0506113841998,22.2085503266015
-0.0177631355856339,0.121138301628934,-0.606643650479127,1.821540265798,-6.55481109246796,-11.9558419772084,22.2359749931679
-0.0113846305067382,0.124758954790995,-0.6200525674793,1.81256431528198,-6.52298163015846,-11.8642806249774,22.2692214816762
-0.00481254045269134,0.128590974368847,-0.633491459830952,1.80330903147305,-6.49082633471899,-11.7762521786796,22.3084733905511
0.00192461969826585,0.132602749626643,-0.646994344099116,1.79378489544384,-6.45838259495285,-11.6920833253588,22.3538873183441
0.00879932574629769,0.136761909048885,-0.660596058234327,1.78398985301292,-6.42573042903258,-11.6121128697441,22.4055885512208
0.015786260131927,0.141037042864847,-0.674330203055779,1.77391138417561,-6.3929896224199,-11.5366917921132,22.4636639703154
0.0228633742495655,0.145399362081008,-0.688227006041399,1.76352893833157,-6.36031412326906,-11.4661723381586,22.5281532048119
0.0300127323435008,0.149824189402521,-0.702311248219978,1.75281669287528,-6.32788357124419,-11.4008872373871,22.5990396757865
0.0372210619395764,0.15429214838666,-0.716600462461816,1.74174649180875,-6.29589236199603,-11.3411223696375,22.6762435188744
0.0444799509046272,0.158789922627343,-0.731103634960543,1.7302907171578,-6.26453722312677,-11.28708817467,22.7596182367605
0.0517856725158077,0.163310504717924,-0.745820595498531,1.71842479304501,-6.23400469517584,-11.2388959380934,22.8489522305033
0.0591386755302484,0.167852934142494,-0.760742169658179,1.70612905657149,-6.20445999909432,-11.1965441591586,22.9439752421976
0.0665428262825467,0.172421606953826,-0.775851023816937,1.69338984685657,-6.1760384812927,-11.1599176472841,23.0443685806617
0.0740045164389359,0.177025298234898,-0.79112301376349,1.6801998186942,-6.1488402674074,-11.1287987532826,23.1497772147444
0.0815317465362068,0.181676053875488,-0.806528790229006,1.66655762050767,-6.12292813225676,-11.1028874630939,23.2598216524728
0.0891332683458736,0.186388083886985,-0.82203542848108,1.65246714590665,-6.09832810046977,-11.0818258106922,23.374107946827
0.0968178325112243,0.191176742710801,-0.837607913733994,1.63793656724545,-6.07503203164814,-11.0652222916913,23.4922349347888
0.104593555346332,0.196057633299905,-0.853210396153048,1.62297730956772,-6.05300141113864,-11.0526731712743,23.6137986270208
0.112467397921988,0.201045835624917,-0.868807200351139,1.60760305550703,-6.03217169107123,-11.0437790945367,23.7383943038443
0.120444742858042,0.206155242025954,-0.884363619804707,1.59182881159806,-6.01245671898841,-11.0381567080572,23.865617246392
0.12852905650432,0.211397979663022,-0.899846544732315,1.57567002753948,-5.99375298399974,-11.0354458584968,23.9950631426056
0.136721631620731,0.216783908711719,-0.915224968606082,1.5591417450687,-5.97594356288289,-11.0353133452289,24.1263291037626
0.145021413609291,0.222320197577384,-0.93047040236341,1.54225775843942,-5.95890174637584,-11.0374542803371,24.2590159667431
0.15342491827839,0.228010987711541,-0.945557205188826,1.5250297870101,-5.942494371773,-11.0415919835514,24.3927321994104
0.161926249078716,0.23385716664945,-0.960462823571679,1.507466684032,-5.92658489436237,-11.0474771211882,24.527099335031
0.170517216539241,0.239856266739191,-0.975167921101315,1.48957372655661,-5.91103621404792,-11.0548865619346,24.6617585071876
0.179187553695291,0.246002499049022,-0.989656382219901,1.47135204333428,-5.89571325156357,-11.063622213813,24.7963774077306
0.187925211219969,0.252286919472652,-1.00391518295691,1.45279823751491,-5.8804852542927,-11.0735099493137,24.9306568953304
0.196716707589449,0.258697710628813,-1.01793413699412,1.43390424945031,-5.86522781193599,-11.0843986265798,25.0643365515845
0.205547505084872,0.265220552261995,-1.03170554144616,1.41465748572212,-5.84982457720694,-11.0961591684366,25.1971986826925
0.214402382584708,0.271839046833887,-1.04522375905911,1.39504121907559,-5.83416871093834,-11.1086836545976,25.329070533371
0.223265780363922,0.278535166484211,-1.05848477941872,1.37503524519856,-5.81816409651166,-11.1218843988041,25.4598247438165
0.232122098984698,0.285289691632226,-1.07148580071975,1.35461676924987,-5.80172638811815,-11.135693006666,25.5893782831346
0.240955942072462,0.292082618411029,-1.08422486698308,1.33376148823058,-5.78478396653261,-11.1500594308669,25.7176902049837
0.249752299876566,0.29889352000414,-1.09670058552133,1.31244483324219,-5.76727887357936,-11.1649510531937,25.8447585929445
0.25849667618409,0.305701854372162,-1.10891193813583,1.29064333594873,-5.74916778350422,-11.1803518273877,25.9706170138278
0.267175165167353,0.312487217071588,-1.1208581885743,1.26833608375435,-5.73042304839047,-11.1962615160205,26.0953307046695
0.275774487314154,0.319229542733558,-1.1325388790167,1.24550622664795,-5.71103382784971,-11.2126950525871,26.2189926109247
0.284281995132017,0.325909262526452,-1.14395389997546,1.22214249469207,-5.69100728189559,-11.2296820606722,26.3417192915794
0.292685660261115,0.332507427952543,-1.15510361082348,1.19824067907827,-5.67036977043801,-11.2472665679368,26.4636466278258
0.300974054285362,0.339005813950114,-1.16598898195432,1.17380502266285,-5.64916796253908,-11.2655069639576,26.5849252272968
0.309136336029243,0.345387016629489,-1.17661172425792,1.14884945955786,-5.62746971259556,-11.284476263915,26.7057154148609
0.317162258411216,0.351634562958585,-1.18697436741618,1.12339863945946,-5.6053645094257,-11.304262744708,26.8261817519095
0.325042207769749,0.357733050968493,-1.19708024615637,1.09748867247842,-5.58296325208604,-11.3249709962392,26.9464871367803
0.332767287641491,0.363668338973282,-1.20693335416262,1.07116753504256,-5.56039706448511,-11.3467233439411,27.0667867161931
0.340329456837901,0.369427800078725,-1.216538030409,1.04449508621768,-5.5378148513249,-11.3696613972103,27.1872220849198
0.347721727833855,0.37500065279944,-1.2258984543562,1.01754265330534,-5.51537935415284,-11.3939470969833,27.3079165651325
0.354938425185048,0.38037836827552,-1.23501794771796,0.990392149165403,-5.49326162896168,-11.4197620191787,27.4289727195305
0.361975493483945,0.385555136685089,-1.24389811574598,0.963134671446187,-5.47163416814963,-11.4473028581947,27.5504736094019
0.368830827682753,0.390528345975914,-1.25253791616018,0.93586849648881,-5.45066332412484,-11.476770184728,27.6724895254408
0.375504572364191,0.395298981327688,-1.26093282364335,0.908696321229305,-5.43050217447204,-11.5083473345775,27.7950917089271
0.38199930085068,0.399871797142196,-1.26907435511765,0.881721561826589,-5.41128530001205,-11.542167676935,27.9183734686259
0.388319951626645,0.404255067969817,-1.27695029654668,0.855043577091708,-5.39312683165527,-11.578272640675,28.0424766015182
0.394473399871399,0.408459743099169,-1.28454593854915,0.82875196532858,-5.37612231210752,-11.6165697032518,28.1676172801675
0.400467618500236,0.412497973596066,-1.29184638173157,0.802920617448355,-5.36035350318085,-11.6568062037552,28.2941022194017
0.406310548076625,0.416381253332433,-1.29883950555767,0.777602785042845,-5.34589390263604,-11.6985756345524,28.4223261046766
0.412008979229486,0.420118690211448,-1.30551871708113,0.752828584494871,-5.33281238407294,-11.741363523661,28.5527472456249
0.417567819988274,0.423715988099022,-1.31188447133336,0.728605757354842,-5.32117349530067,-11.7846229615077,28.6858482367135
0.422989988643982,0.427175466367839,-1.31794398135311,0.704923345254487,-5.31103486341596,-11.8278558771845,28.8220957088422
0.428276910357283,0.430497014610247,-1.32370928358842,0.681756930711712,-5.30244353049526,-11.8706751262965,28.9619125855543
0.433429378493573,0.433679558929335,-1.32919440209406,0.659073854002722,-5.2954331151579,-11.9128340521981,29.1056684168434
0.43844848948022,0.436722571347397,-1.33441245258606,0.636837331088502,-5.29002279215116,-11.9542251451772,29.253684307079
0.443336451119351,0.439627326242925,-1.33937323106446,0.615009178193465,-5.28621804444938,-11.9948587233152,29.4062438921699
0.448097196449789,0.442397827046907,-1.34408143858528,0.593551430304249,-5.28401251814589,-12.0348338491154,29.5636015881213
0.452736826999589,0.445041469718844,-1.34853543094924,0.572427372040841,-5.28339014279158,-12.0743100453887,29.7259816648244
0.45726393805608,0.447569549829946,-1.35272630770819,0.55160247066009,-5.28432676592701,-12.1134837447277,29.8935642468302
0.461689859064126,0.449997685030114,-1.35663722365633,0.531045553999833,-5.28679071368718,-12.1525700125712,30.0664562549156
0.466028795954703,0.452346147580618,-1.36024295557661,0.510730391512763,-5.29074187639488,-12.1917883752659,30.2446471401792
0.470297805868198,0.454640004798473,-1.3635099394641,0.490637623687564,-5.29612918169745,-12.2313512242295,30.4279523024875
0.474516485863499,0.456908870852672,-1.36639715586834,0.470756727008761,-5.30288675831058,-12.2714538455158,30.6159524622002
0.478706244355652,0.459186023764858,-1.36885829112861,0.451087421682637,-5.3109297601362,-12.3122663279945,30.807944682802
0.482889086105555,0.461506705055732,-1.3708454090352,0.431639755993954,-5.3201515573565,-12.3539290038206,31.0029268744667
0.487085999498695,0.463905650950152,-1.37231385424473,0.412432257469613,-5.33042433423525,-12.3965538764011,31.1996358184013
0.491315241465959,0.466414256457636,-1.37322742535048,0.393488166859574,-5.34160446803923,-12.4402337542043,31.3966434779458
0.495590942233044,0.469058048954597,-1.37356243185686,0.374830649504202,-5.35354231283178,-12.4850583701365,31.5924912952726
0.499922378266028,0.471855116177331,-1.37330949798457,0.356478431156749,-5.36609408269523,-12.5311339733183,31.7858226361156
0.504314006563759,0.474815767545463,-1.37247283299836,0.338443079400444,-5.3791327625294,-12.5786017339438,31.975474449669
0.5087660808649,0.477943246205014,-1.37106758828317,0.320728313615876,-5.39255585675424,-12.6276514893327,32.1605095138525
0.513275535179824,0.481235030544639,-1.36911633573208,0.30333088827255,-5.40628951208234,-12.6785296155153,32.3401947123437
0.51783684374684,0.484684249498436,-1.36664556904816,0.286242205037618,-5.42028995192522,-12.73154135192,32.5139446238766
0.522442668132749,0.488280877785121,-1.36368274540682,0.26944986841727,-5.43454369805263,-12.7870479279332,32.6812510243472
0.527084198615515,0.492012534649708,-1.36025405016298,0.252938658878451,-5.44906788809718,-12.8454575935684,32.8416135524431
0.531751155429267,0.495864811847671,-1.35638290888555,0.236690644737428,-5.46391149789957,-12.9072078089163,32.9944810157595
0.536431447650668,0.499821106665783,-1.35208927276862,0.220684318991577,-5.47915767615899,-12.9727341508667,33.1392096630908
0.541110527312867,0.503861977969542,-1.34738978498154,0.204892769833943,-5.49492673188089,-13.0424210043761,33.2750443350334
0.545770561750827,0.507964135570653,-1.34229898790387,0.189281067096103,-5.51137854723871,-13.1165314929905,33.4011290442835
0.550389697474728,0.512099358196356,-1.33683162467807,0.173803360481947,-5.52871239994263,-13.1951212904404,33.5165524200635
0.55494186307828,0.516233885719251,-1.33100571946669,0.158400634946869,-5.54716174603549,-13.2779531171622,33.6204275133142
0.559397617948533,0.520328986411673,-1.32484554841116,0.143000439032354,-5.56698208998187,-13.3644409522574,33.7119936725156
0.56372631259284,0.524343200455892,-1.31838319566119,0.127519768177351,-5.58843208460293,-13.4536544957954,33.7907147992421
0.567899255761787,0.528236093390879,-1.31165763608727,0.111871341759756,-5.61175082657793,-13.5443962111207,33.8563428361249
0.571892991004952,0.531972535481084,-1.30471131919141,0.095972084254132,-5.63713613682994,-13.6353313110432,33.9089255197949
0.575691634760179,0.535526164562852,-1.29758541680756,0.0797516430942891,-5.66472793932732,-13.7251271363622,33.9487596309296
0.579287659445824,0.538881084337136,-1.29031537149033,0.0631589422742163,-5.69459818460362,-13.8125601019504,33.9763111752788
0.582681168141615,0.542031649369971,-1.28292792764725,0.0461658177300677,-5.72674618441345,-13.8965710947518,33.9921305242546
0.585878152435156,0.544980812695822,-1.27543998277272,0.0287678583993942,-5.76109728237819,-13.9762747360795,33.9967837713815
0.588888304797086,0.547737701555253,-1.2678589721873,0.0109831156392268,-5.79750342187661,-14.0509407620655,33.9908097212964
0.591722811472662,0.550314963031075,-1.26018429060022,-0.00715064355967109,-5.83574541263552,-14.1199664485389,33.9747023002356
0.594392371633514,0.552726215939289,-1.25240931458755,-0.0255796755209315,-5.87553768513451,-14.1828535112973,33.9489130418569
0.596905571130798,0.554983799048739,-1.24452371831705,-0.0442387039072721,-5.91653667414958,-14.2391963611286,33.9138665642107
0.599267689648127,0.557096943447503,-1.23651585503211,-0.0630558197083466,-5.95835365081079,-14.2886830890419,33.8699818935024
0.601480001045979,0.559070480434728,-1.22837499095996,-0.0819575068747215,-6.00057196904993,-14.3311063750398,33.8176931536659
0.603539599204938,0.560904174849856,-1.22009316628203,-0.100873350302302,-6.04276757861727,-14.3663786201036,33.7574643985416
0.605439726918308,0.562592714960759,-1.21166647474222,-0.119739941245934,-6.08453065796482,-14.3945443148038,33.6897953708952
0.607170511957698,0.564126295241707,-1.2030956334228,-0.13850359239028,-6.12548571716906,-14.4157834208808,33.6152175976716
0.608719950931901,0.565491629819108,-1.19438584779089,-0.15712170280759,-6.16530773214375,-14.4304022834605,33.5342828379374
0.610074957129848,0.566673174055984,-1.18554611616205,-0.175562888972401,-6.2037327245106,-14.4388123662653,33.4475476327796
0.611222313412876,0.567654334060303,-1.17658820665828,-0.193806213003986,-6.24056236317921,-14.4415004349684,33.3555580338545
0.612149431342212,0.568418501690388,-1.16752555050728,-0.211839923015921,-6.27566322216511,-14.438995520214,33.2588376360577
0.612844885988297,0.568949835672207,-1.15837223980123,-0.229660072925443,-6.30896199849023,-14.4318377890632,33.1578804508027
0.613298748846492,0.569233785067682,-1.14914223185102,-0.247269263557226,-6.3404382050182,-14.4205529168798,33.0531486449397
0.613502768864355,0.56925740023582,-1.13984878208657,-0.264675608108416,-6.37011570865018,-14.4056335901209,32.9450741689975
0.613450456125526,0.569009495706626,-1.13050407339021,-0.281891917207873,-6.39805415289226,-14.3875281074221,32.8340628807754
0.613137112705265,0.56848072650677,-1.12111898518656,-0.298935037217686,-6.42434093251217,-14.3666350041098,32.7204997838818
0.612559839297266,0.567663624662595,-1.11170294387401,-0.31582525497553,-6.44908406664797,-14.3433021906544,32.6047542388151
0.611717530464816,0.566552624164851,-1.10226380791304,-0.332585689656666,-6.47240608131405,-14.3178290915751,32.4871843103351
0.610610858964324,0.565144085679872,-1.09280775827156,-0.34924161501476,-6.49443886406327,-14.2904704993042,32.3681397095924
0.609242241689942,0.563436319163494,-1.08333918281405,-0.36581968373184,-6.51531937751691,-14.2614411673534,32.2479630507706
0.607615776469923,0.561429594132556,-1.0738605586258,-0.382347054252417,-6.53518609482152,-14.2309204705072,32.1269893745298
0.60573713973081,0.559126123730479,-1.06437234750762,-0.398850445737516,-6.55417603000097,-14.1990567167241,32.0055441009665
0.603613439087829,0.556530009479931,-1.05487292603756,-0.415355166116572,-6.57242226363948,-14.1659708947908,31.8839397591389
0.601253021031275,0.553647137914634,-1.04535857237288,-0.431884169700083,-6.59005189662001,-14.1317597859081,31.7624719825012
0.598665240603926,0.550485026856,-1.03582352777692,-0.448457203314726,-6.60718439249333,-14.0964984632284,31.6414153391169
0.595860205797622,0.54705262636038,-1.02626014293119,-0.465090093577944,-6.62393028696324,-14.0602422587168,31.5210195672624
0.592848513098361,0.543360085686159,-1.01665910931395,-0.481794214398224,-6.64039024926483,-14.02302829951,31.4015067105405
0.589640991507548,0.539418501732857,-1.00700976642236,-0.498576156007069,-6.65665447656233,-13.9848767145062,31.2830695087223
0.58624847049016,0.535239665634871,-0.997300468224363,-0.51543759829788,-6.67280239278516,-13.9457915948575,31.1658712309986
0.582681583290548,0.530835822622837,-0.987518988067737,-0.532375375140629,-6.68890261214533,-13.9057617676147,31.0500469706967
0.578950611901924,0.52621945655244,-0.977652940568236,-0.549381704792889,-6.70501311884255,-13.8647614169833,30.9357062825673
0.575065374696343,0.52140310560237,-0.967690201196236,-0.566444555340874,-6.72118161054603,-13.8227505673852,30.8229369512653
0.571035153112244,0.51639921051436,-0.95761930836481,-0.583548112875463,-6.73744595481039,-13.7796754295245,30.7118096351981
0.566868650310598,0.511219992129432,-0.947429837661335,-0.600673322647572,-6.75383471394756,-13.7354686058059,30.6023831257138
0.562573972467314,0.505877351303143,-0.937112742476811,-0.617798478232603,-6.77036770354199,-13.6900491545933,30.4947099841739
0.558158622251319,0.500382781725203,-0.926660658972563,-0.634899839293685,-6.78705656101144,-13.6433225234113,30.3888423542032
0.553629493807591,0.494747284709763,-0.916068175671594,-0.651952263644709,-6.80390531170442,-13.5951803790638,30.2848377806743
0.548992858975904,0.488981274576179,-0.905332068786291,-0.66892984306752,-6.82091092953614,-13.5455003879833,30.1827648915606
0.544254335351684,0.483094463745719,-0.894451503649662,-0.685806534113729,-6.83806389588374,-13.4941460335833,30.0827088081887
0.539418828068697,0.477095718166203,-0.883428200320953,-0.702556774532633,-6.85534876337615,-13.4409665994418,29.9847761415567
0.534490438921325,0.470992876293233,-0.872266557639657,-0.719156072841373,-6.87274472955365,-13.3857974973317,29.8890994083237
0.529472338846908,0.464792528865464,-0.860973724811597,-0.735581552980958,-6.89022621877919,-13.3284611746651,29.7958406639639
0.524366603163681,0.458499762428455,-0.849559603270813,-0.751812428446059,-6.90776345961083,-13.2687688902198,29.7051941101157
0.519174013670497,0.452117877242221,-0.838036754607485,-0.767830371778616,-6.92532303059485,-13.206523688065,29.617387400174
0.513893838067778,0.445648099849351,-0.826420183806411,-0.783619737688382,-6.94286833311712,-13.1415249092236,29.5326813579278
0.508523605225453,0.43908932165561,-0.814726962600839,-0.799167594002281,-6.96035994014383,-13.0735745357512,29.4513678581793
0.503058904184028,0.432437906036742,-0.802975657849109,-0.814463517549979,-6.97775577000546,-13.0024855393035,29.3737657153756
0.497493244248548,0.425687615373875,-0.79118553742294,-0.829499125428617,-6.99501105008311,-12.9280921913114,29.3002145989317
0.491818021015642,0.418829712768874,-0.779375543876575,-0.844267338174671,-7.01207806908437,-12.850261990587,29.2310672379582
0.486022635761717,0.411853287441374,-0.767563055424788,-0.858761409802366,-7.0289057665063,-12.7689085135322,29.1666804628834
0.480094810224531,0.404745835288865,-0.755762492898088,-0.872973805988133,-7.04543926580837,-12.6840041617344,29.1074058962997
0.474021123209404,0.397494096476464,-0.743983874936778,-0.886895057195918,-7.06161951063182,-12.5955915603796,29.0535812689166
0.467787769492345,0.390085113317328,-0.732231462817153,-0.900512746955827,-7.07738319636937,-12.5037923281119,29.0055233217297
0.46138150787204,0.382507430595688,-0.720502660628321,-0.913810806213003,-7.09266319091911,-12.4088121331657,28.9635230239022
0.454790729332205,0.374752325275368,-0.708787337434786,-0.926769266272176,-7.1073896037631,-12.310941351124,28.9278434150246
0.448006545068832,0.366814931187823,-0.697067711595424,-0.939364575367465,-7.12149159436529,-12.2105511743276,28.8987198678827
0.441023774466664,0.358695122148517,-0.685318885429918,-0.951570513450044,-7.13489991759266,-12.1080855952443,28.8763621032678
0.433841710170069,0.350398035603082,-0.673510047895488,-0.963359656862296,-7.14755009657554,-12.0040502020636,28.8609570036579
0.426464553566794,0.341934156146208,-0.661606284072387,-0.974705261689801,-7.15938600463189,-11.8989991026361,28.8526712417293
0.418901448112401,0.333318928601353,-0.649570854597518,-0.985583364584445,-7.17036354108302,-11.7935214584891,28.8516529506958
0.411166084990358,0.32457192586335,-0.637367746881157,-0.995974854112084,-7.18045401464851,-11.6882289988703,28.85803202561
0.403275907534335,0.315715648373432,-0.624964261898067,-1.00586725190715,-7.18964681433615,-11.5837454632918,28.8719190274008
0.395250988381703,0.306774071905387,-0.612333390361987,-1.01525596320835,-7.1979509591714,-11.4806982301388,28.8934029480884
0.387112688778348,0.297771083433021,-0.599455749929533,-1.02414480697181,-7.20539517903625,-11.379711569249,28.9225482285001
0.378882228799847,0.288728950485471,-0.586320896384041,-1.03254570930912,-7.21202629223774,-11.2814002377545,28.959391414707
0.370579300498249,0.279666960015825,-0.572927880503321,-1.04047753242066,-7.21790581296773,-11.1863617815988,29.0039377653954
0.362220845633437,0.270600341797133,-0.559284993018764,-1.04796410704269,-7.2231049384755,-11.0951661106229,29.0561580574502
0.353820098606919,0.2615395612198,-0.545408717926027,-1.05503163117324,-7.2276983092159,-11.0083417272809,29.1159858219922
0.345385965674095,0.252490028653188,-0.5313219933316,-1.06170567895178,-7.23175715860978,-10.9263592313575,29.1833152572937
0.336922775531316,0.243452229554841,-0.517051949493409,-1.06800811414152,-7.23534260753457,-10.8496140093024,29.2580000380223
0.328430397435646,0.234422236191437,-0.502627343162453,-1.07395420648624,-7.23849985379125,-10.7784108689741,29.3398530972028
0.319904686864617,0.225392525803991,-0.488075924322628,-1.07955019988665,-7.24125383884738,-10.712953430754,29.4286471744383
0.311338192251336,0.216353009082033,-0.473421951838894,-1.08479148974419,-7.24360668189236,-10.6533402650867,29.5241155617413
0.302721044711978,0.207292170917435,-0.458684025591885,-1.08966146056624,-7.24553684218746,-10.5995683575976,29.6259521687973
0.294041956524219,0.198198240129748,-0.443873341576152,-1.09413094835999,-7.24699970431207,-10.5515429886477,29.7338099247784
0.285289268526872,0.189060327675127,-0.428992423663881,-1.09815825225193,-7.24792914626185,-10.509092016505,29.8472967476395
0.276452002854739,0.179869492544848,-0.414034356832665,-1.10168963463575,-7.24823966242268,-10.471982115392,29.965968883748
0.267520886238345,0.170619701678633,-0.398982546251774,-1.10466030628962,-7.24782873675398,-10.4399347323056,30.0893223063034
0.25848930431903,0.161308640911211,-0.383811046521995,-1.10699596256929,-7.24657933177757,-10.4126401885436,30.2167839259837
0.249354128951648,0.151938312306828,-0.368485526349717,-1.10861498004991,-7.24436250740163,-10.3897691975752,30.3477053674659
0.240116336013886,0.142515331602523,-0.352964930886689,-1.10943136252956,-7.24104025573828,-10.3709818631107,30.4813626342362
0.230781315772763,0.13305083590739,-0.337203854961901,-1.10935842037256,-7.23646860801532,-10.3559347871921,30.6169646934224
0.221358788757172,0.123559942698241,-0.321155539488592,-1.10831299099559,-7.23050095207232,-10.344287155108,30.7536725707696
0.211862287647941,0.114060770360794,-0.304775271457069,-1.10621981710394,-7.22299135213423,-10.3357065514051,30.890628089364
0.202308243159882,0.10457312103311,-0.288023852036429,-1.10301557695261,-7.2137975703791,-10.3298748823933,31.026988646146
0.192714793546175,0.0951170039287927,-0.270870749894216,-1.09865207591187,-7.20278351896916,-10.3264943164088,31.1619625085542
0.18310049030609,0.0857112077397599,-0.253296604887051,-1.09309826778736,-7.18982102754369,-10.3252928145755,31.2948389163775
0.173483076213235,0.0763721017793548,-0.235294873467678,-1.08634101253527,-7.17479103093315,-10.3260287464558,31.4250088754593
0.163878469463637,0.0671127736772208,-0.21687256028569,-1.0783846964049,-7.15758447015143,-10.3284942583783,31.5519751563623
0.154300022750858,0.057942529676586,-0.1980501069213,-1.06924996893662,-7.13810328637923,-10.3325173621035,31.6753525485895
0.144758065305261,0.0488667210926828,-0.178860579700936,-1.05897187419374,-7.11626185779546,-10.3379629864177,31.7948610568212
0.135259696241288,0.0398868298959523,-0.159348315975222,-1.04759760466179,-7.09198911424223,-10.3447333864566,31.9103152435764
0.125808782021622,0.0310007441562714,-0.139567172435441,-1.03518403481521,-7.06523141320184,-10.352768314011,32.0216125765838
0.116406113190162,0.0222031685596744,-0.119578492748372,-1.02179513548652,-7.03595611317553,-10.3620452488805,32.12872284823
0.107049686571317,0.0134861344695714,-0.0994488903472295,-1.00749934626367,-7.00415566127202,-10.3725798267553,32.2316798475962
0.0977350911852906,0.00483958991466902,-0.0792479315185151,-0.992366988912889,-6.96985192978789,-10.3844264189344,32.3305756770039
0.0884559845251033,-0.00374794133230093,-0.0590458028158207,-0.976467827410058,-6.933100491054,-10.3976786584195,32.4255574784624
0.0792046487468991,-0.0122886412440996,-0.0389110505901591,-0.959868903665456,-6.89399450370028,-10.4124695919454,32.5168258655347
0.069972613928211,-0.0207946341697139,-0.0189084835847705,-0.942632788738927,-6.85266788518732,-10.4289710889853,32.6046340208466
0.0607513292617711,-0.0292772017087292,0.000902672324880075,-0.924816378681456,-6.80929745138894,-10.4473921709569,32.6892862088006
0.0515328548823706,-0.0377460083549595,0.0204702875586898,-0.90647032964188,-6.76410370306283,-10.4679760406933,32.7711343762281
0.0423105391102013,-0.0462083782573139,0.0397504480748012,-0.887639171586737,-6.71734992876782,-10.4909957826029,32.8505715920683
0.0330796402030936,-0.0546686676554321,0.0587081421160483,-0.868362070638461,-6.66933928588826,-10.5167489394822,32.9280213312256
0.0238378498998277,-0.0631277766655721,0.077317504792697,-0.848674134983574,-6.6204095429861,-10.5455514091582,33.0039220439653
0.01458567940798,-0.0715828371334478,0.0955616418723717,-0.828608087040305,-6.57092525401872,-10.5777312906349,33.0787070524563
0.00532667785750271,-0.080027099841635,0.113432085547138,-0.808196063576448,-6.52126731972676,-10.6136233927962,33.1527805308779
-0.00393253143873173,-0.0884500250708009,0.1309279644802,-0.787471264801951,-6.47182018293142,-10.6535650569032,33.2264910720333
-0.0131823917631679,-0.096837557594841,0.148054994920303,-0.766469163080443,-6.42295727514211,-10.6978937165157,33.3001050113714
-0.0224107045859905,-0.105172544810991,0.164824414547905,-0.745228011382563,-6.37502571582198,-10.7469462375321,33.3737821482156
-0.031603028079339,-0.113435240427163,0.181251980637881,-0.72378846715214,-6.32833157342519,-10.8010596014933,33.4475566697936
-0.0407431292008207,-0.12160383128689,0.197357134755189,-0.702192267996685,-6.28312714306336,-10.8605720161793,33.5213258847416
-0.0498134378998607,-0.129654934503907,0.213162396582672,-0.680480050616439,-6.23960162394156,-10.9258231910183,33.5948488007324
-0.0587954653781674,-0.137564035174064,0.228692993894458,-0.6586885713607,-6.19787627970591,-10.9971524371785,33.6677556703363
-0.0676701699859882,-0.145305866452342,0.243976674079298,-0.636847733074896,-6.15800466981693,-11.0748935352428,33.7395684386894
-0.0764182787718295,-0.152854765761833,0.259043589069899,-0.614977909938216,-6.11997792035391,-11.1593659431565,33.8097306361116
-0.0850205939221561,-0.160185064813766,0.273926114575449,-0.593088055745331,-6.08373436056622,-11.2508627228761,33.8776437988363
-0.0934583266985147,-0.167271580732778,0.288658465558563,-0.571174968384933,-6.04917231422392,-11.3496362202983,33.9427061901455
-0.101713505295477,-0.174090269710431,0.303276001573291,-0.549223887669457,-6.01616453137814,-11.4558826576593,34.0043487308237
-0.109769499263119,-0.180619088475155,0.317814163762158,-0.527210387298537,-5.9845727610713,-11.5697261429733,34.0620629127926
-0.117611696530294,-0.186839092212831,0.332307028912534,-0.505103362235643,-5.95426128669216,-11.691201255309,34.1154161772558
-0.125228363967405,-0.192735788332851,0.346785490856682,-0.482868860407886,-5.92510874106458,-11.8202318507071,34.1640516592692
-0.13261171726771,-0.198300760239362,0.361275094812776,-0.460474545090905,-5.89701796531489,-11.9566029637597,34.2076710749766
-0.139759207287662,-0.203533550627796,0.37579359760783,-0.437894603841661,-5.86992383266827,-12.0999238210763,34.2460017504133
-0.146674970426313,-0.208443705638805,0.390348470918324,-0.415114791436008,-5.84379865909636,-12.2495842037297,34.2787516438891
-0.153371258835396,-0.213052684149978,0.404934850867854,-0.392136888174325,-5.81865409920219,-12.4047141343562,34.3055601675343
-0.159869462136799,-0.217395040332755,0.419534801559813,-0.36898123635181,-5.79453767515116,-12.5641661062047,34.3259573384783
-0.166200144964831,-0.221518040956161,0.43411893321992,-0.345685612637745,-5.77152214286496,-12.7265433585759,34.339346695933
-0.172401552227502,-0.225478981675175,0.448650988689674,-0.322299218667037,-5.74968760559895,-12.8902877091703,34.3450237208224
-0.178516450607881,-0.229340146822029,0.463094843795417,-0.298872378342363,-5.72909938745199,-13.0538133429084,34.3422285142762
-0.184587866099176,-0.233162384175046,0.477422052141243,-0.275444758242425,-5.70978716768967,-13.2156430541991,34.3302149181154
-0.19065478607736,-0.236998932391665,0.491617648214994,-0.252035840250523,-5.69173050595183,-13.3744953746853,34.3083105305546
-0.196748829300753,-0.24089092012586,0.505682799169407,-0.228640163589181,-5.67485284610947,-13.5292940783913,34.2759498868092
-0.202892349486841,-0.244865095010371,0.51963430860703,-0.205227626579564,-5.65902302917837,-13.6791082118981,34.2326795856607
-0.209097874797063,-0.248933531993504,0.5335018924658,-0.18174760252679,-5.64406243896333,-13.8230570061734,34.1781472400164
-0.215368515563644,-0.253094740384432,0.547324246695959,-0.15813538830907,-5.62975690797695,-13.9602214141415,34.1120901269253
-0.221698997025457,-0.257335676623724,0.561144571468464,-0.134320011406928,-5.61587369377621,-14.089598078537,34.0343359940445
-0.228077125222415,-0.261634396751038,0.575005882007803,-0.110232863610343,-5.60218367470983,-14.2101182289427,33.9448211547609
-0.234485615519283,-0.265963222181862,0.588946361497103,-0.0858165781085378,-5.58848700201754,-14.3207344403141,33.8436222939988
-0.240904227725547,-0.270292261261916,0.602995166135015,-0.0610331025987932,-5.57463773399483,-14.4205537643377,33.730990865177
-0.247312069749394,-0.274592982478829,0.61716926343812,-0.0358695184126139,-5.56056143078378,-14.5089747077684,33.6073760417499
-0.253689831505397,-0.27884141613695,0.63147183411857,-0.0103403449314815,-5.54626098985901,-14.585780920175,33.4734263212939
-0.260021683106964,-0.283020594155486,0.645892428434377,0.0155140335637809,-5.53180994300078,-14.6511623614724,33.3299693720429
-0.266296647058845,-0.287122023989182,0.660408621714719,0.0416320548152931,-5.51733673552242,-14.7056654313877,33.1779787432743
-0.27250938238209,-0.29114621471683,0.674988633405007,0.067937339829821,-5.50300567887827,-14.7500983264015,33.0185390416906
-0.27866042026952,-0.295102406946753,0.689594381000079,0.0943453551984367,-5.4889995984571,-14.7854249193754,32.8528171366006
-0.284755927029634,-0.299007671984794,0.704184633641202,0.120769554956769,-5.47550685927382,-14.8126719911143,32.6820395590866
-0.290807059826711,-0.302885499111628,0.718718116612118,0.147126742448207,-5.46271310224341,-14.8328606660435,32.5074703531056
-0.296828969876037,-0.30676396373894,0.733156472095965,0.173341651650964,-5.45079663767437,-14.8469617478587,32.3303822253567
-0.302839528499563,-0.310673603964044,0.747466908516946,0.199350685425253,-5.43992611970695,-14.855869273264,32.1520171715371
-0.308857901301861,-0.314645208525368,0.761624271697377,0.225104557417901,-5.43025946771293,-14.860386008582,31.9735387582809
-0.314903142423884,-0.318707776060066,0.775612260353272,0.250569498249741,-5.42194351403968,-14.8612164373136,31.7959836179997
-0.320992987507589,-0.322886890800149,0.789423632912865,0.275726824703347,-5.41511419299898,-14.8589649468153,31.6202216357453
-0.327142977185367,-0.327203665900965,0.80305946189434,0.300570976393544,-5.40989713375044,-14.8541382858559,31.4469320345789
-0.333365961458435,-0.331674273562623,0.816527682202497,0.325106430963941,-5.40640837141865,-14.8471517592083,31.2765977462819
-0.339671954351433,-0.336309967486579,0.829841270351476,0.349344071419884,-5.40475471208811,-14.8383384547526,31.1095157387569
-0.346068254800283,-0.341117442843752,0.843016370061885,0.373297560258312,-5.40503319592414,-14.827960549878,30.9458182288691
-0.352559730864707,-0.3460993729309,0.85607058724795,0.396980131808078,-5.40732912864407,-14.8162216800991,30.7854992715835
-0.359149171380698,-0.351254990023391,0.869021568299966,0.420402032786234,-5.41171227269127,-14.8032794840172,30.6284423251908
-0.365837628752331,-0.356580618001622,0.881885886780442,0.443568684198233,-5.4182309833434,-14.7892576495412,30.4744460435908
-0.372624698757797,-0.362070101713867,0.894678208594758,0.466479531061435,-5.4269043452116,-14.774256960092,30.3232470312574
-0.379508703699585,-0.367715107786509,0.907410682147217,0.489127490507926,-5.43771273380216,-14.7583649167043,30.1745393132086
-0.386486763862665,-0.373505294691001,0.920092499970059,0.511498894584234,-5.45058770720734,-14.7416634942135,30.0279908051186
-0.393554760554063,-0.379428369106344,0.932729593764954,0.53357384105649,-5.46540268644544,-14.7242345242488,29.8832572318169
-0.400707212725759,-0.385470062628423,0.945324448681261,0.555326901495949,-5.48196638566455,-14.7061621584733,29.739993878325
-0.407937106846862,-0.391614076912872,0.957876047450463,0.576728172785259,-5.5000211897589,-14.6875319330847,29.5978653930118
-0.415235732387057,-0.397842053566386,0.970379971278959,0.597744671262968,-5.5192483946201,-14.6684261929984,29.4565536963829
-0.42259257805369,-0.404133624331769,0.982828681985153,0.618342034657267,-5.53928126458341,-14.6489160637155,29.3157639468699
-0.429995333366531,-0.410466585930851,0.995211982653894,0.638486409800184,-5.55972531385495,-14.6290507602963,29.175228494045
-0.43743001670494,-0.416817223634726,1.00751760700474,0.658146290251927,-5.58018349772928,-14.608845770611,29.0347087584035
-0.444881219177453,-0.423160780621277,1.019731840999,0.677293986490719,-5.60028271055484,-14.5882723653687,28.8939948947378
-0.452332420086872,-0.429472036835175,1.03184006620811,0.695906434163647,-5.61969760594584,-14.5672519891601,28.7529028029502
-0.459766301315952,-0.435725919768969,1.04382716363518,0.71396522387385,-5.63816832607482,-14.5456600641391,28.6112676106988
-0.467164974808057,-0.441898026018408,1.05567783261731,0.731456055899337,-5.65550987748812,-14.5233433856894,28.4689326649585
-0.47451005703405,-0.44796491556577,1.06737700656158,0.748368154736531,-5.67161223345199,-14.5001515372879,28.3257342321989
-0.481782591053577,-0.453904099201621,1.07891056521707,0.764694259546845,-5.68643179367243,-14.4759748482835,28.1814848986375
-0.488962907019772,-0.45969378559254,1.09026635585872,0.780431411910138,-5.69997675162124,-14.4507736548783,28.0359614365749
-0.496030552725948,-0.465312598338671,1.10143523326411,0.795582053131057,-5.71229061082647,-14.4245843955016,27.8889024105987
-0.502964365903243,-0.470739480457842,1.11241168404246,0.810154519323035,-5.72343819038419,-14.397500134295,27.7400160994075
-0.509742652298349,-0.475953863100633,1.12319377280021,0.824162302700693,-5.73349651475577,-14.3696370234025,27.5889942359402
-0.516343381392624,-0.480936026793006,1.13378246897986,0.837622133723268,-5.74255042649961,-14.3411023876813,27.4355260454776
-0.522744345085462,-0.485667543339249,1.14418061004716,0.850551413479842,-5.75069133662111,-14.3119740238646,27.2793099863603
-0.52892329180525,-0.490131740029024,1.1543917477401,0.862965550604504,-5.75801755140517,-14.2822919532064,27.1200641587219
-0.534858098363343,-0.494314200342409,1.16441901237176,0.874875529557345,-5.76463528951384,-14.2520591885661,26.9575382536608
-0.5405270647621,-0.498203361303955,1.17426403167706,0.88628582118135,-5.77066008266939,-14.2212474358956,26.7915300765812
-0.545909424389119,-0.50179127985363,1.1839259027363,0.897192660509559,-5.77621849016564,-14.1898049126998,26.6219088016723
-0.55098615902611,-0.505074622215203,1.19340023675103,0.907582759048608,-5.78145000800538,-14.1576648909077,26.4486455312441
-0.555741185131451,-0.508055877099625,1.20267836094639,0.917432642677804,-5.78650883496741,-14.124754437681,26.2718492565838
-0.560162913496261,-0.510744696263693,1.21174684790334,0.926708947980996,-5.79156487544866,-14.0910030264386,26.0918027110775
-0.564246059103386,-0.513159126793845,1.22058761242029,0.935370077724927,-5.79680314007975,-14.0563503548951,25.908988344513
-0.567993400691408,-0.51532635804835,1.22917880809673,0.943369492209076,-5.80242073464068,-14.0207521234839,25.7240916510515
-0.571417027630456,-0.517282552557332,1.23749660689254,0.950660514736936,-5.80862108849893,-13.9841821659233,25.5379706049713
-0.574538587704148,-0.519071468268027,1.24551765339172,0.957201932321634,-5.81560596020111,-13.9466297108859,25.3515884808814
-0.577388261272513,-0.520741928273628,1.25322167196486,0.96296317861933,-5.82356670268601,-13.9080918596005,25.1659210337473
-0.580002589169621,-0.52234460744826,1.26059357160696,0.967927865474899,-5.8326766720689,-13.8685630241026,24.9818606267476
-0.582421662783929,-0.523928840065842,1.26762455966719,0.972094986172802,-5.84308617194768,-13.8280240483824,24.8001415658852
-0.584686324622648,-0.525540068708746,1.27431215008179,0.975477930319122,-5.85492021692474,-13.7864334032123,24.6213014333235
-0.586835881319085,-0.52721823628005,1.28065930425099,0.978102050323328,-5.86827835783356,-13.7437215424159,24.4456792646015
-0.588906538623886,-0.528997080764995,1.28667310459005,0.980001659593329,-5.88323534404673,-13.6997881259176,24.273441116343
-0.590930505967556,-0.530904083008473,1.29236332628389,0.981217118533941,-5.89984153945293,-13.6545010050449,24.1046203092813
-0.592935575414938,-0.532960766588623,1.29774113979153,0.981792318775189,-5.91812249015997,-13.6076957206604,23.9391617212535
-0.594944948745584,-0.53518309770698,1.30281804239368,0.981772591739531,-5.9380775912542,-13.5591745471138,23.7769635460265
-0.596977118478299,-0.537581814046747,1.30760502904045,0.981202907996262,-5.95967827579757,-13.5087045919538,23.6179134684326
-0.599045660572569,-0.540162583660771,1.31211197610277,0.980126185233432,-5.98286651185437,-13.4560150679839,23.4619182848597
-0.601158845837847,-0.542925944553969,1.31634721357859,0.978581551267681,-6.00755462377339,-13.4007947000037,23.30892661687
-0.603319020016202,-0.545867005537916,1.32031728804867,0.976602492089305,-6.033627497703,-13.3426915342487,23.1589438395245
-0.605521748851562,-0.548974910459441,1.32402696103679,0.974214951556479,-6.06094798606105,-13.281319394198,23.0120370116947
-0.607754795444866,-0.552232099990662,1.3274795380905,0.971435651088403,-6.08936567633533,-13.2162778015457,22.868325846519
-0.609997123586691,-0.555613477775598,1.33067766727483,0.968271167045714,-6.11872809728492,-13.1471944641273,22.7279543453626
-0.612218328688973,-0.559085738964201,1.33362474124084,0.964718580905848,-6.14889208163365,-13.0737989714283,22.5910381918125
-0.614379162564212,-0.562607364495666,1.33632690806504,0.960768606779509,-6.17973193950911,-12.9960289774552,22.4575878499817
-0.61643398428106,-0.566130038867949,1.33879536532561,0.956411657805654,-6.21114121360791,-12.9141524138745,22.3274186286017
-0.618335720953014,-0.56960224684937,1.34104812799725,0.951646078544175,-6.24302680442494,-12.8288646881205,22.2000747497182
-0.620042984715443,-0.572975190385994,1.34311014907364,0.946486097671885,-6.27529770726999,-12.7413047019058,22.074804889113
-0.621527591485842,-0.576209905530914,1.34501102849479,0.940966174539812,-6.30785335941971,-12.6529498928299,21.9506177445536
-0.622779803302241,-0.57928324238795,1.34678069653863,0.935139558179418,-6.34057633968396,-12.5654021378656,21.8264139575351
-0.623809146251509,-0.582190280141377,1.34844471014123,0.929071711597864,-6.37333099688242,-12.4801332875393,21.7011522681515
-0.624640551581773,-0.584942166887676,1.35002112335796,0.922831727095564,-6.40596630139565,-12.3982794849643,21.573990498956
-0.625307560520259,-0.587560409800053,1.35151999081163,0.916485185449806,-6.43832032320055,-12.3205436367749,21.4443580643929
-0.625845145487652,-0.59006991807091,1.35294518784526,0.910090273528282,-6.4702250397431,-12.2472106208268,21.3119523822783
-0.626284119032176,-0.592492993550561,1.35429736347392,0.903696960602064,-6.5015116739347,-12.1782371692699,21.1766818545807
-0.626647878885972,-0.594845430519355,1.3555768233143,0.897347938833251,-6.53201707271281,-12.1133666358582,21.0385884182781
-0.626951229239675,-0.597134794359685,1.35678563726459,0.891080024967513,-6.56159094845551,-12.0522318233553,20.897775692186
-0.627200579247521,-0.599360327062374,1.35792879835562,0.884925249317517,-6.59010305501814,-11.9944296010176,20.7543555492956
-0.627394834199945,-0.601513797579766,1.35901457614712,0.878911384461166,-6.61744916673166,-11.9395666500681,20.6084152420719
-0.627526501808662,-0.603580755090567,1.3600543082245,0.873061968780158,-6.6435550674383,-11.8872830022791,20.4600017269937
-0.627582751558691,-0.605541848673974,1.36106185054458,0.867395977593768,-6.66837832189664,-11.8372613154762,20.3091184559855
-0.627546319543378,-0.607374047122009,1.36205284296793,0.861927279349837,-6.6919081026866,-11.7892283185877,20.1557306190397
-0.627396243188933,-0.609051705727103,1.36304388200888,0.856663960950905,-6.71416364503017,-11.7429527423703,19.9997761783913
-0.627108460457998,-0.610547494343958,1.36405164241059,0.851607554839746,-6.73519199283611,-11.6982422823087,19.8411812998181
-0.626656336380101,-0.611833239799725,1.36509195456723,0.846752167605178,-6.75506563672736,-11.6549409247351,19.6798796805666
-0.626011198495368,-0.612880757523645,1.36617882585391,0.842083502273796,-6.7738804916036,-11.6129272054446,19.5158356916744
-0.625142976419861,-0.61366275619456,1.36732339214859,0.837577788415873,-6.79175446184005,-11.5721134918062,19.34907111083
-0.624021046055816,-0.614153892074996,1.36853280514554,0.833200689222941,-6.80882661885877,-11.5324460419003,19.1796944149102
-0.622615365566874,-0.614332017626026,1.36980910555635,0.8289063416184,-6.82525678012269,-11.4939053171646,19.0079300732088
-0.620897942855642,-0.614179601949712,1.37114820065031,0.824636789323165,-6.84122505206794,-11.4565058081264,18.8341432169322
-0.61884458088433,-0.613685197458864,1.37253914132867,0.820322150461059,-6.85693073504555,-11.4202945634182,18.6588531378832
-0.616436714635951,-0.612844710151651,1.37396394267902,0.815881856712916,-6.87258997480984,-11.3853478350248,18.4827285670631
-0.613663023749254,-0.611662153700015,1.37539816246395,0.811227147369814,-6.88843176919538,-11.351765864489,18.3065600376115
-0.610520451527931,-0.610149598243522,1.37681231104884,0.806264693454519,-6.90469240073002,-11.3196667269264,18.1312102861969
-0.607014348675783,-0.608326196072738,1.37817394014353,0.800900864928877,-6.92160890788581,-11.2891809352746,17.9575508671664
-0.603157683435302,-0.606216427321893,1.37945004319269,0.795045917703077,-6.93941255511628,-11.2604486979994,17.7863983504635
-0.598969522709168,-0.603847936133617,1.38060931050224,0.788617407008109,-6.95832320457148,-11.2336210975483,17.6184635410301
-0.594473162877783,-0.601249408973768,1.38162386201568,0.781542415556493,-6.97854505641308,-11.2088652679708,17.4543220293308
-0.58969430570146,-0.598448861151604,1.3824702738102,0.773758559969213,-7.00026365483214,-11.186372422968,17.2944071013769
-0.584659561657278,-0.595472516882161,1.38312991525751,0.765214029403188,-7.0236436259837,-11.1663666990069,17.1390202462477
-0.579395402028384,-0.592344288232712,1.38358874494851,0.755867032634122,-7.04882645263528,-11.1491122575938,16.9883520164271
-0.573927542703005,-0.589085736322415,1.38383675907038,0.745685007807761,-7.07592766735731,-11.1349157507054,16.8425064252364
-0.568280655774935,-0.585716340556313,1.3838672730381,0.734643855445546,-7.10503305577891,-11.1241209951218,16.7015239483953
-0.562478265502864,-0.582253887769242,1.38367618112382,0.722727353519738,-7.13619371003632,-11.1170927453174,16.5654002000288
-0.556542679123261,-0.578714803283524,1.38326130099868,0.709926833088259,-7.16942001754425,-11.1141873979867,16.4340987552962
-0.550494823831552,-0.575114276553626,1.38262187316386,0.696241132045794,-7.20467492472468,-11.1157110644975,16.3075572405874
-0.544353913048252,-0.57146609709245,1.38175823983306,0.681676783074409,-7.24186713396186,-11.1218700042215,16.1856859562521
-0.538136952365095,-0.56778222288717,1.38067166666308,0.666248312628832,-7.28084532403027,-11.1327237885782,16.0683584586368
-0.531858204302833,-0.564072238168908,1.37936420590135,0.649978442822007,-7.3213949717976,-11.1481547177788,15.9553943278988
-0.525528816671191,-0.560342962358229,1.37783846975099,0.632897955380345,-7.36323962742328,-11.1678643527243,15.8465361208324
-0.519156823310889,-0.556598469987881,1.3760972320141,0.615045072907838,-7.40604813888592,-11.1913988025917,15.7414248432101
-0.512747621511771,-0.552840639202548,1.37414290684645,0.596464452936857,-7.44944810551164,-11.2181930835273,15.6395800032741
-0.506304857620401,-0.549070122652907,1.37197710011537,0.577206167764947,-7.49304409163778,-11.2476186028881,15.5403902717039
-0.499831497941748,-0.54528744843564,1.36960049520246,0.557325179438859,-7.5364376583097,-11.2790204019179,15.4431187955896
-0.493330796795223,-0.541493901358518,1.36701326871889,0.536881702195892,-7.57924579015469,-11.3117394552521,15.3469241736225
-0.486806911268714,-0.537691914202189,1.36421605898128,0.515942512190068,-7.62111493796875,-11.3451239136566,15.2508950739473
-0.480265020901606,-0.533884860195861,1.36121130736776,0.494582862623976,-7.66172925392202,-11.3785372662064,15.1540940182633
-0.473710946393637,-0.530076315203807,1.35800463766703,0.472888350001354,-7.70081310073523,-11.4113703690634,15.0556041004044
-0.467150387232816,-0.526269000204348,1.35460588459367,0.450955964045617,-7.73812913856438,-11.443060086405,14.9545715678841
-0.460587983844966,-0.522463687617813,1.35102944969791,0.428893681751681,-7.77347398395775,-11.4731125202937,14.8502377082858
-0.454026433797021,-0.518658342572803,1.34729383007701,0.406818299813341,-7.80667348497236,-11.5011255918486,14.7419556229832
-0.447465849666756,-0.514847681899709,1.34342037116871,0.384851628474825,-7.837579112042,-11.5268051722063,14.6291908615126
-0.440903458983283,-0.511023207488765,1.33943146037704,0.363115542880603,-7.8660660628713,-11.5499708839485,14.5115084756494
-0.434333651664621,-0.507173657320079,1.3353484460743,0.341726581323433,-7.8920327902752,-11.5705508924168,14.3885516567014
-0.427748312525233,-0.503285754680705,1.33118952883661,0.320790752357849,-7.91540111613462,-11.5885679513281,14.2600181355141
-0.421137351827472,-0.499345132918843,1.32696776563947,0.300399011934244,-7.93611602943623,-11.6041206189717,14.1256401720009
-0.414489360957537,-0.495337353805618,1.32268920702233,0.280623592164566,-7.95414459777013,-11.6173637336121,13.985172990479
-0.40779235705466,-0.491248996510123,1.31835109666163,0.261515096622328,-7.96947394709199,-11.6284913887982,13.8383956868973
-0.401034622055975,-0.487068847602593,1.31394003030531,0.243100085242961,-7.98210879238135,-11.6377244223449,13.68512830452
-0.394205672115249,-0.482789250322144,1.30943001634462,0.225378792143605,-7.99206941654517,-11.6453032877335,13.5252686892786
-0.387297395203367,-0.478407651006442,1.30478052673724,0.208322687641312,-7.99939123294336,-11.6514862651361,13.3588518570761
-0.380305344133494,-0.473928281349803,1.29993489892155,0.191871865238049,-8.00412703081834,-11.6565521822115,13.1861309862021
-0.373230043405681,-0.469363708324657,1.2948198331711,0.175932760299509,-8.00635247716881,-11.6608059347181,13.0076703314434
-0.366077962710189,-0.464735689877588,1.28934708399672,0.160377444761464,-8.0061741449238,-11.6645840553058,12.8244255070884
-0.358861617242984,-0.460074548077587,1.28341841357297,0.145046357879002,-8.00373726297958,-11.6682568064842,12.6377711396433
-0.351598286349634,-0.455416423858908,1.27693401696181,0.12975612681504,-7.9992285000169,-11.6722238199712,12.4494349743255
-0.344307295533471,-0.450798545224257,1.26980295324096,0.114312507238659,-7.99286939727083,-11.6769030334831,12.2613273228946
-0.33700654971213,-0.446253732233704,1.26195262223528,0.0985259524160353,-7.98489982047344,-11.6827166360568,12.0753085976809
-0.329709483904684,-0.441805925672269,1.25333441804264,0.0822257480861889,-7.97555606579878,-11.6900799423724,11.892976146505
-0.322423360682091,-0.437467995473431,1.24392454794618,0.0652694740687079,-7.96505082427398,-11.6993974671951,11.7155390507248
-0.315149104804404,-0.433241911478305,1.23372114462911,0.0475470444939335,-7.95356021858804,-11.7110663852861,11.543798199064
-0.307882238459781,-0.429120478233318,1.22273973549679,0.0289807189984177,-7.94121894089983,-11.7254842629215,11.3782030553423
-0.300614300347643,-0.425089665124019,1.21100876129536,0.00952314605256664,-7.9281214537813,-11.7430569735532,11.2189419785425
-0.293334286623636,-0.421130863031512,1.19856596194698,-0.0108449763100329,-7.91432638588924,-11.76420333434,11.0660327756615
-0.286029891253908,-0.417222779904849,1.18545573701819,-0.0321168550456007,-7.89986186748006,-11.7893539522755,10.9193964791126
-0.278688501225967,-0.413342949202838,1.17172722774668,-0.0542610695586888,-7.88473053646315,-11.8189424441984,10.7789094286573
-0.271297991973129,-0.40946894661566,1.15743277084397,-0.077222845910181,-7.86891374723503,-11.8533876902855,10.6444346562593
-0.263847394634163,-0.405579437753559,1.1426264167932,-0.100925610944014,-7.85237503118389,-11.8930665176784,10.5158352525706
-0.256327495889604,-0.401655154597693,1.12736231360881,-0.125273323895761,-7.83506317239221,-11.9382776272067,10.3929721685872
-0.248731397702551,-0.397679842719332,1.11169290550036,-0.150153974150157,-7.8169154610888,-11.9891998665433,10.2756884317505
-0.241055015268207,-0.393641143776163,1.09566707492788,-0.175444385300983,-7.79786178388662,-12.0458507762154,10.1637820157901
-0.233297436156635,-0.389531291497086,1.07932853920801,-0.201016084541608,-7.77783013140651,-12.1080536013099,10.0569710083792
-0.225461022100579,-0.385347433437223,1.06271493598764,-0.22674155164751,-7.75675374440223,-12.1754210580236,9.95485700460115
-0.217551136576816,-0.381091388650923,1.04585801019953,-0.252499807388451,-7.73457946011529,-12.2473608723189,9.85689476003671
-0.209575448254913,-0.376768746342114,1.02878509606516,-0.278180231779487,-7.71127605444902,-12.3231019590643,9.76237652999555
-0.201542882930372,-0.372387390260981,1.01152171563185,-0.303683836903109,-7.68684088794354,-12.4017336914473,9.67043713806692
-0.193462425894611,-0.367955728582486,0.994094737463107,-0.328921888280354,-7.66130329062512,-12.4822474182956,9.58008108108348
-0.185342050456995,-0.363481028446255,0.976535323155981,-0.353812522728935,-7.63472386344684,-12.5635711052059,9.49022780167108
-0.177188031769915,-0.35896824527091,0.958880916639252,-0.378276560053978,-7.60718987187076,-12.6445938144383,9.39976774345853
-0.169004809105625,-0.354419611098793,0.941175764944765,-0.402233878359753,-7.57880772226452,-12.7241837802804,9.3076207844399
-0.160795422816541,-0.349835055564708,0.923469803159311,-0.425601505534493,-7.54969392184674,-12.8012088190491,9.21278947433455
-0.15256241304226,-0.345213331311164,0.905816103057737,-0.448294062004909,-7.51996595510141,-12.8745683386277,9.11440106322452
-0.144308955960332,-0.340553546254715,0.888267405585133,-0.470226511613264,-7.48973427918059,-12.9432414137648,9.01173407048599
-0.136039958313698,-0.335856711269224,0.870872454737419,-0.491318525673998,-7.45909623263004,-13.0063466724142,8.90422731235818
-0.127762856331354,-0.331126933225345,0.853672844859071,-0.511499358232621,-7.42813214457228,-13.0632011120113,8.79147213800768
-0.11948797121957,-0.32637202539901,0.836700863567948,-0.530712122954852,-7.39690345732749,-13.1133614996491,8.67319171598053
-0.111228420708483,-0.321603516087286,0.819978447102675,-0.548916730202625,-7.36545238463542,-13.156636330729,8.54921355133799
-0.102999710920353,-0.316836219269436,0.80351702811081,-0.566091281169692,-7.33380258566029,-13.1930661729276,8.41944211952905
-0.0948191863633837,-0.312087615282956,0.787317882276729,-0.582232173834113,-7.30196047941597,-13.2228800273185,8.28383750457276
-0.0867054918004933,-0.30737726287792,0.771372597400165,-0.597353408394755,-7.26991702766467,-13.2464404518778,8.1424039286453
-0.078678127319768,-0.302726367075411,0.755663431303669,-0.611485589162719,-7.23764997457036,-13.2641896929213,7.99518993690252
-0.0707570949691643,-0.298157513169234,0.740163504617583,-0.624674987667692,-7.20512660735773,-13.276605090935,7.84230024062378
-0.0629625679449304,-0.293694481674545,0.724836932841933,-0.636982839843075,-7.17230709203106,-13.2841673508747,7.68391774690607
-0.0553144736324824,-0.289361996385048,0.709639118692768,-0.648484844313756,-7.13914834463932,-13.2873416215269,7.52033268389604
-0.0478318765737783,-0.28518523404658,0.694517494820165,-0.659270629193365,-7.10560821849298,-13.2865691350601,7.35197358657039
-0.040532085529604,-0.281188950220392,0.679413012194703,-0.669442787178641,-7.07164953465752,-13.2822660985482,7.17943238263939
-0.0334294979378983,-0.277396166823185,0.664262577660349,-0.679114999893207,-7.03724322927225,-13.2748261821061,7.00347397231449
-0.0265343259039387,-0.273826523640747,0.649002429395154,-0.688408864026468,-7.00236979003481,-13.2646231386294,6.8250214301539
-0.0198514760746113,-0.270494578438771,0.633572130355774,-0.697449343967118,-6.96701838331423,-13.2520108881609,6.64511293654793
-0.0133799072242935,-0.267408460243966,0.617918572883793,-0.706359242781538,-6.93118368251866,-13.2373198301823,6.46483529398154
-0.00711270611581654,-0.264569248235822,0.601999282618841,-0.71525349872749,-6.89486118250876,-13.2208498602027,6.28524773026373
-0.00103792123149584,-0.261971251107821,0.585784474162111,-0.72423424175143,-6.8580423163019,-13.202861857841,6.10731360450849
0.00486002631707039,-0.259603093359701,0.569257670503953,-0.733387303736004,-6.82071067913591,-13.1835696971106,5.93185417404837
0.0105986648526482,-0.257449313490283,0.552415063920773,-0.742780416395422,-6.78284016616926,-13.1631341218839,5.75953006024051
0.0161958339051072,-0.255492123067299,0.535264007426257,-0.752462903163588,-6.74439518000132,-13.1416587037795,5.59084743186596
0.0216682951650164,-0.253713046029031,0.517821047380181,-0.762466443889662,-6.70533258819997,-13.1191871987969,5.42618091503492
0.0270306815094069,-0.252094280973915,0.500109807117522,-0.772806475163962,-6.66560492389999,-13.0957012576547,5.26580444802637
0.032294779981701,-0.250619740280578,0.482158899451943,-0.783483897396439,-6.62516434821966,-13.071117589431,5.10992319892119
0.0374690948767108,-0.249275789508461,0.463999941752122,-0.79448689476882,-6.58396699111203,-13.0452841501802,4.95870238773666
0.0425586228980924,-0.24805173921394,0.445665689734503,-0.805792774969529,-6.54197734781949,-13.0179755794603,4.81229122044733
0.0475647792514167,-0.246940141818479,0.427188289563035,-0.817369780809127,-6.49917238223502,-12.9888888738783,4.67084172595235
0.0524854302962035,-0.245936930742628,0.408597659420023,-0.829178818716477,-6.45554488048469,-12.9576411550833,4.53452309329053
0.0573150100078606,-0.245041414562539,0.389920040662655,-0.8411750047255,-6.41110545360403,-12.9237723352146,4.40353226010199
0.0620447243516884,-0.244256107232363,0.37117679875632,-0.853308867940163,-6.36588248596971,-12.8867563996636,4.27810110961277
0.0666628826835274,-0.243586336310271,0.352383601162631,-0.865527002066651,-6.31991936572162,-12.8460256568453,4.15849979667732
0.0711554392400324,-0.243039528266436,0.333550144663605,-0.877771954037638,-6.27326860854045,-12.8010121697546,4.04503466885239
0.0755068720114268,-0.242624038611411,0.314680626017132,-0.889981230833979,-6.22598304084037,-12.7512089684083,3.93803845510879
0.079701544735559,-0.242347408222144,0.295775104973063,-0.902085534741308,-6.17810498720483,-12.6962497414672,3.83785059327837
0.0837256457483126,-0.242214033053638,0.276831744211265,-0.91400670988008,-6.12965522419288,-12.6359991281103,3.74478743776629
0.0875696305369131,-0.242222464390493,0.257849603104232,-0.925656310382429,-6.08062402104423,-12.5706374217284,3.65910564602992
0.0912308157684022,-0.242362872620924,0.238831285110886,-0.936935955535336,-6.03096656674309,-12.5007166511815,3.58096607684403
0.0947154847161338,-0.242615455890124,0.219784502438933,-0.947740409904492,-5.98060429695295,-12.4271647863164,3.51040781058632
0.0980397665488314,-0.242950530177204,0.200721789053215,-0.957963452699821,-5.92943220947641,-12.351225533286,3.44734047625781
0.101228814780674,-0.24333057406569,0.181658246866734,-0.967505352341778,-5.87733069515664,-12.2743415461875,3.39155792852225
0.104314386002096,-0.243713783442356,0.162608058008394,-0.976279856118608,-5.82417939300947,-12.1980096037525,3.34276976599171
0.107331499495112,-0.244058132763238,0.143581007602192,-0.98421869793994,-5.76987053456248,-12.1236451213501,3.30064235119007
0.110315095660375,-0.244324878732333,0.124580115171991,-0.991272691135119,-5.71432003662147,-12.0524851487291,3.26483976564539
0.113297417639422,-0.244480849384667,0.105600844057089,-0.997409787154006,-5.65747566636816,-11.9855403547126,3.23505724557955
0.116306420549565,-0.244499411247141,0.086631708749434,-1.00261129505548,-5.59932239861427,-11.9235892866616,3.21104336150975
0.119365138337144,-0.244360393774233,0.0676557562355052,-1.00686755176482,-5.53988541922014,-11.8671997451378,3.19261067403632
0.122491745839725,-0.244049380826721,0.0486523814218896,-1.01017396962283,-5.47923121469493,-11.8167621815168,3.17963679089008
0.125700027022255,-0.243556728897892,0.0295990957309484,-1.01252792700348,-5.41746703398077,-11.772524435614,3.17205858914753
0.129000020790867,-0.242876554114196,0.0104730522738354,-1.01392662169351,-5.35473886749903,-11.7346220811378,3.16986229745055
0.132398696273178,-0.242005818789399,-0.00874773315204002,-1.01436582019481,-5.29122802619381,-11.703102311592,3.17307166249284
0.135900576457745,-0.240943570407495,-0.0280834503156679,-1.01383936955868,-5.22714642399613,-11.677941397586,3.18173588729901
0.139508274180394,-0.239690340890905,-0.0475518064167444,-1.01233933746828,-5.16273074631081,-11.6590566676501,3.19591856874629
0.143222930758666,-0.238247692329718,-0.0671675314960054,-1.00985667131976,-5.09823579128556,-11.6463141984368,3.21568849573815
0.147044561038385,-0.236617887628017,-0.0869420356562593,-1.00638229614783,-5.03392736725863,-11.6395333218996,3.24111286010442
0.150972314330952,-0.234803664218816,-0.10688318957466,-1.00190859444577,-4.97007519237235,-11.6384889011055,3.27225313417793
0.155004662224,-0.232808092096518,-0.126995213564544,-0.996431223722813,-4.90694625291344,-11.6429122185104,3.30916355255531
0.159139523871776,-0.230634501385745,-0.147278671913662,-0.989951226669763,-4.8447990271842,-11.6524913099938,3.35189179835143
0.163374338749092,-0.228286467630008,-0.167730575781565,-0.98247737024553,-4.78387887313397,-11.6668716548903,3.40048116552939
0.167706097198079,-0.225767843398995,-0.188344597130098,-0.974028610423796,-4.724414721965,-11.6856582354175,3.45497320895662
0.172131341159197,-0.223082821688289,-0.209111386530069,-0.964636518810893,-4.66661703796086,-11.7084200050921,3.51540978448889
0.176646151253825,-0.2202360100598,-0.230018970181459,-0.954347433775553,-4.61067682804956,-11.7346976342875,3.58183350145227
0.181246140825457,-0.217232486384401,-0.251053180652366,-0.943224031255195,-4.55676535055215,-11.7640149419834,3.65428599485492
0.185926480591065,-0.214077800940894,-0.27219805966972,-0.931345978167961,-4.50503411626177,-11.7958936809173,3.73280402250351
0.190681976794284,-0.21077788968943,-0.293436168751572,-0.918809364737584,-4.4556148159472,-11.8298704673336,3.81741404371969
0.195507219654725,-0.20733887256414,-0.314748760022148,-0.905724727297576,-4.40861893828524,-11.8655139134702,3.90812641120755
0.200396808001661,-0.20376672795538,-0.336115792921457,-0.892213658150447,-4.36413702227957,-11.9024397294272,4.00493040033973
0.205345643073623,-0.200066855565906,-0.357515822000654,-0.878404210868433,-4.32223766122094,-11.94032187072,4.10779094132495
0.210349273412366,-0.196243557946592,-0.378925812017176,-0.86442548924633,-4.28296648825909,-11.9788986286884,4.21664722674851
0.215404266404994,-0.192299481196713,-0.400320948285832,-0.85040190666054,-4.24634539880588,-12.0179735858854,4.33141258959661
0.220508580602567,-0.188235056743177,-0.421674501252187,-0.836447600360428,-4.2123722068415,-12.0574122269997,4.45197444186414
0.225661914214173,-0.184047982351747,-0.442957782471702,-0.82266139657264,-4.18102082037966,-12.0971354731812,4.57819278745931
0.230866005753591,-0.17973277727385,-0.464140207058827,-0.809122584549666,-4.15224189595551,-12.1371114634552,4.70989590747627
0.236124859907359,-0.175280448637876,-0.485189466163007,-0.795887615101886,-4.12596383084068,-12.1773466698159,4.84687222348313
0.241444864374563,-0.170678315877591,-0.506071817550029,-0.782987730308004,-4.10209390344678,-12.2178770867384,4.98885804187962
0.246834753398082,-0.16591005503831,-0.52675252124376,-0.770427481702871,-4.08051939450986,-12.2587599357565,5.13552187286264
0.252305365792824,-0.160956038224678,-0.547196471338756,-0.758184112671857,-4.0611086189573,-12.3000661595459,5.28644729930599
0.257869147512822,-0.155794043273377,-0.567369088335948,-0.74620785351931,-4.04371195833037,-12.3418739670243,5.4411178217399
0.263539370912117,-0.150400380114991,-0.587237517964029,-0.734423265263352,-4.02816316765787,-12.3842637884525,5.5989083399953
0.269329091538743,-0.144751412357777,-0.606772115539249,-0.722731808275074,-4.014281367946,-12.4273151084881,5.75908825085493
0.275249934370542,-0.138825350065775,-0.625948081643295,-0.711015739859972,-4.00187413551789,-12.4711056330455,5.92083975459822
0.281310873520236,-0.132604082462954,-0.64474699069348,-0.699143235516629,-3.99074189762415,-12.5157130072699,6.08329156443003
0.287517208232316,-0.126074757434502,-0.663157883128332,-0.686974336891129,-3.98068346578963,-12.5612188460253,6.24556360262968
0.293869914943423,-0.119230841304647,-0.681177632685623,-0.674367086830945,-3.97150212900867,-12.6077143312351,6.40681436011983
0.300365470551249,-0.112072509546735,-0.698810457544124,-0.6611831540076,-3.96301148905688,-12.6553063179618,6.56628139381258
0.306996130358569,-0.104606378556845,-0.71606665378788,-0.647292419595689,-3.95504027648949,-12.7041229298662,6.7233076006223
0.313750553077536,-0.0968447214417339,-0.732960797696532,-0.632576313514203,-3.94743570220025,-12.7543179663434,6.87735024315248
0.320614625285268,-0.0888043714894279,-0.749509727962382,-0.616930000398606,-3.94006531262899,-12.8060738809483,7.02797407668782
0.327572348494809,-0.0805055045382385,-0.765730581113486,-0.600263710903118,-3.93281765587211,-12.8596034092215,7.17483271293206
0.334606691884508,-0.0719704362724667,-0.781639058989949,-0.582503560144788,-3.92560224500034,-12.9151500165309,7.31764315991603
0.341700358020023,-0.0632225081304987,-0.797248008337862,-0.563592127466399,-3.91834933211818,-12.9729872113776,7.45615787160742
0.348836441744764,-0.0542850892903366,-0.812566322662275,-0.543488949207205,-3.91100993857749,-13.0334164938698,7.5901374836305
0.355998978536874,-0.045180700241878,-0.827598145842333,-0.522170948926313,-3.90355647911621,-13.0967633575776,7.71932635902762
0.363173379691199,-0.0359302639419387,-0.842342361534302,-0.499632728638394,-3.89598420116085,-13.1633704065405,7.84343242984833
0.370346742383865,-0.0265525072636747,-0.856792382078889,-0.475886585773489,-3.88831353810459,-13.2335863762551,7.962112622524
0.377508008903775,-0.0170635603751602,-0.870936293467357,-0.450962109650216,-3.88059333110795,-13.3077497969647,8.0749652410138
0.384647938118477,-0.00747682474507928,-0.88475745397591,-0.424905246262913,-3.87290468656071,-13.3861664127701,8.18153077887138
0.391758852115125,0.00219681151748522,-0.898235662851934,-0.397776789829571,-3.86536499752431,-13.4690804936844,8.28130239599647
0.398834140852557,0.0119483546594804,-0.911348986071742,-0.369650343013985,-3.8581313953756,-13.5566419486162,8.37374639605296
0.405867552695554,0.0217696904915543,-0.924076226029272,-0.340609860968625,-3.85140269618699,-13.6488734089408,8.45833132561839
0.412852363240614,0.0316522838901385,-0.936399850642406,-0.310746942958859,-3.84541889551774,-13.7456434106927,8.53456203999125
0.419780577461014,0.0415858135349643,-0.948308997335704,-0.28015806414486,-3.8404575598703,-13.8466522634279,8.6020130127726
0.426642348519174,0.0515570313386012,-0.959802024441169,-0.248941964613003,-3.83682705645448,-13.9514352016016,8.660354363084
0.433425765465161,0.061549115853949,-0.970888086458728,-0.217197432705451,-3.83485725698458,-14.0593831315596,8.70936527628593
0.440117074763216,0.0715416740368686,-0.98158738994537,-0.185021702000669,-3.83488882190093,-14.169776320295,8.74893252353088
0.446701293112116,0.0815113835280727,-0.991930077311066,-0.152509581641291,-3.83726217183613,-14.2818229801398,8.77903550124166
0.453163088414371,0.0914331310882521,-1.00195395924993,-0.11975325106025,-3.84230680439019,-14.3946943515584,8.79972217361425
0.459487779446716,0.101281442292479,-1.01170146731042,-0.0868424287437404,-3.85033101436044,-14.5075503745187,8.81108162619294
0.465662326590383,0.111032013189097,-1.02121620296354,-0.0538644651453212,-3.86161172228167,-14.6195538949192,8.81321866295292
0.471676226769065,0.120663207063248,-1.03053937402179,-0.020903894901523,-3.87638429138156,-14.729874945312,8.80623465788516
0.477522255150293,0.130157421593148,-1.03970631904472,0.0119588513518434,-3.89483295115049,-14.8376890102768,8.79021739727402
0.483196998755519,0.139502235220271,-1.04874329141125,0.0446495519718278,-3.91708348860896,-14.9421741555172,8.76524125154814
0.488701107840732,0.148691208342123,-1.05766472590607,0.0771026932131639,-3.94320067840301,-15.0425117040005,8.73137762755003
0.494039172380061,0.157724175790259,-1.06647130721484,0.109263606021148,-3.97319280731103,-15.1378940646898,8.68871405814937
0.499219143903836,0.166606869442827,-1.07514922400709,0.141089391466257,-4.00702409798094,-15.2275415418909,8.63737848930785
0.504251288772402,0.175349792559712,-1.08367093700951,0.172548052495088,-4.04463301782452,-15.3107276500913,8.57756379158805
0.509146770340648,0.183966428811764,-1.0919975724897,0.20361583001784,-4.08595148508986,-15.386809996972,8.50954706219238
0.513916072144372,0.192471051872177,-1.1000827236247,0.234273383711365,-4.13091849763352,-15.4552618423949,8.43369950127272
0.518567535996146,0.200876519232073,-1.10787713361322,0.264501833761037,-4.17948284343458,-15.5156987756401,8.35048534013634
0.52310626528208,0.209192427795816,-1.11533358188391,0.294279612773421,-4.23159307261107,-15.5678959969104,8.26045137025511
0.527533549025634,0.217423889649523,-1.12241134506405,0.323580671061033,-4.28717733846716,-15.6117940711149,8.16421069855763
0.531846844096312,0.225571022622697,-1.12907978974382,0.352374115931743,-4.34611926853852,-15.6474936606858,8.06242464149915
0.536040256787688,0.233629114966896,-1.135320854557,0.380625078458622,-4.40823751851277,-15.675241499812,7.95578536471586
0.540105408493641,0.241589348755421,-1.14113031377989,0.408296526086693,-4.47327577354763,-15.6954102690454,7.84499994083987
0.544032544644914,0.249439938304647,-1.14651778685151,0.435351756298972,-4.54090707984675,-15.7084744618332,7.73077507797261
0.547811736185478,0.257167526563081,-1.15150552801841,0.461757285748343,-4.6107524161104,-15.7149836479219,7.6138015872562
0.551434024174914,0.264758668299464,-1.15612614595088,0.487485767016259,-4.68240960506126,-15.7155343652277,7.49473864696336
0.554892377658077,0.272201224518177,-1.16041955053076,0.512518503871365,-4.75548628192714,-15.7107422333749,7.37419929714532
0.558182378325044,0.279485517687424,-1.16442953561576,0.536847189788386,-4.82963039903901,-15.7012163005034,7.25273938165576
0.561302605016751,0.286605156719592,-1.16820041902864,0.560474676432135,-4.90455344461185,-15.6875375945388,7.1308518301817
0.564254747690859,0.293557515647449,-1.17177406599315,0.583414810294344,-4.98004420549482,-15.6702432001119,7.00896697435659
0.567043516040262,0.300343912510162,-1.17518746817942,0.605691553602554,-5.05597335885866,-15.6498161799441,6.88745819731152
0.569676416129715,0.306969566467166,-1.17847090369565,0.627337672695939,-5.13229070600451,-15.6266807134294,6.76665121792824
0.572163454808199,0.313443410122211,-1.18164660899694,0.648393240496902,-5.2090173350079,-15.6012012209777,6.64683491610293
0.574516807344772,0.319777811022545,-1.18472786336651,0.668904104600335,-5.28623470335904,-15.5736840454504,6.52827168666986
0.576750458710876,0.325988224739808,-1.18771840801526,0.688920367064476,-5.36407196992554,-15.5443803804254,6.41120562611023
0.578879809361154,0.332092772383401,-1.19061217374753,0.708494839102657,-5.44269220204338,-15.5134894320125,6.29586722857445
0.580921225101751,0.338111714394592,-1.19339335284292,0.727681389782995,-5.52227753102784,-15.4811611668084,6.18247364115769
0.58289150880751,0.344066783937691,-1.19603690439091,0.746533107946958,-5.60301301870911,-15.4474983701331,6.07122395064875
0.584807279855983,0.349980349798571,-1.19850961164087,0.765100240018592,-5.68506896534327,-15.41255808419,5.96228953807601
0.586684265142743,0.355874401967197,-1.20077180032144,0.783427946641792,-5.76858164609923,-15.3763527900221,5.85580031431383
0.588536532059928,0.361769392250652,-1.20277976779402,0.801554023612349,-5.85363299328692,-15.338851902787,5.75182862485933
0.590375725039649,0.367683012348033,-1.20448886348915,0.819506833025629,-5.9402304781316,-15.2999842152649,5.6503736372044
0.592210396136369,0.373629042147461,-1.2058570162586,0.837303756700085,-6.02828924162421,-15.2596418009548,5.55134981530974
0.594045536760284,0.379616435632009,-1.20684835741166,0.854950482965383,-6.11761913744197,-15.2176855630514,5.45458328267298
0.595882411609228,0.385648812968076,-1.2074364862892,0.872441348334935,-6.2079194825632,-15.173952145651,5.35981917878569
0.597718760343897,0.391724482428803,-1.20760691497417,0.889760780083482,-6.29878371387573,-15.1282614438073,5.2667414580867
0.599549369766252,0.39783702557633,-1.20735833605056,0.906885658946594,-6.38971477859958,-15.0804236377941,5.1750042624702
0.601366943231047,0.403976363155758,-1.2067025687643,0.923788205257294,-6.48015022456568,-15.0302446791937,5.08427164884565
0.603163127802554,0.410130112223555,-1.20566329770951,0.940438855968245,-6.56949417018364,-14.9775295052981,4.99426080045293
0.604929525873799,0.416284983147011,-1.20427394323957,0.956808589616088,-6.65715222908544,-14.9220828501331,4.90478336699461
0.606658527462804,0.422427967870359,-1.2025751249935,0.972870270657541,-6.74256535865593,-14.8637081701106,4.81578023799031
0.608343845990878,0.428547132159965,-1.20061217329018,0.98859878026231,-6.82523935335486,-14.8022057403555,4.72734638866797
0.609980705299473,0.43463191834724,-1.19843303099375,1.00396991989327,-6.90476783513789,-14.7373713137991,4.6397438597619
0.611565688320966,0.440672960974821,-1.19608672269956,1.0189582775154,-6.98084761017759,-14.6689968451923,4.55340207208166
0.61309630470285,0.446661494935846,-1.19362240006104,1.03353442586389,-7.05328592935524,-14.5968746471948,4.46890551456236
0.614570362402029,0.452588487607094,-1.19108883492131,1.04766198608716,-7.12199959845117,-14.5208059108859,4.38696960385849
0.615985240880906,0.45844365652113,-1.18853414087543,1.06129523202503,-7.18700629732029,-14.4406137314789,4.30840644266763
0.61733716753595,0.464214547837113,-1.18600546658064,1.07437798448065,-7.24840909534925,-14.3561596775918,4.23408339424686
0.618620598515754,0.469885849496619,-1.18354842779567,1.08684446889873,-7.30637597743288,-14.2673617857443,4.16487869042334
0.619827799217422,0.475439091668943,-1.18120613267765,1.09862251041227,-7.36111696127015,-14.1742111178314,4.1016393156742
0.620948703381494,0.480852839353613,-1.17901779224636,1.10963892514408,-7.41286173331643,-14.0767841748587,4.04514665810919
0.621971098424855,0.486103408197545,-1.17701705616986,1.11982637385204,-7.46184042221131,-13.975249694517,3.99609449665586
0.622881140743856,0.49116604854578,-1.17523032005337,1.12913050471029,-7.50826922176936,-13.869870309488,3.95508178466691
0.623664158857194,0.496016468702791,-1.17367527564112,1.13751612320447,-7.55234140962525,-13.7610013985712,3.92261986227725
0.624305667838489,0.500632527591798,-1.17235992133667,1.14497141894739,-7.59422331448846,-13.6490903905331,3.8991509478776
0.624792502262617,0.504995923533392,-1.17128215895968,1.15150978939797,-7.63405425557052,-13.5346793514539,3.88507268917779
0.625113971462636,0.509093723047263,-1.17043002870028,1.15716927989347,-7.67194944110564,-13.4184119868065,3.88076247005123
0.625262935554868,0.512919584056487,-1.1697826125823,1.16200992179424,-7.70800507717492,-13.3010436200712,3.88659498892694
0.625236679043768,0.516474511061383,-1.16931166208815,1.16610926196178,-7.74230521737862,-13.1834497629677,3.90294723374426
0.625037418995379,0.519766938992462,-1.1689840313987,1.16955625435839,-7.77492991847478,-13.0666261806869,3.93018657417479
0.624672247997797,0.522811915501137,-1.168764951255,1.1724436347587,-7.80596391809763,-12.9516718674911,3.96864082497672
0.624152324583868,0.52562920653058,-1.16862199582965,1.17485912028749,-7.8355044020426,-12.8397475613332,4.01855420411787
0.62349123718634,0.52824035009076,-1.16852927998223,1.17687632027846,-7.86366586886978,-12.7320077105123,4.08003935696841
0.622702692522243,0.530665017965617,-1.16847110345188,1.17854689113153,-7.89058022476965,-12.6295129129909,4.15304037463817
0.621797938329996,0.53291737804949,-1.16844415680569,1.17989573870163,-7.91639143357401,-12.5331395012705,4.23732129901019
0.620783475284355,0.535003267178525,-1.16845768923353,1.18092054892763,-7.9412459513071,-12.4435076311891,4.33248719002534
0.619659530708526,0.536918760128392,-1.16853163639481,1.18159568343066,-7.96528171240348,-12.3609450157587,4.43803319815204
0.61841948927052,0.538650254135642,-1.16869330176268,1.18187915253867,-7.98861861797934,-12.2854917837261,4.553407359047
0.617050165561679,0.540175742659366,-1.16897345928428,1.18172070390577,-8.01135227803051,-12.216939129206,4.6780697259756
0.615532620995002,0.541466744079104,-1.16940261841121,1.18106929012841,-8.0335510610747,-12.1548867041272,4.81153384398123
0.613843223847449,0.542490414482827,-1.17000782676555,1.17987898754946,-8.0552552637705,-12.0988030889217,4.95338264214744
0.61195477469623,0.543211599642907,-1.1708100085006,1.17811331845798,-8.07647681789945,-12.0480779568346,5.10325578859451
0.60983768828757,0.543594837011538,-1.1718215946907,1.17574853071157,-8.09719825900226,-12.0020602117288,5.26080805948894
0.607461376208717,0.543606516338922,-1.17304414578609,1.1727766017008,-8.11737040503235,-11.9600810425569,5.42563952243113
0.604796070415841,0.543217493367319,-1.1744658075943,1.16920856190955,-8.13690918125502,-11.9214638327649,5.5972011945502
0.601815310447958,0.542406360548728,-1.17605879672401,1.1650781764451,-8.15569323013962,-11.8855246160354,5.7746876697358
0.598499103431175,0.541163227757909,-1.17777765291013,1.16044510476566,-8.17356512394592,-11.851567898844,5.9569424853809
0.594837304675766,0.539493247118675,-1.17955951478986,1.15539565492533,-8.19033935896379,-11.8188832411053,6.14241752425406
0.590832203524404,0.537418500773176,-1.18132767807872,1.15003892111409,-8.20581862650934,-11.7867472153942,6.32922894884013
0.58649908596286,0.534976866182089,-1.1829986838713,1.14449735892075,-8.21981578660741,-11.7544323564063,6.51532168475242
0.581864140146176,0.532217525873124,-1.18449141466879,1.13889357592386,-8.23217477726055,-11.7212202196073,6.69869836489247
0.576960283295521,0.529194396651241,-1.18573544186604,1.13333737926916,-8.24278322110278,-11.6864127060395,6.87762797131002
0.571822403445184,0.525959651828377,-1.18667631584042,1.12791688193242,-8.25157379459452,-11.6493369493794,7.05076226919509
0.566483441581319,0.522559038034307,-1.18727720269569,1.12269500706263,-8.25851689781714,-11.6093433174403,7.21714210399775
0.560971956426168,0.519029471183972,-1.18751779404649,1.11771023689331,-8.26360967550254,-11.5658001234425,7.37612386398877
0.555311047200671,0.515398437111339,-1.18739188902255,1.11297946660528,-8.26686541607881,-11.5180904549905,7.52727156676513
0.549518161662386,0.511684416834658,-1.18690468793385,1.10850120198323,-8.26830482953725,-11.4656164576373,7.67024986512645
0.543605335978108,0.50789771439055,-1.186070232791,1.10425823034336,-8.26794849416875,-11.4078155213425,7.8047369365307
0.53757959601633,0.504041379202108,-1.18490895159237,1.10021970856636,-8.26580848358099,-11.3441914586741,7.93036481310359
0.53144345172276,0.500112204589343,-1.18344501503495,1.09634317191465,-8.26187683757552,-11.274361410413,8.04668962888436
0.525195572174589,0.496101980739921,-1.18170319548571,1.09257725723615,-8.25610914178355,-11.1981151098845,8.15319243096358
0.518831803726612,0.491999247235898,-1.17970512082026,1.08886590895737,-8.24840315330298,-11.1154772846625,8.24930896125138
0.512346654604184,0.48779168988283,-1.17746520636719,1.0851544156047,-8.23857499812812,-11.0267581593534,8.33448193299222
0.505735205875052,0.483469059786231,-1.17498699157818,1.08139684475444,-8.22633810543408,-10.9325749233788,8.40822240768665
0.49899517822783,0.479026161412105,-1.17226085006591,1.07756361562065,-8.21129130952139,-10.8338321834058,8.47016176377487
0.492128717251301,0.474465256783244,-1.16926384906245,1.07364757303357,-8.19292152135118,-10.7316616011463,8.52007725186479
0.485143478570905,0.46979732117746,-1.16596192307098,1.06966730497003,-8.1706237611699,-10.6273344372114,8.55788363706577
0.478052797895762,0.465041924016499,-1.16231382232753,1.06566733350106,-8.14373915858963,-10.5221678938241,8.58359659833618
0.470874986525051,0.460225879150109,-1.1582758928062,1.06171557562998,-8.1116111040623,-10.417443417774,8.59728344854661
0.46363195310734,0.45538100451641,-1.1538067882289,1.0578986525941,-8.073660070905,-10.3143455340822,8.59901933066815
0.456347376760388,0.450541320024098,-1.14887154681282,1.05431529464722,-8.02947569824004,-10.2139196969732,8.58886321561484
0.449044617732366,0.445739924319302,-1.14344481360113,1.05106773796227,-7.97891765516348,-10.117042014179,8.56686096447358
0.441744551789974,0.441005784393687,-1.13751316996169,1.04825118300191,-7.92220488310301,-10.024394034387,8.53307473552627
0.434463594387965,0.436360803949555,-1.13107652245248,1.0459422866508,-7.85996209078423,-9.93644069547307,8.48763007867743
0.427212277198359,0.431817704263146,-1.1241484161563,1.04418889521819,-7.79319368562188,-9.85341574765132,8.43076556303117
0.419994721202411,0.427379246022809,-1.11675514735773,1.04300384649678,-7.72317614298661,-9.77532244017229,8.36286767752094
0.412809135759001,0.42303900670966,-1.10893376333235,1.04236483494735,-7.65129317079944,-9.7019552050964,8.28447861971106
0.405649142255995,0.418783420842868,-1.10072936272904,1.04222021138705,-7.57886284085678,-9.6329413260632,8.19627514725505
0.398505476649968,0.414594403697024,-1.09219230778237,1.04249845693458,-7.50700481109946,-9.56779451608077,8.09902732427959
0.39136760868708,0.410451841916104,-1.08337587380148,1.04311823062473,-7.43657202899082,-9.50596933101295,7.99355120651232
0.384224989004993,0.406335497784235,-1.07433457159829,1.04399655127193,-7.36814348666573,-9.44690733580072,7.88066804179588
0.377067852959893,0.402226213384425,-1.06512308795973,1.04505404637406,-7.30205815469671,-9.39007054340931,7.7611772252893
0.369887658234195,0.398106535910339,-1.05579563118582,1.04621739446282,-7.23846779348212,-9.33496194316563,7.63584462979878
0.362677286305215,0.393960972080124,-1.04640544743877,1.04741971374472,-7.17739208854573,-9.28113545037225,7.50540404868391
0.355431125730249,0.389776063380489,-1.03700432820576,1.04859978103603,-7.11876701228933,-9.22819835977944,7.37056760498707
0.348145116374902,0.38554041490662,-1.02764200407429,1.04970083363498,-7.06248304902909,-9.17580904122768,7.23204049642093
0.34081679265989,0.381244747301995,-1.01836538983047,1.0506694986742,-7.00841323175573,-9.12367184172546,7.09053570927842
0.333445330721815,0.376881989095509,-1.00921770667193,1.05145519569898,-6.95643239582314,-9.07153038480613,6.94678499538472
0.326031581731777,0.37244738886392,-1.00023756026796,1.05201018425978,-6.906429448397,-9.01915989545817,6.80154341145629
0.318578062190318,0.367938603559928,-0.991458094310693,1.052290269049,-6.8583143741637,-8.96635889087369,6.6555861229811
0.311088872274115,0.363355712099742,-0.982906357279653,1.05225602676865,-6.81202147058249,-8.91294053440955,6.5096979086487
0.303569524410769,0.358701112330602,-0.974603004540767,1.05187429635745,-6.7675100485754,-8.85872406104137,6.3646575491198
0.296026682498079,0.353979281734916,-0.966562407234912,1.0511196043712,-6.72476355465686,-8.80352682505171,6.22122054298866
0.288467831081794,0.349196410025805,-0.958793166925985,1.04997520110434,-6.68378775110527,-8.74715758669919,6.08010392754225
0.280900906515989,0.344359935344008,-0.95129896420245,1.04843345915982,-6.64460824743953,-8.68941159358682,5.94197629507369
0.273333924728754,0.339478027744541,-0.944079622325265,1.04649550917515,-6.6072673704731,-8.63006784498869,5.80745470479522
0.265774633464802,0.334559062661832,-0.937132253072321,1.04417012090112,-6.57182017253245,-8.56888871956036,5.67710864483887
0.25823020532454,0.329611117508301,-0.930452365650012,1.0414719518743,-6.53832936808589,-8.5056219664734,5.55146998111756
0.250706977244874,0.324641513626647,-0.92403484669078,1.0384193663487,-6.50685916680437,-8.4400049471442,5.43104715782995
0.243210236490045,0.319656419462663,-0.917874746201603,1.03503207332606,-6.47746828333417,-8.37177097999357,5.31634173680529
0.235744054145678,0.31466053141847,-0.911967823917025,1.03132884915474,-6.45020274587631,-8.30065767979052,5.20786548859089
0.228311173102855,0.30965685470165,-0.906310823716951,1.0273256007189,-6.42508936749435,-8.2264172873237,5.10615649038154
0.220912965167582,0.304646613043475,-0.90090145637373,1.02303399057289,-6.40213077671333,-8.1488291366699,5.01179294007843
0.213549477113586,0.299629317974015,-0.895738089320613,1.01846078627518,-6.38130268838629,-8.06771456503826,4.92540363654149
0.206219584650377,0.294603021015663,-0.890819170185091,1.0136080159833,-6.36255369098647,-7.98295465812216,4.84767430287616
0.198921264248729,0.289564753477331,-0.886142448561858,1.00847391692819,-6.34580737134819,-7.89451113203434,4.77934910856374
0.191651975017317,0.284511128573263,-0.881704104860697,1.00305455845635,-6.33096624966077,-7.80245024809209,4.72122679191576
0.184409117293448,0.27943904136514,-0.877497940662912,0.997345910395116,-6.31791686029231,-7.70696880021062,4.67415060556138
0.177190503950444,0.274346357889958,-0.873514823185365,0.991346013428656,-6.30653539736337,-7.60841979953862,4.63899091733415
0.169994750375721,0.269232444623662,-0.869742592070033,0.985056800917211,-6.29669356767629,-7.50733353100307,4.61661895505298
0.162821470733655,0.264098369743909,-0.866166605283675,0.978485050967631,-6.2882645243037,-7.40442752609356,4.60787047921128
0.155671178707331,0.258946633577624,-0.86277099240777,0.971641973328818,-6.28112885289012,-7.30059761450834,4.61349990641121
0.148544848168837,0.253780381754541,-0.859540482007911,0.964541135966977,-6.27518045879893,-7.19688309902939,4.6341290683566
0.141443195961858,0.248602221617584,-0.856462408103768,0.957194852172743,-6.27033187880711,-7.0944036723156,4.67019961719413
0.134365874610818,0.243412950515651,-0.853528284686929,0.949609697827614,-6.26651819655532,-6.99427383826969,4.72194147253451
0.127310844521756,0.238210617676138,-0.850734307812176,0.941782268641316,-6.26369865723899,-6.89750939241643,4.78936812951141
0.120274177187299,0.232990298264009,-0.848080368393968,0.93369634324051,-6.26185542928662,-6.8049450932886,4.8723014417067
0.11325042709961,0.227744772145212,-0.845567534919826,0.925322221409617,-6.26098960640755,-6.7171796277909,4.97041617496643
0.106233571828458,0.222466085344835,-0.843194277812559,0.916618411584839,-6.2611150618232,-6.63455452540856,5.08328370346392
0.0992184350239009,0.217147849829678,-0.840951805214267,0.907535440974037,-6.262250786062,-6.5571628817232,5.21038902712947
0.0922024879024217,0.211788123336063,-0.838818818003283,0.898021562257905,-6.26441185220661,-6.48487662439971,5.35109664076532
0.0851878963911004,0.206392687929408,-0.836756016586911,0.888030373432283,-6.26759856971862,-6.41737947108613,5.50454858127855
0.0781835204424038,0.20097831911887,-0.834701115201831,0.877530353233754,-6.27178343340848,-6.35419567475336,5.66949631785989
0.0712062024392054,0.195575072276498,-0.832566086501929,0.86651537665055,-6.27689699731132,-6.29471034766521,5.84410572764641
0.0642802640936947,0.190225923730744,-0.830239396625885,0.855013123629192,-6.28281707700303,-6.23818420001196,6.02583018710307
0.0574342483476081,0.184982162344907,-0.827595600176592,0.843086205271962,-6.28936874716053,-6.1837716591401,6.21148076442651
0.0506952167050351,0.1798947553899,-0.824511345314157,0.830822043905044,-6.29634074448133,-6.13055185048517,6.3975583982104
0.0440827851579526,0.175004822359337,-0.820882106042692,0.818313678759274,-6.30351486856419,-6.07757337884666,6.580741939303
0.0376056122833555,0.17033742396363,-0.816632681809941,0.805639936813833,-6.31069589410829,-6.02390207641187,6.75829908302588
0.0312613983785497,0.165900593598514,-0.811718688041934,0.792853006108967,-6.31773026773083,-5.96865797713383,6.92825206943087
0.0250393651974105,0.161688347356629,-0.806121499985203,0.779975364632516,-6.32451090836565,-5.9110362903841,7.08930667258821
0.0189235019963274,0.15768518254958,-0.799840863173864,0.767002990569674,-6.3309728415716,-5.85031738419911,7.24066061071848
0.0128954356014943,0.153870287641372,-0.792888019264453,0.753910912819501,-6.33708562773439,-5.78587486018751,7.38180067464176
0.00693656512520951,0.150220826371437,-0.785280279953981,0.740658689563743,-6.34284619120729,-5.71718907649049,7.51234501158876
0.00102954502732545,0.146714349298563,-0.777036880098343,0.727195039590882,-6.34827308960697,-5.64386935539172,7.63194506672161
-0.00484069037926807,0.14333058338638,-0.768175666958463,0.713461755358013,-6.35340173525293,-5.56568359157396,7.74024212780791
-0.0106862278896093,0.140052778019159,-0.758710354690777,0.699397268056984,-6.35827954412477,-5.48258969315805,7.83686723550406
-0.0165157718504527,0.136868631029799,-0.748648383826143,0.684940074477248,-6.36296015151573,-5.39475995774941,7.92147127106543
-0.0223345795211671,0.133770697120774,-0.737989673626929,0.670031901290627,-6.36749646639375,-5.30258851020952,7.99377047782481
-0.0281447842465532,0.130756162188563,-0.726726607140334,0.654620184115849,-6.37193316267218,-5.20667468059049,8.0535919710372
-0.0339460895951491,0.127825966554331,-0.71484540050033,0.63865936189022,-6.37629983686015,-5.10778154164228,8.10090599608925
-0.0397367180583029,0.124983426732759,-0.702328665678292,0.62211070621094,-6.38060615118044,-5.00677630062274,8.13583760114689
-0.0455144244800069,0.122232643940933,-0.689158660433617,0.604940815485253,-6.38483977785177,-4.90456424149955,8.15865811480735
-0.0512773792821059,0.119577022637162,-0.675320586958589,0.587119284179209,-6.38896716764011,-4.80202818347696,8.1697629611093
-0.0570247867374391,0.117018147837276,-0.660805382621873,0.568616232369466,-6.39293650564021,-4.69998156555718,8.16964454777662
-0.0627571912315565,0.114555139233664,-0.645611656766023,0.54940032411178,-6.39668192958907,-4.59913790741625,8.15886735226927
-0.0684764997494782,0.112184476717661,-0.629746653058494,0.529437706727222,-6.40012814050883,-4.5000950936354,8.13804879570035
-0.0741857922941532,0.109900210977247,-0.613226288778513,0.508692076294321,-6.40319476012717,-4.40333082016964,8.10784606834354
-0.0798890048929827,0.107694437333266,-0.596074428109686,0.487125878156597,-6.40580003522791,-4.30920537812559,8.06894690356851
-0.0855905628627855,0.105557907868988,-0.578321601511428,0.464702496333188,-6.40786369953558,-4.2179688455006,8.02206159992716
-0.0912950252331446,0.103480672507187,-0.560003403474186,0.44138916538563,-6.40930899024926,-4.12977086914452,7.96791403154154
-0.0970067811167994,0.101452665174177,-0.541158793306763,0.417160252385893,-6.41006399731089,-4.04467204738038,7.90723046155751
-0.102729819037826,0.0994641811919429,-0.521828490552204,0.392000515719475,-6.41006267992286,-3.96265632612206,7.84072620494366
-0.108467573306539,0.0975062219337827,-0.502053603724816,0.365907961893064,-6.40924595702345,-3.8836438954736,7.76909120300872
-0.114222839333288,0.0955707079808599,-0.481874569357666,0.338895989664192,-6.40756320465567,-3.80750401211087,7.69297614028658
-0.119997743061876,0.0936505792275713,-0.461330420931105,0.310994616670484,-6.4049742662961,-3.73406714317027,7.61298078028233
-0.125793747776331,0.091739808914351,-0.440458363776804,0.282250704199654,-6.40145178167708,-3.66313590860414,7.52964579800143
-0.131611682678455,0.0898333602096976,-0.419293605789911,0.252727209988586,-6.39698340358914,-3.59449447780248,7.44344873595242
-0.137451780132603,0.0879271114769025,-0.397869382640339,0.222501593019807,-6.39157341753146,-3.52791628862082,7.35480403926216
-0.143313711382606,0.086017771887192,-0.376217115837006,0.191663560449369,-6.38524342641968,-3.46317013830186,7.26406662247849
-0.149196613697575,0.0841028035816624,-0.354366648465243,0.160312381779142,-6.3780320259912,-3.40002481209562,7.17153816668259
-0.155099105377212,0.0821803605089066,-0.332346513757339,0.128554000239697,-6.36999364510247,-3.33825246589987,7.07747530968242
-0.161019288682088,0.080249247809527,-0.310184203657259,0.0964981516844148,-6.36119686232758,-3.27763098206278,6.982098978967
-0.166954744071069,0.0783088999146369,-0.287906416364252,0.0642556657443521,-6.35172251423549,-3.21794549390544,6.88560423146308
-0.172902521562611,0.0763593711660196,-0.265539272074117,0.0319360811536886,-6.34166182086116,-3.15898924082947,6.78817005281066
-0.178859136199002,0.0744013302773146,-0.243108493983906,-0.000354337005146667,-6.33111463146804,-3.10056388233614,6.68996862718345
-0.184820574385447,0.0724360494456907,-0.220639556912579,-0.0325141331401601,-6.3201877884955,-3.04247937201944,6.59117364208179
-0.190782316479516,0.0704653801186755,-0.198157808874353,-0.0644477456749282,-6.30899354432782,-2.98455347514642,6.49196727206981
-0.196739378803985,0.0684917097921897,-0.175688572075465,-0.0960661736401581,-6.29764794639181,-2.92661100715235,6.39254560920973
-0.202686375745148,0.0665178971129951,-0.153257229573935,-0.127287291747764,-6.28626911984902,-2.86848287423297,6.29312247275791
-0.208617600296271,0.0645471853337009,-0.130889302699141,-0.158035905373002,-6.27497540820567,-2.81000500793545,6.19393171334266
-0.214527119746089,0.0625830962948173,-0.108610522672346,-0.188243650197981,-6.26388336692514,-2.75101729854894,6.09522829275421
-0.220408882450246,0.0606293082858636,-0.0864468980141776,-0.217848840376638,-6.25310563530611,-2.69136264248807,5.99728853570108
-0.226256831777931,0.0586895213526905,-0.0644247774557704,-0.246796353745563,-6.24274873512263,-2.63088622349682,5.90040999207101
-0.232065024180573,0.0567673131352395,-0.0425709062114645,-0.275037615287435,-6.23291086279412,-2.56943514541675,5.80491131241696
-0.237827749498424,0.0548659875984072,-0.0209124715091494,-0.302530705364819,-6.22367975853645,-2.5068585267488,5.71113243719792
-0.243539652650935,0.0529884185832826,0.000522868955513719,-0.329240582841987,-6.21513075262957,-2.4430081569682,5.61943525417293
-0.249195856335989,0.0511368904071338,0.0217069845511639,-0.355139380654284,-6.20732510339578,-2.37773980430836,5.53020471439614
-0.254792084007081,0.0493129390403877,0.0426113069187176,-0.38020670722863,-6.20030874771277,-2.31091525609401,5.44385024004095
-0.260324781106579,0.0475171996895597,0.0632069170746147,-0.404429874489862,-6.19411157548094,-2.24240516506965,5.36080712759342
-0.265791230416362,0.0457492696343935,0.0834647001588326,-0.427803973411816,-6.18874730942054,-2.1720927652195,5.28153756452212
-0.271189654763384,0.0440075983548517,0.103355583170804,-0.450331730921551,-6.18421402191954,-2.09987850242683,5.20653084846053
-0.276519297695587,0.0422894195700277,0.122850867756047,-0.4720231056523,-6.18049525993297,-2.02568559143868,5.13630243053092
-0.281780470781074,0.0405907408885797,0.141922663232323,-0.492894611550294,-6.17756169130408,-1.94946645340736,5.07139149369934
-0.286974555626264,0.0389064054018981,0.160544414280818,-0.512968393842083,-6.17537314618244,-1.87120990196265,5.01235690509216
-0.292103950297046,0.037230234924749,0.178691503389784,-0.532271117112161,-6.17388091504035,-1.79094882747638,4.95977151815545
-0.297171954160826,0.0355552562224193,0.196341891306749,-0.550832755861424,-6.17303018032565,-1.7087679790438,4.9142149109356
-0.302182592529113,0.0338739995573256,0.213476741386819,-0.568685399648,-6.17276249250531,-1.62481126430187,4.87626470140612
-0.307140392619986,0.0321788441761829,0.230080958666673,-0.585862193757113,-6.17301823735998,-1.53928778468416,4.84648657162691
-0.312050134282904,0.0304623699069696,0.246143565354921,-0.602396528871138,-6.17373906341114,-1.45247561376115,4.8254230859849
-0.316916610726776,0.0287176609094498,0.26165783527109,-0.618321567000696,-6.17487023447927,-1.3647221462529,4.81358137008291
-0.321744443305747,0.0269385008359364,0.276621124546677,-0.633670145387938,-6.17636283922394,-1.27643976801609,4.81141981726081
-0.326537996685586,0.0251194026043732,0.291034367478819,-0.648475037755109,-6.1781757344045,-1.18809573419348,4.81933428933305
-0.331301432971761,0.0232554341955441,0.304901254845743,-0.662769480707599,-6.18027704006604,-1.10019561685061,4.83764478601115
-0.33603892377753,0.0213418349858531,0.318227172178139,-0.676587806312245,-6.1826449703487,-1.01326056122696,4.86658415008063
-0.340755009444144,0.0193734605884972,0.331018035532664,-0.689965979000807,-6.18526780145773,-0.927799787854752,4.90629077738121
-0.345455061117301,0.0173441375419612,0.343279204808757,-0.702941833975788,-6.18814286322364,-0.844281004798259,4.95680715846233
-0.350145774029147,0.0152460387976117,0.355014662903131,-0.715554861501229,-6.19127457845665,-0.763102205388394,5.01808513284986
-0.354835608157923,0.0130691964435419,0.366226616810659,-0.727845462805271,-6.19467171816129,-0.684568318125661,5.08999700750117
-0.359535098059271,0.0108012493499103,0.376915615584489,-0.739853686281869,-6.19834412846419,-0.608875226113199,5.17234953186581
-0.364256970473097,0.00842749274922623,0.387081216588467,-0.751617501421235,-6.20229917210402,-0.536102063373422,5.26489566103998
-0.369016023105756,0.005931273410095,0.396723194920992,-0.76317066422437,-6.20653801445074,-0.466210989751172,5.36733751405293
-0.37382871813241,0.00329477347453687,0.405843296240856,-0.774540185796304,-6.21105172425715,-0.399052419443738,5.47931317725244
-0.378712425799867,0.00050024889476427,0.414447568273864,-0.785743384880921,-6.21581704570569,-0.334373276301256,5.60036027104714
-0.383684230313413,-0.00246818850607688,0.422549323947345,-0.79678456618264,-6.22079175031387,-0.271826325545015,5.72985134916341
-0.388759219998435,-0.00562218786250393,0.430172703976878,-0.807651618175754,-6.22590982723573,-0.210979823898333,5.86690224212868
-0.393948291355469,-0.00896628755198096,0.437356510338954,-0.818313330355038,-6.23107750357506,-0.151328314538634,6.01026711320978
-0.399255764620689,-0.0124950418987604,0.444157424689272,-0.828718874794588,-6.23617205229617,-0.0923067981935623,6.15825351353366
-0.404677499963177,-0.0161911264619854,0.450651105518904,-0.838801185579654,-6.24104587498117,-0.0333108235558223,6.30870831813217
-0.410200455746862,-0.020025631035484,0.456929572393777,-0.848485107531951,-6.24553731998357,0.026276603511528,6.45912008268555
-0.415804331527974,-0.023961194142773,0.463094393319946,-0.857698913516421,-6.24948665072347,0.0870536444576686,6.60683763989534
-0.421465004285414,-0.0279572990561832,0.469247245480477,-0.866385438144763,-6.25275221760868,0.149568742716059,6.74933759126658
-0.427158524114736,-0.031975881665564,0.475480901712717,-0.87450884872263,-6.2552212659919,0.214294734077316,6.88444090402961
-0.432864285418514,-0.035985409519157,0.481873286810301,-0.882055429790456,-6.25681278417135,0.281609299730229,7.01041367879785
-0.438566660186992,-0.0399626489819565,0.488485440197608,-0.889029617989936,-6.25747369249815,0.351780118576945,7.12595506967207
-0.444255188890548,-0.0438924404145807,0.495362593539012,-0.895447808395232,-6.25717159093409,0.424952414510559,7.23012004746826
-0.449923838799421,-0.0477662838778371,0.502536988049213,-0.901332058389775,-6.25588690121352,0.501138058297579,7.32222827277447
-0.455569850147302,-0.0515804727558509,0.51003127314458,-0.906704824416347,-6.25360595139738,0.580207554335313,7.40179104086832
-0.461192531350031,-0.0553342536297416,0.517861773145678,-0.911585102981582,-6.25031550736364,0.661887890002531,7.46846729224396
-0.466792209033451,-0.05902826812141,0.526041252496198,-0.91598598554518,-6.24599876879808,0.745769653706439,7.52204590437936
-0.472369436951117,-0.0626633978886821,0.534581000687954,-0.919913518631697,-6.24063274801039,0.831325770359986,7.56244498253264
-0.47792450413203,-0.0662400542105592,0.543492163291713,-0.923366703272288,-6.23418698901826,0.917941855453988,7.58971742029505
-0.483457231988222,-0.0697578897741126,0.552786333105551,-0.926338386798732,-6.22662360054494,1.00495529632471,7.60405376538855
-0.488967004037153,-0.0732158496974994,0.562475508717311,-0.928816706822289,-6.21789852054926,1.09169784168462,7.60577701004972
-0.494452938041187,-0.076612432862483,0.572571609454793,-0.930786698226227,-6.20796383016729,1.17753566628586,7.59532796359488
-0.49991410017706,-0.0799460202264497,0.583085775995318,-0.932231710722034,-6.19677084456294,1.26190183100208,7.57324309859521
-0.505349677281938,-0.0832151490526091,0.594027670477822,-0.933134401591015,-6.18427366027179,1.34431823248059,7.54012845486736
-0.51075905764083,-0.0864186596949283,0.605404929699614,-0.933477221409846,-6.17043283196437,1.42440657526043,7.49663334302874
-0.516141808823982,-0.0895556951287672,0.617222846424161,-0.933242448114933,-6.15521886564162,1.50188978952891,7.44342675453243
-0.521497570737621,-0.0926255761038797,0.629484282860479,-0.932411913857303,-6.13861523418273,1.57658630490174,7.38117821677315
-0.526825897941842,-0.0956275988068084,0.642189771875534,-0.930966602734583,-6.12062064632133,1.64839975390411,7.31054379008025
-0.532126088201456,-0.0985608078815668,0.65533773830448,-0.928886286456909,-6.10125034647814,1.71730631819463,7.23215716996629
-0.537397028282478,-0.101423790861079,0.66892477001489,-0.926149326391353,-6.08053630526198,1.78334136057822,7.14662541952228
-0.542637077920186,-0.104214526798755,0.682945878666492,-0.922732719892313,-6.058526280344,1.84658642717206,7.05452862320338
-0.5478440024474,-0.10693030731554,0.697394706421206,-0.918612417765683,-6.03528186750361,1.90715726507652,6.95642263613521
-0.553014956082634,-0.109567735656596,0.712263652132297,-0.913763895311887,-6.01087579063401,1.96519320534776,6.85284404407896
-0.558146512214045,-0.112122800091752,0.727543905885976,-0.908162925503524,-5.9853887642891,2.02084808619348,6.74431641798481
-0.563234733948282,-0.114591012026845,0.743225393230307,-0.901786480808855,-5.95890628147644,2.07428279814985,6.63135693227233
-0.568275276837585,-0.116967595534285,0.759296640452546,-0.894613679500753,-5.93151563110672,2.12565948464971,6.51448242068243
-0.573263514985475,-0.119247712393133,0.775744580925162,-0.886626691492669,-5.9033033514695,2.17513740044522,6.39421398548738
-0.578194680857125,-0.121426704225435,0.792554330619083,-0.877811526171699,-5.87435320792286,2.22287039954234,6.27107938621369
-0.583064007858048,-0.123500330795517,0.809708968125785,-0.868158639209646,-5.8447446756921,2.26900598461305,6.14561264807997
-0.587866863533699,-0.125464981791881,0.827189359369667,-0.857663316320261,-5.81455183543583,2.31368579905344,6.01835066811324
-0.592598861019082,-0.127317839857607,0.844974067218157,-0.846325818645627,-5.78384255975563,2.35704738542319,5.88982704049233
-0.59725593813893,-0.12905697665318,0.863039379295594,-0.834151304931798,-5.75267787829989,2.39922698074267,5.76056380351423
-0.601834397892489,-0.130681371876389,0.881359472998921,-0.821149576090775,-5.72111144151653,2.44036308454992,5.63106222016251
-0.606330910694242,-0.132190856633413,0.899906716911734,-0.807334713039511,-5.68918903782644,2.48060053224026,5.50179393065623
-0.610742486584567,-0.133585995319578,0.918652086427941,-0.792724694245165,-5.6569481387029,2.52009483785678,5.37319379072701
-0.615066433124873,-0.134867931693052,0.937565652837652,-0.77734108322872,-5.62441744306871,2.55901662831512,5.24565544193669
-0.619300320456849,-0.136038233081007,0.956617092492131,-0.761208870301594,-5.59161637057202,2.59755605471756,5.11953023098878
-0.623441978274395,-0.137098770837102,0.975776156598332,-0.744356542286855,-5.55855442662858,2.63592710992674,4.99512961995842
-0.627489550191665,-0.138051675738315,0.995013040982768,-0.726816445423491,-5.52523035097038,2.67437178011563,4.87273081094155
-0.631441629553193,-0.138899405118503,1.01429859588245,-0.708625505176929,-5.49163099048652,2.71316389283489,4.75258499935735
-0.635297497302845,-0.139644955074663,1.0336043159342,-0.68982637354754,-5.45772993671373,2.75261238487262,4.63492746381669
-0.639057476488198,-0.140292245701081,1.05290204948322,-0.670469085010508,-5.42348617818331,2.79306350037119,4.51998854672892
-0.642723407437484,-0.140846697611749,1.0721633669779,-0.650613303591101,-5.38884338847551,2.83490116178006,4.40800441154003
-0.646299229313548,-0.14131599907679,1.0913585382102,-0.630331212193657,-5.35373105235075,2.87854448404471,4.29922622752475
-0.649791623503137,-0.141711027749353,1.11045510086813,-0.609710995551897,-5.31806943265291,2.92444122813994,4.19392612817814
-0.653210629090343,-0.142046831811275,1.12941607616759,-0.588860657627386,-5.28178126974906,2.97305607675604,4.09239799504286
-0.656570082424916,-0.142343490164173,1.14819801681306,-0.567911564958049,-5.24481365389079,3.02485315708788,3.99495102377462
-0.659887674179529,-0.142626572439634,1.16674925507955,-0.547020652303856,-5.20717282410602,3.08027335725206,3.90189441139482
-0.66318438673146,-0.142926845402998,1.18500890759376,-0.52636982430627,-5.16897142161169,3.13970857081925,3.81351262831354
-0.66648311505323,-0.143278890600347,1.20290728013065,-0.506161052626306,-5.13048097014625,3.20347658435744,3.73003266876491
-0.669806427243379,-0.143718485694219,1.22036815491772,-0.48660637592836,-5.09217310040864,3.27180116351659,3.65158708313885
-0.673173692410913,-0.144278986536425,1.23731294972973,-0.467913588408469,-5.05472623310378,3.3448013889087,3.57817874588892
-0.676598120075203,-0.144987426809087,1.25366602930442,-0.450270358651077,-5.01897817089231,3.42249236798281,3.50965425358135
-0.680084449889993,-0.145861369240126,1.26935988973378,-0.433830726027692,-4.98582408146598,3.50479663235414,3.44569176075168
-0.68362792534015,-0.146907417211149,1.28433893224394,-0.418707340945705,-4.95608637868334,3.59156274748405,3.38580570104697
-0.687214758382897,-0.148121692920201,1.29856116868181,-0.404970556231784,-4.93039958607714,3.68258593620553,3.32936607640704
-0.69082376285429,-0.149491839004751,1.31199805831395,-0.39265294120092,-4.90914581707036,3.7776254762185,3.27562588580706
-0.69442850805926,-0.150999651613682,1.32463323451583,-0.381756463973814,-4.89245085797882,3.8764150248406,3.22374888250319
-0.697999357412404,-0.152623486615689,1.33646093774462,-0.372259804885683,-4.88022602006616,3.97866392224737,3.17283163926689
-0.701505010134805,-0.154339933244901,1.34748470896836,-0.364124288916881,-4.87223046654527,4.08404908977616,3.12191747910661
-0.704913465942148,-0.156124644743873,1.35771659168315,-0.357297905344171,-4.8681322236185,4.19219814309155,3.07000339856318
-0.708192557711627,-0.157952488745024,1.36717688199144,-0.351717455393622,-4.86755554792388,4.30266512175006,3.01604374031779
-0.711310319673569,-0.159797315007793,1.37589434866897,-0.347309104593023,-4.87011094520132,4.41490143376992,2.95895605901778
-0.71423550230656,-0.161631688142551,1.38390675259322,-0.343987731328266,-4.87540943556556,4.52822686426145,2.89763560593025
-0.716938523835161,-0.163426940558704,1.39126137322454,-0.341655627265816,-4.88306514386202,4.64180902623504,2.83098492582456
-0.719393038754609,-0.165153857128817,1.39801509748752,-0.340201371452159,-4.89269131050137,4.75466354116583,2.75796324976843
-0.721578061856229,-0.166784149826091,1.40423352190478,-0.339499963130725,-4.90389525083942,4.86568871209423,2.67765530349316
-0.723480215586677,-0.168292565868716,1.40998861578827,-0.339415288770728,-4.9162775837331,4.97374309329021,2.58935040432259
-0.725095314473998,-0.169659058204363,1.41535492151956,-0.339805418697283,-4.9294394587799,5.07775946943361,2.49261289465638
-0.726428447902993,-0.170870176255637,1.42040494036948,-0.340530090116919,-4.94299811924421,5.17686890446649,2.38732032202103
-0.727492175408749,-0.17191899768742,1.42520487593612,-0.34145861202306,-4.95660703359292,5.27049677307583,2.27365246590066
-0.728303230981475,-0.172803532969506,1.42981185048539,-0.342476136951324,-4.96997441750617,5.35840075817559,2.1520315353283
-0.728878730931086,-0.173524205290941,1.43427305628058,-0.343487041886291,-4.98287488087216,5.44064556310293,2.0230319287503
-0.729232909989725,-0.174081285517906,1.43862651933523,-0.3444154346895,-4.99515229940083,5.51753351988462,1.88728595436291
-0.729374965888718,-0.174472954815531,1.44290272249781,-0.345203705667218,-5.00671537780713,5.5895198918902,1.7454072209546
-0.729308063469865,-0.174694246245114,1.44712636165392,-0.345810242553296,-5.01752902289195,5.65713603352838,1.59794214404357
-0.7290292283023,-0.174736781219295,1.45131777955674,-0.346207149010739,-5.02760454721663,5.72093169245623,1.44534985743297
-0.728529791272239,-0.174589080089058,1.45549389633689,-0.34637841903725,-5.03699075971387,5.78143777172162,1.28800543021952
-0.727796130206363,-0.174237243455841,1.45966862588611,-0.346318730258152,-5.0457669595056,5.83914566683963,1.12622017003987
-0.726810584991276,-0.173665883763582,1.46385283818437,-0.346032857492589,-5.05403807486239,5.89449798282315,0.960273799074463
-0.725552537013895,-0.172859269765545,1.46805394686419,-0.345535621257305,-5.06193169444833,5.94788617565577,0.790454486363128
-0.723999716379446,-0.171802694351989,1.47227521424205,-0.344852213600274,-5.06959641940446,5.99965207800166,0.617102942196637
-0.722129817809318,-0.170484070307481,1.47651490122172,-0.344018649764285,-5.07720073594871,6.05009166997487,0.440655587430724
-0.719922454501712,-0.168895689008429,1.48076545407493,-0.34308198002995,-5.08493146031427,6.09946057152795,0.261679513812906
-0.717361351239027,-0.167035951055894,1.48501299350074,-0.342099809869092,-5.09299082444988,6.14798142905042,0.0808898413931595
-0.714436497642334,-0.164910738676416,1.48923740162712,-0.341138707634294,-5.10159158389897,6.19585351685343,-0.100859593399673
-0.711145827954713,-0.162534033466782,1.49341322517944,-0.340271309763811,-5.11095019396969,6.24326441741175,-0.282616358764561
-0.707495979176496,-0.159927479755377,1.4975114030018,-0.339572347916134,-5.12127894088668,6.29040278327927,-0.46339509562824
-0.703501873537592,-0.157118865199255,1.50150155179986,-0.339114247539125,-5.13277851358177,6.33747044083057,-0.642253545835765
-0.699185210925416,-0.154139818808938,1.50535435060257,-0.33896313402462,-5.14563246420842,6.38469202440665,-0.81835925223113
-0.694572263531689,-0.151023231480285,1.50904356779693,-0.33917590427905,-5.16000431531317,6.43232103500729,-0.991031290193893
-0.689691480345609,-0.14780088407745,1.51254746177674,-0.3397985921531,-5.17603714341659,6.48064222286557,-1.15975134761002
-0.684571313962147,-0.144501573727577,1.51584953372705,-0.34086582789542,-5.19385480446067,6.5299708422913,-1.32414838193751
-0.679238480928157,-0.141149796657653,1.51893879306057,-0.342400952148905,-5.21356379223076,6.58064928226543,-1.48396661677446
-0.673716682950736,-0.137764885739631,1.52180976318642,-0.344416322102735,-5.23525493825611,6.6330409298113,-1.63902736029782
-0.668025715940766,-0.134360447494602,1.52446242863769,-0.346913464381924,-5.25900454185446,6.68752018823471,-1.7891931228563
-0.662180881530367,-0.130943977374934,1.52690224708353,-0.349882900702981,-5.28487488365456,6.74445669732006,-1.93434002934035
-0.656192664847384,-0.127516619538605,1.52914025127417,-0.353303654875308,-5.31291435214583,6.80419137827323,-2.07434269693139
-0.65006671882745,-0.12407314741422,1.53119315826071,-0.357142637794851,-5.34315760211112,6.86700248793961,-2.2090745031372
-0.643804261703187,-0.120602341922329,1.53308329510299,-0.361354299344755,-5.37562629283563,6.93306205407994,-2.33842462828986
-0.637403006414101,-0.117087988991032,1.53483806846529,-0.365881095111765,-5.41033103038614,7.00238718122639,-2.46233035388642
-0.630858657170539,-0.113510650007807,1.53648870405234,-0.370655345459427,-5.4472751120861,7.07479588039299,-2.58081844090563
-0.624166824689995,-0.109850148559909,1.53806811841698,-0.375602845121431,-5.48646042659254,7.14988062176547,-2.69404424001787
-0.617324997976348,-0.106088420506321,1.53960806030045,-0.3806480819493,-5.52789529702966,7.22701130770898,-2.80231447217401
-0.61033409798729,-0.102212145455931,1.54113596427455,-0.38572031250796,-5.57160324180831,7.30537159316835,-2.9060822961752
-0.603199225288232,-0.0982145723587344,1.54267212488977,-0.390759340344374,-5.61763089696276,7.3840217757073,-3.00591142617488
-0.595929469244514,-0.0940961925010806,1.54422772257256,-0.395719883248605,-5.66605308371371,7.46197388307549,-3.10241601476593
-0.588536929115068,-0.0898642618322435,1.54580396895324,-0.400573847201939,-5.71697333727747,7.53826378122035,-3.19618999600095
-0.581035275520398,-0.0855314554203035,1.5473923432604,-0.405310383905757,-5.77051892120987,7.6120096971399,-3.28774121106201
-0.573438218550276,-0.0811140653082367,1.54897568329219,-0.409934061577866,-5.82683014591187,7.68245236610133,-3.37744279113403
-0.565758188821909,-0.0766301485772963,1.55052980151555,-0.414461748598476,-5.88604457428491,7.74897619430111,-3.4655092376808
-0.558005436052062,-0.0720979509631964,1.55202529131686,-0.418918919068323,-5.94827745047106,7.81111313625209,-3.55199926374281
-0.550187640736412,-0.0675348141222949,1.553429242233,-0.423336060948178,-6.01360038594299,7.86853247521242,-3.63684273901658
-0.542310035469496,-0.0629566451051368,1.55470668093731,-0.427745706843273,-6.08202079651625,7.92102100958867,-3.71988560130622
-0.534375954669548,-0.0583779052779625,1.55582167860045,-0.432180346144792,-6.15346460017648,7.96845904239472,-3.80094475959444
-0.526387682139679,-0.0538119836176939,1.55673818451369,-0.436671192318031,-6.22776421324004,8.01079749691549,-3.87986488234378
-0.518347444548299,-0.0492717691137938,1.55742072780233,-0.441247560551165,-6.30465308631789,8.04804028496575,-3.95657014059757
-0.51025839868854,-0.0447702292894562,1.55783515437126,-0.445936512988798,-6.38376716742038,8.08023412510545,-4.03110578378158
-0.502125473825679,-0.0403208276656871,1.55794953545571,-0.450762450716384,-6.4646529718093,8.1074659645803,-4.10366626146464
-0.493955953924064,-0.0359376608942402,1.5577353131468,-0.455746434125463,-6.5467814354803,8.12986648254609,-4.17460816338201
-0.485759717705228,-0.0316352560056323,1.5571686598527,-0.460905146548143,-6.62956637561801,8.14761705544108,-4.24444753491608
-0.477549096487967,-0.0274280304277637,1.55623194573979,-0.466249540122881,-6.71238610284274,8.16095706308452,-4.31384229273668
-0.469338356286934,-0.0233294729560861,1.55491514865621,-0.471783294797576,-6.79460651336117,8.17018844990969,-4.3835616525202
-0.461142854413308,-0.0193511449865584,1.55321701394032,-0.477501274744378,-6.87560389270173,8.17567497392549,-4.45444569780828
-0.452977955147569,-0.0155016245095654,1.55114577616054,-0.483388187018208,-6.95478576347329,8.17783452185888,-4.52735933464861
-0.444857811370834,-0.0117855222527127,1.54871928454797,-0.489417645709844,-7.03160843448765,8.17712415014179,-4.60314566714275
-0.436794130985228,-0.00820269411136662,1.545964422923,-0.495551827574572,-7.10559040235279,8.17401895471076,-4.68258404679351
-0.428795050628464,-0.00474775861709811,1.54291578250916,-0.501741868352212,-7.17632130254431,8.16898720333117,-4.7663574873457
-0.420864233088712,-0.00141000042556449,1.53961363243172,-0.507929081835083,-7.24346657939647,8.16246503954884,-4.85503271017054
-0.413000283996305,0.0018263022761528,1.53610132940003,-0.51404698115875,-7.30676835976912,8.15483418596468,-4.94905392224203
-0.405196544762584,0.00498114377288488,1.53242239197404,-0.520023958489337,-7.36604315820089,8.14640533298059,-5.04874892726314
-0.397441267389283,0.00807772220745259,1.52861750528321,-0.525786371350464,-7.42117706040549,8.13740849759984,-5.1543439138217
-0.389718126689237,0.0111411444607509,1.52472169857248,-0.531261733043945,-7.47211900600211,8.12799003003547,-5.26598178803309
-0.382006993454414,0.0141970170231994,1.52076185516666,-0.536381735082139,-7.5188727867244,8.11821464127065,-5.38373845939664
-0.37428488901492,0.0172700073006772,1.51675460279863,-0.541084933743276,-7.56148841731683,8.10807015625908,-5.50763190675034
-0.366527067074407,0.0203824119793952,1.51270453474429,-0.545319075588728,-7.60005360505275,8.09747272398656,-5.63761978902687
-0.358708211513208,0.0235527226021756,1.50860266875088,-0.549043170388998,-7.63468610070928,8.08627078522451,-5.77358255554383
-0.350803780239334,0.0267941575060451,1.50442508974093,-0.55222949695698,-7.66552771398376,8.07424699679312,-5.91529055636284
-0.342791540869992,0.0301131577843301,1.50013185817679,-0.554865703712235,-7.69274066442281,8.06111837134528,-6.06235614344464
-0.334653305767992,0.0335079425297792,1.49566649104332,-0.556957001242919,-7.71650663063272,8.04653599557025,-6.2141760586818
-0.326376757644254,0.0369673853696067,1.49095658033193,-0.558528121519629,-7.73702824972444,8.03008664985348,-6.36987591763663
-0.317957068320513,0.0404706595967151,1.48591626273716,-0.559624299950858,-7.75453187125478,8.0112990672065,-6.52827578660699
-0.309397828080172,0.0439881743458937,1.48045107346386,-0.560310235220256,-7.76926932105427,7.98965686420211,-6.68789895732411
-0.300710776931184,0.0474841216074564,1.47446504768037,-0.560666136952313,-7.78151592572877,7.9646180792547,-6.84703845706158
-0.291914103387616,0.0509204226936771,1.46786893761734,-0.560780792753939,-7.79156285338398,7.9356385282253,-7.003875417118
-0.283029598025618,0.0542612343051254,1.46058766959416,-0.560742790229875,-7.79970400501985,7.90219466258547,-7.15661921481572
-0.274079414391055,0.057476871418377,1.45256526933879,-0.560631858096453,-7.80622008072656,7.86380273472946,-7.30362807598768
-0.265083282861261,0.0605462586432051,1.44376643253607,-0.560512153496217,-7.81136345631934,7.82003422064304,-7.44347960170663
-0.256056722152203,0.0634576288570612,1.4341750544116,-0.560428393422944,-7.8153466441583,7.7705303178218,-7.57498494994123
-0.247010360891782,0.0662077294268926,1.42379069116303,-0.560404722213155,-7.81833534118272,7.71501908802068,-7.69716135171393
-0.237950181121481,0.068800029750089,1.41262396579935,-0.56044567391449,-7.8204456904174,7.65333736088583,-7.80918578383049
-0.228878399203348,0.0712423934088868,1.40069164263185,-0.560538573345458,-7.82174496564253,7.58545690865305,-7.91034975375079
-0.219794729687365,0.0735445551624972,1.38801181632514,-0.560656956032369,-7.82225519430094,7.51151173941933,-8.00002770701913
-0.210697830470068,0.0757156584202173,1.37459955354606,-0.560764797795688,-7.82195970867672,7.4318213568558,-8.07766427361784
-0.201586745708582,0.0777621000895341,1.36046336892943,-0.560821381507994,-7.82081278791073,7.34690395446836,-8.14278002769955
-0.192462145567314,0.0796859603648036,1.34560299466273,-0.560786479522863,-7.81875219433771,7.25747405257339,-8.19499151762344
-0.183327146799428,0.0814842938250559,1.33000887646691,-0.560625289436614,-7.81571358660004,7.16442111138895,-8.23403871169382
-0.174187534384074,0.0831494610511838,1.3136636088121,-0.560312386415527,-7.81164487097363,7.06876886837218,-8.25981183900876
-0.165051319109062,0.0846704720280353,1.29654512538443,-0.559833999587464,-7.80651804925864,6.97161887553281,-8.272370269275
-0.155927738168527,0.0860350517515461,1.27863102211734,-0.559188238525061,-7.8003364269519,6.87408501965786,-8.27194857154873
-0.146825968320941,0.0872319344458617,1.2599031005679,-0.558383393499339,-7.79313614627496,6.7772277515419,-8.25894842787281
-0.137753898109002,0.0882528434543724,1.24035121319046,-0.557434904992491,-7.78498245436789,6.68199671258634,-8.23391833793023
-0.128717261827007,0.0890937421408873,1.2199757636547,-0.556361850068039,-7.77596229297381,6.58918844284195,-8.19752497010033
-0.11971929995318,0.0897551829861628,1.19878863163729,-0.555183753177873,-7.766175293669,6.49942257340683,-8.15052036674339
-0.110760945419596,0.0902418316689467,1.1768126812128,-0.553918265425771,-7.75572505985394,6.41313639729572,-8.09370852846759
-0.101841406855867,0.090561414131207,1.15408025697627,-0.552579911918011,-7.74471198357807,6.3305949096167,-8.0279139173041
-0.0929589610361489,0.090723395017181,1.13063114317061,-0.551179812021117,-7.73322812191293,6.25191180666476,-7.95395359041749
-0.0841117736246326,0.090737662622515,1.10651039822732,-0.549726100966824,-7.72135408377942,6.1770765596497,-7.87261409012632
-0.0752986152364633,0.0906134103227668,1.08176634726289,-0.548224728524685,-7.70915754436386,6.10598324227974,-7.78463376459022
-0.0665194005783619,0.090358308885586,1.05644887801315,-0.546680347443776,-7.69669288857805,6.03845788164141,-7.69069077467719
-0.0577755315042256,0.0899779856632132,1.03060807800376,-0.545097085784532,-7.68400151451286,5.97428233472086,-7.59139664090416
-0.0490700606436043,0.0894757765491234,1.00429318514662,-0.543479085507569,-7.67111242660381,5.91321379255315,-7.48729484480889
-0.0404077100626657,0.0888526937213531,0.977551796617612,-0.541830762416747,-7.65804286141303,5.85499983597113,-7.37886376886014
-0.0317947832439572,0.0881075494337369,0.950429280385546,-0.540156791933825,-7.64479878744365,5.79938948000144,-7.26652315161658
-0.0232390039277913,0.0872371850643923,0.922968347751378,-0.538461853128431,-7.63137519522813,5.74614089012909,-7.15064322693771
-0.0147493067765164,0.0862367683285669,0.895208763855822,-0.536750176398926,-7.61775614754995,5.69502650664324,-7.03155576302893
-0.00633559574619263,0.0851001352839916,0.867187189850247,-0.535024945372577,-7.60391459883629,5.64583624801561,-6.90956627197518
0.00199152148447323,0.0838201647390041,0.838937161686558,-0.533287606736878,-7.58981202403067,5.59837934112375,-6.78496668776718
0.0102210195605862,0.0823891795080404,0.81048921459329,-0.531537146328479,-7.57539792471791,5.55248518702462,-6.65804779500099
0.0183417602093436,0.0807993710822421,0.781871158832771,-0.529769396905235,-7.56060930482499,5.50800354223956,-6.52911063980136
0.026342812373574,0.0790432417608959,0.753108501823049,-0.527976451179115,-7.54537022756416,5.46480419292218,-6.3984761024765
0.0342137799183817,0.0771140518922675,0.724224995823839,-0.526146259308863,-7.52959157464496,5.42277623222564,-6.26649181224106
0.0419451227851076,0.0750062512764459,0.695243272156339,-0.524262488179209,-7.51317112248494,5.38182702433096,-6.13353570025571
0.049528451064553,0.072715865627058,0.666185506677241,-0.522304705632326,-7.49599402423047,5.34188095107403,-6.00001576475966
0.0569567672966515,0.0702408044826626,0.637074051806325,-0.520248923949226,-7.47793374167107,5.30287808051148,-5.86636606269836
0.0642246325895699,0.0675810589209231,0.607931971664596,-0.518068495374998,-7.45885341529479,5.26477295442636,-5.73303948123307
0.0713282380670216,0.0647387670251402,0.578783429927944,-0.515735305604777,-7.43860760774246,5.22753374159503,-5.60049835392977
0.0782653740766223,0.061718140897711,0.549653902251395,-0.513221169591922,-7.41704432175857,5.19114202479668,-5.46920432298386
0.0850353030393651,0.0585252673307222,0.520570210929364,-0.510499308000426,-7.39400719005331,5.15559347019827,-5.33960890334474
0.0916385542931631,0.0551678102242537,0.491560402299506,-0.507545777550279,-7.36933776333777,5.12089956909154,-5.21214596029392
0.098076667663032,0.0516546525834517,0.462653502434738,-0.504340743011329,-7.34287787566578,5.08709055561883,-5.08722685109795
0.104351915208972,0.0479955178520845,0.433879192308955,-0.500869505705646,-7.31447212785986,5.05421950410867,-4.96523844655008
0.110467027998058,0.044200605429482,0.405267441366067,-0.497123234191571,-7.28397058442908,5.02236750367019,-4.84654378193691
0.116424948550645,0.0402802660886138,0.376848131399196,-0.493099370433405,-7.25123181579713,4.99164969288026,-4.73148478212932
0.122228622003326,0.0362447325843593,0.348650693903345,-0.488801706534436,-7.21612643110104,4.9622218024354,-4.62038638797446
0.127880831807787,0.0321039111721416,0.320703775458118,-0.484240144502839,-7.17854123764099,4.93428668665822,-4.51356145095626
0.133384079929138,0.0278672320257058,0.293034937695029,-0.479430168406805,-7.13838413349325,4.90810012439838,-4.41131589819463
0.138740507189007,0.0235435505960951,0.265670390575693,-0.47439207844336,-7.09558979028691,4.88397495699132,-4.31395382833115
0.143951846230247,0.0191410871865185,0.238634749537994,-0.469150061150269,-7.05012610919728,4.8622824571601,-4.22178231425037
0.149019396971255,0.0146673878325098,0.211950798757171,-0.463731196118524,-7.00200132375702,4.84344977037462,-4.13511571264523
0.15394401192792,0.0101292858740455,0.185639235758384,-0.458164519043193,-6.95127146230194,4.82795243591038,-4.05427919915429
0.158726076428463,0.0055328411006469,0.159718369611101,-0.452480262202185,-6.89804765823517,4.8163014523456,-3.9796111009879
0.163365467233672,0.000883233617306669,0.134203749251401,-0.446709365461819,-6.84250251483491,4.8090250992197,-3.91146349133808
0.167861473835272,-0.00381540528183165,0.109107712723049,-0.440883289378352,-6.78487444059827,4.80664663958084,-3.85020059181652
0.172212671597047,-0.00856023110821738,0.0844388725460118,-0.435034075036138,-6.72546867204322,4.80965986164992,-3.79619493075184
0.176416746434878,-0.0133499799852375,0.0602015836473185,-0.429194504844335,-6.66465373253281,4.81850487476385,-3.74982193721276
0.180470286959356,-0.018185281266285,0.0363954714227104,-0.423398154140634,-6.60285245877112,4.83354643383266,-3.71145452953865
0.184368579694158,-0.0230689277685658,0.0130151200580568,-0.417679109686555,-6.54052748095323,4.85505630014747,-3.68145992642883
0.188105461856086,-0.0280060240684875,-0.00994997139305006,-0.412071174814247,-6.47816202777644,4.88319995092576,-3.66020098112211
0.191673299570446,-0.0330039255980789,-0.0325150669884375,-0.406606466552804,-6.41623786315,4.91802666652025,-3.64804358934996
0.195063164466447,-0.0380718854303776,-0.0546994292952308,-0.401313407473808,-6.35521273818161,4.95946101293075,-3.64537019668674
0.198265278306587,-0.0432203393675986,-0.0765250623468108,-0.396214196792188,-6.29549976800992,5.0072933056367,-3.65259739929717
0.201269784425895,-0.0484597813388607,-0.0980149418206306,-0.391321903971777,-6.23745063637797,5.06116707412528,-3.67019342660588
0.204067882961008,-0.0537992151665875,-0.119190754354764,-0.38663738475827,-6.1813437061469,5.12056318733823,-3.69868921735903
0.206653321314134,-0.0592442325975576,-0.140070248628313,-0.382146316659218,-6.12737728215729,5.18478351841687,-3.7386752564042
0.209024139852715,-0.0647948865783259,-0.160664450872989,-0.377816823289995,-6.07566771423088,5.25294183734574,-3.79077620366566
0.211184419629283,-0.0704437130677245,-0.180975217425855,-0.373598376516083,-6.02625188233175,5.32397475939829,-3.85559825000909
0.213145592862708,-0.0761744512252676,-0.200993799631446,-0.369422778188012,-5.97909378780025,5.39668744732261,-3.93365188133405
0.214926772931701,-0.081962067896554,-0.220701082393177,-0.365207764823707,-5.93409514586526,5.46984204795356,-4.02526504841029
0.216553710200426,-0.0877744203464033,-0.24006973302332,-0.360862985036355,-5.89110958985855,5.54227918895404,-4.13051332010064
0.218056447143276,-0.0935752823029171,-0.259067743922721,-0.356297046726646,-5.84995920828761,5.613041694249,-4.24919481011253
0.219466310239356,-0.0993278475387099,-0.277662249443239,-0.351423748740574,-5.81045115589761,5.68146119635523,-4.38086256335533
0.220813135724622,-0.104997675475008,-0.29582254029939,-0.346166047492121,-5.77239189759114,5.74718263786534,-4.52490232729824
0.222123391546539,-0.110554467084519,-0.313521849057081,-0.340457477489891,-5.73559762287499,5.81012945193262,-4.68062506780242
0.22341934851524,-0.115972696976754,-0.330738201583057,-0.334241802093158,-5.69990091156895,5.87043324427506,-4.84734136566809
0.22471903688513,-0.121231554002139,-0.347454980478107,-0.32747207989771,-5.66515490765528,5.92835525701032,-5.02439529404799
0.226036574359546,-0.126314733237038,-0.363661816040136,-0.32011019072491,-5.63123661268097,5.9842176374578,-5.21114828192145
0.227382511226771,-0.131210503545299,-0.379356227300518,-0.312127521405753,-5.59805054184505,6.03835103482481,-5.40691285232564
0.228763985990331,-0.135912291877352,-0.394546220319424,-0.303507136103468,-5.56553311803147,6.09105778827642,-5.61084369220148
0.230184651949037,-0.140419815889653,-0.40925377155353,-0.294247250811634,-5.53365690097632,6.14258808209724,-5.82180530270106
0.231644508906244,-0.144740516535669,-0.42351864279163,-0.284365012758624,-5.50243222806995,6.19312826170534,-6.03825543754301
0.233139932642945,-0.148890684893049,-0.437401271587945,-0.273898551071766,-5.47190286116423,6.24280319659508,-6.25820448372391
0.234664245122164,-0.152895420167871,-0.450982939007036,-0.262904773273096,-5.44213332524721,6.29169460652379,-6.47930867778077
0.236208985724046,-0.15678675329218,-0.464361805306397,-0.251451559988483,-5.41318965670368,6.33987233981217,-6.69910457776246
0.237765656111545,-0.160600070612681,-0.47764508493653,-0.239605878874741,-5.38512004670043,6.38742840039695,-6.91531000964352
0.239327404866518,-0.164369885020853,-0.490939612092204,-0.227421796415241,-5.35794285313048,6.43450117040349,-7.12607091128838
0.240890171842274,-0.168126253938278,-0.504343663759696,-0.214932136301798,-5.33164517370257,6.48128303938052,-7.33007103632307
0.24245315149843,-0.171892589209565,-0.517941772047299,-0.202145026998376,-5.30618956363949,6.52801313783373,-7.52650434720104
0.24401874517159,-0.175684835457805,-0.53180259195055,-0.189044190572434,-5.28152394042674,6.57496104010837,-7.71496629883051
0.245592272102857,-0.179511564868662,-0.545978907439778,-0.175591002492611,-5.25759059951042,6.62240604386955,-7.89532560027735
0.247181642408781,-0.183374516893627,-0.560508754376389,-0.161726785210869,-5.23433235637715,6.67061325902047,-8.06761552776023
0.248797075451427,-0.187269297917177,-0.575416997663357,-0.147374615947448,-5.21169545319354,6.71980527172185,-8.23196038623764
0.250450840706781,-0.191186169321878,-0.590717131209017,-0.132440626089596,-5.18962969837145,6.77012783771121,-8.38853847349239
0.252156923486043,-0.195111012356574,-0.606413391142074,-0.116815242056119,-5.16808669341296,6.82161015825019,-8.53757623073633
0.253930482363661,-0.199026632931107,-0.622503420881402,-0.100375089000135,-5.14701730815919,6.87412453040982,-8.67936465142155
0.255786987003917,-0.202914531228169,-0.638981660923799,-0.0829863230850354,-5.12636990070386,6.92735524630732,-8.81428573048806
0.25774102261632,-0.206757095132558,-0.655843345885961,-0.0645098935675635,-5.10609094606113,6.98078971270806,-8.94283408655091
0.259804905672923,-0.210539928138492,-0.673088569768781,-0.0448086501404928,-5.08612937530414,7.03374250960168,-9.06561948038636
0.261987404325242,-0.214253819129365,-0.690725555480191,-0.0237554928329583,-5.0664448345897,7.0854144596967,-9.1833420436844
0.264292901168148,-0.217895848155542,-0.708772280141598,-0.00124126311310897,-5.04701853034377,7.13497715712088,-9.29674251398837
0.26672123081618,-0.221469342438247,-0.727256021221806,0.0228189294366621,-5.02786402621546,7.18166483640835,-9.40653984172546
0.269268218110761,-0.224982745282505,-0.746211003449395,0.0484817721159195,-5.00903494230443,7.22485392415384,-9.51337305802029
0.271926737531552,-0.228447765584271,-0.765674842812693,0.0757743304959077,-4.99062716418918,7.26411560218717,-9.6177615659816
0.274687996069001,-0.231877315616049,-0.785684699501151,0.104694648891989,-4.97277460791828,7.29923502683092,-9.72009038139898
0.277542739504398,-0.235283697580834,-0.806273939688848,0.135213537418533,-4.95563925446887,7.33019930453029,-9.82061844945442
0.280482172088104,-0.238677322836196,-0.827469777275099,0.167276731509142,-4.93939747823265,7.35716265936186,-9.91950244089159
0.283498508423204,-0.242066035632833,-0.849291990644807,0.200806907955634,-4.92422525404421,7.38040009598368,-10.0168267783001
0.286585188556586,-0.245454949454026,-0.871752531982264,0.235705443230643,-4.91028459445187,7.40026011446209,-10.1126323748637
0.289736850075855,-0.248846628146452,-0.894855730266413,0.271854118850395,-4.89771282251741,7.41712383349004,-10.2069398446514
0.292949162510342,-0.252241446543784,-0.918598808561174,0.30911711097494,-4.88661541050317,7.43137400676184,-10.2997660027024
0.296218608188006,-0.255638010125159,-0.942972522513138,0.347343551410388,-4.87706239176092,7.44337428140064,-10.3911343971261
0.299542262141127,-0.259033565218594,-0.96796181741726,0.386370786600535,-4.86908788834688,7.45345720193363,-10.4810813548259
0.302917596502656,-0.262424370456383,-0.993546463651307,0.426028274113286,-4.86269207180991,7.46191877306635,-10.5696589837761
0.306342317531391,-0.265806021938532,-1.01970166041315,0.466141904209426,-4.85784482218631,7.46901744219393,-10.6569362120636
0.30981423515016,-0.269173732753785,-1.04639860547504,0.506538447635113,-4.85449040356146,7.47497575235735,-10.7429985582186
0.313331162478615,-0.272522568305637,-1.07360502648468,0.547049813903006,-4.85255258328699,7.47998338816102,-10.8279470469362
0.316890843162759,-0.275847637253279,-1.10128566604044,0.58751684416347,-4.85193975220884,7.48420076080068,-10.9118965236373
0.320490905262041,-0.279144236585951,-1.12940271244727,0.627792438376332,-4.85254973332106,7.4877626084208,-10.9949735460014
0.324128841050708,-0.282407949347825,-1.15791617121639,0.667743905923505,-4.85427408291008,7.49078132277811,-11.0773139992323
0.327802012072085,-0.285634694682525,-1.18678417764979,0.70725451392876,-4.85700178450215,7.49334986838821,-11.1590605644125
0.331507678279959,-0.288820731622781,-1.21596325644982,0.746224276498209,-4.8606223093901,7.49554425576422,-11.2403601505466
0.335243049346424,-0.291962619874574,-1.24540853879364,0.784570075519709,-4.86502806903369,7.49742558403094,-11.3213613765617
0.339005355411343,-0.295057142391517,-1.2750739499501,0.822225229520754,-4.87011631704513,7.4990416944532,-11.4022121614567
0.342791933813152,-0.298101195676538,-1.30491238115401,0.859138634763142,-4.87579057555325,7.50042848579418,-11.4830574528923
0.346600327716019,-0.301091654514606,-1.33487585837118,0.89527359717921,-4.88196166639801,7.50161094221834,-11.5640371003942
0.350428392029633,-0.304025218345772,-1.36491571828115,0.930606459989072,-4.88854842536694,7.50260391947177,-11.6452838613808
0.354274401582915,-0.306898246859945,-1.39498279880556,0.965125114201259,-4.89547817044807,7.50341272829672,-11.7269215173397
0.358137156147541,-0.309706592734502,-1.42502764829492,0.998827460917833,-4.90268698503249,7.50403354721308,-11.8090630735164
0.362016076616912,-0.312445439789268,-1.45500075441723,1.03171987753727,-4.91011986572272,7.50445369084915,-11.8918090174824
0.36591128646412,-0.315109155187445,-1.48485279111467,1.06381572571903,-4.91773077294072,7.50465175532803,-11.9752456185697
0.369823672585894,-0.31769116459268,-1.51453487984785,1.09513392775737,-4.9254826115663,7.50459765889089,-12.0594432598076
0.373754919865139,-0.320183859283481,-1.54399885979373,1.12569762973238,-4.93334715879957,7.50425259385307,-12.1444548050902
0.377707514333671,-0.322578543974719,-1.5731975606955,1.15553296407084,-4.94130494762333,7.50356890492984,-12.2303140152514
0.381684710762967,-0.324865433347442,-1.6020850716529,1.18466792041936,-4.94934510682507,7.50248990869451,-12.3170340361469
0.385690461898828,-0.327033703906309,-1.6306169992295,1.21313133140635,-4.95746515266425,7.50094966922041,-12.404605988537
0.389729308386601,-0.329071605685662,-1.65875070877343,1.24095197837887,-4.96567072301697,7.49887274565789,-12.4929976927063
0.393806230649294,-0.330966635506891,-1.68644554372795,1.26815782106028,-4.97397524220665,7.49617392856853,-12.5821525599443
0.397926466460263,-0.332705770045922,-1.71366301886206,1.29477535392072,-4.98239950366909,7.49275798337911,-12.6719886783787
0.402095300516013,-0.334275753097863,-1.74036698468095,1.32082909066881,-4.99097115794136,7.48851942157601,-12.7623981128835
0.406317834743829,-0.335663427411525,-1.76652376165522,1.3463411765878,-4.99972409497221,7.48334232361658,-12.8532464290763
0.410598750142321,-0.336856097650352,-1.79210224418928,1.37133112651259,-5.0086977121451,7.47710024245089,-12.9443724413192
0.414942072439872,-0.337841907766396,-1.81707397525573,1.39581568422174,-5.01793606242366,7.46965622347933,-13.0355881758704
0.41935095460844,-0.338610213657747,-1.84141319317623,1.41980879708767,-5.02748688049224,7.46086298604667,-13.1266790345216
0.423827489202475,-0.339151930638457,-1.86509685196037,1.44332169815134,-5.03740048865288,7.4505633232237,-13.2174041424598
0.428372562599781,-0.339459835098092,-1.88810461581176,1.46636308645564,-5.04772858873466,7.43859079020554,-13.307496867452
0.432985761566776,-0.339528800772859,-1.91041882685962,1.48893939546517,-5.05852295176749,7.42477076601541,-13.3966655057232
0.437665340263692,-0.33935595222106,-1.93202444300732,1.51105513857496,-5.06983402422669,7.40892198629591,-13.48459414226
0.442408252965393,-0.33894072128649,-1.95290894032239,1.53271331980912,-5.08170947887375,7.39085865368285,-13.5709437079656
0.447210254500762,-0.338284796458981,-1.97306217216361,1.55391589650301,-5.09419275004774,7.3703932324122,-13.6553532704806
0.4520660667669,-0.337391960075189,-1.99247617599413,1.57466427871689,-5.10732160770932,7.34734002044084,-13.7374416061796
0.456969605672665,-0.33626781428889,-2.01114491946212,1.59495984710247,-5.12112684084923,7.321519560436,-13.8168091040417
0.46191425852074,-0.334919403759784,-2.0290639807644,1.61480446691126,-5.13563113718333,7.29276389673075,-13.8930400442878
0.466893197210644,-0.333354751085838,-2.04623016526639,1.63420097109797,-5.1508482592264,7.26092260807122,-13.9657052737953
0.471899707932555,-0.331582329962031,-2.06264107106131,1.65315358076735,-5.16678262253865,7.22586945016923,-14.034365267164
0.476927513627625,-0.329610510355875,-2.07829463002484,1.67166822769798,-5.1834293752458,7.18750933881898,-14.0985735220023
0.48197106206253,-0.327447018643228,-2.09318866631252,1.68975274281418,-5.20077505445009,7.14578531114668,-14.1578801995773
0.487025750749123,-0.325098462174353,-2.10732052843014,1.70741687772659,-5.21879885258238,7.10068504033982,-14.2118359015629
0.492088061030738,-0.322569970387155,-2.12068686051658,1.7246721348724,-5.23747446645211,7.0522464661461,-14.2599954852958
0.497155578174871,-0.319865001678458,-2.13328357978429,1.74153139557443,-5.25677242967795,7.00056214702688,-14.3019218744751
0.502226882566509,-0.316985355644896,-2.14510611748833,1.75800835366803,-5.27666275548649,6.94578203009996,-14.3371899197081
0.50730130882658,-0.313931413774608,-2.15614995929226,1.77411678339599,-5.2971176541475,6.8881144429213,-14.3653904878659
0.51237858403977,-0.310702609027722,-2.16641148842157,1.78986969161979,-5.31811404986222,6.82782519587814,-14.386135077185
0.517458371929169,-0.307298097770504,-2.17588909433064,1.80527842345087,-5.33963561512239,6.76523470875985,-14.3990613185274
0.522539765031309,-0.303717578800841,-2.18458446492225,1.82035180465187,-5.36167407145878,6.70071302816294,-14.4038396797799
0.527620779564016,-0.299962177070946,-2.19250393694574,1.83509541101436,-5.38422957473109,6.63467251448866,-14.4001814990718
0.532697915098971,-0.296035288510722,-2.19965974372731,1.84951105149239,-5.40731010725551,6.56755792538671,-14.3878481242914
0.537765840313823,-0.291943272503261,-2.20607098027862,1.86359653519476,-5.43092992997705,6.49983371024872,-14.3666604750331
0.542817254299868,-0.287695885841112,-2.21176411261741,1.87734576075543,-5.45510729043028,6.43196864223173,-14.3365078767875
0.547842949293185,-0.283306380341449,-2.21677289845739,1.89074912215611,-5.47986171219098,6.36441845498327,-14.2973547064881
0.552832068087376,-0.278791234557066,-2.22113766081201,1.90379417557066,-5.50521127756157,6.29760780174442,-14.2492433993323
0.557772514951515,-0.274169549465685,-2.22490395308109,1.91646647022672,-5.53117032787636,6.23191338559794,-14.1922927945797
0.56265145246358,-0.269462193366834,-2.22812075049689,1.92875042634121,-5.55774793147466,6.16765027211333,-14.1266915987191
0.567455806745455,-0.264690816089138,-2.23083837064989,1.94063015252478,-5.58494732132451,6.10506305254869,-14.0526877214367
0.572172713003554,-0.259876857100272,-2.23310634540585,1.95209013050832,-5.61276632123248,6.04432274374452,-13.970575113591
0.576789857747217,-0.255040647611572,-2.23497143569067,1.96311574376358,-5.64119861045354,5.98552934007699,-13.8806802657273
0.581295704492978,-0.250200664774602,-2.2364759152513,1.97369367253308,-5.67023555988026,5.9287190822852,-13.7833506084984
0.585679616862883,-0.245372951982864,-2.2376561748949,1.98381220921185,-5.69986832392132,5.87387499956021,-13.6789467489622
0.589931910962286,-0.240570685619246,-2.23854163807635,1.99346156115898,-5.73008988283995,5.82093917263563,-13.5678399290253
0.5940438765244,-0.235803851383736,-2.23915394577247,2.00263420561607,-5.76089678063219,5.76982536883759,-13.4504154489557
0.598007805370491,-0.2310789926884,-2.23950636656299,2.011325348396,-5.79229037371278,5.720431057718,-13.3270821241157
0.601817058841996,-0.226399006296938,-2.2396034125046,2.01953351736568,-5.82427748432353,5.67264817771061,-13.1982871009154
0.605466194573656,-0.221762982271981,-2.2394406842305,2.02726129270282,-5.85687043816294,5.62637229183508,-13.0645344528265
0.608951157332842,-0.217166112025814,-2.23900501771276,2.03451613510797,-5.89008656226126,5.58150991030884,-12.9264048484074
0.612269518102789,-0.212599714288881,-2.23827504331839,2.04131121884865,-5.92394732690322,5.53798379725542,-12.784572340421
0.615420721175606,-0.208051445824385,-2.23722227281037,2.04766611501606,-5.95847741926432,5.49573609390271,-12.6398133765688
0.618406275907611,-0.203505760916097,-2.23581277956994,2.05360712174957,-5.99370409807532,5.45472918283203,-12.4930031852173
0.621229818089101,-0.198944651996387,-2.23400942397113,2.05916703470679,-6.02965714514192,5.41494446379306,-12.3450964606525
0.623896977069655,-0.194348644155018,-2.23177442419846,2.06438422187092,-6.06636956639321,5.37637959766653,-12.197092891793
0.626415023407099,-0.189697945998261,-2.22907194308737,2.0693010120088,-6.10387892964036,5.33904516154098,-12.0499925519189
0.628792327930141,-0.184973608206389,-2.22587032272465,2.07396158043273,-6.14222896007709,5.30296183507111,-11.904749552538
0.631037714068173,-0.180158534729376,-2.22214368149889,2.07840964499273,-6.18147087290571,5.26815906881162,-11.7622328980998
0.633159808899136,-0.175238233307992,-2.21787275852401,2.08268631233762,-6.22166396817092,5.23467571793592,-11.6232008650265
0.635166487280685,-0.170201260611415,-2.21304506936892,2.0868283373155,-6.2628752029788,5.20256256625137,-11.4882908821119
0.637064468212289,-0.165039382085292,-2.20765455489138,2.09086692570851,-6.30517768190082,5.17188623164034,-11.3580228735442
0.638859081923562,-0.159747506543444,-2.20170093754321,2.09482708375357,-6.34864817255279,5.14273373177209,-11.2328117296809
0.640554194742528,-0.154323466856913,-2.19518896628322,2.09872743544659,-6.39336382741171,5.1152169626717,-11.1129841910844
0.642152261706888,-0.148767709475784,-2.18812766909204,2.10258039617102,-6.43939829774877,5.0894764080013,-10.9987963443042
0.643654471721053,-0.143082938948505,-2.18052967174392,2.10639259354678,-6.48681740518454,5.06568347696949,-10.8904493308803
0.645060951574699,-0.137273748132776,-2.17241059869406,2.11016544369926,-6.53567452742981,5.04404093815067,-10.7881021872048
0.646370998858561,-0.131346254717548,-2.16378854980287,2.1138958089588,-6.58600587509026,5.02478099454386,-10.6918816930973
0.647583317509735,-0.125307760336145,-2.15468364131904,2.11757667513442,-6.63782588585589,5.00816067164849,-10.6018896608832
0.648696233237154,-0.119166447845237,-2.14511760465068,2.12119779361677,-6.69112302782148,4.99445439875822,-10.5182083026666
0.649707870426697,-0.112931132145769,-2.13511344519399,2.12474624015421,-6.74585636389032,4.98394396064127,-10.4409042692333
0.650616278357131,-0.106611077303702,-2.12469516982225,2.12820685331133,-6.80195325956196,4.97690635117836,-10.3700317683404
0.651419502849231,-0.100215886040734,-2.1138875912227,2.13156253423616,-6.85930859406101,4.97360040655381,-10.3056349504275
0.652115608709474,-0.0937554572539395,-2.10271620852038,2.13479441438295,-6.91778574492483,4.97425335002341,-10.2477495879326
0.652702666403946,-0.0872399954427757,-2.09120714838496,2.13788192435402,-6.97721945824763,4.97904846929079,-10.1964040274026
0.653178721084908,-0.0806800462692494,-2.07938713395798,2.14080281820398,-7.03742050831473,4.98811503319238,-10.1516194673709
0.653541762116993,-0.0740865281201562,-2.06728343666939,2.14353321761571,-7.09818182605936,5.00152125044041,-10.1134097639183
0.653789706947505,-0.0674707319122913,-2.05492376338087,2.14604773714614,-7.15928558033638,5.0192706433703,-10.0817811127177
0.653920406377933,-0.0608442695562889,-2.04233604008871,2.14831973752132,-7.22051057195201,5.04130174929826,-10.056732025533
0.653931671555688,-0.0542189626565545,-2.02954807149159,2.15032173415512,-7.28163927497234,5.06749066970559,-10.0382539675296
0.653821318468559,-0.0476066737514042,-2.01658707807741,2.15202596865626,-7.34246393644405,5.09765573716938,-10.0263328533923
0.653587224359126,-0.0410190900671553,-2.00347913332786,2.15340513610521,-7.40279130350855,5.13156349471605,-10.0209513598773
0.653227391884172,-0.0344674734146716,-1.99024853897474,2.15443325115062,-7.46244574898545,5.16893527208179,-10.0220917643055
0.652740019627847,-0.0279623902375883,-1.97691718434952,2.15508662940366,-7.52127077202139,5.20945385609045,-10.0297388231877
0.652123579994996,-0.0215134347374515,-1.96350393755095,2.15534495359988,-7.5791290260751,5.25277002963461,-10.0438821041354
0.651376906080149,-0.015128957437985,-1.95002411352915,2.15519238318192,-7.63590115295344,5.29850903445092,-10.0645171961102
0.650499286996531,-0.00881581288331122,-1.93648905932514,2.15461864967681,-7.69148377360931,5.34627724043678,-10.0916453478333
0.649490566358508,-0.00257914365876888,-1.92290589062536,2.15362005956796,-7.7457870088317,5.39566942924525,-10.1252713085321
0.648351232025387,0.00357777743824702,-1.90927740610709,2.15220030554325,-7.7987318852853,5.44627708312783,-10.1653994439717
0.647082478542253,0.00965362159807792,-1.8956021953725,2.15037097315796,-7.85024793439219,5.49769789133141,-10.2120285332926
0.645686219241847,0.0156489691127524,-1.88187494126449,2.14815163161117,-7.90027122173543,5.54954635997493,-10.2651459581665
0.644165024994757,0.0215661459112034,-1.86808689809394,2.14556942151506,-7.94874296078651,5.60146500046653,-10.3247221983256
0.64252197252698,0.0274089245713515,-1.85422650626496,2.14265810092123,-7.99560877558867,5.65313518843281,-10.3907065708506
0.640760396700615,0.0331821001365438,-1.8402800857904,2.13945657680891,-8.04081859302437,5.70428656353021,-10.4630249505651
0.638883555693562,0.0388909688118149,-1.82623254187995,2.13600701793165,-8.08432707720452,5.75470388264889,-10.5415798027556
0.636894231705399,0.0445407506487235,-1.8120680191053,2.13235269793294,-8.12609447448361,5.80423056187665,-10.6262523342201
0.634794298907626,0.0501360017525611,-1.79777045674273,2.12853574028033,-8.16608772069163,5.85276865841259,-10.7169060556402
0.632584292949296,0.0556800565885882,-1.78332402273925,2.12459492409774,-8.20428166999535,5.90027559371058,-10.8133906727155
0.630263013184726,0.0611745292994105,-1.76871343082016,2.12056366917901,-8.24066033128002,5.94675834421044,-10.9155450578109
0.627827182824973,0.0666188894282047,-1.75392416814748,2.11646826397885,-8.27521803563317,5.99226603130498,-11.0231981015312
0.625271187097701,0.0720101171256832,-1.73894267533784,2.1123263485913,-8.30796049995639,6.03688182238379,-11.1361664605847
0.62258690816371,0.0773424394566439,-1.7237565247547,2.10814562880871,-8.33890578941087,6.0807148746756,-11.2542485551837
0.61976367916523,0.0826071543487369,-1.70835463660698,2.10392278520518,-8.36808520706182,6.12389280653105,-11.3772146089286
0.61678838728956,0.087792561329213,-1.69272755571551,2.09964255566617,-8.39554414345973,6.1665549514921,-11.5047930942699
0.613645763497129,0.0928840353599434,-1.67686778503387,2.09527700918706,-8.42134289281538,6.20884649550427,-11.6366546968261
0.610318898351544,0.0978642957887688,-1.66077013641964,2.09078508583625,-8.44555738026739,6.25091354080558,-11.77239585232
0.606790011097313,0.102713927433934,-1.64443201978172,2.08611253713432,-8.46827965081241,6.29289917377739,-11.9115249201363
0.603041465494523,0.107412193983451,-1.62785356019946,2.08119243746321,-8.48961786712894,6.33494069967104,-12.0534548033988
0.599056969885674,0.111938137086917,-1.6110374270595,2.07594641941754,-8.50969549541257,6.3771682774375,-12.1975057731614
0.594822831954578,0.116271880825372,-1.5939882975238,2.07028669183937,-8.52864938265084,6.41970516401609,-12.3429208870243
0.590329086135665,0.120395981709455,-1.57671196241004,2.06411873674404,-8.54662658475546,6.46266960821192,-12.4888936291616
0.585570303889507,0.124296614457598,-1.5592141928146,2.05734440226785,-8.56378007386275,6.50617814305854,-12.6346039587044
0.580545949944535,0.127964395188111,-1.54149957416209,2.04986499267828,-8.58026374241744,6.55034972213119,-12.7792562371751
0.575260247137535,0.131394720950247,-1.52357053614783,2.04158396467076,-8.59622730412324,6.59530997075595,-12.9221118342761
0.569721619061337,0.134587617613886,-1.50542674985318,2.03240897137804,-8.61181168328683,6.6411948559808,-13.0625109225888
0.563941851955036,0.137547189962906,-1.48706495604263,2.02225318866939,-8.62714529793587,6.68815328178986,-13.1998811758984
0.557935136016745,0.140280823475045,-1.46847918034666,2.01103602949238,-8.64234137370186,6.7363483681423,-13.3337343137213
0.551717120263203,0.142798290393643,-1.44966121973372,1.9986834471709,-8.65749618528514,6.78595735588248,-13.4636535669735
0.545304068062367,0.145110880294517,-1.43060126140025,1.98512804069174,-8.6726879774221,6.83717013987911,-13.5892758718363
0.53871215506463,0.147230631311017,-1.41128850908963,1.97030912982478,-8.68797627728406,6.89018638426909,-13.7102722784902
0.531956919855005,0.149169700216066,-1.39171172463963,1.95417289934956,-8.70340134848738,6.94521106999074,-13.8263292549623
0.525052862526498,0.150939885140738,-1.37185962983406,1.93667264553756,-8.71898361848804,7.00244822915124,-13.9371327261976
0.518013183805051,0.152552303268003,-1.35172114851036,1.91776910796693,-8.7347230097154,7.06209259245258,-14.0423560381162
0.510849661486344,0.154017222651475,-1.3312855003964,1.89743083992972,-8.7505982058526,7.12431896747059,-14.1416526040336
0.503572665942139,0.155344046445523,-1.3105421878304,1.8756345601136,-8.76656598078072,7.18926941858107,-14.2346536900396
0.496191317350077,0.156541443900203,-1.28948094503779,1.85236543353198,-8.78256080148565,7.25703874848544,-14.3209714999132
0.488713780521305,0.157617611803379,-1.26809174452115,1.82761724660112,-8.79849497472937,7.32765934641485,-14.4002073195001
0.481147677454759,0.158580631927276,-1.24636496985235,1.80139246556231,-8.81425962071424,7.40108704633428,-14.4719639314831
0.473500575220073,0.159438867798876,-1.22429185950424,1.77370219548056,-8.82972670408632,7.4771900240459,-14.5358608720981
0.465780483709184,0.160201325171069,-1.2018652942866,1.74456608574556,-8.84475222287525,7.55574272291336,-14.5915505361907
0.457996283237324,0.160877894204858,-1.17908094024156,1.71401225347373,-8.85918046333047,7.63642619150332,-14.6387328680274
0.450158004133423,0.161479404366253,-1.15593867939973,1.68207731166034,-8.87284901691401,7.71883511266268,-14.6771665796444
0.442276902205569,0.162017455248594,-1.13244418271953,1.64880658425107,-8.88559408640832,7.80249052044493,-14.7066755395389
0.434365310363101,0.162504029631206,-1.10861042579889,1.61425455591548,-8.89725553275515,7.88685619040273,-14.7271499980003
0.426436286840302,0.162950936159341,-1.08445893400176,1.57848553827126,-8.90768114817183,7.97135631417899,-14.7385433535518
0.418503112907596,0.163369156946754,-1.06002057066,1.54157444774366,-8.91672975766211,8.05539242053605,-14.7408659153598
0.41057871080571,0.163768185658693,-1.03533573811479,1.50360750594191,-8.92427290138871,8.13835836732774,-14.7341774082435
0.402675055485116,0.164155436701536,-1.01045392923083,1.46468261760188,-8.93019499380413,8.21965321580734,-14.7185798040153
0.394802645676463,0.16453579201452,-0.985432632223222,1.42490917325336,-8.93439197888741,8.29869254103004,-14.6942115803295
0.38697008596402,0.164911334010254,-0.960335646830908,1.38440707022374,-8.93676861636395,8.37491901445234,-14.6612438923383
0.379183815477047,0.165281294114352,-0.935230913817467,1.34330483938425,-8.9372346590762,8.44781289610268,-14.6198785668282
0.371448002157818,0.165642226574509,-0.910187993523204,1.30173688980724,-8.93570031826316,8.51690253585915,-14.5703474237238
0.363764604953093,0.165988396918599,-0.885275352510859,1.25984001872421,-8.932071536963,8.58177434499061,-14.512912274302
0.356133590674841,0.166312355131119,-0.860557627701915,1.21774945922204,-8.92624566040661,8.64208121545677,-14.4478650591754
0.348553279471517,0.166605648230074,-0.836093031743691,1.17559483429868,-8.9181080699768,8.69754822542805,-14.3755279268943
0.341020784851305,0.166859618457599,-0.811931041422062,1.1334964375498,-8.90753022655535,8.74797473504422,-14.2962535084318
0.333532512019288,0.16706623282687,-0.788110477717638,1.09156225676338,-8.89436937940937,8.79323255759607,-14.2104260666959
0.326084680973641,0.167218895228534,-0.764658051527626,1.0498860928013,-8.87846999240921,8.83326059157016,-14.1184644430076
0.318673845357929,0.167313198806438,-0.741587424911458,1.00854700659676,-8.85966677392052,8.8680568981708,-14.0208276623651
0.311297380405473,0.167347577935493,-0.71889883298487,0.967610163798825,-8.83778909974233,8.89766954519782,-13.9180236174648
0.303953909896574,0.167323811465645,-0.696579328176819,0.927128955996982,-8.81266658537045,8.92218754868431,-13.8106203972463
0.296643631780136,0.167247311783316,-0.674603737922536,0.887148078420506,-8.78413556048095,8.9417329559628,-13.6992586012184
0.289368488160637,0.167127114221071,-0.652936448287353,0.847707060638977,-8.75204617613793,8.95645461155486,-13.5846615696039
0.282132116236156,0.166975472701131,-0.631534108509631,0.808843616132487,-8.7162697930037,8.9665235438658,-13.4676392801698
0.274939525060171,0.166806989513655,-0.610349263234273,0.770596152522344,-8.67670615211252,8.97212934451552,-13.3490813878766
0.267796479696534,0.166637274815151,-0.589334747617343,0.733004922351051,-8.63328967524886,8.97347654592463,-13.2299362246872
0.260708639345328,0.166481240936703,-0.568448455805862,0.696111610213239,-8.58599419454161,8.97077998775693,-13.1111757735448
0.253680570660274,0.166351255098158,-0.547657896038326,0.659957575068698,-8.53483558654137,8.96425855203581,-12.993750907513
0.246714808779954,0.166255448684307,-0.526943875553663,0.624581340044928,-8.47987220622539,8.95412731090603,-12.8785447662974
0.239811138254118,0.166196469452635,-0.506302772717559,0.590016082462514,-8.42120355089878,8.94058877963526,-12.7663331787383
0.23296621132894,0.166170864487979,-0.485747120469318,0.556287764999386,-8.35896800776992,8.92382431049945,-12.6577589065134
0.226173538182183,0.166169140755246,-0.465304539111162,0.523414252382023,-8.29334067518448,8.90398659775884,-12.5533222832797
0.219423809491768,0.166176425620925,-0.44501530616896,0.491405441236711,-8.22453207294157,8.88119392084318,-12.453386578073
0.212705470379634,0.16617357921526,-0.424928979684232,0.460264221429656,-8.15278818409114,8.85552637345147,-12.3581937281767
0.206005458433784,0.16613859663507,-0.405100507735973,0.429988016499907,-8.07839184408102,8.82702409641766,-12.2678854232829
0.199310033841548,0.166048159724271,-0.385586206195652,0.400570673452463,-8.00166510385518,8.79568750192643,-12.1825253889377
0.19260564994442,0.165879229784399,-0.366439914405896,0.372004521939837,-7.92297186148951,8.76147958191547,-12.1021202936991
0.185879825808511,0.165610596030369,-0.347709572666657,0.34428245347194,-7.84271976954958,8.72433052007583,-12.0266383138956
0.179121983894016,0.165224302878863,-0.329434414928366,0.317399868845838,-7.7613601894255,8.6841448641576,-11.9560256396604
0.172324207081998,0.164706874516712,-0.311642930419315,0.291356318460099,-7.67938484147257,8.64081138732501,-11.8902219237317
0.165481856368618,0.164050246482337,-0.29435170758373,0.266156641366812,-7.59731791010929,8.59421545175659,-11.8291758081826
0.158593982634689,0.16325231369527,-0.277565219613518,0.241811422651162,-7.51570283933473,8.54425323075015,-11.7728612380756
0.151663472517602,0.162317024606156,-0.261276534198042,0.218336653786402,-7.43508395565557,8.49084666590422,-11.7212944058353
0.144696895218259,0.161253997971405,-0.245468832773462,0.195752596594308,-7.35598426682805,8.4339577000333,-11.67455011835
0.137704061638322,0.160077706727843,-0.230117523213368,0.17408199367615,-7.27888197531041,8.37360028603762,-11.6327755056548
0.130697357676599,0.158806344551288,-0.215192652911692,0.15334789368435,-7.20418896062252,8.30984898223708,-11.5961986597875
0.123690952636832,0.157460540942617,-0.200661304382282,0.133571425645024,-7.13223436741345,8.24284351419425,-11.5651301964923
0.116699997555835,0.156062102130527,-0.186489694556729,0.114769841683851,-7.06325544774431,8.1727893018543,-11.5399567709044
0.109739913623436,0.154632925570564,-0.172644789355607,0.0969550633784401,-6.99739628328912,8.09995439420961,-11.5211268964532
0.102825836295001,0.153194179479634,-0.159095355993749,0.0801328488421309,-6.93471349597006,8.02466339761822,-11.5091305874119
0.0959722406992328,0.15176577715639,-0.145812473771938,0.0643025839393787,-6.87518701043575,7.94728885810833,-11.5044750762028
0.0891927409657418,0.150366126360075,-0.132769589304304,0.0494576156992911,-6.81873355783719,7.86824031187958,-11.5076590805912
0.0825000357279673,0.14901210409207,-0.119942231308959,0.0355859940625168,-6.76522082624031,7.78795103455118,-11.5191479252971
0.0759059632004571,0.147719194630132,-0.107307502981463,0.0226714625691408,-6.71448072775219,7.70686253059764,-11.5393514219992
0.0694216273672155,0.146501726932085,-0.0948434600264394,0.0106945303651334,-6.66632090931564,7.6254070431073,-11.5686058901933
0.0630575574631653,0.145373150186472,-0.0825284698207701,-0.000366538289771733,-6.62053420101829,7.54398875871638,-11.6071610740029
0.0568238634996836,0.144346289718287,-0.0703406364030156,-0.0105349663318835,-6.5769060888296,7.46296478616896,-11.6551719295205
0.0507303504439977,0.143433528623542,-0.0582573673134412,-0.0198350631639714,-6.535220513831,7.38262723364568,-11.7126942814545
0.0447865530812954,0.142646863421311,-0.0462551509812816,-0.0282922763365119,-6.49526437980355,7.30318768474113,-11.7796822013103
0.0390016526292743,0.141997784354482,-0.0343096078465374,-0.0359337633862859,-6.4568311529617,7.22476506805785,-11.8559837625107
0.0333842344377357,0.141496932092925,-0.0223958761213873,-0.0427895324035863,-6.41972390926501,7.14737744715928,-11.9413308016154
0.0279418439052353,0.141153483491514,-0.0104893929351616,-0.0488941869749737,-6.38375814685128,7.07093783182775,-12.0353178060527
0.0226802988156621,0.14097422608859,0.00143287592054467,-0.0542892845042748,-6.348764618113,6.9952539505983,-12.1373656282156
0.0176027314147274,0.140962310067046,0.0133907431834326,-0.0590262331936506,-6.31459229502837,6.9200321788139,-12.2466683301459
0.0127083826154721,0.141115743490572,0.0253987380982314,-0.0631694522886975,-6.28111129000833,6.84488646650996,-12.3621273368937
0.00799127678141432,0.141425846130222,0.0374639805609517,-0.0667991650776514,-6.24821508007288,6.76935385635244,-12.4822869382166
0.00343907011725225,0.141876085483568,0.0495845859050703,-0.0700127598614355,-6.21582085362763,6.69291838088358,-12.605297025795
-0.000967474836916697,0.142441880784154,0.0617494016532442,-0.0729234326496442,-6.18386662309419,6.61504399959831,-12.7289354482278
-0.00525392988487986,0.143091878189508,0.07393971764111,-0.0756552681401607,-6.15230447103169,6.53521456311179,-12.8507123038246
-0.00945038641779194,0.143790732318136,0.0861328926833412,-0.0783352156415779,-6.12109101018182,6.45297573469251,-12.9680474069168
-0.013588734285063,0.144502742387142,0.0983068945978321,-0.0810839858220292,-6.09017787990021,6.36797252427686,-13.0784751911007
-0.0176998057721909,0.145195257908139,0.110444246496939,-0.0840085751980902,-6.05950540964361,6.27997770788218,-13.1798168384931
-0.0218111645429742,0.145840933320372,0.122534233901331,-0.0871983236597403,-6.02900105736796,6.18890950122845,-13.2702802221599
-0.025945941177286,0.146418513132982,0.134573130173093,-0.0907247793358128,-5.99858208952006,6.09483895186855,-13.3484860798989
-0.0301226628885541,0.146912409813965,0.146562963901002,-0.0946443349116722,-5.96816067314677,5.9979876586788,-13.4134455014734
-0.0343557542544356,0.147311603296239,0.158509623960319,-0.0990021601789989,-5.93764947955491,5.89871564922871,-13.4645182433294
-0.0386563385853742,0.14760836267735,0.170420971581324,-0.103836186993906,-5.90696651537877,5.797499037485,-13.5013712333424
-0.0430330540818755,0.147797124264423,0.182305353135647,-0.109180378531114,-5.87603858995892,5.69489812393769,-13.5239438975707
-0.0474927204371842,0.147873680141558,0.194170650370757,-0.115066961576051,-5.84480332353881,5.59151854126952,-13.5324185308557
-0.0520407991160353,0.147834692161872,0.206023825041622,-0.121527629209076,-5.81320987947736,5.48796994046498,-13.5271911062518
-0.0566816660785844,0.147677460547518,0.217870817164298,-0.128593925074844,-5.78121871887712,5.38482759002969,-13.5088390327029
-0.0614187558118769,0.147399841615362,0.229716629866049,-0.136297110624241,-5.74880067278648,5.28260165976956,-13.4780850980328
-0.0662546439449858,0.147000215659431,0.241565461323444,-0.144667811586414,-5.71593554394645,5.18171712462039,-13.4357593172715
-0.0711911216784395,0.146477437910001,0.253420800994409,-0.153735670417161,-5.68261033406995,5.08250490406577,-13.3827616983119
-0.0762292908702373,0.145830744936722,0.265285467372274,-0.163529136603684,-5.64881709451506,4.98520285685124,-13.3200289537752
-0.0813696847556456,0.145059621868226,0.277161609115778,-0.174075440275996,-5.61455035379988,4.8899640677123,-13.2485073561064
-0.0866124024490618,0.144163655657852,0.289050713565759,-0.185400735103615,-5.57980409382325,4.7968695561021,-13.1691327880956
-0.0919572373244438,0.143142406319771,0.300953669013052,-0.197530366688723,-5.54456831313941,4.70594287365009,-13.0828179743392
-0.0974037786739449,0.141995325215748,0.312870916813901,-0.210489215811101,-5.50882530399602,4.61716471158924,-12.9904460720868
-0.102951470146366,0.140721741335902,0.324802713629296,-0.224302072662538,-5.4725458551869,4.53048634129842,-12.8928692778259
-0.108599615036674,0.139320926302194,0.336749507461016,-0.238994011100985,-5.43568565880054,4.44584130176778,-12.7909108219725
-0.114347325910664,0.137792238415627,0.348712416193346,-0.254590746192938,-5.39818223922027,4.36315517035675,-12.6853686226268
-0.120193423291538,0.136135336455243,0.360693785078363,-0.271118971072856,-5.35995273804166,4.28235351611056,-12.5770189168003
-0.126136294512753,0.134350445783575,0.372697790722252,-0.288606678376701,-5.32089288312186,4.2033682755054,-12.4666183752666
-0.132173728751245,0.132438653324655,0.384731054518853,-0.307083475321677,-5.28087744834428,4.1261428495068,-12.3549035380322
-0.138302747153793,0.130402204912837,0.39680322908713,-0.326580898478174,-5.23976247630906,4.05063622834827,-12.2425868738452
-0.144519447540394,0.128244778854853,0.408927527495311,-0.347132724377992,-5.19738949086061,3.97682642133385,-12.1303493317866
-0.150818881584684,0.125971713059348,0.421121175899042,-0.368775257693833,-5.15359186945894,3.90471340528949,-12.0188298422944
-0.157194979454285,0.12359016846477,0.433405782769743,-0.391547564895294,-5.1082034711999,3.83432170376413,-11.9086127431912
-0.163640533965525,0.121109216522587,0.445807627584534,-0.415491614882619,-5.06106951023515,3.76570257119426,-11.8002144667122
-0.170147254647505,0.118539840799241,0.458357873755593,-0.440652295478326,-5.0120595009892,3.6989355975201,-11.6940709813261
-0.176705902175697,0.11589484102114,0.471092701380966,-0.46707729875557,-4.96108184978579,3.63412940339168,-11.5905274483038
-0.183306514396153,0.113188622958784,0.484053335443655,-0.494816905856919,-4.90809930787226,3.5714210142642,-11.4898313784844
-0.189938734023325,0.110436852929839,0.497285919625192,-0.52392374252086,-4.85314405464078,3.51097353749077,-11.392130313579
-0.196592241732464,0.107655956798148,0.510841164794595,-0.554452602413304,-4.7963307380109,3.45297195723572,-11.2974747324225
-0.203257284479378,0.104862455315879,0.524773696497469,-0.586460425965577,-4.73786552728909,3.39761720183737,-11.2058264837667
-0.209925268277007,0.10207215233822,0.539141046917468,-0.620006461879118,-4.67804932861214,3.34511905747612,-11.1170725544281
-0.216589362448376,0.0992992257505447,0.554002285250684,-0.655152525730628,-4.6172739027831,3.29568886937326,-11.0310434130705
-0.223245046860648,0.0965553028116513,0.569416346095387,-0.691963126341905,-4.55601066168843,3.24953313413985,-10.9475346061833
-0.229890532613477,0.0938486197073448,0.58544017866659,-0.730505096933998,-4.49479313965638,3.20684893955954,-10.8663298463527
-0.236527002847896,0.0911833611140733,0.602126879493145,-0.770846291740166,-4.43419515510036,3.16782175862999,-10.7872236294374
-0.243158649210114,0.0885592501083834,0.61952397587965,-0.813052923790073,-4.37480717775624,3.13262548487915,-10.7100414802566
-0.249792511195326,0.085971421282077,0.637671999513854,-0.857185235118574,-4.31721330917851,3.10142400583966,-10.6346562073622
-0.256438149968524,0.0834105735525274,0.656603443414212,-0.903291393198761,-4.26197073060162,3.07437322952317,-10.5609989573703
-0.263107199515986,0.0808633740611087,0.676342147764553,-0.951399772185619,-4.2095927613716,3.05162239443394,-10.4890643258115
-0.269812836270414,0.0783130740570721,0.696903121952937,-1.00151007660822,-4.16053605171828,3.03331369627146,-10.4189092785721
-0.276569198279544,0.0757402985163642,0.718292782931058,-1.05358406461031,-4.11519201400317,3.01957967549725,-10.3506461722308
-0.283390772815519,0.0731239765933772,0.740509568407063,-1.10753687888807,-4.07388234733118,3.01053832625392,-10.2844307313901
-0.290291762563405,0.0704423828634057,0.763544860037843,-1.1632301296673,-4.03685833533097,3.00628640807532,-10.2204464008744
-0.29728543853028,0.0676742551554406,0.787384122504358,-1.22046782661641,-4.00430341276694,3.00689187719398,-10.1588869441923
-0.304383493173196,0.0647999428851419,0.812008131100803,-1.27899598741943,-3.97633828010104,3.0123866259266,-10.0999393890293
-0.311595417835037,0.061802523367847,0.837394131376394,-1.33850628697858,-3.9530276350465,3.02276076952499,-10.0437693373987
-0.318927940320608,0.0586688084880207,0.863516760723416,-1.39864355585072,-3.93438745736758,3.03795953214735,-9.99051025015417
-0.326384566741819,0.0553901565871995,0.890348573208983,-1.45901643831825,-3.92039179037339,3.05788339456662,-9.94025766131525
-0.333965273153028,0.0519630087653972,0.917860049009027,-1.51921021232209,-3.91097813519995,3.08239166612031,-9.89306851957438
-0.341666385741052,0.0483890859031646,0.94601903459237,-1.57880071242037,-3.90605089239996,3.11130914840932,-9.84896514566094
-0.349480674373989,0.044675210521659,0.974789639574408,-1.63736844177741,-3.90548269520267,3.14443516994292,-9.80794274945655
-0.357397665409822,0.0408327523760041,1.00413069869616,-1.69451219749985,-3.90911390931191,3.18155404384568,-9.76997912387677
-0.365404158439796,0.0368767342711271,1.03399398068572,-1.74986174037771,-3.91675095434504,3.22244593477314,-9.73504502564577
-0.373484910635198,0.0328246707794888,1.06432237909404,-1.80308913502934,-3.92816437143692,3.26689717900657,-9.70311383986068
-0.381623434113389,0.028695242796862,1.09504834444015,-1.85391836396546,-3.94308767667289,3.31470923709991,-9.67416937051781
-0.389802838857375,0.0245069304019012,1.12609280580621,-1.90213274130432,-3.96121797989678,3.36570563832251,-9.64821096587268
-0.398006648583215,0.020276731152289,1.15736478216609,-1.94757961267176,-3.98221911875105,3.41973648674165,-9.62525563406653
-0.406219520959222,0.0160190787862733,1.18876180522957,-1.99017190606445,-4.00572769111426,3.47668033728199,-9.60533728091355
-0.414427816519974,0.0117450496484638,1.2201711794968,-2.02988632146056,-4.03136192004632,3.53644350981754,-9.58850365006318
-0.422619980495328,0.00746190565622083,1.25147200839199,-2.06675827982122,-4.05873282254045,3.59895716818251,-9.57481190459192
-0.430786725294035,0.00317297997794269,1.28253783358234,-2.10087411504605,-4.08745675129548,3.66417270945585,-9.56432400161951
-0.438921024712884,-0.00112212808947745,1.313239678759,-2.13236129448311,-4.11716810975551,3.73205613951217,-9.55710303632805
-0.447017950446551,-0.00542711318398621,1.34344926398966,-2.16137762534244,-4.14753096329263,3.80258211529598,-9.55321155657249
-0.455074394253789,-0.00974836038877066,1.37304216178178,-2.18810041665289,-4.17824841038473,3.87572820092246,-9.55271250369536
-0.463088723521727,-0.0140942620550205,1.40190069716581,-2.21271643223757,-4.20906891417388,3.95146963750502,-9.555672991934
-0.471060413921521,-0.0184745271971585,1.42991644488648,-2.23541323419127,-4.23978925048905,4.02977461965146,-9.5621706959859
-0.478989692062831,-0.02289953381271,1.45699223900477,-2.25637223822284,-4.27025419272888,4.11059977085888,-9.57230226335655
-0.486877206542948,-0.0273797476034457,1.48304367522635,-2.27576353966814,-4.30035341982124,4.19388527232778,-9.58619295171066
-0.494723730999683,-0.0319252042445101,1.50800014649109,-2.29374236449881,-4.33001633377758,4.27954896071818,-9.60400659866244
-0.502529890707587,-0.0365450309305383,1.53180550228981,-2.31044687445121,-4.35920549806812,4.3674786894702,-9.62595499791481
-0.510295896983202,-0.0412469691966019,1.55441845819411,-2.32599701090105,-4.3879092964118,4.457522367948,-9.65230569235736
-0.51802127249803,-0.0460368567729247,1.57581290074041,-2.34049408674018,-4.41613423021644,4.54947540312337,-9.6833870220429
-0.525704556567108,-0.0509180335744133,1.59597822819275,-2.35402091229804,-4.4438970944486,4.64306586385297,-9.7195889489709
-0.533342993593397,-0.0558906591800965,1.61491982919337,-2.36664235202105,-4.47121716275925,4.73793869138586,-9.76135777606402
-0.540932230385507,-0.0609509702416283,1.63265971404917,-2.37840633152397,-4.4981085287183,4.8336417661233,-9.80918258230428
-0.548466076301043,-0.0660905668263136,1.64923716571384,-2.38934541695797,-4.52457292549987,4.92961845820923,-9.863571396607
-0.555936404827058,-0.0712958863548748,1.66470907955073,-2.3994791195567,-4.55059366610281,5.02521280149276,-9.92501636915877
-0.563333278553757,-0.076548072730618,1.67914947194003,-2.40881697806837,-4.57613169804942,5.11969336386912,-9.99394991073047
-0.570645341111615,-0.0818234293916434,1.69264757918728,-2.41736221490294,-4.60112491549228,5.21229872038116,-10.0706977572111
-0.577860434346453,-0.0870945209945008,1.70530417888968,-2.4251154239596,-4.62549153771307,5.30230068229289,-10.1554387669226
-0.584966297384542,-0.0923317789779732,1.71722627989755,-2.43207752954513,-4.64913744512177,5.38907323396989,-10.2481825040014
-0.591951148423627,-0.097505270758294,1.72852095678879,-2.43825137084647,-4.67196616622877,5.47215017167562,-10.3487722910643
-0.598803988763473,-0.102586234934176,1.73928949670019,-2.44364173544309,-4.69388936568402,5.55125681138544,-10.4569139688529
-0.605514586746352,-0.107548108567901,1.74962292335092,-2.44825423111317,-4.71483569928774,5.62631031102722,-10.5722225909686
-0.612073223919218,-0.112366994683033,1.75959943328383,-2.45209370769975,-4.73475672569746,5.6973937966828,-10.6942747963407
-0.618470348758307,-0.11702170519391,1.76928365000561,-2.45516288514366,-4.75362966563497,5.76471587022877,-10.8226552206772
-0.624696271914284,-0.121493590721122,1.77872717916864,-2.45746154755326,-4.77145763428309,5.82856735684127,-10.9569894136378
-0.630740985359356,-0.125766347343,1.78796982749136,-2.4589863596109,-4.78826832699349,5.88928340161074,-11.0969604233945
-0.636594137115433,-0.129825927574135,1.79704094463455,-2.45973119428989,-4.80411210510772,5.94721442715901,-11.242309469693
-0.642245164899832,-0.133660625004836,1.80596052819351,-2.45968784245535,-4.81906020245616,6.00270604638063,-11.3928224913182
-0.647683586835069,-0.137261365961188,1.81473990912064,-2.45884704651255,-4.83320349867465,6.05608627869014,-11.5483044306589
-0.652899455212999,-0.140622221298017,1.823381981479,-2.45719989310976,-4.84665203955086,6.10765797461104,-11.7085428793732
-0.657883986506174,-0.143741130156288,1.83188106872917,-2.45473965851519,-4.85953522252868,6.1576946656519,-11.8732631059975
-0.662630372403004,-0.146620785878577,1.84022265060893,-2.45146417840116,-4.87200228446742,6.20643871843186,-12.0420782836382
-0.667134737748798,-0.149269558344432,1.84838331356387,-2.44737867089558,-4.88422243404166,6.25410143820671,-12.2144422325389
-0.671397134102656,-0.151702221713545,1.85633139258718,-2.44249866477385,-4.89638374302005,6.30086543684264,-12.3896163886912
-0.67542235720525,-0.153940163928363,1.86402874789597,-2.43685234143089,-4.90868992368959,6.34688989156643,-12.5666654039063
-0.679220305988917,-0.156010756313719,1.87143386050829,-2.43048138376061,-4.92135456748234,6.392318989246,-12.7444927867319
-0.682805637363971,-0.157945734954773,1.87850593757186,-2.42343959466991,-4.93459330947169,6.43729283429255,-12.9219168464704
-0.686196654506216,-0.159778771026911,1.885209203566,-2.41578919862904,-4.94861534613068,6.48195888616528,-13.0977712005664
-0.689413629821614,-0.161542724034458,1.89151635734469,-2.40759559451962,-4.96361615995104,6.52648144701912,-13.2710026015261
-0.6924769546539,-0.163267178307375,1.89741047374004,-2.39892186267159,-4.97977284996009,6.57104734508666,-13.4407401431819
-0.695405513319393,-0.164976696775476,1.90288523687204,-2.38982422060176,-4.9972424185949,6.6158673454477,-13.606323123093
-0.698215522783187,-0.166689916792398,1.90794392720642,-2.38034902763805,-5.01616238618632,6.6611740136023,-13.767290751363
-0.70091988035417,-0.16841934940113,1.91259780000489,-2.37053128853,-5.03665265599286,6.70721712314494,-13.9233467757179
-0.703527923189848,-0.17017162456225,1.91686441161137,-2.36039421654355,-5.05881763993756,6.75425728472784,-14.0743137995629
-0.70604545473938,-0.171947935280164,1.9207662363326,-2.34994933904898,-5.08274801594289,6.80255771086232,-14.2200886844779
-0.708474910633314,-0.173744509842037,1.92432971134918,-2.33919675522965,-5.10852187366106,6.85237333186762,-14.3606058689016
-0.710815584385153,-0.175553031399658,1.92758470622207,-2.32812536467878,-5.13620529848649,6.90393610539119,-14.4958119187052
-0.713063886881453,-0.177361003954855,1.93056433064336,-2.31671310420242,-5.16585262968638,6.95743550683461,-14.6256525634923
-0.715213660215158,-0.179152127555342,1.93330494074812,-2.3049274223984,-5.19750673264606,7.01299404405138,-14.7500722921152
-0.717256597585795,-0.180906789710187,1.93584615869267,-2.29272635495511,-5.23119966768204,7.07063932927339,-14.8690254578709
-0.719182827032966,-0.182602793943789,1.93823068175489,-2.28006058705547,-5.26695411324263,7.13027656858488,-14.9824961836085
-0.720981688166087,-0.184216413336449,1.94050365030223,-2.26687674513106,-5.30478577847112,7.19166750120681,-15.090522161376
-0.722642668107619,-0.185723768550518,1.94271140544525,-2.25312183440102,-5.3447067858907,7.25442249671312,-15.1932155080802
-0.724156386276372,-0.187102406068137,1.9448996147235,-2.23874831812861,-5.3867296327222,7.31801053185051,-15.2907734867882
-0.725515465875318,-0.188332845849791,1.94711094337248,-2.22371900479773,-5.43087095122581,7.38178725617464,-15.3834740808428
-0.726715136536042,-0.189399836835044,1.94938261589962,-2.2080108519516,-5.47715405316179,7.44503620335941,-15.4716557329579
-0.727753479213048,-0.190293124436567,1.95174426726986,-2.19161705277206,-5.52560929396563,7.50701496067475,-15.5556852777179
-0.728631317588332,-0.191007661592375,1.95421640702658,-2.17454721184146,-5.57627162661383,7.56699811906221,-15.6359212003871
-0.72935183657727,-0.191543321247448,1.95680966528617,-2.15682583781018,-5.6291752037315,7.62431140978316,-15.7126798948674
-0.729920043579416,-0.191904247012302,1.95952483157231,-2.13848964583564,-5.6843453752661,7.67835477488267,-15.7862109863705
-0.730342183886951,-0.192098000739855,1.96235358387042,-2.11958424805842,-5.74178882880261,7.72861473100892,-15.8566851438975
-0.730625194529297,-0.192134647350711,1.96527974517568,-2.10016076361803,-5.8014829091515,7.7746678014018,-15.9241951312966
-0.730776247031062,-0.19202588015421,1.96828088580474,-2.080272759638,-5.86336532949196,7.81617729197846,-15.9887686764638
-0.730802398886293,-0.191784249485656,1.97133009701933,-2.05997378397214,-5.92732552646525,7.85288572733683,-16.0503902566831
-0.730710350209232,-0.191422521875143,1.97439778454163,-2.03931559810963,-5.99319878554441,7.88460511320087,-16.1090281171569
-0.730506287349738,-0.190953170385466,1.97745336145747,-2.0183470874654,-6.06076396420967,7.91120691807921,-16.1646627073104
-0.730195789247357,-0.19038798132366,1.98046675179065,-1.99711373440669,-6.12974520899363,7.93261325647545,-16.2173131307399
-0.729783773801025,-0.189737758178929,1.98340964360552,-1.97565749560035,-6.19981757890936,7.94879023169825,-16.2670589992262
-0.729274468244523,-0.18901210773528,1.98625645258738,-1.95401692639065,-6.27061604511326,7.95974384048257,-16.3140560650302
-0.728671396332611,-0.188219301246497,1.98898497620275,-1.93222742775269,-6.34174700917497,7.96551835634272,-16.3585449914025
-0.72797738289931,-0.187366210326084,1.99157673874013,-1.91032153822362,-6.41280130716081,7.96619676581598,-16.4008534626264
-0.727194580647727,-0.186458319073943,1.99401705113804,-1.88832923760144,-6.4833676420967,7.96190264903773,-16.4413924428942
-0.72632452378637,-0.185499809603326,1.99629483538173,-1.86627825965786,-6.55304548281053,7.9528028426295,-16.4806477358707
-0.725368208723142,-0.184493708757958,1.99840228691344,-1.84419442264765,-6.62145663853292,7.93911024309406,-16.5191680906171
-0.724326195060759,-0.183442072509437,2.00033446387827,-1.82210198002926,-6.68825492230148,7.92108614809301,-16.5575509984752
-0.723198712885349,-0.182346175165835,2.00208889372027,-1.80002397496725,-6.75313351909981,7.89904155609326,-16.5964271077525
-0.721985757159699,-0.181206666635726,2.00366527277322,-1.77798255874897,-6.81582985902121,7.8733368459285,-16.636443937049
-0.720687148827608,-0.180023664916368,2.00506530369501,-1.75599921373177,-6.87612795839081,7.84437926062192,-16.6782493770676
-0.719302546071648,-0.178796763312327,2.00629267325163,-1.73409481349084,-6.93385833898707,7.81261767104199,-16.7224753964771
-0.717831397990691,-0.177524951199853,2.00735312685404,-1.71228946183941,-6.98889577547604,7.77853424947417,-16.7697224333723
-0.716272845427862,-0.17620646987751,2.00825455666072,-1.69060207997697,-7.04115525633756,7.74263298142439,-16.8205451320464
-0.714625587147026,-0.174838645866295,2.00900699785463,-1.66904975363728,-7.09058666497384,7.70542538476506,-16.8754402922002
-0.712887740512237,-0.173417756954366,2.00962243124314,-1.64764690051637,-7.13716877406088,7.66741432467329,-16.934838012976
-0.71105673084309,-0.171938986589704,2.0101143216465,-1.62640435913783,-7.18090316971952,7.6290772844768,-16.999096918158
-0.709129240709435,-0.170396508643468,2.0104968736713,-1.60532852052867,-7.22180866093586,7.59085072276275,-17.0685039793082
-0.707101240154266,-0.168783720599516,2.01078404417293,-1.58442061635039,-7.25991658266047,7.55311709722189,-17.1432788469389
-0.704968104433991,-0.167093616381014,2.01098839558779,-1.56367624404601,-7.29526719577687,7.51619574316673,-17.2235818895188
-0.702724812074156,-0.165319268937719,2.01111989231984,-1.54308516314869,-7.32790717449385,7.48033815470524,-17.3095245030755
-0.700366207120355,-0.163454383542806,2.01118472976573,-1.52263135347692,-7.35788800710414,7.44572750615365,-17.401179831585
-0.697887307542927,-0.161493886814129,2.01118424995148,-1.50229329924148,-7.38526505761134,7.41248165456064,-17.4985918776118
-0.695283646256529,-0.159434530269128,2.01111395409466,-1.4820444594579,-7.41009705165424,7.38065850258676,-17.6017810337677
-0.69255163942277,-0.157275504178354,2.01096258717854,-1.46185390271829,-7.43244584075144,7.35026250369691,-17.7107442311821
-0.689688984728624,-0.155019070052612,2.01071125663265,-1.44168711560189,-7.45237642881664,7.32125121262046,-17.8254481136797
-0.686695095789317,-0.152671220900338,2.01033256653567,-1.42150702746282,-7.46995737567017,7.29354104449449,-17.9458139430745
-0.683571572975896,-0.150242360405289,2.00978980738318,-1.4012753154767,-7.48526178689066,7.26701173569836,-18.0716935197536
-0.680322690962659,-0.147747949381486,2.009036341986,-1.38095404348465,-7.49836911777651,7.24150935825329,-18.202836633706
-0.676955845867509,-0.145208998804641,2.00801546102533,-1.36050762281993,-7.50936791189161,7.21684811469416,-18.3388528898816
-0.673481853237238,-0.142652205255946,2.0066611098397,-1.33990494410315,-7.51835931077457,7.19281151609752,-18.4791743715666
-0.669914939961904,-0.140109464005563,2.00489992991507,-1.31912132690276,-7.5254607031339,7.16915385852924,-18.6230298231313
-0.666272265430665,-0.137616522575221,2.00265490013431,-1.29813974540415,-7.53080834875449,7.14560301750024,-18.7694436211665
-0.662572883542675,-0.135210716598712,1.99985043163181,-1.27695076171453,-7.53455752081405,7.1218652935652,-18.9172703375539
-0.658836228282377,-0.132928049827998,1.99641816205606,-1.25555087467459,-7.53687904474432,7.09763230949864,-19.065266015174
-0.655080407180819,-0.130800200618271,1.99230222635453,-1.23393954085538,-7.53795219124111,7.07258903996817,-19.2121830654487
-0.651320696721484,-0.128852146692749,1.98746280657112,-1.21211566489201,-7.53795525327932,7.04642147554753,-19.3568649194673
-0.647568567360608,-0.127100894657155,1.9818773443864,-1.19007453721693,-7.53705598214966,7.01882258921275,-19.4983166833536
-0.643831361862696,-0.125555400378422,1.97553959523148,-1.16780591366471,-7.53540387254786,6.9894960881702,-19.6357389559849
-0.640112537697549,-0.124217412711089,1.96845725639354,-1.14529341281923,-7.53312531457725,6.95815838498573,-19.768526107847
-0.636412267579001,-0.123082824476696,1.96064901204415,-1.12251497950393,-7.5303215532341,6.92453983417667,-19.8962398369395
-0.632728188055733,-0.12214316159811,1.95214162006929,-1.09944398859031,-7.52706873083581,6.88838641714111,-20.0185711711947
-0.629056147375024,-0.121386980219523,1.94296735020774,-1.07605060384018,-7.52341913000623,6.84946285542025,-20.1353014934285
-0.62539087705152,-0.120801077847457,1.93316183324446,-1.05230314240614,-7.51940290665324,6.80755777880018,-20.246269012961
-0.621726566698475,-0.120371514442765,1.92276224801799,-1.02816933183552,-7.51502988959443,6.76249118033526,-20.3513435748191
-0.6180573517136,-0.120084479675819,1.91180573944105,-1.0036174410811,-7.51029129103553,6.71412397961684,-20.450410446551
-0.614377732845752,-0.119927046575258,1.90032798964764,-0.978617314919138,-7.50516136600251,6.66236907997867,-20.5433625496908
-0.6106829426578,-0.119887834617303,1.88836192306248,-0.953141351534748,-7.49959916865993,6.60720285536888,-20.6301000542101
-0.606969262755514,-0.119957579049352,1.87593659028444,-0.927165447234577,-7.49355058234342,6.54867559871,-20.7105359465264
-0.603234282545829,-0.120129577610721,1.86307632607844,-0.900669900924991,-7.48695075371131,6.48691921841399,-20.7846059024359
-0.599477079818942,-0.12039996921852,1.84980029764562,-0.873640235420976,-7.47972695105843,6.42215051771396,-20.8522805061149
-0.595698299638831,-0.120767798376062,1.83612254018525,-0.846067865778276,-7.47180171792968,6.35466882758206,-20.9135776480033
-0.591900113377878,-0.121234837001311,1.82205251733788,-0.817950539312218,-7.46309604844768,6.28484757392559,-20.9685729617793
-0.588086053885462,-0.121805168902655,1.80759615811249,-0.789292495018049,-7.45353222142905,6.21312038278122,-21.0174065426687
-0.584260741930345,-0.12248458167596,1.79275723486257,-0.760104338362989,-7.44303593578875,6.13996328993539,-21.0602849222942
-0.580429537038457,-0.123279843525733,1.77753888685077,-0.730402686008791,-7.43153749669754,6.0658752422444,-21.097478203262
-0.576598156725977,-0.124197957821766,1.76194507937631,-0.700209683259026,-7.41897197822027,5.99135919056054,-21.1293131280117
-0.572772308837431,-0.125245482382149,1.7459818203902,-0.669552517988596,-7.40527847691142,5.91690569604635,-21.156163438136
-0.568957373131879,-0.126427977671664,1.7296580200032,-0.638463042865978,-7.39039871753178,5.84298027866727,-21.1784390597435
-0.565158154276524,-0.127749617345973,1.71298595107563,-0.606977579450066,-7.37427534658302,5.77001496786832,-21.1965754649044
-0.561378713671376,-0.129212965164582,1.69598133182029,-0.575136927051608,-7.35685025203189,5.69840387094864,-21.2110241497168
-0.557622275587942,-0.130818900401413,1.67866309350077,-0.542986550152536,-7.33806319978214,5.628502158486,-21.2222447009875
-0.553891195563893,-0.132566661534591,1.66105291643058,-0.510576880239908,-7.31785100657579,5.56062768584779,-21.2306985214025
-0.55018697575251,-0.134453974075326,1.64317462000455,-0.477963645088687,-7.29614739698082,5.49506447111352,-21.2368440088691
-0.54651031192452,-0.136477230303266,1.62505348386917,-0.445208130597955,-7.27288363078977,5.43206735758586,-21.2411328451435
-0.542861158775331,-0.138631693732764,1.60671556334779,-0.41237728500401,-7.24798993929914,5.37186733663346,-21.2440070145436
-0.539238803036843,-0.140911707311372,1.58818704690659,-0.379543589993179,-7.22139777174593,5.31467714798063,-21.2458962068477
-0.535641936939735,-0.143310890436989,1.56949368903211,-0.3467846454971,-7.19304282160014,5.26069688555677,-21.2472153237537
-0.532068727467633,-0.145822315335009,1.55066033932684,-0.31418244257884,-7.16286877134811,5.21011941019229,-21.2483618794
-0.528516879465903,-0.148438658052669,1.5317105780503,-0.281822329537603,-7.13083165969831,5.16313540875024,-21.2497131471539
-0.524983692990384,-0.151152323399715,1.51266645944359,-0.249791707590174,-7.09690473381034,5.11993795093934,-21.2516229516192
-0.521466117275988,-0.153955546720301,1.49354835650895,-0.218178521337619,-7.06108359943006,5.08072639010297,-21.2544180386886
-0.517960805261845,-0.156840478460208,1.4743748940094,-0.187069632744375,-7.0233914234742,5.04570944279062,-21.2583939849447
-0.514464173495216,-0.159799259966461,1.45516295000446,-0.15654918291567,-6.98388387873084,5.0151072733357,-21.2638106411551
-0.510972472099169,-0.162824100483882,1.43592770027622,-0.126697051620004,-6.94265345462023,4.98915241266707,-21.2708871534734
-0.507481867913555,-0.165907365361667,1.41668267502615,-0.0975875192525811,-6.89983270201401,4.96808936300559,-21.2797966775364
-0.503988540555607,-0.169041683424204,1.39743979427642,-0.0692882197389332,-6.85559595011864,4.95217278817916,-21.2906609955131
-0.500488785899399,-0.172220076771795,1.37820934895929,-0.0418594466304617,-6.81015904984801,4.94166426604441,-21.3035453550523
-0.496979114718221,-0.17543610883397,1.35899990027216,-0.0153538401302258,-6.76377678152035,4.93682768211184,-21.3184539513983
-0.493456326974237,-0.17868403687957,1.33981808155046,0.0101835572395633,-6.7167377285092,4.9379234605415,-21.3353265394495
-0.489917536091495,-0.181958944856187,1.32066830449386,0.0347149302879429,-6.66935665992252,4.94520193880317,-21.354036657429
-0.486360114451026,-0.185256823620113,1.3015523931856,0.0582090984142045,-6.6219647585293,4.9588962658101,-21.3743918409703
-0.482781533016849,-0.188574560832433,1.28246919140808,0.0806408221470703,-6.57489832527866,4.97921520841646,-21.3961359970278
-0.479179075305789,-0.191909804029687,1.26341420684054,0.101990146002665,-6.52848682465582,5.00633616362235,-21.4189538092332
-0.475549418476673,-0.195260668363835,1.24437936591068,0.122241913158863,-6.48304124534769,5.04039848768714,-21.4424767058219
-0.471888090671153,-0.198625274458973,1.22535295338848,0.141385569633453,-6.43884370256666,5.08149698813963,-21.4662896022954
-0.468188832084336,-0.202001119949637,1.20631980185746,0.159415345861162,-6.39613900551775,5.12967512695934,-21.4899374013471
-0.464442906499456,-0.205384308913284,1.1872617804553,0.176330868000771,-6.35512859985866,5.18491722321573,-21.5129301500375
-0.460638430609924,-0.208768686445916,1.16815861212784,0.19213821469248,-6.31596694210359,5.24713881099962,-21.534745861941
-0.456759812110126,-0.212144953053308,1.14898902385839,0.2068513965884,-6.27876004977612,5.3161744109779,-21.5548303447253
-0.452787415576887,-0.215499868563518,1.1297322002805,0.220494186826594,-6.24356576625796,5.39176243153962,-21.5725939663866
-0.448697604923989,-0.218815699089673,1.11036945926824,0.233102154325548,-6.21039523047047,5.47352783481222,-21.5874061747361
-0.444463331211852,-0.222070106452248,1.09088599105604,0.244724631918752,-6.17921517106434,5.56096459841635,-21.598589730397
-0.440055420936321,-0.225236705873562,1.07127240426753,0.25542618808013,-6.14995094134301,5.65342165117076,-21.6054178473096
-0.435444639721787,-0.22828648611103,1.05152573233045,0.26528700466165,-6.12249060989931,5.75009723701025,-21.6071183138189
-0.430604435584819,-0.231190153441979,1.03164953274245,0.274401489734272,-6.09669078090697,5.85004656938392,-21.6028884824248
-0.425514021490194,-0.233921213667456,1.01165283049494,0.282874602964208,-6.07238492665693,5.95220529089222,-21.5919230942054
-0.420161221555213,-0.236459302286493,0.991547941114706,0.290815818992183,-6.04939468137665,6.05542680741956,-21.5734532388233
-0.414544407213829,-0.238793046250168,0.971347580292534,0.298331323327639,-6.0275437504527,6.15852689289266,-21.5467905268436
-0.40867298342831,-0.240921734040441,0.951061953884921,0.305515668125764,-6.00667308587745,6.26032693022812,-21.5113678211244
-0.402566228430279,-0.24285532938289,0.930696563187994,0.312444411372452,-5.98665519650936,6.35968947748706,-21.4667682499413
-0.396250703559692,-0.244612788592062,0.910251226515866,0.319169081303282,-5.9674052512922,6.45554529947638,-21.412737617991
-0.389756766911818,-0.246219054748359,0.889720429936388,0.325715248893237,-5.94888707551709,6.54691601307008,-21.3491800089567
-0.383114852281135,-0.247701360315301,0.86909475287224,0.332083796991184,-5.93111306599616,6.63293777510559,-21.2761402490937
-0.376352116880488,-0.24908552443725,0.848362891542536,0.338254871373007,-5.9141381846764,6.71288833866624,-21.1937787990939
-0.369489879730737,-0.250392813029757,0.827513759204886,0.344193617056227,-5.89804924973909,6.78621456890242,-21.10234460907
-0.362542043024788,-0.251637708611138,0.806538244196415,0.349856681089158,-5.88295147849747,6.85255361718592,-21.0021502985016
-0.355514476635224,-0.252826690735808,0.785430390080245,0.355198573039079,-5.86895447475866,6.91174078872863,-20.8935525779968
-0.348405197689862,-0.253957925232317,0.764187955917217,0.360177240833603,-5.85615956744096,6.96380062437503,-20.7769396339395
-0.341205114180423,-0.255021644970281,0.742812461122403,0.364758539579578,-5.84464974239224,7.00892269909753,-20.6527263347066
-0.333899117786833,-0.256000986226051,0.721308887854587,0.368919546106914,-5.83448262348438,7.04742755804213,-20.5213573856017
-0.326467378637142,-0.256873101012767,0.699685204419813,0.372650838072161,-5.82568630779205,7.07972963958689,-20.3833176869094
-0.318886776322964,-0.257610457070086,0.677951808836681,0.375957895768109,-5.81825750056715,7.10630308315863,-20.2391479523312
-0.311132462563727,-0.258182321007804,0.656120906392552,0.378861720160202,-5.81216135702535,7.12765402070538,-20.0894621230107
-0.303179567038436,-0.258556461418754,0.634205764091612,0.381398642977107,-5.80733264113715,7.14430042728546,-19.9349615387494
-0.295005019535035,-0.258701086446583,0.612219760065534,0.383619201931636,-5.80367811186875,7.15675860550165,-19.7764398334622
-0.286589379553962,-0.258586944378836,0.590175188431431,0.385585937969174,-5.801080273826,7.16553423701525,-19.614773014582
-0.277918474237993,-0.258189396499976,0.568081886894435,0.387370089920761,-5.79940263644214,7.17111571698448,-19.4508919014282
-0.268984599553083,-0.257490177914696,0.545945885879468,0.389047401026009,-5.79849636552528,7.17396806795816,-19.2857388360586
-0.259787081231676,-0.256478557747652,0.52376836473797,0.390693515934055,-5.79820778966691,7.1745267824713,-19.1202157295036
-0.250332121381993,-0.255151719723189,0.501545181953265,0.392379597582485,-5.7983858723704,7.17319198227918,-18.9551336275023
-0.240632021385796,-0.253514367246492,0.479267117054119,0.394168738962337,-5.79888869336162,7.17032385741792,-18.7911733995643
-0.230703997858684,-0.251577730179493,0.456920782329823,0.396113508252368,-5.7995882472379,7.1662402941161,-18.6288632524474
-0.220568849421194,-0.249358242924997,0.434490015991966,0.398254665784073,-5.80037332198763,7.16121710189807,-18.4685736714031
-0.210249691931987,-0.246876158122356,0.411957506482946,0.400620854869152,-5.80115065049123,7.15549066321369,-18.3105263940699
-0.199770897523114,-0.244154288898587,0.389306417957305,0.403228958042993,-5.80184479104602,7.14926243236427,-18.1548122384638
-0.189157289804708,-0.241216982271404,0.366521853208211,0.406084814148425,-5.80239726530235,7.14270458851981,-18.0014128099331
-0.178433587845115,-0.23808935096608,0.343592063517018,0.409184060762228,-5.80276542269203,7.13596623198354,-17.8502224062574
-0.167624059584022,-0.234796743292809,0.32050937181074,0.412512952782535,-5.80292138628181,7.12917968397558,-17.7010679686334
-0.156752334820571,-0.231364408363714,0.297270809937836,0.416049082828156,-5.80285132056832,7.12246660784549,-17.5537261893752
-0.145841329811071,-0.227817308387379,0.273878486872218,0.419761982832144,-5.80255517002985,7.11594375221021,-17.4079377245689
-0.134913242605698,-0.224180032848492,0.25033970959259,0.423613620938235,-5.80204694663011,7.10972808921056,-17.2634189081525
-0.123989586261081,-0.220476775398297,0.226666878994156,0.427558830378507,-5.80135557855937,7.10394095629125,-17.1198715292025
-0.113091234031977,-0.216731340132358,0.202877184363758,0.431545724923952,-5.80052624766871,7.09871047405225,-16.9769912232317
-0.102238455877285,-0.212967148062809,0.178992125076799,0.435516175287082,-5.79962201436618,7.09417096807268,-16.8344749257703
-0.0914509285575513,-0.209207215719236,0.155036900125129,0.439406447786539,-5.7987253381032,7.09045735892796,-16.6920277060217
-0.0807477007465226,-0.205474073595667,0.131039728159109,0.443148144412037,-5.79793885224002,7.08769161253751,-16.5493691824524
-0.0701470867779828,-0.20178957851019,0.107031196281967,0.44666963192265,-5.79738449212843,7.0859578005135,-16.4062396142243
-0.0596664443761648,-0.198174547288841,0.0830437833473185,0.44989819319286,-5.79719992793777,7.085263211854,-16.2624055268407
-0.0493217658661363,-0.19464810657594,0.0591117416938615,0.452763127716837,-5.79753143989657,7.08548729084099,-16.1176640073169
-0.0391270032451529,-0.191226653386383,0.0352714848257448,0.455199858843535,-5.79852317753304,7.08633002428566,-15.9718431416239
-0.0290931121135663,-0.187922435001551,0.0115624083573519,0.457154628715959,-5.80030431122096,7.08728525440193,-15.8247937729149
-0.0192269900007038,-0.184742048697647,-0.0119723747109131,0.458588603612715,-5.80297745611035,7.08767140000019,-15.6763673451156
-0.00953072824975517,-0.181685503411883,-0.0352863157710614,0.45947968981142,-5.80661250940173,7.08673426479068,-15.5263801033369
-1.63133905638978e-06,-0.178746486721168,-0.0583314715389396,0.459820922875489,-5.81124819546762,7.08379195656121,-15.3745748094205
0.0093669081736209,-0.175913894876449,-0.0810620461302337,0.459616010965521,-5.81689979536368,7.07835596855188,-15.2205974618644
0.0185841067963382,-0.173173925218818,-0.103438138520741,0.458874109093696,-5.82356885208032,7.07017610354878,-15.0639992457448
0.0276606750568777,-0.170511800221146,-0.125428309176545,0.457605847188842,-5.83125116097132,7.0592081560305,-14.904259473631
0.036608266804867,-0.167912589994748,-0.147010373907861,0.45582141686616,-5.83994171514594,7.04554159733425,-14.7408176822864
0.0454395178503046,-0.165361130608828,-0.168170660566868,0.45353044059553,-5.84963704063468,7.02932627831762,-14.5731061591556
0.0541685005549264,-0.162841314302622,-0.18890229873699,0.450743010316499,-5.8603357482115,7.01071865155327,-14.4005815511673
0.0628113892337211,-0.160335053541483,-0.20920304204063,0.447471452540572,-5.87203775559767,6.9898510205596,-14.2227598381112
0.0713871626541079,-0.157821156841533,-0.229072936530556,0.443732645696063,-5.88474217581901,6.96681938624521,-14.0392612164661
0.0799181840349293,-0.15527432200397,-0.248512035385924,0.439550855724304,-5.89844362589729,6.94168418997889,-13.8498706234418
0.0884304706107056,-0.152664491780444,-0.267518380416791,0.434960985797741,-5.91312678986808,6.91447951633564,-13.654615364682
0.096953414874842,-0.149956904184384,-0.286086606085552,0.430011828289188,-5.92875957096325,6.88522744169044,-13.4538522614182
0.105518711971923,-0.147113218453256,-0.304207676445249,0.424768407965664,-5.94528614577356,6.85395405094428,-13.2483427005046
0.114158378309475,-0.144093963520328,-0.321870242568805,0.419312057053226,-5.96262242223515,6.82070230003229,-13.0392800313595
0.122902074064183,-0.140862121876045,-0.339063679098494,0.41373696284039,-5.98065692763553,6.7855358523728,-12.8282328850941
0.13177435987519,-0.137387034175055,-0.355782032893991,0.408143014662189,-5.99925887016283,6.74852959218903,-12.6169935884426
0.140792721405297,-0.133647415801802,-0.372027397467772,0.402626539362657,-6.01829196517397,6.709747602085,-12.4073673842814
0.149966934630391,-0.129632542590523,-0.387811312457653,0.397271712614013,-6.03762958197853,6.66921518854711,-12.2009732715802
0.159299754281594,-0.125341485471737,-0.403153764385372,0.392145014358231,-6.05716633958933,6.62689351222033,-11.99912025867
0.168788419840471,-0.120781041578025,-0.418080480680883,0.387293433185968,-6.07682366889483,6.58266231388969,-11.8027807741966
0.178426364590197,-0.115963251354987,-0.432619692541255,0.382745561641556,-6.09654988634552,6.5363114181033,-11.6126414763904
0.188204698455016,-0.110903166405265,-0.44679932814814,0.378514119479505,-6.11631700569069,6.48753889454462,-11.4291949270214
0.198113278847723,-0.105617177007684,-0.460645117298604,0.374598659606875,-6.13611660018024,6.43595400944581,-11.2528408265797
0.208141339160127,-0.100121961272965,-0.474179718444162,0.370987708885274,-6.15595632209032,6.38108542558923,-11.0839782586978
0.218277694966614,-0.0944340290173841,-0.487422832146471,0.367659999620281,-6.17585792168984,6.32239831149407,-10.9230802561403
0.228510539699644,-0.0885698477780812,-0.500392282286367,0.364584668739975,-6.19585705481866,6.25932723221821,-10.7707458811752
0.238826834678982,-0.0825465741255549,-0.513106114322757,0.361720425136653,-6.21600477226403,6.1913336983531,-10.627724064293
0.24921135555483,-0.0763833809262581,-0.525585744845843,0.359013867410105,-6.23637017549262,6.11799547007257,-10.4949006446102
0.25964563170653,-0.0701031800404834,-0.537859947898389,0.356397527006959,-6.25704317174706,6.03912517351244,-10.3732397540035
0.270107293156758,-0.0637341630678387,-0.549968889045533,0.353788826396272,-6.27813563046555,5.9548961725856,-10.2636780970964
0.28057054264283,-0.057310198472531,-0.561966698264556,0.351091629309263,-6.29977893603701,5.86593046312934,-10.1669883716153
0.291008266023119,-0.0508691706131572,-0.573920829898916,0.348201701695347,-6.32211658042172,5.77329649888698,-10.0836495862005
0.301395521216965,-0.0444491744055832,-0.585907386011152,0.345015769856111,-6.34529224978416,5.6783943117411,-10.0137706065145
0.311713238914941,-0.0380837224869155,-0.598003478989835,0.341441776179748,-6.36943590428096,5.58276173956132,-9.95709533258314
0.321950727257642,-0.031797758288314,-0.610279194786233,0.337407127423199,-6.39465107087937,5.48787575851476,-9.91308153056166
0.332106246816418,-0.0256057297623194,-0.622791585893735,0.332862940885302,-6.42100543864707,5.39501406704198,-9.88101648109507
0.342185886170186,-0.0195118320540002,-0.635581716198385,0.327784352674792,-6.44852498274704,5.30519897470884,-9.86012874079898
0.352201500884046,-0.0135117111839691,-0.64867438517557,0.322168270420175,-6.47719066676352,5.2192070047982,-9.84967087436363
0.362168447481402,-0.00759477244395785,-0.662079554978921,0.316030077267535,-6.50693669736588,5.13761342211123,-9.84896671514599
0.372103546277953,-0.00174649721168085,-0.675794587709818,0.309400252086648,-6.53764987930975,5.06084559664752,-9.85742834641285
0.38202342823541,0.00404950907181546,-0.68980674140048,0.302321274382764,-6.56917027709842,4.98922976223794,-9.87455180655594
0.391943265713379,0.00980980576089148,-0.704095674219376,0.294844807698355,-6.60129381978025,4.92302456133196,-9.89989993890803
0.40187583848724,0.0155497248056821,-0.718635873099193,0.287029017118779,-6.63377758655347,4.86244003905052,-9.93307894951281
0.411830894941156,0.0212822723460176,-0.733398971944923,0.278935898880803,-6.6663482752881,4.80764345922562,-9.97371362333896
0.421814792433234,0.0270173231862564,-0.748355904236005,0.270628604148566,-6.69871382783013,4.75875479888365,-10.0214250710397
0.431830415207474,0.0327611292327459,-0.76347879321779,0.262168860924775,-6.73057748110741,4.71583580370178,-10.0758140378534
0.441877362176519,0.0385161636352448,-0.778742458450759,0.253614686176598,-6.76165283390572,4.67887716298986,-10.1364518034257
0.451952372252616,0.0442812970948226,-0.794125433564081,0.245018598455094,-6.79167810985349,4.64778838908637,-10.2028793439897
0.462049923250288,0.0500522607048291,-0.809610448876498,0.236426480175295,-6.82042783862956,4.6223940577991,-10.2746138696739
0.47216291709245,0.0558223087532803,-0.82518441481286,0.227877122221154,-6.84772068243545,4.60243823935079,-10.3511605094653
0.482283360233722,0.061582972594175,-0.840838016880475,0.219402358992622,-6.87342292573147,4.58759674386027,-10.4320262227064
0.492402965196072,0.0673248009140765,-0.856565074370541,0.211027615965301,-6.89744794499344,4.57749496316828,-10.5167331398742
0.502513629036174,0.0730380080536358,-0.872361814222564,0.202772667333362,-6.91975254461994,4.57172816496862,-10.604829305479
0.512607776008097,0.0787129882453167,-0.888226178043903,0.194652431715008,-6.94033128488211,4.56988118940183,-10.6958958319593
0.522678575751121,0.0843406871712506,-0.904157232683208,0.186677693927166,-6.9592098772126,4.57154531084387,-10.7895504066277
0.532720061502442,0.0899128455922991,-0.920154710083279,0.178855703461732,-6.9764384959716,4.57633109914157,-10.8854477153643
0.542727176238512,0.095422141367853,-0.936218670022804,0.171190648106625,-6.99208557283241,4.58387706816675,-10.9832776268789
0.55269577165822,0.100862258345036,-0.952349261811759,0.163684028602421,-7.00623238168781,4.59385454758783,-11.0827620016543
0.562622579009586,0.106227907055214,-0.968546555349077,0.156334969969607,-7.01896852600142,4.6059695373689,-11.1836508631834
0.572505164422048,0.111514816193874,-0.984810413951641,0.149140503141738,-7.03038831219743,4.61996237842884,-11.2857184891354
0.582341875995393,0.116719707657109,-1.00114038722681,0.142095842581689,-7.04058792093903,4.63560599590743,-11.3887598034765
0.59213178591231,0.121840262595123,-1.01753560934422,0.135194675784012,-7.04966325705443,4.65270332674938,-11.4925873022315
0.601874628296077,0.126875081931971,-1.03399469483912,0.12842947134002,-7.05770835378573,4.67108438562579,-11.5970286301889
0.611570732222283,0.131823642108862,-1.0505156298001,0.121791804630559,-7.0648142167559,4.69060328161307,-11.7019248387586
0.621220948943516,0.136686245282664,-1.06709566065601,0.115272694539187,-7.07106800987209,4.71113538374248,-11.807129289559
0.630826572727471,0.141463962643034,-1.08373118570042,0.108862940838746,-7.07655250437756,4.7325747475799,-11.9125071188347
0.640389255481417,0.146158569678592,-1.10041765600559,0.102553449990174,-7.08134573043484,4.75483185385806,-12.0179351418243
0.649910916297197,0.150772472898295,-1.11714949259307,0.0963355368566626,-7.08552078628207,4.77783166898851,-12.1233020533066
0.659393647975588,0.155308628466856,-1.13392002583561,0.0902011910926846,-7.08914577232776,4.80151201140577,-12.2285087713975
0.668839623291812,0.159770454216862,-1.15072146134865,0.0841432994351706,-7.09228382634379,4.82582219329684,-12.3334687766361
0.678251004116016,0.164161737353308,-1.16754487444177,0.0781558184177248,-7.09499324144705,4.8507219012934,-12.4381083165604
0.687629856449761,0.168486540716774,-1.18438023292443,0.0722338956738747,-7.09732765142328,4.87618027971167,-12.5423663746491
0.696978074004561,0.172749110636491,-1.20121644604736,0.0663739414956575,-7.09933626892319,4.90217518390894,-12.6461943375185
0.706297312220302,0.176953789177754,-1.21804143587913,0.0605736552260796,-7.10106416197863,4.92869257761683,-12.7495553306752
0.71558893372574,0.181104933029341,-1.23484222660859,0.0548320130777929,-7.10255255387483,4.95572605534979,-12.8524232262852
0.724853965317509,0.185206840490344,-1.25160504714884,0.0491492249348666,-7.10383913122738,4.98327647814499,-12.9547813527718
0.734093065690697,0.189263687121137,-1.26831544290147,0.0435266676373553,-7.10495834547296,5.01135171727513,-13.0566209536855
0.743306502471586,0.193279469729796,-1.2849583934658,0.0379668013214976,-7.10594169401643,5.03996650581207,-13.1579394519759
0.752494136613918,0.197257957553817,-1.30151843425933,0.0324730738311717,-7.10681796895667,5.06914240187635,-13.2587385766734
0.761655411916209,0.201202648813164,-1.31797978127847,0.027049816296909,-7.10761346352751,5.09890787010721,-13.3590224041167
0.77078934726401,0.205116730267099,-1.33432645942975,0.0217021309509601,-7.10835212901067,5.12929848938837,-13.4587953576309
0.779894529144379,0.209003036991688,-1.35054243590003,0.0164357703320056,-7.10905567779215,5.16035729515574,-13.5580602003582
0.788969101964334,0.212864009282269,-1.3666117608469,0.0112570054082031,-7.10974363136607,5.19213526351055,-13.6568160478735
0.798010753677317,0.216701643348672,-1.38251871823933,0.006172478959805,-7.11043331537717,5.22469194141785,-13.7550564220286
0.807016694142162,0.220517432294004,-1.39824798994396,0.00118903993501177,-7.11113980715663,5.2580962216879,-13.8527673666061
0.815983623481781,0.224312293753111,-1.41378483610775,-0.00368644545039922,-7.11187584448823,5.29242725200219,-13.9499256500571
0.824907687470437,0.228086480547294,-1.4291152944966,-0.00844730922540594,-7.11265170724876,5.32777545227402,-14.0464970919658
0.833784416682546,0.231839470860557,-1.44422640064332,-0.0130873252983767,-7.11347508561334,5.36424359200812,-14.1424350690233
0.84260864584648,0.235569834886115,-1.45910642933733,-0.0176009797373866,-7.11435094900321,5.40194784665497,-14.2376792841906
0.851374409682171,0.239275075822012,-1.47374515600704,-0.021983761916464,-7.11528142800649,5.44101870701871,-14.3321549200805
0.860074811656441,0.242951444779269,-1.48813413372269,-0.0262324649943628,-7.1162657162174,5.4816015573559,-14.425772344274
0.868701862862666,0.246593731946667,-1.50226697769276,-0.0303454769760589,-7.117299989673,5.52385666709956,-14.5184275884922
0.877246290033927,0.250195040615787,-1.51613964409707,-0.0343230351666573,-7.11837732836887,5.56795826380166,-14.6100038803597
0.885697315045158,0.253746556743926,-1.52975068391457,-0.0381674078476482,-7.11948760848378,5.61409228333646,-14.7003745561611
0.894042413686416,0.257237334733456,-1.54310144542547,-0.0418829588485401,-7.12061731841694,5.66245234868073,-14.7894077090283
0.902267069369496,0.260654129646825,-1.5561961922206,-0.045476045575904,-7.12174924133455,5.71323353989167,-14.8769729056349
0.910354547661213,0.263981315934893,-1.56904209850281,-0.0489547020419861,-7.12286194764298,5.76662361760961,-14.9629502068458
0.918285729155092,0.267200940636117,-1.58164908260258,-0.0523280688814585,-7.1239290582816,5.82279157461513,-15.047241527236
0.926039049083886,0.270292961655879,-1.59402944560641,-0.0556055548185901,-7.1249182767392,5.88187371383498,-15.1297840533603
0.933590599083535,0.273235715725506,-1.60619729676345,-0.05879574866533,-7.12579024174572,5.94395784612942,-15.2105650297499
0.940914446210141,0.276006643785973,-1.61816777087606,-0.0619051439471523,-7.12649731506918,6.00906658691108,-15.2896367727959
0.947983214294066,0.278583274453143,-1.62995607235125,-0.0649367820487974,-7.12698247732786,6.07714101432936,-15.367130375775
0.954768952828509,0.280944432836424,-1.64157641077502,-0.0678889551166175,-7.12717854812278,6.14802608031849,-15.4432663169753
0.961244290858465,0.283071608086298,-1.65304091817094,-0.0707541298710639,-7.12700797028667,6.22145917589558,-15.5183601381285
0.967383840162689,0.284950383109676,-1.66435865504684,-0.0735182561120107,-7.126383402865,6.29706327213391,-15.5928215312543
0.973165773651231,0.286571804447021,-1.67553482037251,-0.0761606109877851,-7.12520935268508,6.37434622833581,-15.667145537314
0.978573458914402,0.287933546931923,-1.68657027964854,-0.0786543017126071,-7.12338502461397,6.45270818180075,-15.741895123623
0.98359697245943,0.28904070696723,-1.6974615108711,-0.0809674962039369,-7.12080845103199,6.53145913413949,-15.817675241349
0.988234266860165,0.289906051177812,-1.70820102962542,-0.0830653562803253,-7.1173817340567,6.60984837103804,-15.8950996772486
0.992491737529632,0.29054957730757,-1.71877828028354,-0.0849125025195177,-7.11301690176824,6.6871056150948,-15.9747536042652
0.996383976375874,0.290997335181723,-1.72918087314509,-0.0864756670055904,-7.10764153074318,6.76249072239578,-16.0571564028487
0.999932631428016,0.291279606592977,-1.73939593836237,-0.0877260585927949,-7.10120309755225,6.83534516765983,-16.14273040382
1.00316449465609,0.291428710049685,-1.74941131057138,-0.0886409630284062,-7.0936711668307,6.9051362696793,-16.2317809152681
1.00610914046757,0.29147680440292,-1.75921629749528,-0.0892042715408634,-7.08503703358212,6.97148574307155,-16.3244908799359
1.00879654271139,0.291454055011348,-1.76880191704329,-0.0894059247917391,-7.07531112187961,7.03417797834658,-16.4209302592902
1.01125506007086,0.291387398891393,-1.77816065143815,-0.0892405450518462,-7.06451898496494,7.09314885269166,-16.5210769795345
1.01351002687857,0.29129996457775,-1.7872858883525,-0.0887056852866344,-7.05269692189131,7.14846040774724,-16.6248442534087
1.01558299881253,0.291211047910693,-1.79617125614812,-0.0878001103999342,-7.03988801873754,7.20026870869949,-16.732108854858
1.01749155644485,0.29113646400166,-1.80481002248588,-0.0865223938010408,-7.02613902049986,7.24879153031343,-16.8427361310965
1.01924949773541,0.291089088579613,-1.81319465258293,-0.0848699481682026,-7.01149806038545,7.29428029573723,-16.956599364312
1.0208672449034,0.291079440403737,-1.82131655377769,-0.0828384787843334,-6.99601304584735,7.33699822944365,-17.0735927816093
1.02235232386126,0.291116208895518,-1.82916598689733,-0.0804217756146017,-6.97973044148536,7.37720480918672,-17.1936386542709
1.02370981917991,0.291206677258799,-1.83673210447401,-0.0776117394492693,-6.96269424402116,7.41514555003624,-17.3166894724484
1.02494274834714,0.291357023447366,-1.84400307424496,-0.074398548879393,-6.94494504460697,7.45104578324215,-17.4427262678604
1.02605232976198,0.291572499743418,-1.85096625521556,-0.0707709009388788,-6.92651916728035,7.48510713854887,-17.5717539702332
1.02703813939102,0.291857499942195,-1.85760840663063,-0.0667162875731238,-6.90744793480403,7.5175056696958,-17.7037943784146
1.02789816381052,0.292215525087988,-1.86391592396059,-0.0622212971368264,-6.8877571411077,7.54839083391381,-17.8388770124141
1.02862876559315,0.292649057660589,-1.86987510882456,-0.0572719528051845,-6.8674668109251,7.57788477976118,-17.9770278612083
1.02922458355895,0.293159352740573,-1.87547249077979,-0.0518541172003678,-6.84659131200094,7.60608159743124,-18.1182559116035
1.02967839760143,0.293746155323773,-1.88069522702195,-0.0459540032635296,-6.82513985988259,7.63304635203294,-18.2625373967414
1.0299809970093,0.294407357782149,-1.8855316091668,-0.0395588324303798,-6.80311742048663,7.65881387233896,-18.4097980079852
1.03012110230804,0.295138622263014,-1.88997170085926,-0.0326576676447949,-6.78052596722607,7.68338741998571,-18.5598939320672
1.03008540110833,0.295933010102923,-1.89400811132335,-0.0252424151626663,-6.75736598283302,7.70673751631337,-18.7125935100736
1.02985876255507,0.296780681762585,-1.89763687431458,-0.0173089328507811,-6.73363801343958,7.72880132879855,-18.867562425685
1.02942468430164,0.297668749383359,-1.90085835041749,-0.0088581102123383,-6.70934400247407,7.74948305877792,-19.0243562423107
1.02876599260869,0.298581367985524,-1.90367801459783,0.000103281703540299,-6.68448809377716,7.76865565441352,-19.182424213892
1.02786575937749,0.299500127747019,-1.90610695413936,0.00956219780288906,-6.65907664686983,7.78616385616958,-19.3411269717238
1.02670833265574,0.300404753705152,-1.90816191369747,0.0194995591610349,-6.63311738163462,7.80182811914437,-19.4997677761548
1.02528032601388,0.30127404264678,-1.90986480040422,0.0298911640160386,-6.60661783477292,7.81544852281569,-19.6576332584896
1.02357140499029,0.302086899099237,-1.91124168702805,0.0407091259461839,-6.57958356792133,7.82680760772132,-19.8140365286713
1.02157475523235,0.302823304909022,-1.91232147692359,0.0519235467350123,-6.55201669809856,7.8356713172291,-19.9683547262692
1.01928719865325,0.303465083104697,-1.91313446646915,0.0635040827234282,-6.5239152641164,7.8417878196854,-20.1200549842831
1.01670900503526,0.303996382095542,-1.91371103265269,0.0754211287642824,-6.4952737361933,7.84488472675144,-20.2687063649514
1.01384349658725,0.304403879720486,-1.91408060054905,0.087646480377606,-6.46608472357833,7.84466588245157,-20.4139789293836
1.0106965525789,0.304676761200258,-1.91427094733895,0.100153478945341,-6.43634172978586,7.84080936945773,-20.5556334390067
1.00727610044466,0.304806550281745,-1.91430781292785,0.11291675215791,-6.40604268123308,7.8329686834768,-20.6935059322708
1.00359164639737,0.304786873711895,-1.91421472981377,0.125911720630643,-6.37519389148876,7.82077920554615,-20.8274910053928
0.999653867263818,0.30461322686119,-1.91401295674816,0.139114062105968,-6.34381407849014,7.80387210232477,-20.9575267171141
0.995474263547245,0.304282792203735,-1.91372139496646,0.152499321162862,-6.31193799905383,7.78189738857266,-21.083583142816
0.991064863268373,0.303794346187081,-1.91335637815555,0.166042829500766,-6.27961921146437,7.75455673670016,-21.2056559379904
0.986437965076501,0.303148271936279,-1.91293126078746,0.179720051092172,-6.24693146832996,7.72164438832251,-21.3237657908133
0.981605913836735,0.30234667051876,-1.91245579121043,0.193507372942537,-6.21396834533626,7.68309126838399,-21.4379641425855
0.976580908019452,0.301393529643705,-1.91193534753137,0.207383221852541,-6.18084097483406,7.6390039943639,-21.5483447916135
0.97137484198316,0.300294871672421,-1.91137021828544,0.221329228893337,-6.1476741472166,7.58968870587213,-21.6550598543466
0.965999186538211,0.299058780167305,-1.91075518337715,0.235331055441193,-6.11460142775524,7.53565147247326,-21.7583372068732
0.96046491050379,0.297695217929351,-1.9100796411971,0.24937852005966,-6.0817601100879,7.4775729732226,-21.8584954627817
0.954782448014215,0.29621560866924,-1.90932840978684,0.263464858744888,-6.04928666516688,7.41626299059103,-21.9559523584492
0.948961721267891,0.294632240660606,-1.90848313638412,0.27758525024709,-6.01731292350081,7.35260598706342,-22.0512234109743
0.943012231138169,0.292957623875282,-1.90752406187035,0.291735007193207,-5.98596279986736,7.28750960201608,-22.1449096138383
0.936943222353574,0.291203956549615,-1.90643178358678,0.305907949067236,-5.95534917668697,7.2218636010912,-22.2376750626914
0.930763914401767,0.289382824443132,-1.90518867183672,0.320095399423217,-5.92557067616678,7.15651073068674,-22.3302171424455
0.924483769034983,0.287505185248032,-1.90377969898488,0.334286041986519,-5.89670836245475,7.09222644770156,-22.4232330135533
0.918112748710286,0.285581611411575,-1.90219258814027,0.34846662081813,-5.86882274091897,7.0297031950994,-22.5173866468798
0.91166151486228,0.283622701977991,-1.90041733735846,0.362623258646104,-5.84195160995788,6.96953632027551,-22.6132806089896
0.905141523824976,0.281639542488607,-1.8984452934079,0.376743044926442,-5.81610929420532,6.91221131800888,-22.711436109975
0.898564999293621,0.27964409582009,-1.89626801416877,0.390815531202226,-5.79128755478676,6.85809420422985,-22.8122834409254
0.891944786428213,0.277649440735463,-1.89387615928764,0.404833855697545,-5.76745812061595,6.8074275136075,-22.9161630472519
0.885294115072356,0.275669825043307,-1.89125859064972,0.418795362661564,-5.74457645013177,6.76033358281308,-23.0233355957386
0.878626311234378,0.273720548840794,-1.88840177217767,0.432701729581925,-5.72258613635087,6.71682508300572,-23.1339980520187
0.871954495076341,0.271817725814162,-1.88528946614082,0.446558719269203,-5.70142335907346,6.67682110622083,-23.2483023075425
0.865291293156065,0.269977981075947,-1.88190265796208,0.460375712849682,-5.68102093219593,6.64016615123269,-23.3663732165002
0.858648577847301,0.268218135500773,-1.87821961457568,0.4741651616597,-5.66131170912097,6.60664926807767,-23.488323677502
0.852037232419285,0.266554906729022,-1.87421598840527,0.487942044858083,-5.64223131556602,6.57602117807951,-23.6142652155074
0.845466928778053,0.265004633593297,-1.86986490823894,0.501723359520033,-5.62372033052343,6.54800800891512,-23.7443130949794
0.838945896945463,0.26358300843858,-1.86513703867528,0.515527616337208,-5.60572612221932,6.5223210585681,-23.8785852068953
0.832480660593978,0.262304782326575,-1.86000063537159,0.529374272407811,-5.5882045765067,6.49866256956153,-24.0171938490885
0.82607571127343,0.261183391605984,-1.85442167284252,0.543283003426272,-5.57112194234011,6.47672783864823,-24.1602292019821
0.819733096723415,0.26023044186757,-1.84836417532449,0.557272702625003,-5.55445696404864,6.45620417767175,-24.3077330481455
0.813451909686099,0.259454981751722,-1.84179093504701,0.571360102413622,-5.53820335691412,6.43676738679377,-24.4596615286702
0.807227689601485,0.258862516032802,-1.83466483859876,0.585557968326153,-5.52237248005289,6.41807661102236,-24.6158371463135
0.801051798327196,0.258453764109308,-1.82695100027126,0.599872945429275,-5.50699574291687,6.39976879475231,-24.7758936399608
0.794910904820543,0.258223286416485,-1.81861975679502,0.614303367472629,-5.49212587934256,6.38145438718083,-24.9392232023594
0.788786795348015,0.258158274733296,-1.80965025422048,0.628837634226302,-5.47783590160035,6.36271624248099,-25.1049425912221
0.782656764618605,0.258237969930016,-1.80003389155156,0.643453970818053,-5.46421464189374,6.34311334722422,-25.2718987561443
0.776494766007109,0.258434194397209,-1.7897765043521,0.658122248616275,-5.45135863888567,6.32218969246105,-25.4387291507661
0.770273271507311,0.258713231148555,-1.77889824522696,0.672807906940748,-5.43936164375271,6.2994865167655,-25.6039736135547
0.763965498319936,0.259038784166505,-1.76743084101778,0.687477092211883,-5.42830438271249,6.27455445263563,-25.7662107923402
0.757547485140387,0.259375297267625,-1.75541295206508,0.702101530505081,-5.4182473469959,6.24696218497744,-25.9241787942138
0.750999577269064,0.259690809716842,-1.7428850370093,0.716661834642155,-5.40922804743974,6.21630024584866,-26.0768478246867
0.744307144400851,0.259958828099019,-1.72988502673344,0.731148749264052,-5.40126232713093,6.18218117251314,-26.2234355781977
0.737460622128199,0.260159140479743,-1.71644545636377,0.745562651852448,-5.39434817247403,6.14423889898809,-26.3633774730356
0.730455103510539,0.26027781338221,-1.70259202002395,0.759912014926378,-5.38847040029282,6.10213046236538,-26.4962729042388
0.723289704622862,0.260306703546774,-1.68834313325482,0.774211484559176,-5.38360522288063,6.05554238128016,-26.621826571471
0.715966854530275,0.260242752143587,-1.67371002952583,0.788479969267516,-5.37972443084373,6.00420303523632,-26.7397971698145
0.708491578728138,0.260087211151003,-1.6586970439849,0.802738865870647,-5.37679945437622,5.94790130953397,-26.849959484694
0.700870786763793,0.259844845607481,-1.64330192194434,0.817010369557934,-5.37480578497672,5.88651062206561,-26.9520820360325
0.693112546503845,0.259523086875268,-1.62751616126384,0.831315742388087,-5.37372818515561,5.82001610240083,-27.0459204879786
0.685225326941837,0.259131086663405,-1.6113255236709,0.845673440118378,-5.37356682391105,5.74854120294195,-27.1312259597095
0.677217214119234,0.258678639702808,-1.59471090570133,0.860097107862781,-5.37434400901249,5.67236873177132,-27.2077661444258
0.669095143659137,0.258175000641057,-1.57764972138259,0.874593621641439,-5.37611066516335,5.5919508211543,-27.2753553131233
0.660864235291148,0.257627701919345,-1.56011780926768,0.889161514665493,-5.37895133718933,5.50790333019115,-27.3338871529282
0.65252733933662,0.25704155062912,-1.54209167351513,0.90379019578075,-5.3829865098694,5.42098287569457,-27.3833629851506
0.644084892701788,0.256418001515927,-1.52355069090401,0.918460269406638,-5.38837153580655,5.3320485573898,-27.42390842435
0.635535127043316,0.255755044846885,-1.50447886312274,0.933145005054494,-5.3952922980326,5.24201418146256,-27.4557744442624
0.62687459219412,0.255047626713671,-1.48486580912067,0.947812684552034,-5.40395853053997,5.15179889602431,-27.4793232252489
0.618098887388987,0.254288488258059,-1.46470692200345,0.962429326699855,-5.4145961058445,5.06228381803164,-27.4950032049444
0.609203460235129,0.253469226803445,-1.44400284317362,0.976961249136231,-5.42743944628518,4.9742797968704,-27.5033197906987
0.600184345735971,0.252581372196376,-1.42275853541275,0.991377062447308,-5.44272469145222,4.88850813710917,-27.5048077893097
0.591038760124488,0.25161732157209,-1.40098224069017,1.0056489076061,-5.46068366096822,4.80559319278134,-27.5000095582532
0.581765513762434,0.250571049524005,-1.37868452675434,1.01975294333233,-5.48153823184452,4.72606399865807,-27.4894604224629
0.572365246528348,0.249438576181138,-1.35587751939859,1.03366920973392,-5.50549459446002,4.650361585544,-27.4736809550708
0.562840511394512,0.248218217300463,-1.33257432966352,1.04738103541569,-5.53273693075167,4.57884897369323,-27.4531746250143
0.553195739094037,0.246910657586321,-1.30878863535021,1.0608741430044,-5.56342029101199,4.51182159470887,-27.4284289637562
0.543437114214381,0.245518888186875,-1.28453436222525,1.07413557325214,-5.59766274872874,4.44951671348972,-27.3999185198007
0.533572385978881,0.244048040132645,-1.25982542132788,1.0871525126256,-5.6355372168959,4.39212112559546,-27.3681081939124
0.523610629179543,0.242505134047394,-1.23467548253572,1.0999110847013,-5.67706355562545,4.33977693272668,-27.3334559132217
0.513561964491096,0.240898757097339,-1.20909779048839,1.11239515447949,-5.72220173965106,4.2925855547776,-27.2964139329558
0.503437243940893,0.239238673240488,-1.18310504914989,1.12458519464107,-5.77084685150662,4.25061034616273,-27.2574283350482
0.493247707091441,0.237535373304072,-1.15670941048939,1.13645726924396,-5.82282651832101,4.21387827202101,-27.216936535858
0.483004616318648,0.235799576884634,-1.12992259880917,1.14798219829453,-5.87790115412999,4.18238108991576,-27.1753628366824
0.47271888459165,0.234041706979769,-1.10275618626121,1.15912497150314,-5.93576707617794,4.15607640220507,-27.1331122567083
0.462400714953734,0.232271368133752,-1.07522201114475,1.1698444779294,-5.99606231241998,4.13488882812413,-27.0905630718986
0.452059275718602,0.230496866790483,-1.04733270461679,1.1800936079832,-6.05837476273379,4.11871143064172,-27.0480586309531
0.44170243753797,0.22872481580293,-1.01910226978193,1.18981976432499,-6.1222523234428,4.10740745179476,-27.0058991171948
0.431336596723047,0.226959861803885,-0.990546644969257,1.19896578871463,-6.18721459025438,4.1008123741632,-26.9643339644548
0.42096660302917,0.225204563846937,-0.961684183447728,1.20747127456563,-6.25276575271033,4.09873632687874,-26.9235556121011
0.410595799997659,0.223459435356947,-0.932535995258308,1.21527419409737,-6.31840823315874,4.10096686837272,-26.8836951975358
0.400226173327256,0.221723141492743,-0.90312612068874,1.22231273150892,-6.3836564993245,4.10727217886379,-26.8448206333769
0.389858589854671,0.219992824211568,-0.873481533947252,1.22852718808173,-6.44805033630069,4.11740466771169,-26.8069373062815
0.379493099127938,0.218264511708033,-0.843632002974122,1.23386181895592,-6.51116677456202,4.13110494565765,-26.7699913823662
0.369129263456462,0.216533560786065,-0.813609850548561,1.2382664774913,-6.57262990058699,4.14810604586822,-26.7338754431343
0.358766481844322,0.214795081560672,-0.783449668839674,1.24169797821604,-6.63211794996279,4.16813772255813,-26.698435948569
0.348404278043943,0.21304430278481,-0.753188034053793,1.2441211343609,-6.68936737069609,4.19093062904623,-26.6634818709858
0.338042531517541,0.211276850221016,-0.72286325320929,1.24550946949674,-6.74417387906726,4.21622018449468,-26.628793788698
0.32768164012367,0.209488926145482,-0.692515156714303,1.24584563518867,-6.79639083428963,4.24374997501828,-26.5941327733141
0.317322612724159,0.207677391988926,-0.66218493362196,1.24512158284389,-6.8459254728116,4.273274588203,-26.5592485277961
0.306967097172423,0.205839766214059,-0.631914994748341,1.2433385383594,-6.89273364345614,4.30456183722174,-26.5238864011308
0.29661735370299,0.203974155167587,-0.601748843501284,1.24050681706508,-6.93681367852581,4.33739438183058,-26.4877930852481
0.286276185734989,0.202079136319818,-0.571730934581228,1.23664549988424,-6.97819995230623,4.37157079351788,-26.4507209633274
0.275946840108938,0.200153612115301,-0.541906504891182,1.23178197542765,-7.01695655271504,4.40690614003973,-26.4124312091358
0.265632887516723,0.198196649819583,-0.512321367012507,1.22595134119972,-7.05317135586698,4.44323218203493,-26.372695827805
0.255338092012426,0.196207319285651,-0.483021661789477,1.21919565254951,-7.08695066943527,4.48039728366135,-26.3312988800352
0.245066276493826,0.194184537189986,-0.454053571824119,1.2115630108904,-7.1184145111351,4.51826614220256,-26.2880371489423
0.234821189228234,0.192126923408796,-0.425463001495132,1.20310649201371,-7.14769251742889,4.55671943954051,-26.2427204984011
0.224606375019033,0.190032672991704,-0.397295231402954,1.19388292901027,-7.17492043313293,4.59565351175909,-26.195172141184
0.214425053523471,0.187899445662664,-0.369594556102166,1.18395157982927,-7.20023711048134,4.63498012207637,-26.1452289920092
0.204280006524954,0.185724273869821,-0.342403913933667,1.17337272417101,-7.22378194072756,4.67462640706939,-26.0927422323778
0.194173475586955,0.183503490010256,-0.315764517053425,1.16220624581849,-7.24569264690011,4.71453504751044,-26.0375781683136
0.184107071407625,0.181232673450376,-0.289715488665767,1.15051026285157,-7.2661033778785,4.7546646944936,-25.9796194259558
0.17408169628932,0.178906618229642,-0.264293513216287,1.13833986849598,-7.28514305744728,4.79499066085458,-25.9187665095314
0.164097481378258,0.176519322771654,-0.239532503992275,1.12574603966901,-7.30293395440657,4.83550586930963,-25.8549397458482
0.154153740673938,0.174064003457774,-0.215463291231922,1.11277475958419,-7.31959044925732,4.87622203399255,-25.7880816607873
0.14424894423281,0.171533134505566,-0.192113332399192,1.09946638682217,-7.33521797863026,4.91717104184863,-25.718159874683
0.134380713489529,0.168918517231863,-0.169506444652147,1.08585528822574,-7.34991214073508,4.95840649375079,-25.6451706596064
0.124545842190111,0.166211382478179,-0.147662557666923,1.07196973896122,-7.36375794485503,5.00000535940555,-25.569143363063
0.114740347049614,0.163402530716461,-0.126597482946605,1.05783208174692,-7.37682918724476,5.04206969032234,-25.4901459558822
0.104959552821975,0.160482515024388,-0.106322693830775,1.04345912935268,-7.38918793716446,5.08472831490545,-25.4082919885826
0.0951982167874284,0.157441872426715,-0.0868451092305561,1.0288627896733,-7.40088412285977,5.12813840180862,-25.3237492160041
0.0854506973242238,0.154271408473134,-0.0681668746357709,1.01405088941611,-7.41195522048679,5.1724867153044,-25.236750044031
0.0757111696127952,0.150962537462107,-0.0502851375428055,0.999028168084336,-7.42242607075579,5.21799029566828,-25.1476037300871
0.0659738878114727,0.147507675248709,-0.0331918226854605,0.983797405219229,-7.43230887783652,5.26489618111473,-25.0567098993213
0.0562334864450727,0.143900671940836,-0.0168734265210817,0.968360627833485,-7.44160347858131,5.31347965990953,-24.9645724101993
0.0464853039316413,0.140137257538006,-0.00131087017536725,0.95272032062337,-7.45029799771284,5.36404043304057,-24.8718119553489
0.0367256990078615,0.136215456020494,0.0135205274867562,0.936880532076439,-7.45837001049581,5.41689602925367,-24.7791751389369
0.0269523191502112,0.132135906803336,0.0276508769353796,0.920847744404678,-7.46578829913857,5.47237190727949,-24.6875373559861
0.0171642739751129,0.127902024341405,0.0411152629680833,0.904631369854484,-7.47251519765466,5.53078795731595,-24.5978969038514
0.00736217206487185,0.123519936001712,0.0539529504313643,0.888243767386069,-7.47850937452099,5.59244158506852,-24.5113586177532
-0.00245199936838591,0.118998171023781,0.0662062519294215,0.871699750700827,-7.48372873511866,5.65758816438264,-24.4291069338165
-0.0122751381376288,0.114347126530889,0.077919142565832,0.855015670765319,-7.48813299752928,5.72642024604138,-24.3523702556309
-0.0221033821136813,0.109578395513428,0.0891357912202669,0.838208270662779,-7.49168547362013,5.79904735788833,-24.2823801347297
-0.0319324765555562,0.10470408434848,0.0998992294879367,0.821293583862223,-7.49435371041792,5.87547842844646,-24.2203293981411
-0.0417580708102725,0.0997362546318147,0.110250372020302,0.80428614517132,-7.49610889454839,5.95560881738874,-24.1673327399191
-0.0515758841059206,0.0946865901482398,0.120227531153166,0.787198701257406,-7.49692422041382,6.03921371770232,-24.1243918402726
-0.0613817216238723,0.0895663253821643,0.129866454419288,0.770042469356932,-7.49677267520018,6.12594936627701,-24.0923655935823
-0.0711713676938079,0.0843863986510115,0.139200790761353,0.752827840568624,-7.49562482410581,6.21536303276852,-24.0719452532067
-0.0809404175822405,0.0791577340239466,0.148262795985273,0.735565300787357,-7.49344715324208,6.30691203939928,-24.0636345031036
-0.0906841222183109,0.0738915291238836,0.15708404664307,0.718266280676708,-7.49020135773349,6.39999100163429,-24.0677353333831
-0.100397308033466,0.0685994378103212,0.165695954845136,0.700943662663527,-7.48584470064921,6.49396513219042,-24.0843414384103
-0.110074402164106,0.0632935821440861,0.174129956172031,0.683611762992704,-7.48033129371973,6.58820612133363,-24.1133409742167
-0.119709554217165,0.0579863896811693,0.182417351952642,0.66628574191971,-7.47361394730268,6.68212627590053,-24.1544295766244
-0.129296815011038,0.0526903067378823,0.190588887996932,0.648980529952694,-7.46564616193161,6.77520669658932,-24.2071327831931
-0.138830321329353,0.0474174665759008,0.198674211237121,0.631709449086735,-7.45638389175788,6.86701640051437,-24.2708351001816
-0.14830444537455,0.0421793872506034,0.206701349939338,0.614482733430828,-7.44578685366223,6.95722111974323,-24.3448116717469
-0.157713890551574,0.0369867455371649,0.214696322439308,0.597306121683163,-7.43381931348484,7.04558241448932,-24.428258297933
-0.167053739771718,0.0318492372769154,0.222682919097173,0.580179633434364,-7.42045039498928,7.13194916126352,-24.520316392978
-0.176319479354953,0.0267755056337492,0.230682648047391,0.563096583617922,-7.40565400471798,7.2162441337898,-24.6200909990476
-0.185507027114502,0.0217731047781217,0.238714802627487,0.546042854128504,-7.38940845519864,7.2984483435865,-24.7266616872319
-0.194612788491379,0.0168484675100821,0.246796599803465,0.5289964324553,-7.37169582362919,7.37858530382263,-24.839087694246
-0.203633753158234,0.0120068568986896,0.254943348533653,0.511927236061691,-7.35250102780324,7.45670670647394,-24.9564097214444
-0.212567630064761,0.00725229850027884,0.263168625568923,0.494797254644436,-7.33181055588776,7.5328803556284,-25.0776513388414
-0.221413004720803,0.0025875059052198,0.271484454791125,0.477561046669785,-7.30961076838535,7.60718066595668,-25.2018228259682
-0.230169491623255,-0.00198617612391629,0.279901498122482,0.460166611961319,-7.28588571260524,7.67968162553314,-25.3279295339416
-0.23883785001099,-0.0064687831634725,0.288429267624224,0.442556626059721,-7.26061445823522,7.75045182095109,-25.4549855714382
-0.247420034669024,-0.0108616756322228,0.297076359681723,0.424669971290308,-7.23376806888974,7.81955092483338,-25.5820320767487
-0.255919165317188,-0.0151674091091072,0.305850697008367,0.406443448800451,-7.20530644334197,7.88702696427199,-25.7081579665449
-0.264339415265972,-0.0193895417903504,0.314759749045639,0.387813522770238,-7.1751753561052,7.95291373666152,-25.8325202849043
-0.272685837188167,-0.0235324067402937,0.323810692585947,0.368717944694328,-7.14330407104966,8.01722790544407,-25.9543613497094
-0.280964155508716,-0.0276008852753073,0.333010475616128,0.349097132918792,-7.1096038864553,8.07996554679131,-26.0730207164116
-0.289180557779723,-0.0316002164652133,0.3423657579072,0.328895230175876,-7.07396791263189,8.14109816413943,-26.1879411848033
-0.29734151164037,-0.0355358676432787,0.351882718184102,0.308060814154773,-7.03627231427783,8.20056838431641,-26.2986692193984
-0.30545362247643,-0.0394134757164887,0.361566735585258,0.286547279905539,-6.99637919455886,8.25828566984977,-26.4048509226918
-0.313523533591059,-0.0432388530947079,0.371421969683484,0.264312941623516,-6.95414126449687,8.31412243180383,-26.5062249970011
-0.321557858866394,-0.0470180382648067,0.381450877608137,0.241320915555808,-6.90940841803364,8.36791093051269,-26.602614041198
-0.329563129514401,-0.0507573610222524,0.391653719033656,0.217538850019603,-6.86203629449596,8.41944133591023,-26.6939152207876
-0.337545732410365,-0.0544634867363619,0.402028110299168,0.19293856832523,-6.81189682521254,8.46846130559472,-26.7800909798846
-0.345511817872243,-0.0581434030726811,0.412568697080332,0.167495689831149,-6.75889060185241,8.51467743563054,-26.8611601298518
-0.353467159627506,-0.0618043168526129,0.423267018746582,0.141189294938134,-6.70296065403083,8.55775894020527,-26.9371893874712
-0.361416959112815,-0.0654534390391185,0.434111633198807,0.114001700169516,-6.64410688653746,8.59734389985354,-27.0082852398057
-0.369365599940615,-0.0690976529628673,0.445088554096474,0.0859184055174692,-6.58240003599458,8.63304834744463,-27.0745858657327
-0.377316375265652,-0.0727430846491085,0.456182019022459,0.0569282622769707,-6.5179936340644,8.66447829186538,-27.1362527425787
-0.385271228275657,-0.0763946221072295,0.467375556374604,0.0270238808092238,-6.45113221635011,8.6912444757798,-27.1934615372886
-0.393230559561872,-0.0800554571610279,0.478653255647485,-0.00379774594406708,-6.38215401718698,8.71297922712802,-27.2463919774362
-0.401193158780453,-0.0837267402376715,0.490001083264305,-0.0355344771157488,-6.31148674441983,8.72935425943014,-27.2952166665739
-0.409156306529793,-0.0874074360907689,0.501408043927913,-0.0681782284907506,-6.23963576739313,8.74009783915825,-27.340089248378
-0.417116064224838,-0.0910944408538006,0.512866985782953,-0.10171426343659,-6.1671650929906,8.74500953915438,-27.3811328407866
-0.425067729773457,-0.0947829705002424,0.52437489733275,-0.136120645884313,-6.09467264293092,8.74397096186676,-27.418430072093
-0.433006396089759,-0.0984671701149356,0.535932637995271,-0.171367853269481,-6.02276230083313,8.7369513491954,-27.4520161509313
-0.44092752127901,-0.102140841085561,0.547544156947197,-0.20741846288694,-5.95201571363206,8.72400775572722,-27.4818760718929
-0.448827413382546,-0.105798156462714,0.559215352311109,-0.24422677353585,-5.88296677905345,8.70528022418432,-27.5079463472618
-0.456703550370807,-0.109434240946748,0.570952776943272,-0.281738234027752,-5.81608117623835,8.68098296807001,-27.5301207775699
-0.464554690723845,-0.113045526725249,0.582762397859476,-0.319888623810882,-5.75174239264153,8.65139284968084,-27.5482590152769
-0.472380770036367,-0.116629846497716,0.594648572489537,-0.358603045496473,-5.69024471377659,8.61683647218225,-27.5621962671864
-0.480182613857112,-0.120186275257547,0.606613336858117,-0.397794907528021,-5.63179278078218,8.57767707279714,-27.5717525099828
-0.487961519820596,-0.123714771273423,0.618656030200607,-0.437365162103867,-5.57650670206803,8.53430219411522,-27.5767399944433
-0.495718771471694,-0.127215689000457,0.630773223203055,-0.477202095281364,-5.52443135826384,8.48711286630546,-27.5769684222811
-0.503455144257333,-0.130689242814717,0.642958880348741,-0.517181935200934,-5.47554843325704,8.43651476595048,-27.572247806438
-0.511170455025375,-0.134134994409391,0.655204671070905,-0.557170456980516,-5.42978977937735,8.3829115306252,-27.56238952201
-0.518863194079041,-0.137551423303689,0.667500345807373,-0.597025635629731,-5.38705091727054,8.32670011701569,-27.5472063432815
-0.526530266253599,-0.140935623256236,0.679834106611084,-0.636601253576268,-5.34720372273726,8.26826782497539,-27.5265123352887
-0.534166855900264,-0.144283149869285,0.692192923070661,-0.675751230926682,-5.31010761860518,8.2079904089608,-27.5001233663563
-0.541766420077748,-0.147588027259928,0.704562769181893,-0.714334336366697,-5.27561883977542,8.14623059593622,-27.4678587906666
-0.549320804080378,-0.150842904587494,0.716928782275367,-0.752218871825445,-5.24359755883466,8.08333634503806,-27.4295445737099
-0.556820463291594,-0.154039336885965,0.729275367989654,-0.789286914685501,-5.21391284387805,8.01963831976739,-27.3850178428142
-0.564254765613041,-0.157168150276284,0.741586292321599,-0.825437748586927,-5.18644557084124,7.95544627894016,-27.334132574338
-0.571612340616544,-0.160219841264874,0.753844810020098,-0.860590209663902,-5.16108953178125,7.89104439040393,-27.2767659107001
-0.57888143685113,-0.163184955765245,0.76603387618445,-0.894683803233645,-5.13775106803117,7.82668577908902,-27.212824469264
-0.586050249018158,-0.166054397340444,0.778136475075929,-0.927678585199348,-5.11634761012114,7.76258687754189,-27.1422499959527
-0.593107182737564,-0.168819626039351,0.790136079521066,-0.959553930238934,-5.0968055209662,7.69892229535585,-27.0650238516032
-0.600041035747936,-0.171472727215717,0.802017230637741,-0.99030640600964,-5.07905761329162,7.63582092614046,-26.9811700923421
-0.606841088655698,-0.174006350387303,0.813766206492146,-1.01994702706502,-5.06304065001181,7.5733638639805,-26.890757271991
-0.613497113043542,-0.176413537470008,0.82537173418205,-1.04849817149039,-5.04869304754217,7.51158444331681,-26.7938994751892
-0.619999317260073,-0.178687474361362,0.836825694592432,-1.07599041460123,-5.03595290286481,7.45047041473902,-26.690757388469
-0.626338258854904,-0.180821208390975,0.848123771346026,-1.10245948176982,-5.02475637403619,7.38996799869215,-26.5815403448084
-0.632504756925659,-0.182807377076282,0.8592660015114,-1.12794346370806,-5.01503637714495,7.32998737375787,-26.4665101741474
-0.638489838007996,-0.184637992553364,0.870257190987366,-1.15248038747079,-5.00672153146709,7.27040907330729,-26.3459873317554
-0.644284746072712,-0.186304322490066,0.881107159025018,-1.17610620426028,-4.99973529263661,7.21109076466048,-26.2203591684187
-0.649881040553585,-0.187796902387813,0.891830773867653,-1.19885324189966,-4.9939952575918,7.15187392773817,-26.0900894067451
-0.655270795105955,-0.189105704268645,0.902447738460908,-1.22074916823609,-4.98941269359146,7.09258999589688,-25.9557270225825
-0.660446892803461,-0.190220470034967,0.912982088315304,-1.2418165076366,-4.98589241664727,7.03306555252686,-25.8179120269868
-0.665403390997726,-0.191131192450677,0.923461380631218,-1.26207272986878,-4.98333319385332,6.97312620899174,-25.6773754271058
-0.67013590475778,-0.191828694750936,0.933915589356486,-1.28153087843073,-4.98162883841783,6.91259886708737,-25.5349312418822
-0.674641939391708,-0.192305229219984,0.944375771555218,-1.30020062811491,-4.98067008626553,6.85131223982268,-25.3914599910011
-0.678921099498176,-0.192554998006619,0.954872622512239,-1.31808958278554,-4.98034719829366,6.78909577982028,-25.2478852791368
-0.682975120228088,-0.192574506902472,0.965435070010565,-1.33520457917232,-4.98055306832175,6.725777494774,-25.1051472294423
-0.686807703185146,-0.19236269680677,0.976089055538313,-1.35155277827544,-4.98118649940479,6.66118141575923,-24.9641776908926
-0.690424182768717,-0.191920847964167,0.986856609436737,-1.36714240323308,-4.98215529123598,6.59512563580969,-24.8258818081601
-0.693831083645608,-0.191252301098804,0.997755262612875,-1.38198309224392,-4.98337886349276,6.52742182757404,-24.691128839052
-0.697035646279182,-0.190362071774366,1.00879777251804,-1.39608593616005,-4.98479028095554,6.45787703178693,-24.5607527493379
-0.700045394200421,-0.189256443683545,1.01999209514267,-1.40946333245287,-4.98633768263572,6.38629836745777,-24.435560944711
-0.70286780044506,-0.187942616811737,1.03134151620922,-1.42212880291643,-4.98798519912916,6.31250120401198,-24.3163480404971
-0.705510089535483,-0.186428465631365,1.04284486159044,-1.43409690224937,-4.98971345087721,6.23632123757118,-24.2039109075519
-0.707979190844308,-0.184722437332889,1.05449673240379,-1.4453833041574,-4.99151966383595,6.15763073657668,-24.0990611689144
-0.710281839933412,-0.182833593045104,1.06628774739165,-1.45600510095053,-4.99341734353957,6.07635882806685,-24.0026316192609
-0.71242480418587,-0.180771765208198,1.07820481832474,-1.4659812934699,-4.9954353471412,5.99251495243888,-23.9154735971661
-0.714415185391017,-0.178547771154363,1.09023152593274,-1.47533337850103,-4.99761612548193,5.90621347542875,-23.838443238092
-0.716260726286002,-0.176173590742037,1.10234869143384,-1.48408586436415,-5.00001291895877,5.81769606079369,-23.7723759541333
-0.717970028448058,-0.173662396790407,1.11453523280372,-1.49226648171098,-5.00268582354828,5.7273472103036,-23.7180505259782
-0.719552589619188,-0.171028339411092,1.12676933663845,-1.49990584376531,-5.00569690970301,5.6356980488549,-23.6761466487701
-0.721018603332627,-0.168286043592545,1.13902986352174,-1.50703639070713,-5.00910492787287,5.54341461366984,-23.6472019925435
-0.722378533947194,-0.165449878575137,1.15129776808099,-1.51369064120886,-5.01296044548524,5.45126971946855,-23.6315758448783
-0.723642565445232,-0.162533164033892,1.16355721729995,-1.5198990258598,-5.0173023713248,5.36010116364309,-23.6294253935521
-0.724820085166372,-0.159547540769701,1.17579609619692,-1.5256877917358,-5.02215663138306,5.27076218342352,-23.6406976698556
-0.725919370611633,-0.156502714455218,1.18800571895465,-1.53107753917488,-5.02753730221853,5.18407139054521,-23.6651361435939
-0.72694759165612,-0.153406681979226,1.20017977188125,-1.53608283769229,-5.03344995546873,5.10076854797034,-23.7022975579443
-0.727911145860637,-0.150266412124353,1.21231271957626,-1.54071311338429,-5.03989652650088,5.02148025329559,-23.7515731199118
-0.728816248792667,-0.147088828196714,1.22439803694928,-1.54497470379256,-5.04688081623167,4.94669704394272,-23.8122089557861
-0.729669633991701,-0.143881864964361,1.23642666157279,-1.54887372857679,-5.05441376849364,4.87676153117704,-23.8833231842353
-0.730479190268366,-0.140655354886118,1.24838600731499,-1.55241927140429,-5.06251785296258,4.8118661821909,-23.9639199696943
-0.731254375872094,-0.137421531903117,1.26025976916288,-1.5556263163298,-5.07123013006983,4.75205911807342,-24.0529034283857
-0.732006293566329,-0.134195014532972,1.27202860259097,-1.55851792255739,-5.08060381865494,4.6972564276891,-24.1490954538447
-0.732747380700373,-0.130992233616639,1.28367159477503,-1.56112624996237,-5.09070840863033,4.64725968760234,-24.2512609471684
-0.733490752675844,-0.127830388225522,1.29516828267196,-1.56349225691112,-5.10162855569226,4.60177740916466,-24.3581416291811
-0.734249317291559,-0.124726118662935,1.30650085364892,-1.5656641517756,-5.11346214904987,4.56044894177832,-24.468496313878
-0.735034826650528,-0.121694144212922,1.31765613172006,-1.56769492605748,-5.12631802462766,4.52286905979761,-24.5811425600098
-0.735857034653283,-0.118746102280515,1.32862702669199,-1.56963945129134,-5.14031377524998,4.48861128858673,-24.6949933279933
-0.736723082616739,-0.115889749955844,1.33941327968407,-1.57155163335749,-5.15557398642187,4.45724819875952,-24.8090832229684
-0.737637164408611,-0.113128582073923,1.35002151503561,-1.57348199700014,-5.17222904233736,4.42836745660556,-24.9225815526195
-0.738600454589893,-0.110461823663634,1.36046474214536,-1.57547588415486,-5.19041446270466,4.40158319833887,-25.0347925069526
-0.739611239321253,-0.107884697571892,1.37076150868667,-1.57757226909915,-5.21027059547895,4.37654304038615,-25.1451451045364
-0.740665175605947,-0.105388854941443,1.38093489453327,-1.57980307247853,-5.23194242096974,4.35293155103335,-25.2531766213618
-0.741755612858145,-0.102962874719352,1.39101148203082,-1.58219280732932,-5.25557920898622,4.33047122752321,-25.3585131621016
-0.74287393040859,-0.10059277087906,1.40102037355617,-1.58475839832218,-5.28133379144578,4.30892199609943,-25.4608503180421
-0.744009865797057,-0.0982624786051538,1.41099227229687,-1.58750905655645,-5.30936125010642,4.28808007564675,-25.5599359444768
-0.745151826045483,-0.0959543158018864,1.42095860587819,-1.59044614585539,-5.3398168640567,4.26777680515513,-25.6555562731051
-0.746287185571676,-0.0936494316059713,1.43095065594269,-1.59356302966345,-5.37285321418477,4.24787778650606,-25.7475259588125
-0.747402580054361,-0.0913282596029898,1.44099865746777,-1.59684493337324,-5.40861640652916,4.22828246286654,-25.8356822307107
-0.748484206276552,-0.0889709917162208,1.45113084577674,-1.60026889118925,-5.44724145766141,4.20892404863653,-25.9198830077612
-0.749518134852475,-0.0865580810997231,1.46137245272371,-1.60380386614641,-5.48884698356624,4.18976955562949,-26.0000085803748
-0.750490636961894,-0.0840707708832928,1.47174468156093,-1.60741113346786,-5.5335294427145,4.17081953355569,-26.0759662076079
-0.751388519113238,-0.0814916327201564,1.48226371669905,-1.611044999081,-5.58135729058081,4.15210707952827,-26.1476967295419
-0.752199453066074,-0.0788050875686038,1.49293984361089,-1.61465388786802,-5.63236548750905,4.13369569150138,-26.2151820775714
-0.752912282919831,-0.0759978737271224,1.50377676007536,-1.61818178560212,-5.68655084408114,4.11567565595909,-26.2784524364732
-0.753517289248025,-0.073059425795349,1.51477115012792,-1.62156996425449,-5.7438686721836,4.09815886308277,-26.3375918266128
-0.754006391545822,-0.0699821334493831,1.52591256784961,-1.62475887413466,-5.80423113005043,4.08127220053228,-26.3927410629996
-0.754373274790103,-0.0667614595121398,1.53718364474546,-1.62769005813643,-5.86750751261096,4.06514993702278,-26.4440973986557
-0.754613432485442,-0.0633959103323613,1.54856059932317,-1.63030793828835,-5.93352656281363,4.04992570984233,-26.4919106180012
-0.754724125792664,-0.0598868651815947,1.56001399753091,-1.63256134183339,-6.00208069048496,4.03572482898147,-26.5364758286041
-0.754704265011557,-0.0562382830261933,1.57150969242191,-1.6344046673762,-6.07293180928307,4.02265758367377,-26.5781236196379
-0.75455422508565,-0.0524563134449447,1.58300986211697,-1.6357986333636,-6.14581836243752,4.01081409536703,-26.61720854473
-0.754275610643879,-0.0485488433887355,1.59447406575581,-1.63671059397003,-6.22046302061841,4.00026104091114,-26.6540970103831
-0.753870988375093,-0.0445250131772464,1.60586024546087,-1.63711444590926,-6.29658050864373,3.99104032094675,-26.6891556093566
-0.753343605284822,-0.0403947339891438,1.61712561606359,-1.63699018033415,-6.37388505125385,3.98316952013831,-26.7227407616787
-0.752697110643421,-0.0361682355123043,1.6282274014179,-1.63632315491561,-6.45209701288345,3.97664383471621,-26.7551902636205
-0.751935297290208,-0.0318556668366673,1.6391233946683,-1.63510317166876,-6.53094842633264,3.97143904708925,-26.7868170525364
-0.751061874662173,-0.0274667667481159,1.64977233802068,-1.63332344651208,-6.61018724061315,3.967515106765,-26.8179052228752
-0.750080281901413,-0.0230106121667073,1.66013413363574,-1.63097954840905,-6.68958024906558,3.96481991695378,-26.8487081116488
-0.748993545213082,-0.0184954464766048,1.67016990984347,-1.6280683717066,-6.76891476895912,3.96329300505261,-26.8794481278577
-0.747804179826613,-0.0139285836819974,1.67984197519402,-1.62458718787352,-6.84799922338629,3.96286884999234,-26.9103179304033
-0.746514133850363,-0.00931638015343553,1.68911369686843,-1.62053280505528,-6.92666282255269,3.96347973164254,-26.9414825509906
-0.745124769189735,-0.00466426330604207,1.69794934022449,-1.6159008478666,-7.00475455756693,3.96505804506078,-26.9730820942453
-0.743636873517192,2.31943166448507e-05,1.70631390366436,-1.61068515695229,-7.0821417123113,3.96753807987151,-27.0052347076541
-0.742050696890002,0.00474216676636055,1.71417297855842,-1.60487729851255,-7.15870807600783,3.97085730212417,-27.0380395828854
-0.740366006791858,0.00948944237086411,1.72149265848073,-1.59846616802393,-7.23435200831182,3.97495719548384,-27.0715798161028
-0.738582155905551,0.0142622760990236,1.72823951608859,-1.59143766923281,-7.3089844762456,3.97978372485975,-27.1059250113985
-0.736698157617805,0.0190582338582517,1.73438065992796,-1.58377444847119,-7.38252715218008,3.98528748303393,-27.1411335557715
-0.73471276497989,0.0238750346316356,1.73988387737783,-1.57545566482048,-7.45491063672188,3.99142357338283,-27.1772545262959
-0.732624549519275,0.0287103952591471,1.74471786385213,-1.56645677816595,-7.5260728506619,3.99815127236367,-27.2143292120826
-0.730431976884833,0.0335618818263966,1.74885253223355,-1.55674933948512,-7.59595762594294,4.00543350612316,-27.2523922479741
-0.728133476809578,0.0384267710197856,1.75225939035661,-1.54630077073617,-7.66451351609715,4.01323616762948,-27.2914723664416
-0.725727505307281,0.043301924385347,1.75491196835195,-1.53507412556467,-7.73169284059005,4.02152729473742,-27.3315927814956
-0.723212597403209,0.0481836781281687,1.7567862721182,-1.52302782694661,-7.79745097359365,4.03027612568952,-27.3727712257055
-0.720587409055063,0.0530677508509859,1.75786123456798,-1.51011538412655,-7.86174588449006,4.03945204655163,-27.4150196701516
-0.717850747251094,0.0579491714117362,1.75811913314143,-1.49628509905803,-7.9245379335325,4.04902344459471,-27.458343768011
-0.715001587575095,0.0628222288540164,1.75754594097476,-1.48147978221651,-7.98578992048113,4.05895648232057,-27.5027420754092
-0.712039078781539,0.0676804461268473,1.75613158052937,-1.46563650915441,-8.04546737594451,4.06921380848689,-27.5482051171977
-0.70896253410936,0.0725165790695453,1.75387005273543,-1.44868646228961,-8.10353907439793,4.07975322530753,-27.5947143787861
-0.70577140916121,0.0773226419121236,1.75075942179908,-1.43055491657767,-8.15997773483788,4.09052633564244,-27.6422413158942
-0.702465266186877,0.0820899603471795,1.74680164545827,-1.4111614418837,-8.21476086088844,4.10147720160451,-27.6907464797776
-0.699043724561978,0.0868092530692116,1.74200225201733,-1.39042040747584,-8.26787165866843,4.11254105805758,-27.7401788540418
-0.695506397205012,0.0914707425353036,1.73636987803465,-1.36824188296955,-8.31929996009726,4.12364314224057,-27.7904754892815
-0.691852812713375,0.0960642955360066,1.72991569297517,-1.344533032586,-8.36904307395015,4.13469772453627,-27.8415615032908
-0.688082323233471,0.100579593908239,1.72265274830291,-1.31920009275841,-8.4171064889735,4.1456074535947,-27.8933504888674
-0.684193998627932,0.105006335277644,1.71459529724466,-1.29215100399107,-8.46350436400809,4.15626315712809,-27.9457453413257
-0.680186508474388,0.109334462962382,1.7057581368224,-1.26329873416279,-8.50825975924051,4.1665442599727,-27.9986394882618
-0.676057994913464,0.113554422951986,1.69615602498598,-1.23256528125343,-8.55140458854393,4.17631998319083,-28.0519184802117
-0.671805941407249,0.117657444020749,1.68580322233296,-1.19988627985916,-8.59297930166745,4.18545146152764,-28.1054618874565
-0.66742704505851,0.121635834378981,1.67471319987786,-1.16521606135627,-8.63303233170071,4.19379485436425,-28.1591454479841
-0.662917103149275,0.125483284711114,1.66289854186876,-1.12853293800042,-8.6716193623872,4.20120542793537,-28.2128434231888
-0.658270927680832,0.129195163075188,1.65037105631755,-1.08984440426915,-8.70880247733498,4.2075424648299,-28.2664311351658
-0.653482304398484,0.132768782325413,1.63714208667782,-1.04919188328585,-8.7446492476182,4.21267473126289,-28.3197876725139
-0.648544014253489,0.136203616253082,1.62322299731958,-1.00665460186707,-8.7792317979107,4.21648612874272,-28.3727987496767
-0.643447934514961,0.139501437710596,1.60862578504527,-0.962352164916902,-8.81262586960497,4.21888109735279,-28.425359680969
-0.638185232861218,0.142666352012118,1.59336375136524,-0.916445428983247,-8.84490987931006,4.21978933563595,-28.4773783850625
-0.632746660219793,0.145704703195324,1.57745215856468,-0.869135354867848,-8.87616395880962,4.21916945618898,-28.5287782783707
-0.627122937133609,0.148624839984858,1.56090878970746,-0.820659654808358,-8.90646896126127,4.21701129399589,-28.5795008629746
-0.621305215273512,0.151436742163416,1.54375434076759,-0.771287236600919,-8.93590542768506,4.2133367076769,-28.6295077848287
-0.615285582640961,0.154151524868814,1.52601259244744,-0.721310668126379,-8.96455252406391,4.20819884392115,-28.678782145157
-0.609057570810771,0.156780855257994,1.50771033787224,-0.671037110732843,-8.99248697751945,4.20167995818873,-28.7273288973424
-0.602616617872103,0.159336329578432,1.48887707569463,-0.62077835948409,-9.01978205506614,4.19388799057339,-28.7751742474248
-0.595960443130263,0.161828865847118,1.46954450999109,-0.570840743524535,-9.0465066368565,4.18495217759684,-28.8223640831824
-0.589089299098501,0.164268166221856,1.44974592243748,-0.521515654031013,-9.07272443608389,4.17501803321961,-28.8689615639661
-0.582006081063573,0.166662293833833,1.42951549409951,-0.473071375199687,-9.09849341014347,4.16424205165402,-28.9150440905081
-0.574716291539593,0.169017393336269,1.40888765232261,-0.425746714329684,-9.12386539400339,4.15278646993614,-28.9606999258507
-0.567227872881652,0.17133756601065,1.38789650450684,-0.379746697690945,-9.1488859695245,4.14081438339866,-29.0060247491725
-0.559550933481396,0.173624892548684,1.36657539932889,-0.335240363946707,-9.17359456643764,4.12848544041068,-29.0511183967561
-0.551697399824375,0.175879582498824,1.3449566324762,-0.292360485544154,-9.19802477434779,4.11595226501783,-29.096081988872
-0.543680628150314,0.178100220453134,1.32307129284014,-0.251204905745252,-9.2222048323891,4.10335767862753,-29.1410155715398
-0.535515006503617,0.180284075600175,1.30094922942008,-0.211839103107655,-9.24615825509587,4.09083272368059,-29.1860163311639
-0.52721557214166,0.182427442460947,1.27861911007734,-0.174299580292785,-9.26990454992239,4.07849543890227,-29.2311773779974
-0.518797662188513,0.184525985059062,1.25610854032095,-0.138597705409137,-9.29345998314026,4.06645029920429,-29.2765870470984
-0.510276608397,0.186575062945397,1.23344421211159,-0.10472369409103,-9.31683835557027,4.05478821274514,-29.3223286347158
-0.501667480782547,0.188570024109175,1.21065205748554,-0.0726504929912208,-9.34005175654955,4.04358696043336,-29.3684804726836
-0.492984880149577,0.190506455938309,1.1877573879941,-0.0423373979459921,-9.36311127249926,4.03291196594453,-29.4151162404669
-0.484242776231252,0.192380390503598,1.16478500725333,-0.0137333047992098,-9.38602763444302,4.02281729381853,-29.4623054204335
-0.475454386173896,0.194188464319333,1.14175928948873,0.013220456278009,-9.4088117961135,4.01334678658006,-29.510113813286
-0.466632087173538,0.195928035388699,1.11870422142198,0.0385877122297268,-9.4314754404416,4.00453526687891,-29.5586040445351
-0.457787356940792,0.197597261924152,1.09564340807654,0.0624354457947532,-9.45403141706403,3.99640974580862,-29.6078360072953
-0.448930736078992,0.199195147850846,1.07260004517583,0.0848321654193801,-9.47649411701274,3.98899059281138,-29.6578672001249
-0.440071807200922,0.200721560277906,1.04959686198025,0.105846601052723,-9.49887979308087,3.98229263532338,-29.7087529302945
-0.431219186521002,0.202177223760243,1.02665603889143,0.125546677127125,-9.52120683566317,3.97632616726922,-29.7605463623674
-0.42238052463257,0.203563695545504,1.00379910418916,0.143998714838257,-9.54349601433559,3.97109785462307,-29.8132983992787
-0.413562514137896,0.204883325239284,0.981046814045631,0.161266819302825,-9.56577069523223,3.96661153358007,-29.8670573883343
-0.404770902698122,0.206139201527468,0.958419019644224,0.177412412159066,-9.58805704353279,3.96286890258566,-29.9218686480226
-0.396010510885745,0.207335087836869,0.935934524921485,0.192493875872341,-9.61038421918001,3.95987011374085,-29.9777738135777
-0.387285254941613,0.208475348141151,0.913610938223319,0.206566281875807,-9.63278457234884,3.95761427214953,-30.0348100002849
-0.37859817515629,0.209564863558685,0.891464521062294,0.219681180383989,-9.65529384319208,3.95609985380221,-30.0930087840378
-0.369951471108471,0.210608939961919,0.869510037203372,0.231886435092404,-9.67795136795753,3.95532505379296,-30.1523949991892
-0.361346545396577,0.211613206539882,0.847760605506388,0.243226090965621,-9.70080029065011,3.95528807722257,-30.2129853548969
-0.352784057781908,0.212583505139876,0.826227560315899,0.253740267928428,-9.72388777591849,3.95598738520522,-30.2747868736899
-0.344263991805181,0.213525770281056,0.804920323724715,0.263465077579997,-9.74726521470371,3.95742190811429,-30.3377951606935
-0.335785735911453,0.214445900004438,0.783846294743683,0.272432564116629,-9.77098840933927,3.95959123768919,-30.401992519775
-0.327348180878584,0.215349618231896,0.763010761283249,0.280670674536053,-9.79511771924428,3.96249580897475,-30.4673459447286
-0.318949834834626,0.216242330083678,0.742416841862896,0.288203266909003,-9.81971814221468,3.9661370823359,-30.5338050302917
-0.310588956304678,0.217128972677505,0.722065465045295,0.2950501689542,-9.84485929987368,3.97051773499677,-30.6012998696887
-0.302263704483718,0.218013865311296,0.701955395617982,0.30122730212465,-9.87061528961595,3.97564187065525,-30.6697390322063
-0.293972304243732,0.218900564582213,0.682083317302147,0.306746888511739,-9.89706436019698,3.98151525460731,-30.7390077445359
-0.285713221254601,0.2197917318174,0.662443981950111,0.311617758529703,-9.92428836514854,3.98814558030505,-30.8089664301626
-0.27748534011516,0.220689021989342,0.64303043439224,0.31584577582003,-9.95237194891233,3.99554277112813,-30.879449786875
-0.269288135762652,0.221593004751449,0.62383431985071,0.3194343913247,-9.98140142660078,4.00371931812537,-30.9502665965386
-0.261121826011986,0.222503128937482,0.604846276714154,0.322385330349656,-10.0114633310909,4.01269065039321,-31.0212004553925
-0.252987491371679,0.223417741340501,0.586056411197613,0.324699404416563,-10.0426426216059,4.02247552958492,-31.0920115793629
-0.244887147878579,0.22433416837436,0.56745484206148,0.326377424228799,-10.0750205757733,4.03309645404785,-31.1624397720258
-0.236823760146177,0.225248865058781,0.549032293719809,0.327421172611459,-10.108672420483,4.04458005188554,-31.23220854322
-0.228801185483801,0.22615762972857,0.530780705898986,0.327834379305329,-10.1436647920152,4.05695743677354,-31.3010302421562
-0.220824045785953,0.227055875486309,0.512693819223569,0.327623626307925,-10.1800531476837,4.07026449672327,-31.3686119369579
-0.212897531373361,0.227938941700726,0.494767690653031,0.32679910650699,-10.2178792738582,4.08454208512624,-31.434661656053
-0.205027149054296,0.228802422132779,0.477001092313781,0.325375162348124,-10.2571690436797,4.09983608573405,-31.4988945301493
-0.197218434010255,0.229642481912312,0.459395752974974,0.323370546246213,-10.2979305692269,4.11619732834808,-31.5610383556548
-0.189476650333573,0.230456134627295,0.441956413089868,0.320808369175004,-10.340152867678,4.13368133869538,-31.6208381487561
-0.181806507143887,0.23124145362847,0.424690680607225,0.317715734913171,-10.3838051228119,4.15234791253081,-31.678059366882
-0.174211915789994,0.231997697939028,0.40760869330617,0.314123089860076,-10.4288365781571,4.17226050878339,-31.7324896210918
-0.166695809006623,0.232725341869375,0.390722611428486,0.310063346899551,-10.4751770533713,4.19348545861222,-31.7839388620526
-0.159260035923931,0.233426007157566,0.374045979269449,0.305570862121065,-10.5227380374523,4.21609098674821,-31.8322381670831
-0.151905338719504,0.234102305737537,0.357593004278701,0.300680352762104,-10.5714142855044,4.24014603985848,-31.8772373664811
-0.144631408671219,0.234757608897989,0.341377806272478,0.295425843115801,-10.6210858316827,4.2657189161134,-31.9188018146218
-0.137437012400386,0.235395763904139,0.325413687755055,0.289839713889961,-10.6716203285837,4.2928756931346,-31.956808636047
-0.130320173818511,0.236020781863184,0.309712470070469,0.283951912430529,-10.7228756297547,4.32167846009941,-31.9911427674533
-0.123278393970708,0.236636520872948,0.294283930589841,0.277789359675007,-10.7747025430386,4.35218337504584,-32.0216930852184
-0.116308889570647,0.237246386709652,0.279135364924536,0.271375567835169,-10.8269476940056,4.38443859016079,-32.0483488667244
-0.109408831320743,0.237853070008328,0.264271286629642,0.26473046313885,-10.8794564473175,4.41848211449836,-32.0709967913138
-0.102575564789393,0.238458334596105,0.249693266108582,0.257870392149194,-10.932075837486,4.45433971243915,-32.0895186482341
-0.0958067993326085,0.239062866831602,0.235399901196026,0.250808279073372,-10.9846574587,4.49202296364809,-32.103789885561
-0.0891007539670112,0.239666190891385,0.221386904624961,0.243553895247333,-11.0370602574112,4.53152763223364,-32.113679104179
-0.0824562529057134,0.240266650277558,0.207647288486312,0.236114200347497,-11.0891531636164,4.57283250518709,-32.1190485715622
-0.0758727673482099,0.240861451708156,0.194171622919673,0.228493717260826,-11.1408174903224,4.61589885947538,-32.1197557989136
-0.0693504037696791,0.241446764261899,0.180948345568626,0.220694908196743,-11.1919490284414,4.66067070095818,-32.1156561915949
-0.0628898421082202,0.24201786439503,0.167964099638305,0.212718527715838,-11.2424597683716,4.70707588575149,-32.1066067488573
-0.0564922296791333,0.242569316359053,0.155204081452796,0.204563937996933,-11.2922791903799,4.75502818680978,-32.0924707596806
-0.050159038222396,0.243095177638,0.142652382870805,0.196229381967675,-11.34135508265,4.80443030837606,-32.0731234241858
-0.0438918922018345,0.243589220170545,0.130292319326728,0.18771222001319,-11.3896538661953,4.85517778335248,-32.0484583322939
-0.0376923764429758,0.2440451600703,0.118106740090972,0.1790091450556,-11.437160426705,4.90716361956421,-32.0183947588235
-0.0315618306655268,0.244456890936971,0.106078323008836,0.1701163981706,-11.4838774717577,4.96028349657369,-31.9828857878491
-0.0255011377783225,0.244818718206745,0.0941898608741727,0.161030011972808,-11.5298244453349,5.01444126043872,-31.9419273512155
-0.0195105123652496,0.245125593804973,0.0824245500740477,0.151746111146446,-11.5750360392032,5.06955442268411,-31.8955683368111
-0.0135892960272941,0.245373351073673,0.070766293474736,0.142261297937702,-11.6195603431658,5.12555934176432,-31.8439219565103
-0.00773576754782796,0.245558938950232,0.0592000278301493,0.132573143972077,-11.6634566761381,5.18241574739623,-31.7871785098222
-0.001946978463414,0.245680651094169,0.0477120802589038,0.122680796717561,-11.7067931422543,5.24011025579554,-31.7256194720812
0.00378137152591559,0.245738339706789,0.0362905475778084,0.112585687309661,-11.749643967207,5.2986585144272,-31.6596324103031
0.00945500046406529,0.245733595334165,0.0249256761585881,0.102292295062458,-11.7920866962968,5.35810561249004,-31.5897255514385
0.0150810291419256,0.245669864299165,0.0136101998931954,0.0918088844257594,-11.8341993804065,5.41852441349279,-31.5165399468023
0.0206678632198941,0.245552467637112,0.0023395743548061,0.0811480897816619,-11.8760579337957,5.4800115366049,-31.4408562922999
0.0262249574534185,0.245388484393352,-0.00888796525284131,0.0703271974887861,-11.9177338988352,5.54268086595952,-31.3635929592521
0.0317624627568703,0.245186473240379,-0.0200715856067447,0.0593679838504603,-11.9592928646376,5.60665471900732,-31.2857921567817
0.037290780195957,0.244956032237755,-0.0312083031728032,0.0482960293266928,-12.0007937248063,5.67205313458586,-31.2085927416578
0.0428200708961529,0.244707233254924,-0.0422936653085192,0.0371395416165216,-12.0422888129714,5.73898207604593,-31.1331908909062
0.0483597875389919,0.244450003268857,-0.0533225658075712,0.0259278521735737,-12.0838247570754,5.80752158216053,-31.0607928535367
0.0539182928887579,0.244193544030553,-0.0642900528616448,0.0146898496850894,-12.1254437193854,5.87771495890955,-30.9925660743195
0.0595026117474704,0.243945874340117,-0.075191987853667,0.00345263396148258,-12.1671846163083,5.94955998071381,-30.9295951781151
0.0651183318158267,0.243713547508332,-0.0860254583496015,-0.00775939530582326,-12.209083971097,6.02300282643208,-30.8728475718216
0.0707696380452223,0.243501553858807,-0.0967889175432695,-0.0189249256756131,-12.2511762090551,6.09793520335662,-30.8231506559123
0.0764594442742157,0.243313380594666,-0.107482086829168,-0.030025634227704,-12.2934933860202,6.17419486606228,-30.7811800594598
0.0821895790226885,0.243151179546071,-0.118105697953746,-0.041045733591493,-12.3360644813273,6.25156951513416,-30.7474567536841
0.0879609869512736,0.243015988919854,-0.128661161373104,-0.0519713251271674,-12.378914456559,6.32980383253242,-30.7223505047988
0.0937739184428676,0.242907963512582,-0.139150234930548,-0.0627897110011447,-12.4220632864785,6.40860915669189,-30.7060875325245
0.0996280919935288,0.242826582229309,-0.149574743040083,-0.0734887777733493,-12.4655251314821,6.48767503981673,-30.6987609334544
0.105522824324742,0.242770816570696,-0.159936371140757,-0.0840565162246285,-12.5093077659856,6.5666817147063,-30.70034301987
0.111457129923954,0.242739255612425,-0.170236539561804,-0.0944806988154267,-12.5534123222024,6.64531239081449,-30.7106990436442
0.117429795006119,0.242730190537762,-0.180476347843331,-0.104748704611161,-12.5978333639671,6.72326434070219,-30.7296018328713
0.123439431350029,0.242741665072559,-0.19065657508228,-0.114847463964133,-12.6425592744647,6.8002579299346,-30.756746774433
0.12948451410385,0.24277149814499,-0.200777722445935,-0.124763490347346,-12.6875729242977,6.8760430453439,-30.7917664548613
0.135563405497007,0.242817283064773,-0.210840088247195,-0.134482970953987,-12.7328525786502,6.95040272183086,-30.8342442171902
0.141674364292414,0.24287636481525,-0.220843871476473,-0.143991896669041,-12.7783729995826,7.023154087592,-30.8837259440555
0.147815539358678,0.242945794764011,-0.23078930447004,-0.153276221835392,-12.8241066973085,7.09414699124968,-30.93972953306
0.153984945272151,0.243022260954031,-0.240676818218262,-0.162322052061095,-12.8700252798283,7.16326081959243,-31.0017517589438
0.160180418502361,0.243101992510528,-0.250507244133619,-0.171115862670625,-12.9161008426721,7.23040006592318,-31.0692724809086
0.166399554471951,0.243180638667107,-0.260282053880878,-0.179644750918864,-12.9623073305838,7.29548918816086,-31.1417564207974
0.172639628473693,0.243253126322714,-0.270003634409533,-0.187896722082354,-13.008621792598,7.35846723072132,-31.2186529867247
0.178897506797137,0.243313504517166,-0.279675589114976,-0.195861003685447,-13.0550254433484,7.41928259975777,-31.2993948317484
0.185169558006599,0.2433547891384,-0.289303048798316,-0.203528374283835,-13.1015044388012,7.47788829458043,-31.3833960025289
0.191451577438896,0.243368825643887,-0.298892968816666,-0.21089148456377,-13.1480502760532,7.53423781706559,-31.4700506262291
0.197738739776001,0.24334619042621,-0.30845438292639,-0.217945140601167,-13.1946597364702,7.588281906615,-31.5587330746013
0.204025594074531,0.243276151428316,-0.317998581539507,-0.224686514010397,-13.2413343112269,7.63996617834092,-31.6488004002134
0.210306112236426,0.24314670474842,-0.327539184109575,-0.231115243637733,-13.2880790795887,7.68922967496196,-31.7395975431401
0.216573795554618,0.242944696071791,-0.337092083134609,-0.237233400150783,-13.3349010527905,7.73600428069083,-31.8304653732753
0.222821835555623,0.242656024808973,-0.346675250436878,-0.243045298622183,-13.3818070472486,7.78021489522199,-31.9207511275606
0.22904331666335,0.242265916993133,-0.356308412829818,-0.248557163101294,-13.428801204095,7.82178023709411,-32.0098203295041
0.235231441403889,0.241759243135952,-0.366012620466285,-0.253776667200057,-13.4758823192518,7.8606141447373,-32.0970689603099
0.241379755745397,0.241120851862886,-0.375809743211297,-0.258712390910533,-13.5230411807407,7.89662726922762,-32.1819345750713
0.247482353380798,0.240335890408376,-0.385721935546011,-0.263373242122079,-13.5702581212512,7.92972909460498,-32.2639052425724
0.253534042594399,0.239390088330747,-0.395771108207102,-0.267767890026508,-13.6175009821735,7.95983026286072,-32.3425255737173
0.259530466081693,0.238269989059795,-0.405978436680477,-0.271904248252546,-13.6647236531105,7.98684520508388,-32.4173995794608
0.265468170755223,0.236963122576375,-0.416363925877896,-0.275789031863005,-13.7118653045635,8.01069507818042,-32.4881905453402
0.271344629719432,0.235458119589946,-0.426946040007335,-0.279427398628529,-13.7588503784619,8.03131097805033,-32.5546184404302
0.27715822166258,0.233744772032391,-0.437741399014462,-0.282822674684898,-13.805589348132,8.04863735335042,-32.6164555587124
0.282908174135903,0.231814046611995,-0.448764538828062,-0.285976159422832,-13.8519802108785,8.06263549145238,-32.6735211303683
0.288594477277366,0.229658058369573,-0.460027731548972,-0.288887004044779,-13.8979106352552,8.07328690230024,-32.7256755753165
0.294217774265827,0.227270010669534,-0.471540862503487,-0.291552161116522,-13.9432606523378,8.08059639585287,-32.7728149438559
0.299779234715924,0.224644107685771,-0.48331136237926,-0.293966406494647,-13.9879057558655,8.08459463969022,-32.8148659358153
0.305280417555553,0.221775445660277,-0.495344193360127,-0.2961224381331,-14.0317202594614,8.08533999623973,-32.8517817355726
0.310723130546957,0.218659890046198,-0.507641887637179,-0.298011056896989,-14.0745807497183,8.08291947206926,-32.8835387610235
0.316109294182788,0.215293946782122,-0.520204634800105,-0.299621431889787,-14.1163694714567,8.07744866113591,-32.9101343083389
0.321440817801275,0.211674636880376,-0.533030411780518,-0.300941447079896,-14.1569774861257,8.06907062516577,-32.9315849852082
0.326719495087768,0.207799383741094,-0.546115145924328,-0.301958118169633,-14.1963074567418,8.05795372237387,-32.9479257648378
0.331946924515762,0.203665921765729,-0.559452899222762,-0.302658060235498,-14.2342759336223,8.04428846506704,-32.9592094610322
0.337124457827047,0.199272232838855,-0.573036060447954,-0.303027979469514,-14.2708150446395,8.02828355158645,-32.9655064192321
0.342253176682154,0.194616514266967,-0.586855532351531,-0.303055157946994,-14.3058735308297,8.01016127275636,-32.9669042354925
0.347333894609568,0.189697178251269,-0.600900903244081,-0.302727899757464,-14.339417110467,7.99015253220007,-32.9635073494976
0.35236717885643,0.18451287950736,-0.61516059583201,-0.302035910266509,-14.371428198287,7.96849173948739,-32.9554364021907
0.357353385113881,0.179062564801118,-0.629621990503442,-0.300970587110849,-14.4019050467609,7.94541183307286,-32.9428272967044
0.362292697581828,0.173345536373273,-0.64427152454994,-0.299525210508297,-14.4308604086939,7.92113966695502,-32.9258299470302
0.367185167440939,0.167361520667623,-0.659094772363405,-0.297695030028679,-14.4583198415985,7.89589195418635,-32.9046067378318
0.372030744294822,0.161110734399573,-0.674076513947725,-0.295477253648477,-14.4843197827635,7.86987190718322,-32.8793307483336
0.376829297173894,0.154593941536045,-0.689200799912674,-0.292870951605634,-14.5089055201864,7.84326665580717,-32.8501838124143
0.381580623854604,0.14781249682178,-0.704451020546177,-0.289876891728601,-14.5321291707488,7.81624546604098,-32.8173544963537
0.386284449191912,0.140768373681065,-0.719809984894176,-0.286497324528248,-14.5540477564259,7.78895873041308,-32.7810360764643
0.390940414642865,0.133464176312908,-0.735260013439633,-0.282735735811946,-14.5747214454599,7.76153766011269,-32.7414245928581
0.39554806206045,0.12590313735977,-0.750783045416641,-0.278596582548305,-14.5942120014759,7.7340945800142,-32.6987170447312
0.400106815162669,0.118089103566502,-0.766360759410781,-0.274085024863592,-14.6125814619038,7.70672371179235,-32.6531097785632
0.404615961922713,0.110026512365139,-0.781974703963634,-0.269206663987376,-14.6298910492715,7.67950232570698,-32.6047971050932
0.409074640620984,0.101720362403699,-0.797606433577086,-0.263967293127311,-14.6462003055998,7.65249214627502,-32.5539701651583
0.413481831596729,0.0931761808005864,-0.813237644843813,-0.258372665896408,-14.6615664311711,7.62574090831861,-32.5008160495062
0.41783635596826,0.0843999894734814,-0.828850307368861,-0.252428285137525,-14.6760438038581,7.59928397518035,-32.4455171642903
0.422136881857394,0.0753982723692345,-0.844426784592476,-0.246139213771157,-14.6896836532053,7.57314594794577,-32.3882508226453
0.426381938019835,0.0661779448890718,-0.859949940443814,-0.239509908540608,-14.7025338637338,7.54734221150903,-32.329189033818
0.430569934281121,0.0567463263114615,-0.875403228815316,-0.232544077124739,-14.7146388837175,7.52188037899778,-32.268498454894
0.434699187811217,0.0471111155892991,-0.89077076401516,-0.225244558899482,-14.7260397182913,7.49676160968876,-32.206340466214
0.438767954031545,0.0372803705443389,-0.906037371532823,-0.217613229558041,-14.7367739887051,7.47198178675563,-32.1428713299908
0.442774460813572,0.0272624901968886,-0.921188619545758,-0.209650929746418,-14.7468760424573,7.44753254999226,-32.0782423922924
0.446716944577429,0.017066199743964,-0.936210832545609,-0.201357417779085,-14.7563771016996,7.42340218523996,-32.0126002912635
0.450593686912521,0.00670053752671578,-0.951091089226379,-0.192731346327728,-14.7653054395718,7.39957637693503,-31.9460871390396
0.454403050404049,-0.00382515679587564,-0.965817207327364,-0.183770262702624,-14.7736865759517,7.37603883334406,-31.878840651014
0.458143512450202,-0.0145012537254189,-0.980377718450523,-0.174470631971577,-14.7815434855124,7.35277179601859,-31.8109942036658
0.461813695988802,-0.0253178459370232,-0.994761835978298,-0.164827881701823,-14.7888968120156,7.32975644608491,-31.7426768106314
0.465412396215747,-0.0362647616772367,-1.00895941911643,-0.154836466594892,-14.7957650835345,7.30697322043458,-31.6740130156025
0.468938602568838,-0.047331580308597,-1.02296093580688,-0.144489950760078,-14.8021649238772,7.2844020508757,-31.6051227093498
0.472391515464709,-0.0585076506181927,-1.03675742683275,-0.133781104887547,-14.8081112559796,7.26202253896517,-31.5361208860281
0.475770557506772,-0.0697821123168926,-1.05034047291657,-0.122702015191408,-14.8136174935319,7.23981407864274,-31.4671173602768
0.479075379118084,-0.081143920933446,-1.06370216604534,-0.111244200744032,-14.8186957176605,7.21775593797234,-31.3982164709176
0.482305858781885,-0.0925818760735022,-1.07683508569163,-0.0993987357505287,-14.8233568361408,7.19582731029686,-31.3295167989223
0.485462098279276,-0.10408465278907,-1.08973228008328,-0.0871563734303411,-14.8276107233548,7.17400734396051,-31.2611109266655
0.488544413485398,-0.115640835611246,-1.10238725224451,-0.0745076684785792,-14.8314663400249,7.1522751584889,-31.1930852624615
0.491553321410875,-0.127238954653953,-1.11479395020854,-0.0614430955428113,-14.83493183258,7.13060985379424,-31.1255199494546
0.494489524248594,-0.138867523109727,-1.1269467605981,-0.047953161729555,-14.8380146128062,7.10899051765233,-31.0584888717111
0.4973538912062,-0.150515075432874,-1.13884050468058,-0.0340285117945722,-14.8407214191302,7.08739623544444,-30.9920597635604
0.500147438875914,-0.162170205534405,-1.15047043601166,-0.0196600253137364,-14.8430583614452,7.06580610502965,-30.9262944215749
0.502871310824747,-0.173821604387276,-1.16183223886423,-0.00483890572797017,-14.8450309517818,7.04419925865701,-30.8612490126418
0.505526756991097,-0.185458096544664,-1.17292202677292,0.0104432383348948,-14.8466441233457,7.02255489307052,-30.7969744668049
0.508115113360403,-0.197068675192906,-1.18373634068092,0.0261943186631853,-14.8479022404911,7.00085230841204,-30.7335169401664
0.510637782275011,-0.208642535480296,-1.19427214633644,0.0424216989213678,-14.848809102113,6.97907095617916,-30.6709183311762
0.513096213621473,-0.220169105971636,-1.20452683073278,0.0591321307540904,-14.8493679407312,6.95719049632256,-30.6092168329886
0.515491887039771,-0.231638078168807,-1.21449819750924,0.076331693289772,-14.8495814192618,6.93519086353898,-30.5484475050136
0.517826295217733,-0.243039434104479,-1.22418446132315,0.0940257348652018,-14.8494516271468,6.91305234289425,-30.4886428480561
0.520100928272735,-0.254363472059555,-1.23358424126705,0.112218815933043,-14.8489800771723,6.89075565505729,-30.4298333692498
0.522317259181307,-0.265600830475477,-1.24269655343969,0.130914652309646,-14.8481677039775,6.86828205160746,-30.3720481250805
0.524476730193729,-0.276742510132582,-1.2515208027881,0.150116058151749,-14.8470148649521,6.84561342106084,-30.3153152329584
0.526580740163302,-0.287779894651394,-1.26005677432955,0.16982488829632,-14.8455213439475,6.82273240641994,-30.2596623438794
0.528630632724624,-0.298704769346535,-1.26830462383579,0.190041979847607,-14.8436863580015,6.79962253516252,-30.2051170706028
0.53062768526939,-0.309509338428561,-1.27626486802631,0.210767093134517,-14.8415085670852,6.77626836262938,-30.1517073674215
0.532573098688693,-0.320186240511396,-1.28393837427587,0.231998852379853,-14.8389860867353,6.75265562972989,-30.099461858995
0.534467987874636,-0.330728562344475,-1.29132634979642,0.253734686614602,-14.836116503324,6.72877143574331,-30.0484101168613
0.536313372998999,-0.34112985065302,-1.29843033020978,0.275970771527734,-14.832896891642,6.70460442673965,-29.9985828831912
0.538110171610626,-0.351384121939457,-1.30525216738722,0.298701973060561,-14.8293238344221,6.68014499976533,-29.9500122421244
0.539859191614311,-0.361485870075474,-1.3117940163971,0.321921793631952,-14.8253934434116,6.65538552242888,-29.9027317396999
0.541561125211042,-0.37143007150052,-1.31805832137644,0.345622321913337,-14.8211013816018,6.63032056687847,-29.8567764539929
0.543216543891112,-0.38121218783939,-1.32404780012717,0.369794187061583,-14.8164428862463,6.60494715639246,-29.8121830176502
0.544825894577097,-0.390828165760931,-1.32976542723573,0.394426518264267,-14.8114127923405,6.57926502192087,-29.768989595603
0.546389497012247,-0.400274433922824,-1.3352144155287,0.419506910359735,-14.8060055562931,6.5532768649489,-29.7272358213478
0.547907542481004,-0.409547896884416,-1.34039819570685,0.445021396170117,-14.8002152795961,6.52698862204318,-29.6869626958291
0.54938009393176,-0.418645925920202,-1.3453203940476,0.470954426039041,-14.7940357323946,6.50040972544254,-29.6482124536219
0.550807087548193,-0.427566346731876,-1.34998480813259,0.497288854906156,-14.7874603769656,6.47355335313508,-29.6110284017741
0.552188335784263,-0.436307424132244,-1.35439538063826,0.524005937095911,-14.780482391248,6.44643666109622,-29.5754547372865
0.553523531840768,-0.444867843859569,-1.35855617132318,0.55108532886006,-14.7730946927111,6.41908098982779,-29.5415363497411
0.554812255519364,-0.453246691771619,-1.36247132745306,0.578505098609234,-14.7652899630139,6.39151203710656,-29.509318615977
0.556053980344665,-0.461443430758888,-1.36614505301262,0.606241744715438,-14.7570606740877,6.36375998898222,-29.4788471939107
0.557248081799121,-0.469457875802298,-1.3695815771615,0.634270220775206,-14.7483991164584,6.3358596015922,-29.4501678225589
0.558393846471056,-0.477290167675532,-1.37278512248697,0.66256396830242,-14.7392974308085,6.30785022728896,-29.4233261350111
0.559490481876193,-0.484940745849559,-1.37575987368307,0.691094956974339,-14.7297476439507,6.27977577987113,-29.3983674905172
0.560537126680244,-0.492410321193545,-1.37850994733674,0.719833732777714,-14.7197417105157,6.25168463530544,-29.3753368310089
0.561532861026673,-0.499699849076247,-1.38103936351845,0.748749474684118,-14.709271561746,6.22362946612149,-29.3542785663025
0.562476716661974,-0.506810503454551,-1.38335201985574,0.777810060801099,-14.698329162792,6.19566700953616,-29.3352364910075
0.563367686551918,-0.513743652489767,-1.38545166870913,0.80698214527011,-14.6869065798253,6.16785777118943,-29.318253734856
0.564204733696953,-0.520500836159821,-1.38734189797414,0.836231247476105,-14.674996058079,6.1402656680286,-29.3033727468745
0.56498679888318,-0.52708374624037,-1.38902611590359,0.865521855355998,-14.6625901115992,6.11295761526534,-29.2906353126251
0.565712807146076,-0.533494208914587,-1.3905075401874,0.894817544703069,-14.6496816250277,6.08600306338738,-29.2800826027103
0.566381672775929,-0.53973417014771,-1.39178919135325,0.924081116320981,-14.6362639671396,6.05947349191389,-29.2717552499349
0.566992302754419,-0.545805683833968,-1.39287389036792,0.953274752655282,-14.6223311151495,6.03344186696398,-29.2656934519541
0.567543598578214,-0.551710902597392,-1.39376426013801,0.98236019510238,-14.6078777879926,6.00798206982445,-29.2619370959026
0.568034456494953,-0.557452071012838,-1.39446273044153,1.01129894255983,-14.5928995859321,5.98316830364602,-29.2605259013604
0.568463766245729,-0.563031520911449,-1.3949715456737,1.04005247095667,-14.5773931329726,5.95907448527473,-29.2614995779825
0.568830408472893,-0.568451668355086,-1.39529277467518,1.06858247251564,-14.5613562177416,5.93577362914286,-29.2648979941347
0.569133251008523,-0.573715011807773,-1.3954283218309,1.09685111240585,-14.5447879277859,5.91333723019372,-29.2707613528245
0.5693711443035,-0.578824131004102,-1.3953799385908,1.12482129930641,-14.5276887716812,5.89183465306063,-29.2791303710233
0.569542916285658,-0.583781686015719,-1.39514923457165,1.15245696529648,-14.5100607830257,5.87133253518859,-29.2900464580541
0.56964736694457,-0.588590416049553,-1.39473768745379,1.17972334948954,-14.4919076003345,5.85189421225905,-29.303551888035
0.569683262926672,-0.593253137573958,-1.39414665098656,1.20658727901684,-14.4732345170951,5.83357917509051,-29.3196899603881
0.569649332385931,-0.597772741462724,-1.39337736056077,1.2330174403941,-14.4540484968138,5.81644256803425,-29.3385051411693
0.569544260270483,-0.602152188965612,-1.39243093598624,1.25898463402689,-14.4343581487626,5.8005347396255,-29.3600431764846
0.569366684136022,-0.606394506456979,-1.39130838132486,1.2844620046416,-14.4141736613072,5.78590085672352,-29.3843511675892
0.569115190464724,-0.610502779072765,-1.39001058186174,1.30942524077153,-14.3935066911125,5.77258059341107,-29.4114775954999
0.568788311339543,-0.614480143513054,-1.38853829853844,1.33385273705699,-14.3723702081047,5.76060790537099,-29.4414722811353
0.568384521186096,-0.618329780453767,-1.38689216041168,1.35772571398818,-14.3507782977655,5.75001089919331,-29.4743862651904
0.567902233158654,-0.622054907164654,-1.38507265592448,1.38102829077213,-14.3287459240344,5.74081180401959,-29.5102715901248
0.567339794626518,-0.625658771059616,-1.38308012397261,1.40374750817266,-14.3062886577416,5.73302705010048,-29.5491809647595
0.566695481128005,-0.629144644997813,-1.3809147459092,1.42587329938657,-14.2834223770132,5.72666745529374,-29.5911672898887
